<gpx xmlns:ns3="http://www.garmin.com/xmlschemas/TrackPointExtension/v1" xmlns="http://www.topografix.com/GPX/1/1" xmlns:xsi="http://www.w3.org/2001/XMLSchema-instance" xmlns:ns2="http://www.garmin.com/xmlschemas/GpxExtensions/v3" creator="Garmin Connect" version="1.1" xsi:schemaLocation="http://www.topografix.com/GPX/1/1 http://www.topografix.com/GPX/11.xsd">
  <extensions>
<distance>1690.8</distance>
<average_hr>156.0</average_hr>
<average_speed>4.013000011444092</average_speed>
<start_time>2026-02-03T12:38:15+00:00</start_time>
<end_time>2026-02-03T12:45:16.330000+00:00</end_time>
<moving_time>417.0</moving_time>
<elapsed_time>421.33</elapsed_time>
</extensions>
<metadata>
    <link href="connect.garmin.com">
      <text>Garmin Connect</text>
    </link>
    <time>2026-02-03T12:38:15.000Z</time>
  </metadata>
  <trk>
    <name>西安市 跑步</name>
    <type>running</type>
    <trkseg>
      <trkpt lat="34.23469721339643001556396484375" lon="108.937251605093479156494140625">
        <ele>406.399993896484375</ele>
        <time>2026-02-03T12:38:15.000Z</time>
        <extensions>
          <ns3:TrackPointExtension>
            <ns3:hr>92</ns3:hr>
            <ns3:cad>0</ns3:cad>
          </ns3:TrackPointExtension>
        </extensions>
      </trkpt>
      <trkpt lat="34.23470090143382549285888671875" lon="108.93725722096860408782958984375">
        <ele>406.20001220703125</ele>
        <time>2026-02-03T12:38:16.000Z</time>
        <extensions>
          <ns3:TrackPointExtension>
            <ns3:hr>92</ns3:hr>
            <ns3:cad>0</ns3:cad>
          </ns3:TrackPointExtension>
        </extensions>
      </trkpt>
      <trkpt lat="34.23468950204551219940185546875" lon="108.937244899570941925048828125">
        <ele>406</ele>
        <time>2026-02-03T12:38:17.000Z</time>
        <extensions>
          <ns3:TrackPointExtension>
            <ns3:hr>92</ns3:hr>
            <ns3:cad>0</ns3:cad>
          </ns3:TrackPointExtension>
        </extensions>
      </trkpt>
      <trkpt lat="34.23465530388057231903076171875" lon="108.93720692954957485198974609375">
        <ele>405.79998779296875</ele>
        <time>2026-02-03T12:38:18.000Z</time>
        <extensions>
          <ns3:TrackPointExtension>
            <ns3:hr>92</ns3:hr>
            <ns3:cad>0</ns3:cad>
          </ns3:TrackPointExtension>
        </extensions>
      </trkpt>
      <trkpt lat="34.234630577266216278076171875" lon="108.9371749944984912872314453125">
        <ele>405.79998779296875</ele>
        <time>2026-02-03T12:38:19.000Z</time>
        <extensions>
          <ns3:TrackPointExtension>
            <ns3:hr>92</ns3:hr>
            <ns3:cad>0</ns3:cad>
          </ns3:TrackPointExtension>
        </extensions>
      </trkpt>
      <trkpt lat="34.23460300080478191375732421875" lon="108.93714423291385173797607421875">
        <ele>405.79998779296875</ele>
        <time>2026-02-03T12:38:20.000Z</time>
        <extensions>
          <ns3:TrackPointExtension>
            <ns3:hr>92</ns3:hr>
            <ns3:cad>0</ns3:cad>
          </ns3:TrackPointExtension>
        </extensions>
      </trkpt>
      <trkpt lat="34.23456729389727115631103515625" lon="108.93712093122303485870361328125">
        <ele>406</ele>
        <time>2026-02-03T12:38:21.000Z</time>
        <extensions>
          <ns3:TrackPointExtension>
            <ns3:hr>92</ns3:hr>
            <ns3:cad>0</ns3:cad>
          </ns3:TrackPointExtension>
        </extensions>
      </trkpt>
      <trkpt lat="34.234527982771396636962890625" lon="108.9370998926460742950439453125">
        <ele>406.399993896484375</ele>
        <time>2026-02-03T12:38:22.000Z</time>
        <extensions>
          <ns3:TrackPointExtension>
            <ns3:hr>94</ns3:hr>
            <ns3:cad>0</ns3:cad>
          </ns3:TrackPointExtension>
        </extensions>
      </trkpt>
      <trkpt lat="34.23448749817907810211181640625" lon="108.93708706833422183990478515625">
        <ele>406.399993896484375</ele>
        <time>2026-02-03T12:38:23.000Z</time>
        <extensions>
          <ns3:TrackPointExtension>
            <ns3:hr>96</ns3:hr>
            <ns3:cad>0</ns3:cad>
          </ns3:TrackPointExtension>
        </extensions>
      </trkpt>
      <trkpt lat="34.23445011489093303680419921875" lon="108.93707332201302051544189453125">
        <ele>406.600006103515625</ele>
        <time>2026-02-03T12:38:24.000Z</time>
        <extensions>
          <ns3:TrackPointExtension>
            <ns3:hr>97</ns3:hr>
            <ns3:cad>101</ns3:cad>
          </ns3:TrackPointExtension>
        </extensions>
      </trkpt>
      <trkpt lat="34.23441105522215366363525390625" lon="108.93706309609115123748779296875">
        <ele>406.600006103515625</ele>
        <time>2026-02-03T12:38:25.000Z</time>
        <extensions>
          <ns3:TrackPointExtension>
            <ns3:hr>98</ns3:hr>
            <ns3:cad>101</ns3:cad>
          </ns3:TrackPointExtension>
        </extensions>
      </trkpt>
      <trkpt lat="34.23437015153467655181884765625" lon="108.9370566420257091522216796875">
        <ele>406.600006103515625</ele>
        <time>2026-02-03T12:38:26.000Z</time>
        <extensions>
          <ns3:TrackPointExtension>
            <ns3:hr>100</ns3:hr>
            <ns3:cad>103</ns3:cad>
          </ns3:TrackPointExtension>
        </extensions>
      </trkpt>
      <trkpt lat="34.23433343879878520965576171875" lon="108.9370519481599330902099609375">
        <ele>406.399993896484375</ele>
        <time>2026-02-03T12:38:27.000Z</time>
        <extensions>
          <ns3:TrackPointExtension>
            <ns3:hr>101</ns3:hr>
            <ns3:cad>103</ns3:cad>
          </ns3:TrackPointExtension>
        </extensions>
      </trkpt>
      <trkpt lat="34.23429270274937152862548828125" lon="108.93705756403505802154541015625">
        <ele>406.20001220703125</ele>
        <time>2026-02-03T12:38:28.000Z</time>
        <extensions>
          <ns3:TrackPointExtension>
            <ns3:hr>103</ns3:hr>
            <ns3:cad>103</ns3:cad>
          </ns3:TrackPointExtension>
        </extensions>
      </trkpt>
      <trkpt lat="34.23424408771097660064697265625" lon="108.93706225790083408355712890625">
        <ele>406</ele>
        <time>2026-02-03T12:38:29.000Z</time>
        <extensions>
          <ns3:TrackPointExtension>
            <ns3:hr>104</ns3:hr>
            <ns3:cad>105</ns3:cad>
          </ns3:TrackPointExtension>
        </extensions>
      </trkpt>
      <trkpt lat="34.23420377075672149658203125" lon="108.937063850462436676025390625">
        <ele>405.79998779296875</ele>
        <time>2026-02-03T12:38:30.000Z</time>
        <extensions>
          <ns3:TrackPointExtension>
            <ns3:hr>105</ns3:hr>
            <ns3:cad>105</ns3:cad>
          </ns3:TrackPointExtension>
        </extensions>
      </trkpt>
      <trkpt lat="34.2341643758118152618408203125" lon="108.93706209026277065277099609375">
        <ele>405.600006103515625</ele>
        <time>2026-02-03T12:38:31.000Z</time>
        <extensions>
          <ns3:TrackPointExtension>
            <ns3:hr>106</ns3:hr>
            <ns3:cad>105</ns3:cad>
          </ns3:TrackPointExtension>
        </extensions>
      </trkpt>
      <trkpt lat="34.23412607051432132720947265625" lon="108.9370680414140224456787109375">
        <ele>405.600006103515625</ele>
        <time>2026-02-03T12:38:32.000Z</time>
        <extensions>
          <ns3:TrackPointExtension>
            <ns3:hr>107</ns3:hr>
            <ns3:cad>105</ns3:cad>
          </ns3:TrackPointExtension>
        </extensions>
      </trkpt>
      <trkpt lat="34.2340862564742565155029296875" lon="108.9370653592050075531005859375">
        <ele>405.79998779296875</ele>
        <time>2026-02-03T12:38:33.000Z</time>
        <extensions>
          <ns3:TrackPointExtension>
            <ns3:hr>109</ns3:hr>
            <ns3:cad>105</ns3:cad>
          </ns3:TrackPointExtension>
        </extensions>
      </trkpt>
      <trkpt lat="34.2340480349957942962646484375" lon="108.93706125207245349884033203125">
        <ele>405.79998779296875</ele>
        <time>2026-02-03T12:38:34.000Z</time>
        <extensions>
          <ns3:TrackPointExtension>
            <ns3:hr>110</ns3:hr>
            <ns3:cad>103</ns3:cad>
          </ns3:TrackPointExtension>
        </extensions>
      </trkpt>
      <trkpt lat="34.2340098135173320770263671875" lon="108.93706661649048328399658203125">
        <ele>405.79998779296875</ele>
        <time>2026-02-03T12:38:35.000Z</time>
        <extensions>
          <ns3:TrackPointExtension>
            <ns3:hr>112</ns3:hr>
            <ns3:cad>102</ns3:cad>
          </ns3:TrackPointExtension>
        </extensions>
      </trkpt>
      <trkpt lat="34.233967401087284088134765625" lon="108.93706544302403926849365234375">
        <ele>406</ele>
        <time>2026-02-03T12:38:36.000Z</time>
        <extensions>
          <ns3:TrackPointExtension>
            <ns3:hr>113</ns3:hr>
            <ns3:cad>102</ns3:cad>
          </ns3:TrackPointExtension>
        </extensions>
      </trkpt>
      <trkpt lat="34.23392792232334613800048828125" lon="108.93706695176661014556884765625">
        <ele>406</ele>
        <time>2026-02-03T12:38:37.000Z</time>
        <extensions>
          <ns3:TrackPointExtension>
            <ns3:hr>115</ns3:hr>
            <ns3:cad>102</ns3:cad>
          </ns3:TrackPointExtension>
        </extensions>
      </trkpt>
      <trkpt lat="34.23389104194939136505126953125" lon="108.9370633475482463836669921875">
        <ele>406</ele>
        <time>2026-02-03T12:38:38.000Z</time>
        <extensions>
          <ns3:TrackPointExtension>
            <ns3:hr>118</ns3:hr>
            <ns3:cad>102</ns3:cad>
          </ns3:TrackPointExtension>
        </extensions>
      </trkpt>
      <trkpt lat="34.23384544439613819122314453125" lon="108.93706209026277065277099609375">
        <ele>406</ele>
        <time>2026-02-03T12:38:39.000Z</time>
        <extensions>
          <ns3:TrackPointExtension>
            <ns3:hr>121</ns3:hr>
            <ns3:cad>102</ns3:cad>
          </ns3:TrackPointExtension>
        </extensions>
      </trkpt>
      <trkpt lat="34.233803786337375640869140625" lon="108.93706091679632663726806640625">
        <ele>406</ele>
        <time>2026-02-03T12:38:40.000Z</time>
        <extensions>
          <ns3:TrackPointExtension>
            <ns3:hr>126</ns3:hr>
            <ns3:cad>102</ns3:cad>
          </ns3:TrackPointExtension>
        </extensions>
      </trkpt>
      <trkpt lat="34.2337667383253574371337890625" lon="108.9370522834360599517822265625">
        <ele>405.79998779296875</ele>
        <time>2026-02-03T12:38:41.000Z</time>
        <extensions>
          <ns3:TrackPointExtension>
            <ns3:hr>129</ns3:hr>
            <ns3:cad>102</ns3:cad>
          </ns3:TrackPointExtension>
        </extensions>
      </trkpt>
      <trkpt lat="34.2337254993617534637451171875" lon="108.9370549656450748443603515625">
        <ele>405.79998779296875</ele>
        <time>2026-02-03T12:38:42.000Z</time>
        <extensions>
          <ns3:TrackPointExtension>
            <ns3:hr>130</ns3:hr>
            <ns3:cad>102</ns3:cad>
          </ns3:TrackPointExtension>
        </extensions>
      </trkpt>
      <trkpt lat="34.2336856015026569366455078125" lon="108.93705287016928195953369140625">
        <ele>405.79998779296875</ele>
        <time>2026-02-03T12:38:43.000Z</time>
        <extensions>
          <ns3:TrackPointExtension>
            <ns3:hr>131</ns3:hr>
            <ns3:cad>100</ns3:cad>
          </ns3:TrackPointExtension>
        </extensions>
      </trkpt>
      <trkpt lat="34.2336487211287021636962890625" lon="108.9370509423315525054931640625">
        <ele>405.79998779296875</ele>
        <time>2026-02-03T12:38:44.000Z</time>
        <extensions>
          <ns3:TrackPointExtension>
            <ns3:hr>132</ns3:hr>
            <ns3:cad>100</ns3:cad>
          </ns3:TrackPointExtension>
        </extensions>
      </trkpt>
      <trkpt lat="34.23361343331634998321533203125" lon="108.93704800866544246673583984375">
        <ele>405.79998779296875</ele>
        <time>2026-02-03T12:38:45.000Z</time>
        <extensions>
          <ns3:TrackPointExtension>
            <ns3:hr>133</ns3:hr>
            <ns3:cad>100</ns3:cad>
          </ns3:TrackPointExtension>
        </extensions>
      </trkpt>
      <trkpt lat="34.23357454128563404083251953125" lon="108.93705689348280429840087890625">
        <ele>405.79998779296875</ele>
        <time>2026-02-03T12:38:46.000Z</time>
        <extensions>
          <ns3:TrackPointExtension>
            <ns3:hr>134</ns3:hr>
            <ns3:cad>100</ns3:cad>
          </ns3:TrackPointExtension>
        </extensions>
      </trkpt>
      <trkpt lat="34.23353397287428379058837890625" lon="108.93706728704273700714111328125">
        <ele>405.79998779296875</ele>
        <time>2026-02-03T12:38:47.000Z</time>
        <extensions>
          <ns3:TrackPointExtension>
            <ns3:hr>135</ns3:hr>
            <ns3:cad>103</ns3:cad>
          </ns3:TrackPointExtension>
        </extensions>
      </trkpt>
      <trkpt lat="34.23349843360483646392822265625" lon="108.9370774291455745697021484375">
        <ele>405.79998779296875</ele>
        <time>2026-02-03T12:38:48.000Z</time>
        <extensions>
          <ns3:TrackPointExtension>
            <ns3:hr>135</ns3:hr>
            <ns3:cad>104</ns3:cad>
          </ns3:TrackPointExtension>
        </extensions>
      </trkpt>
      <trkpt lat="34.233463816344738006591796875" lon="108.93709863536059856414794921875">
        <ele>405.79998779296875</ele>
        <time>2026-02-03T12:38:49.000Z</time>
        <extensions>
          <ns3:TrackPointExtension>
            <ns3:hr>136</ns3:hr>
            <ns3:cad>104</ns3:cad>
          </ns3:TrackPointExtension>
        </extensions>
      </trkpt>
      <trkpt lat="34.23342718742787837982177734375" lon="108.93712646327912807464599609375">
        <ele>405.79998779296875</ele>
        <time>2026-02-03T12:38:50.000Z</time>
        <extensions>
          <ns3:TrackPointExtension>
            <ns3:hr>137</ns3:hr>
            <ns3:cad>104</ns3:cad>
          </ns3:TrackPointExtension>
        </extensions>
      </trkpt>
      <trkpt lat="34.23339231871068477630615234375" lon="108.93716166727244853973388671875">
        <ele>405.79998779296875</ele>
        <time>2026-02-03T12:38:51.000Z</time>
        <extensions>
          <ns3:TrackPointExtension>
            <ns3:hr>137</ns3:hr>
            <ns3:cad>103</ns3:cad>
          </ns3:TrackPointExtension>
        </extensions>
      </trkpt>
      <trkpt lat="34.23336398787796497344970703125" lon="108.93718622624874114990234375">
        <ele>405.79998779296875</ele>
        <time>2026-02-03T12:38:52.000Z</time>
        <extensions>
          <ns3:TrackPointExtension>
            <ns3:hr>139</ns3:hr>
            <ns3:cad>103</ns3:cad>
          </ns3:TrackPointExtension>
        </extensions>
      </trkpt>
      <trkpt lat="34.23334814608097076416015625" lon="108.93722109496593475341796875">
        <ele>405.79998779296875</ele>
        <time>2026-02-03T12:38:53.000Z</time>
        <extensions>
          <ns3:TrackPointExtension>
            <ns3:hr>141</ns3:hr>
            <ns3:cad>103</ns3:cad>
          </ns3:TrackPointExtension>
        </extensions>
      </trkpt>
      <trkpt lat="34.2333278618752956390380859375" lon="108.93726476468145847320556640625">
        <ele>405.79998779296875</ele>
        <time>2026-02-03T12:38:54.000Z</time>
        <extensions>
          <ns3:TrackPointExtension>
            <ns3:hr>142</ns3:hr>
            <ns3:cad>105</ns3:cad>
          </ns3:TrackPointExtension>
        </extensions>
      </trkpt>
      <trkpt lat="34.23330883495509624481201171875" lon="108.9373075962066650390625">
        <ele>405.79998779296875</ele>
        <time>2026-02-03T12:38:55.000Z</time>
        <extensions>
          <ns3:TrackPointExtension>
            <ns3:hr>145</ns3:hr>
            <ns3:cad>105</ns3:cad>
          </ns3:TrackPointExtension>
        </extensions>
      </trkpt>
      <trkpt lat="34.2332953400909900665283203125" lon="108.9373439736664295196533203125">
        <ele>406</ele>
        <time>2026-02-03T12:38:56.000Z</time>
        <extensions>
          <ns3:TrackPointExtension>
            <ns3:hr>146</ns3:hr>
            <ns3:cad>105</ns3:cad>
          </ns3:TrackPointExtension>
        </extensions>
      </trkpt>
      <trkpt lat="34.2332866229116916656494140625" lon="108.93738764338195323944091796875">
        <ele>406</ele>
        <time>2026-02-03T12:38:57.000Z</time>
        <extensions>
          <ns3:TrackPointExtension>
            <ns3:hr>148</ns3:hr>
            <ns3:cad>105</ns3:cad>
          </ns3:TrackPointExtension>
        </extensions>
      </trkpt>
      <trkpt lat="34.2332809232175350189208984375" lon="108.93743508495390415191650390625">
        <ele>406</ele>
        <time>2026-02-03T12:38:58.000Z</time>
        <extensions>
          <ns3:TrackPointExtension>
            <ns3:hr>150</ns3:hr>
            <ns3:cad>104</ns3:cad>
          </ns3:TrackPointExtension>
        </extensions>
      </trkpt>
      <trkpt lat="34.23327815718948841094970703125" lon="108.9374730549752712249755859375">
        <ele>406</ele>
        <time>2026-02-03T12:38:59.000Z</time>
        <extensions>
          <ns3:TrackPointExtension>
            <ns3:hr>151</ns3:hr>
            <ns3:cad>104</ns3:cad>
          </ns3:TrackPointExtension>
        </extensions>
      </trkpt>
      <trkpt lat="34.23327413387596607208251953125" lon="108.9375119470059871673583984375">
        <ele>406</ele>
        <time>2026-02-03T12:39:00.000Z</time>
        <extensions>
          <ns3:TrackPointExtension>
            <ns3:hr>152</ns3:hr>
            <ns3:cad>102</ns3:cad>
          </ns3:TrackPointExtension>
        </extensions>
      </trkpt>
      <trkpt lat="34.2332804203033447265625" lon="108.9375689439475536346435546875">
        <ele>405.79998779296875</ele>
        <time>2026-02-03T12:39:01.000Z</time>
        <extensions>
          <ns3:TrackPointExtension>
            <ns3:hr>153</ns3:hr>
            <ns3:cad>102</ns3:cad>
          </ns3:TrackPointExtension>
        </extensions>
      </trkpt>
      <trkpt lat="34.23328771255910396575927734375" lon="108.93761177547276020050048828125">
        <ele>405.79998779296875</ele>
        <time>2026-02-03T12:39:02.000Z</time>
        <extensions>
          <ns3:TrackPointExtension>
            <ns3:hr>153</ns3:hr>
            <ns3:cad>102</ns3:cad>
          </ns3:TrackPointExtension>
        </extensions>
      </trkpt>
      <trkpt lat="34.2332990281283855438232421875" lon="108.93764622509479522705078125">
        <ele>405.79998779296875</ele>
        <time>2026-02-03T12:39:03.000Z</time>
        <extensions>
          <ns3:TrackPointExtension>
            <ns3:hr>153</ns3:hr>
            <ns3:cad>102</ns3:cad>
          </ns3:TrackPointExtension>
        </extensions>
      </trkpt>
      <trkpt lat="34.23332174308598041534423828125" lon="108.9376889728009700775146484375">
        <ele>405.79998779296875</ele>
        <time>2026-02-03T12:39:04.000Z</time>
        <extensions>
          <ns3:TrackPointExtension>
            <ns3:hr>150</ns3:hr>
            <ns3:cad>102</ns3:cad>
          </ns3:TrackPointExtension>
        </extensions>
      </trkpt>
      <trkpt lat="34.23334353603422641754150390625" lon="108.93772996030747890472412109375">
        <ele>406</ele>
        <time>2026-02-03T12:39:05.000Z</time>
        <extensions>
          <ns3:TrackPointExtension>
            <ns3:hr>148</ns3:hr>
            <ns3:cad>101</ns3:cad>
          </ns3:TrackPointExtension>
        </extensions>
      </trkpt>
      <trkpt lat="34.23336298204958438873291015625" lon="108.9377674274146556854248046875">
        <ele>406</ele>
        <time>2026-02-03T12:39:06.000Z</time>
        <extensions>
          <ns3:TrackPointExtension>
            <ns3:hr>148</ns3:hr>
            <ns3:cad>101</ns3:cad>
          </ns3:TrackPointExtension>
        </extensions>
      </trkpt>
      <trkpt lat="34.2333905585110187530517578125" lon="108.93779768608510494232177734375">
        <ele>406</ele>
        <time>2026-02-03T12:39:07.000Z</time>
        <extensions>
          <ns3:TrackPointExtension>
            <ns3:hr>148</ns3:hr>
            <ns3:cad>101</ns3:cad>
          </ns3:TrackPointExtension>
        </extensions>
      </trkpt>
      <trkpt lat="34.23342484049499034881591796875" lon="108.93782651983201503753662109375">
        <ele>406</ele>
        <time>2026-02-03T12:39:08.000Z</time>
        <extensions>
          <ns3:TrackPointExtension>
            <ns3:hr>149</ns3:hr>
            <ns3:cad>101</ns3:cad>
          </ns3:TrackPointExtension>
        </extensions>
      </trkpt>
      <trkpt lat="34.2334534227848052978515625" lon="108.93785250373184680938720703125">
        <ele>406</ele>
        <time>2026-02-03T12:39:09.000Z</time>
        <extensions>
          <ns3:TrackPointExtension>
            <ns3:hr>149</ns3:hr>
            <ns3:cad>102</ns3:cad>
          </ns3:TrackPointExtension>
        </extensions>
      </trkpt>
      <trkpt lat="34.23347865231335163116455078125" lon="108.9378753863275051116943359375">
        <ele>406</ele>
        <time>2026-02-03T12:39:10.000Z</time>
        <extensions>
          <ns3:TrackPointExtension>
            <ns3:hr>150</ns3:hr>
            <ns3:cad>102</ns3:cad>
          </ns3:TrackPointExtension>
        </extensions>
      </trkpt>
      <trkpt lat="34.233515448868274688720703125" lon="108.9378934912383556365966796875">
        <ele>406</ele>
        <time>2026-02-03T12:39:11.000Z</time>
        <extensions>
          <ns3:TrackPointExtension>
            <ns3:hr>151</ns3:hr>
            <ns3:cad>102</ns3:cad>
          </ns3:TrackPointExtension>
        </extensions>
      </trkpt>
      <trkpt lat="34.2335488088428974151611328125" lon="108.93790950067341327667236328125">
        <ele>406</ele>
        <time>2026-02-03T12:39:12.000Z</time>
        <extensions>
          <ns3:TrackPointExtension>
            <ns3:hr>152</ns3:hr>
            <ns3:cad>102</ns3:cad>
          </ns3:TrackPointExtension>
        </extensions>
      </trkpt>
      <trkpt lat="34.2335779778659343719482421875" lon="108.9379151165485382080078125">
        <ele>406</ele>
        <time>2026-02-03T12:39:13.000Z</time>
        <extensions>
          <ns3:TrackPointExtension>
            <ns3:hr>153</ns3:hr>
            <ns3:cad>102</ns3:cad>
          </ns3:TrackPointExtension>
        </extensions>
      </trkpt>
      <trkpt lat="34.23361636698246002197265625" lon="108.93792157061398029327392578125">
        <ele>406</ele>
        <time>2026-02-03T12:39:14.000Z</time>
        <extensions>
          <ns3:TrackPointExtension>
            <ns3:hr>154</ns3:hr>
            <ns3:cad>102</ns3:cad>
          </ns3:TrackPointExtension>
        </extensions>
      </trkpt>
      <trkpt lat="34.2336547560989856719970703125" lon="108.93792115151882171630859375">
        <ele>406</ele>
        <time>2026-02-03T12:39:15.000Z</time>
        <extensions>
          <ns3:TrackPointExtension>
            <ns3:hr>154</ns3:hr>
            <ns3:cad>102</ns3:cad>
          </ns3:TrackPointExtension>
        </extensions>
      </trkpt>
      <trkpt lat="34.23368216492235660552978515625" lon="108.93792123533785343170166015625">
        <ele>406</ele>
        <time>2026-02-03T12:39:16.000Z</time>
        <extensions>
          <ns3:TrackPointExtension>
            <ns3:hr>155</ns3:hr>
            <ns3:cad>102</ns3:cad>
          </ns3:TrackPointExtension>
        </extensions>
      </trkpt>
      <trkpt lat="34.23371820710599422454833984375" lon="108.93791771493852138519287109375">
        <ele>406</ele>
        <time>2026-02-03T12:39:17.000Z</time>
        <extensions>
          <ns3:TrackPointExtension>
            <ns3:hr>155</ns3:hr>
            <ns3:cad>102</ns3:cad>
          </ns3:TrackPointExtension>
        </extensions>
      </trkpt>
      <trkpt lat="34.23375525511801242828369140625" lon="108.93791100941598415374755859375">
        <ele>406</ele>
        <time>2026-02-03T12:39:18.000Z</time>
        <extensions>
          <ns3:TrackPointExtension>
            <ns3:hr>156</ns3:hr>
            <ns3:cad>102</ns3:cad>
          </ns3:TrackPointExtension>
        </extensions>
      </trkpt>
      <trkpt lat="34.23378660343587398529052734375" lon="108.9379213191568851470947265625">
        <ele>406</ele>
        <time>2026-02-03T12:39:19.000Z</time>
        <extensions>
          <ns3:TrackPointExtension>
            <ns3:hr>156</ns3:hr>
            <ns3:cad>101</ns3:cad>
          </ns3:TrackPointExtension>
        </extensions>
      </trkpt>
      <trkpt lat="34.233818538486957550048828125" lon="108.93791972659528255462646484375">
        <ele>406</ele>
        <time>2026-02-03T12:39:20.000Z</time>
        <extensions>
          <ns3:TrackPointExtension>
            <ns3:hr>157</ns3:hr>
            <ns3:cad>101</ns3:cad>
          </ns3:TrackPointExtension>
        </extensions>
      </trkpt>
      <trkpt lat="34.23385852016508579254150390625" lon="108.93791704438626766204833984375">
        <ele>406</ele>
        <time>2026-02-03T12:39:21.000Z</time>
        <extensions>
          <ns3:TrackPointExtension>
            <ns3:hr>157</ns3:hr>
            <ns3:cad>101</ns3:cad>
          </ns3:TrackPointExtension>
        </extensions>
      </trkpt>
      <trkpt lat="34.23389120958745479583740234375" lon="108.93792006187140941619873046875">
        <ele>406</ele>
        <time>2026-02-03T12:39:22.000Z</time>
        <extensions>
          <ns3:TrackPointExtension>
            <ns3:hr>158</ns3:hr>
            <ns3:cad>101</ns3:cad>
          </ns3:TrackPointExtension>
        </extensions>
      </trkpt>
      <trkpt lat="34.23392071388661861419677734375" lon="108.9379132725298404693603515625">
        <ele>406</ele>
        <time>2026-02-03T12:39:23.000Z</time>
        <extensions>
          <ns3:TrackPointExtension>
            <ns3:hr>158</ns3:hr>
            <ns3:cad>101</ns3:cad>
          </ns3:TrackPointExtension>
        </extensions>
      </trkpt>
      <trkpt lat="34.23396128229796886444091796875" lon="108.937914781272411346435546875">
        <ele>406</ele>
        <time>2026-02-03T12:39:24.000Z</time>
        <extensions>
          <ns3:TrackPointExtension>
            <ns3:hr>158</ns3:hr>
            <ns3:cad>101</ns3:cad>
          </ns3:TrackPointExtension>
        </extensions>
      </trkpt>
      <trkpt lat="34.23399480991065502166748046875" lon="108.9379142783582210540771484375">
        <ele>406</ele>
        <time>2026-02-03T12:39:25.000Z</time>
        <extensions>
          <ns3:TrackPointExtension>
            <ns3:hr>158</ns3:hr>
            <ns3:cad>101</ns3:cad>
          </ns3:TrackPointExtension>
        </extensions>
      </trkpt>
      <trkpt lat="34.23402816988527774810791015625" lon="108.93791721202433109283447265625">
        <ele>406</ele>
        <time>2026-02-03T12:39:26.000Z</time>
        <extensions>
          <ns3:TrackPointExtension>
            <ns3:hr>158</ns3:hr>
            <ns3:cad>101</ns3:cad>
          </ns3:TrackPointExtension>
        </extensions>
      </trkpt>
      <trkpt lat="34.23406840302050113677978515625" lon="108.93791486509144306182861328125">
        <ele>406</ele>
        <time>2026-02-03T12:39:27.000Z</time>
        <extensions>
          <ns3:TrackPointExtension>
            <ns3:hr>158</ns3:hr>
            <ns3:cad>101</ns3:cad>
          </ns3:TrackPointExtension>
        </extensions>
      </trkpt>
      <trkpt lat="34.2341051995754241943359375" lon="108.93791570328176021575927734375">
        <ele>406</ele>
        <time>2026-02-03T12:39:28.000Z</time>
        <extensions>
          <ns3:TrackPointExtension>
            <ns3:hr>158</ns3:hr>
            <ns3:cad>101</ns3:cad>
          </ns3:TrackPointExtension>
        </extensions>
      </trkpt>
      <trkpt lat="34.23413814045488834381103515625" lon="108.9379189722239971160888671875">
        <ele>405.79998779296875</ele>
        <time>2026-02-03T12:39:29.000Z</time>
        <extensions>
          <ns3:TrackPointExtension>
            <ns3:hr>158</ns3:hr>
            <ns3:cad>101</ns3:cad>
          </ns3:TrackPointExtension>
        </extensions>
      </trkpt>
      <trkpt lat="34.23417619429528713226318359375" lon="108.93790916539728641510009765625">
        <ele>405.79998779296875</ele>
        <time>2026-02-03T12:39:30.000Z</time>
        <extensions>
          <ns3:TrackPointExtension>
            <ns3:hr>158</ns3:hr>
            <ns3:cad>102</ns3:cad>
          </ns3:TrackPointExtension>
        </extensions>
      </trkpt>
      <trkpt lat="34.23421206884086132049560546875" lon="108.937913440167903900146484375">
        <ele>405.79998779296875</ele>
        <time>2026-02-03T12:39:31.000Z</time>
        <extensions>
          <ns3:TrackPointExtension>
            <ns3:hr>158</ns3:hr>
            <ns3:cad>102</ns3:cad>
          </ns3:TrackPointExtension>
        </extensions>
      </trkpt>
      <trkpt lat="34.234245680272579193115234375" lon="108.93791855312883853912353515625">
        <ele>406</ele>
        <time>2026-02-03T12:39:32.000Z</time>
        <extensions>
          <ns3:TrackPointExtension>
            <ns3:hr>158</ns3:hr>
            <ns3:cad>102</ns3:cad>
          </ns3:TrackPointExtension>
        </extensions>
      </trkpt>
      <trkpt lat="34.23428096808493137359619140625" lon="108.93791318871080875396728515625">
        <ele>406</ele>
        <time>2026-02-03T12:39:33.000Z</time>
        <extensions>
          <ns3:TrackPointExtension>
            <ns3:hr>158</ns3:hr>
            <ns3:cad>102</ns3:cad>
          </ns3:TrackPointExtension>
        </extensions>
      </trkpt>
      <trkpt lat="34.23431918956339359283447265625" lon="108.9379126019775867462158203125">
        <ele>406</ele>
        <time>2026-02-03T12:39:34.000Z</time>
        <extensions>
          <ns3:TrackPointExtension>
            <ns3:hr>159</ns3:hr>
            <ns3:cad>102</ns3:cad>
          </ns3:TrackPointExtension>
        </extensions>
      </trkpt>
      <trkpt lat="34.234352968633174896240234375" lon="108.937918134033679962158203125">
        <ele>406</ele>
        <time>2026-02-03T12:39:35.000Z</time>
        <extensions>
          <ns3:TrackPointExtension>
            <ns3:hr>158</ns3:hr>
            <ns3:cad>101</ns3:cad>
          </ns3:TrackPointExtension>
        </extensions>
      </trkpt>
      <trkpt lat="34.23438590951263904571533203125" lon="108.9379216544330120086669921875">
        <ele>406</ele>
        <time>2026-02-03T12:39:36.000Z</time>
        <extensions>
          <ns3:TrackPointExtension>
            <ns3:hr>159</ns3:hr>
            <ns3:cad>101</ns3:cad>
          </ns3:TrackPointExtension>
        </extensions>
      </trkpt>
      <trkpt lat="34.23442346043884754180908203125" lon="108.9379179663956165313720703125">
        <ele>406</ele>
        <time>2026-02-03T12:39:37.000Z</time>
        <extensions>
          <ns3:TrackPointExtension>
            <ns3:hr>159</ns3:hr>
            <ns3:cad>101</ns3:cad>
          </ns3:TrackPointExtension>
        </extensions>
      </trkpt>
      <trkpt lat="34.23446126282215118408203125" lon="108.93791452981531620025634765625">
        <ele>406</ele>
        <time>2026-02-03T12:39:38.000Z</time>
        <extensions>
          <ns3:TrackPointExtension>
            <ns3:hr>159</ns3:hr>
            <ns3:cad>101</ns3:cad>
          </ns3:TrackPointExtension>
        </extensions>
      </trkpt>
      <trkpt lat="34.2344952933490276336669921875" lon="108.9379105903208255767822265625">
        <ele>406</ele>
        <time>2026-02-03T12:39:39.000Z</time>
        <extensions>
          <ns3:TrackPointExtension>
            <ns3:hr>158</ns3:hr>
            <ns3:cad>101</ns3:cad>
          </ns3:TrackPointExtension>
        </extensions>
      </trkpt>
      <trkpt lat="34.23452940769493579864501953125" lon="108.937894999980926513671875">
        <ele>406</ele>
        <time>2026-02-03T12:39:40.000Z</time>
        <extensions>
          <ns3:TrackPointExtension>
            <ns3:hr>159</ns3:hr>
            <ns3:cad>101</ns3:cad>
          </ns3:TrackPointExtension>
        </extensions>
      </trkpt>
      <trkpt lat="34.23456612043082714080810546875" lon="108.93787362612783908843994140625">
        <ele>406</ele>
        <time>2026-02-03T12:39:41.000Z</time>
        <extensions>
          <ns3:TrackPointExtension>
            <ns3:hr>159</ns3:hr>
            <ns3:cad>101</ns3:cad>
          </ns3:TrackPointExtension>
        </extensions>
      </trkpt>
      <trkpt lat="34.2345987260341644287109375" lon="108.937855772674083709716796875">
        <ele>406</ele>
        <time>2026-02-03T12:39:42.000Z</time>
        <extensions>
          <ns3:TrackPointExtension>
            <ns3:hr>159</ns3:hr>
            <ns3:cad>101</ns3:cad>
          </ns3:TrackPointExtension>
        </extensions>
      </trkpt>
      <trkpt lat="34.23462579958140850067138671875" lon="108.937843702733516693115234375">
        <ele>406</ele>
        <time>2026-02-03T12:39:43.000Z</time>
        <extensions>
          <ns3:TrackPointExtension>
            <ns3:hr>159</ns3:hr>
            <ns3:cad>104</ns3:cad>
          </ns3:TrackPointExtension>
        </extensions>
      </trkpt>
      <trkpt lat="34.2346552200615406036376953125" lon="108.93781076185405254364013671875">
        <ele>405.79998779296875</ele>
        <time>2026-02-03T12:39:44.000Z</time>
        <extensions>
          <ns3:TrackPointExtension>
            <ns3:hr>159</ns3:hr>
            <ns3:cad>104</ns3:cad>
          </ns3:TrackPointExtension>
        </extensions>
      </trkpt>
      <trkpt lat="34.23468095250427722930908203125" lon="108.93777421675622463226318359375">
        <ele>405.79998779296875</ele>
        <time>2026-02-03T12:39:45.000Z</time>
        <extensions>
          <ns3:TrackPointExtension>
            <ns3:hr>160</ns3:hr>
            <ns3:cad>101</ns3:cad>
          </ns3:TrackPointExtension>
        </extensions>
      </trkpt>
      <trkpt lat="34.23470408655703067779541015625" lon="108.93774890340864658355712890625">
        <ele>405.79998779296875</ele>
        <time>2026-02-03T12:39:46.000Z</time>
        <extensions>
          <ns3:TrackPointExtension>
            <ns3:hr>160</ns3:hr>
            <ns3:cad>101</ns3:cad>
          </ns3:TrackPointExtension>
        </extensions>
      </trkpt>
      <trkpt lat="34.23472068272531032562255859375" lon="108.93771462142467498779296875">
        <ele>405.79998779296875</ele>
        <time>2026-02-03T12:39:47.000Z</time>
        <extensions>
          <ns3:TrackPointExtension>
            <ns3:hr>160</ns3:hr>
            <ns3:cad>101</ns3:cad>
          </ns3:TrackPointExtension>
        </extensions>
      </trkpt>
      <trkpt lat="34.23473761416971683502197265625" lon="108.93767095170915126800537109375">
        <ele>405.79998779296875</ele>
        <time>2026-02-03T12:39:48.000Z</time>
        <extensions>
          <ns3:TrackPointExtension>
            <ns3:hr>160</ns3:hr>
            <ns3:cad>101</ns3:cad>
          </ns3:TrackPointExtension>
        </extensions>
      </trkpt>
      <trkpt lat="34.23475353978574275970458984375" lon="108.93763340078294277191162109375">
        <ele>405.79998779296875</ele>
        <time>2026-02-03T12:39:49.000Z</time>
        <extensions>
          <ns3:TrackPointExtension>
            <ns3:hr>160</ns3:hr>
            <ns3:cad>102</ns3:cad>
          </ns3:TrackPointExtension>
        </extensions>
      </trkpt>
      <trkpt lat="34.2347621731460094451904296875" lon="108.93759702332317829132080078125">
        <ele>405.79998779296875</ele>
        <time>2026-02-03T12:39:50.000Z</time>
        <extensions>
          <ns3:TrackPointExtension>
            <ns3:hr>160</ns3:hr>
            <ns3:cad>102</ns3:cad>
          </ns3:TrackPointExtension>
        </extensions>
      </trkpt>
      <trkpt lat="34.23477030359208583831787109375" lon="108.9375481568276882171630859375">
        <ele>405.79998779296875</ele>
        <time>2026-02-03T12:39:51.000Z</time>
        <extensions>
          <ns3:TrackPointExtension>
            <ns3:hr>160</ns3:hr>
            <ns3:cad>101</ns3:cad>
          </ns3:TrackPointExtension>
        </extensions>
      </trkpt>
      <trkpt lat="34.23477315343916416168212890625" lon="108.9375042356550693511962890625">
        <ele>405.79998779296875</ele>
        <time>2026-02-03T12:39:52.000Z</time>
        <extensions>
          <ns3:TrackPointExtension>
            <ns3:hr>160</ns3:hr>
            <ns3:cad>101</ns3:cad>
          </ns3:TrackPointExtension>
        </extensions>
      </trkpt>
      <trkpt lat="34.234776757657527923583984375" lon="108.9374666847288608551025390625">
        <ele>406</ele>
        <time>2026-02-03T12:39:53.000Z</time>
        <extensions>
          <ns3:TrackPointExtension>
            <ns3:hr>160</ns3:hr>
            <ns3:cad>102</ns3:cad>
          </ns3:TrackPointExtension>
        </extensions>
      </trkpt>
      <trkpt lat="34.23477063886821269989013671875" lon="108.93742016516625881195068359375">
        <ele>406</ele>
        <time>2026-02-03T12:39:54.000Z</time>
        <extensions>
          <ns3:TrackPointExtension>
            <ns3:hr>160</ns3:hr>
            <ns3:cad>102</ns3:cad>
          </ns3:TrackPointExtension>
        </extensions>
      </trkpt>
      <trkpt lat="34.2347584851086139678955078125" lon="108.937372975051403045654296875">
        <ele>405.79998779296875</ele>
        <time>2026-02-03T12:39:55.000Z</time>
        <extensions>
          <ns3:TrackPointExtension>
            <ns3:hr>160</ns3:hr>
            <ns3:cad>102</ns3:cad>
          </ns3:TrackPointExtension>
        </extensions>
      </trkpt>
      <trkpt lat="34.2347537912428379058837890625" lon="108.93733383156359195709228515625">
        <ele>405.79998779296875</ele>
        <time>2026-02-03T12:39:56.000Z</time>
        <extensions>
          <ns3:TrackPointExtension>
            <ns3:hr>160</ns3:hr>
            <ns3:cad>101</ns3:cad>
          </ns3:TrackPointExtension>
        </extensions>
      </trkpt>
      <trkpt lat="34.2347393743693828582763671875" lon="108.9372940175235271453857421875">
        <ele>405.79998779296875</ele>
        <time>2026-02-03T12:39:57.000Z</time>
        <extensions>
          <ns3:TrackPointExtension>
            <ns3:hr>161</ns3:hr>
            <ns3:cad>102</ns3:cad>
          </ns3:TrackPointExtension>
        </extensions>
      </trkpt>
      <trkpt lat="34.23471649177372455596923828125" lon="108.93724498338997364044189453125">
        <ele>405.79998779296875</ele>
        <time>2026-02-03T12:39:58.000Z</time>
        <extensions>
          <ns3:TrackPointExtension>
            <ns3:hr>160</ns3:hr>
            <ns3:cad>101</ns3:cad>
          </ns3:TrackPointExtension>
        </extensions>
      </trkpt>
      <trkpt lat="34.2346978001296520233154296875" lon="108.9372075162827968597412109375">
        <ele>405.79998779296875</ele>
        <time>2026-02-03T12:39:59.000Z</time>
        <extensions>
          <ns3:TrackPointExtension>
            <ns3:hr>160</ns3:hr>
            <ns3:cad>101</ns3:cad>
          </ns3:TrackPointExtension>
        </extensions>
      </trkpt>
      <trkpt lat="34.23467558808624744415283203125" lon="108.9371776767075061798095703125">
        <ele>405.79998779296875</ele>
        <time>2026-02-03T12:40:00.000Z</time>
        <extensions>
          <ns3:TrackPointExtension>
            <ns3:hr>160</ns3:hr>
            <ns3:cad>101</ns3:cad>
          </ns3:TrackPointExtension>
        </extensions>
      </trkpt>
      <trkpt lat="34.23464373685419559478759765625" lon="108.937149345874786376953125">
        <ele>405.79998779296875</ele>
        <time>2026-02-03T12:40:01.000Z</time>
        <extensions>
          <ns3:TrackPointExtension>
            <ns3:hr>160</ns3:hr>
            <ns3:cad>101</ns3:cad>
          </ns3:TrackPointExtension>
        </extensions>
      </trkpt>
      <trkpt lat="34.23461205326020717620849609375" lon="108.9371247030794620513916015625">
        <ele>405.79998779296875</ele>
        <time>2026-02-03T12:40:02.000Z</time>
        <extensions>
          <ns3:TrackPointExtension>
            <ns3:hr>160</ns3:hr>
            <ns3:cad>101</ns3:cad>
          </ns3:TrackPointExtension>
        </extensions>
      </trkpt>
      <trkpt lat="34.23458439297974109649658203125" lon="108.93710366450250148773193359375">
        <ele>405.79998779296875</ele>
        <time>2026-02-03T12:40:03.000Z</time>
        <extensions>
          <ns3:TrackPointExtension>
            <ns3:hr>160</ns3:hr>
            <ns3:cad>101</ns3:cad>
          </ns3:TrackPointExtension>
        </extensions>
      </trkpt>
      <trkpt lat="34.23455136828124523162841796875" lon="108.93708623014390468597412109375">
        <ele>405.79998779296875</ele>
        <time>2026-02-03T12:40:04.000Z</time>
        <extensions>
          <ns3:TrackPointExtension>
            <ns3:hr>160</ns3:hr>
            <ns3:cad>101</ns3:cad>
          </ns3:TrackPointExtension>
        </extensions>
      </trkpt>
      <trkpt lat="34.23451515845954418182373046875" lon="108.937074244022369384765625">
        <ele>405.79998779296875</ele>
        <time>2026-02-03T12:40:05.000Z</time>
        <extensions>
          <ns3:TrackPointExtension>
            <ns3:hr>160</ns3:hr>
            <ns3:cad>103</ns3:cad>
          </ns3:TrackPointExtension>
        </extensions>
      </trkpt>
      <trkpt lat="34.23448632471263408660888671875" lon="108.9370594918727874755859375">
        <ele>406</ele>
        <time>2026-02-03T12:40:06.000Z</time>
        <extensions>
          <ns3:TrackPointExtension>
            <ns3:hr>160</ns3:hr>
            <ns3:cad>103</ns3:cad>
          </ns3:TrackPointExtension>
        </extensions>
      </trkpt>
      <trkpt lat="34.23445330001413822174072265625" lon="108.93705404363572597503662109375">
        <ele>406</ele>
        <time>2026-02-03T12:40:07.000Z</time>
        <extensions>
          <ns3:TrackPointExtension>
            <ns3:hr>161</ns3:hr>
            <ns3:cad>103</ns3:cad>
          </ns3:TrackPointExtension>
        </extensions>
      </trkpt>
      <trkpt lat="34.23441432416439056396484375" lon="108.9370487630367279052734375">
        <ele>406</ele>
        <time>2026-02-03T12:40:08.000Z</time>
        <extensions>
          <ns3:TrackPointExtension>
            <ns3:hr>160</ns3:hr>
            <ns3:cad>103</ns3:cad>
          </ns3:TrackPointExtension>
        </extensions>
      </trkpt>
      <trkpt lat="34.23437811434268951416015625" lon="108.93704675137996673583984375">
        <ele>405.79998779296875</ele>
        <time>2026-02-03T12:40:09.000Z</time>
        <extensions>
          <ns3:TrackPointExtension>
            <ns3:hr>160</ns3:hr>
            <ns3:cad>102</ns3:cad>
          </ns3:TrackPointExtension>
        </extensions>
      </trkpt>
      <trkpt lat="34.234348945319652557373046875" lon="108.937047086656093597412109375">
        <ele>405.79998779296875</ele>
        <time>2026-02-03T12:40:10.000Z</time>
        <extensions>
          <ns3:TrackPointExtension>
            <ns3:hr>160</ns3:hr>
            <ns3:cad>101</ns3:cad>
          </ns3:TrackPointExtension>
        </extensions>
      </trkpt>
      <trkpt lat="34.2343090474605560302734375" lon="108.9370509423315525054931640625">
        <ele>405.79998779296875</ele>
        <time>2026-02-03T12:40:11.000Z</time>
        <extensions>
          <ns3:TrackPointExtension>
            <ns3:hr>160</ns3:hr>
            <ns3:cad>101</ns3:cad>
          </ns3:TrackPointExtension>
        </extensions>
      </trkpt>
      <trkpt lat="34.23426956869661808013916015625" lon="108.93705253489315509796142578125">
        <ele>405.79998779296875</ele>
        <time>2026-02-03T12:40:12.000Z</time>
        <extensions>
          <ns3:TrackPointExtension>
            <ns3:hr>161</ns3:hr>
            <ns3:cad>101</ns3:cad>
          </ns3:TrackPointExtension>
        </extensions>
      </trkpt>
      <trkpt lat="34.234236292541027069091796875" lon="108.9370460808277130126953125">
        <ele>405.79998779296875</ele>
        <time>2026-02-03T12:40:13.000Z</time>
        <extensions>
          <ns3:TrackPointExtension>
            <ns3:hr>161</ns3:hr>
            <ns3:cad>102</ns3:cad>
          </ns3:TrackPointExtension>
        </extensions>
      </trkpt>
      <trkpt lat="34.234203435480594635009765625" lon="108.9370459131896495819091796875">
        <ele>405.79998779296875</ele>
        <time>2026-02-03T12:40:14.000Z</time>
        <extensions>
          <ns3:TrackPointExtension>
            <ns3:hr>161</ns3:hr>
            <ns3:cad>103</ns3:cad>
          </ns3:TrackPointExtension>
        </extensions>
      </trkpt>
      <trkpt lat="34.234162867069244384765625" lon="108.93705236725509166717529296875">
        <ele>405.79998779296875</ele>
        <time>2026-02-03T12:40:15.000Z</time>
        <extensions>
          <ns3:TrackPointExtension>
            <ns3:hr>161</ns3:hr>
            <ns3:cad>103</ns3:cad>
          </ns3:TrackPointExtension>
        </extensions>
      </trkpt>
      <trkpt lat="34.23412674106657505035400390625" lon="108.93705546855926513671875">
        <ele>405.79998779296875</ele>
        <time>2026-02-03T12:40:16.000Z</time>
        <extensions>
          <ns3:TrackPointExtension>
            <ns3:hr>161</ns3:hr>
            <ns3:cad>103</ns3:cad>
          </ns3:TrackPointExtension>
        </extensions>
      </trkpt>
      <trkpt lat="34.2340943031013011932373046875" lon="108.93705203197896480560302734375">
        <ele>405.79998779296875</ele>
        <time>2026-02-03T12:40:17.000Z</time>
        <extensions>
          <ns3:TrackPointExtension>
            <ns3:hr>161</ns3:hr>
            <ns3:cad>103</ns3:cad>
          </ns3:TrackPointExtension>
        </extensions>
      </trkpt>
      <trkpt lat="34.2340517230331897735595703125" lon="108.93705840222537517547607421875">
        <ele>405.79998779296875</ele>
        <time>2026-02-03T12:40:18.000Z</time>
        <extensions>
          <ns3:TrackPointExtension>
            <ns3:hr>161</ns3:hr>
            <ns3:cad>103</ns3:cad>
          </ns3:TrackPointExtension>
        </extensions>
      </trkpt>
      <trkpt lat="34.234012328088283538818359375" lon="108.93706016242504119873046875">
        <ele>405.79998779296875</ele>
        <time>2026-02-03T12:40:19.000Z</time>
        <extensions>
          <ns3:TrackPointExtension>
            <ns3:hr>161</ns3:hr>
            <ns3:cad>103</ns3:cad>
          </ns3:TrackPointExtension>
        </extensions>
      </trkpt>
      <trkpt lat="34.23397670499980449676513671875" lon="108.9370539598166942596435546875">
        <ele>405.79998779296875</ele>
        <time>2026-02-03T12:40:20.000Z</time>
        <extensions>
          <ns3:TrackPointExtension>
            <ns3:hr>161</ns3:hr>
            <ns3:cad>103</ns3:cad>
          </ns3:TrackPointExtension>
        </extensions>
      </trkpt>
      <trkpt lat="34.23393982462584972381591796875" lon="108.937050439417362213134765625">
        <ele>405.79998779296875</ele>
        <time>2026-02-03T12:40:21.000Z</time>
        <extensions>
          <ns3:TrackPointExtension>
            <ns3:hr>161</ns3:hr>
            <ns3:cad>102</ns3:cad>
          </ns3:TrackPointExtension>
        </extensions>
      </trkpt>
      <trkpt lat="34.23390470445156097412109375" lon="108.93705018796026706695556640625">
        <ele>405.79998779296875</ele>
        <time>2026-02-03T12:40:22.000Z</time>
        <extensions>
          <ns3:TrackPointExtension>
            <ns3:hr>162</ns3:hr>
            <ns3:cad>95</ns3:cad>
          </ns3:TrackPointExtension>
        </extensions>
      </trkpt>
      <trkpt lat="34.2338689975440502166748046875" lon="108.9370502717792987823486328125">
        <ele>405.79998779296875</ele>
        <time>2026-02-03T12:40:23.000Z</time>
        <extensions>
          <ns3:TrackPointExtension>
            <ns3:hr>161</ns3:hr>
            <ns3:cad>95</ns3:cad>
          </ns3:TrackPointExtension>
        </extensions>
      </trkpt>
      <trkpt lat="34.23383672721683979034423828125" lon="108.93704230897128582000732421875">
        <ele>405.79998779296875</ele>
        <time>2026-02-03T12:40:24.000Z</time>
        <extensions>
          <ns3:TrackPointExtension>
            <ns3:hr>161</ns3:hr>
            <ns3:cad>103</ns3:cad>
          </ns3:TrackPointExtension>
        </extensions>
      </trkpt>
      <trkpt lat="34.2337995953857898712158203125" lon="108.9370472542941570281982421875">
        <ele>405.79998779296875</ele>
        <time>2026-02-03T12:40:25.000Z</time>
        <extensions>
          <ns3:TrackPointExtension>
            <ns3:hr>161</ns3:hr>
            <ns3:cad>103</ns3:cad>
          </ns3:TrackPointExtension>
        </extensions>
      </trkpt>
      <trkpt lat="34.233760535717010498046875" lon="108.93704733811318874359130859375">
        <ele>405.79998779296875</ele>
        <time>2026-02-03T12:40:26.000Z</time>
        <extensions>
          <ns3:TrackPointExtension>
            <ns3:hr>162</ns3:hr>
            <ns3:cad>103</ns3:cad>
          </ns3:TrackPointExtension>
        </extensions>
      </trkpt>
      <trkpt lat="34.233728684484958648681640625" lon="108.93704381771385669708251953125">
        <ele>405.79998779296875</ele>
        <time>2026-02-03T12:40:27.000Z</time>
        <extensions>
          <ns3:TrackPointExtension>
            <ns3:hr>161</ns3:hr>
            <ns3:cad>103</ns3:cad>
          </ns3:TrackPointExtension>
        </extensions>
      </trkpt>
      <trkpt lat="34.23369037918746471405029296875" lon="108.93704800866544246673583984375">
        <ele>405.79998779296875</ele>
        <time>2026-02-03T12:40:28.000Z</time>
        <extensions>
          <ns3:TrackPointExtension>
            <ns3:hr>161</ns3:hr>
            <ns3:cad>103</ns3:cad>
          </ns3:TrackPointExtension>
        </extensions>
      </trkpt>
      <trkpt lat="34.233650229871273040771484375" lon="108.9370499365031719207763671875">
        <ele>405.79998779296875</ele>
        <time>2026-02-03T12:40:29.000Z</time>
        <extensions>
          <ns3:TrackPointExtension>
            <ns3:hr>162</ns3:hr>
            <ns3:cad>103</ns3:cad>
          </ns3:TrackPointExtension>
        </extensions>
      </trkpt>
      <trkpt lat="34.23361460678279399871826171875" lon="108.93705622293055057525634765625">
        <ele>405.79998779296875</ele>
        <time>2026-02-03T12:40:30.000Z</time>
        <extensions>
          <ns3:TrackPointExtension>
            <ns3:hr>161</ns3:hr>
            <ns3:cad>103</ns3:cad>
          </ns3:TrackPointExtension>
        </extensions>
      </trkpt>
      <trkpt lat="34.233584515750408172607421875" lon="108.9370579831302165985107421875">
        <ele>405.600006103515625</ele>
        <time>2026-02-03T12:40:31.000Z</time>
        <extensions>
          <ns3:TrackPointExtension>
            <ns3:hr>161</ns3:hr>
            <ns3:cad>103</ns3:cad>
          </ns3:TrackPointExtension>
        </extensions>
      </trkpt>
      <trkpt lat="34.2335488088428974151611328125" lon="108.93706913106143474578857421875">
        <ele>405.79998779296875</ele>
        <time>2026-02-03T12:40:32.000Z</time>
        <extensions>
          <ns3:TrackPointExtension>
            <ns3:hr>162</ns3:hr>
            <ns3:cad>103</ns3:cad>
          </ns3:TrackPointExtension>
        </extensions>
      </trkpt>
      <trkpt lat="34.23351502977311611175537109375" lon="108.93708371557295322418212890625">
        <ele>405.79998779296875</ele>
        <time>2026-02-03T12:40:33.000Z</time>
        <extensions>
          <ns3:TrackPointExtension>
            <ns3:hr>161</ns3:hr>
            <ns3:cad>103</ns3:cad>
          </ns3:TrackPointExtension>
        </extensions>
      </trkpt>
      <trkpt lat="34.23348586075007915496826171875" lon="108.93709771335124969482421875">
        <ele>405.79998779296875</ele>
        <time>2026-02-03T12:40:34.000Z</time>
        <extensions>
          <ns3:TrackPointExtension>
            <ns3:hr>162</ns3:hr>
            <ns3:cad>96</ns3:cad>
          </ns3:TrackPointExtension>
        </extensions>
      </trkpt>
      <trkpt lat="34.23345367424190044403076171875" lon="108.9371158182621002197265625">
        <ele>405.79998779296875</ele>
        <time>2026-02-03T12:40:35.000Z</time>
        <extensions>
          <ns3:TrackPointExtension>
            <ns3:hr>162</ns3:hr>
            <ns3:cad>96</ns3:cad>
          </ns3:TrackPointExtension>
        </extensions>
      </trkpt>
      <trkpt lat="34.233416207134723663330078125" lon="108.93714339472353458404541015625">
        <ele>405.79998779296875</ele>
        <time>2026-02-03T12:40:36.000Z</time>
        <extensions>
          <ns3:TrackPointExtension>
            <ns3:hr>162</ns3:hr>
            <ns3:cad>102</ns3:cad>
          </ns3:TrackPointExtension>
        </extensions>
      </trkpt>
      <trkpt lat="34.23338460735976696014404296875" lon="108.937172479927539825439453125">
        <ele>405.79998779296875</ele>
        <time>2026-02-03T12:40:37.000Z</time>
        <extensions>
          <ns3:TrackPointExtension>
            <ns3:hr>161</ns3:hr>
            <ns3:cad>102</ns3:cad>
          </ns3:TrackPointExtension>
        </extensions>
      </trkpt>
      <trkpt lat="34.2333623953163623809814453125" lon="108.937200643122196197509765625">
        <ele>405.79998779296875</ele>
        <time>2026-02-03T12:40:38.000Z</time>
        <extensions>
          <ns3:TrackPointExtension>
            <ns3:hr>162</ns3:hr>
            <ns3:cad>102</ns3:cad>
          </ns3:TrackPointExtension>
        </extensions>
      </trkpt>
      <trkpt lat="34.23334420658648014068603515625" lon="108.9372400380671024322509765625">
        <ele>405.79998779296875</ele>
        <time>2026-02-03T12:40:39.000Z</time>
        <extensions>
          <ns3:TrackPointExtension>
            <ns3:hr>162</ns3:hr>
            <ns3:cad>102</ns3:cad>
          </ns3:TrackPointExtension>
        </extensions>
      </trkpt>
      <trkpt lat="34.23332157544791698455810546875" lon="108.937279768288135528564453125">
        <ele>405.79998779296875</ele>
        <time>2026-02-03T12:40:40.000Z</time>
        <extensions>
          <ns3:TrackPointExtension>
            <ns3:hr>162</ns3:hr>
            <ns3:cad>102</ns3:cad>
          </ns3:TrackPointExtension>
        </extensions>
      </trkpt>
      <trkpt lat="34.23330665566027164459228515625" lon="108.93730985932052135467529296875">
        <ele>405.79998779296875</ele>
        <time>2026-02-03T12:40:41.000Z</time>
        <extensions>
          <ns3:TrackPointExtension>
            <ns3:hr>162</ns3:hr>
            <ns3:cad>94</ns3:cad>
          </ns3:TrackPointExtension>
        </extensions>
      </trkpt>
      <trkpt lat="34.233296178281307220458984375" lon="108.93734774552285671234130859375">
        <ele>405.79998779296875</ele>
        <time>2026-02-03T12:40:42.000Z</time>
        <extensions>
          <ns3:TrackPointExtension>
            <ns3:hr>161</ns3:hr>
            <ns3:cad>94</ns3:cad>
          </ns3:TrackPointExtension>
        </extensions>
      </trkpt>
      <trkpt lat="34.23328553326427936553955078125" lon="108.9373922534286975860595703125">
        <ele>405.79998779296875</ele>
        <time>2026-02-03T12:40:43.000Z</time>
        <extensions>
          <ns3:TrackPointExtension>
            <ns3:hr>162</ns3:hr>
            <ns3:cad>94</ns3:cad>
          </ns3:TrackPointExtension>
        </extensions>
      </trkpt>
      <trkpt lat="34.23327798955142498016357421875" lon="108.9374351687729358673095703125">
        <ele>405.79998779296875</ele>
        <time>2026-02-03T12:40:44.000Z</time>
        <extensions>
          <ns3:TrackPointExtension>
            <ns3:hr>162</ns3:hr>
            <ns3:cad>94</ns3:cad>
          </ns3:TrackPointExtension>
        </extensions>
      </trkpt>
      <trkpt lat="34.23327706754207611083984375" lon="108.93747414462268352508544921875">
        <ele>405.79998779296875</ele>
        <time>2026-02-03T12:40:45.000Z</time>
        <extensions>
          <ns3:TrackPointExtension>
            <ns3:hr>162</ns3:hr>
            <ns3:cad>103</ns3:cad>
          </ns3:TrackPointExtension>
        </extensions>
      </trkpt>
      <trkpt lat="34.23327933065593242645263671875" lon="108.9375280402600765228271484375">
        <ele>405.79998779296875</ele>
        <time>2026-02-03T12:40:46.000Z</time>
        <extensions>
          <ns3:TrackPointExtension>
            <ns3:hr>161</ns3:hr>
            <ns3:cad>103</ns3:cad>
          </ns3:TrackPointExtension>
        </extensions>
      </trkpt>
      <trkpt lat="34.23328268341720104217529296875" lon="108.93757724203169345855712890625">
        <ele>405.79998779296875</ele>
        <time>2026-02-03T12:40:47.000Z</time>
        <extensions>
          <ns3:TrackPointExtension>
            <ns3:hr>162</ns3:hr>
            <ns3:cad>103</ns3:cad>
          </ns3:TrackPointExtension>
        </extensions>
      </trkpt>
      <trkpt lat="34.23328519798815250396728515625" lon="108.9376200735569000244140625">
        <ele>405.79998779296875</ele>
        <time>2026-02-03T12:40:48.000Z</time>
        <extensions>
          <ns3:TrackPointExtension>
            <ns3:hr>162</ns3:hr>
            <ns3:cad>103</ns3:cad>
          </ns3:TrackPointExtension>
        </extensions>
      </trkpt>
      <trkpt lat="34.2333060689270496368408203125" lon="108.9376678504049777984619140625">
        <ele>405.79998779296875</ele>
        <time>2026-02-03T12:40:49.000Z</time>
        <extensions>
          <ns3:TrackPointExtension>
            <ns3:hr>162</ns3:hr>
            <ns3:cad>103</ns3:cad>
          </ns3:TrackPointExtension>
        </extensions>
      </trkpt>
      <trkpt lat="34.23332610167562961578369140625" lon="108.93771487288177013397216796875">
        <ele>405.79998779296875</ele>
        <time>2026-02-03T12:40:50.000Z</time>
        <extensions>
          <ns3:TrackPointExtension>
            <ns3:hr>162</ns3:hr>
            <ns3:cad>101</ns3:cad>
          </ns3:TrackPointExtension>
        </extensions>
      </trkpt>
      <trkpt lat="34.233346469700336456298828125" lon="108.9377530105412006378173828125">
        <ele>405.79998779296875</ele>
        <time>2026-02-03T12:40:51.000Z</time>
        <extensions>
          <ns3:TrackPointExtension>
            <ns3:hr>162</ns3:hr>
            <ns3:cad>101</ns3:cad>
          </ns3:TrackPointExtension>
        </extensions>
      </trkpt>
      <trkpt lat="34.23337471671402454376220703125" lon="108.93778972327709197998046875">
        <ele>405.79998779296875</ele>
        <time>2026-02-03T12:40:52.000Z</time>
        <extensions>
          <ns3:TrackPointExtension>
            <ns3:hr>163</ns3:hr>
            <ns3:cad>101</ns3:cad>
          </ns3:TrackPointExtension>
        </extensions>
      </trkpt>
      <trkpt lat="34.23340120352804660797119140625" lon="108.93782216124236583709716796875">
        <ele>405.79998779296875</ele>
        <time>2026-02-03T12:40:53.000Z</time>
        <extensions>
          <ns3:TrackPointExtension>
            <ns3:hr>163</ns3:hr>
            <ns3:cad>101</ns3:cad>
          </ns3:TrackPointExtension>
        </extensions>
      </trkpt>
      <trkpt lat="34.2334240861237049102783203125" lon="108.937852084636688232421875">
        <ele>405.79998779296875</ele>
        <time>2026-02-03T12:40:54.000Z</time>
        <extensions>
          <ns3:TrackPointExtension>
            <ns3:hr>163</ns3:hr>
            <ns3:cad>101</ns3:cad>
          </ns3:TrackPointExtension>
        </extensions>
      </trkpt>
      <trkpt lat="34.23345618881285190582275390625" lon="108.937871195375919342041015625">
        <ele>405.79998779296875</ele>
        <time>2026-02-03T12:40:55.000Z</time>
        <extensions>
          <ns3:TrackPointExtension>
            <ns3:hr>163</ns3:hr>
            <ns3:cad>101</ns3:cad>
          </ns3:TrackPointExtension>
        </extensions>
      </trkpt>
      <trkpt lat="34.2334938235580921173095703125" lon="108.93788837827742099761962890625">
        <ele>405.79998779296875</ele>
        <time>2026-02-03T12:40:56.000Z</time>
        <extensions>
          <ns3:TrackPointExtension>
            <ns3:hr>163</ns3:hr>
            <ns3:cad>101</ns3:cad>
          </ns3:TrackPointExtension>
        </extensions>
      </trkpt>
      <trkpt lat="34.233525507152080535888671875" lon="108.93790095113217830657958984375">
        <ele>405.79998779296875</ele>
        <time>2026-02-03T12:40:57.000Z</time>
        <extensions>
          <ns3:TrackPointExtension>
            <ns3:hr>162</ns3:hr>
            <ns3:cad>100</ns3:cad>
          </ns3:TrackPointExtension>
        </extensions>
      </trkpt>
      <trkpt lat="34.2335580289363861083984375" lon="108.93790598027408123016357421875">
        <ele>405.79998779296875</ele>
        <time>2026-02-03T12:40:58.000Z</time>
        <extensions>
          <ns3:TrackPointExtension>
            <ns3:hr>163</ns3:hr>
            <ns3:cad>100</ns3:cad>
          </ns3:TrackPointExtension>
        </extensions>
      </trkpt>
      <trkpt lat="34.23360086046159267425537109375" lon="108.93790665082633495330810546875">
        <ele>405.79998779296875</ele>
        <time>2026-02-03T12:40:59.000Z</time>
        <extensions>
          <ns3:TrackPointExtension>
            <ns3:hr>163</ns3:hr>
            <ns3:cad>101</ns3:cad>
          </ns3:TrackPointExtension>
        </extensions>
      </trkpt>
      <trkpt lat="34.23363111913204193115234375" lon="108.93791201524436473846435546875">
        <ele>405.79998779296875</ele>
        <time>2026-02-03T12:41:00.000Z</time>
        <extensions>
          <ns3:TrackPointExtension>
            <ns3:hr>163</ns3:hr>
            <ns3:cad>101</ns3:cad>
          </ns3:TrackPointExtension>
        </extensions>
      </trkpt>
      <trkpt lat="34.233660958707332611083984375" lon="108.93791000358760356903076171875">
        <ele>405.79998779296875</ele>
        <time>2026-02-03T12:41:01.000Z</time>
        <extensions>
          <ns3:TrackPointExtension>
            <ns3:hr>163</ns3:hr>
            <ns3:cad>101</ns3:cad>
          </ns3:TrackPointExtension>
        </extensions>
      </trkpt>
      <trkpt lat="34.23369490541517734527587890625" lon="108.93790732137858867645263671875">
        <ele>405.79998779296875</ele>
        <time>2026-02-03T12:41:02.000Z</time>
        <extensions>
          <ns3:TrackPointExtension>
            <ns3:hr>162</ns3:hr>
            <ns3:cad>101</ns3:cad>
          </ns3:TrackPointExtension>
        </extensions>
      </trkpt>
      <trkpt lat="34.2337296903133392333984375" lon="108.93790631555020809173583984375">
        <ele>405.79998779296875</ele>
        <time>2026-02-03T12:41:03.000Z</time>
        <extensions>
          <ns3:TrackPointExtension>
            <ns3:hr>163</ns3:hr>
            <ns3:cad>101</ns3:cad>
          </ns3:TrackPointExtension>
        </extensions>
      </trkpt>
      <trkpt lat="34.23376196064054965972900390625" lon="108.93790815956890583038330078125">
        <ele>405.600006103515625</ele>
        <time>2026-02-03T12:41:04.000Z</time>
        <extensions>
          <ns3:TrackPointExtension>
            <ns3:hr>163</ns3:hr>
            <ns3:cad>101</ns3:cad>
          </ns3:TrackPointExtension>
        </extensions>
      </trkpt>
      <trkpt lat="34.233799092471599578857421875" lon="108.93790614791214466094970703125">
        <ele>405.600006103515625</ele>
        <time>2026-02-03T12:41:05.000Z</time>
        <extensions>
          <ns3:TrackPointExtension>
            <ns3:hr>163</ns3:hr>
            <ns3:cad>101</ns3:cad>
          </ns3:TrackPointExtension>
        </extensions>
      </trkpt>
      <trkpt lat="34.23383538611233234405517578125" lon="108.93790698610246181488037109375">
        <ele>405.600006103515625</ele>
        <time>2026-02-03T12:41:06.000Z</time>
        <extensions>
          <ns3:TrackPointExtension>
            <ns3:hr>163</ns3:hr>
            <ns3:cad>101</ns3:cad>
          </ns3:TrackPointExtension>
        </extensions>
      </trkpt>
      <trkpt lat="34.23386790789663791656494140625" lon="108.93791151233017444610595703125">
        <ele>405.600006103515625</ele>
        <time>2026-02-03T12:41:07.000Z</time>
        <extensions>
          <ns3:TrackPointExtension>
            <ns3:hr>162</ns3:hr>
            <ns3:cad>102</ns3:cad>
          </ns3:TrackPointExtension>
        </extensions>
      </trkpt>
      <trkpt lat="34.2339025251567363739013671875" lon="108.937908746302127838134765625">
        <ele>405.600006103515625</ele>
        <time>2026-02-03T12:41:08.000Z</time>
        <extensions>
          <ns3:TrackPointExtension>
            <ns3:hr>163</ns3:hr>
            <ns3:cad>102</ns3:cad>
          </ns3:TrackPointExtension>
        </extensions>
      </trkpt>
      <trkpt lat="34.23393915407359600067138671875" lon="108.93790547735989093780517578125">
        <ele>405.600006103515625</ele>
        <time>2026-02-03T12:41:09.000Z</time>
        <extensions>
          <ns3:TrackPointExtension>
            <ns3:hr>163</ns3:hr>
            <ns3:cad>102</ns3:cad>
          </ns3:TrackPointExtension>
        </extensions>
      </trkpt>
      <trkpt lat="34.2339715920388698577880859375" lon="108.9379085786640644073486328125">
        <ele>405.600006103515625</ele>
        <time>2026-02-03T12:41:10.000Z</time>
        <extensions>
          <ns3:TrackPointExtension>
            <ns3:hr>163</ns3:hr>
            <ns3:cad>102</ns3:cad>
          </ns3:TrackPointExtension>
        </extensions>
      </trkpt>
      <trkpt lat="34.23400218598544597625732421875" lon="108.93790363334119319915771484375">
        <ele>405.600006103515625</ele>
        <time>2026-02-03T12:41:11.000Z</time>
        <extensions>
          <ns3:TrackPointExtension>
            <ns3:hr>163</ns3:hr>
            <ns3:cad>101</ns3:cad>
          </ns3:TrackPointExtension>
        </extensions>
      </trkpt>
      <trkpt lat="34.234044849872589111328125" lon="108.9379035495221614837646484375">
        <ele>405.600006103515625</ele>
        <time>2026-02-03T12:41:12.000Z</time>
        <extensions>
          <ns3:TrackPointExtension>
            <ns3:hr>162</ns3:hr>
            <ns3:cad>101</ns3:cad>
          </ns3:TrackPointExtension>
        </extensions>
      </trkpt>
      <trkpt lat="34.23407762311398983001708984375" lon="108.93790447153151035308837890625">
        <ele>405.600006103515625</ele>
        <time>2026-02-03T12:41:13.000Z</time>
        <extensions>
          <ns3:TrackPointExtension>
            <ns3:hr>163</ns3:hr>
            <ns3:cad>100</ns3:cad>
          </ns3:TrackPointExtension>
        </extensions>
      </trkpt>
      <trkpt lat="34.23411467112600803375244140625" lon="108.93790371716022491455078125">
        <ele>405.600006103515625</ele>
        <time>2026-02-03T12:41:14.000Z</time>
        <extensions>
          <ns3:TrackPointExtension>
            <ns3:hr>163</ns3:hr>
            <ns3:cad>100</ns3:cad>
          </ns3:TrackPointExtension>
        </extensions>
      </trkpt>
      <trkpt lat="34.23415121622383594512939453125" lon="108.9379015378654003143310546875">
        <ele>405.600006103515625</ele>
        <time>2026-02-03T12:41:15.000Z</time>
        <extensions>
          <ns3:TrackPointExtension>
            <ns3:hr>163</ns3:hr>
            <ns3:cad>100</ns3:cad>
          </ns3:TrackPointExtension>
        </extensions>
      </trkpt>
      <trkpt lat="34.23418700695037841796875" lon="108.93790396861732006072998046875">
        <ele>405.600006103515625</ele>
        <time>2026-02-03T12:41:16.000Z</time>
        <extensions>
          <ns3:TrackPointExtension>
            <ns3:hr>162</ns3:hr>
            <ns3:cad>100</ns3:cad>
          </ns3:TrackPointExtension>
        </extensions>
      </trkpt>
      <trkpt lat="34.2342176847159862518310546875" lon="108.93791042268276214599609375">
        <ele>405.600006103515625</ele>
        <time>2026-02-03T12:41:17.000Z</time>
        <extensions>
          <ns3:TrackPointExtension>
            <ns3:hr>163</ns3:hr>
            <ns3:cad>102</ns3:cad>
          </ns3:TrackPointExtension>
        </extensions>
      </trkpt>
      <trkpt lat="34.2342559061944484710693359375" lon="108.93791134469211101531982421875">
        <ele>405.600006103515625</ele>
        <time>2026-02-03T12:41:18.000Z</time>
        <extensions>
          <ns3:TrackPointExtension>
            <ns3:hr>163</ns3:hr>
            <ns3:cad>103</ns3:cad>
          </ns3:TrackPointExtension>
        </extensions>
      </trkpt>
      <trkpt lat="34.23429270274937152862548828125" lon="108.93791033886373043060302734375">
        <ele>405.600006103515625</ele>
        <time>2026-02-03T12:41:19.000Z</time>
        <extensions>
          <ns3:TrackPointExtension>
            <ns3:hr>162</ns3:hr>
            <ns3:cad>103</ns3:cad>
          </ns3:TrackPointExtension>
        </extensions>
      </trkpt>
      <trkpt lat="34.23432656563818454742431640625" lon="108.93791587091982364654541015625">
        <ele>405.399993896484375</ele>
        <time>2026-02-03T12:41:20.000Z</time>
        <extensions>
          <ns3:TrackPointExtension>
            <ns3:hr>162</ns3:hr>
            <ns3:cad>103</ns3:cad>
          </ns3:TrackPointExtension>
        </extensions>
      </trkpt>
      <trkpt lat="34.234363026916980743408203125" lon="108.9379213191568851470947265625">
        <ele>405.600006103515625</ele>
        <time>2026-02-03T12:41:21.000Z</time>
        <extensions>
          <ns3:TrackPointExtension>
            <ns3:hr>161</ns3:hr>
            <ns3:cad>103</ns3:cad>
          </ns3:TrackPointExtension>
        </extensions>
      </trkpt>
      <trkpt lat="34.2343997396528720855712890625" lon="108.9379193075001239776611328125">
        <ele>405.399993896484375</ele>
        <time>2026-02-03T12:41:22.000Z</time>
        <extensions>
          <ns3:TrackPointExtension>
            <ns3:hr>161</ns3:hr>
            <ns3:cad>103</ns3:cad>
          </ns3:TrackPointExtension>
        </extensions>
      </trkpt>
      <trkpt lat="34.234434776008129119873046875" lon="108.93791712820529937744140625">
        <ele>405.399993896484375</ele>
        <time>2026-02-03T12:41:23.000Z</time>
        <extensions>
          <ns3:TrackPointExtension>
            <ns3:hr>160</ns3:hr>
            <ns3:cad>102</ns3:cad>
          </ns3:TrackPointExtension>
        </extensions>
      </trkpt>
      <trkpt lat="34.23447039909660816192626953125" lon="108.9379149489104747772216796875">
        <ele>405.399993896484375</ele>
        <time>2026-02-03T12:41:24.000Z</time>
        <extensions>
          <ns3:TrackPointExtension>
            <ns3:hr>160</ns3:hr>
            <ns3:cad>102</ns3:cad>
          </ns3:TrackPointExtension>
        </extensions>
      </trkpt>
      <trkpt lat="34.23450795002281665802001953125" lon="108.937898017466068267822265625">
        <ele>405.399993896484375</ele>
        <time>2026-02-03T12:41:25.000Z</time>
        <extensions>
          <ns3:TrackPointExtension>
            <ns3:hr>160</ns3:hr>
            <ns3:cad>102</ns3:cad>
          </ns3:TrackPointExtension>
        </extensions>
      </trkpt>
      <trkpt lat="34.23454566858708858489990234375" lon="108.9378807507455348968505859375">
        <ele>405.399993896484375</ele>
        <time>2026-02-03T12:41:26.000Z</time>
        <extensions>
          <ns3:TrackPointExtension>
            <ns3:hr>161</ns3:hr>
            <ns3:cad>102</ns3:cad>
          </ns3:TrackPointExtension>
        </extensions>
      </trkpt>
      <trkpt lat="34.2345801182091236114501953125" lon="108.9378626458346843719482421875">
        <ele>405.399993896484375</ele>
        <time>2026-02-03T12:41:27.000Z</time>
        <extensions>
          <ns3:TrackPointExtension>
            <ns3:hr>160</ns3:hr>
            <ns3:cad>102</ns3:cad>
          </ns3:TrackPointExtension>
        </extensions>
      </trkpt>
      <trkpt lat="34.23461280763149261474609375" lon="108.93784076906740665435791015625">
        <ele>405.399993896484375</ele>
        <time>2026-02-03T12:41:28.000Z</time>
        <extensions>
          <ns3:TrackPointExtension>
            <ns3:hr>161</ns3:hr>
            <ns3:cad>102</ns3:cad>
          </ns3:TrackPointExtension>
        </extensions>
      </trkpt>
      <trkpt lat="34.23464323394000530242919921875" lon="108.9378133602440357208251953125">
        <ele>405.600006103515625</ele>
        <time>2026-02-03T12:41:29.000Z</time>
        <extensions>
          <ns3:TrackPointExtension>
            <ns3:hr>161</ns3:hr>
            <ns3:cad>102</ns3:cad>
          </ns3:TrackPointExtension>
        </extensions>
      </trkpt>
      <trkpt lat="34.234670810401439666748046875" lon="108.93778729252517223358154296875">
        <ele>405.600006103515625</ele>
        <time>2026-02-03T12:41:30.000Z</time>
        <extensions>
          <ns3:TrackPointExtension>
            <ns3:hr>161</ns3:hr>
            <ns3:cad>102</ns3:cad>
          </ns3:TrackPointExtension>
        </extensions>
      </trkpt>
      <trkpt lat="34.2346964590251445770263671875" lon="108.9377610571682453155517578125">
        <ele>405.600006103515625</ele>
        <time>2026-02-03T12:41:31.000Z</time>
        <extensions>
          <ns3:TrackPointExtension>
            <ns3:hr>161</ns3:hr>
            <ns3:cad>102</ns3:cad>
          </ns3:TrackPointExtension>
        </extensions>
      </trkpt>
      <trkpt lat="34.23471397720277309417724609375" lon="108.93771923147141933441162109375">
        <ele>405.600006103515625</ele>
        <time>2026-02-03T12:41:32.000Z</time>
        <extensions>
          <ns3:TrackPointExtension>
            <ns3:hr>161</ns3:hr>
            <ns3:cad>102</ns3:cad>
          </ns3:TrackPointExtension>
        </extensions>
      </trkpt>
      <trkpt lat="34.23472705297172069549560546875" lon="108.9376718737185001373291015625">
        <ele>405.600006103515625</ele>
        <time>2026-02-03T12:41:33.000Z</time>
        <extensions>
          <ns3:TrackPointExtension>
            <ns3:hr>162</ns3:hr>
            <ns3:cad>102</ns3:cad>
          </ns3:TrackPointExtension>
        </extensions>
      </trkpt>
      <trkpt lat="34.23474214039742946624755859375" lon="108.9376336522400379180908203125">
        <ele>405.600006103515625</ele>
        <time>2026-02-03T12:41:34.000Z</time>
        <extensions>
          <ns3:TrackPointExtension>
            <ns3:hr>162</ns3:hr>
            <ns3:cad>102</ns3:cad>
          </ns3:TrackPointExtension>
        </extensions>
      </trkpt>
      <trkpt lat="34.2347591556608676910400390625" lon="108.93759316764771938323974609375">
        <ele>405.600006103515625</ele>
        <time>2026-02-03T12:41:35.000Z</time>
        <extensions>
          <ns3:TrackPointExtension>
            <ns3:hr>162</ns3:hr>
            <ns3:cad>103</ns3:cad>
          </ns3:TrackPointExtension>
        </extensions>
      </trkpt>
      <trkpt lat="34.23477063886821269989013671875" lon="108.9375448040664196014404296875">
        <ele>405.600006103515625</ele>
        <time>2026-02-03T12:41:36.000Z</time>
        <extensions>
          <ns3:TrackPointExtension>
            <ns3:hr>162</ns3:hr>
            <ns3:cad>103</ns3:cad>
          </ns3:TrackPointExtension>
        </extensions>
      </trkpt>
      <trkpt lat="34.2347757518291473388671875" lon="108.937498033046722412109375">
        <ele>405.399993896484375</ele>
        <time>2026-02-03T12:41:37.000Z</time>
        <extensions>
          <ns3:TrackPointExtension>
            <ns3:hr>162</ns3:hr>
            <ns3:cad>102</ns3:cad>
          </ns3:TrackPointExtension>
        </extensions>
      </trkpt>
      <trkpt lat="34.23477952368557453155517578125" lon="108.9374599792063236236572265625">
        <ele>405.399993896484375</ele>
        <time>2026-02-03T12:41:38.000Z</time>
        <extensions>
          <ns3:TrackPointExtension>
            <ns3:hr>162</ns3:hr>
            <ns3:cad>101</ns3:cad>
          </ns3:TrackPointExtension>
        </extensions>
      </trkpt>
      <trkpt lat="34.2347702197730541229248046875" lon="108.9374153874814510345458984375">
        <ele>405.399993896484375</ele>
        <time>2026-02-03T12:41:39.000Z</time>
        <extensions>
          <ns3:TrackPointExtension>
            <ns3:hr>162</ns3:hr>
            <ns3:cad>101</ns3:cad>
          </ns3:TrackPointExtension>
        </extensions>
      </trkpt>
      <trkpt lat="34.2347611673176288604736328125" lon="108.93736937083303928375244140625">
        <ele>405.399993896484375</ele>
        <time>2026-02-03T12:41:40.000Z</time>
        <extensions>
          <ns3:TrackPointExtension>
            <ns3:hr>162</ns3:hr>
            <ns3:cad>101</ns3:cad>
          </ns3:TrackPointExtension>
        </extensions>
      </trkpt>
      <trkpt lat="34.2347584851086139678955078125" lon="108.93733047880232334136962890625">
        <ele>405.399993896484375</ele>
        <time>2026-02-03T12:41:41.000Z</time>
        <extensions>
          <ns3:TrackPointExtension>
            <ns3:hr>162</ns3:hr>
            <ns3:cad>102</ns3:cad>
          </ns3:TrackPointExtension>
        </extensions>
      </trkpt>
      <trkpt lat="34.234743230044841766357421875" lon="108.9372940175235271453857421875">
        <ele>405.399993896484375</ele>
        <time>2026-02-03T12:41:42.000Z</time>
        <extensions>
          <ns3:TrackPointExtension>
            <ns3:hr>163</ns3:hr>
            <ns3:cad>102</ns3:cad>
          </ns3:TrackPointExtension>
        </extensions>
      </trkpt>
      <trkpt lat="34.23471900634467601776123046875" lon="108.93725185655057430267333984375">
        <ele>405.399993896484375</ele>
        <time>2026-02-03T12:41:43.000Z</time>
        <extensions>
          <ns3:TrackPointExtension>
            <ns3:hr>163</ns3:hr>
            <ns3:cad>101</ns3:cad>
          </ns3:TrackPointExtension>
        </extensions>
      </trkpt>
      <trkpt lat="34.2347058467566967010498046875" lon="108.93721614964306354522705078125">
        <ele>405.399993896484375</ele>
        <time>2026-02-03T12:41:44.000Z</time>
        <extensions>
          <ns3:TrackPointExtension>
            <ns3:hr>163</ns3:hr>
            <ns3:cad>101</ns3:cad>
          </ns3:TrackPointExtension>
        </extensions>
      </trkpt>
      <trkpt lat="34.23468866385519504547119140625" lon="108.93718346022069454193115234375">
        <ele>405.399993896484375</ele>
        <time>2026-02-03T12:41:45.000Z</time>
        <extensions>
          <ns3:TrackPointExtension>
            <ns3:hr>163</ns3:hr>
            <ns3:cad>101</ns3:cad>
          </ns3:TrackPointExtension>
        </extensions>
      </trkpt>
      <trkpt lat="34.23466117121279239654541015625" lon="108.937149010598659515380859375">
        <ele>405.399993896484375</ele>
        <time>2026-02-03T12:41:46.000Z</time>
        <extensions>
          <ns3:TrackPointExtension>
            <ns3:hr>163</ns3:hr>
            <ns3:cad>102</ns3:cad>
          </ns3:TrackPointExtension>
        </extensions>
      </trkpt>
      <trkpt lat="34.23463267274200916290283203125" lon="108.93712109886109828948974609375">
        <ele>405.399993896484375</ele>
        <time>2026-02-03T12:41:47.000Z</time>
        <extensions>
          <ns3:TrackPointExtension>
            <ns3:hr>163</ns3:hr>
            <ns3:cad>102</ns3:cad>
          </ns3:TrackPointExtension>
        </extensions>
      </trkpt>
      <trkpt lat="34.23460618592798709869384765625" lon="108.9370988868176937103271484375">
        <ele>405.399993896484375</ele>
        <time>2026-02-03T12:41:48.000Z</time>
        <extensions>
          <ns3:TrackPointExtension>
            <ns3:hr>163</ns3:hr>
            <ns3:cad>102</ns3:cad>
          </ns3:TrackPointExtension>
        </extensions>
      </trkpt>
      <trkpt lat="34.23456913791596889495849609375" lon="108.9370814524590969085693359375">
        <ele>405.399993896484375</ele>
        <time>2026-02-03T12:41:49.000Z</time>
        <extensions>
          <ns3:TrackPointExtension>
            <ns3:hr>163</ns3:hr>
            <ns3:cad>102</ns3:cad>
          </ns3:TrackPointExtension>
        </extensions>
      </trkpt>
      <trkpt lat="34.2345311678946018218994140625" lon="108.9370680414140224456787109375">
        <ele>405.399993896484375</ele>
        <time>2026-02-03T12:41:50.000Z</time>
        <extensions>
          <ns3:TrackPointExtension>
            <ns3:hr>163</ns3:hr>
            <ns3:cad>102</ns3:cad>
          </ns3:TrackPointExtension>
        </extensions>
      </trkpt>
      <trkpt lat="34.2344996519386768341064453125" lon="108.937055803835391998291015625">
        <ele>405.399993896484375</ele>
        <time>2026-02-03T12:41:51.000Z</time>
        <extensions>
          <ns3:TrackPointExtension>
            <ns3:hr>163</ns3:hr>
            <ns3:cad>102</ns3:cad>
          </ns3:TrackPointExtension>
        </extensions>
      </trkpt>
      <trkpt lat="34.23446285538375377655029296875" lon="108.937055133283138275146484375">
        <ele>405.399993896484375</ele>
        <time>2026-02-03T12:41:52.000Z</time>
        <extensions>
          <ns3:TrackPointExtension>
            <ns3:hr>163</ns3:hr>
            <ns3:cad>102</ns3:cad>
          </ns3:TrackPointExtension>
        </extensions>
      </trkpt>
      <trkpt lat="34.23442102968692779541015625" lon="108.93705320544540882110595703125">
        <ele>405.399993896484375</ele>
        <time>2026-02-03T12:41:53.000Z</time>
        <extensions>
          <ns3:TrackPointExtension>
            <ns3:hr>163</ns3:hr>
            <ns3:cad>102</ns3:cad>
          </ns3:TrackPointExtension>
        </extensions>
      </trkpt>
      <trkpt lat="34.2343853227794170379638671875" lon="108.93705069087445735931396484375">
        <ele>405.399993896484375</ele>
        <time>2026-02-03T12:41:54.000Z</time>
        <extensions>
          <ns3:TrackPointExtension>
            <ns3:hr>163</ns3:hr>
            <ns3:cad>102</ns3:cad>
          </ns3:TrackPointExtension>
        </extensions>
      </trkpt>
      <trkpt lat="34.23435355536639690399169921875" lon="108.93705270253121852874755859375">
        <ele>405.600006103515625</ele>
        <time>2026-02-03T12:41:55.000Z</time>
        <extensions>
          <ns3:TrackPointExtension>
            <ns3:hr>164</ns3:hr>
            <ns3:cad>102</ns3:cad>
          </ns3:TrackPointExtension>
        </extensions>
      </trkpt>
      <trkpt lat="34.23431466333568096160888671875" lon="108.9370512776076793670654296875">
        <ele>405.600006103515625</ele>
        <time>2026-02-03T12:41:56.000Z</time>
        <extensions>
          <ns3:TrackPointExtension>
            <ns3:hr>163</ns3:hr>
            <ns3:cad>102</ns3:cad>
          </ns3:TrackPointExtension>
        </extensions>
      </trkpt>
      <trkpt lat="34.23428230918943881988525390625" lon="108.9370465837419033050537109375">
        <ele>405.399993896484375</ele>
        <time>2026-02-03T12:41:57.000Z</time>
        <extensions>
          <ns3:TrackPointExtension>
            <ns3:hr>163</ns3:hr>
            <ns3:cad>94</ns3:cad>
          </ns3:TrackPointExtension>
        </extensions>
      </trkpt>
      <trkpt lat="34.23424777574837207794189453125" lon="108.9370433986186981201171875">
        <ele>405.399993896484375</ele>
        <time>2026-02-03T12:41:58.000Z</time>
        <extensions>
          <ns3:TrackPointExtension>
            <ns3:hr>163</ns3:hr>
            <ns3:cad>94</ns3:cad>
          </ns3:TrackPointExtension>
        </extensions>
      </trkpt>
      <trkpt lat="34.2342106439173221588134765625" lon="108.9370432309806346893310546875">
        <ele>405.399993896484375</ele>
        <time>2026-02-03T12:41:59.000Z</time>
        <extensions>
          <ns3:TrackPointExtension>
            <ns3:hr>164</ns3:hr>
            <ns3:cad>94</ns3:cad>
          </ns3:TrackPointExtension>
        </extensions>
      </trkpt>
      <trkpt lat="34.23417535610496997833251953125" lon="108.9370405487716197967529296875">
        <ele>405.399993896484375</ele>
        <time>2026-02-03T12:42:00.000Z</time>
        <extensions>
          <ns3:TrackPointExtension>
            <ns3:hr>163</ns3:hr>
            <ns3:cad>94</ns3:cad>
          </ns3:TrackPointExtension>
        </extensions>
      </trkpt>
      <trkpt lat="34.2341439239680767059326171875" lon="108.93703476525843143463134765625">
        <ele>405.399993896484375</ele>
        <time>2026-02-03T12:42:01.000Z</time>
        <extensions>
          <ns3:TrackPointExtension>
            <ns3:hr>163</ns3:hr>
            <ns3:cad>94</ns3:cad>
          </ns3:TrackPointExtension>
        </extensions>
      </trkpt>
      <trkpt lat="34.23410721123218536376953125" lon="108.93703644163906574249267578125">
        <ele>405.399993896484375</ele>
        <time>2026-02-03T12:42:02.000Z</time>
        <extensions>
          <ns3:TrackPointExtension>
            <ns3:hr>164</ns3:hr>
            <ns3:cad>102</ns3:cad>
          </ns3:TrackPointExtension>
        </extensions>
      </trkpt>
      <trkpt lat="34.23407041467726230621337890625" lon="108.937035016715526580810546875">
        <ele>405.399993896484375</ele>
        <time>2026-02-03T12:42:03.000Z</time>
        <extensions>
          <ns3:TrackPointExtension>
            <ns3:hr>163</ns3:hr>
            <ns3:cad>102</ns3:cad>
          </ns3:TrackPointExtension>
        </extensions>
      </trkpt>
      <trkpt lat="34.23403747379779815673828125" lon="108.93703057430684566497802734375">
        <ele>405.20001220703125</ele>
        <time>2026-02-03T12:42:04.000Z</time>
        <extensions>
          <ns3:TrackPointExtension>
            <ns3:hr>163</ns3:hr>
            <ns3:cad>102</ns3:cad>
          </ns3:TrackPointExtension>
        </extensions>
      </trkpt>
      <trkpt lat="34.23399933613836765289306640625" lon="108.9370361901819705963134765625">
        <ele>405.399993896484375</ele>
        <time>2026-02-03T12:42:05.000Z</time>
        <extensions>
          <ns3:TrackPointExtension>
            <ns3:hr>163</ns3:hr>
            <ns3:cad>102</ns3:cad>
          </ns3:TrackPointExtension>
        </extensions>
      </trkpt>
      <trkpt lat="34.23396346159279346466064453125" lon="108.9370395429432392120361328125">
        <ele>405.20001220703125</ele>
        <time>2026-02-03T12:42:06.000Z</time>
        <extensions>
          <ns3:TrackPointExtension>
            <ns3:hr>163</ns3:hr>
            <ns3:cad>101</ns3:cad>
          </ns3:TrackPointExtension>
        </extensions>
      </trkpt>
      <trkpt lat="34.2339300177991390228271484375" lon="108.93703744746744632720947265625">
        <ele>405.20001220703125</ele>
        <time>2026-02-03T12:42:07.000Z</time>
        <extensions>
          <ns3:TrackPointExtension>
            <ns3:hr>163</ns3:hr>
            <ns3:cad>101</ns3:cad>
          </ns3:TrackPointExtension>
        </extensions>
      </trkpt>
      <trkpt lat="34.2338911257684230804443359375" lon="108.93703870475292205810546875">
        <ele>405.20001220703125</ele>
        <time>2026-02-03T12:42:08.000Z</time>
        <extensions>
          <ns3:TrackPointExtension>
            <ns3:hr>164</ns3:hr>
            <ns3:cad>100</ns3:cad>
          </ns3:TrackPointExtension>
        </extensions>
      </trkpt>
      <trkpt lat="34.2338512279093265533447265625" lon="108.93704004585742950439453125">
        <ele>405.399993896484375</ele>
        <time>2026-02-03T12:42:09.000Z</time>
        <extensions>
          <ns3:TrackPointExtension>
            <ns3:hr>163</ns3:hr>
            <ns3:cad>100</ns3:cad>
          </ns3:TrackPointExtension>
        </extensions>
      </trkpt>
      <trkpt lat="34.23381753265857696533203125" lon="108.93703761510550975799560546875">
        <ele>405.399993896484375</ele>
        <time>2026-02-03T12:42:10.000Z</time>
        <extensions>
          <ns3:TrackPointExtension>
            <ns3:hr>163</ns3:hr>
            <ns3:cad>100</ns3:cad>
          </ns3:TrackPointExtension>
        </extensions>
      </trkpt>
      <trkpt lat="34.2337845079600811004638671875" lon="108.93703677691519260406494140625">
        <ele>405.399993896484375</ele>
        <time>2026-02-03T12:42:11.000Z</time>
        <extensions>
          <ns3:TrackPointExtension>
            <ns3:hr>163</ns3:hr>
            <ns3:cad>100</ns3:cad>
          </ns3:TrackPointExtension>
        </extensions>
      </trkpt>
      <trkpt lat="34.2337436042726039886474609375" lon="108.93703937530517578125">
        <ele>405.399993896484375</ele>
        <time>2026-02-03T12:42:12.000Z</time>
        <extensions>
          <ns3:TrackPointExtension>
            <ns3:hr>163</ns3:hr>
            <ns3:cad>101</ns3:cad>
          </ns3:TrackPointExtension>
        </extensions>
      </trkpt>
      <trkpt lat="34.2337082326412200927734375" lon="108.93703895621001720428466796875">
        <ele>405.399993896484375</ele>
        <time>2026-02-03T12:42:13.000Z</time>
        <extensions>
          <ns3:TrackPointExtension>
            <ns3:hr>163</ns3:hr>
            <ns3:cad>101</ns3:cad>
          </ns3:TrackPointExtension>
        </extensions>
      </trkpt>
      <trkpt lat="34.23367462120950222015380859375" lon="108.93703736364841461181640625">
        <ele>405.399993896484375</ele>
        <time>2026-02-03T12:42:14.000Z</time>
        <extensions>
          <ns3:TrackPointExtension>
            <ns3:hr>162</ns3:hr>
            <ns3:cad>101</ns3:cad>
          </ns3:TrackPointExtension>
        </extensions>
      </trkpt>
      <trkpt lat="34.2336356453597545623779296875" lon="108.9370371960103511810302734375">
        <ele>405.20001220703125</ele>
        <time>2026-02-03T12:42:15.000Z</time>
        <extensions>
          <ns3:TrackPointExtension>
            <ns3:hr>162</ns3:hr>
            <ns3:cad>101</ns3:cad>
          </ns3:TrackPointExtension>
        </extensions>
      </trkpt>
      <trkpt lat="34.23359918408095836639404296875" lon="108.93703811801970005035400390625">
        <ele>405.20001220703125</ele>
        <time>2026-02-03T12:42:16.000Z</time>
        <extensions>
          <ns3:TrackPointExtension>
            <ns3:hr>162</ns3:hr>
            <ns3:cad>102</ns3:cad>
          </ns3:TrackPointExtension>
        </extensions>
      </trkpt>
      <trkpt lat="34.23356364481151103973388671875" lon="108.9370408840477466583251953125">
        <ele>405.20001220703125</ele>
        <time>2026-02-03T12:42:17.000Z</time>
        <extensions>
          <ns3:TrackPointExtension>
            <ns3:hr>162</ns3:hr>
            <ns3:cad>102</ns3:cad>
          </ns3:TrackPointExtension>
        </extensions>
      </trkpt>
      <trkpt lat="34.233530871570110321044921875" lon="108.93704717047512531280517578125">
        <ele>405.399993896484375</ele>
        <time>2026-02-03T12:42:18.000Z</time>
        <extensions>
          <ns3:TrackPointExtension>
            <ns3:hr>162</ns3:hr>
            <ns3:cad>102</ns3:cad>
          </ns3:TrackPointExtension>
        </extensions>
      </trkpt>
      <trkpt lat="34.2334936559200286865234375" lon="108.93706778995692729949951171875">
        <ele>405.399993896484375</ele>
        <time>2026-02-03T12:42:19.000Z</time>
        <extensions>
          <ns3:TrackPointExtension>
            <ns3:hr>162</ns3:hr>
            <ns3:cad>102</ns3:cad>
          </ns3:TrackPointExtension>
        </extensions>
      </trkpt>
      <trkpt lat="34.23345853574573993682861328125" lon="108.9370864816009998321533203125">
        <ele>405.399993896484375</ele>
        <time>2026-02-03T12:42:20.000Z</time>
        <extensions>
          <ns3:TrackPointExtension>
            <ns3:hr>163</ns3:hr>
            <ns3:cad>104</ns3:cad>
          </ns3:TrackPointExtension>
        </extensions>
      </trkpt>
      <trkpt lat="34.233427941799163818359375" lon="108.937107436358928680419921875">
        <ele>405.399993896484375</ele>
        <time>2026-02-03T12:42:21.000Z</time>
        <extensions>
          <ns3:TrackPointExtension>
            <ns3:hr>162</ns3:hr>
            <ns3:cad>104</ns3:cad>
          </ns3:TrackPointExtension>
        </extensions>
      </trkpt>
      <trkpt lat="34.233401454985141754150390625" lon="108.93714054487645626068115234375">
        <ele>405.399993896484375</ele>
        <time>2026-02-03T12:42:22.000Z</time>
        <extensions>
          <ns3:TrackPointExtension>
            <ns3:hr>162</ns3:hr>
            <ns3:cad>104</ns3:cad>
          </ns3:TrackPointExtension>
        </extensions>
      </trkpt>
      <trkpt lat="34.23337404616177082061767578125" lon="108.93717725761234760284423828125">
        <ele>405.399993896484375</ele>
        <time>2026-02-03T12:42:23.000Z</time>
        <extensions>
          <ns3:TrackPointExtension>
            <ns3:hr>162</ns3:hr>
            <ns3:cad>104</ns3:cad>
          </ns3:TrackPointExtension>
        </extensions>
      </trkpt>
      <trkpt lat="34.23335040919482707977294921875" lon="108.93720634281635284423828125">
        <ele>405.399993896484375</ele>
        <time>2026-02-03T12:42:24.000Z</time>
        <extensions>
          <ns3:TrackPointExtension>
            <ns3:hr>162</ns3:hr>
            <ns3:cad>104</ns3:cad>
          </ns3:TrackPointExtension>
        </extensions>
      </trkpt>
      <trkpt lat="34.2333285324275493621826171875" lon="108.93723676912486553192138671875">
        <ele>405.399993896484375</ele>
        <time>2026-02-03T12:42:25.000Z</time>
        <extensions>
          <ns3:TrackPointExtension>
            <ns3:hr>162</ns3:hr>
            <ns3:cad>104</ns3:cad>
          </ns3:TrackPointExtension>
        </extensions>
      </trkpt>
      <trkpt lat="34.23331067897379398345947265625" lon="108.9372732304036617279052734375">
        <ele>405.399993896484375</ele>
        <time>2026-02-03T12:42:26.000Z</time>
        <extensions>
          <ns3:TrackPointExtension>
            <ns3:hr>162</ns3:hr>
            <ns3:cad>103</ns3:cad>
          </ns3:TrackPointExtension>
        </extensions>
      </trkpt>
      <trkpt lat="34.23329257406294345855712890625" lon="108.937313295900821685791015625">
        <ele>405.399993896484375</ele>
        <time>2026-02-03T12:42:27.000Z</time>
        <extensions>
          <ns3:TrackPointExtension>
            <ns3:hr>162</ns3:hr>
            <ns3:cad>103</ns3:cad>
          </ns3:TrackPointExtension>
        </extensions>
      </trkpt>
      <trkpt lat="34.233277738094329833984375" lon="108.937350176274776458740234375">
        <ele>405.399993896484375</ele>
        <time>2026-02-03T12:42:28.000Z</time>
        <extensions>
          <ns3:TrackPointExtension>
            <ns3:hr>163</ns3:hr>
            <ns3:cad>103</ns3:cad>
          </ns3:TrackPointExtension>
        </extensions>
      </trkpt>
      <trkpt lat="34.23327178694307804107666015625" lon="108.937393762171268463134765625">
        <ele>405.399993896484375</ele>
        <time>2026-02-03T12:42:29.000Z</time>
        <extensions>
          <ns3:TrackPointExtension>
            <ns3:hr>162</ns3:hr>
            <ns3:cad>103</ns3:cad>
          </ns3:TrackPointExtension>
        </extensions>
      </trkpt>
      <trkpt lat="34.23326994292438030242919921875" lon="108.93744111992418766021728515625">
        <ele>405.399993896484375</ele>
        <time>2026-02-03T12:42:30.000Z</time>
        <extensions>
          <ns3:TrackPointExtension>
            <ns3:hr>162</ns3:hr>
            <ns3:cad>102</ns3:cad>
          </ns3:TrackPointExtension>
        </extensions>
      </trkpt>
      <trkpt lat="34.23326633870601654052734375" lon="108.93748738802969455718994140625">
        <ele>405.20001220703125</ele>
        <time>2026-02-03T12:42:31.000Z</time>
        <extensions>
          <ns3:TrackPointExtension>
            <ns3:hr>163</ns3:hr>
            <ns3:cad>102</ns3:cad>
          </ns3:TrackPointExtension>
        </extensions>
      </trkpt>
      <trkpt lat="34.23326659016311168670654296875" lon="108.93753197975456714630126953125">
        <ele>405.399993896484375</ele>
        <time>2026-02-03T12:42:32.000Z</time>
        <extensions>
          <ns3:TrackPointExtension>
            <ns3:hr>163</ns3:hr>
            <ns3:cad>102</ns3:cad>
          </ns3:TrackPointExtension>
        </extensions>
      </trkpt>
      <trkpt lat="34.23327346332371234893798828125" lon="108.93757372163236141204833984375">
        <ele>405.399993896484375</ele>
        <time>2026-02-03T12:42:33.000Z</time>
        <extensions>
          <ns3:TrackPointExtension>
            <ns3:hr>163</ns3:hr>
            <ns3:cad>102</ns3:cad>
          </ns3:TrackPointExtension>
        </extensions>
      </trkpt>
      <trkpt lat="34.23328419215977191925048828125" lon="108.93762635998427867889404296875">
        <ele>405.399993896484375</ele>
        <time>2026-02-03T12:42:34.000Z</time>
        <extensions>
          <ns3:TrackPointExtension>
            <ns3:hr>163</ns3:hr>
            <ns3:cad>103</ns3:cad>
          </ns3:TrackPointExtension>
        </extensions>
      </trkpt>
      <trkpt lat="34.23329257406294345855712890625" lon="108.93766558729112148284912109375">
        <ele>405.399993896484375</ele>
        <time>2026-02-03T12:42:35.000Z</time>
        <extensions>
          <ns3:TrackPointExtension>
            <ns3:hr>163</ns3:hr>
            <ns3:cad>103</ns3:cad>
          </ns3:TrackPointExtension>
        </extensions>
      </trkpt>
      <trkpt lat="34.23330279998481273651123046875" lon="108.93770582042634487152099609375">
        <ele>405.399993896484375</ele>
        <time>2026-02-03T12:42:36.000Z</time>
        <extensions>
          <ns3:TrackPointExtension>
            <ns3:hr>163</ns3:hr>
            <ns3:cad>102</ns3:cad>
          </ns3:TrackPointExtension>
        </extensions>
      </trkpt>
      <trkpt lat="34.2333288677036762237548828125" lon="108.9377432875335216522216796875">
        <ele>405.399993896484375</ele>
        <time>2026-02-03T12:42:37.000Z</time>
        <extensions>
          <ns3:TrackPointExtension>
            <ns3:hr>163</ns3:hr>
            <ns3:cad>102</ns3:cad>
          </ns3:TrackPointExtension>
        </extensions>
      </trkpt>
      <trkpt lat="34.2333533428609371185302734375" lon="108.93777622841298580169677734375">
        <ele>405.20001220703125</ele>
        <time>2026-02-03T12:42:38.000Z</time>
        <extensions>
          <ns3:TrackPointExtension>
            <ns3:hr>163</ns3:hr>
            <ns3:cad>102</ns3:cad>
          </ns3:TrackPointExtension>
        </extensions>
      </trkpt>
      <trkpt lat="34.233375303447246551513671875" lon="108.93780455924570560455322265625">
        <ele>405.399993896484375</ele>
        <time>2026-02-03T12:42:39.000Z</time>
        <extensions>
          <ns3:TrackPointExtension>
            <ns3:hr>163</ns3:hr>
            <ns3:cad>102</ns3:cad>
          </ns3:TrackPointExtension>
        </extensions>
      </trkpt>
      <trkpt lat="34.23340388573706150054931640625" lon="108.937830962240695953369140625">
        <ele>405.20001220703125</ele>
        <time>2026-02-03T12:42:40.000Z</time>
        <extensions>
          <ns3:TrackPointExtension>
            <ns3:hr>163</ns3:hr>
            <ns3:cad>102</ns3:cad>
          </ns3:TrackPointExtension>
        </extensions>
      </trkpt>
      <trkpt lat="34.23344202339649200439453125" lon="108.93785887397825717926025390625">
        <ele>405.20001220703125</ele>
        <time>2026-02-03T12:42:41.000Z</time>
        <extensions>
          <ns3:TrackPointExtension>
            <ns3:hr>163</ns3:hr>
            <ns3:cad>102</ns3:cad>
          </ns3:TrackPointExtension>
        </extensions>
      </trkpt>
      <trkpt lat="34.23347295261919498443603515625" lon="108.93788116984069347381591796875">
        <ele>405.20001220703125</ele>
        <time>2026-02-03T12:42:42.000Z</time>
        <extensions>
          <ns3:TrackPointExtension>
            <ns3:hr>163</ns3:hr>
            <ns3:cad>102</ns3:cad>
          </ns3:TrackPointExtension>
        </extensions>
      </trkpt>
      <trkpt lat="34.233504720032215118408203125" lon="108.93789424560964107513427734375">
        <ele>405.399993896484375</ele>
        <time>2026-02-03T12:42:43.000Z</time>
        <extensions>
          <ns3:TrackPointExtension>
            <ns3:hr>163</ns3:hr>
            <ns3:cad>102</ns3:cad>
          </ns3:TrackPointExtension>
        </extensions>
      </trkpt>
      <trkpt lat="34.2335431091487407684326171875" lon="108.93790799193084239959716796875">
        <ele>405.20001220703125</ele>
        <time>2026-02-03T12:42:44.000Z</time>
        <extensions>
          <ns3:TrackPointExtension>
            <ns3:hr>163</ns3:hr>
            <ns3:cad>104</ns3:cad>
          </ns3:TrackPointExtension>
        </extensions>
      </trkpt>
      <trkpt lat="34.23358493484556674957275390625" lon="108.9379156194627285003662109375">
        <ele>405.20001220703125</ele>
        <time>2026-02-03T12:42:45.000Z</time>
        <extensions>
          <ns3:TrackPointExtension>
            <ns3:hr>164</ns3:hr>
            <ns3:cad>104</ns3:cad>
          </ns3:TrackPointExtension>
        </extensions>
      </trkpt>
      <trkpt lat="34.23361879773437976837158203125" lon="108.93792090006172657012939453125">
        <ele>405.20001220703125</ele>
        <time>2026-02-03T12:42:46.000Z</time>
        <extensions>
          <ns3:TrackPointExtension>
            <ns3:hr>161</ns3:hr>
            <ns3:cad>104</ns3:cad>
          </ns3:TrackPointExtension>
        </extensions>
      </trkpt>
      <trkpt lat="34.23365919850766658782958984375" lon="108.93792307935655117034912109375">
        <ele>405.20001220703125</ele>
        <time>2026-02-03T12:42:47.000Z</time>
        <extensions>
          <ns3:TrackPointExtension>
            <ns3:hr>160</ns3:hr>
            <ns3:cad>104</ns3:cad>
          </ns3:TrackPointExtension>
        </extensions>
      </trkpt>
      <trkpt lat="34.23370278440415859222412109375" lon="108.93791872076690196990966796875">
        <ele>405</ele>
        <time>2026-02-03T12:42:48.000Z</time>
        <extensions>
          <ns3:TrackPointExtension>
            <ns3:hr>160</ns3:hr>
            <ns3:cad>101</ns3:cad>
          </ns3:TrackPointExtension>
        </extensions>
      </trkpt>
      <trkpt lat="34.2337335459887981414794921875" lon="108.93792592920362949371337890625">
        <ele>405</ele>
        <time>2026-02-03T12:42:49.000Z</time>
        <extensions>
          <ns3:TrackPointExtension>
            <ns3:hr>160</ns3:hr>
            <ns3:cad>101</ns3:cad>
          </ns3:TrackPointExtension>
        </extensions>
      </trkpt>
      <trkpt lat="34.2337714321911334991455078125" lon="108.9379183016717433929443359375">
        <ele>405.20001220703125</ele>
        <time>2026-02-03T12:42:50.000Z</time>
        <extensions>
          <ns3:TrackPointExtension>
            <ns3:hr>161</ns3:hr>
            <ns3:cad>101</ns3:cad>
          </ns3:TrackPointExtension>
        </extensions>
      </trkpt>
      <trkpt lat="34.23380822874605655670166015625" lon="108.93791335634887218475341796875">
        <ele>405</ele>
        <time>2026-02-03T12:42:51.000Z</time>
        <extensions>
          <ns3:TrackPointExtension>
            <ns3:hr>160</ns3:hr>
            <ns3:cad>101</ns3:cad>
          </ns3:TrackPointExtension>
        </extensions>
      </trkpt>
      <trkpt lat="34.23383974470198154449462890625" lon="108.9379209838807582855224609375">
        <ele>405</ele>
        <time>2026-02-03T12:42:52.000Z</time>
        <extensions>
          <ns3:TrackPointExtension>
            <ns3:hr>160</ns3:hr>
            <ns3:cad>101</ns3:cad>
          </ns3:TrackPointExtension>
        </extensions>
      </trkpt>
      <trkpt lat="34.2338673211634159088134765625" lon="108.937920816242694854736328125">
        <ele>405</ele>
        <time>2026-02-03T12:42:53.000Z</time>
        <extensions>
          <ns3:TrackPointExtension>
            <ns3:hr>160</ns3:hr>
            <ns3:cad>101</ns3:cad>
          </ns3:TrackPointExtension>
        </extensions>
      </trkpt>
      <trkpt lat="34.233903028070926666259765625" lon="108.9379199780523777008056640625">
        <ele>405</ele>
        <time>2026-02-03T12:42:54.000Z</time>
        <extensions>
          <ns3:TrackPointExtension>
            <ns3:hr>160</ns3:hr>
            <ns3:cad>101</ns3:cad>
          </ns3:TrackPointExtension>
        </extensions>
      </trkpt>
      <trkpt lat="34.233933202922344207763671875" lon="108.93791989423334598541259765625">
        <ele>405</ele>
        <time>2026-02-03T12:42:55.000Z</time>
        <extensions>
          <ns3:TrackPointExtension>
            <ns3:hr>160</ns3:hr>
            <ns3:cad>101</ns3:cad>
          </ns3:TrackPointExtension>
        </extensions>
      </trkpt>
      <trkpt lat="34.2339628748595714569091796875" lon="108.9379162900149822235107421875">
        <ele>405</ele>
        <time>2026-02-03T12:42:56.000Z</time>
        <extensions>
          <ns3:TrackPointExtension>
            <ns3:hr>160</ns3:hr>
            <ns3:cad>101</ns3:cad>
          </ns3:TrackPointExtension>
        </extensions>
      </trkpt>
      <trkpt lat="34.23399799503386020660400390625" lon="108.93791268579661846160888671875">
        <ele>405</ele>
        <time>2026-02-03T12:42:57.000Z</time>
        <extensions>
          <ns3:TrackPointExtension>
            <ns3:hr>160</ns3:hr>
            <ns3:cad>101</ns3:cad>
          </ns3:TrackPointExtension>
        </extensions>
      </trkpt>
      <trkpt lat="34.23402942717075347900390625" lon="108.9379109255969524383544921875">
        <ele>405</ele>
        <time>2026-02-03T12:42:58.000Z</time>
        <extensions>
          <ns3:TrackPointExtension>
            <ns3:hr>160</ns3:hr>
            <ns3:cad>101</ns3:cad>
          </ns3:TrackPointExtension>
        </extensions>
      </trkpt>
      <trkpt lat="34.23405985347926616668701171875" lon="108.93791042268276214599609375">
        <ele>405</ele>
        <time>2026-02-03T12:42:59.000Z</time>
        <extensions>
          <ns3:TrackPointExtension>
            <ns3:hr>160</ns3:hr>
            <ns3:cad>101</ns3:cad>
          </ns3:TrackPointExtension>
        </extensions>
      </trkpt>
      <trkpt lat="34.2340946383774280548095703125" lon="108.9379070699214935302734375">
        <ele>405</ele>
        <time>2026-02-03T12:43:00.000Z</time>
        <extensions>
          <ns3:TrackPointExtension>
            <ns3:hr>160</ns3:hr>
            <ns3:cad>101</ns3:cad>
          </ns3:TrackPointExtension>
        </extensions>
      </trkpt>
      <trkpt lat="34.23412590287625789642333984375" lon="108.9379052259027957916259765625">
        <ele>405</ele>
        <time>2026-02-03T12:43:01.000Z</time>
        <extensions>
          <ns3:TrackPointExtension>
            <ns3:hr>160</ns3:hr>
            <ns3:cad>101</ns3:cad>
          </ns3:TrackPointExtension>
        </extensions>
      </trkpt>
      <trkpt lat="34.2341563291847705841064453125" lon="108.93790598027408123016357421875">
        <ele>405</ele>
        <time>2026-02-03T12:43:02.000Z</time>
        <extensions>
          <ns3:TrackPointExtension>
            <ns3:hr>161</ns3:hr>
            <ns3:cad>101</ns3:cad>
          </ns3:TrackPointExtension>
        </extensions>
      </trkpt>
      <trkpt lat="34.23419044353067874908447265625" lon="108.93790614791214466094970703125">
        <ele>405.20001220703125</ele>
        <time>2026-02-03T12:43:03.000Z</time>
        <extensions>
          <ns3:TrackPointExtension>
            <ns3:hr>161</ns3:hr>
            <ns3:cad>101</ns3:cad>
          </ns3:TrackPointExtension>
        </extensions>
      </trkpt>
      <trkpt lat="34.234227575361728668212890625" lon="108.93790505826473236083984375">
        <ele>405.20001220703125</ele>
        <time>2026-02-03T12:43:04.000Z</time>
        <extensions>
          <ns3:TrackPointExtension>
            <ns3:hr>161</ns3:hr>
            <ns3:cad>101</ns3:cad>
          </ns3:TrackPointExtension>
        </extensions>
      </trkpt>
      <trkpt lat="34.23426085151731967926025390625" lon="108.93790966831147670745849609375">
        <ele>405</ele>
        <time>2026-02-03T12:43:05.000Z</time>
        <extensions>
          <ns3:TrackPointExtension>
            <ns3:hr>161</ns3:hr>
            <ns3:cad>101</ns3:cad>
          </ns3:TrackPointExtension>
        </extensions>
      </trkpt>
      <trkpt lat="34.23429136164486408233642578125" lon="108.9379079081118106842041015625">
        <ele>405</ele>
        <time>2026-02-03T12:43:06.000Z</time>
        <extensions>
          <ns3:TrackPointExtension>
            <ns3:hr>161</ns3:hr>
            <ns3:cad>102</ns3:cad>
          </ns3:TrackPointExtension>
        </extensions>
      </trkpt>
      <trkpt lat="34.23432757146656513214111328125" lon="108.9379043877124786376953125">
        <ele>405</ele>
        <time>2026-02-03T12:43:07.000Z</time>
        <extensions>
          <ns3:TrackPointExtension>
            <ns3:hr>161</ns3:hr>
            <ns3:cad>102</ns3:cad>
          </ns3:TrackPointExtension>
        </extensions>
      </trkpt>
      <trkpt lat="34.23436109907925128936767578125" lon="108.93790463916957378387451171875">
        <ele>405</ele>
        <time>2026-02-03T12:43:08.000Z</time>
        <extensions>
          <ns3:TrackPointExtension>
            <ns3:hr>161</ns3:hr>
            <ns3:cad>102</ns3:cad>
          </ns3:TrackPointExtension>
        </extensions>
      </trkpt>
      <trkpt lat="34.23438875935971736907958984375" lon="108.93790564499795436859130859375">
        <ele>405</ele>
        <time>2026-02-03T12:43:09.000Z</time>
        <extensions>
          <ns3:TrackPointExtension>
            <ns3:hr>161</ns3:hr>
            <ns3:cad>102</ns3:cad>
          </ns3:TrackPointExtension>
        </extensions>
      </trkpt>
      <trkpt lat="34.2344217002391815185546875" lon="108.93790505826473236083984375">
        <ele>405</ele>
        <time>2026-02-03T12:43:10.000Z</time>
        <extensions>
          <ns3:TrackPointExtension>
            <ns3:hr>161</ns3:hr>
            <ns3:cad>102</ns3:cad>
          </ns3:TrackPointExtension>
        </extensions>
      </trkpt>
      <trkpt lat="34.23446050845086574554443359375" lon="108.9378965087234973907470703125">
        <ele>405</ele>
        <time>2026-02-03T12:43:11.000Z</time>
        <extensions>
          <ns3:TrackPointExtension>
            <ns3:hr>161</ns3:hr>
            <ns3:cad>102</ns3:cad>
          </ns3:TrackPointExtension>
        </extensions>
      </trkpt>
      <trkpt lat="34.23449554480612277984619140625" lon="108.9378921501338481903076171875">
        <ele>405</ele>
        <time>2026-02-03T12:43:12.000Z</time>
        <extensions>
          <ns3:TrackPointExtension>
            <ns3:hr>161</ns3:hr>
            <ns3:cad>102</ns3:cad>
          </ns3:TrackPointExtension>
        </extensions>
      </trkpt>
      <trkpt lat="34.23453024588525295257568359375" lon="108.937879912555217742919921875">
        <ele>405</ele>
        <time>2026-02-03T12:43:13.000Z</time>
        <extensions>
          <ns3:TrackPointExtension>
            <ns3:hr>161</ns3:hr>
            <ns3:cad>102</ns3:cad>
          </ns3:TrackPointExtension>
        </extensions>
      </trkpt>
      <trkpt lat="34.2345678806304931640625" lon="108.937859795987606048583984375">
        <ele>405</ele>
        <time>2026-02-03T12:43:14.000Z</time>
        <extensions>
          <ns3:TrackPointExtension>
            <ns3:hr>161</ns3:hr>
            <ns3:cad>102</ns3:cad>
          </ns3:TrackPointExtension>
        </extensions>
      </trkpt>
      <trkpt lat="34.23459931276738643646240234375" lon="108.9378395117819309234619140625">
        <ele>405</ele>
        <time>2026-02-03T12:43:15.000Z</time>
        <extensions>
          <ns3:TrackPointExtension>
            <ns3:hr>161</ns3:hr>
            <ns3:cad>102</ns3:cad>
          </ns3:TrackPointExtension>
        </extensions>
      </trkpt>
      <trkpt lat="34.2346297390758991241455078125" lon="108.93781763501465320587158203125">
        <ele>405</ele>
        <time>2026-02-03T12:43:16.000Z</time>
        <extensions>
          <ns3:TrackPointExtension>
            <ns3:hr>162</ns3:hr>
            <ns3:cad>102</ns3:cad>
          </ns3:TrackPointExtension>
        </extensions>
      </trkpt>
      <trkpt lat="34.2346582375466823577880859375" lon="108.9377858676016330718994140625">
        <ele>405</ele>
        <time>2026-02-03T12:43:17.000Z</time>
        <extensions>
          <ns3:TrackPointExtension>
            <ns3:hr>161</ns3:hr>
            <ns3:cad>103</ns3:cad>
          </ns3:TrackPointExtension>
        </extensions>
      </trkpt>
      <trkpt lat="34.23468078486621379852294921875" lon="108.9377483166754245758056640625">
        <ele>405</ele>
        <time>2026-02-03T12:43:18.000Z</time>
        <extensions>
          <ns3:TrackPointExtension>
            <ns3:hr>161</ns3:hr>
            <ns3:cad>103</ns3:cad>
          </ns3:TrackPointExtension>
        </extensions>
      </trkpt>
      <trkpt lat="34.2347008176147937774658203125" lon="108.9377144537866115570068359375">
        <ele>405</ele>
        <time>2026-02-03T12:43:19.000Z</time>
        <extensions>
          <ns3:TrackPointExtension>
            <ns3:hr>161</ns3:hr>
            <ns3:cad>95</ns3:cad>
          </ns3:TrackPointExtension>
        </extensions>
      </trkpt>
      <trkpt lat="34.23472135327756404876708984375" lon="108.93767614848911762237548828125">
        <ele>405</ele>
        <time>2026-02-03T12:43:20.000Z</time>
        <extensions>
          <ns3:TrackPointExtension>
            <ns3:hr>162</ns3:hr>
            <ns3:cad>95</ns3:cad>
          </ns3:TrackPointExtension>
        </extensions>
      </trkpt>
      <trkpt lat="34.23473459668457508087158203125" lon="108.93763071857392787933349609375">
        <ele>404.79998779296875</ele>
        <time>2026-02-03T12:43:21.000Z</time>
        <extensions>
          <ns3:TrackPointExtension>
            <ns3:hr>161</ns3:hr>
            <ns3:cad>95</ns3:cad>
          </ns3:TrackPointExtension>
        </extensions>
      </trkpt>
      <trkpt lat="34.23474901355803012847900390625" lon="108.93758109770715236663818359375">
        <ele>404.79998779296875</ele>
        <time>2026-02-03T12:43:22.000Z</time>
        <extensions>
          <ns3:TrackPointExtension>
            <ns3:hr>161</ns3:hr>
            <ns3:cad>102</ns3:cad>
          </ns3:TrackPointExtension>
        </extensions>
      </trkpt>
      <trkpt lat="34.234763346612453460693359375" lon="108.9375427924096584320068359375">
        <ele>405</ele>
        <time>2026-02-03T12:43:23.000Z</time>
        <extensions>
          <ns3:TrackPointExtension>
            <ns3:hr>162</ns3:hr>
            <ns3:cad>102</ns3:cad>
          </ns3:TrackPointExtension>
        </extensions>
      </trkpt>
      <trkpt lat="34.234770052134990692138671875" lon="108.93749677576124668121337890625">
        <ele>405</ele>
        <time>2026-02-03T12:43:24.000Z</time>
        <extensions>
          <ns3:TrackPointExtension>
            <ns3:hr>161</ns3:hr>
            <ns3:cad>102</ns3:cad>
          </ns3:TrackPointExtension>
        </extensions>
      </trkpt>
      <trkpt lat="34.234768040478229522705078125" lon="108.93744883127510547637939453125">
        <ele>405</ele>
        <time>2026-02-03T12:43:25.000Z</time>
        <extensions>
          <ns3:TrackPointExtension>
            <ns3:hr>161</ns3:hr>
            <ns3:cad>102</ns3:cad>
          </ns3:TrackPointExtension>
        </extensions>
      </trkpt>
      <trkpt lat="34.23476544208824634552001953125" lon="108.93740457482635974884033203125">
        <ele>405</ele>
        <time>2026-02-03T12:43:26.000Z</time>
        <extensions>
          <ns3:TrackPointExtension>
            <ns3:hr>162</ns3:hr>
            <ns3:cad>102</ns3:cad>
          </ns3:TrackPointExtension>
        </extensions>
      </trkpt>
      <trkpt lat="34.234758317470550537109375" lon="108.9373644255101680755615234375">
        <ele>405</ele>
        <time>2026-02-03T12:43:27.000Z</time>
        <extensions>
          <ns3:TrackPointExtension>
            <ns3:hr>161</ns3:hr>
            <ns3:cad>103</ns3:cad>
          </ns3:TrackPointExtension>
        </extensions>
      </trkpt>
      <trkpt lat="34.2347444035112857818603515625" lon="108.93732142634689807891845703125">
        <ele>404.79998779296875</ele>
        <time>2026-02-03T12:43:28.000Z</time>
        <extensions>
          <ns3:TrackPointExtension>
            <ns3:hr>161</ns3:hr>
            <ns3:cad>103</ns3:cad>
          </ns3:TrackPointExtension>
        </extensions>
      </trkpt>
      <trkpt lat="34.2347219400107860565185546875" lon="108.93727884627878665924072265625">
        <ele>405</ele>
        <time>2026-02-03T12:43:29.000Z</time>
        <extensions>
          <ns3:TrackPointExtension>
            <ns3:hr>162</ns3:hr>
            <ns3:cad>103</ns3:cad>
          </ns3:TrackPointExtension>
        </extensions>
      </trkpt>
      <trkpt lat="34.23470760695636272430419921875" lon="108.93724129535257816314697265625">
        <ele>405</ele>
        <time>2026-02-03T12:43:30.000Z</time>
        <extensions>
          <ns3:TrackPointExtension>
            <ns3:hr>161</ns3:hr>
            <ns3:cad>103</ns3:cad>
          </ns3:TrackPointExtension>
        </extensions>
      </trkpt>
      <trkpt lat="34.23468514345586299896240234375" lon="108.9372024871408939361572265625">
        <ele>405</ele>
        <time>2026-02-03T12:43:31.000Z</time>
        <extensions>
          <ns3:TrackPointExtension>
            <ns3:hr>161</ns3:hr>
            <ns3:cad>103</ns3:cad>
          </ns3:TrackPointExtension>
        </extensions>
      </trkpt>
      <trkpt lat="34.23465840518474578857421875" lon="108.93716384656727313995361328125">
        <ele>405</ele>
        <time>2026-02-03T12:43:32.000Z</time>
        <extensions>
          <ns3:TrackPointExtension>
            <ns3:hr>162</ns3:hr>
            <ns3:cad>103</ns3:cad>
          </ns3:TrackPointExtension>
        </extensions>
      </trkpt>
      <trkpt lat="34.23463451676070690155029296875" lon="108.937129564583301544189453125">
        <ele>404.79998779296875</ele>
        <time>2026-02-03T12:43:33.000Z</time>
        <extensions>
          <ns3:TrackPointExtension>
            <ns3:hr>162</ns3:hr>
            <ns3:cad>102</ns3:cad>
          </ns3:TrackPointExtension>
        </extensions>
      </trkpt>
      <trkpt lat="34.2346052639186382293701171875" lon="108.93710617907345294952392578125">
        <ele>404.79998779296875</ele>
        <time>2026-02-03T12:43:34.000Z</time>
        <extensions>
          <ns3:TrackPointExtension>
            <ns3:hr>162</ns3:hr>
            <ns3:cad>102</ns3:cad>
          </ns3:TrackPointExtension>
        </extensions>
      </trkpt>
      <trkpt lat="34.23457064665853977203369140625" lon="108.93708421848714351654052734375">
        <ele>404.79998779296875</ele>
        <time>2026-02-03T12:43:35.000Z</time>
        <extensions>
          <ns3:TrackPointExtension>
            <ns3:hr>162</ns3:hr>
            <ns3:cad>102</ns3:cad>
          </ns3:TrackPointExtension>
        </extensions>
      </trkpt>
      <trkpt lat="34.2345392145216464996337890625" lon="108.9370646886527538299560546875">
        <ele>404.79998779296875</ele>
        <time>2026-02-03T12:43:36.000Z</time>
        <extensions>
          <ns3:TrackPointExtension>
            <ns3:hr>162</ns3:hr>
            <ns3:cad>102</ns3:cad>
          </ns3:TrackPointExtension>
        </extensions>
      </trkpt>
      <trkpt lat="34.23450878821313381195068359375" lon="108.93704809248447418212890625">
        <ele>404.79998779296875</ele>
        <time>2026-02-03T12:43:37.000Z</time>
        <extensions>
          <ns3:TrackPointExtension>
            <ns3:hr>161</ns3:hr>
            <ns3:cad>102</ns3:cad>
          </ns3:TrackPointExtension>
        </extensions>
      </trkpt>
      <trkpt lat="34.234471656382083892822265625" lon="108.93704448826611042022705078125">
        <ele>405</ele>
        <time>2026-02-03T12:43:38.000Z</time>
        <extensions>
          <ns3:TrackPointExtension>
            <ns3:hr>162</ns3:hr>
            <ns3:cad>101</ns3:cad>
          </ns3:TrackPointExtension>
        </extensions>
      </trkpt>
      <trkpt lat="34.23443502746522426605224609375" lon="108.93703937530517578125">
        <ele>405</ele>
        <time>2026-02-03T12:43:39.000Z</time>
        <extensions>
          <ns3:TrackPointExtension>
            <ns3:hr>162</ns3:hr>
            <ns3:cad>101</ns3:cad>
          </ns3:TrackPointExtension>
        </extensions>
      </trkpt>
      <trkpt lat="34.2344030924141407012939453125" lon="108.93703945912420749664306640625">
        <ele>405</ele>
        <time>2026-02-03T12:43:40.000Z</time>
        <extensions>
          <ns3:TrackPointExtension>
            <ns3:hr>162</ns3:hr>
            <ns3:cad>101</ns3:cad>
          </ns3:TrackPointExtension>
        </extensions>
      </trkpt>
      <trkpt lat="34.23436562530696392059326171875" lon="108.93704147078096866607666015625">
        <ele>405</ele>
        <time>2026-02-03T12:43:41.000Z</time>
        <extensions>
          <ns3:TrackPointExtension>
            <ns3:hr>161</ns3:hr>
            <ns3:cad>101</ns3:cad>
          </ns3:TrackPointExtension>
        </extensions>
      </trkpt>
      <trkpt lat="34.23432321287691593170166015625" lon="108.93704515881836414337158203125">
        <ele>405</ele>
        <time>2026-02-03T12:43:42.000Z</time>
        <extensions>
          <ns3:TrackPointExtension>
            <ns3:hr>161</ns3:hr>
            <ns3:cad>101</ns3:cad>
          </ns3:TrackPointExtension>
        </extensions>
      </trkpt>
      <trkpt lat="34.23428532667458057403564453125" lon="108.93704616464674472808837890625">
        <ele>405</ele>
        <time>2026-02-03T12:43:43.000Z</time>
        <extensions>
          <ns3:TrackPointExtension>
            <ns3:hr>161</ns3:hr>
            <ns3:cad>101</ns3:cad>
          </ns3:TrackPointExtension>
        </extensions>
      </trkpt>
      <trkpt lat="34.23424995504319667816162109375" lon="108.937043063342571258544921875">
        <ele>405</ele>
        <time>2026-02-03T12:43:44.000Z</time>
        <extensions>
          <ns3:TrackPointExtension>
            <ns3:hr>160</ns3:hr>
            <ns3:cad>101</ns3:cad>
          </ns3:TrackPointExtension>
        </extensions>
      </trkpt>
      <trkpt lat="34.23421047627925872802734375" lon="108.93704448826611042022705078125">
        <ele>404.79998779296875</ele>
        <time>2026-02-03T12:43:45.000Z</time>
        <extensions>
          <ns3:TrackPointExtension>
            <ns3:hr>158</ns3:hr>
            <ns3:cad>101</ns3:cad>
          </ns3:TrackPointExtension>
        </extensions>
      </trkpt>
      <trkpt lat="34.23417669720947742462158203125" lon="108.937043733894824981689453125">
        <ele>404.79998779296875</ele>
        <time>2026-02-03T12:43:46.000Z</time>
        <extensions>
          <ns3:TrackPointExtension>
            <ns3:hr>158</ns3:hr>
            <ns3:cad>102</ns3:cad>
          </ns3:TrackPointExtension>
        </extensions>
      </trkpt>
      <trkpt lat="34.23414635471999645233154296875" lon="108.93703929148614406585693359375">
        <ele>404.79998779296875</ele>
        <time>2026-02-03T12:43:47.000Z</time>
        <extensions>
          <ns3:TrackPointExtension>
            <ns3:hr>158</ns3:hr>
            <ns3:cad>102</ns3:cad>
          </ns3:TrackPointExtension>
        </extensions>
      </trkpt>
      <trkpt lat="34.23411048017442226409912109375" lon="108.937044404447078704833984375">
        <ele>404.79998779296875</ele>
        <time>2026-02-03T12:43:48.000Z</time>
        <extensions>
          <ns3:TrackPointExtension>
            <ns3:hr>157</ns3:hr>
            <ns3:cad>95</ns3:cad>
          </ns3:TrackPointExtension>
        </extensions>
      </trkpt>
      <trkpt lat="34.23407108522951602935791015625" lon="108.93704649992287158966064453125">
        <ele>404.79998779296875</ele>
        <time>2026-02-03T12:43:49.000Z</time>
        <extensions>
          <ns3:TrackPointExtension>
            <ns3:hr>157</ns3:hr>
            <ns3:cad>95</ns3:cad>
          </ns3:TrackPointExtension>
        </extensions>
      </trkpt>
      <trkpt lat="34.23404216766357421875" lon="108.93704432062804698944091796875">
        <ele>404.79998779296875</ele>
        <time>2026-02-03T12:43:50.000Z</time>
        <extensions>
          <ns3:TrackPointExtension>
            <ns3:hr>157</ns3:hr>
            <ns3:cad>95</ns3:cad>
          </ns3:TrackPointExtension>
        </extensions>
      </trkpt>
      <trkpt lat="34.23401006497442722320556640625" lon="108.9370472542941570281982421875">
        <ele>404.79998779296875</ele>
        <time>2026-02-03T12:43:51.000Z</time>
        <extensions>
          <ns3:TrackPointExtension>
            <ns3:hr>157</ns3:hr>
            <ns3:cad>103</ns3:cad>
          </ns3:TrackPointExtension>
        </extensions>
      </trkpt>
      <trkpt lat="34.23397184349596500396728515625" lon="108.9370514452457427978515625">
        <ele>404.79998779296875</ele>
        <time>2026-02-03T12:43:52.000Z</time>
        <extensions>
          <ns3:TrackPointExtension>
            <ns3:hr>157</ns3:hr>
            <ns3:cad>103</ns3:cad>
          </ns3:TrackPointExtension>
        </extensions>
      </trkpt>
      <trkpt lat="34.233937226235866546630859375" lon="108.93705211579799652099609375">
        <ele>404.79998779296875</ele>
        <time>2026-02-03T12:43:53.000Z</time>
        <extensions>
          <ns3:TrackPointExtension>
            <ns3:hr>157</ns3:hr>
            <ns3:cad>95</ns3:cad>
          </ns3:TrackPointExtension>
        </extensions>
      </trkpt>
      <trkpt lat="34.233904369175434112548828125" lon="108.93704943358898162841796875">
        <ele>404.79998779296875</ele>
        <time>2026-02-03T12:43:54.000Z</time>
        <extensions>
          <ns3:TrackPointExtension>
            <ns3:hr>157</ns3:hr>
            <ns3:cad>95</ns3:cad>
          </ns3:TrackPointExtension>
        </extensions>
      </trkpt>
      <trkpt lat="34.2338663153350353240966796875" lon="108.93705152906477451324462890625">
        <ele>404.79998779296875</ele>
        <time>2026-02-03T12:43:55.000Z</time>
        <extensions>
          <ns3:TrackPointExtension>
            <ns3:hr>157</ns3:hr>
            <ns3:cad>95</ns3:cad>
          </ns3:TrackPointExtension>
        </extensions>
      </trkpt>
      <trkpt lat="34.23382985405623912811279296875" lon="108.93705471418797969818115234375">
        <ele>404.79998779296875</ele>
        <time>2026-02-03T12:43:56.000Z</time>
        <extensions>
          <ns3:TrackPointExtension>
            <ns3:hr>158</ns3:hr>
            <ns3:cad>95</ns3:cad>
          </ns3:TrackPointExtension>
        </extensions>
      </trkpt>
      <trkpt lat="34.23379766754806041717529296875" lon="108.93705538474023342132568359375">
        <ele>404.79998779296875</ele>
        <time>2026-02-03T12:43:57.000Z</time>
        <extensions>
          <ns3:TrackPointExtension>
            <ns3:hr>157</ns3:hr>
            <ns3:cad>95</ns3:cad>
          </ns3:TrackPointExtension>
        </extensions>
      </trkpt>
      <trkpt lat="34.23376254737377166748046875" lon="108.93706058152019977569580078125">
        <ele>404.79998779296875</ele>
        <time>2026-02-03T12:43:58.000Z</time>
        <extensions>
          <ns3:TrackPointExtension>
            <ns3:hr>157</ns3:hr>
            <ns3:cad>95</ns3:cad>
          </ns3:TrackPointExtension>
        </extensions>
      </trkpt>
      <trkpt lat="34.233723990619182586669921875" lon="108.93706225790083408355712890625">
        <ele>404.79998779296875</ele>
        <time>2026-02-03T12:43:59.000Z</time>
        <extensions>
          <ns3:TrackPointExtension>
            <ns3:hr>158</ns3:hr>
            <ns3:cad>101</ns3:cad>
          </ns3:TrackPointExtension>
        </extensions>
      </trkpt>
      <trkpt lat="34.2336929775774478912353515625" lon="108.937059827148914337158203125">
        <ele>404.600006103515625</ele>
        <time>2026-02-03T12:44:00.000Z</time>
        <extensions>
          <ns3:TrackPointExtension>
            <ns3:hr>158</ns3:hr>
            <ns3:cad>101</ns3:cad>
          </ns3:TrackPointExtension>
        </extensions>
      </trkpt>
      <trkpt lat="34.233659617602825164794921875" lon="108.93706158734858036041259765625">
        <ele>404.600006103515625</ele>
        <time>2026-02-03T12:44:01.000Z</time>
        <extensions>
          <ns3:TrackPointExtension>
            <ns3:hr>158</ns3:hr>
            <ns3:cad>94</ns3:cad>
          </ns3:TrackPointExtension>
        </extensions>
      </trkpt>
      <trkpt lat="34.233625419437885284423828125" lon="108.9370667003095149993896484375">
        <ele>404.600006103515625</ele>
        <time>2026-02-03T12:44:02.000Z</time>
        <extensions>
          <ns3:TrackPointExtension>
            <ns3:hr>158</ns3:hr>
            <ns3:cad>94</ns3:cad>
          </ns3:TrackPointExtension>
        </extensions>
      </trkpt>
      <trkpt lat="34.23359432257711887359619140625" lon="108.937068544328212738037109375">
        <ele>404.600006103515625</ele>
        <time>2026-02-03T12:44:03.000Z</time>
        <extensions>
          <ns3:TrackPointExtension>
            <ns3:hr>158</ns3:hr>
            <ns3:cad>101</ns3:cad>
          </ns3:TrackPointExtension>
        </extensions>
      </trkpt>
      <trkpt lat="34.2335652373731136322021484375" lon="108.937073238193988800048828125">
        <ele>404.600006103515625</ele>
        <time>2026-02-03T12:44:04.000Z</time>
        <extensions>
          <ns3:TrackPointExtension>
            <ns3:hr>158</ns3:hr>
            <ns3:cad>101</ns3:cad>
          </ns3:TrackPointExtension>
        </extensions>
      </trkpt>
      <trkpt lat="34.23352927900850772857666015625" lon="108.93708832561969757080078125">
        <ele>404.600006103515625</ele>
        <time>2026-02-03T12:44:05.000Z</time>
        <extensions>
          <ns3:TrackPointExtension>
            <ns3:hr>159</ns3:hr>
            <ns3:cad>101</ns3:cad>
          </ns3:TrackPointExtension>
        </extensions>
      </trkpt>
      <trkpt lat="34.23349759541451930999755859375" lon="108.93710098229348659515380859375">
        <ele>404.600006103515625</ele>
        <time>2026-02-03T12:44:06.000Z</time>
        <extensions>
          <ns3:TrackPointExtension>
            <ns3:hr>159</ns3:hr>
            <ns3:cad>101</ns3:cad>
          </ns3:TrackPointExtension>
        </extensions>
      </trkpt>
      <trkpt lat="34.23346959985792636871337890625" lon="108.9371122978627681732177734375">
        <ele>404.600006103515625</ele>
        <time>2026-02-03T12:44:07.000Z</time>
        <extensions>
          <ns3:TrackPointExtension>
            <ns3:hr>159</ns3:hr>
            <ns3:cad>101</ns3:cad>
          </ns3:TrackPointExtension>
        </extensions>
      </trkpt>
      <trkpt lat="34.23344068229198455810546875" lon="108.93714238889515399932861328125">
        <ele>404.79998779296875</ele>
        <time>2026-02-03T12:44:08.000Z</time>
        <extensions>
          <ns3:TrackPointExtension>
            <ns3:hr>159</ns3:hr>
            <ns3:cad>102</ns3:cad>
          </ns3:TrackPointExtension>
        </extensions>
      </trkpt>
      <trkpt lat="34.23340807668864727020263671875" lon="108.93717390485107898712158203125">
        <ele>404.79998779296875</ele>
        <time>2026-02-03T12:44:09.000Z</time>
        <extensions>
          <ns3:TrackPointExtension>
            <ns3:hr>158</ns3:hr>
            <ns3:cad>102</ns3:cad>
          </ns3:TrackPointExtension>
        </extensions>
      </trkpt>
      <trkpt lat="34.23338360153138637542724609375" lon="108.93720231950283050537109375">
        <ele>404.600006103515625</ele>
        <time>2026-02-03T12:44:10.000Z</time>
        <extensions>
          <ns3:TrackPointExtension>
            <ns3:hr>159</ns3:hr>
            <ns3:cad>101</ns3:cad>
          </ns3:TrackPointExtension>
        </extensions>
      </trkpt>
      <trkpt lat="34.2333607189357280731201171875" lon="108.93723341636359691619873046875">
        <ele>404.600006103515625</ele>
        <time>2026-02-03T12:44:11.000Z</time>
        <extensions>
          <ns3:TrackPointExtension>
            <ns3:hr>159</ns3:hr>
            <ns3:cad>101</ns3:cad>
          </ns3:TrackPointExtension>
        </extensions>
      </trkpt>
      <trkpt lat="34.23334169201552867889404296875" lon="108.937271051108837127685546875">
        <ele>404.600006103515625</ele>
        <time>2026-02-03T12:44:12.000Z</time>
        <extensions>
          <ns3:TrackPointExtension>
            <ns3:hr>159</ns3:hr>
            <ns3:cad>101</ns3:cad>
          </ns3:TrackPointExtension>
        </extensions>
      </trkpt>
      <trkpt lat="34.2333214916288852691650390625" lon="108.9373114518821239471435546875">
        <ele>404.79998779296875</ele>
        <time>2026-02-03T12:44:13.000Z</time>
        <extensions>
          <ns3:TrackPointExtension>
            <ns3:hr>159</ns3:hr>
            <ns3:cad>101</ns3:cad>
          </ns3:TrackPointExtension>
        </extensions>
      </trkpt>
      <trkpt lat="34.23330724239349365234375" lon="108.937347494065761566162109375">
        <ele>404.600006103515625</ele>
        <time>2026-02-03T12:44:14.000Z</time>
        <extensions>
          <ns3:TrackPointExtension>
            <ns3:hr>159</ns3:hr>
            <ns3:cad>102</ns3:cad>
          </ns3:TrackPointExtension>
        </extensions>
      </trkpt>
      <trkpt lat="34.2332970164716243743896484375" lon="108.93739066086709499359130859375">
        <ele>404.79998779296875</ele>
        <time>2026-02-03T12:44:15.000Z</time>
        <extensions>
          <ns3:TrackPointExtension>
            <ns3:hr>159</ns3:hr>
            <ns3:cad>102</ns3:cad>
          </ns3:TrackPointExtension>
        </extensions>
      </trkpt>
      <trkpt lat="34.23328888602554798126220703125" lon="108.937437348067760467529296875">
        <ele>404.79998779296875</ele>
        <time>2026-02-03T12:44:16.000Z</time>
        <extensions>
          <ns3:TrackPointExtension>
            <ns3:hr>159</ns3:hr>
            <ns3:cad>102</ns3:cad>
          </ns3:TrackPointExtension>
        </extensions>
      </trkpt>
      <trkpt lat="34.23328301869332790374755859375" lon="108.9374754019081592559814453125">
        <ele>404.600006103515625</ele>
        <time>2026-02-03T12:44:17.000Z</time>
        <extensions>
          <ns3:TrackPointExtension>
            <ns3:hr>160</ns3:hr>
            <ns3:cad>102</ns3:cad>
          </ns3:TrackPointExtension>
        </extensions>
      </trkpt>
      <trkpt lat="34.2332836054265499114990234375" lon="108.93751471303403377532958984375">
        <ele>404.600006103515625</ele>
        <time>2026-02-03T12:44:18.000Z</time>
        <extensions>
          <ns3:TrackPointExtension>
            <ns3:hr>160</ns3:hr>
            <ns3:cad>102</ns3:cad>
          </ns3:TrackPointExtension>
        </extensions>
      </trkpt>
      <trkpt lat="34.23329190351068973541259765625" lon="108.937562741339206695556640625">
        <ele>404.600006103515625</ele>
        <time>2026-02-03T12:44:19.000Z</time>
        <extensions>
          <ns3:TrackPointExtension>
            <ns3:hr>161</ns3:hr>
            <ns3:cad>102</ns3:cad>
          </ns3:TrackPointExtension>
        </extensions>
      </trkpt>
      <trkpt lat="34.23329844139516353607177734375" lon="108.93760607577860355377197265625">
        <ele>404.600006103515625</ele>
        <time>2026-02-03T12:44:20.000Z</time>
        <extensions>
          <ns3:TrackPointExtension>
            <ns3:hr>161</ns3:hr>
            <ns3:cad>102</ns3:cad>
          </ns3:TrackPointExtension>
        </extensions>
      </trkpt>
      <trkpt lat="34.23330564983189105987548828125" lon="108.93764329142868518829345703125">
        <ele>404.600006103515625</ele>
        <time>2026-02-03T12:44:21.000Z</time>
        <extensions>
          <ns3:TrackPointExtension>
            <ns3:hr>161</ns3:hr>
            <ns3:cad>102</ns3:cad>
          </ns3:TrackPointExtension>
        </extensions>
      </trkpt>
      <trkpt lat="34.23332325182855129241943359375" lon="108.93768587149679660797119140625">
        <ele>404.600006103515625</ele>
        <time>2026-02-03T12:44:22.000Z</time>
        <extensions>
          <ns3:TrackPointExtension>
            <ns3:hr>162</ns3:hr>
            <ns3:cad>102</ns3:cad>
          </ns3:TrackPointExtension>
        </extensions>
      </trkpt>
      <trkpt lat="34.23334672115743160247802734375" lon="108.93772803246974945068359375">
        <ele>404.600006103515625</ele>
        <time>2026-02-03T12:44:23.000Z</time>
        <extensions>
          <ns3:TrackPointExtension>
            <ns3:hr>162</ns3:hr>
            <ns3:cad>102</ns3:cad>
          </ns3:TrackPointExtension>
        </extensions>
      </trkpt>
      <trkpt lat="34.2333662509918212890625" lon="108.937760554254055023193359375">
        <ele>404.600006103515625</ele>
        <time>2026-02-03T12:44:24.000Z</time>
        <extensions>
          <ns3:TrackPointExtension>
            <ns3:hr>162</ns3:hr>
            <ns3:cad>102</ns3:cad>
          </ns3:TrackPointExtension>
        </extensions>
      </trkpt>
      <trkpt lat="34.23338745720684528350830078125" lon="108.937793076038360595703125">
        <ele>404.79998779296875</ele>
        <time>2026-02-03T12:44:25.000Z</time>
        <extensions>
          <ns3:TrackPointExtension>
            <ns3:hr>162</ns3:hr>
            <ns3:cad>102</ns3:cad>
          </ns3:TrackPointExtension>
        </extensions>
      </trkpt>
      <trkpt lat="34.23341847024857997894287109375" lon="108.93782232888042926788330078125">
        <ele>404.79998779296875</ele>
        <time>2026-02-03T12:44:26.000Z</time>
        <extensions>
          <ns3:TrackPointExtension>
            <ns3:hr>162</ns3:hr>
            <ns3:cad>102</ns3:cad>
          </ns3:TrackPointExtension>
        </extensions>
      </trkpt>
      <trkpt lat="34.233451075851917266845703125" lon="108.93784797750413417816162109375">
        <ele>404.600006103515625</ele>
        <time>2026-02-03T12:44:27.000Z</time>
        <extensions>
          <ns3:TrackPointExtension>
            <ns3:hr>162</ns3:hr>
            <ns3:cad>102</ns3:cad>
          </ns3:TrackPointExtension>
        </extensions>
      </trkpt>
      <trkpt lat="34.23347865231335163116455078125" lon="108.93786725588142871856689453125">
        <ele>404.600006103515625</ele>
        <time>2026-02-03T12:44:28.000Z</time>
        <extensions>
          <ns3:TrackPointExtension>
            <ns3:hr>162</ns3:hr>
            <ns3:cad>102</ns3:cad>
          </ns3:TrackPointExtension>
        </extensions>
      </trkpt>
      <trkpt lat="34.2335136048495769500732421875" lon="108.9378807507455348968505859375">
        <ele>404.600006103515625</ele>
        <time>2026-02-03T12:44:29.000Z</time>
        <extensions>
          <ns3:TrackPointExtension>
            <ns3:hr>163</ns3:hr>
            <ns3:cad>102</ns3:cad>
          </ns3:TrackPointExtension>
        </extensions>
      </trkpt>
      <trkpt lat="34.23355400562286376953125" lon="108.93789407797157764434814453125">
        <ele>404.600006103515625</ele>
        <time>2026-02-03T12:44:30.000Z</time>
        <extensions>
          <ns3:TrackPointExtension>
            <ns3:hr>163</ns3:hr>
            <ns3:cad>102</ns3:cad>
          </ns3:TrackPointExtension>
        </extensions>
      </trkpt>
      <trkpt lat="34.23358929343521595001220703125" lon="108.937899358570575714111328125">
        <ele>404.600006103515625</ele>
        <time>2026-02-03T12:44:31.000Z</time>
        <extensions>
          <ns3:TrackPointExtension>
            <ns3:hr>163</ns3:hr>
            <ns3:cad>103</ns3:cad>
          </ns3:TrackPointExtension>
        </extensions>
      </trkpt>
      <trkpt lat="34.2336168698966503143310546875" lon="108.9378998614847660064697265625">
        <ele>404.600006103515625</ele>
        <time>2026-02-03T12:44:32.000Z</time>
        <extensions>
          <ns3:TrackPointExtension>
            <ns3:hr>163</ns3:hr>
            <ns3:cad>103</ns3:cad>
          </ns3:TrackPointExtension>
        </extensions>
      </trkpt>
      <trkpt lat="34.23366154544055461883544921875" lon="108.9378988556563854217529296875">
        <ele>404.600006103515625</ele>
        <time>2026-02-03T12:44:33.000Z</time>
        <extensions>
          <ns3:TrackPointExtension>
            <ns3:hr>163</ns3:hr>
            <ns3:cad>103</ns3:cad>
          </ns3:TrackPointExtension>
        </extensions>
      </trkpt>
      <trkpt lat="34.23370161093771457672119140625" lon="108.9378921501338481903076171875">
        <ele>404.600006103515625</ele>
        <time>2026-02-03T12:44:34.000Z</time>
        <extensions>
          <ns3:TrackPointExtension>
            <ns3:hr>163</ns3:hr>
            <ns3:cad>103</ns3:cad>
          </ns3:TrackPointExtension>
        </extensions>
      </trkpt>
      <trkpt lat="34.233736060559749603271484375" lon="108.93789432942867279052734375">
        <ele>404.600006103515625</ele>
        <time>2026-02-03T12:44:35.000Z</time>
        <extensions>
          <ns3:TrackPointExtension>
            <ns3:hr>163</ns3:hr>
            <ns3:cad>103</ns3:cad>
          </ns3:TrackPointExtension>
        </extensions>
      </trkpt>
      <trkpt lat="34.2337714321911334991455078125" lon="108.937894664704799652099609375">
        <ele>404.600006103515625</ele>
        <time>2026-02-03T12:44:36.000Z</time>
        <extensions>
          <ns3:TrackPointExtension>
            <ns3:hr>163</ns3:hr>
            <ns3:cad>102</ns3:cad>
          </ns3:TrackPointExtension>
        </extensions>
      </trkpt>
      <trkpt lat="34.23381619155406951904296875" lon="108.93789156340062618255615234375">
        <ele>404.600006103515625</ele>
        <time>2026-02-03T12:44:37.000Z</time>
        <extensions>
          <ns3:TrackPointExtension>
            <ns3:hr>163</ns3:hr>
            <ns3:cad>102</ns3:cad>
          </ns3:TrackPointExtension>
        </extensions>
      </trkpt>
      <trkpt lat="34.23385064117610454559326171875" lon="108.93789826892316341400146484375">
        <ele>404.600006103515625</ele>
        <time>2026-02-03T12:44:38.000Z</time>
        <extensions>
          <ns3:TrackPointExtension>
            <ns3:hr>164</ns3:hr>
            <ns3:cad>102</ns3:cad>
          </ns3:TrackPointExtension>
        </extensions>
      </trkpt>
      <trkpt lat="34.2338825762271881103515625" lon="108.93789290450513362884521484375">
        <ele>404.600006103515625</ele>
        <time>2026-02-03T12:44:39.000Z</time>
        <extensions>
          <ns3:TrackPointExtension>
            <ns3:hr>164</ns3:hr>
            <ns3:cad>102</ns3:cad>
          </ns3:TrackPointExtension>
        </extensions>
      </trkpt>
      <trkpt lat="34.23392909578979015350341796875" lon="108.93789340741932392120361328125">
        <ele>404.79998779296875</ele>
        <time>2026-02-03T12:44:40.000Z</time>
        <extensions>
          <ns3:TrackPointExtension>
            <ns3:hr>164</ns3:hr>
            <ns3:cad>102</ns3:cad>
          </ns3:TrackPointExtension>
        </extensions>
      </trkpt>
      <trkpt lat="34.2339635454118251800537109375" lon="108.9378955028951168060302734375">
        <ele>404.600006103515625</ele>
        <time>2026-02-03T12:44:41.000Z</time>
        <extensions>
          <ns3:TrackPointExtension>
            <ns3:hr>164</ns3:hr>
            <ns3:cad>102</ns3:cad>
          </ns3:TrackPointExtension>
        </extensions>
      </trkpt>
      <trkpt lat="34.23399229533970355987548828125" lon="108.937897346913814544677734375">
        <ele>404.600006103515625</ele>
        <time>2026-02-03T12:44:42.000Z</time>
        <extensions>
          <ns3:TrackPointExtension>
            <ns3:hr>165</ns3:hr>
            <ns3:cad>102</ns3:cad>
          </ns3:TrackPointExtension>
        </extensions>
      </trkpt>
      <trkpt lat="34.2340282537043094635009765625" lon="108.93789826892316341400146484375">
        <ele>404.600006103515625</ele>
        <time>2026-02-03T12:44:43.000Z</time>
        <extensions>
          <ns3:TrackPointExtension>
            <ns3:hr>165</ns3:hr>
            <ns3:cad>102</ns3:cad>
          </ns3:TrackPointExtension>
        </extensions>
      </trkpt>
      <trkpt lat="34.23406387679278850555419921875" lon="108.93790212459862232208251953125">
        <ele>404.600006103515625</ele>
        <time>2026-02-03T12:44:44.000Z</time>
        <extensions>
          <ns3:TrackPointExtension>
            <ns3:hr>165</ns3:hr>
            <ns3:cad>101</ns3:cad>
          </ns3:TrackPointExtension>
        </extensions>
      </trkpt>
      <trkpt lat="34.23409874550998210906982421875" lon="108.93790547735989093780517578125">
        <ele>404.600006103515625</ele>
        <time>2026-02-03T12:44:45.000Z</time>
        <extensions>
          <ns3:TrackPointExtension>
            <ns3:hr>165</ns3:hr>
            <ns3:cad>101</ns3:cad>
          </ns3:TrackPointExtension>
        </extensions>
      </trkpt>
      <trkpt lat="34.23413612879812717437744140625" lon="108.93790078349411487579345703125">
        <ele>404.600006103515625</ele>
        <time>2026-02-03T12:44:46.000Z</time>
        <extensions>
          <ns3:TrackPointExtension>
            <ns3:hr>166</ns3:hr>
            <ns3:cad>101</ns3:cad>
          </ns3:TrackPointExtension>
        </extensions>
      </trkpt>
      <trkpt lat="34.2341776192188262939453125" lon="108.93789927475154399871826171875">
        <ele>404.79998779296875</ele>
        <time>2026-02-03T12:44:47.000Z</time>
        <extensions>
          <ns3:TrackPointExtension>
            <ns3:hr>165</ns3:hr>
            <ns3:cad>101</ns3:cad>
          </ns3:TrackPointExtension>
        </extensions>
      </trkpt>
      <trkpt lat="34.2342072911560535430908203125" lon="108.93790849484503269195556640625">
        <ele>404.79998779296875</ele>
        <time>2026-02-03T12:44:48.000Z</time>
        <extensions>
          <ns3:TrackPointExtension>
            <ns3:hr>165</ns3:hr>
            <ns3:cad>101</ns3:cad>
          </ns3:TrackPointExtension>
        </extensions>
      </trkpt>
      <trkpt lat="34.23424132168292999267578125" lon="108.93791369162499904632568359375">
        <ele>404.79998779296875</ele>
        <time>2026-02-03T12:44:49.000Z</time>
        <extensions>
          <ns3:TrackPointExtension>
            <ns3:hr>166</ns3:hr>
            <ns3:cad>101</ns3:cad>
          </ns3:TrackPointExtension>
        </extensions>
      </trkpt>
      <trkpt lat="34.23428365029394626617431640625" lon="108.9379136078059673309326171875">
        <ele>404.79998779296875</ele>
        <time>2026-02-03T12:44:50.000Z</time>
        <extensions>
          <ns3:TrackPointExtension>
            <ns3:hr>166</ns3:hr>
            <ns3:cad>101</ns3:cad>
          </ns3:TrackPointExtension>
        </extensions>
      </trkpt>
      <trkpt lat="34.23431801609694957733154296875" lon="108.93791771493852138519287109375">
        <ele>404.79998779296875</ele>
        <time>2026-02-03T12:44:51.000Z</time>
        <extensions>
          <ns3:TrackPointExtension>
            <ns3:hr>166</ns3:hr>
            <ns3:cad>101</ns3:cad>
          </ns3:TrackPointExtension>
        </extensions>
      </trkpt>
      <trkpt lat="34.234352298080921173095703125" lon="108.93792006187140941619873046875">
        <ele>404.79998779296875</ele>
        <time>2026-02-03T12:44:52.000Z</time>
        <extensions>
          <ns3:TrackPointExtension>
            <ns3:hr>166</ns3:hr>
            <ns3:cad>101</ns3:cad>
          </ns3:TrackPointExtension>
        </extensions>
      </trkpt>
      <trkpt lat="34.23438892699778079986572265625" lon="108.93791201524436473846435546875">
        <ele>404.79998779296875</ele>
        <time>2026-02-03T12:44:53.000Z</time>
        <extensions>
          <ns3:TrackPointExtension>
            <ns3:hr>166</ns3:hr>
            <ns3:cad>101</ns3:cad>
          </ns3:TrackPointExtension>
        </extensions>
      </trkpt>
      <trkpt lat="34.2344262264668941497802734375" lon="108.93791084177792072296142578125">
        <ele>404.79998779296875</ele>
        <time>2026-02-03T12:44:54.000Z</time>
        <extensions>
          <ns3:TrackPointExtension>
            <ns3:hr>166</ns3:hr>
            <ns3:cad>101</ns3:cad>
          </ns3:TrackPointExtension>
        </extensions>
      </trkpt>
      <trkpt lat="34.23445950262248516082763671875" lon="108.93791151233017444610595703125">
        <ele>404.79998779296875</ele>
        <time>2026-02-03T12:44:55.000Z</time>
        <extensions>
          <ns3:TrackPointExtension>
            <ns3:hr>166</ns3:hr>
            <ns3:cad>101</ns3:cad>
          </ns3:TrackPointExtension>
        </extensions>
      </trkpt>
      <trkpt lat="34.23449688591063022613525390625" lon="108.937900699675083160400390625">
        <ele>404.79998779296875</ele>
        <time>2026-02-03T12:44:56.000Z</time>
        <extensions>
          <ns3:TrackPointExtension>
            <ns3:hr>166</ns3:hr>
            <ns3:cad>101</ns3:cad>
          </ns3:TrackPointExtension>
        </extensions>
      </trkpt>
      <trkpt lat="34.23453611321747303009033203125" lon="108.93788653425872325897216796875">
        <ele>404.79998779296875</ele>
        <time>2026-02-03T12:44:57.000Z</time>
        <extensions>
          <ns3:TrackPointExtension>
            <ns3:hr>166</ns3:hr>
            <ns3:cad>101</ns3:cad>
          </ns3:TrackPointExtension>
        </extensions>
      </trkpt>
      <trkpt lat="34.23456913791596889495849609375" lon="108.9378700219094753265380859375">
        <ele>404.79998779296875</ele>
        <time>2026-02-03T12:44:58.000Z</time>
        <extensions>
          <ns3:TrackPointExtension>
            <ns3:hr>167</ns3:hr>
            <ns3:cad>101</ns3:cad>
          </ns3:TrackPointExtension>
        </extensions>
      </trkpt>
      <trkpt lat="34.23459931276738643646240234375" lon="108.93784579820930957794189453125">
        <ele>404.79998779296875</ele>
        <time>2026-02-03T12:44:59.000Z</time>
        <extensions>
          <ns3:TrackPointExtension>
            <ns3:hr>166</ns3:hr>
            <ns3:cad>101</ns3:cad>
          </ns3:TrackPointExtension>
        </extensions>
      </trkpt>
      <trkpt lat="34.23462931998074054718017578125" lon="108.93781252205371856689453125">
        <ele>404.79998779296875</ele>
        <time>2026-02-03T12:45:00.000Z</time>
        <extensions>
          <ns3:TrackPointExtension>
            <ns3:hr>166</ns3:hr>
            <ns3:cad>102</ns3:cad>
          </ns3:TrackPointExtension>
        </extensions>
      </trkpt>
      <trkpt lat="34.23465748317539691925048828125" lon="108.9377841912209987640380859375">
        <ele>404.79998779296875</ele>
        <time>2026-02-03T12:45:01.000Z</time>
        <extensions>
          <ns3:TrackPointExtension>
            <ns3:hr>167</ns3:hr>
            <ns3:cad>102</ns3:cad>
          </ns3:TrackPointExtension>
        </extensions>
      </trkpt>
      <trkpt lat="34.2346786893904209136962890625" lon="108.93775611184537410736083984375">
        <ele>404.600006103515625</ele>
        <time>2026-02-03T12:45:02.000Z</time>
        <extensions>
          <ns3:TrackPointExtension>
            <ns3:hr>166</ns3:hr>
            <ns3:cad>102</ns3:cad>
          </ns3:TrackPointExtension>
        </extensions>
      </trkpt>
      <trkpt lat="34.23469997942447662353515625" lon="108.93771504051983356475830078125">
        <ele>404.600006103515625</ele>
        <time>2026-02-03T12:45:03.000Z</time>
        <extensions>
          <ns3:TrackPointExtension>
            <ns3:hr>165</ns3:hr>
            <ns3:cad>102</ns3:cad>
          </ns3:TrackPointExtension>
        </extensions>
      </trkpt>
      <trkpt lat="34.23471783287823200225830078125" lon="108.937668018043041229248046875">
        <ele>404.600006103515625</ele>
        <time>2026-02-03T12:45:04.000Z</time>
        <extensions>
          <ns3:TrackPointExtension>
            <ns3:hr>165</ns3:hr>
            <ns3:cad>102</ns3:cad>
          </ns3:TrackPointExtension>
        </extensions>
      </trkpt>
      <trkpt lat="34.2347366921603679656982421875" lon="108.93763222731649875640869140625">
        <ele>404.600006103515625</ele>
        <time>2026-02-03T12:45:05.000Z</time>
        <extensions>
          <ns3:TrackPointExtension>
            <ns3:hr>164</ns3:hr>
            <ns3:cad>101</ns3:cad>
          </ns3:TrackPointExtension>
        </extensions>
      </trkpt>
      <trkpt lat="34.23474867828190326690673828125" lon="108.93758880905807018280029296875">
        <ele>404.600006103515625</ele>
        <time>2026-02-03T12:45:06.000Z</time>
        <extensions>
          <ns3:TrackPointExtension>
            <ns3:hr>165</ns3:hr>
            <ns3:cad>101</ns3:cad>
          </ns3:TrackPointExtension>
        </extensions>
      </trkpt>
      <trkpt lat="34.234757982194423675537109375" lon="108.93754161894321441650390625">
        <ele>404.600006103515625</ele>
        <time>2026-02-03T12:45:07.000Z</time>
        <extensions>
          <ns3:TrackPointExtension>
            <ns3:hr>165</ns3:hr>
            <ns3:cad>102</ns3:cad>
          </ns3:TrackPointExtension>
        </extensions>
      </trkpt>
      <trkpt lat="34.2347609996795654296875" lon="108.93749895505607128143310546875">
        <ele>404.600006103515625</ele>
        <time>2026-02-03T12:45:08.000Z</time>
        <extensions>
          <ns3:TrackPointExtension>
            <ns3:hr>165</ns3:hr>
            <ns3:cad>102</ns3:cad>
          </ns3:TrackPointExtension>
        </extensions>
      </trkpt>
      <trkpt lat="34.23476343043148517608642578125" lon="108.93746006302535533905029296875">
        <ele>404.600006103515625</ele>
        <time>2026-02-03T12:45:09.000Z</time>
        <extensions>
          <ns3:TrackPointExtension>
            <ns3:hr>165</ns3:hr>
            <ns3:cad>102</ns3:cad>
          </ns3:TrackPointExtension>
        </extensions>
      </trkpt>
      <trkpt lat="34.23475588671863079071044921875" lon="108.93741211853921413421630859375">
        <ele>404.600006103515625</ele>
        <time>2026-02-03T12:45:10.000Z</time>
        <extensions>
          <ns3:TrackPointExtension>
            <ns3:hr>165</ns3:hr>
            <ns3:cad>101</ns3:cad>
          </ns3:TrackPointExtension>
        </extensions>
      </trkpt>
      <trkpt lat="34.2347477562725543975830078125" lon="108.9373627491295337677001953125">
        <ele>404.600006103515625</ele>
        <time>2026-02-03T12:45:11.000Z</time>
        <extensions>
          <ns3:TrackPointExtension>
            <ns3:hr>165</ns3:hr>
            <ns3:cad>101</ns3:cad>
          </ns3:TrackPointExtension>
        </extensions>
      </trkpt>
      <trkpt lat="34.2347427271306514739990234375" lon="108.93732310272753238677978515625">
        <ele>404.600006103515625</ele>
        <time>2026-02-03T12:45:12.000Z</time>
        <extensions>
          <ns3:TrackPointExtension>
            <ns3:hr>165</ns3:hr>
            <ns3:cad>101</ns3:cad>
          </ns3:TrackPointExtension>
        </extensions>
      </trkpt>
      <trkpt lat="34.23472655005753040313720703125" lon="108.93728186376392841339111328125">
        <ele>404.79998779296875</ele>
        <time>2026-02-03T12:45:13.000Z</time>
        <extensions>
          <ns3:TrackPointExtension>
            <ns3:hr>165</ns3:hr>
            <ns3:cad>101</ns3:cad>
          </ns3:TrackPointExtension>
        </extensions>
      </trkpt>
      <trkpt lat="34.23470257781445980072021484375" lon="108.9372437261044979095458984375">
        <ele>404.600006103515625</ele>
        <time>2026-02-03T12:45:14.000Z</time>
        <extensions>
          <ns3:TrackPointExtension>
            <ns3:hr>165</ns3:hr>
            <ns3:cad>101</ns3:cad>
          </ns3:TrackPointExtension>
        </extensions>
      </trkpt>
      <trkpt lat="34.234682209789752960205078125" lon="108.93720877356827259063720703125">
        <ele>404.600006103515625</ele>
        <time>2026-02-03T12:45:15.000Z</time>
        <extensions>
          <ns3:TrackPointExtension>
            <ns3:hr>166</ns3:hr>
            <ns3:cad>101</ns3:cad>
          </ns3:TrackPointExtension>
        </extensions>
      </trkpt>
      <trkpt lat="34.2346416413784027099609375" lon="108.93715714104473590850830078125">
        <ele>404.600006103515625</ele>
        <time>2026-02-03T12:45:16.000Z</time>
        <extensions>
          <ns3:TrackPointExtension>
            <ns3:hr>165</ns3:hr>
            <ns3:cad>101</ns3:cad>
          </ns3:TrackPointExtension>
        </extensions>
      </trkpt>
    </trkseg>
  </trk>
</gpx>
