<gpx xmlns:ns3="http://www.garmin.com/xmlschemas/TrackPointExtension/v1" xmlns="http://www.topografix.com/GPX/1/1" xmlns:xsi="http://www.w3.org/2001/XMLSchema-instance" xmlns:ns2="http://www.garmin.com/xmlschemas/GpxExtensions/v3" creator="Garmin Connect" version="1.1" xsi:schemaLocation="http://www.topografix.com/GPX/1/1 http://www.topografix.com/GPX/11.xsd">
  <extensions>
<distance>1682.05</distance>
<average_hr>158.0</average_hr>
<average_speed>3.88700008392334</average_speed>
<start_time>2026-02-03T12:28:02+00:00</start_time>
<end_time>2026-02-03T12:35:14.766000+00:00</end_time>
<moving_time>431.586</moving_time>
<elapsed_time>432.766</elapsed_time>
</extensions>
<metadata>
    <link href="connect.garmin.com">
      <text>Garmin Connect</text>
    </link>
    <time>2026-02-03T12:28:02.000Z</time>
  </metadata>
  <trk>
    <name>西安市 跑步</name>
    <type>running</type>
    <trkseg>
      <trkpt lat="34.234678857028484344482421875" lon="108.937252275645732879638671875">
        <ele>407.399993896484375</ele>
        <time>2026-02-03T12:28:02.000Z</time>
        <extensions>
          <ns3:TrackPointExtension>
            <ns3:hr>85</ns3:hr>
            <ns3:cad>56</ns3:cad>
          </ns3:TrackPointExtension>
        </extensions>
      </trkpt>
      <trkpt lat="34.23466988839209079742431640625" lon="108.9372380264103412628173828125">
        <ele>407.399993896484375</ele>
        <time>2026-02-03T12:28:03.000Z</time>
        <extensions>
          <ns3:TrackPointExtension>
            <ns3:hr>85</ns3:hr>
            <ns3:cad>0</ns3:cad>
          </ns3:TrackPointExtension>
        </extensions>
      </trkpt>
      <trkpt lat="34.2346532084047794342041015625" lon="108.9372125454246997833251953125">
        <ele>407.399993896484375</ele>
        <time>2026-02-03T12:28:04.000Z</time>
        <extensions>
          <ns3:TrackPointExtension>
            <ns3:hr>85</ns3:hr>
            <ns3:cad>0</ns3:cad>
          </ns3:TrackPointExtension>
        </extensions>
      </trkpt>
      <trkpt lat="34.23462814651429653167724609375" lon="108.93717977218329906463623046875">
        <ele>407.399993896484375</ele>
        <time>2026-02-03T12:28:05.000Z</time>
        <extensions>
          <ns3:TrackPointExtension>
            <ns3:hr>85</ns3:hr>
            <ns3:cad>0</ns3:cad>
          </ns3:TrackPointExtension>
        </extensions>
      </trkpt>
      <trkpt lat="34.234629236161708831787109375" lon="108.93715965561568737030029296875">
        <ele>407.399993896484375</ele>
        <time>2026-02-03T12:28:06.000Z</time>
        <extensions>
          <ns3:TrackPointExtension>
            <ns3:hr>85</ns3:hr>
            <ns3:cad>0</ns3:cad>
          </ns3:TrackPointExtension>
        </extensions>
      </trkpt>
      <trkpt lat="34.23460065387189388275146484375" lon="108.93712981604039669036865234375">
        <ele>407.399993896484375</ele>
        <time>2026-02-03T12:28:07.000Z</time>
        <extensions>
          <ns3:TrackPointExtension>
            <ns3:hr>85</ns3:hr>
            <ns3:cad>0</ns3:cad>
          </ns3:TrackPointExtension>
        </extensions>
      </trkpt>
      <trkpt lat="34.23456980846822261810302734375" lon="108.93710265867412090301513671875">
        <ele>407.399993896484375</ele>
        <time>2026-02-03T12:28:08.000Z</time>
        <extensions>
          <ns3:TrackPointExtension>
            <ns3:hr>86</ns3:hr>
            <ns3:cad>98</ns3:cad>
          </ns3:TrackPointExtension>
        </extensions>
      </trkpt>
      <trkpt lat="34.23454105854034423828125" lon="108.9370777644217014312744140625">
        <ele>407.399993896484375</ele>
        <time>2026-02-03T12:28:09.000Z</time>
        <extensions>
          <ns3:TrackPointExtension>
            <ns3:hr>87</ns3:hr>
            <ns3:cad>98</ns3:cad>
          </ns3:TrackPointExtension>
        </extensions>
      </trkpt>
      <trkpt lat="34.23449085094034671783447265625" lon="108.93708405084908008575439453125">
        <ele>407.399993896484375</ele>
        <time>2026-02-03T12:28:10.000Z</time>
        <extensions>
          <ns3:TrackPointExtension>
            <ns3:hr>89</ns3:hr>
            <ns3:cad>98</ns3:cad>
          </ns3:TrackPointExtension>
        </extensions>
      </trkpt>
      <trkpt lat="34.2344567365944385528564453125" lon="108.93707751296460628509521484375">
        <ele>407.399993896484375</ele>
        <time>2026-02-03T12:28:11.000Z</time>
        <extensions>
          <ns3:TrackPointExtension>
            <ns3:hr>90</ns3:hr>
            <ns3:cad>98</ns3:cad>
          </ns3:TrackPointExtension>
        </extensions>
      </trkpt>
      <trkpt lat="34.2344225384294986724853515625" lon="108.93707801587879657745361328125">
        <ele>407.399993896484375</ele>
        <time>2026-02-03T12:28:12.000Z</time>
        <extensions>
          <ns3:TrackPointExtension>
            <ns3:hr>91</ns3:hr>
            <ns3:cad>98</ns3:cad>
          </ns3:TrackPointExtension>
        </extensions>
      </trkpt>
      <trkpt lat="34.23437803052365779876708984375" lon="108.9370807819068431854248046875">
        <ele>407.600006103515625</ele>
        <time>2026-02-03T12:28:13.000Z</time>
        <extensions>
          <ns3:TrackPointExtension>
            <ns3:hr>93</ns3:hr>
            <ns3:cad>100</ns3:cad>
          </ns3:TrackPointExtension>
        </extensions>
      </trkpt>
      <trkpt lat="34.23433897085487842559814453125" lon="108.9370797760784626007080078125">
        <ele>407.600006103515625</ele>
        <time>2026-02-03T12:28:14.000Z</time>
        <extensions>
          <ns3:TrackPointExtension>
            <ns3:hr>95</ns3:hr>
            <ns3:cad>101</ns3:cad>
          </ns3:TrackPointExtension>
        </extensions>
      </trkpt>
      <trkpt lat="34.23430443741381168365478515625" lon="108.93707432784140110015869140625">
        <ele>407.600006103515625</ele>
        <time>2026-02-03T12:28:15.000Z</time>
        <extensions>
          <ns3:TrackPointExtension>
            <ns3:hr>96</ns3:hr>
            <ns3:cad>101</ns3:cad>
          </ns3:TrackPointExtension>
        </extensions>
      </trkpt>
      <trkpt lat="34.23426252789795398712158203125" lon="108.9370774291455745697021484375">
        <ele>407.600006103515625</ele>
        <time>2026-02-03T12:28:16.000Z</time>
        <extensions>
          <ns3:TrackPointExtension>
            <ns3:hr>98</ns3:hr>
            <ns3:cad>101</ns3:cad>
          </ns3:TrackPointExtension>
        </extensions>
      </trkpt>
      <trkpt lat="34.23422145657241344451904296875" lon="108.9370784349739551544189453125">
        <ele>407.600006103515625</ele>
        <time>2026-02-03T12:28:17.000Z</time>
        <extensions>
          <ns3:TrackPointExtension>
            <ns3:hr>99</ns3:hr>
            <ns3:cad>101</ns3:cad>
          </ns3:TrackPointExtension>
        </extensions>
      </trkpt>
      <trkpt lat="34.23418876715004444122314453125" lon="108.93707248382270336151123046875">
        <ele>407.600006103515625</ele>
        <time>2026-02-03T12:28:18.000Z</time>
        <extensions>
          <ns3:TrackPointExtension>
            <ns3:hr>101</ns3:hr>
            <ns3:cad>101</ns3:cad>
          </ns3:TrackPointExtension>
        </extensions>
      </trkpt>
      <trkpt lat="34.2341533116996288299560546875" lon="108.93707432784140110015869140625">
        <ele>407.600006103515625</ele>
        <time>2026-02-03T12:28:19.000Z</time>
        <extensions>
          <ns3:TrackPointExtension>
            <ns3:hr>102</ns3:hr>
            <ns3:cad>101</ns3:cad>
          </ns3:TrackPointExtension>
        </extensions>
      </trkpt>
      <trkpt lat="34.2341093905270099639892578125" lon="108.93708296120166778564453125">
        <ele>407.600006103515625</ele>
        <time>2026-02-03T12:28:20.000Z</time>
        <extensions>
          <ns3:TrackPointExtension>
            <ns3:hr>104</ns3:hr>
            <ns3:cad>102</ns3:cad>
          </ns3:TrackPointExtension>
        </extensions>
      </trkpt>
      <trkpt lat="34.234066307544708251953125" lon="108.9370821230113506317138671875">
        <ele>407.600006103515625</ele>
        <time>2026-02-03T12:28:21.000Z</time>
        <extensions>
          <ns3:TrackPointExtension>
            <ns3:hr>106</ns3:hr>
            <ns3:cad>102</ns3:cad>
          </ns3:TrackPointExtension>
        </extensions>
      </trkpt>
      <trkpt lat="34.2340342886745929718017578125" lon="108.937072567641735076904296875">
        <ele>407.600006103515625</ele>
        <time>2026-02-03T12:28:22.000Z</time>
        <extensions>
          <ns3:TrackPointExtension>
            <ns3:hr>108</ns3:hr>
            <ns3:cad>102</ns3:cad>
          </ns3:TrackPointExtension>
        </extensions>
      </trkpt>
      <trkpt lat="34.2339967377483844757080078125" lon="108.93707684241235256195068359375">
        <ele>407.600006103515625</ele>
        <time>2026-02-03T12:28:23.000Z</time>
        <extensions>
          <ns3:TrackPointExtension>
            <ns3:hr>109</ns3:hr>
            <ns3:cad>104</ns3:cad>
          </ns3:TrackPointExtension>
        </extensions>
      </trkpt>
      <trkpt lat="34.23395005054771900177001953125" lon="108.937081955373287200927734375">
        <ele>407.600006103515625</ele>
        <time>2026-02-03T12:28:24.000Z</time>
        <extensions>
          <ns3:TrackPointExtension>
            <ns3:hr>111</ns3:hr>
            <ns3:cad>104</ns3:cad>
          </ns3:TrackPointExtension>
        </extensions>
      </trkpt>
      <trkpt lat="34.23391417600214481353759765625" lon="108.93707600422203540802001953125">
        <ele>407.600006103515625</ele>
        <time>2026-02-03T12:28:25.000Z</time>
        <extensions>
          <ns3:TrackPointExtension>
            <ns3:hr>112</ns3:hr>
            <ns3:cad>104</ns3:cad>
          </ns3:TrackPointExtension>
        </extensions>
      </trkpt>
      <trkpt lat="34.23387830145657062530517578125" lon="108.9370737411081790924072265625">
        <ele>407.600006103515625</ele>
        <time>2026-02-03T12:28:26.000Z</time>
        <extensions>
          <ns3:TrackPointExtension>
            <ns3:hr>114</ns3:hr>
            <ns3:cad>103</ns3:cad>
          </ns3:TrackPointExtension>
        </extensions>
      </trkpt>
      <trkpt lat="34.23383337445557117462158203125" lon="108.93707231618463993072509765625">
        <ele>407.600006103515625</ele>
        <time>2026-02-03T12:28:27.000Z</time>
        <extensions>
          <ns3:TrackPointExtension>
            <ns3:hr>115</ns3:hr>
            <ns3:cad>103</ns3:cad>
          </ns3:TrackPointExtension>
        </extensions>
      </trkpt>
      <trkpt lat="34.233793728053569793701171875" lon="108.9370729029178619384765625">
        <ele>407.600006103515625</ele>
        <time>2026-02-03T12:28:28.000Z</time>
        <extensions>
          <ns3:TrackPointExtension>
            <ns3:hr>117</ns3:hr>
            <ns3:cad>96</ns3:cad>
          </ns3:TrackPointExtension>
        </extensions>
      </trkpt>
      <trkpt lat="34.23376430757343769073486328125" lon="108.937068544328212738037109375">
        <ele>407.600006103515625</ele>
        <time>2026-02-03T12:28:29.000Z</time>
        <extensions>
          <ns3:TrackPointExtension>
            <ns3:hr>118</ns3:hr>
            <ns3:cad>96</ns3:cad>
          </ns3:TrackPointExtension>
        </extensions>
      </trkpt>
      <trkpt lat="34.23372767865657806396484375" lon="108.93707432784140110015869140625">
        <ele>407.600006103515625</ele>
        <time>2026-02-03T12:28:30.000Z</time>
        <extensions>
          <ns3:TrackPointExtension>
            <ns3:hr>120</ns3:hr>
            <ns3:cad>96</ns3:cad>
          </ns3:TrackPointExtension>
        </extensions>
      </trkpt>
      <trkpt lat="34.23368719406425952911376953125" lon="108.93707550130784511566162109375">
        <ele>407.600006103515625</ele>
        <time>2026-02-03T12:28:31.000Z</time>
        <extensions>
          <ns3:TrackPointExtension>
            <ns3:hr>122</ns3:hr>
            <ns3:cad>96</ns3:cad>
          </ns3:TrackPointExtension>
        </extensions>
      </trkpt>
      <trkpt lat="34.23365651629865169525146484375" lon="108.9370734058320522308349609375">
        <ele>407.600006103515625</ele>
        <time>2026-02-03T12:28:32.000Z</time>
        <extensions>
          <ns3:TrackPointExtension>
            <ns3:hr>124</ns3:hr>
            <ns3:cad>101</ns3:cad>
          </ns3:TrackPointExtension>
        </extensions>
      </trkpt>
      <trkpt lat="34.233622737228870391845703125" lon="108.93708053044974803924560546875">
        <ele>407.600006103515625</ele>
        <time>2026-02-03T12:28:33.000Z</time>
        <extensions>
          <ns3:TrackPointExtension>
            <ns3:hr>126</ns3:hr>
            <ns3:cad>101</ns3:cad>
          </ns3:TrackPointExtension>
        </extensions>
      </trkpt>
      <trkpt lat="34.2335816659033298492431640625" lon="108.93709209747612476348876953125">
        <ele>407.600006103515625</ele>
        <time>2026-02-03T12:28:34.000Z</time>
        <extensions>
          <ns3:TrackPointExtension>
            <ns3:hr>131</ns3:hr>
            <ns3:cad>101</ns3:cad>
          </ns3:TrackPointExtension>
        </extensions>
      </trkpt>
      <trkpt lat="34.23354260623455047607421875" lon="108.9370982162654399871826171875">
        <ele>407.600006103515625</ele>
        <time>2026-02-03T12:28:35.000Z</time>
        <extensions>
          <ns3:TrackPointExtension>
            <ns3:hr>133</ns3:hr>
            <ns3:cad>102</ns3:cad>
          </ns3:TrackPointExtension>
        </extensions>
      </trkpt>
      <trkpt lat="34.23350798897445201873779296875" lon="108.93710684962570667266845703125">
        <ele>407.600006103515625</ele>
        <time>2026-02-03T12:28:36.000Z</time>
        <extensions>
          <ns3:TrackPointExtension>
            <ns3:hr>135</ns3:hr>
            <ns3:cad>102</ns3:cad>
          </ns3:TrackPointExtension>
        </extensions>
      </trkpt>
      <trkpt lat="34.23347462899982929229736328125" lon="108.93713166005909442901611328125">
        <ele>407.600006103515625</ele>
        <time>2026-02-03T12:28:37.000Z</time>
        <extensions>
          <ns3:TrackPointExtension>
            <ns3:hr>137</ns3:hr>
            <ns3:cad>102</ns3:cad>
          </ns3:TrackPointExtension>
        </extensions>
      </trkpt>
      <trkpt lat="34.23344026319682598114013671875" lon="108.93715672194957733154296875">
        <ele>407.600006103515625</ele>
        <time>2026-02-03T12:28:38.000Z</time>
        <extensions>
          <ns3:TrackPointExtension>
            <ns3:hr>139</ns3:hr>
            <ns3:cad>102</ns3:cad>
          </ns3:TrackPointExtension>
        </extensions>
      </trkpt>
      <trkpt lat="34.2334110103547573089599609375" lon="108.937175162136554718017578125">
        <ele>407.600006103515625</ele>
        <time>2026-02-03T12:28:39.000Z</time>
        <extensions>
          <ns3:TrackPointExtension>
            <ns3:hr>141</ns3:hr>
            <ns3:cad>103</ns3:cad>
          </ns3:TrackPointExtension>
        </extensions>
      </trkpt>
      <trkpt lat="34.23338846303522586822509765625" lon="108.9372055046260356903076171875">
        <ele>407.600006103515625</ele>
        <time>2026-02-03T12:28:40.000Z</time>
        <extensions>
          <ns3:TrackPointExtension>
            <ns3:hr>143</ns3:hr>
            <ns3:cad>103</ns3:cad>
          </ns3:TrackPointExtension>
        </extensions>
      </trkpt>
      <trkpt lat="34.23336784355342388153076171875" lon="108.937244229018688201904296875">
        <ele>407.600006103515625</ele>
        <time>2026-02-03T12:28:41.000Z</time>
        <extensions>
          <ns3:TrackPointExtension>
            <ns3:hr>145</ns3:hr>
            <ns3:cad>102</ns3:cad>
          </ns3:TrackPointExtension>
        </extensions>
      </trkpt>
      <trkpt lat="34.2333476431667804718017578125" lon="108.93726862035691738128662109375">
        <ele>407.600006103515625</ele>
        <time>2026-02-03T12:28:42.000Z</time>
        <extensions>
          <ns3:TrackPointExtension>
            <ns3:hr>147</ns3:hr>
            <ns3:cad>102</ns3:cad>
          </ns3:TrackPointExtension>
        </extensions>
      </trkpt>
      <trkpt lat="34.2333349026739597320556640625" lon="108.937294520437717437744140625">
        <ele>407.600006103515625</ele>
        <time>2026-02-03T12:28:43.000Z</time>
        <extensions>
          <ns3:TrackPointExtension>
            <ns3:hr>148</ns3:hr>
            <ns3:cad>102</ns3:cad>
          </ns3:TrackPointExtension>
        </extensions>
      </trkpt>
      <trkpt lat="34.23332124017179012298583984375" lon="108.93733718432486057281494140625">
        <ele>407.600006103515625</ele>
        <time>2026-02-03T12:28:44.000Z</time>
        <extensions>
          <ns3:TrackPointExtension>
            <ns3:hr>150</ns3:hr>
            <ns3:cad>103</ns3:cad>
          </ns3:TrackPointExtension>
        </extensions>
      </trkpt>
      <trkpt lat="34.2333057336509227752685546875" lon="108.93737129867076873779296875">
        <ele>407.600006103515625</ele>
        <time>2026-02-03T12:28:45.000Z</time>
        <extensions>
          <ns3:TrackPointExtension>
            <ns3:hr>151</ns3:hr>
            <ns3:cad>103</ns3:cad>
          </ns3:TrackPointExtension>
        </extensions>
      </trkpt>
      <trkpt lat="34.23329860903322696685791015625" lon="108.93740340135991573333740234375">
        <ele>407.600006103515625</ele>
        <time>2026-02-03T12:28:46.000Z</time>
        <extensions>
          <ns3:TrackPointExtension>
            <ns3:hr>153</ns3:hr>
            <ns3:cad>100</ns3:cad>
          </ns3:TrackPointExtension>
        </extensions>
      </trkpt>
      <trkpt lat="34.23329961486160755157470703125" lon="108.93745084293186664581298828125">
        <ele>407.600006103515625</ele>
        <time>2026-02-03T12:28:47.000Z</time>
        <extensions>
          <ns3:TrackPointExtension>
            <ns3:hr>154</ns3:hr>
            <ns3:cad>101</ns3:cad>
          </ns3:TrackPointExtension>
        </extensions>
      </trkpt>
      <trkpt lat="34.233298189938068389892578125" lon="108.937495015561580657958984375">
        <ele>407.600006103515625</ele>
        <time>2026-02-03T12:28:48.000Z</time>
        <extensions>
          <ns3:TrackPointExtension>
            <ns3:hr>156</ns3:hr>
            <ns3:cad>101</ns3:cad>
          </ns3:TrackPointExtension>
        </extensions>
      </trkpt>
      <trkpt lat="34.23329710029065608978271484375" lon="108.93752845935523509979248046875">
        <ele>407.600006103515625</ele>
        <time>2026-02-03T12:28:49.000Z</time>
        <extensions>
          <ns3:TrackPointExtension>
            <ns3:hr>157</ns3:hr>
            <ns3:cad>101</ns3:cad>
          </ns3:TrackPointExtension>
        </extensions>
      </trkpt>
      <trkpt lat="34.23330724239349365234375" lon="108.93757204525172710418701171875">
        <ele>407.600006103515625</ele>
        <time>2026-02-03T12:28:50.000Z</time>
        <extensions>
          <ns3:TrackPointExtension>
            <ns3:hr>158</ns3:hr>
            <ns3:cad>101</ns3:cad>
          </ns3:TrackPointExtension>
        </extensions>
      </trkpt>
      <trkpt lat="34.23331889323890209197998046875" lon="108.9376222528517246246337890625">
        <ele>407.600006103515625</ele>
        <time>2026-02-03T12:28:51.000Z</time>
        <extensions>
          <ns3:TrackPointExtension>
            <ns3:hr>159</ns3:hr>
            <ns3:cad>101</ns3:cad>
          </ns3:TrackPointExtension>
        </extensions>
      </trkpt>
      <trkpt lat="34.23332878388464450836181640625" lon="108.9376554451882839202880859375">
        <ele>407.600006103515625</ele>
        <time>2026-02-03T12:28:52.000Z</time>
        <extensions>
          <ns3:TrackPointExtension>
            <ns3:hr>160</ns3:hr>
            <ns3:cad>101</ns3:cad>
          </ns3:TrackPointExtension>
        </extensions>
      </trkpt>
      <trkpt lat="34.233340434730052947998046875" lon="108.93768855370581150054931640625">
        <ele>407.600006103515625</ele>
        <time>2026-02-03T12:28:53.000Z</time>
        <extensions>
          <ns3:TrackPointExtension>
            <ns3:hr>161</ns3:hr>
            <ns3:cad>101</ns3:cad>
          </ns3:TrackPointExtension>
        </extensions>
      </trkpt>
      <trkpt lat="34.2333637364208698272705078125" lon="108.937724344432353973388671875">
        <ele>407.600006103515625</ele>
        <time>2026-02-03T12:28:54.000Z</time>
        <extensions>
          <ns3:TrackPointExtension>
            <ns3:hr>162</ns3:hr>
            <ns3:cad>102</ns3:cad>
          </ns3:TrackPointExtension>
        </extensions>
      </trkpt>
      <trkpt lat="34.233387373387813568115234375" lon="108.9377627335488796234130859375">
        <ele>407.600006103515625</ele>
        <time>2026-02-03T12:28:55.000Z</time>
        <extensions>
          <ns3:TrackPointExtension>
            <ns3:hr>163</ns3:hr>
            <ns3:cad>102</ns3:cad>
          </ns3:TrackPointExtension>
        </extensions>
      </trkpt>
      <trkpt lat="34.23340313136577606201171875" lon="108.93779240548610687255859375">
        <ele>407.600006103515625</ele>
        <time>2026-02-03T12:28:56.000Z</time>
        <extensions>
          <ns3:TrackPointExtension>
            <ns3:hr>164</ns3:hr>
            <ns3:cad>102</ns3:cad>
          </ns3:TrackPointExtension>
        </extensions>
      </trkpt>
      <trkpt lat="34.23342584632337093353271484375" lon="108.93782031722366809844970703125">
        <ele>407.600006103515625</ele>
        <time>2026-02-03T12:28:57.000Z</time>
        <extensions>
          <ns3:TrackPointExtension>
            <ns3:hr>165</ns3:hr>
            <ns3:cad>102</ns3:cad>
          </ns3:TrackPointExtension>
        </extensions>
      </trkpt>
      <trkpt lat="34.233459793031215667724609375" lon="108.93784278072416782379150390625">
        <ele>407.399993896484375</ele>
        <time>2026-02-03T12:28:58.000Z</time>
        <extensions>
          <ns3:TrackPointExtension>
            <ns3:hr>166</ns3:hr>
            <ns3:cad>103</ns3:cad>
          </ns3:TrackPointExtension>
        </extensions>
      </trkpt>
      <trkpt lat="34.2334871180355548858642578125" lon="108.937867172062397003173828125">
        <ele>407.399993896484375</ele>
        <time>2026-02-03T12:28:59.000Z</time>
        <extensions>
          <ns3:TrackPointExtension>
            <ns3:hr>166</ns3:hr>
            <ns3:cad>104</ns3:cad>
          </ns3:TrackPointExtension>
        </extensions>
      </trkpt>
      <trkpt lat="34.2335089109838008880615234375" lon="108.93788519315421581268310546875">
        <ele>407.399993896484375</ele>
        <time>2026-02-03T12:29:00.000Z</time>
        <extensions>
          <ns3:TrackPointExtension>
            <ns3:hr>167</ns3:hr>
            <ns3:cad>104</ns3:cad>
          </ns3:TrackPointExtension>
        </extensions>
      </trkpt>
      <trkpt lat="34.23354126513004302978515625" lon="108.9378968439996242523193359375">
        <ele>407.399993896484375</ele>
        <time>2026-02-03T12:29:01.000Z</time>
        <extensions>
          <ns3:TrackPointExtension>
            <ns3:hr>168</ns3:hr>
            <ns3:cad>102</ns3:cad>
          </ns3:TrackPointExtension>
        </extensions>
      </trkpt>
      <trkpt lat="34.23357571475207805633544921875" lon="108.93790665082633495330810546875">
        <ele>407.399993896484375</ele>
        <time>2026-02-03T12:29:02.000Z</time>
        <extensions>
          <ns3:TrackPointExtension>
            <ns3:hr>168</ns3:hr>
            <ns3:cad>102</ns3:cad>
          </ns3:TrackPointExtension>
        </extensions>
      </trkpt>
      <trkpt lat="34.23359759151935577392578125" lon="108.9379159547388553619384765625">
        <ele>407.399993896484375</ele>
        <time>2026-02-03T12:29:03.000Z</time>
        <extensions>
          <ns3:TrackPointExtension>
            <ns3:hr>169</ns3:hr>
            <ns3:cad>102</ns3:cad>
          </ns3:TrackPointExtension>
        </extensions>
      </trkpt>
      <trkpt lat="34.2336319573223590850830078125" lon="108.93791017122566699981689453125">
        <ele>407.399993896484375</ele>
        <time>2026-02-03T12:29:04.000Z</time>
        <extensions>
          <ns3:TrackPointExtension>
            <ns3:hr>170</ns3:hr>
            <ns3:cad>102</ns3:cad>
          </ns3:TrackPointExtension>
        </extensions>
      </trkpt>
      <trkpt lat="34.2336735315620899200439453125" lon="108.93790648318827152252197265625">
        <ele>407.399993896484375</ele>
        <time>2026-02-03T12:29:05.000Z</time>
        <extensions>
          <ns3:TrackPointExtension>
            <ns3:hr>171</ns3:hr>
            <ns3:cad>101</ns3:cad>
          </ns3:TrackPointExtension>
        </extensions>
      </trkpt>
      <trkpt lat="34.23370630480349063873291015625" lon="108.93791369162499904632568359375">
        <ele>407.399993896484375</ele>
        <time>2026-02-03T12:29:06.000Z</time>
        <extensions>
          <ns3:TrackPointExtension>
            <ns3:hr>171</ns3:hr>
            <ns3:cad>101</ns3:cad>
          </ns3:TrackPointExtension>
        </extensions>
      </trkpt>
      <trkpt lat="34.23373212106525897979736328125" lon="108.93791176378726959228515625">
        <ele>407.399993896484375</ele>
        <time>2026-02-03T12:29:07.000Z</time>
        <extensions>
          <ns3:TrackPointExtension>
            <ns3:hr>171</ns3:hr>
            <ns3:cad>101</ns3:cad>
          </ns3:TrackPointExtension>
        </extensions>
      </trkpt>
      <trkpt lat="34.23377118073403835296630859375" lon="108.937912769615650177001953125">
        <ele>407.399993896484375</ele>
        <time>2026-02-03T12:29:08.000Z</time>
        <extensions>
          <ns3:TrackPointExtension>
            <ns3:hr>172</ns3:hr>
            <ns3:cad>101</ns3:cad>
          </ns3:TrackPointExtension>
        </extensions>
      </trkpt>
      <trkpt lat="34.23380705527961254119873046875" lon="108.9379142783582210540771484375">
        <ele>407.399993896484375</ele>
        <time>2026-02-03T12:29:09.000Z</time>
        <extensions>
          <ns3:TrackPointExtension>
            <ns3:hr>172</ns3:hr>
            <ns3:cad>101</ns3:cad>
          </ns3:TrackPointExtension>
        </extensions>
      </trkpt>
      <trkpt lat="34.23383723013103008270263671875" lon="108.93792006187140941619873046875">
        <ele>407.399993896484375</ele>
        <time>2026-02-03T12:29:10.000Z</time>
        <extensions>
          <ns3:TrackPointExtension>
            <ns3:hr>172</ns3:hr>
            <ns3:cad>102</ns3:cad>
          </ns3:TrackPointExtension>
        </extensions>
      </trkpt>
      <trkpt lat="34.233872853219509124755859375" lon="108.93791687674820423126220703125">
        <ele>407.399993896484375</ele>
        <time>2026-02-03T12:29:11.000Z</time>
        <extensions>
          <ns3:TrackPointExtension>
            <ns3:hr>172</ns3:hr>
            <ns3:cad>102</ns3:cad>
          </ns3:TrackPointExtension>
        </extensions>
      </trkpt>
      <trkpt lat="34.233905375003814697265625" lon="108.93791385926306247711181640625">
        <ele>407.399993896484375</ele>
        <time>2026-02-03T12:29:12.000Z</time>
        <extensions>
          <ns3:TrackPointExtension>
            <ns3:hr>171</ns3:hr>
            <ns3:cad>102</ns3:cad>
          </ns3:TrackPointExtension>
        </extensions>
      </trkpt>
      <trkpt lat="34.2339362204074859619140625" lon="108.93791570328176021575927734375">
        <ele>407.399993896484375</ele>
        <time>2026-02-03T12:29:13.000Z</time>
        <extensions>
          <ns3:TrackPointExtension>
            <ns3:hr>172</ns3:hr>
            <ns3:cad>102</ns3:cad>
          </ns3:TrackPointExtension>
        </extensions>
      </trkpt>
      <trkpt lat="34.23397117294371128082275390625" lon="108.937912099063396453857421875">
        <ele>407.399993896484375</ele>
        <time>2026-02-03T12:29:14.000Z</time>
        <extensions>
          <ns3:TrackPointExtension>
            <ns3:hr>172</ns3:hr>
            <ns3:cad>102</ns3:cad>
          </ns3:TrackPointExtension>
        </extensions>
      </trkpt>
      <trkpt lat="34.234008304774761199951171875" lon="108.9379132725298404693603515625">
        <ele>407.399993896484375</ele>
        <time>2026-02-03T12:29:15.000Z</time>
        <extensions>
          <ns3:TrackPointExtension>
            <ns3:hr>171</ns3:hr>
            <ns3:cad>102</ns3:cad>
          </ns3:TrackPointExtension>
        </extensions>
      </trkpt>
      <trkpt lat="34.23403839580714702606201171875" lon="108.93791855312883853912353515625">
        <ele>407.399993896484375</ele>
        <time>2026-02-03T12:29:16.000Z</time>
        <extensions>
          <ns3:TrackPointExtension>
            <ns3:hr>171</ns3:hr>
            <ns3:cad>102</ns3:cad>
          </ns3:TrackPointExtension>
        </extensions>
      </trkpt>
      <trkpt lat="34.2340728454291820526123046875" lon="108.9379092492163181304931640625">
        <ele>407.399993896484375</ele>
        <time>2026-02-03T12:29:17.000Z</time>
        <extensions>
          <ns3:TrackPointExtension>
            <ns3:hr>171</ns3:hr>
            <ns3:cad>102</ns3:cad>
          </ns3:TrackPointExtension>
        </extensions>
      </trkpt>
      <trkpt lat="34.23411123454570770263671875" lon="108.93790782429277896881103515625">
        <ele>407.399993896484375</ele>
        <time>2026-02-03T12:29:18.000Z</time>
        <extensions>
          <ns3:TrackPointExtension>
            <ns3:hr>172</ns3:hr>
            <ns3:cad>101</ns3:cad>
          </ns3:TrackPointExtension>
        </extensions>
      </trkpt>
      <trkpt lat="34.23414099030196666717529296875" lon="108.93791042268276214599609375">
        <ele>407.399993896484375</ele>
        <time>2026-02-03T12:29:19.000Z</time>
        <extensions>
          <ns3:TrackPointExtension>
            <ns3:hr>171</ns3:hr>
            <ns3:cad>101</ns3:cad>
          </ns3:TrackPointExtension>
        </extensions>
      </trkpt>
      <trkpt lat="34.2341663874685764312744140625" lon="108.9379070699214935302734375">
        <ele>407.399993896484375</ele>
        <time>2026-02-03T12:29:20.000Z</time>
        <extensions>
          <ns3:TrackPointExtension>
            <ns3:hr>171</ns3:hr>
            <ns3:cad>101</ns3:cad>
          </ns3:TrackPointExtension>
        </extensions>
      </trkpt>
      <trkpt lat="34.23419966362416744232177734375" lon="108.9379085786640644073486328125">
        <ele>407.399993896484375</ele>
        <time>2026-02-03T12:29:21.000Z</time>
        <extensions>
          <ns3:TrackPointExtension>
            <ns3:hr>172</ns3:hr>
            <ns3:cad>101</ns3:cad>
          </ns3:TrackPointExtension>
        </extensions>
      </trkpt>
      <trkpt lat="34.23423000611364841461181640625" lon="108.93790530972182750701904296875">
        <ele>407.399993896484375</ele>
        <time>2026-02-03T12:29:22.000Z</time>
        <extensions>
          <ns3:TrackPointExtension>
            <ns3:hr>171</ns3:hr>
            <ns3:cad>102</ns3:cad>
          </ns3:TrackPointExtension>
        </extensions>
      </trkpt>
      <trkpt lat="34.2342569120228290557861328125" lon="108.937906734645366668701171875">
        <ele>407.399993896484375</ele>
        <time>2026-02-03T12:29:23.000Z</time>
        <extensions>
          <ns3:TrackPointExtension>
            <ns3:hr>171</ns3:hr>
            <ns3:cad>102</ns3:cad>
          </ns3:TrackPointExtension>
        </extensions>
      </trkpt>
      <trkpt lat="34.23428415320813655853271484375" lon="108.937904052436351776123046875">
        <ele>407.399993896484375</ele>
        <time>2026-02-03T12:29:24.000Z</time>
        <extensions>
          <ns3:TrackPointExtension>
            <ns3:hr>171</ns3:hr>
            <ns3:cad>102</ns3:cad>
          </ns3:TrackPointExtension>
        </extensions>
      </trkpt>
      <trkpt lat="34.23432178795337677001953125" lon="108.9379018731415271759033203125">
        <ele>407.399993896484375</ele>
        <time>2026-02-03T12:29:25.000Z</time>
        <extensions>
          <ns3:TrackPointExtension>
            <ns3:hr>171</ns3:hr>
            <ns3:cad>102</ns3:cad>
          </ns3:TrackPointExtension>
        </extensions>
      </trkpt>
      <trkpt lat="34.23435305245220661163330078125" lon="108.9379052259027957916259765625">
        <ele>407.399993896484375</ele>
        <time>2026-02-03T12:29:26.000Z</time>
        <extensions>
          <ns3:TrackPointExtension>
            <ns3:hr>171</ns3:hr>
            <ns3:cad>102</ns3:cad>
          </ns3:TrackPointExtension>
        </extensions>
      </trkpt>
      <trkpt lat="34.23438205383718013763427734375" lon="108.93790916539728641510009765625">
        <ele>407.20001220703125</ele>
        <time>2026-02-03T12:29:27.000Z</time>
        <extensions>
          <ns3:TrackPointExtension>
            <ns3:hr>171</ns3:hr>
            <ns3:cad>102</ns3:cad>
          </ns3:TrackPointExtension>
        </extensions>
      </trkpt>
      <trkpt lat="34.23441675491631031036376953125" lon="108.937906064093112945556640625">
        <ele>407.20001220703125</ele>
        <time>2026-02-03T12:29:28.000Z</time>
        <extensions>
          <ns3:TrackPointExtension>
            <ns3:hr>172</ns3:hr>
            <ns3:cad>102</ns3:cad>
          </ns3:TrackPointExtension>
        </extensions>
      </trkpt>
      <trkpt lat="34.23444726504385471343994140625" lon="108.9379043877124786376953125">
        <ele>407.20001220703125</ele>
        <time>2026-02-03T12:29:29.000Z</time>
        <extensions>
          <ns3:TrackPointExtension>
            <ns3:hr>171</ns3:hr>
            <ns3:cad>102</ns3:cad>
          </ns3:TrackPointExtension>
        </extensions>
      </trkpt>
      <trkpt lat="34.2344748415052890777587890625" lon="108.93790765665471553802490234375">
        <ele>407.20001220703125</ele>
        <time>2026-02-03T12:29:30.000Z</time>
        <extensions>
          <ns3:TrackPointExtension>
            <ns3:hr>171</ns3:hr>
            <ns3:cad>102</ns3:cad>
          </ns3:TrackPointExtension>
        </extensions>
      </trkpt>
      <trkpt lat="34.23451079986989498138427734375" lon="108.93790078349411487579345703125">
        <ele>407.399993896484375</ele>
        <time>2026-02-03T12:29:31.000Z</time>
        <extensions>
          <ns3:TrackPointExtension>
            <ns3:hr>171</ns3:hr>
            <ns3:cad>102</ns3:cad>
          </ns3:TrackPointExtension>
        </extensions>
      </trkpt>
      <trkpt lat="34.23454466275870800018310546875" lon="108.9378921501338481903076171875">
        <ele>407.399993896484375</ele>
        <time>2026-02-03T12:29:32.000Z</time>
        <extensions>
          <ns3:TrackPointExtension>
            <ns3:hr>171</ns3:hr>
            <ns3:cad>102</ns3:cad>
          </ns3:TrackPointExtension>
        </extensions>
      </trkpt>
      <trkpt lat="34.234572239220142364501953125" lon="108.9378802478313446044921875">
        <ele>407.20001220703125</ele>
        <time>2026-02-03T12:29:33.000Z</time>
        <extensions>
          <ns3:TrackPointExtension>
            <ns3:hr>171</ns3:hr>
            <ns3:cad>102</ns3:cad>
          </ns3:TrackPointExtension>
        </extensions>
      </trkpt>
      <trkpt lat="34.2346014082431793212890625" lon="108.93785987980663776397705078125">
        <ele>407.20001220703125</ele>
        <time>2026-02-03T12:29:34.000Z</time>
        <extensions>
          <ns3:TrackPointExtension>
            <ns3:hr>171</ns3:hr>
            <ns3:cad>102</ns3:cad>
          </ns3:TrackPointExtension>
        </extensions>
      </trkpt>
      <trkpt lat="34.23462714068591594696044921875" lon="108.93783624283969402313232421875">
        <ele>407.20001220703125</ele>
        <time>2026-02-03T12:29:35.000Z</time>
        <extensions>
          <ns3:TrackPointExtension>
            <ns3:hr>171</ns3:hr>
            <ns3:cad>102</ns3:cad>
          </ns3:TrackPointExtension>
        </extensions>
      </trkpt>
      <trkpt lat="34.2346523702144622802734375" lon="108.93781444989144802093505859375">
        <ele>407.20001220703125</ele>
        <time>2026-02-03T12:29:36.000Z</time>
        <extensions>
          <ns3:TrackPointExtension>
            <ns3:hr>170</ns3:hr>
            <ns3:cad>101</ns3:cad>
          </ns3:TrackPointExtension>
        </extensions>
      </trkpt>
      <trkpt lat="34.2346739955246448516845703125" lon="108.9377821795642375946044921875">
        <ele>407.20001220703125</ele>
        <time>2026-02-03T12:29:37.000Z</time>
        <extensions>
          <ns3:TrackPointExtension>
            <ns3:hr>169</ns3:hr>
            <ns3:cad>101</ns3:cad>
          </ns3:TrackPointExtension>
        </extensions>
      </trkpt>
      <trkpt lat="34.234693944454193115234375" lon="108.93774387426674365997314453125">
        <ele>407.20001220703125</ele>
        <time>2026-02-03T12:29:38.000Z</time>
        <extensions>
          <ns3:TrackPointExtension>
            <ns3:hr>169</ns3:hr>
            <ns3:cad>101</ns3:cad>
          </ns3:TrackPointExtension>
        </extensions>
      </trkpt>
      <trkpt lat="34.23471271991729736328125" lon="108.9377104304730892181396484375">
        <ele>407.20001220703125</ele>
        <time>2026-02-03T12:29:39.000Z</time>
        <extensions>
          <ns3:TrackPointExtension>
            <ns3:hr>169</ns3:hr>
            <ns3:cad>101</ns3:cad>
          </ns3:TrackPointExtension>
        </extensions>
      </trkpt>
      <trkpt lat="34.23472839407622814178466796875" lon="108.9376742206513881683349609375">
        <ele>407.20001220703125</ele>
        <time>2026-02-03T12:29:40.000Z</time>
        <extensions>
          <ns3:TrackPointExtension>
            <ns3:hr>168</ns3:hr>
            <ns3:cad>101</ns3:cad>
          </ns3:TrackPointExtension>
        </extensions>
      </trkpt>
      <trkpt lat="34.2347403801977634429931640625" lon="108.93762870691716670989990234375">
        <ele>407.20001220703125</ele>
        <time>2026-02-03T12:29:41.000Z</time>
        <extensions>
          <ns3:TrackPointExtension>
            <ns3:hr>168</ns3:hr>
            <ns3:cad>101</ns3:cad>
          </ns3:TrackPointExtension>
        </extensions>
      </trkpt>
      <trkpt lat="34.23474934883415699005126953125" lon="108.93758562393486499786376953125">
        <ele>407.20001220703125</ele>
        <time>2026-02-03T12:29:42.000Z</time>
        <extensions>
          <ns3:TrackPointExtension>
            <ns3:hr>168</ns3:hr>
            <ns3:cad>101</ns3:cad>
          </ns3:TrackPointExtension>
        </extensions>
      </trkpt>
      <trkpt lat="34.23475605435669422149658203125" lon="108.9375501684844493865966796875">
        <ele>407.20001220703125</ele>
        <time>2026-02-03T12:29:43.000Z</time>
        <extensions>
          <ns3:TrackPointExtension>
            <ns3:hr>167</ns3:hr>
            <ns3:cad>101</ns3:cad>
          </ns3:TrackPointExtension>
        </extensions>
      </trkpt>
      <trkpt lat="34.23475823365151882171630859375" lon="108.93750448711216449737548828125">
        <ele>407.20001220703125</ele>
        <time>2026-02-03T12:29:44.000Z</time>
        <extensions>
          <ns3:TrackPointExtension>
            <ns3:hr>167</ns3:hr>
            <ns3:cad>101</ns3:cad>
          </ns3:TrackPointExtension>
        </extensions>
      </trkpt>
      <trkpt lat="34.23475454561412334442138671875" lon="108.93745956011116504669189453125">
        <ele>407.20001220703125</ele>
        <time>2026-02-03T12:29:45.000Z</time>
        <extensions>
          <ns3:TrackPointExtension>
            <ns3:hr>167</ns3:hr>
            <ns3:cad>103</ns3:cad>
          </ns3:TrackPointExtension>
        </extensions>
      </trkpt>
      <trkpt lat="34.23475655727088451385498046875" lon="108.9374204166233539581298828125">
        <ele>407.20001220703125</ele>
        <time>2026-02-03T12:29:46.000Z</time>
        <extensions>
          <ns3:TrackPointExtension>
            <ns3:hr>167</ns3:hr>
            <ns3:cad>103</ns3:cad>
          </ns3:TrackPointExtension>
        </extensions>
      </trkpt>
      <trkpt lat="34.23475228250026702880859375" lon="108.93737909384071826934814453125">
        <ele>407.20001220703125</ele>
        <time>2026-02-03T12:29:47.000Z</time>
        <extensions>
          <ns3:TrackPointExtension>
            <ns3:hr>167</ns3:hr>
            <ns3:cad>103</ns3:cad>
          </ns3:TrackPointExtension>
        </extensions>
      </trkpt>
      <trkpt lat="34.234731495380401611328125" lon="108.93733031116425991058349609375">
        <ele>407.20001220703125</ele>
        <time>2026-02-03T12:29:48.000Z</time>
        <extensions>
          <ns3:TrackPointExtension>
            <ns3:hr>168</ns3:hr>
            <ns3:cad>101</ns3:cad>
          </ns3:TrackPointExtension>
        </extensions>
      </trkpt>
      <trkpt lat="34.234716407954692840576171875" lon="108.93728655762970447540283203125">
        <ele>407.20001220703125</ele>
        <time>2026-02-03T12:29:49.000Z</time>
        <extensions>
          <ns3:TrackPointExtension>
            <ns3:hr>167</ns3:hr>
            <ns3:cad>100</ns3:cad>
          </ns3:TrackPointExtension>
        </extensions>
      </trkpt>
      <trkpt lat="34.23470056615769863128662109375" lon="108.93724858760833740234375">
        <ele>407.20001220703125</ele>
        <time>2026-02-03T12:29:50.000Z</time>
        <extensions>
          <ns3:TrackPointExtension>
            <ns3:hr>167</ns3:hr>
            <ns3:cad>101</ns3:cad>
          </ns3:TrackPointExtension>
        </extensions>
      </trkpt>
      <trkpt lat="34.2346753366291522979736328125" lon="108.93720592372119426727294921875">
        <ele>407.20001220703125</ele>
        <time>2026-02-03T12:29:51.000Z</time>
        <extensions>
          <ns3:TrackPointExtension>
            <ns3:hr>168</ns3:hr>
            <ns3:cad>101</ns3:cad>
          </ns3:TrackPointExtension>
        </extensions>
      </trkpt>
      <trkpt lat="34.23464910127222537994384765625" lon="108.9371703006327152252197265625">
        <ele>407.20001220703125</ele>
        <time>2026-02-03T12:29:52.000Z</time>
        <extensions>
          <ns3:TrackPointExtension>
            <ns3:hr>168</ns3:hr>
            <ns3:cad>101</ns3:cad>
          </ns3:TrackPointExtension>
        </extensions>
      </trkpt>
      <trkpt lat="34.23462697304785251617431640625" lon="108.937141634523868560791015625">
        <ele>407.20001220703125</ele>
        <time>2026-02-03T12:29:53.000Z</time>
        <extensions>
          <ns3:TrackPointExtension>
            <ns3:hr>168</ns3:hr>
            <ns3:cad>102</ns3:cad>
          </ns3:TrackPointExtension>
        </extensions>
      </trkpt>
      <trkpt lat="34.2346005700528621673583984375" lon="108.937110789120197296142578125">
        <ele>407.20001220703125</ele>
        <time>2026-02-03T12:29:54.000Z</time>
        <extensions>
          <ns3:TrackPointExtension>
            <ns3:hr>168</ns3:hr>
            <ns3:cad>102</ns3:cad>
          </ns3:TrackPointExtension>
        </extensions>
      </trkpt>
      <trkpt lat="34.23456813208758831024169921875" lon="108.9370837993919849395751953125">
        <ele>407.20001220703125</ele>
        <time>2026-02-03T12:29:55.000Z</time>
        <extensions>
          <ns3:TrackPointExtension>
            <ns3:hr>168</ns3:hr>
            <ns3:cad>102</ns3:cad>
          </ns3:TrackPointExtension>
        </extensions>
      </trkpt>
      <trkpt lat="34.2345418967306613922119140625" lon="108.93706510774791240692138671875">
        <ele>407.20001220703125</ele>
        <time>2026-02-03T12:29:56.000Z</time>
        <extensions>
          <ns3:TrackPointExtension>
            <ns3:hr>168</ns3:hr>
            <ns3:cad>102</ns3:cad>
          </ns3:TrackPointExtension>
        </extensions>
      </trkpt>
      <trkpt lat="34.2345083691179752349853515625" lon="108.93705521710216999053955078125">
        <ele>407.20001220703125</ele>
        <time>2026-02-03T12:29:57.000Z</time>
        <extensions>
          <ns3:TrackPointExtension>
            <ns3:hr>168</ns3:hr>
            <ns3:cad>102</ns3:cad>
          </ns3:TrackPointExtension>
        </extensions>
      </trkpt>
      <trkpt lat="34.23447408713400363922119140625" lon="108.93704432062804698944091796875">
        <ele>407.20001220703125</ele>
        <time>2026-02-03T12:29:58.000Z</time>
        <extensions>
          <ns3:TrackPointExtension>
            <ns3:hr>168</ns3:hr>
            <ns3:cad>102</ns3:cad>
          </ns3:TrackPointExtension>
        </extensions>
      </trkpt>
      <trkpt lat="34.23444307409226894378662109375" lon="108.93703526817262172698974609375">
        <ele>407.20001220703125</ele>
        <time>2026-02-03T12:29:59.000Z</time>
        <extensions>
          <ns3:TrackPointExtension>
            <ns3:hr>168</ns3:hr>
            <ns3:cad>102</ns3:cad>
          </ns3:TrackPointExtension>
        </extensions>
      </trkpt>
      <trkpt lat="34.23440761864185333251953125" lon="108.9370375312864780426025390625">
        <ele>407.20001220703125</ele>
        <time>2026-02-03T12:30:00.000Z</time>
        <extensions>
          <ns3:TrackPointExtension>
            <ns3:hr>168</ns3:hr>
            <ns3:cad>102</ns3:cad>
          </ns3:TrackPointExtension>
        </extensions>
      </trkpt>
      <trkpt lat="34.23436730168759822845458984375" lon="108.93704147078096866607666015625">
        <ele>407.20001220703125</ele>
        <time>2026-02-03T12:30:01.000Z</time>
        <extensions>
          <ns3:TrackPointExtension>
            <ns3:hr>168</ns3:hr>
            <ns3:cad>102</ns3:cad>
          </ns3:TrackPointExtension>
        </extensions>
      </trkpt>
      <trkpt lat="34.23433343879878520965576171875" lon="108.9370412193238735198974609375">
        <ele>407.20001220703125</ele>
        <time>2026-02-03T12:30:02.000Z</time>
        <extensions>
          <ns3:TrackPointExtension>
            <ns3:hr>168</ns3:hr>
            <ns3:cad>101</ns3:cad>
          </ns3:TrackPointExtension>
        </extensions>
      </trkpt>
      <trkpt lat="34.234300665557384490966796875" lon="108.9370472542941570281982421875">
        <ele>407.20001220703125</ele>
        <time>2026-02-03T12:30:03.000Z</time>
        <extensions>
          <ns3:TrackPointExtension>
            <ns3:hr>168</ns3:hr>
            <ns3:cad>100</ns3:cad>
          </ns3:TrackPointExtension>
        </extensions>
      </trkpt>
      <trkpt lat="34.2342616058886051177978515625" lon="108.93704817630350589752197265625">
        <ele>407.20001220703125</ele>
        <time>2026-02-03T12:30:04.000Z</time>
        <extensions>
          <ns3:TrackPointExtension>
            <ns3:hr>168</ns3:hr>
            <ns3:cad>100</ns3:cad>
          </ns3:TrackPointExtension>
        </extensions>
      </trkpt>
      <trkpt lat="34.2342274077236652374267578125" lon="108.937046416103839874267578125">
        <ele>407.20001220703125</ele>
        <time>2026-02-03T12:30:05.000Z</time>
        <extensions>
          <ns3:TrackPointExtension>
            <ns3:hr>168</ns3:hr>
            <ns3:cad>100</ns3:cad>
          </ns3:TrackPointExtension>
        </extensions>
      </trkpt>
      <trkpt lat="34.2341937124729156494140625" lon="108.93705521710216999053955078125">
        <ele>407.20001220703125</ele>
        <time>2026-02-03T12:30:06.000Z</time>
        <extensions>
          <ns3:TrackPointExtension>
            <ns3:hr>168</ns3:hr>
            <ns3:cad>100</ns3:cad>
          </ns3:TrackPointExtension>
        </extensions>
      </trkpt>
      <trkpt lat="34.23415339551866054534912109375" lon="108.93705789931118488311767578125">
        <ele>407.20001220703125</ele>
        <time>2026-02-03T12:30:07.000Z</time>
        <extensions>
          <ns3:TrackPointExtension>
            <ns3:hr>168</ns3:hr>
            <ns3:cad>101</ns3:cad>
          </ns3:TrackPointExtension>
        </extensions>
      </trkpt>
      <trkpt lat="34.23411802388727664947509765625" lon="108.937060832977294921875">
        <ele>407.20001220703125</ele>
        <time>2026-02-03T12:30:08.000Z</time>
        <extensions>
          <ns3:TrackPointExtension>
            <ns3:hr>168</ns3:hr>
            <ns3:cad>101</ns3:cad>
          </ns3:TrackPointExtension>
        </extensions>
      </trkpt>
      <trkpt lat="34.2340859211981296539306640625" lon="108.9370586536824703216552734375">
        <ele>407.20001220703125</ele>
        <time>2026-02-03T12:30:09.000Z</time>
        <extensions>
          <ns3:TrackPointExtension>
            <ns3:hr>168</ns3:hr>
            <ns3:cad>101</ns3:cad>
          </ns3:TrackPointExtension>
        </extensions>
      </trkpt>
      <trkpt lat="34.2340493761003017425537109375" lon="108.93706284463405609130859375">
        <ele>407.20001220703125</ele>
        <time>2026-02-03T12:30:10.000Z</time>
        <extensions>
          <ns3:TrackPointExtension>
            <ns3:hr>168</ns3:hr>
            <ns3:cad>101</ns3:cad>
          </ns3:TrackPointExtension>
        </extensions>
      </trkpt>
      <trkpt lat="34.2340114898979663848876953125" lon="108.937063850462436676025390625">
        <ele>407.20001220703125</ele>
        <time>2026-02-03T12:30:11.000Z</time>
        <extensions>
          <ns3:TrackPointExtension>
            <ns3:hr>168</ns3:hr>
            <ns3:cad>95</ns3:cad>
          </ns3:TrackPointExtension>
        </extensions>
      </trkpt>
      <trkpt lat="34.23397737555205821990966796875" lon="108.9370603300631046295166015625">
        <ele>407.20001220703125</ele>
        <time>2026-02-03T12:30:12.000Z</time>
        <extensions>
          <ns3:TrackPointExtension>
            <ns3:hr>168</ns3:hr>
            <ns3:cad>95</ns3:cad>
          </ns3:TrackPointExtension>
        </extensions>
      </trkpt>
      <trkpt lat="34.23394493758678436279296875" lon="108.93705739639699459075927734375">
        <ele>407.20001220703125</ele>
        <time>2026-02-03T12:30:13.000Z</time>
        <extensions>
          <ns3:TrackPointExtension>
            <ns3:hr>169</ns3:hr>
            <ns3:cad>95</ns3:cad>
          </ns3:TrackPointExtension>
        </extensions>
      </trkpt>
      <trkpt lat="34.23390646465122699737548828125" lon="108.93705605529248714447021484375">
        <ele>407.20001220703125</ele>
        <time>2026-02-03T12:30:14.000Z</time>
        <extensions>
          <ns3:TrackPointExtension>
            <ns3:hr>168</ns3:hr>
            <ns3:cad>101</ns3:cad>
          </ns3:TrackPointExtension>
        </extensions>
      </trkpt>
      <trkpt lat="34.2338726855814456939697265625" lon="108.93704985268414020538330078125">
        <ele>407.20001220703125</ele>
        <time>2026-02-03T12:30:15.000Z</time>
        <extensions>
          <ns3:TrackPointExtension>
            <ns3:hr>168</ns3:hr>
            <ns3:cad>102</ns3:cad>
          </ns3:TrackPointExtension>
        </extensions>
      </trkpt>
      <trkpt lat="34.23384410329163074493408203125" lon="108.937044404447078704833984375">
        <ele>407.20001220703125</ele>
        <time>2026-02-03T12:30:16.000Z</time>
        <extensions>
          <ns3:TrackPointExtension>
            <ns3:hr>168</ns3:hr>
            <ns3:cad>102</ns3:cad>
          </ns3:TrackPointExtension>
        </extensions>
      </trkpt>
      <trkpt lat="34.23380521126091480255126953125" lon="108.93704616464674472808837890625">
        <ele>407.20001220703125</ele>
        <time>2026-02-03T12:30:17.000Z</time>
        <extensions>
          <ns3:TrackPointExtension>
            <ns3:hr>168</ns3:hr>
            <ns3:cad>102</ns3:cad>
          </ns3:TrackPointExtension>
        </extensions>
      </trkpt>
      <trkpt lat="34.23376883380115032196044921875" lon="108.93704675137996673583984375">
        <ele>407</ele>
        <time>2026-02-03T12:30:18.000Z</time>
        <extensions>
          <ns3:TrackPointExtension>
            <ns3:hr>168</ns3:hr>
            <ns3:cad>102</ns3:cad>
          </ns3:TrackPointExtension>
        </extensions>
      </trkpt>
      <trkpt lat="34.23373681493103504180908203125" lon="108.9370469190180301666259765625">
        <ele>407</ele>
        <time>2026-02-03T12:30:19.000Z</time>
        <extensions>
          <ns3:TrackPointExtension>
            <ns3:hr>168</ns3:hr>
            <ns3:cad>102</ns3:cad>
          </ns3:TrackPointExtension>
        </extensions>
      </trkpt>
      <trkpt lat="34.23370446078479290008544921875" lon="108.93705102615058422088623046875">
        <ele>407.20001220703125</ele>
        <time>2026-02-03T12:30:20.000Z</time>
        <extensions>
          <ns3:TrackPointExtension>
            <ns3:hr>167</ns3:hr>
            <ns3:cad>102</ns3:cad>
          </ns3:TrackPointExtension>
        </extensions>
      </trkpt>
      <trkpt lat="34.23366473056375980377197265625" lon="108.9370593242347240447998046875">
        <ele>407.20001220703125</ele>
        <time>2026-02-03T12:30:21.000Z</time>
        <extensions>
          <ns3:TrackPointExtension>
            <ns3:hr>166</ns3:hr>
            <ns3:cad>103</ns3:cad>
          </ns3:TrackPointExtension>
        </extensions>
      </trkpt>
      <trkpt lat="34.2336339689791202545166015625" lon="108.93705773167312145233154296875">
        <ele>407.20001220703125</ele>
        <time>2026-02-03T12:30:22.000Z</time>
        <extensions>
          <ns3:TrackPointExtension>
            <ns3:hr>165</ns3:hr>
            <ns3:cad>103</ns3:cad>
          </ns3:TrackPointExtension>
        </extensions>
      </trkpt>
      <trkpt lat="34.23360220156610012054443359375" lon="108.93706426955759525299072265625">
        <ele>407.20001220703125</ele>
        <time>2026-02-03T12:30:23.000Z</time>
        <extensions>
          <ns3:TrackPointExtension>
            <ns3:hr>163</ns3:hr>
            <ns3:cad>103</ns3:cad>
          </ns3:TrackPointExtension>
        </extensions>
      </trkpt>
      <trkpt lat="34.2335635609924793243408203125" lon="108.937068544328212738037109375">
        <ele>407.20001220703125</ele>
        <time>2026-02-03T12:30:24.000Z</time>
        <extensions>
          <ns3:TrackPointExtension>
            <ns3:hr>163</ns3:hr>
            <ns3:cad>103</ns3:cad>
          </ns3:TrackPointExtension>
        </extensions>
      </trkpt>
      <trkpt lat="34.23352877609431743621826171875" lon="108.937078602612018585205078125">
        <ele>407.20001220703125</ele>
        <time>2026-02-03T12:30:25.000Z</time>
        <extensions>
          <ns3:TrackPointExtension>
            <ns3:hr>163</ns3:hr>
            <ns3:cad>101</ns3:cad>
          </ns3:TrackPointExtension>
        </extensions>
      </trkpt>
      <trkpt lat="34.2334963381290435791015625" lon="108.93708488903939723968505859375">
        <ele>407.20001220703125</ele>
        <time>2026-02-03T12:30:26.000Z</time>
        <extensions>
          <ns3:TrackPointExtension>
            <ns3:hr>163</ns3:hr>
            <ns3:cad>101</ns3:cad>
          </ns3:TrackPointExtension>
        </extensions>
      </trkpt>
      <trkpt lat="34.233464486896991729736328125" lon="108.9371072687208652496337890625">
        <ele>407.20001220703125</ele>
        <time>2026-02-03T12:30:27.000Z</time>
        <extensions>
          <ns3:TrackPointExtension>
            <ns3:hr>163</ns3:hr>
            <ns3:cad>102</ns3:cad>
          </ns3:TrackPointExtension>
        </extensions>
      </trkpt>
      <trkpt lat="34.23343070782721042633056640625" lon="108.93713618628680706024169921875">
        <ele>407.20001220703125</ele>
        <time>2026-02-03T12:30:28.000Z</time>
        <extensions>
          <ns3:TrackPointExtension>
            <ns3:hr>163</ns3:hr>
            <ns3:cad>102</ns3:cad>
          </ns3:TrackPointExtension>
        </extensions>
      </trkpt>
      <trkpt lat="34.23340237699449062347412109375" lon="108.9371575601398944854736328125">
        <ele>407.20001220703125</ele>
        <time>2026-02-03T12:30:29.000Z</time>
        <extensions>
          <ns3:TrackPointExtension>
            <ns3:hr>164</ns3:hr>
            <ns3:cad>102</ns3:cad>
          </ns3:TrackPointExtension>
        </extensions>
      </trkpt>
      <trkpt lat="34.2333744652569293975830078125" lon="108.937181197106838226318359375">
        <ele>407.20001220703125</ele>
        <time>2026-02-03T12:30:30.000Z</time>
        <extensions>
          <ns3:TrackPointExtension>
            <ns3:hr>167</ns3:hr>
            <ns3:cad>102</ns3:cad>
          </ns3:TrackPointExtension>
        </extensions>
      </trkpt>
      <trkpt lat="34.2333488166332244873046875" lon="108.937213718891143798828125">
        <ele>407.20001220703125</ele>
        <time>2026-02-03T12:30:31.000Z</time>
        <extensions>
          <ns3:TrackPointExtension>
            <ns3:hr>167</ns3:hr>
            <ns3:cad>102</ns3:cad>
          </ns3:TrackPointExtension>
        </extensions>
      </trkpt>
      <trkpt lat="34.23332727514207363128662109375" lon="108.9372524432837963104248046875">
        <ele>407.20001220703125</ele>
        <time>2026-02-03T12:30:32.000Z</time>
        <extensions>
          <ns3:TrackPointExtension>
            <ns3:hr>167</ns3:hr>
            <ns3:cad>96</ns3:cad>
          </ns3:TrackPointExtension>
        </extensions>
      </trkpt>
      <trkpt lat="34.2333074100315570831298828125" lon="108.937280438840389251708984375">
        <ele>407.20001220703125</ele>
        <time>2026-02-03T12:30:33.000Z</time>
        <extensions>
          <ns3:TrackPointExtension>
            <ns3:hr>167</ns3:hr>
            <ns3:cad>96</ns3:cad>
          </ns3:TrackPointExtension>
        </extensions>
      </trkpt>
      <trkpt lat="34.23329056240618228912353515625" lon="108.93731120042502880096435546875">
        <ele>407.20001220703125</ele>
        <time>2026-02-03T12:30:34.000Z</time>
        <extensions>
          <ns3:TrackPointExtension>
            <ns3:hr>167</ns3:hr>
            <ns3:cad>103</ns3:cad>
          </ns3:TrackPointExtension>
        </extensions>
      </trkpt>
      <trkpt lat="34.2332772351801395416259765625" lon="108.93735562451183795928955078125">
        <ele>407.20001220703125</ele>
        <time>2026-02-03T12:30:35.000Z</time>
        <extensions>
          <ns3:TrackPointExtension>
            <ns3:hr>166</ns3:hr>
            <ns3:cad>104</ns3:cad>
          </ns3:TrackPointExtension>
        </extensions>
      </trkpt>
      <trkpt lat="34.23326910473406314849853515625" lon="108.9374026469886302947998046875">
        <ele>407.20001220703125</ele>
        <time>2026-02-03T12:30:36.000Z</time>
        <extensions>
          <ns3:TrackPointExtension>
            <ns3:hr>167</ns3:hr>
            <ns3:cad>104</ns3:cad>
          </ns3:TrackPointExtension>
        </extensions>
      </trkpt>
      <trkpt lat="34.23326365649700164794921875" lon="108.93743843771517276763916015625">
        <ele>407.20001220703125</ele>
        <time>2026-02-03T12:30:37.000Z</time>
        <extensions>
          <ns3:TrackPointExtension>
            <ns3:hr>167</ns3:hr>
            <ns3:cad>104</ns3:cad>
          </ns3:TrackPointExtension>
        </extensions>
      </trkpt>
      <trkpt lat="34.2332658357918262481689453125" lon="108.9374881424009799957275390625">
        <ele>407.20001220703125</ele>
        <time>2026-02-03T12:30:38.000Z</time>
        <extensions>
          <ns3:TrackPointExtension>
            <ns3:hr>166</ns3:hr>
            <ns3:cad>102</ns3:cad>
          </ns3:TrackPointExtension>
        </extensions>
      </trkpt>
      <trkpt lat="34.23327296040952205657958984375" lon="108.9375448040664196014404296875">
        <ele>407.20001220703125</ele>
        <time>2026-02-03T12:30:39.000Z</time>
        <extensions>
          <ns3:TrackPointExtension>
            <ns3:hr>166</ns3:hr>
            <ns3:cad>102</ns3:cad>
          </ns3:TrackPointExtension>
        </extensions>
      </trkpt>
      <trkpt lat="34.23327782191336154937744140625" lon="108.93758797086775302886962890625">
        <ele>407.20001220703125</ele>
        <time>2026-02-03T12:30:40.000Z</time>
        <extensions>
          <ns3:TrackPointExtension>
            <ns3:hr>165</ns3:hr>
            <ns3:cad>102</ns3:cad>
          </ns3:TrackPointExtension>
        </extensions>
      </trkpt>
      <trkpt lat="34.2332889698445796966552734375" lon="108.93762552179396152496337890625">
        <ele>407.20001220703125</ele>
        <time>2026-02-03T12:30:41.000Z</time>
        <extensions>
          <ns3:TrackPointExtension>
            <ns3:hr>165</ns3:hr>
            <ns3:cad>102</ns3:cad>
          </ns3:TrackPointExtension>
        </extensions>
      </trkpt>
      <trkpt lat="34.23331151716411113739013671875" lon="108.93767413683235645294189453125">
        <ele>407.20001220703125</ele>
        <time>2026-02-03T12:30:42.000Z</time>
        <extensions>
          <ns3:TrackPointExtension>
            <ns3:hr>165</ns3:hr>
            <ns3:cad>102</ns3:cad>
          </ns3:TrackPointExtension>
        </extensions>
      </trkpt>
      <trkpt lat="34.23332802951335906982421875" lon="108.93771453760564327239990234375">
        <ele>407.20001220703125</ele>
        <time>2026-02-03T12:30:43.000Z</time>
        <extensions>
          <ns3:TrackPointExtension>
            <ns3:hr>165</ns3:hr>
            <ns3:cad>102</ns3:cad>
          </ns3:TrackPointExtension>
        </extensions>
      </trkpt>
      <trkpt lat="34.23334487713873386383056640625" lon="108.93774840049445629119873046875">
        <ele>407.20001220703125</ele>
        <time>2026-02-03T12:30:44.000Z</time>
        <extensions>
          <ns3:TrackPointExtension>
            <ns3:hr>165</ns3:hr>
            <ns3:cad>103</ns3:cad>
          </ns3:TrackPointExtension>
        </extensions>
      </trkpt>
      <trkpt lat="34.23337505199015140533447265625" lon="108.93778209574520587921142578125">
        <ele>407.20001220703125</ele>
        <time>2026-02-03T12:30:45.000Z</time>
        <extensions>
          <ns3:TrackPointExtension>
            <ns3:hr>165</ns3:hr>
            <ns3:cad>103</ns3:cad>
          </ns3:TrackPointExtension>
        </extensions>
      </trkpt>
      <trkpt lat="34.23340388573706150054931640625" lon="108.9378147013485431671142578125">
        <ele>407</ele>
        <time>2026-02-03T12:30:46.000Z</time>
        <extensions>
          <ns3:TrackPointExtension>
            <ns3:hr>166</ns3:hr>
            <ns3:cad>104</ns3:cad>
          </ns3:TrackPointExtension>
        </extensions>
      </trkpt>
      <trkpt lat="34.2334250919520854949951171875" lon="108.9378453791141510009765625">
        <ele>407</ele>
        <time>2026-02-03T12:30:47.000Z</time>
        <extensions>
          <ns3:TrackPointExtension>
            <ns3:hr>165</ns3:hr>
            <ns3:cad>104</ns3:cad>
          </ns3:TrackPointExtension>
        </extensions>
      </trkpt>
      <trkpt lat="34.23345333896577358245849609375" lon="108.93786742351949214935302734375">
        <ele>407</ele>
        <time>2026-02-03T12:30:48.000Z</time>
        <extensions>
          <ns3:TrackPointExtension>
            <ns3:hr>165</ns3:hr>
            <ns3:cad>102</ns3:cad>
          </ns3:TrackPointExtension>
        </extensions>
      </trkpt>
      <trkpt lat="34.23349088989198207855224609375" lon="108.93789038993418216705322265625">
        <ele>407</ele>
        <time>2026-02-03T12:30:49.000Z</time>
        <extensions>
          <ns3:TrackPointExtension>
            <ns3:hr>165</ns3:hr>
            <ns3:cad>102</ns3:cad>
          </ns3:TrackPointExtension>
        </extensions>
      </trkpt>
      <trkpt lat="34.23352324403822422027587890625" lon="108.9379069022834300994873046875">
        <ele>407</ele>
        <time>2026-02-03T12:30:50.000Z</time>
        <extensions>
          <ns3:TrackPointExtension>
            <ns3:hr>165</ns3:hr>
            <ns3:cad>102</ns3:cad>
          </ns3:TrackPointExtension>
        </extensions>
      </trkpt>
      <trkpt lat="34.23355040140450000762939453125" lon="108.93791788257658481597900390625">
        <ele>407.20001220703125</ele>
        <time>2026-02-03T12:30:51.000Z</time>
        <extensions>
          <ns3:TrackPointExtension>
            <ns3:hr>165</ns3:hr>
            <ns3:cad>102</ns3:cad>
          </ns3:TrackPointExtension>
        </extensions>
      </trkpt>
      <trkpt lat="34.23359197564423084259033203125" lon="108.9379204809665679931640625">
        <ele>407.20001220703125</ele>
        <time>2026-02-03T12:30:52.000Z</time>
        <extensions>
          <ns3:TrackPointExtension>
            <ns3:hr>164</ns3:hr>
            <ns3:cad>101</ns3:cad>
          </ns3:TrackPointExtension>
        </extensions>
      </trkpt>
      <trkpt lat="34.23363137058913707733154296875" lon="108.9379240013659000396728515625">
        <ele>407.20001220703125</ele>
        <time>2026-02-03T12:30:53.000Z</time>
        <extensions>
          <ns3:TrackPointExtension>
            <ns3:hr>164</ns3:hr>
            <ns3:cad>101</ns3:cad>
          </ns3:TrackPointExtension>
        </extensions>
      </trkpt>
      <trkpt lat="34.23366137780249118804931640625" lon="108.937924169003963470458984375">
        <ele>407.20001220703125</ele>
        <time>2026-02-03T12:30:54.000Z</time>
        <extensions>
          <ns3:TrackPointExtension>
            <ns3:hr>163</ns3:hr>
            <ns3:cad>102</ns3:cad>
          </ns3:TrackPointExtension>
        </extensions>
      </trkpt>
      <trkpt lat="34.23369792290031909942626953125" lon="108.93791578710079193115234375">
        <ele>407.20001220703125</ele>
        <time>2026-02-03T12:30:55.000Z</time>
        <extensions>
          <ns3:TrackPointExtension>
            <ns3:hr>162</ns3:hr>
            <ns3:cad>102</ns3:cad>
          </ns3:TrackPointExtension>
        </extensions>
      </trkpt>
      <trkpt lat="34.233739413321018218994140625" lon="108.93790815956890583038330078125">
        <ele>407.20001220703125</ele>
        <time>2026-02-03T12:30:56.000Z</time>
        <extensions>
          <ns3:TrackPointExtension>
            <ns3:hr>161</ns3:hr>
            <ns3:cad>102</ns3:cad>
          </ns3:TrackPointExtension>
        </extensions>
      </trkpt>
      <trkpt lat="34.2337714321911334991455078125" lon="108.93791201524436473846435546875">
        <ele>407.20001220703125</ele>
        <time>2026-02-03T12:30:57.000Z</time>
        <extensions>
          <ns3:TrackPointExtension>
            <ns3:hr>159</ns3:hr>
            <ns3:cad>101</ns3:cad>
          </ns3:TrackPointExtension>
        </extensions>
      </trkpt>
      <trkpt lat="34.23380604945123195648193359375" lon="108.93790564499795436859130859375">
        <ele>407.20001220703125</ele>
        <time>2026-02-03T12:30:58.000Z</time>
        <extensions>
          <ns3:TrackPointExtension>
            <ns3:hr>158</ns3:hr>
            <ns3:cad>102</ns3:cad>
          </ns3:TrackPointExtension>
        </extensions>
      </trkpt>
      <trkpt lat="34.23384779132902622222900390625" lon="108.93790304660797119140625">
        <ele>407.20001220703125</ele>
        <time>2026-02-03T12:30:59.000Z</time>
        <extensions>
          <ns3:TrackPointExtension>
            <ns3:hr>158</ns3:hr>
            <ns3:cad>102</ns3:cad>
          </ns3:TrackPointExtension>
        </extensions>
      </trkpt>
      <trkpt lat="34.23388299532234668731689453125" lon="108.93790681846439838409423828125">
        <ele>407.20001220703125</ele>
        <time>2026-02-03T12:31:00.000Z</time>
        <extensions>
          <ns3:TrackPointExtension>
            <ns3:hr>158</ns3:hr>
            <ns3:cad>102</ns3:cad>
          </ns3:TrackPointExtension>
        </extensions>
      </trkpt>
      <trkpt lat="34.2339145950973033905029296875" lon="108.93790665082633495330810546875">
        <ele>407.20001220703125</ele>
        <time>2026-02-03T12:31:01.000Z</time>
        <extensions>
          <ns3:TrackPointExtension>
            <ns3:hr>158</ns3:hr>
            <ns3:cad>102</ns3:cad>
          </ns3:TrackPointExtension>
        </extensions>
      </trkpt>
      <trkpt lat="34.2339496314525604248046875" lon="108.93790145404636859893798828125">
        <ele>407.20001220703125</ele>
        <time>2026-02-03T12:31:02.000Z</time>
        <extensions>
          <ns3:TrackPointExtension>
            <ns3:hr>158</ns3:hr>
            <ns3:cad>102</ns3:cad>
          </ns3:TrackPointExtension>
        </extensions>
      </trkpt>
      <trkpt lat="34.23398626036942005157470703125" lon="108.93789810128509998321533203125">
        <ele>407.20001220703125</ele>
        <time>2026-02-03T12:31:03.000Z</time>
        <extensions>
          <ns3:TrackPointExtension>
            <ns3:hr>158</ns3:hr>
            <ns3:cad>102</ns3:cad>
          </ns3:TrackPointExtension>
        </extensions>
      </trkpt>
      <trkpt lat="34.23401827923953533172607421875" lon="108.93790371716022491455078125">
        <ele>407.20001220703125</ele>
        <time>2026-02-03T12:31:04.000Z</time>
        <extensions>
          <ns3:TrackPointExtension>
            <ns3:hr>158</ns3:hr>
            <ns3:cad>102</ns3:cad>
          </ns3:TrackPointExtension>
        </extensions>
      </trkpt>
      <trkpt lat="34.23404761590063571929931640625" lon="108.937905728816986083984375">
        <ele>407.20001220703125</ele>
        <time>2026-02-03T12:31:05.000Z</time>
        <extensions>
          <ns3:TrackPointExtension>
            <ns3:hr>159</ns3:hr>
            <ns3:cad>104</ns3:cad>
          </ns3:TrackPointExtension>
        </extensions>
      </trkpt>
      <trkpt lat="34.23409111797809600830078125" lon="108.9379109255969524383544921875">
        <ele>407.20001220703125</ele>
        <time>2026-02-03T12:31:06.000Z</time>
        <extensions>
          <ns3:TrackPointExtension>
            <ns3:hr>158</ns3:hr>
            <ns3:cad>104</ns3:cad>
          </ns3:TrackPointExtension>
        </extensions>
      </trkpt>
      <trkpt lat="34.23412707634270191192626953125" lon="108.93791452981531620025634765625">
        <ele>407.20001220703125</ele>
        <time>2026-02-03T12:31:07.000Z</time>
        <extensions>
          <ns3:TrackPointExtension>
            <ns3:hr>159</ns3:hr>
            <ns3:cad>103</ns3:cad>
          </ns3:TrackPointExtension>
        </extensions>
      </trkpt>
      <trkpt lat="34.234155826270580291748046875" lon="108.93791352398693561553955078125">
        <ele>407.20001220703125</ele>
        <time>2026-02-03T12:31:08.000Z</time>
        <extensions>
          <ns3:TrackPointExtension>
            <ns3:hr>159</ns3:hr>
            <ns3:cad>103</ns3:cad>
          </ns3:TrackPointExtension>
        </extensions>
      </trkpt>
      <trkpt lat="34.23419295810163021087646484375" lon="108.93791117705404758453369140625">
        <ele>407.20001220703125</ele>
        <time>2026-02-03T12:31:09.000Z</time>
        <extensions>
          <ns3:TrackPointExtension>
            <ns3:hr>159</ns3:hr>
            <ns3:cad>94</ns3:cad>
          </ns3:TrackPointExtension>
        </extensions>
      </trkpt>
      <trkpt lat="34.23423084430396556854248046875" lon="108.93790815956890583038330078125">
        <ele>407.20001220703125</ele>
        <time>2026-02-03T12:31:10.000Z</time>
        <extensions>
          <ns3:TrackPointExtension>
            <ns3:hr>160</ns3:hr>
            <ns3:cad>94</ns3:cad>
          </ns3:TrackPointExtension>
        </extensions>
      </trkpt>
      <trkpt lat="34.23426210880279541015625" lon="108.93791486509144306182861328125">
        <ele>407.20001220703125</ele>
        <time>2026-02-03T12:31:11.000Z</time>
        <extensions>
          <ns3:TrackPointExtension>
            <ns3:hr>161</ns3:hr>
            <ns3:cad>94</ns3:cad>
          </ns3:TrackPointExtension>
        </extensions>
      </trkpt>
      <trkpt lat="34.2342944629490375518798828125" lon="108.93791000358760356903076171875">
        <ele>407</ele>
        <time>2026-02-03T12:31:12.000Z</time>
        <extensions>
          <ns3:TrackPointExtension>
            <ns3:hr>161</ns3:hr>
            <ns3:cad>94</ns3:cad>
          </ns3:TrackPointExtension>
        </extensions>
      </trkpt>
      <trkpt lat="34.234338216483592987060546875" lon="108.9379070699214935302734375">
        <ele>407</ele>
        <time>2026-02-03T12:31:13.000Z</time>
        <extensions>
          <ns3:TrackPointExtension>
            <ns3:hr>161</ns3:hr>
            <ns3:cad>94</ns3:cad>
          </ns3:TrackPointExtension>
        </extensions>
      </trkpt>
      <trkpt lat="34.23437149263918399810791015625" lon="108.93791050650179386138916015625">
        <ele>407</ele>
        <time>2026-02-03T12:31:14.000Z</time>
        <extensions>
          <ns3:TrackPointExtension>
            <ns3:hr>161</ns3:hr>
            <ns3:cad>94</ns3:cad>
          </ns3:TrackPointExtension>
        </extensions>
      </trkpt>
      <trkpt lat="34.2344040982425212860107421875" lon="108.93790505826473236083984375">
        <ele>407</ele>
        <time>2026-02-03T12:31:15.000Z</time>
        <extensions>
          <ns3:TrackPointExtension>
            <ns3:hr>161</ns3:hr>
            <ns3:cad>95</ns3:cad>
          </ns3:TrackPointExtension>
        </extensions>
      </trkpt>
      <trkpt lat="34.234446175396442413330078125" lon="108.9378991909325122833251953125">
        <ele>407.20001220703125</ele>
        <time>2026-02-03T12:31:16.000Z</time>
        <extensions>
          <ns3:TrackPointExtension>
            <ns3:hr>162</ns3:hr>
            <ns3:cad>95</ns3:cad>
          </ns3:TrackPointExtension>
        </extensions>
      </trkpt>
      <trkpt lat="34.23448028974235057830810546875" lon="108.93789810128509998321533203125">
        <ele>407.20001220703125</ele>
        <time>2026-02-03T12:31:17.000Z</time>
        <extensions>
          <ns3:TrackPointExtension>
            <ns3:hr>161</ns3:hr>
            <ns3:cad>95</ns3:cad>
          </ns3:TrackPointExtension>
        </extensions>
      </trkpt>
      <trkpt lat="34.23451230861246585845947265625" lon="108.93788938410580158233642578125">
        <ele>407.20001220703125</ele>
        <time>2026-02-03T12:31:18.000Z</time>
        <extensions>
          <ns3:TrackPointExtension>
            <ns3:hr>161</ns3:hr>
            <ns3:cad>102</ns3:cad>
          </ns3:TrackPointExtension>
        </extensions>
      </trkpt>
      <trkpt lat="34.2345506139099597930908203125" lon="108.93787144683301448822021484375">
        <ele>407.20001220703125</ele>
        <time>2026-02-03T12:31:19.000Z</time>
        <extensions>
          <ns3:TrackPointExtension>
            <ns3:hr>162</ns3:hr>
            <ns3:cad>102</ns3:cad>
          </ns3:TrackPointExtension>
        </extensions>
      </trkpt>
      <trkpt lat="34.234584309160709381103515625" lon="108.93785585649311542510986328125">
        <ele>407</ele>
        <time>2026-02-03T12:31:20.000Z</time>
        <extensions>
          <ns3:TrackPointExtension>
            <ns3:hr>161</ns3:hr>
            <ns3:cad>102</ns3:cad>
          </ns3:TrackPointExtension>
        </extensions>
      </trkpt>
      <trkpt lat="34.23462144099175930023193359375" lon="108.93783557228744029998779296875">
        <ele>407.20001220703125</ele>
        <time>2026-02-03T12:31:21.000Z</time>
        <extensions>
          <ns3:TrackPointExtension>
            <ns3:hr>161</ns3:hr>
            <ns3:cad>102</ns3:cad>
          </ns3:TrackPointExtension>
        </extensions>
      </trkpt>
      <trkpt lat="34.2346508614718914031982421875" lon="108.93780103884637355804443359375">
        <ele>407.20001220703125</ele>
        <time>2026-02-03T12:31:22.000Z</time>
        <extensions>
          <ns3:TrackPointExtension>
            <ns3:hr>162</ns3:hr>
            <ns3:cad>102</ns3:cad>
          </ns3:TrackPointExtension>
        </extensions>
      </trkpt>
      <trkpt lat="34.234681539237499237060546875" lon="108.9377634041011333465576171875">
        <ele>407.20001220703125</ele>
        <time>2026-02-03T12:31:23.000Z</time>
        <extensions>
          <ns3:TrackPointExtension>
            <ns3:hr>162</ns3:hr>
            <ns3:cad>100</ns3:cad>
          </ns3:TrackPointExtension>
        </extensions>
      </trkpt>
      <trkpt lat="34.2347048409283161163330078125" lon="108.93773029558360576629638671875">
        <ele>407.20001220703125</ele>
        <time>2026-02-03T12:31:24.000Z</time>
        <extensions>
          <ns3:TrackPointExtension>
            <ns3:hr>162</ns3:hr>
            <ns3:cad>100</ns3:cad>
          </ns3:TrackPointExtension>
        </extensions>
      </trkpt>
      <trkpt lat="34.2347205989062786102294921875" lon="108.93769039772450923919677734375">
        <ele>407.20001220703125</ele>
        <time>2026-02-03T12:31:25.000Z</time>
        <extensions>
          <ns3:TrackPointExtension>
            <ns3:hr>162</ns3:hr>
            <ns3:cad>100</ns3:cad>
          </ns3:TrackPointExtension>
        </extensions>
      </trkpt>
      <trkpt lat="34.2347346805036067962646484375" lon="108.9376410283148288726806640625">
        <ele>407.20001220703125</ele>
        <time>2026-02-03T12:31:26.000Z</time>
        <extensions>
          <ns3:TrackPointExtension>
            <ns3:hr>162</ns3:hr>
            <ns3:cad>101</ns3:cad>
          </ns3:TrackPointExtension>
        </extensions>
      </trkpt>
      <trkpt lat="34.2347489297389984130859375" lon="108.9376034773886203765869140625">
        <ele>407.20001220703125</ele>
        <time>2026-02-03T12:31:27.000Z</time>
        <extensions>
          <ns3:TrackPointExtension>
            <ns3:hr>161</ns3:hr>
            <ns3:cad>101</ns3:cad>
          </ns3:TrackPointExtension>
        </extensions>
      </trkpt>
      <trkpt lat="34.234757982194423675537109375" lon="108.93756617791950702667236328125">
        <ele>407.20001220703125</ele>
        <time>2026-02-03T12:31:28.000Z</time>
        <extensions>
          <ns3:TrackPointExtension>
            <ns3:hr>162</ns3:hr>
            <ns3:cad>102</ns3:cad>
          </ns3:TrackPointExtension>
        </extensions>
      </trkpt>
      <trkpt lat="34.234764687716960906982421875" lon="108.93751404248178005218505859375">
        <ele>407.20001220703125</ele>
        <time>2026-02-03T12:31:29.000Z</time>
        <extensions>
          <ns3:TrackPointExtension>
            <ns3:hr>162</ns3:hr>
            <ns3:cad>102</ns3:cad>
          </ns3:TrackPointExtension>
        </extensions>
      </trkpt>
      <trkpt lat="34.2347682081162929534912109375" lon="108.93746660090982913970947265625">
        <ele>407.20001220703125</ele>
        <time>2026-02-03T12:31:30.000Z</time>
        <extensions>
          <ns3:TrackPointExtension>
            <ns3:hr>162</ns3:hr>
            <ns3:cad>94</ns3:cad>
          </ns3:TrackPointExtension>
        </extensions>
      </trkpt>
      <trkpt lat="34.23476560972630977630615234375" lon="108.93742770887911319732666015625">
        <ele>407</ele>
        <time>2026-02-03T12:31:31.000Z</time>
        <extensions>
          <ns3:TrackPointExtension>
            <ns3:hr>162</ns3:hr>
            <ns3:cad>101</ns3:cad>
          </ns3:TrackPointExtension>
        </extensions>
      </trkpt>
      <trkpt lat="34.234752617776393890380859375" lon="108.937378339469432830810546875">
        <ele>407</ele>
        <time>2026-02-03T12:31:32.000Z</time>
        <extensions>
          <ns3:TrackPointExtension>
            <ns3:hr>162</ns3:hr>
            <ns3:cad>101</ns3:cad>
          </ns3:TrackPointExtension>
        </extensions>
      </trkpt>
      <trkpt lat="34.23473878763616085052490234375" lon="108.93732913769781589508056640625">
        <ele>407.20001220703125</ele>
        <time>2026-02-03T12:31:33.000Z</time>
        <extensions>
          <ns3:TrackPointExtension>
            <ns3:hr>162</ns3:hr>
            <ns3:cad>101</ns3:cad>
          </ns3:TrackPointExtension>
        </extensions>
      </trkpt>
      <trkpt lat="34.234725795686244964599609375" lon="108.93729150295257568359375">
        <ele>407.20001220703125</ele>
        <time>2026-02-03T12:31:34.000Z</time>
        <extensions>
          <ns3:TrackPointExtension>
            <ns3:hr>163</ns3:hr>
            <ns3:cad>101</ns3:cad>
          </ns3:TrackPointExtension>
        </extensions>
      </trkpt>
      <trkpt lat="34.2347048409283161163330078125" lon="108.9372490905225276947021484375">
        <ele>407.20001220703125</ele>
        <time>2026-02-03T12:31:35.000Z</time>
        <extensions>
          <ns3:TrackPointExtension>
            <ns3:hr>162</ns3:hr>
            <ns3:cad>103</ns3:cad>
          </ns3:TrackPointExtension>
        </extensions>
      </trkpt>
      <trkpt lat="34.23467609100043773651123046875" lon="108.9372061751782894134521484375">
        <ele>407.20001220703125</ele>
        <time>2026-02-03T12:31:36.000Z</time>
        <extensions>
          <ns3:TrackPointExtension>
            <ns3:hr>162</ns3:hr>
            <ns3:cad>103</ns3:cad>
          </ns3:TrackPointExtension>
        </extensions>
      </trkpt>
      <trkpt lat="34.23465429805219173431396484375" lon="108.9371694624423980712890625">
        <ele>407.20001220703125</ele>
        <time>2026-02-03T12:31:37.000Z</time>
        <extensions>
          <ns3:TrackPointExtension>
            <ns3:hr>163</ns3:hr>
            <ns3:cad>103</ns3:cad>
          </ns3:TrackPointExtension>
        </extensions>
      </trkpt>
      <trkpt lat="34.23463149927556514739990234375" lon="108.937142975628376007080078125">
        <ele>407</ele>
        <time>2026-02-03T12:31:38.000Z</time>
        <extensions>
          <ns3:TrackPointExtension>
            <ns3:hr>162</ns3:hr>
            <ns3:cad>103</ns3:cad>
          </ns3:TrackPointExtension>
        </extensions>
      </trkpt>
      <trkpt lat="34.23460341989994049072265625" lon="108.9371119625866413116455078125">
        <ele>407</ele>
        <time>2026-02-03T12:31:39.000Z</time>
        <extensions>
          <ns3:TrackPointExtension>
            <ns3:hr>163</ns3:hr>
            <ns3:cad>103</ns3:cad>
          </ns3:TrackPointExtension>
        </extensions>
      </trkpt>
      <trkpt lat="34.23457215540111064910888671875" lon="108.93708891235291957855224609375">
        <ele>407</ele>
        <time>2026-02-03T12:31:40.000Z</time>
        <extensions>
          <ns3:TrackPointExtension>
            <ns3:hr>163</ns3:hr>
            <ns3:cad>102</ns3:cad>
          </ns3:TrackPointExtension>
        </extensions>
      </trkpt>
      <trkpt lat="34.23454013653099536895751953125" lon="108.93707491457462310791015625">
        <ele>407</ele>
        <time>2026-02-03T12:31:41.000Z</time>
        <extensions>
          <ns3:TrackPointExtension>
            <ns3:hr>163</ns3:hr>
            <ns3:cad>102</ns3:cad>
          </ns3:TrackPointExtension>
        </extensions>
      </trkpt>
      <trkpt lat="34.2345046810805797576904296875" lon="108.93706644885241985321044921875">
        <ele>407</ele>
        <time>2026-02-03T12:31:42.000Z</time>
        <extensions>
          <ns3:TrackPointExtension>
            <ns3:hr>162</ns3:hr>
            <ns3:cad>102</ns3:cad>
          </ns3:TrackPointExtension>
        </extensions>
      </trkpt>
      <trkpt lat="34.23446394503116607666015625" lon="108.93706376664340496063232421875">
        <ele>407</ele>
        <time>2026-02-03T12:31:43.000Z</time>
        <extensions>
          <ns3:TrackPointExtension>
            <ns3:hr>163</ns3:hr>
            <ns3:cad>101</ns3:cad>
          </ns3:TrackPointExtension>
        </extensions>
      </trkpt>
      <trkpt lat="34.23443217761814594268798828125" lon="108.9370559714734554290771484375">
        <ele>407</ele>
        <time>2026-02-03T12:31:44.000Z</time>
        <extensions>
          <ns3:TrackPointExtension>
            <ns3:hr>163</ns3:hr>
            <ns3:cad>101</ns3:cad>
          </ns3:TrackPointExtension>
        </extensions>
      </trkpt>
      <trkpt lat="34.23440091311931610107421875" lon="108.93705521710216999053955078125">
        <ele>407</ele>
        <time>2026-02-03T12:31:45.000Z</time>
        <extensions>
          <ns3:TrackPointExtension>
            <ns3:hr>163</ns3:hr>
            <ns3:cad>101</ns3:cad>
          </ns3:TrackPointExtension>
        </extensions>
      </trkpt>
      <trkpt lat="34.2343648709356784820556640625" lon="108.9370563067495822906494140625">
        <ele>407.20001220703125</ele>
        <time>2026-02-03T12:31:46.000Z</time>
        <extensions>
          <ns3:TrackPointExtension>
            <ns3:hr>163</ns3:hr>
            <ns3:cad>102</ns3:cad>
          </ns3:TrackPointExtension>
        </extensions>
      </trkpt>
      <trkpt lat="34.23433427698910236358642578125" lon="108.93705421127378940582275390625">
        <ele>407</ele>
        <time>2026-02-03T12:31:47.000Z</time>
        <extensions>
          <ns3:TrackPointExtension>
            <ns3:hr>162</ns3:hr>
            <ns3:cad>102</ns3:cad>
          </ns3:TrackPointExtension>
        </extensions>
      </trkpt>
      <trkpt lat="34.23430242575705051422119140625" lon="108.937055803835391998291015625">
        <ele>407</ele>
        <time>2026-02-03T12:31:48.000Z</time>
        <extensions>
          <ns3:TrackPointExtension>
            <ns3:hr>163</ns3:hr>
            <ns3:cad>102</ns3:cad>
          </ns3:TrackPointExtension>
        </extensions>
      </trkpt>
      <trkpt lat="34.234265796840190887451171875" lon="108.937059827148914337158203125">
        <ele>407</ele>
        <time>2026-02-03T12:31:49.000Z</time>
        <extensions>
          <ns3:TrackPointExtension>
            <ns3:hr>163</ns3:hr>
            <ns3:cad>101</ns3:cad>
          </ns3:TrackPointExtension>
        </extensions>
      </trkpt>
      <trkpt lat="34.23422925174236297607421875" lon="108.93706058152019977569580078125">
        <ele>407</ele>
        <time>2026-02-03T12:31:50.000Z</time>
        <extensions>
          <ns3:TrackPointExtension>
            <ns3:hr>163</ns3:hr>
            <ns3:cad>101</ns3:cad>
          </ns3:TrackPointExtension>
        </extensions>
      </trkpt>
      <trkpt lat="34.23419580794870853424072265625" lon="108.93705856986343860626220703125">
        <ele>407</ele>
        <time>2026-02-03T12:31:51.000Z</time>
        <extensions>
          <ns3:TrackPointExtension>
            <ns3:hr>163</ns3:hr>
            <ns3:cad>101</ns3:cad>
          </ns3:TrackPointExtension>
        </extensions>
      </trkpt>
      <trkpt lat="34.2341600172221660614013671875" lon="108.937059827148914337158203125">
        <ele>407</ele>
        <time>2026-02-03T12:31:52.000Z</time>
        <extensions>
          <ns3:TrackPointExtension>
            <ns3:hr>162</ns3:hr>
            <ns3:cad>101</ns3:cad>
          </ns3:TrackPointExtension>
        </extensions>
      </trkpt>
      <trkpt lat="34.23412238247692584991455078125" lon="108.93706225790083408355712890625">
        <ele>407</ele>
        <time>2026-02-03T12:31:53.000Z</time>
        <extensions>
          <ns3:TrackPointExtension>
            <ns3:hr>163</ns3:hr>
            <ns3:cad>101</ns3:cad>
          </ns3:TrackPointExtension>
        </extensions>
      </trkpt>
      <trkpt lat="34.234090112149715423583984375" lon="108.9370576478540897369384765625">
        <ele>407</ele>
        <time>2026-02-03T12:31:54.000Z</time>
        <extensions>
          <ns3:TrackPointExtension>
            <ns3:hr>163</ns3:hr>
            <ns3:cad>101</ns3:cad>
          </ns3:TrackPointExtension>
        </extensions>
      </trkpt>
      <trkpt lat="34.23406287096440792083740234375" lon="108.9370576478540897369384765625">
        <ele>407</ele>
        <time>2026-02-03T12:31:55.000Z</time>
        <extensions>
          <ns3:TrackPointExtension>
            <ns3:hr>163</ns3:hr>
            <ns3:cad>101</ns3:cad>
          </ns3:TrackPointExtension>
        </extensions>
      </trkpt>
      <trkpt lat="34.23402448184788227081298828125" lon="108.9370630122721195220947265625">
        <ele>407</ele>
        <time>2026-02-03T12:31:56.000Z</time>
        <extensions>
          <ns3:TrackPointExtension>
            <ns3:hr>163</ns3:hr>
            <ns3:cad>101</ns3:cad>
          </ns3:TrackPointExtension>
        </extensions>
      </trkpt>
      <trkpt lat="34.23399497754871845245361328125" lon="108.9370633475482463836669921875">
        <ele>407</ele>
        <time>2026-02-03T12:31:57.000Z</time>
        <extensions>
          <ns3:TrackPointExtension>
            <ns3:hr>163</ns3:hr>
            <ns3:cad>101</ns3:cad>
          </ns3:TrackPointExtension>
        </extensions>
      </trkpt>
      <trkpt lat="34.2339655570685863494873046875" lon="108.9370663650333881378173828125">
        <ele>407</ele>
        <time>2026-02-03T12:31:58.000Z</time>
        <extensions>
          <ns3:TrackPointExtension>
            <ns3:hr>163</ns3:hr>
            <ns3:cad>101</ns3:cad>
          </ns3:TrackPointExtension>
        </extensions>
      </trkpt>
      <trkpt lat="34.23392658121883869171142578125" lon="108.937071226537227630615234375">
        <ele>407</ele>
        <time>2026-02-03T12:31:59.000Z</time>
        <extensions>
          <ns3:TrackPointExtension>
            <ns3:hr>163</ns3:hr>
            <ns3:cad>101</ns3:cad>
          </ns3:TrackPointExtension>
        </extensions>
      </trkpt>
      <trkpt lat="34.2338906228542327880859375" lon="108.9370727352797985076904296875">
        <ele>407</ele>
        <time>2026-02-03T12:32:00.000Z</time>
        <extensions>
          <ns3:TrackPointExtension>
            <ns3:hr>163</ns3:hr>
            <ns3:cad>101</ns3:cad>
          </ns3:TrackPointExtension>
        </extensions>
      </trkpt>
      <trkpt lat="34.233860783278942108154296875" lon="108.93706695176661014556884765625">
        <ele>407</ele>
        <time>2026-02-03T12:32:01.000Z</time>
        <extensions>
          <ns3:TrackPointExtension>
            <ns3:hr>163</ns3:hr>
            <ns3:cad>101</ns3:cad>
          </ns3:TrackPointExtension>
        </extensions>
      </trkpt>
      <trkpt lat="34.23382331617176532745361328125" lon="108.9370690472424030303955078125">
        <ele>407</ele>
        <time>2026-02-03T12:32:02.000Z</time>
        <extensions>
          <ns3:TrackPointExtension>
            <ns3:hr>163</ns3:hr>
            <ns3:cad>101</ns3:cad>
          </ns3:TrackPointExtension>
        </extensions>
      </trkpt>
      <trkpt lat="34.23378760926425457000732421875" lon="108.9370693825185298919677734375">
        <ele>407</ele>
        <time>2026-02-03T12:32:03.000Z</time>
        <extensions>
          <ns3:TrackPointExtension>
            <ns3:hr>163</ns3:hr>
            <ns3:cad>101</ns3:cad>
          </ns3:TrackPointExtension>
        </extensions>
      </trkpt>
      <trkpt lat="34.2337580211460590362548828125" lon="108.93706108443439006805419921875">
        <ele>407</ele>
        <time>2026-02-03T12:32:04.000Z</time>
        <extensions>
          <ns3:TrackPointExtension>
            <ns3:hr>163</ns3:hr>
            <ns3:cad>101</ns3:cad>
          </ns3:TrackPointExtension>
        </extensions>
      </trkpt>
      <trkpt lat="34.23372273333370685577392578125" lon="108.93706619739532470703125">
        <ele>407</ele>
        <time>2026-02-03T12:32:05.000Z</time>
        <extensions>
          <ns3:TrackPointExtension>
            <ns3:hr>163</ns3:hr>
            <ns3:cad>101</ns3:cad>
          </ns3:TrackPointExtension>
        </extensions>
      </trkpt>
      <trkpt lat="34.2336867749691009521484375" lon="108.9370690472424030303955078125">
        <ele>407</ele>
        <time>2026-02-03T12:32:06.000Z</time>
        <extensions>
          <ns3:TrackPointExtension>
            <ns3:hr>163</ns3:hr>
            <ns3:cad>101</ns3:cad>
          </ns3:TrackPointExtension>
        </extensions>
      </trkpt>
      <trkpt lat="34.23365634866058826446533203125" lon="108.93706544302403926849365234375">
        <ele>407</ele>
        <time>2026-02-03T12:32:07.000Z</time>
        <extensions>
          <ns3:TrackPointExtension>
            <ns3:hr>163</ns3:hr>
            <ns3:cad>101</ns3:cad>
          </ns3:TrackPointExtension>
        </extensions>
      </trkpt>
      <trkpt lat="34.23362349160015583038330078125" lon="108.9370677061378955841064453125">
        <ele>407</ele>
        <time>2026-02-03T12:32:08.000Z</time>
        <extensions>
          <ns3:TrackPointExtension>
            <ns3:hr>163</ns3:hr>
            <ns3:cad>101</ns3:cad>
          </ns3:TrackPointExtension>
        </extensions>
      </trkpt>
      <trkpt lat="34.23358527012169361114501953125" lon="108.93707617186009883880615234375">
        <ele>407</ele>
        <time>2026-02-03T12:32:09.000Z</time>
        <extensions>
          <ns3:TrackPointExtension>
            <ns3:hr>163</ns3:hr>
            <ns3:cad>101</ns3:cad>
          </ns3:TrackPointExtension>
        </extensions>
      </trkpt>
      <trkpt lat="34.23355459235608577728271484375" lon="108.93707784824073314666748046875">
        <ele>407</ele>
        <time>2026-02-03T12:32:10.000Z</time>
        <extensions>
          <ns3:TrackPointExtension>
            <ns3:hr>163</ns3:hr>
            <ns3:cad>100</ns3:cad>
          </ns3:TrackPointExtension>
        </extensions>
      </trkpt>
      <trkpt lat="34.233522154390811920166015625" lon="108.93708564341068267822265625">
        <ele>407</ele>
        <time>2026-02-03T12:32:11.000Z</time>
        <extensions>
          <ns3:TrackPointExtension>
            <ns3:hr>163</ns3:hr>
            <ns3:cad>100</ns3:cad>
          </ns3:TrackPointExtension>
        </extensions>
      </trkpt>
      <trkpt lat="34.23348720185458660125732421875" lon="108.937100730836391448974609375">
        <ele>407.20001220703125</ele>
        <time>2026-02-03T12:32:12.000Z</time>
        <extensions>
          <ns3:TrackPointExtension>
            <ns3:hr>162</ns3:hr>
            <ns3:cad>100</ns3:cad>
          </ns3:TrackPointExtension>
        </extensions>
      </trkpt>
      <trkpt lat="34.2334545962512493133544921875" lon="108.93711841665208339691162109375">
        <ele>407.20001220703125</ele>
        <time>2026-02-03T12:32:13.000Z</time>
        <extensions>
          <ns3:TrackPointExtension>
            <ns3:hr>163</ns3:hr>
            <ns3:cad>100</ns3:cad>
          </ns3:TrackPointExtension>
        </extensions>
      </trkpt>
      <trkpt lat="34.23342450521886348724365234375" lon="108.93713870085775852203369140625">
        <ele>407.20001220703125</ele>
        <time>2026-02-03T12:32:14.000Z</time>
        <extensions>
          <ns3:TrackPointExtension>
            <ns3:hr>163</ns3:hr>
            <ns3:cad>100</ns3:cad>
          </ns3:TrackPointExtension>
        </extensions>
      </trkpt>
      <trkpt lat="34.2333955876529216766357421875" lon="108.93716870807111263275146484375">
        <ele>407.20001220703125</ele>
        <time>2026-02-03T12:32:15.000Z</time>
        <extensions>
          <ns3:TrackPointExtension>
            <ns3:hr>162</ns3:hr>
            <ns3:cad>100</ns3:cad>
          </ns3:TrackPointExtension>
        </extensions>
      </trkpt>
      <trkpt lat="34.23336951993405818939208984375" lon="108.937196619808673858642578125">
        <ele>407.20001220703125</ele>
        <time>2026-02-03T12:32:16.000Z</time>
        <extensions>
          <ns3:TrackPointExtension>
            <ns3:hr>163</ns3:hr>
            <ns3:cad>101</ns3:cad>
          </ns3:TrackPointExtension>
        </extensions>
      </trkpt>
      <trkpt lat="34.23335216939449310302734375" lon="108.93722034059464931488037109375">
        <ele>407.20001220703125</ele>
        <time>2026-02-03T12:32:17.000Z</time>
        <extensions>
          <ns3:TrackPointExtension>
            <ns3:hr>163</ns3:hr>
            <ns3:cad>101</ns3:cad>
          </ns3:TrackPointExtension>
        </extensions>
      </trkpt>
      <trkpt lat="34.23333615995943546295166015625" lon="108.937262333929538726806640625">
        <ele>407</ele>
        <time>2026-02-03T12:32:18.000Z</time>
        <extensions>
          <ns3:TrackPointExtension>
            <ns3:hr>163</ns3:hr>
            <ns3:cad>101</ns3:cad>
          </ns3:TrackPointExtension>
        </extensions>
      </trkpt>
      <trkpt lat="34.23332040198147296905517578125" lon="108.93730365671217441558837890625">
        <ele>407</ele>
        <time>2026-02-03T12:32:19.000Z</time>
        <extensions>
          <ns3:TrackPointExtension>
            <ns3:hr>163</ns3:hr>
            <ns3:cad>101</ns3:cad>
          </ns3:TrackPointExtension>
        </extensions>
      </trkpt>
      <trkpt lat="34.23330883495509624481201171875" lon="108.93733651377260684967041015625">
        <ele>407</ele>
        <time>2026-02-03T12:32:20.000Z</time>
        <extensions>
          <ns3:TrackPointExtension>
            <ns3:hr>163</ns3:hr>
            <ns3:cad>101</ns3:cad>
          </ns3:TrackPointExtension>
        </extensions>
      </trkpt>
      <trkpt lat="34.23330246470868587493896484375" lon="108.93738211132586002349853515625">
        <ele>407</ele>
        <time>2026-02-03T12:32:21.000Z</time>
        <extensions>
          <ns3:TrackPointExtension>
            <ns3:hr>164</ns3:hr>
            <ns3:cad>101</ns3:cad>
          </ns3:TrackPointExtension>
        </extensions>
      </trkpt>
      <trkpt lat="34.23329793848097324371337890625" lon="108.9374296367168426513671875">
        <ele>407</ele>
        <time>2026-02-03T12:32:22.000Z</time>
        <extensions>
          <ns3:TrackPointExtension>
            <ns3:hr>164</ns3:hr>
            <ns3:cad>101</ns3:cad>
          </ns3:TrackPointExtension>
        </extensions>
      </trkpt>
      <trkpt lat="34.2332903109490871429443359375" lon="108.93746710382401943206787109375">
        <ele>407</ele>
        <time>2026-02-03T12:32:23.000Z</time>
        <extensions>
          <ns3:TrackPointExtension>
            <ns3:hr>165</ns3:hr>
            <ns3:cad>101</ns3:cad>
          </ns3:TrackPointExtension>
        </extensions>
      </trkpt>
      <trkpt lat="34.23329047858715057373046875" lon="108.93750750459730625152587890625">
        <ele>407</ele>
        <time>2026-02-03T12:32:24.000Z</time>
        <extensions>
          <ns3:TrackPointExtension>
            <ns3:hr>165</ns3:hr>
            <ns3:cad>101</ns3:cad>
          </ns3:TrackPointExtension>
        </extensions>
      </trkpt>
      <trkpt lat="34.23329458571970462799072265625" lon="108.93755293451249599456787109375">
        <ele>407</ele>
        <time>2026-02-03T12:32:25.000Z</time>
        <extensions>
          <ns3:TrackPointExtension>
            <ns3:hr>165</ns3:hr>
            <ns3:cad>101</ns3:cad>
          </ns3:TrackPointExtension>
        </extensions>
      </trkpt>
      <trkpt lat="34.233297519385814666748046875" lon="108.9375910721719264984130859375">
        <ele>407</ele>
        <time>2026-02-03T12:32:26.000Z</time>
        <extensions>
          <ns3:TrackPointExtension>
            <ns3:hr>165</ns3:hr>
            <ns3:cad>101</ns3:cad>
          </ns3:TrackPointExtension>
        </extensions>
      </trkpt>
      <trkpt lat="34.23330581746995449066162109375" lon="108.93762669526040554046630859375">
        <ele>407</ele>
        <time>2026-02-03T12:32:27.000Z</time>
        <extensions>
          <ns3:TrackPointExtension>
            <ns3:hr>165</ns3:hr>
            <ns3:cad>102</ns3:cad>
          </ns3:TrackPointExtension>
        </extensions>
      </trkpt>
      <trkpt lat="34.23332727514207363128662109375" lon="108.9376708678901195526123046875">
        <ele>407.20001220703125</ele>
        <time>2026-02-03T12:32:28.000Z</time>
        <extensions>
          <ns3:TrackPointExtension>
            <ns3:hr>165</ns3:hr>
            <ns3:cad>102</ns3:cad>
          </ns3:TrackPointExtension>
        </extensions>
      </trkpt>
      <trkpt lat="34.23334035091102123260498046875" lon="108.9377064071595668792724609375">
        <ele>407</ele>
        <time>2026-02-03T12:32:29.000Z</time>
        <extensions>
          <ns3:TrackPointExtension>
            <ns3:hr>166</ns3:hr>
            <ns3:cad>102</ns3:cad>
          </ns3:TrackPointExtension>
        </extensions>
      </trkpt>
      <trkpt lat="34.23335610888898372650146484375" lon="108.93774119205772876739501953125">
        <ele>407.20001220703125</ele>
        <time>2026-02-03T12:32:30.000Z</time>
        <extensions>
          <ns3:TrackPointExtension>
            <ns3:hr>166</ns3:hr>
            <ns3:cad>102</ns3:cad>
          </ns3:TrackPointExtension>
        </extensions>
      </trkpt>
      <trkpt lat="34.233377985656261444091796875" lon="108.93778025172650814056396484375">
        <ele>407</ele>
        <time>2026-02-03T12:32:31.000Z</time>
        <extensions>
          <ns3:TrackPointExtension>
            <ns3:hr>166</ns3:hr>
            <ns3:cad>102</ns3:cad>
          </ns3:TrackPointExtension>
        </extensions>
      </trkpt>
      <trkpt lat="34.2334012873470783233642578125" lon="108.93781729973852634429931640625">
        <ele>407</ele>
        <time>2026-02-03T12:32:32.000Z</time>
        <extensions>
          <ns3:TrackPointExtension>
            <ns3:hr>167</ns3:hr>
            <ns3:cad>101</ns3:cad>
          </ns3:TrackPointExtension>
        </extensions>
      </trkpt>
      <trkpt lat="34.23342190682888031005859375" lon="108.9378465525805950164794921875">
        <ele>407</ele>
        <time>2026-02-03T12:32:33.000Z</time>
        <extensions>
          <ns3:TrackPointExtension>
            <ns3:hr>166</ns3:hr>
            <ns3:cad>101</ns3:cad>
          </ns3:TrackPointExtension>
        </extensions>
      </trkpt>
      <trkpt lat="34.23345400951802730560302734375" lon="108.9378676749765872955322265625">
        <ele>407</ele>
        <time>2026-02-03T12:32:34.000Z</time>
        <extensions>
          <ns3:TrackPointExtension>
            <ns3:hr>166</ns3:hr>
            <ns3:cad>101</ns3:cad>
          </ns3:TrackPointExtension>
        </extensions>
      </trkpt>
      <trkpt lat="34.23348627984523773193359375" lon="108.93788653425872325897216796875">
        <ele>407</ele>
        <time>2026-02-03T12:32:35.000Z</time>
        <extensions>
          <ns3:TrackPointExtension>
            <ns3:hr>165</ns3:hr>
            <ns3:cad>100</ns3:cad>
          </ns3:TrackPointExtension>
        </extensions>
      </trkpt>
      <trkpt lat="34.23351352103054523468017578125" lon="108.9379038847982883453369140625">
        <ele>407</ele>
        <time>2026-02-03T12:32:36.000Z</time>
        <extensions>
          <ns3:TrackPointExtension>
            <ns3:hr>165</ns3:hr>
            <ns3:cad>100</ns3:cad>
          </ns3:TrackPointExtension>
        </extensions>
      </trkpt>
      <trkpt lat="34.23355308361351490020751953125" lon="108.93791201524436473846435546875">
        <ele>407</ele>
        <time>2026-02-03T12:32:37.000Z</time>
        <extensions>
          <ns3:TrackPointExtension>
            <ns3:hr>165</ns3:hr>
            <ns3:cad>100</ns3:cad>
          </ns3:TrackPointExtension>
        </extensions>
      </trkpt>
      <trkpt lat="34.23358661122620105743408203125" lon="108.937919139862060546875">
        <ele>407</ele>
        <time>2026-02-03T12:32:38.000Z</time>
        <extensions>
          <ns3:TrackPointExtension>
            <ns3:hr>165</ns3:hr>
            <ns3:cad>101</ns3:cad>
          </ns3:TrackPointExtension>
        </extensions>
      </trkpt>
      <trkpt lat="34.23361544497311115264892578125" lon="108.9379231631755828857421875">
        <ele>407.20001220703125</ele>
        <time>2026-02-03T12:32:39.000Z</time>
        <extensions>
          <ns3:TrackPointExtension>
            <ns3:hr>165</ns3:hr>
            <ns3:cad>101</ns3:cad>
          </ns3:TrackPointExtension>
        </extensions>
      </trkpt>
      <trkpt lat="34.2336567677557468414306640625" lon="108.937914781272411346435546875">
        <ele>407</ele>
        <time>2026-02-03T12:32:40.000Z</time>
        <extensions>
          <ns3:TrackPointExtension>
            <ns3:hr>164</ns3:hr>
            <ns3:cad>101</ns3:cad>
          </ns3:TrackPointExtension>
        </extensions>
      </trkpt>
      <trkpt lat="34.23369356431066989898681640625" lon="108.93791838549077510833740234375">
        <ele>407</ele>
        <time>2026-02-03T12:32:41.000Z</time>
        <extensions>
          <ns3:TrackPointExtension>
            <ns3:hr>164</ns3:hr>
            <ns3:cad>100</ns3:cad>
          </ns3:TrackPointExtension>
        </extensions>
      </trkpt>
      <trkpt lat="34.23372323624789714813232421875" lon="108.93792140297591686248779296875">
        <ele>407</ele>
        <time>2026-02-03T12:32:42.000Z</time>
        <extensions>
          <ns3:TrackPointExtension>
            <ns3:hr>164</ns3:hr>
            <ns3:cad>100</ns3:cad>
          </ns3:TrackPointExtension>
        </extensions>
      </trkpt>
      <trkpt lat="34.2337670736014842987060546875" lon="108.93792006187140941619873046875">
        <ele>407</ele>
        <time>2026-02-03T12:32:43.000Z</time>
        <extensions>
          <ns3:TrackPointExtension>
            <ns3:hr>164</ns3:hr>
            <ns3:cad>99</ns3:cad>
          </ns3:TrackPointExtension>
        </extensions>
      </trkpt>
      <trkpt lat="34.23380152322351932525634765625" lon="108.93791955895721912384033203125">
        <ele>407</ele>
        <time>2026-02-03T12:32:44.000Z</time>
        <extensions>
          <ns3:TrackPointExtension>
            <ns3:hr>163</ns3:hr>
            <ns3:cad>99</ns3:cad>
          </ns3:TrackPointExtension>
        </extensions>
      </trkpt>
      <trkpt lat="34.233827255666255950927734375" lon="108.93791620619595050811767578125">
        <ele>407</ele>
        <time>2026-02-03T12:32:45.000Z</time>
        <extensions>
          <ns3:TrackPointExtension>
            <ns3:hr>163</ns3:hr>
            <ns3:cad>97</ns3:cad>
          </ns3:TrackPointExtension>
        </extensions>
      </trkpt>
      <trkpt lat="34.2338726855814456939697265625" lon="108.93791318871080875396728515625">
        <ele>407</ele>
        <time>2026-02-03T12:32:46.000Z</time>
        <extensions>
          <ns3:TrackPointExtension>
            <ns3:hr>162</ns3:hr>
            <ns3:cad>99</ns3:cad>
          </ns3:TrackPointExtension>
        </extensions>
      </trkpt>
      <trkpt lat="34.2339040338993072509765625" lon="108.93791570328176021575927734375">
        <ele>407</ele>
        <time>2026-02-03T12:32:47.000Z</time>
        <extensions>
          <ns3:TrackPointExtension>
            <ns3:hr>161</ns3:hr>
            <ns3:cad>101</ns3:cad>
          </ns3:TrackPointExtension>
        </extensions>
      </trkpt>
      <trkpt lat="34.2339343763887882232666015625" lon="108.93791201524436473846435546875">
        <ele>407</ele>
        <time>2026-02-03T12:32:48.000Z</time>
        <extensions>
          <ns3:TrackPointExtension>
            <ns3:hr>161</ns3:hr>
            <ns3:cad>101</ns3:cad>
          </ns3:TrackPointExtension>
        </extensions>
      </trkpt>
      <trkpt lat="34.233975447714328765869140625" lon="108.93790849484503269195556640625">
        <ele>407</ele>
        <time>2026-02-03T12:32:49.000Z</time>
        <extensions>
          <ns3:TrackPointExtension>
            <ns3:hr>161</ns3:hr>
            <ns3:cad>101</ns3:cad>
          </ns3:TrackPointExtension>
        </extensions>
      </trkpt>
      <trkpt lat="34.23400755040347576141357421875" lon="108.93790908157825469970703125">
        <ele>407</ele>
        <time>2026-02-03T12:32:50.000Z</time>
        <extensions>
          <ns3:TrackPointExtension>
            <ns3:hr>161</ns3:hr>
            <ns3:cad>101</ns3:cad>
          </ns3:TrackPointExtension>
        </extensions>
      </trkpt>
      <trkpt lat="34.2340420000255107879638671875" lon="108.9379109255969524383544921875">
        <ele>407</ele>
        <time>2026-02-03T12:32:51.000Z</time>
        <extensions>
          <ns3:TrackPointExtension>
            <ns3:hr>161</ns3:hr>
            <ns3:cad>100</ns3:cad>
          </ns3:TrackPointExtension>
        </extensions>
      </trkpt>
      <trkpt lat="34.23407770693302154541015625" lon="108.93790883012115955352783203125">
        <ele>407</ele>
        <time>2026-02-03T12:32:52.000Z</time>
        <extensions>
          <ns3:TrackPointExtension>
            <ns3:hr>161</ns3:hr>
            <ns3:cad>100</ns3:cad>
          </ns3:TrackPointExtension>
        </extensions>
      </trkpt>
      <trkpt lat="34.23410964198410511016845703125" lon="108.9379084110260009765625">
        <ele>407</ele>
        <time>2026-02-03T12:32:53.000Z</time>
        <extensions>
          <ns3:TrackPointExtension>
            <ns3:hr>161</ns3:hr>
            <ns3:cad>100</ns3:cad>
          </ns3:TrackPointExtension>
        </extensions>
      </trkpt>
      <trkpt lat="34.23414166085422039031982421875" lon="108.9379109255969524383544921875">
        <ele>407</ele>
        <time>2026-02-03T12:32:54.000Z</time>
        <extensions>
          <ns3:TrackPointExtension>
            <ns3:hr>162</ns3:hr>
            <ns3:cad>100</ns3:cad>
          </ns3:TrackPointExtension>
        </extensions>
      </trkpt>
      <trkpt lat="34.23417535610496997833251953125" lon="108.93790950067341327667236328125">
        <ele>407</ele>
        <time>2026-02-03T12:32:55.000Z</time>
        <extensions>
          <ns3:TrackPointExtension>
            <ns3:hr>162</ns3:hr>
            <ns3:cad>100</ns3:cad>
          </ns3:TrackPointExtension>
        </extensions>
      </trkpt>
      <trkpt lat="34.23420871607959270477294921875" lon="108.937908746302127838134765625">
        <ele>407</ele>
        <time>2026-02-03T12:32:56.000Z</time>
        <extensions>
          <ns3:TrackPointExtension>
            <ns3:hr>162</ns3:hr>
            <ns3:cad>101</ns3:cad>
          </ns3:TrackPointExtension>
        </extensions>
      </trkpt>
      <trkpt lat="34.23423998057842254638671875" lon="108.93791251815855503082275390625">
        <ele>407</ele>
        <time>2026-02-03T12:32:57.000Z</time>
        <extensions>
          <ns3:TrackPointExtension>
            <ns3:hr>162</ns3:hr>
            <ns3:cad>101</ns3:cad>
          </ns3:TrackPointExtension>
        </extensions>
      </trkpt>
      <trkpt lat="34.2342741787433624267578125" lon="108.9379122667014598846435546875">
        <ele>407</ele>
        <time>2026-02-03T12:32:58.000Z</time>
        <extensions>
          <ns3:TrackPointExtension>
            <ns3:hr>163</ns3:hr>
            <ns3:cad>101</ns3:cad>
          </ns3:TrackPointExtension>
        </extensions>
      </trkpt>
      <trkpt lat="34.2343085445463657379150390625" lon="108.93791184760630130767822265625">
        <ele>407</ele>
        <time>2026-02-03T12:32:59.000Z</time>
        <extensions>
          <ns3:TrackPointExtension>
            <ns3:hr>162</ns3:hr>
            <ns3:cad>101</ns3:cad>
          </ns3:TrackPointExtension>
        </extensions>
      </trkpt>
      <trkpt lat="34.2343383841216564178466796875" lon="108.937916792929172515869140625">
        <ele>407</ele>
        <time>2026-02-03T12:33:00.000Z</time>
        <extensions>
          <ns3:TrackPointExtension>
            <ns3:hr>162</ns3:hr>
            <ns3:cad>101</ns3:cad>
          </ns3:TrackPointExtension>
        </extensions>
      </trkpt>
      <trkpt lat="34.23437216319143772125244140625" lon="108.9379189722239971160888671875">
        <ele>407</ele>
        <time>2026-02-03T12:33:01.000Z</time>
        <extensions>
          <ns3:TrackPointExtension>
            <ns3:hr>162</ns3:hr>
            <ns3:cad>101</ns3:cad>
          </ns3:TrackPointExtension>
        </extensions>
      </trkpt>
      <trkpt lat="34.23441155813634395599365234375" lon="108.9379129372537136077880859375">
        <ele>407</ele>
        <time>2026-02-03T12:33:02.000Z</time>
        <extensions>
          <ns3:TrackPointExtension>
            <ns3:hr>159</ns3:hr>
            <ns3:cad>101</ns3:cad>
          </ns3:TrackPointExtension>
        </extensions>
      </trkpt>
      <trkpt lat="34.23444391228258609771728515625" lon="108.9379092492163181304931640625">
        <ele>407</ele>
        <time>2026-02-03T12:33:03.000Z</time>
        <extensions>
          <ns3:TrackPointExtension>
            <ns3:hr>158</ns3:hr>
            <ns3:cad>101</ns3:cad>
          </ns3:TrackPointExtension>
        </extensions>
      </trkpt>
      <trkpt lat="34.2344768531620502471923828125" lon="108.93790380097925662994384765625">
        <ele>407</ele>
        <time>2026-02-03T12:33:04.000Z</time>
        <extensions>
          <ns3:TrackPointExtension>
            <ns3:hr>154</ns3:hr>
            <ns3:cad>101</ns3:cad>
          </ns3:TrackPointExtension>
        </extensions>
      </trkpt>
      <trkpt lat="34.234514571726322174072265625" lon="108.9378887973725795745849609375">
        <ele>407</ele>
        <time>2026-02-03T12:33:05.000Z</time>
        <extensions>
          <ns3:TrackPointExtension>
            <ns3:hr>152</ns3:hr>
            <ns3:cad>101</ns3:cad>
          </ns3:TrackPointExtension>
        </extensions>
      </trkpt>
      <trkpt lat="34.234545417129993438720703125" lon="108.9378770627081394195556640625">
        <ele>407</ele>
        <time>2026-02-03T12:33:06.000Z</time>
        <extensions>
          <ns3:TrackPointExtension>
            <ns3:hr>152</ns3:hr>
            <ns3:cad>101</ns3:cad>
          </ns3:TrackPointExtension>
        </extensions>
      </trkpt>
      <trkpt lat="34.234575591981410980224609375" lon="108.93785987980663776397705078125">
        <ele>407</ele>
        <time>2026-02-03T12:33:07.000Z</time>
        <extensions>
          <ns3:TrackPointExtension>
            <ns3:hr>151</ns3:hr>
            <ns3:cad>101</ns3:cad>
          </ns3:TrackPointExtension>
        </extensions>
      </trkpt>
      <trkpt lat="34.23460618592798709869384765625" lon="108.9378328062593936920166015625">
        <ele>407</ele>
        <time>2026-02-03T12:33:08.000Z</time>
        <extensions>
          <ns3:TrackPointExtension>
            <ns3:hr>151</ns3:hr>
            <ns3:cad>102</ns3:cad>
          </ns3:TrackPointExtension>
        </extensions>
      </trkpt>
      <trkpt lat="34.2346364445984363555908203125" lon="108.9378110133111476898193359375">
        <ele>407</ele>
        <time>2026-02-03T12:33:09.000Z</time>
        <extensions>
          <ns3:TrackPointExtension>
            <ns3:hr>151</ns3:hr>
            <ns3:cad>102</ns3:cad>
          </ns3:TrackPointExtension>
        </extensions>
      </trkpt>
      <trkpt lat="34.23466117121279239654541015625" lon="108.93779215402901172637939453125">
        <ele>407</ele>
        <time>2026-02-03T12:33:10.000Z</time>
        <extensions>
          <ns3:TrackPointExtension>
            <ns3:hr>151</ns3:hr>
            <ns3:cad>100</ns3:cad>
          </ns3:TrackPointExtension>
        </extensions>
      </trkpt>
      <trkpt lat="34.2346867360174655914306640625" lon="108.93775912933051586151123046875">
        <ele>407</ele>
        <time>2026-02-03T12:33:11.000Z</time>
        <extensions>
          <ns3:TrackPointExtension>
            <ns3:hr>152</ns3:hr>
            <ns3:cad>100</ns3:cad>
          </ns3:TrackPointExtension>
        </extensions>
      </trkpt>
      <trkpt lat="34.2347058467566967010498046875" lon="108.93772191368043422698974609375">
        <ele>407</ele>
        <time>2026-02-03T12:33:12.000Z</time>
        <extensions>
          <ns3:TrackPointExtension>
            <ns3:hr>151</ns3:hr>
            <ns3:cad>100</ns3:cad>
          </ns3:TrackPointExtension>
        </extensions>
      </trkpt>
      <trkpt lat="34.2347247898578643798828125" lon="108.93769056536257266998291015625">
        <ele>407</ele>
        <time>2026-02-03T12:33:13.000Z</time>
        <extensions>
          <ns3:TrackPointExtension>
            <ns3:hr>151</ns3:hr>
            <ns3:cad>100</ns3:cad>
          </ns3:TrackPointExtension>
        </extensions>
      </trkpt>
      <trkpt lat="34.23473778180778026580810546875" lon="108.9376473985612392425537109375">
        <ele>407</ele>
        <time>2026-02-03T12:33:14.000Z</time>
        <extensions>
          <ns3:TrackPointExtension>
            <ns3:hr>152</ns3:hr>
            <ns3:cad>100</ns3:cad>
          </ns3:TrackPointExtension>
        </extensions>
      </trkpt>
      <trkpt lat="34.23475219868123531341552734375" lon="108.93759232945740222930908203125">
        <ele>407</ele>
        <time>2026-02-03T12:33:15.000Z</time>
        <extensions>
          <ns3:TrackPointExtension>
            <ns3:hr>151</ns3:hr>
            <ns3:cad>100</ns3:cad>
          </ns3:TrackPointExtension>
        </extensions>
      </trkpt>
      <trkpt lat="34.2347631789743900299072265625" lon="108.93755511380732059478759765625">
        <ele>407</ele>
        <time>2026-02-03T12:33:16.000Z</time>
        <extensions>
          <ns3:TrackPointExtension>
            <ns3:hr>151</ns3:hr>
            <ns3:cad>100</ns3:cad>
          </ns3:TrackPointExtension>
        </extensions>
      </trkpt>
      <trkpt lat="34.23476913012564182281494140625" lon="108.93751270137727260589599609375">
        <ele>407</ele>
        <time>2026-02-03T12:33:17.000Z</time>
        <extensions>
          <ns3:TrackPointExtension>
            <ns3:hr>152</ns3:hr>
            <ns3:cad>101</ns3:cad>
          </ns3:TrackPointExtension>
        </extensions>
      </trkpt>
      <trkpt lat="34.23476711846888065338134765625" lon="108.937464170157909393310546875">
        <ele>407</ele>
        <time>2026-02-03T12:33:18.000Z</time>
        <extensions>
          <ns3:TrackPointExtension>
            <ns3:hr>152</ns3:hr>
            <ns3:cad>101</ns3:cad>
          </ns3:TrackPointExtension>
        </extensions>
      </trkpt>
      <trkpt lat="34.2347685433924198150634765625" lon="108.93742402084171772003173828125">
        <ele>407</ele>
        <time>2026-02-03T12:33:19.000Z</time>
        <extensions>
          <ns3:TrackPointExtension>
            <ns3:hr>152</ns3:hr>
            <ns3:cad>101</ns3:cad>
          </ns3:TrackPointExtension>
        </extensions>
      </trkpt>
      <trkpt lat="34.2347628436982631683349609375" lon="108.93738697282969951629638671875">
        <ele>407</ele>
        <time>2026-02-03T12:33:20.000Z</time>
        <extensions>
          <ns3:TrackPointExtension>
            <ns3:hr>153</ns3:hr>
            <ns3:cad>101</ns3:cad>
          </ns3:TrackPointExtension>
        </extensions>
      </trkpt>
      <trkpt lat="34.23475387506186962127685546875" lon="108.9373406209051609039306640625">
        <ele>407</ele>
        <time>2026-02-03T12:33:21.000Z</time>
        <extensions>
          <ns3:TrackPointExtension>
            <ns3:hr>156</ns3:hr>
            <ns3:cad>101</ns3:cad>
          </ns3:TrackPointExtension>
        </extensions>
      </trkpt>
      <trkpt lat="34.2347437329590320587158203125" lon="108.93729745410382747650146484375">
        <ele>407</ele>
        <time>2026-02-03T12:33:22.000Z</time>
        <extensions>
          <ns3:TrackPointExtension>
            <ns3:hr>160</ns3:hr>
            <ns3:cad>101</ns3:cad>
          </ns3:TrackPointExtension>
        </extensions>
      </trkpt>
      <trkpt lat="34.2347296513617038726806640625" lon="108.937260992825031280517578125">
        <ele>407</ele>
        <time>2026-02-03T12:33:23.000Z</time>
        <extensions>
          <ns3:TrackPointExtension>
            <ns3:hr>161</ns3:hr>
            <ns3:cad>102</ns3:cad>
          </ns3:TrackPointExtension>
        </extensions>
      </trkpt>
      <trkpt lat="34.2347108758985996246337890625" lon="108.93721782602369785308837890625">
        <ele>407</ele>
        <time>2026-02-03T12:33:24.000Z</time>
        <extensions>
          <ns3:TrackPointExtension>
            <ns3:hr>161</ns3:hr>
            <ns3:cad>101</ns3:cad>
          </ns3:TrackPointExtension>
        </extensions>
      </trkpt>
      <trkpt lat="34.23468966968357563018798828125" lon="108.93718329258263111114501953125">
        <ele>407</ele>
        <time>2026-02-03T12:33:25.000Z</time>
        <extensions>
          <ns3:TrackPointExtension>
            <ns3:hr>161</ns3:hr>
            <ns3:cad>101</ns3:cad>
          </ns3:TrackPointExtension>
        </extensions>
      </trkpt>
      <trkpt lat="34.23467089422047138214111328125" lon="108.93715110607445240020751953125">
        <ele>407</ele>
        <time>2026-02-03T12:33:26.000Z</time>
        <extensions>
          <ns3:TrackPointExtension>
            <ns3:hr>161</ns3:hr>
            <ns3:cad>101</ns3:cad>
          </ns3:TrackPointExtension>
        </extensions>
      </trkpt>
      <trkpt lat="34.23464138992130756378173828125" lon="108.93712243996560573577880859375">
        <ele>407</ele>
        <time>2026-02-03T12:33:27.000Z</time>
        <extensions>
          <ns3:TrackPointExtension>
            <ns3:hr>161</ns3:hr>
            <ns3:cad>101</ns3:cad>
          </ns3:TrackPointExtension>
        </extensions>
      </trkpt>
      <trkpt lat="34.23460903577506542205810546875" lon="108.93709796480834484100341796875">
        <ele>407</ele>
        <time>2026-02-03T12:33:28.000Z</time>
        <extensions>
          <ns3:TrackPointExtension>
            <ns3:hr>162</ns3:hr>
            <ns3:cad>101</ns3:cad>
          </ns3:TrackPointExtension>
        </extensions>
      </trkpt>
      <trkpt lat="34.23458196222782135009765625" lon="108.93707315437495708465576171875">
        <ele>407</ele>
        <time>2026-02-03T12:33:29.000Z</time>
        <extensions>
          <ns3:TrackPointExtension>
            <ns3:hr>161</ns3:hr>
            <ns3:cad>101</ns3:cad>
          </ns3:TrackPointExtension>
        </extensions>
      </trkpt>
      <trkpt lat="34.2345486022531986236572265625" lon="108.93705572001636028289794921875">
        <ele>407</ele>
        <time>2026-02-03T12:33:30.000Z</time>
        <extensions>
          <ns3:TrackPointExtension>
            <ns3:hr>162</ns3:hr>
            <ns3:cad>101</ns3:cad>
          </ns3:TrackPointExtension>
        </extensions>
      </trkpt>
      <trkpt lat="34.2345130629837512969970703125" lon="108.937042392790317535400390625">
        <ele>407</ele>
        <time>2026-02-03T12:33:31.000Z</time>
        <extensions>
          <ns3:TrackPointExtension>
            <ns3:hr>162</ns3:hr>
            <ns3:cad>101</ns3:cad>
          </ns3:TrackPointExtension>
        </extensions>
      </trkpt>
      <trkpt lat="34.2344818823039531707763671875" lon="108.9370308257639408111572265625">
        <ele>407</ele>
        <time>2026-02-03T12:33:32.000Z</time>
        <extensions>
          <ns3:TrackPointExtension>
            <ns3:hr>162</ns3:hr>
            <ns3:cad>101</ns3:cad>
          </ns3:TrackPointExtension>
        </extensions>
      </trkpt>
      <trkpt lat="34.2344463430345058441162109375" lon="108.9370331726968288421630859375">
        <ele>407</ele>
        <time>2026-02-03T12:33:33.000Z</time>
        <extensions>
          <ns3:TrackPointExtension>
            <ns3:hr>163</ns3:hr>
            <ns3:cad>101</ns3:cad>
          </ns3:TrackPointExtension>
        </extensions>
      </trkpt>
      <trkpt lat="34.2344064451754093170166015625" lon="108.937037698924541473388671875">
        <ele>407</ele>
        <time>2026-02-03T12:33:34.000Z</time>
        <extensions>
          <ns3:TrackPointExtension>
            <ns3:hr>164</ns3:hr>
            <ns3:cad>101</ns3:cad>
          </ns3:TrackPointExtension>
        </extensions>
      </trkpt>
      <trkpt lat="34.2343749292194843292236328125" lon="108.93703627400100231170654296875">
        <ele>407</ele>
        <time>2026-02-03T12:33:35.000Z</time>
        <extensions>
          <ns3:TrackPointExtension>
            <ns3:hr>165</ns3:hr>
            <ns3:cad>101</ns3:cad>
          </ns3:TrackPointExtension>
        </extensions>
      </trkpt>
      <trkpt lat="34.23434349708259105682373046875" lon="108.93704113550484180450439453125">
        <ele>406.79998779296875</ele>
        <time>2026-02-03T12:33:36.000Z</time>
        <extensions>
          <ns3:TrackPointExtension>
            <ns3:hr>166</ns3:hr>
            <ns3:cad>101</ns3:cad>
          </ns3:TrackPointExtension>
        </extensions>
      </trkpt>
      <trkpt lat="34.23430175520479679107666015625" lon="108.93704851157963275909423828125">
        <ele>406.79998779296875</ele>
        <time>2026-02-03T12:33:37.000Z</time>
        <extensions>
          <ns3:TrackPointExtension>
            <ns3:hr>166</ns3:hr>
            <ns3:cad>101</ns3:cad>
          </ns3:TrackPointExtension>
        </extensions>
      </trkpt>
      <trkpt lat="34.2342683114111423492431640625" lon="108.9370482601225376129150390625">
        <ele>406.79998779296875</ele>
        <time>2026-02-03T12:33:38.000Z</time>
        <extensions>
          <ns3:TrackPointExtension>
            <ns3:hr>166</ns3:hr>
            <ns3:cad>101</ns3:cad>
          </ns3:TrackPointExtension>
        </extensions>
      </trkpt>
      <trkpt lat="34.23423738218843936920166015625" lon="108.9370485953986644744873046875">
        <ele>406.79998779296875</ele>
        <time>2026-02-03T12:33:39.000Z</time>
        <extensions>
          <ns3:TrackPointExtension>
            <ns3:hr>166</ns3:hr>
            <ns3:cad>101</ns3:cad>
          </ns3:TrackPointExtension>
        </extensions>
      </trkpt>
      <trkpt lat="34.2341975681483745574951171875" lon="108.9370539598166942596435546875">
        <ele>406.79998779296875</ele>
        <time>2026-02-03T12:33:40.000Z</time>
        <extensions>
          <ns3:TrackPointExtension>
            <ns3:hr>165</ns3:hr>
            <ns3:cad>101</ns3:cad>
          </ns3:TrackPointExtension>
        </extensions>
      </trkpt>
      <trkpt lat="34.23415674827992916107177734375" lon="108.9370556361973285675048828125">
        <ele>406.79998779296875</ele>
        <time>2026-02-03T12:33:41.000Z</time>
        <extensions>
          <ns3:TrackPointExtension>
            <ns3:hr>166</ns3:hr>
            <ns3:cad>101</ns3:cad>
          </ns3:TrackPointExtension>
        </extensions>
      </trkpt>
      <trkpt lat="34.234123639762401580810546875" lon="108.9370496012270450592041015625">
        <ele>406.79998779296875</ele>
        <time>2026-02-03T12:33:42.000Z</time>
        <extensions>
          <ns3:TrackPointExtension>
            <ns3:hr>166</ns3:hr>
            <ns3:cad>102</ns3:cad>
          </ns3:TrackPointExtension>
        </extensions>
      </trkpt>
      <trkpt lat="34.23409019596874713897705078125" lon="108.9370479248464107513427734375">
        <ele>406.79998779296875</ele>
        <time>2026-02-03T12:33:43.000Z</time>
        <extensions>
          <ns3:TrackPointExtension>
            <ns3:hr>166</ns3:hr>
            <ns3:cad>102</ns3:cad>
          </ns3:TrackPointExtension>
        </extensions>
      </trkpt>
      <trkpt lat="34.23405096866190433502197265625" lon="108.937051109969615936279296875">
        <ele>406.79998779296875</ele>
        <time>2026-02-03T12:33:44.000Z</time>
        <extensions>
          <ns3:TrackPointExtension>
            <ns3:hr>166</ns3:hr>
            <ns3:cad>102</ns3:cad>
          </ns3:TrackPointExtension>
        </extensions>
      </trkpt>
      <trkpt lat="34.23401677049696445465087890625" lon="108.93705169670283794403076171875">
        <ele>406.79998779296875</ele>
        <time>2026-02-03T12:33:45.000Z</time>
        <extensions>
          <ns3:TrackPointExtension>
            <ns3:hr>166</ns3:hr>
            <ns3:cad>102</ns3:cad>
          </ns3:TrackPointExtension>
        </extensions>
      </trkpt>
      <trkpt lat="34.23398517072200775146484375" lon="108.937051780521869659423828125">
        <ele>406.79998779296875</ele>
        <time>2026-02-03T12:33:46.000Z</time>
        <extensions>
          <ns3:TrackPointExtension>
            <ns3:hr>165</ns3:hr>
            <ns3:cad>102</ns3:cad>
          </ns3:TrackPointExtension>
        </extensions>
      </trkpt>
      <trkpt lat="34.2339467816054821014404296875" lon="108.93705706112086772918701171875">
        <ele>406.79998779296875</ele>
        <time>2026-02-03T12:33:47.000Z</time>
        <extensions>
          <ns3:TrackPointExtension>
            <ns3:hr>166</ns3:hr>
            <ns3:cad>102</ns3:cad>
          </ns3:TrackPointExtension>
        </extensions>
      </trkpt>
      <trkpt lat="34.23391006886959075927734375" lon="108.93705974332988262176513671875">
        <ele>406.79998779296875</ele>
        <time>2026-02-03T12:33:48.000Z</time>
        <extensions>
          <ns3:TrackPointExtension>
            <ns3:hr>166</ns3:hr>
            <ns3:cad>102</ns3:cad>
          </ns3:TrackPointExtension>
        </extensions>
      </trkpt>
      <trkpt lat="34.23388056457042694091796875" lon="108.93705370835959911346435546875">
        <ele>406.600006103515625</ele>
        <time>2026-02-03T12:33:49.000Z</time>
        <extensions>
          <ns3:TrackPointExtension>
            <ns3:hr>166</ns3:hr>
            <ns3:cad>102</ns3:cad>
          </ns3:TrackPointExtension>
        </extensions>
      </trkpt>
      <trkpt lat="34.2338465340435504913330078125" lon="108.9370589889585971832275390625">
        <ele>406.600006103515625</ele>
        <time>2026-02-03T12:33:50.000Z</time>
        <extensions>
          <ns3:TrackPointExtension>
            <ns3:hr>166</ns3:hr>
            <ns3:cad>102</ns3:cad>
          </ns3:TrackPointExtension>
        </extensions>
      </trkpt>
      <trkpt lat="34.23380370251834392547607421875" lon="108.9370673708617687225341796875">
        <ele>406.600006103515625</ele>
        <time>2026-02-03T12:33:51.000Z</time>
        <extensions>
          <ns3:TrackPointExtension>
            <ns3:hr>166</ns3:hr>
            <ns3:cad>102</ns3:cad>
          </ns3:TrackPointExtension>
        </extensions>
      </trkpt>
      <trkpt lat="34.23376833088696002960205078125" lon="108.9370616711676120758056640625">
        <ele>406.600006103515625</ele>
        <time>2026-02-03T12:33:52.000Z</time>
        <extensions>
          <ns3:TrackPointExtension>
            <ns3:hr>166</ns3:hr>
            <ns3:cad>102</ns3:cad>
          </ns3:TrackPointExtension>
        </extensions>
      </trkpt>
      <trkpt lat="34.23373304307460784912109375" lon="108.93706527538597583770751953125">
        <ele>406.600006103515625</ele>
        <time>2026-02-03T12:33:53.000Z</time>
        <extensions>
          <ns3:TrackPointExtension>
            <ns3:hr>165</ns3:hr>
            <ns3:cad>102</ns3:cad>
          </ns3:TrackPointExtension>
        </extensions>
      </trkpt>
      <trkpt lat="34.23369306139647960662841796875" lon="108.937069885432720184326171875">
        <ele>406.600006103515625</ele>
        <time>2026-02-03T12:33:54.000Z</time>
        <extensions>
          <ns3:TrackPointExtension>
            <ns3:hr>166</ns3:hr>
            <ns3:cad>102</ns3:cad>
          </ns3:TrackPointExtension>
        </extensions>
      </trkpt>
      <trkpt lat="34.233658947050571441650390625" lon="108.93706862814724445343017578125">
        <ele>406.600006103515625</ele>
        <time>2026-02-03T12:33:55.000Z</time>
        <extensions>
          <ns3:TrackPointExtension>
            <ns3:hr>166</ns3:hr>
            <ns3:cad>102</ns3:cad>
          </ns3:TrackPointExtension>
        </extensions>
      </trkpt>
      <trkpt lat="34.2336255870759487152099609375" lon="108.93707030452787876129150390625">
        <ele>406.600006103515625</ele>
        <time>2026-02-03T12:33:56.000Z</time>
        <extensions>
          <ns3:TrackPointExtension>
            <ns3:hr>166</ns3:hr>
            <ns3:cad>102</ns3:cad>
          </ns3:TrackPointExtension>
        </extensions>
      </trkpt>
      <trkpt lat="34.2335840128362178802490234375" lon="108.93708203919231891632080078125">
        <ele>406.600006103515625</ele>
        <time>2026-02-03T12:33:57.000Z</time>
        <extensions>
          <ns3:TrackPointExtension>
            <ns3:hr>166</ns3:hr>
            <ns3:cad>102</ns3:cad>
          </ns3:TrackPointExtension>
        </extensions>
      </trkpt>
      <trkpt lat="34.23355224542319774627685546875" lon="108.9370858110487461090087890625">
        <ele>406.79998779296875</ele>
        <time>2026-02-03T12:33:58.000Z</time>
        <extensions>
          <ns3:TrackPointExtension>
            <ns3:hr>165</ns3:hr>
            <ns3:cad>100</ns3:cad>
          </ns3:TrackPointExtension>
        </extensions>
      </trkpt>
      <trkpt lat="34.23352056182920932769775390625" lon="108.937085308134555816650390625">
        <ele>406.79998779296875</ele>
        <time>2026-02-03T12:33:59.000Z</time>
        <extensions>
          <ns3:TrackPointExtension>
            <ns3:hr>166</ns3:hr>
            <ns3:cad>100</ns3:cad>
          </ns3:TrackPointExtension>
        </extensions>
      </trkpt>
      <trkpt lat="34.2334837652742862701416015625" lon="108.93710601143538951873779296875">
        <ele>406.79998779296875</ele>
        <time>2026-02-03T12:34:00.000Z</time>
        <extensions>
          <ns3:TrackPointExtension>
            <ns3:hr>166</ns3:hr>
            <ns3:cad>100</ns3:cad>
          </ns3:TrackPointExtension>
        </extensions>
      </trkpt>
      <trkpt lat="34.233451075851917266845703125" lon="108.93712746910750865936279296875">
        <ele>406.79998779296875</ele>
        <time>2026-02-03T12:34:01.000Z</time>
        <extensions>
          <ns3:TrackPointExtension>
            <ns3:hr>165</ns3:hr>
            <ns3:cad>100</ns3:cad>
          </ns3:TrackPointExtension>
        </extensions>
      </trkpt>
      <trkpt lat="34.233424924314022064208984375" lon="108.93714222125709056854248046875">
        <ele>406.79998779296875</ele>
        <time>2026-02-03T12:34:02.000Z</time>
        <extensions>
          <ns3:TrackPointExtension>
            <ns3:hr>165</ns3:hr>
            <ns3:cad>100</ns3:cad>
          </ns3:TrackPointExtension>
        </extensions>
      </trkpt>
      <trkpt lat="34.23339902423322200775146484375" lon="108.93717155791819095611572265625">
        <ele>406.79998779296875</ele>
        <time>2026-02-03T12:34:03.000Z</time>
        <extensions>
          <ns3:TrackPointExtension>
            <ns3:hr>165</ns3:hr>
            <ns3:cad>100</ns3:cad>
          </ns3:TrackPointExtension>
        </extensions>
      </trkpt>
      <trkpt lat="34.23337304033339023590087890625" lon="108.93720827065408229827880859375">
        <ele>406.79998779296875</ele>
        <time>2026-02-03T12:34:04.000Z</time>
        <extensions>
          <ns3:TrackPointExtension>
            <ns3:hr>165</ns3:hr>
            <ns3:cad>101</ns3:cad>
          </ns3:TrackPointExtension>
        </extensions>
      </trkpt>
      <trkpt lat="34.23335275612771511077880859375" lon="108.9372336678206920623779296875">
        <ele>406.79998779296875</ele>
        <time>2026-02-03T12:34:05.000Z</time>
        <extensions>
          <ns3:TrackPointExtension>
            <ns3:hr>165</ns3:hr>
            <ns3:cad>102</ns3:cad>
          </ns3:TrackPointExtension>
        </extensions>
      </trkpt>
      <trkpt lat="34.2333362437784671783447265625" lon="108.93727147020399570465087890625">
        <ele>406.79998779296875</ele>
        <time>2026-02-03T12:34:06.000Z</time>
        <extensions>
          <ns3:TrackPointExtension>
            <ns3:hr>165</ns3:hr>
            <ns3:cad>101</ns3:cad>
          </ns3:TrackPointExtension>
        </extensions>
      </trkpt>
      <trkpt lat="34.2333208210766315460205078125" lon="108.93731488846242427825927734375">
        <ele>406.79998779296875</ele>
        <time>2026-02-03T12:34:07.000Z</time>
        <extensions>
          <ns3:TrackPointExtension>
            <ns3:hr>165</ns3:hr>
            <ns3:cad>101</ns3:cad>
          </ns3:TrackPointExtension>
        </extensions>
      </trkpt>
      <trkpt lat="34.2333060689270496368408203125" lon="108.9373493380844593048095703125">
        <ele>406.79998779296875</ele>
        <time>2026-02-03T12:34:08.000Z</time>
        <extensions>
          <ns3:TrackPointExtension>
            <ns3:hr>164</ns3:hr>
            <ns3:cad>101</ns3:cad>
          </ns3:TrackPointExtension>
        </extensions>
      </trkpt>
      <trkpt lat="34.2332986928522586822509765625" lon="108.93739015795290470123291015625">
        <ele>406.79998779296875</ele>
        <time>2026-02-03T12:34:09.000Z</time>
        <extensions>
          <ns3:TrackPointExtension>
            <ns3:hr>164</ns3:hr>
            <ns3:cad>101</ns3:cad>
          </ns3:TrackPointExtension>
        </extensions>
      </trkpt>
      <trkpt lat="34.23329475335776805877685546875" lon="108.937440700829029083251953125">
        <ele>406.79998779296875</ele>
        <time>2026-02-03T12:34:10.000Z</time>
        <extensions>
          <ns3:TrackPointExtension>
            <ns3:hr>164</ns3:hr>
            <ns3:cad>101</ns3:cad>
          </ns3:TrackPointExtension>
        </extensions>
      </trkpt>
      <trkpt lat="34.23328871838748455047607421875" lon="108.9374811016023159027099609375">
        <ele>406.79998779296875</ele>
        <time>2026-02-03T12:34:11.000Z</time>
        <extensions>
          <ns3:TrackPointExtension>
            <ns3:hr>164</ns3:hr>
            <ns3:cad>101</ns3:cad>
          </ns3:TrackPointExtension>
        </extensions>
      </trkpt>
      <trkpt lat="34.23328922130167484283447265625" lon="108.9375226758420467376708984375">
        <ele>406.79998779296875</ele>
        <time>2026-02-03T12:34:12.000Z</time>
        <extensions>
          <ns3:TrackPointExtension>
            <ns3:hr>164</ns3:hr>
            <ns3:cad>101</ns3:cad>
          </ns3:TrackPointExtension>
        </extensions>
      </trkpt>
      <trkpt lat="34.2332943342626094818115234375" lon="108.937571458518505096435546875">
        <ele>406.79998779296875</ele>
        <time>2026-02-03T12:34:13.000Z</time>
        <extensions>
          <ns3:TrackPointExtension>
            <ns3:hr>165</ns3:hr>
            <ns3:cad>101</ns3:cad>
          </ns3:TrackPointExtension>
        </extensions>
      </trkpt>
      <trkpt lat="34.23329676501452922821044921875" lon="108.93761060200631618499755859375">
        <ele>406.79998779296875</ele>
        <time>2026-02-03T12:34:14.000Z</time>
        <extensions>
          <ns3:TrackPointExtension>
            <ns3:hr>164</ns3:hr>
            <ns3:cad>101</ns3:cad>
          </ns3:TrackPointExtension>
        </extensions>
      </trkpt>
      <trkpt lat="34.23330112360417842864990234375" lon="108.93764480017125606536865234375">
        <ele>406.79998779296875</ele>
        <time>2026-02-03T12:34:15.000Z</time>
        <extensions>
          <ns3:TrackPointExtension>
            <ns3:hr>164</ns3:hr>
            <ns3:cad>101</ns3:cad>
          </ns3:TrackPointExtension>
        </extensions>
      </trkpt>
      <trkpt lat="34.2333235032856464385986328125" lon="108.9376893080770969390869140625">
        <ele>406.79998779296875</ele>
        <time>2026-02-03T12:34:16.000Z</time>
        <extensions>
          <ns3:TrackPointExtension>
            <ns3:hr>165</ns3:hr>
            <ns3:cad>101</ns3:cad>
          </ns3:TrackPointExtension>
        </extensions>
      </trkpt>
      <trkpt lat="34.23334278166294097900390625" lon="108.9377312175929546356201171875">
        <ele>406.79998779296875</ele>
        <time>2026-02-03T12:34:17.000Z</time>
        <extensions>
          <ns3:TrackPointExtension>
            <ns3:hr>164</ns3:hr>
            <ns3:cad>101</ns3:cad>
          </ns3:TrackPointExtension>
        </extensions>
      </trkpt>
      <trkpt lat="34.2333610542118549346923828125" lon="108.93776357173919677734375">
        <ele>406.79998779296875</ele>
        <time>2026-02-03T12:34:18.000Z</time>
        <extensions>
          <ns3:TrackPointExtension>
            <ns3:hr>164</ns3:hr>
            <ns3:cad>101</ns3:cad>
          </ns3:TrackPointExtension>
        </extensions>
      </trkpt>
      <trkpt lat="34.23338997177779674530029296875" lon="108.9378019608557224273681640625">
        <ele>406.79998779296875</ele>
        <time>2026-02-03T12:34:19.000Z</time>
        <extensions>
          <ns3:TrackPointExtension>
            <ns3:hr>164</ns3:hr>
            <ns3:cad>100</ns3:cad>
          </ns3:TrackPointExtension>
        </extensions>
      </trkpt>
      <trkpt lat="34.23341545276343822479248046875" lon="108.93783892504870891571044921875">
        <ele>406.79998779296875</ele>
        <time>2026-02-03T12:34:20.000Z</time>
        <extensions>
          <ns3:TrackPointExtension>
            <ns3:hr>164</ns3:hr>
            <ns3:cad>100</ns3:cad>
          </ns3:TrackPointExtension>
        </extensions>
      </trkpt>
      <trkpt lat="34.2334364913403987884521484375" lon="108.9378641545772552490234375">
        <ele>406.79998779296875</ele>
        <time>2026-02-03T12:34:21.000Z</time>
        <extensions>
          <ns3:TrackPointExtension>
            <ns3:hr>164</ns3:hr>
            <ns3:cad>100</ns3:cad>
          </ns3:TrackPointExtension>
        </extensions>
      </trkpt>
      <trkpt lat="34.233469851315021514892578125" lon="108.9378847740590572357177734375">
        <ele>406.79998779296875</ele>
        <time>2026-02-03T12:34:22.000Z</time>
        <extensions>
          <ns3:TrackPointExtension>
            <ns3:hr>164</ns3:hr>
            <ns3:cad>100</ns3:cad>
          </ns3:TrackPointExtension>
        </extensions>
      </trkpt>
      <trkpt lat="34.2335035465657711029052734375" lon="108.93790145404636859893798828125">
        <ele>406.79998779296875</ele>
        <time>2026-02-03T12:34:23.000Z</time>
        <extensions>
          <ns3:TrackPointExtension>
            <ns3:hr>164</ns3:hr>
            <ns3:cad>101</ns3:cad>
          </ns3:TrackPointExtension>
        </extensions>
      </trkpt>
      <trkpt lat="34.23353246413171291351318359375" lon="108.937914781272411346435546875">
        <ele>406.79998779296875</ele>
        <time>2026-02-03T12:34:24.000Z</time>
        <extensions>
          <ns3:TrackPointExtension>
            <ns3:hr>163</ns3:hr>
            <ns3:cad>101</ns3:cad>
          </ns3:TrackPointExtension>
        </extensions>
      </trkpt>
      <trkpt lat="34.23356833867728710174560546875" lon="108.93792006187140941619873046875">
        <ele>406.79998779296875</ele>
        <time>2026-02-03T12:34:25.000Z</time>
        <extensions>
          <ns3:TrackPointExtension>
            <ns3:hr>163</ns3:hr>
            <ns3:cad>101</ns3:cad>
          </ns3:TrackPointExtension>
        </extensions>
      </trkpt>
      <trkpt lat="34.2336061410605907440185546875" lon="108.93792576156556606292724609375">
        <ele>406.79998779296875</ele>
        <time>2026-02-03T12:34:26.000Z</time>
        <extensions>
          <ns3:TrackPointExtension>
            <ns3:hr>164</ns3:hr>
            <ns3:cad>101</ns3:cad>
          </ns3:TrackPointExtension>
        </extensions>
      </trkpt>
      <trkpt lat="34.23363648355007171630859375" lon="108.937928862869739532470703125">
        <ele>406.79998779296875</ele>
        <time>2026-02-03T12:34:27.000Z</time>
        <extensions>
          <ns3:TrackPointExtension>
            <ns3:hr>163</ns3:hr>
            <ns3:cad>100</ns3:cad>
          </ns3:TrackPointExtension>
        </extensions>
      </trkpt>
      <trkpt lat="34.2336721904575824737548828125" lon="108.93792341463267803192138671875">
        <ele>406.79998779296875</ele>
        <time>2026-02-03T12:34:28.000Z</time>
        <extensions>
          <ns3:TrackPointExtension>
            <ns3:hr>163</ns3:hr>
            <ns3:cad>100</ns3:cad>
          </ns3:TrackPointExtension>
        </extensions>
      </trkpt>
      <trkpt lat="34.23371024429798126220703125" lon="108.93791821785271167755126953125">
        <ele>406.79998779296875</ele>
        <time>2026-02-03T12:34:29.000Z</time>
        <extensions>
          <ns3:TrackPointExtension>
            <ns3:hr>163</ns3:hr>
            <ns3:cad>100</ns3:cad>
          </ns3:TrackPointExtension>
        </extensions>
      </trkpt>
      <trkpt lat="34.233740754425525665283203125" lon="108.93792609684169292449951171875">
        <ele>406.79998779296875</ele>
        <time>2026-02-03T12:34:30.000Z</time>
        <extensions>
          <ns3:TrackPointExtension>
            <ns3:hr>163</ns3:hr>
            <ns3:cad>101</ns3:cad>
          </ns3:TrackPointExtension>
        </extensions>
      </trkpt>
      <trkpt lat="34.23377285711467266082763671875" lon="108.93792240880429744720458984375">
        <ele>406.79998779296875</ele>
        <time>2026-02-03T12:34:31.000Z</time>
        <extensions>
          <ns3:TrackPointExtension>
            <ns3:hr>163</ns3:hr>
            <ns3:cad>101</ns3:cad>
          </ns3:TrackPointExtension>
        </extensions>
      </trkpt>
      <trkpt lat="34.233812503516674041748046875" lon="108.937918804585933685302734375">
        <ele>406.79998779296875</ele>
        <time>2026-02-03T12:34:32.000Z</time>
        <extensions>
          <ns3:TrackPointExtension>
            <ns3:hr>163</ns3:hr>
            <ns3:cad>101</ns3:cad>
          </ns3:TrackPointExtension>
        </extensions>
      </trkpt>
      <trkpt lat="34.2338450253009796142578125" lon="108.93792383372783660888671875">
        <ele>406.79998779296875</ele>
        <time>2026-02-03T12:34:33.000Z</time>
        <extensions>
          <ns3:TrackPointExtension>
            <ns3:hr>163</ns3:hr>
            <ns3:cad>101</ns3:cad>
          </ns3:TrackPointExtension>
        </extensions>
      </trkpt>
      <trkpt lat="34.2338750325143337249755859375" lon="108.937919139862060546875">
        <ele>406.79998779296875</ele>
        <time>2026-02-03T12:34:34.000Z</time>
        <extensions>
          <ns3:TrackPointExtension>
            <ns3:hr>163</ns3:hr>
            <ns3:cad>101</ns3:cad>
          </ns3:TrackPointExtension>
        </extensions>
      </trkpt>
      <trkpt lat="34.233913086354732513427734375" lon="108.9379169605672359466552734375">
        <ele>406.79998779296875</ele>
        <time>2026-02-03T12:34:35.000Z</time>
        <extensions>
          <ns3:TrackPointExtension>
            <ns3:hr>163</ns3:hr>
            <ns3:cad>101</ns3:cad>
          </ns3:TrackPointExtension>
        </extensions>
      </trkpt>
      <trkpt lat="34.2339451052248477935791015625" lon="108.93792257644236087799072265625">
        <ele>406.79998779296875</ele>
        <time>2026-02-03T12:34:36.000Z</time>
        <extensions>
          <ns3:TrackPointExtension>
            <ns3:hr>163</ns3:hr>
            <ns3:cad>100</ns3:cad>
          </ns3:TrackPointExtension>
        </extensions>
      </trkpt>
      <trkpt lat="34.23397737555205821990966796875" lon="108.93792173825204372406005859375">
        <ele>406.79998779296875</ele>
        <time>2026-02-03T12:34:37.000Z</time>
        <extensions>
          <ns3:TrackPointExtension>
            <ns3:hr>163</ns3:hr>
            <ns3:cad>100</ns3:cad>
          </ns3:TrackPointExtension>
        </extensions>
      </trkpt>
      <trkpt lat="34.23401408828794956207275390625" lon="108.9379193075001239776611328125">
        <ele>406.79998779296875</ele>
        <time>2026-02-03T12:34:38.000Z</time>
        <extensions>
          <ns3:TrackPointExtension>
            <ns3:hr>163</ns3:hr>
            <ns3:cad>100</ns3:cad>
          </ns3:TrackPointExtension>
        </extensions>
      </trkpt>
      <trkpt lat="34.23404376022517681121826171875" lon="108.93792576156556606292724609375">
        <ele>406.79998779296875</ele>
        <time>2026-02-03T12:34:39.000Z</time>
        <extensions>
          <ns3:TrackPointExtension>
            <ns3:hr>162</ns3:hr>
            <ns3:cad>101</ns3:cad>
          </ns3:TrackPointExtension>
        </extensions>
      </trkpt>
      <trkpt lat="34.2340735159814357757568359375" lon="108.9379186369478702545166015625">
        <ele>406.79998779296875</ele>
        <time>2026-02-03T12:34:40.000Z</time>
        <extensions>
          <ns3:TrackPointExtension>
            <ns3:hr>162</ns3:hr>
            <ns3:cad>101</ns3:cad>
          </ns3:TrackPointExtension>
        </extensions>
      </trkpt>
      <trkpt lat="34.23411098308861255645751953125" lon="108.93791553564369678497314453125">
        <ele>406.79998779296875</ele>
        <time>2026-02-03T12:34:41.000Z</time>
        <extensions>
          <ns3:TrackPointExtension>
            <ns3:hr>161</ns3:hr>
            <ns3:cad>101</ns3:cad>
          </ns3:TrackPointExtension>
        </extensions>
      </trkpt>
      <trkpt lat="34.23414266668260097503662109375" lon="108.93791922368109226226806640625">
        <ele>406.79998779296875</ele>
        <time>2026-02-03T12:34:42.000Z</time>
        <extensions>
          <ns3:TrackPointExtension>
            <ns3:hr>161</ns3:hr>
            <ns3:cad>100</ns3:cad>
          </ns3:TrackPointExtension>
        </extensions>
      </trkpt>
      <trkpt lat="34.23417082987725734710693359375" lon="108.93791939131915569305419921875">
        <ele>406.79998779296875</ele>
        <time>2026-02-03T12:34:43.000Z</time>
        <extensions>
          <ns3:TrackPointExtension>
            <ns3:hr>161</ns3:hr>
            <ns3:cad>100</ns3:cad>
          </ns3:TrackPointExtension>
        </extensions>
      </trkpt>
      <trkpt lat="34.23420888371765613555908203125" lon="108.93791486509144306182861328125">
        <ele>406.79998779296875</ele>
        <time>2026-02-03T12:34:44.000Z</time>
        <extensions>
          <ns3:TrackPointExtension>
            <ns3:hr>161</ns3:hr>
            <ns3:cad>101</ns3:cad>
          </ns3:TrackPointExtension>
        </extensions>
      </trkpt>
      <trkpt lat="34.23423863947391510009765625" lon="108.9379156194627285003662109375">
        <ele>406.79998779296875</ele>
        <time>2026-02-03T12:34:45.000Z</time>
        <extensions>
          <ns3:TrackPointExtension>
            <ns3:hr>160</ns3:hr>
            <ns3:cad>101</ns3:cad>
          </ns3:TrackPointExtension>
        </extensions>
      </trkpt>
      <trkpt lat="34.234267137944698333740234375" lon="108.9379142783582210540771484375">
        <ele>406.79998779296875</ele>
        <time>2026-02-03T12:34:46.000Z</time>
        <extensions>
          <ns3:TrackPointExtension>
            <ns3:hr>160</ns3:hr>
            <ns3:cad>101</ns3:cad>
          </ns3:TrackPointExtension>
        </extensions>
      </trkpt>
      <trkpt lat="34.23430703580379486083984375" lon="108.93791285343468189239501953125">
        <ele>406.79998779296875</ele>
        <time>2026-02-03T12:34:47.000Z</time>
        <extensions>
          <ns3:TrackPointExtension>
            <ns3:hr>160</ns3:hr>
            <ns3:cad>101</ns3:cad>
          </ns3:TrackPointExtension>
        </extensions>
      </trkpt>
      <trkpt lat="34.234336875379085540771484375" lon="108.93791335634887218475341796875">
        <ele>406.79998779296875</ele>
        <time>2026-02-03T12:34:48.000Z</time>
        <extensions>
          <ns3:TrackPointExtension>
            <ns3:hr>160</ns3:hr>
            <ns3:cad>101</ns3:cad>
          </ns3:TrackPointExtension>
        </extensions>
      </trkpt>
      <trkpt lat="34.23436629585921764373779296875" lon="108.93791369162499904632568359375">
        <ele>406.79998779296875</ele>
        <time>2026-02-03T12:34:49.000Z</time>
        <extensions>
          <ns3:TrackPointExtension>
            <ns3:hr>161</ns3:hr>
            <ns3:cad>101</ns3:cad>
          </ns3:TrackPointExtension>
        </extensions>
      </trkpt>
      <trkpt lat="34.23440518788993358612060546875" lon="108.9379089139401912689208984375">
        <ele>406.79998779296875</ele>
        <time>2026-02-03T12:34:50.000Z</time>
        <extensions>
          <ns3:TrackPointExtension>
            <ns3:hr>161</ns3:hr>
            <ns3:cad>101</ns3:cad>
          </ns3:TrackPointExtension>
        </extensions>
      </trkpt>
      <trkpt lat="34.234436787664890289306640625" lon="108.93790933303534984588623046875">
        <ele>406.79998779296875</ele>
        <time>2026-02-03T12:34:51.000Z</time>
        <extensions>
          <ns3:TrackPointExtension>
            <ns3:hr>162</ns3:hr>
            <ns3:cad>100</ns3:cad>
          </ns3:TrackPointExtension>
        </extensions>
      </trkpt>
      <trkpt lat="34.23446796834468841552734375" lon="108.9379084110260009765625">
        <ele>406.79998779296875</ele>
        <time>2026-02-03T12:34:52.000Z</time>
        <extensions>
          <ns3:TrackPointExtension>
            <ns3:hr>163</ns3:hr>
            <ns3:cad>100</ns3:cad>
          </ns3:TrackPointExtension>
        </extensions>
      </trkpt>
      <trkpt lat="34.23450610600411891937255859375" lon="108.937897346913814544677734375">
        <ele>406.79998779296875</ele>
        <time>2026-02-03T12:34:53.000Z</time>
        <extensions>
          <ns3:TrackPointExtension>
            <ns3:hr>163</ns3:hr>
            <ns3:cad>100</ns3:cad>
          </ns3:TrackPointExtension>
        </extensions>
      </trkpt>
      <trkpt lat="34.23453862778842449188232421875" lon="108.93788636662065982818603515625">
        <ele>406.79998779296875</ele>
        <time>2026-02-03T12:34:54.000Z</time>
        <extensions>
          <ns3:TrackPointExtension>
            <ns3:hr>162</ns3:hr>
            <ns3:cad>100</ns3:cad>
          </ns3:TrackPointExtension>
        </extensions>
      </trkpt>
      <trkpt lat="34.2345640249550342559814453125" lon="108.9378654956817626953125">
        <ele>406.79998779296875</ele>
        <time>2026-02-03T12:34:55.000Z</time>
        <extensions>
          <ns3:TrackPointExtension>
            <ns3:hr>162</ns3:hr>
            <ns3:cad>100</ns3:cad>
          </ns3:TrackPointExtension>
        </extensions>
      </trkpt>
      <trkpt lat="34.2345982231199741363525390625" lon="108.937834985554218292236328125">
        <ele>406.79998779296875</ele>
        <time>2026-02-03T12:34:56.000Z</time>
        <extensions>
          <ns3:TrackPointExtension>
            <ns3:hr>162</ns3:hr>
            <ns3:cad>100</ns3:cad>
          </ns3:TrackPointExtension>
        </extensions>
      </trkpt>
      <trkpt lat="34.23462630249559879302978515625" lon="108.9378140307962894439697265625">
        <ele>406.79998779296875</ele>
        <time>2026-02-03T12:34:57.000Z</time>
        <extensions>
          <ns3:TrackPointExtension>
            <ns3:hr>160</ns3:hr>
            <ns3:cad>101</ns3:cad>
          </ns3:TrackPointExtension>
        </extensions>
      </trkpt>
      <trkpt lat="34.23465027473866939544677734375" lon="108.93779098056256771087646484375">
        <ele>406.79998779296875</ele>
        <time>2026-02-03T12:34:58.000Z</time>
        <extensions>
          <ns3:TrackPointExtension>
            <ns3:hr>160</ns3:hr>
            <ns3:cad>101</ns3:cad>
          </ns3:TrackPointExtension>
        </extensions>
      </trkpt>
      <trkpt lat="34.23467575572431087493896484375" lon="108.9377568662166595458984375">
        <ele>406.79998779296875</ele>
        <time>2026-02-03T12:34:59.000Z</time>
        <extensions>
          <ns3:TrackPointExtension>
            <ns3:hr>160</ns3:hr>
            <ns3:cad>101</ns3:cad>
          </ns3:TrackPointExtension>
        </extensions>
      </trkpt>
      <trkpt lat="34.2346961237490177154541015625" lon="108.9377298764884471893310546875">
        <ele>406.79998779296875</ele>
        <time>2026-02-03T12:35:00.000Z</time>
        <extensions>
          <ns3:TrackPointExtension>
            <ns3:hr>160</ns3:hr>
            <ns3:cad>101</ns3:cad>
          </ns3:TrackPointExtension>
        </extensions>
      </trkpt>
      <trkpt lat="34.2347172461450099945068359375" lon="108.937696516513824462890625">
        <ele>406.79998779296875</ele>
        <time>2026-02-03T12:35:01.000Z</time>
        <extensions>
          <ns3:TrackPointExtension>
            <ns3:hr>161</ns3:hr>
            <ns3:cad>101</ns3:cad>
          </ns3:TrackPointExtension>
        </extensions>
      </trkpt>
      <trkpt lat="34.23473409377038478851318359375" lon="108.9376549422740936279296875">
        <ele>406.79998779296875</ele>
        <time>2026-02-03T12:35:02.000Z</time>
        <extensions>
          <ns3:TrackPointExtension>
            <ns3:hr>161</ns3:hr>
            <ns3:cad>101</ns3:cad>
          </ns3:TrackPointExtension>
        </extensions>
      </trkpt>
      <trkpt lat="34.23474951647222042083740234375" lon="108.93761965446174144744873046875">
        <ele>406.79998779296875</ele>
        <time>2026-02-03T12:35:03.000Z</time>
        <extensions>
          <ns3:TrackPointExtension>
            <ns3:hr>161</ns3:hr>
            <ns3:cad>99</ns3:cad>
          </ns3:TrackPointExtension>
        </extensions>
      </trkpt>
      <trkpt lat="34.2347574792802333831787109375" lon="108.93758394755423069000244140625">
        <ele>406.79998779296875</ele>
        <time>2026-02-03T12:35:04.000Z</time>
        <extensions>
          <ns3:TrackPointExtension>
            <ns3:hr>161</ns3:hr>
            <ns3:cad>99</ns3:cad>
          </ns3:TrackPointExtension>
        </extensions>
      </trkpt>
      <trkpt lat="34.23475856892764568328857421875" lon="108.937533237040042877197265625">
        <ele>406.79998779296875</ele>
        <time>2026-02-03T12:35:05.000Z</time>
        <extensions>
          <ns3:TrackPointExtension>
            <ns3:hr>161</ns3:hr>
            <ns3:cad>99</ns3:cad>
          </ns3:TrackPointExtension>
        </extensions>
      </trkpt>
      <trkpt lat="34.2347645200788974761962890625" lon="108.9374965243041515350341796875">
        <ele>406.79998779296875</ele>
        <time>2026-02-03T12:35:06.000Z</time>
        <extensions>
          <ns3:TrackPointExtension>
            <ns3:hr>161</ns3:hr>
            <ns3:cad>99</ns3:cad>
          </ns3:TrackPointExtension>
        </extensions>
      </trkpt>
      <trkpt lat="34.23476225696504116058349609375" lon="108.93745712935924530029296875">
        <ele>406.79998779296875</ele>
        <time>2026-02-03T12:35:07.000Z</time>
        <extensions>
          <ns3:TrackPointExtension>
            <ns3:hr>162</ns3:hr>
            <ns3:cad>99</ns3:cad>
          </ns3:TrackPointExtension>
        </extensions>
      </trkpt>
      <trkpt lat="34.23475303687155246734619140625" lon="108.93740641884505748748779296875">
        <ele>406.79998779296875</ele>
        <time>2026-02-03T12:35:08.000Z</time>
        <extensions>
          <ns3:TrackPointExtension>
            <ns3:hr>161</ns3:hr>
            <ns3:cad>99</ns3:cad>
          </ns3:TrackPointExtension>
        </extensions>
      </trkpt>
      <trkpt lat="34.234749935567378997802734375" lon="108.93736853264272212982177734375">
        <ele>406.79998779296875</ele>
        <time>2026-02-03T12:35:09.000Z</time>
        <extensions>
          <ns3:TrackPointExtension>
            <ns3:hr>161</ns3:hr>
            <ns3:cad>99</ns3:cad>
          </ns3:TrackPointExtension>
        </extensions>
      </trkpt>
      <trkpt lat="34.234735183417797088623046875" lon="108.93732964061200618743896484375">
        <ele>406.79998779296875</ele>
        <time>2026-02-03T12:35:10.000Z</time>
        <extensions>
          <ns3:TrackPointExtension>
            <ns3:hr>161</ns3:hr>
            <ns3:cad>99</ns3:cad>
          </ns3:TrackPointExtension>
        </extensions>
      </trkpt>
      <trkpt lat="34.234715066850185394287109375" lon="108.93728689290583133697509765625">
        <ele>407</ele>
        <time>2026-02-03T12:35:11.000Z</time>
        <extensions>
          <ns3:TrackPointExtension>
            <ns3:hr>161</ns3:hr>
            <ns3:cad>99</ns3:cad>
          </ns3:TrackPointExtension>
        </extensions>
      </trkpt>
      <trkpt lat="34.2347031645476818084716796875" lon="108.93725252710282802581787109375">
        <ele>407</ele>
        <time>2026-02-03T12:35:12.000Z</time>
        <extensions>
          <ns3:TrackPointExtension>
            <ns3:hr>161</ns3:hr>
            <ns3:cad>100</ns3:cad>
          </ns3:TrackPointExtension>
        </extensions>
      </trkpt>
      <trkpt lat="34.234688580036163330078125" lon="108.93721531145274639129638671875">
        <ele>407</ele>
        <time>2026-02-03T12:35:13.000Z</time>
        <extensions>
          <ns3:TrackPointExtension>
            <ns3:hr>161</ns3:hr>
            <ns3:cad>100</ns3:cad>
          </ns3:TrackPointExtension>
        </extensions>
      </trkpt>
      <trkpt lat="34.23468447290360927581787109375" lon="108.93718346022069454193115234375">
        <ele>407</ele>
        <time>2026-02-03T12:35:14.000Z</time>
        <extensions>
          <ns3:TrackPointExtension>
            <ns3:hr>162</ns3:hr>
            <ns3:cad>100</ns3:cad>
          </ns3:TrackPointExtension>
        </extensions>
      </trkpt>
      <trkpt lat="34.2346867360174655914306640625" lon="108.93716208636760711669921875">
        <ele>407</ele>
        <time>2026-02-03T12:35:15.000Z</time>
        <extensions>
          <ns3:TrackPointExtension>
            <ns3:hr>162</ns3:hr>
            <ns3:cad>100</ns3:cad>
          </ns3:TrackPointExtension>
        </extensions>
      </trkpt>
    </trkseg>
  </trk>
</gpx>
