<gpx xmlns:ns3="http://www.garmin.com/xmlschemas/TrackPointExtension/v1" xmlns="http://www.topografix.com/GPX/1/1" xmlns:xsi="http://www.w3.org/2001/XMLSchema-instance" xmlns:ns2="http://www.garmin.com/xmlschemas/GpxExtensions/v3" creator="Garmin Connect" version="1.1" xsi:schemaLocation="http://www.topografix.com/GPX/1/1 http://www.topografix.com/GPX/11.xsd">
  <extensions>
<distance>4214.26</distance>
<average_hr>130.0</average_hr>
<average_speed>3.1659998893737793</average_speed>
<start_time>2026-02-03T11:50:28+00:00</start_time>
<end_time>2026-02-03T12:12:38.903000+00:00</end_time>
<moving_time>1326.738</moving_time>
<elapsed_time>1330.903</elapsed_time>
</extensions>
<metadata>
    <link href="connect.garmin.com">
      <text>Garmin Connect</text>
    </link>
    <time>2026-02-03T11:50:28.000Z</time>
  </metadata>
  <trk>
    <name>西安市 跑步</name>
    <type>running</type>
    <trkseg>
      <trkpt lat="34.234692938625812530517578125" lon="108.9372484199702739715576171875">
        <ele>406.399993896484375</ele>
        <time>2026-02-03T11:50:28.000Z</time>
        <extensions>
          <ns3:TrackPointExtension>
            <ns3:hr>83</ns3:hr>
            <ns3:cad>0</ns3:cad>
          </ns3:TrackPointExtension>
        </extensions>
      </trkpt>
      <trkpt lat="34.2346921004354953765869140625" lon="108.93725923262536525726318359375">
        <ele>406.20001220703125</ele>
        <time>2026-02-03T11:50:29.000Z</time>
        <extensions>
          <ns3:TrackPointExtension>
            <ns3:hr>83</ns3:hr>
            <ns3:cad>0</ns3:cad>
          </ns3:TrackPointExtension>
        </extensions>
      </trkpt>
      <trkpt lat="34.2346857301890850067138671875" lon="108.93724263645708560943603515625">
        <ele>406.20001220703125</ele>
        <time>2026-02-03T11:50:30.000Z</time>
        <extensions>
          <ns3:TrackPointExtension>
            <ns3:hr>83</ns3:hr>
            <ns3:cad>0</ns3:cad>
          </ns3:TrackPointExtension>
        </extensions>
      </trkpt>
      <trkpt lat="34.234657399356365203857421875" lon="108.93721464090049266815185546875">
        <ele>406.20001220703125</ele>
        <time>2026-02-03T11:50:31.000Z</time>
        <extensions>
          <ns3:TrackPointExtension>
            <ns3:hr>82</ns3:hr>
            <ns3:cad>0</ns3:cad>
          </ns3:TrackPointExtension>
        </extensions>
      </trkpt>
      <trkpt lat="34.23464004881680011749267578125" lon="108.93719284795224666595458984375">
        <ele>406.20001220703125</ele>
        <time>2026-02-03T11:50:32.000Z</time>
        <extensions>
          <ns3:TrackPointExtension>
            <ns3:hr>81</ns3:hr>
            <ns3:cad>0</ns3:cad>
          </ns3:TrackPointExtension>
        </extensions>
      </trkpt>
      <trkpt lat="34.2346136458218097686767578125" lon="108.937173150479793548583984375">
        <ele>406.399993896484375</ele>
        <time>2026-02-03T11:50:33.000Z</time>
        <extensions>
          <ns3:TrackPointExtension>
            <ns3:hr>82</ns3:hr>
            <ns3:cad>0</ns3:cad>
          </ns3:TrackPointExtension>
        </extensions>
      </trkpt>
      <trkpt lat="34.23459134995937347412109375" lon="108.93715160898864269256591796875">
        <ele>406.20001220703125</ele>
        <time>2026-02-03T11:50:34.000Z</time>
        <extensions>
          <ns3:TrackPointExtension>
            <ns3:hr>84</ns3:hr>
            <ns3:cad>0</ns3:cad>
          </ns3:TrackPointExtension>
        </extensions>
      </trkpt>
      <trkpt lat="34.2345719039440155029296875" lon="108.9371297322213649749755859375">
        <ele>406.20001220703125</ele>
        <time>2026-02-03T11:50:35.000Z</time>
        <extensions>
          <ns3:TrackPointExtension>
            <ns3:hr>85</ns3:hr>
            <ns3:cad>94</ns3:cad>
          </ns3:TrackPointExtension>
        </extensions>
      </trkpt>
      <trkpt lat="34.23454466275870800018310546875" lon="108.9371143095195293426513671875">
        <ele>406</ele>
        <time>2026-02-03T11:50:36.000Z</time>
        <extensions>
          <ns3:TrackPointExtension>
            <ns3:hr>87</ns3:hr>
            <ns3:cad>94</ns3:cad>
          </ns3:TrackPointExtension>
        </extensions>
      </trkpt>
      <trkpt lat="34.23452286981046199798583984375" lon="108.93709746189415454864501953125">
        <ele>405.79998779296875</ele>
        <time>2026-02-03T11:50:37.000Z</time>
        <extensions>
          <ns3:TrackPointExtension>
            <ns3:hr>88</ns3:hr>
            <ns3:cad>96</ns3:cad>
          </ns3:TrackPointExtension>
        </extensions>
      </trkpt>
      <trkpt lat="34.23450107686221599578857421875" lon="108.93708287738263607025146484375">
        <ele>405.79998779296875</ele>
        <time>2026-02-03T11:50:38.000Z</time>
        <extensions>
          <ns3:TrackPointExtension>
            <ns3:hr>90</ns3:hr>
            <ns3:cad>96</ns3:cad>
          </ns3:TrackPointExtension>
        </extensions>
      </trkpt>
      <trkpt lat="34.23446620814502239227294921875" lon="108.9370928518474102020263671875">
        <ele>405.79998779296875</ele>
        <time>2026-02-03T11:50:39.000Z</time>
        <extensions>
          <ns3:TrackPointExtension>
            <ns3:hr>90</ns3:hr>
            <ns3:cad>96</ns3:cad>
          </ns3:TrackPointExtension>
        </extensions>
      </trkpt>
      <trkpt lat="34.234440810978412628173828125" lon="108.93708053044974803924560546875">
        <ele>405.79998779296875</ele>
        <time>2026-02-03T11:50:40.000Z</time>
        <extensions>
          <ns3:TrackPointExtension>
            <ns3:hr>91</ns3:hr>
            <ns3:cad>96</ns3:cad>
          </ns3:TrackPointExtension>
        </extensions>
      </trkpt>
      <trkpt lat="34.23441407270729541778564453125" lon="108.93707617186009883880615234375">
        <ele>406</ele>
        <time>2026-02-03T11:50:41.000Z</time>
        <extensions>
          <ns3:TrackPointExtension>
            <ns3:hr>91</ns3:hr>
            <ns3:cad>96</ns3:cad>
          </ns3:TrackPointExtension>
        </extensions>
      </trkpt>
      <trkpt lat="34.2343836463987827301025390625" lon="108.93708438612520694732666015625">
        <ele>406</ele>
        <time>2026-02-03T11:50:42.000Z</time>
        <extensions>
          <ns3:TrackPointExtension>
            <ns3:hr>92</ns3:hr>
            <ns3:cad>99</ns3:cad>
          </ns3:TrackPointExtension>
        </extensions>
      </trkpt>
      <trkpt lat="34.23436160199344158172607421875" lon="108.93707432784140110015869140625">
        <ele>406</ele>
        <time>2026-02-03T11:50:43.000Z</time>
        <extensions>
          <ns3:TrackPointExtension>
            <ns3:hr>93</ns3:hr>
            <ns3:cad>99</ns3:cad>
          </ns3:TrackPointExtension>
        </extensions>
      </trkpt>
      <trkpt lat="34.23432706855237483978271484375" lon="108.937075249850749969482421875">
        <ele>406</ele>
        <time>2026-02-03T11:50:44.000Z</time>
        <extensions>
          <ns3:TrackPointExtension>
            <ns3:hr>94</ns3:hr>
            <ns3:cad>99</ns3:cad>
          </ns3:TrackPointExtension>
        </extensions>
      </trkpt>
      <trkpt lat="34.2342931218445301055908203125" lon="108.93707281909883022308349609375">
        <ele>406</ele>
        <time>2026-02-03T11:50:45.000Z</time>
        <extensions>
          <ns3:TrackPointExtension>
            <ns3:hr>95</ns3:hr>
            <ns3:cad>100</ns3:cad>
          </ns3:TrackPointExtension>
        </extensions>
      </trkpt>
      <trkpt lat="34.2342629469931125640869140625" lon="108.93706686794757843017578125">
        <ele>406</ele>
        <time>2026-02-03T11:50:46.000Z</time>
        <extensions>
          <ns3:TrackPointExtension>
            <ns3:hr>96</ns3:hr>
            <ns3:cad>100</ns3:cad>
          </ns3:TrackPointExtension>
        </extensions>
      </trkpt>
      <trkpt lat="34.234227575361728668212890625" lon="108.937069885432720184326171875">
        <ele>406</ele>
        <time>2026-02-03T11:50:47.000Z</time>
        <extensions>
          <ns3:TrackPointExtension>
            <ns3:hr>97</ns3:hr>
            <ns3:cad>97</ns3:cad>
          </ns3:TrackPointExtension>
        </extensions>
      </trkpt>
      <trkpt lat="34.23419899307191371917724609375" lon="108.93706276081502437591552734375">
        <ele>406</ele>
        <time>2026-02-03T11:50:48.000Z</time>
        <extensions>
          <ns3:TrackPointExtension>
            <ns3:hr>98</ns3:hr>
            <ns3:cad>93</ns3:cad>
          </ns3:TrackPointExtension>
        </extensions>
      </trkpt>
      <trkpt lat="34.2341615259647369384765625" lon="108.93706309609115123748779296875">
        <ele>406</ele>
        <time>2026-02-03T11:50:49.000Z</time>
        <extensions>
          <ns3:TrackPointExtension>
            <ns3:hr>99</ns3:hr>
            <ns3:cad>93</ns3:cad>
          </ns3:TrackPointExtension>
        </extensions>
      </trkpt>
      <trkpt lat="34.23413311131298542022705078125" lon="108.9370589889585971832275390625">
        <ele>406</ele>
        <time>2026-02-03T11:50:50.000Z</time>
        <extensions>
          <ns3:TrackPointExtension>
            <ns3:hr>99</ns3:hr>
            <ns3:cad>93</ns3:cad>
          </ns3:TrackPointExtension>
        </extensions>
      </trkpt>
      <trkpt lat="34.23410813324153423309326171875" lon="108.9370536245405673980712890625">
        <ele>406</ele>
        <time>2026-02-03T11:50:51.000Z</time>
        <extensions>
          <ns3:TrackPointExtension>
            <ns3:hr>100</ns3:hr>
            <ns3:cad>93</ns3:cad>
          </ns3:TrackPointExtension>
        </extensions>
      </trkpt>
      <trkpt lat="34.23407636582851409912109375" lon="108.937054462730884552001953125">
        <ele>406</ele>
        <time>2026-02-03T11:50:52.000Z</time>
        <extensions>
          <ns3:TrackPointExtension>
            <ns3:hr>101</ns3:hr>
            <ns3:cad>93</ns3:cad>
          </ns3:TrackPointExtension>
        </extensions>
      </trkpt>
      <trkpt lat="34.23405230976641178131103515625" lon="108.93704985268414020538330078125">
        <ele>406</ele>
        <time>2026-02-03T11:50:53.000Z</time>
        <extensions>
          <ns3:TrackPointExtension>
            <ns3:hr>102</ns3:hr>
            <ns3:cad>93</ns3:cad>
          </ns3:TrackPointExtension>
        </extensions>
      </trkpt>
      <trkpt lat="34.23401509411633014678955078125" lon="108.9370449073612689971923828125">
        <ele>406</ele>
        <time>2026-02-03T11:50:54.000Z</time>
        <extensions>
          <ns3:TrackPointExtension>
            <ns3:hr>102</ns3:hr>
            <ns3:cad>94</ns3:cad>
          </ns3:TrackPointExtension>
        </extensions>
      </trkpt>
      <trkpt lat="34.23398827202618122100830078125" lon="108.93703878857195377349853515625">
        <ele>406</ele>
        <time>2026-02-03T11:50:55.000Z</time>
        <extensions>
          <ns3:TrackPointExtension>
            <ns3:hr>103</ns3:hr>
            <ns3:cad>95</ns3:cad>
          </ns3:TrackPointExtension>
        </extensions>
      </trkpt>
      <trkpt lat="34.23395625315606594085693359375" lon="108.93704046495258808135986328125">
        <ele>406</ele>
        <time>2026-02-03T11:50:56.000Z</time>
        <extensions>
          <ns3:TrackPointExtension>
            <ns3:hr>104</ns3:hr>
            <ns3:cad>95</ns3:cad>
          </ns3:TrackPointExtension>
        </extensions>
      </trkpt>
      <trkpt lat="34.23392557539045810699462890625" lon="108.93704331479966640472412109375">
        <ele>406</ele>
        <time>2026-02-03T11:50:57.000Z</time>
        <extensions>
          <ns3:TrackPointExtension>
            <ns3:hr>105</ns3:hr>
            <ns3:cad>95</ns3:cad>
          </ns3:TrackPointExtension>
        </extensions>
      </trkpt>
      <trkpt lat="34.2339011840522289276123046875" lon="108.9370395429432392120361328125">
        <ele>406</ele>
        <time>2026-02-03T11:50:58.000Z</time>
        <extensions>
          <ns3:TrackPointExtension>
            <ns3:hr>105</ns3:hr>
            <ns3:cad>95</ns3:cad>
          </ns3:TrackPointExtension>
        </extensions>
      </trkpt>
      <trkpt lat="34.233866147696971893310546875" lon="108.93704549409449100494384765625">
        <ele>406</ele>
        <time>2026-02-03T11:50:59.000Z</time>
        <extensions>
          <ns3:TrackPointExtension>
            <ns3:hr>106</ns3:hr>
            <ns3:cad>95</ns3:cad>
          </ns3:TrackPointExtension>
        </extensions>
      </trkpt>
      <trkpt lat="34.23384368419647216796875" lon="108.9370395429432392120361328125">
        <ele>406</ele>
        <time>2026-02-03T11:51:00.000Z</time>
        <extensions>
          <ns3:TrackPointExtension>
            <ns3:hr>107</ns3:hr>
            <ns3:cad>96</ns3:cad>
          </ns3:TrackPointExtension>
        </extensions>
      </trkpt>
      <trkpt lat="34.23381845466792583465576171875" lon="108.93704272806644439697265625">
        <ele>406</ele>
        <time>2026-02-03T11:51:01.000Z</time>
        <extensions>
          <ns3:TrackPointExtension>
            <ns3:hr>107</ns3:hr>
            <ns3:cad>96</ns3:cad>
          </ns3:TrackPointExtension>
        </extensions>
      </trkpt>
      <trkpt lat="34.233791045844554901123046875" lon="108.93704465590417385101318359375">
        <ele>406</ele>
        <time>2026-02-03T11:51:02.000Z</time>
        <extensions>
          <ns3:TrackPointExtension>
            <ns3:hr>108</ns3:hr>
            <ns3:cad>96</ns3:cad>
          </ns3:TrackPointExtension>
        </extensions>
      </trkpt>
      <trkpt lat="34.233770258724689483642578125" lon="108.937040381133556365966796875">
        <ele>406.20001220703125</ele>
        <time>2026-02-03T11:51:03.000Z</time>
        <extensions>
          <ns3:TrackPointExtension>
            <ns3:hr>108</ns3:hr>
            <ns3:cad>96</ns3:cad>
          </ns3:TrackPointExtension>
        </extensions>
      </trkpt>
      <trkpt lat="34.23373899422585964202880859375" lon="108.937044404447078704833984375">
        <ele>406.20001220703125</ele>
        <time>2026-02-03T11:51:04.000Z</time>
        <extensions>
          <ns3:TrackPointExtension>
            <ns3:hr>109</ns3:hr>
            <ns3:cad>96</ns3:cad>
          </ns3:TrackPointExtension>
        </extensions>
      </trkpt>
      <trkpt lat="34.2337174527347087860107421875" lon="108.9370428957045078277587890625">
        <ele>406.20001220703125</ele>
        <time>2026-02-03T11:51:05.000Z</time>
        <extensions>
          <ns3:TrackPointExtension>
            <ns3:hr>109</ns3:hr>
            <ns3:cad>97</ns3:cad>
          </ns3:TrackPointExtension>
        </extensions>
      </trkpt>
      <trkpt lat="34.23369624651968479156494140625" lon="108.93704281188547611236572265625">
        <ele>406.20001220703125</ele>
        <time>2026-02-03T11:51:06.000Z</time>
        <extensions>
          <ns3:TrackPointExtension>
            <ns3:hr>110</ns3:hr>
            <ns3:cad>97</ns3:cad>
          </ns3:TrackPointExtension>
        </extensions>
      </trkpt>
      <trkpt lat="34.233671016991138458251953125" lon="108.93704599700868129730224609375">
        <ele>406.20001220703125</ele>
        <time>2026-02-03T11:51:07.000Z</time>
        <extensions>
          <ns3:TrackPointExtension>
            <ns3:hr>110</ns3:hr>
            <ns3:cad>97</ns3:cad>
          </ns3:TrackPointExtension>
        </extensions>
      </trkpt>
      <trkpt lat="34.233648888766765594482421875" lon="108.93704004585742950439453125">
        <ele>406.20001220703125</ele>
        <time>2026-02-03T11:51:08.000Z</time>
        <extensions>
          <ns3:TrackPointExtension>
            <ns3:hr>111</ns3:hr>
            <ns3:cad>96</ns3:cad>
          </ns3:TrackPointExtension>
        </extensions>
      </trkpt>
      <trkpt lat="34.23361762426793575286865234375" lon="108.93704406917095184326171875">
        <ele>406</ele>
        <time>2026-02-03T11:51:09.000Z</time>
        <extensions>
          <ns3:TrackPointExtension>
            <ns3:hr>111</ns3:hr>
            <ns3:cad>96</ns3:cad>
          </ns3:TrackPointExtension>
        </extensions>
      </trkpt>
      <trkpt lat="34.23359566368162631988525390625" lon="108.93704197369515895843505859375">
        <ele>406.20001220703125</ele>
        <time>2026-02-03T11:51:10.000Z</time>
        <extensions>
          <ns3:TrackPointExtension>
            <ns3:hr>111</ns3:hr>
            <ns3:cad>96</ns3:cad>
          </ns3:TrackPointExtension>
        </extensions>
      </trkpt>
      <trkpt lat="34.2335709370672702789306640625" lon="108.93704683519899845123291015625">
        <ele>406.20001220703125</ele>
        <time>2026-02-03T11:51:11.000Z</time>
        <extensions>
          <ns3:TrackPointExtension>
            <ns3:hr>113</ns3:hr>
            <ns3:cad>96</ns3:cad>
          </ns3:TrackPointExtension>
        </extensions>
      </trkpt>
      <trkpt lat="34.23354067839682102203369140625" lon="108.93706074915826320648193359375">
        <ele>406.20001220703125</ele>
        <time>2026-02-03T11:51:12.000Z</time>
        <extensions>
          <ns3:TrackPointExtension>
            <ns3:hr>114</ns3:hr>
            <ns3:cad>96</ns3:cad>
          </ns3:TrackPointExtension>
        </extensions>
      </trkpt>
      <trkpt lat="34.23351871781051158905029296875" lon="108.937063850462436676025390625">
        <ele>406.20001220703125</ele>
        <time>2026-02-03T11:51:13.000Z</time>
        <extensions>
          <ns3:TrackPointExtension>
            <ns3:hr>115</ns3:hr>
            <ns3:cad>96</ns3:cad>
          </ns3:TrackPointExtension>
        </extensions>
      </trkpt>
      <trkpt lat="34.2334898002445697784423828125" lon="108.9370821230113506317138671875">
        <ele>406.20001220703125</ele>
        <time>2026-02-03T11:51:14.000Z</time>
        <extensions>
          <ns3:TrackPointExtension>
            <ns3:hr>116</ns3:hr>
            <ns3:cad>95</ns3:cad>
          </ns3:TrackPointExtension>
        </extensions>
      </trkpt>
      <trkpt lat="34.2334646545350551605224609375" lon="108.9370945282280445098876953125">
        <ele>406.20001220703125</ele>
        <time>2026-02-03T11:51:15.000Z</time>
        <extensions>
          <ns3:TrackPointExtension>
            <ns3:hr>117</ns3:hr>
            <ns3:cad>95</ns3:cad>
          </ns3:TrackPointExtension>
        </extensions>
      </trkpt>
      <trkpt lat="34.2334458790719509124755859375" lon="108.93711070530116558074951171875">
        <ele>406.20001220703125</ele>
        <time>2026-02-03T11:51:16.000Z</time>
        <extensions>
          <ns3:TrackPointExtension>
            <ns3:hr>118</ns3:hr>
            <ns3:cad>97</ns3:cad>
          </ns3:TrackPointExtension>
        </extensions>
      </trkpt>
      <trkpt lat="34.23342148773372173309326171875" lon="108.93714121542870998382568359375">
        <ele>406</ele>
        <time>2026-02-03T11:51:17.000Z</time>
        <extensions>
          <ns3:TrackPointExtension>
            <ns3:hr>119</ns3:hr>
            <ns3:cad>97</ns3:cad>
          </ns3:TrackPointExtension>
        </extensions>
      </trkpt>
      <trkpt lat="34.23339785076677799224853515625" lon="108.93715395592153072357177734375">
        <ele>406</ele>
        <time>2026-02-03T11:51:18.000Z</time>
        <extensions>
          <ns3:TrackPointExtension>
            <ns3:hr>120</ns3:hr>
            <ns3:cad>97</ns3:cad>
          </ns3:TrackPointExtension>
        </extensions>
      </trkpt>
      <trkpt lat="34.23337907530367374420166015625" lon="108.93717943690717220306396484375">
        <ele>406</ele>
        <time>2026-02-03T11:51:19.000Z</time>
        <extensions>
          <ns3:TrackPointExtension>
            <ns3:hr>121</ns3:hr>
            <ns3:cad>97</ns3:cad>
          </ns3:TrackPointExtension>
        </extensions>
      </trkpt>
      <trkpt lat="34.23336113803088665008544921875" lon="108.93721883185207843780517578125">
        <ele>405.79998779296875</ele>
        <time>2026-02-03T11:51:20.000Z</time>
        <extensions>
          <ns3:TrackPointExtension>
            <ns3:hr>122</ns3:hr>
            <ns3:cad>96</ns3:cad>
          </ns3:TrackPointExtension>
        </extensions>
      </trkpt>
      <trkpt lat="34.23334236256778240203857421875" lon="108.9372460730373859405517578125">
        <ele>405.79998779296875</ele>
        <time>2026-02-03T11:51:21.000Z</time>
        <extensions>
          <ns3:TrackPointExtension>
            <ns3:hr>122</ns3:hr>
            <ns3:cad>98</ns3:cad>
          </ns3:TrackPointExtension>
        </extensions>
      </trkpt>
      <trkpt lat="34.2333295382559299468994140625" lon="108.93728085793554782867431640625">
        <ele>406</ele>
        <time>2026-02-03T11:51:22.000Z</time>
        <extensions>
          <ns3:TrackPointExtension>
            <ns3:hr>123</ns3:hr>
            <ns3:cad>98</ns3:cad>
          </ns3:TrackPointExtension>
        </extensions>
      </trkpt>
      <trkpt lat="34.2333161272108554840087890625" lon="108.937313295900821685791015625">
        <ele>406</ele>
        <time>2026-02-03T11:51:23.000Z</time>
        <extensions>
          <ns3:TrackPointExtension>
            <ns3:hr>124</ns3:hr>
            <ns3:cad>98</ns3:cad>
          </ns3:TrackPointExtension>
        </extensions>
      </trkpt>
      <trkpt lat="34.23330615274608135223388671875" lon="108.937336765229701995849609375">
        <ele>406</ele>
        <time>2026-02-03T11:51:24.000Z</time>
        <extensions>
          <ns3:TrackPointExtension>
            <ns3:hr>125</ns3:hr>
            <ns3:cad>98</ns3:cad>
          </ns3:TrackPointExtension>
        </extensions>
      </trkpt>
      <trkpt lat="34.23329316079616546630859375" lon="108.9373724721372127532958984375">
        <ele>406</ele>
        <time>2026-02-03T11:51:25.000Z</time>
        <extensions>
          <ns3:TrackPointExtension>
            <ns3:hr>126</ns3:hr>
            <ns3:cad>98</ns3:cad>
          </ns3:TrackPointExtension>
        </extensions>
      </trkpt>
      <trkpt lat="34.23328603617846965789794921875" lon="108.93740080296993255615234375">
        <ele>406</ele>
        <time>2026-02-03T11:51:26.000Z</time>
        <extensions>
          <ns3:TrackPointExtension>
            <ns3:hr>127</ns3:hr>
            <ns3:cad>98</ns3:cad>
          </ns3:TrackPointExtension>
        </extensions>
      </trkpt>
      <trkpt lat="34.23328620381653308868408203125" lon="108.93743743188679218292236328125">
        <ele>406</ele>
        <time>2026-02-03T11:51:27.000Z</time>
        <extensions>
          <ns3:TrackPointExtension>
            <ns3:hr>128</ns3:hr>
            <ns3:cad>97</ns3:cad>
          </ns3:TrackPointExtension>
        </extensions>
      </trkpt>
      <trkpt lat="34.23328385688364505767822265625" lon="108.937473557889461517333984375">
        <ele>406</ele>
        <time>2026-02-03T11:51:28.000Z</time>
        <extensions>
          <ns3:TrackPointExtension>
            <ns3:hr>129</ns3:hr>
            <ns3:cad>97</ns3:cad>
          </ns3:TrackPointExtension>
        </extensions>
      </trkpt>
      <trkpt lat="34.2332842759788036346435546875" lon="108.937503062188625335693359375">
        <ele>406</ele>
        <time>2026-02-03T11:51:29.000Z</time>
        <extensions>
          <ns3:TrackPointExtension>
            <ns3:hr>129</ns3:hr>
            <ns3:cad>97</ns3:cad>
          </ns3:TrackPointExtension>
        </extensions>
      </trkpt>
      <trkpt lat="34.23329274170100688934326171875" lon="108.9375396072864532470703125">
        <ele>406</ele>
        <time>2026-02-03T11:51:30.000Z</time>
        <extensions>
          <ns3:TrackPointExtension>
            <ns3:hr>130</ns3:hr>
            <ns3:cad>97</ns3:cad>
          </ns3:TrackPointExtension>
        </extensions>
      </trkpt>
      <trkpt lat="34.23329458571970462799072265625" lon="108.93756869249045848846435546875">
        <ele>406</ele>
        <time>2026-02-03T11:51:31.000Z</time>
        <extensions>
          <ns3:TrackPointExtension>
            <ns3:hr>131</ns3:hr>
            <ns3:cad>96</ns3:cad>
          </ns3:TrackPointExtension>
        </extensions>
      </trkpt>
      <trkpt lat="34.233299195766448974609375" lon="108.93759819678962230682373046875">
        <ele>406</ele>
        <time>2026-02-03T11:51:32.000Z</time>
        <extensions>
          <ns3:TrackPointExtension>
            <ns3:hr>131</ns3:hr>
            <ns3:cad>96</ns3:cad>
          </ns3:TrackPointExtension>
        </extensions>
      </trkpt>
      <trkpt lat="34.23330925405025482177734375" lon="108.9376279525458812713623046875">
        <ele>406</ele>
        <time>2026-02-03T11:51:33.000Z</time>
        <extensions>
          <ns3:TrackPointExtension>
            <ns3:hr>132</ns3:hr>
            <ns3:cad>97</ns3:cad>
          </ns3:TrackPointExtension>
        </extensions>
      </trkpt>
      <trkpt lat="34.23331503756344318389892578125" lon="108.937658965587615966796875">
        <ele>405.79998779296875</ele>
        <time>2026-02-03T11:51:34.000Z</time>
        <extensions>
          <ns3:TrackPointExtension>
            <ns3:hr>133</ns3:hr>
            <ns3:cad>96</ns3:cad>
          </ns3:TrackPointExtension>
        </extensions>
      </trkpt>
      <trkpt lat="34.233331382274627685546875" lon="108.937692828476428985595703125">
        <ele>405.79998779296875</ele>
        <time>2026-02-03T11:51:35.000Z</time>
        <extensions>
          <ns3:TrackPointExtension>
            <ns3:hr>134</ns3:hr>
            <ns3:cad>96</ns3:cad>
          </ns3:TrackPointExtension>
        </extensions>
      </trkpt>
      <trkpt lat="34.233342111110687255859375" lon="108.9377198182046413421630859375">
        <ele>405.79998779296875</ele>
        <time>2026-02-03T11:51:36.000Z</time>
        <extensions>
          <ns3:TrackPointExtension>
            <ns3:hr>134</ns3:hr>
            <ns3:cad>96</ns3:cad>
          </ns3:TrackPointExtension>
        </extensions>
      </trkpt>
      <trkpt lat="34.23336113803088665008544921875" lon="108.93774722702801227569580078125">
        <ele>405.79998779296875</ele>
        <time>2026-02-03T11:51:37.000Z</time>
        <extensions>
          <ns3:TrackPointExtension>
            <ns3:hr>134</ns3:hr>
            <ns3:cad>96</ns3:cad>
          </ns3:TrackPointExtension>
        </extensions>
      </trkpt>
      <trkpt lat="34.2333774827420711517333984375" lon="108.93777237273752689361572265625">
        <ele>406</ele>
        <time>2026-02-03T11:51:38.000Z</time>
        <extensions>
          <ns3:TrackPointExtension>
            <ns3:hr>134</ns3:hr>
            <ns3:cad>96</ns3:cad>
          </ns3:TrackPointExtension>
        </extensions>
      </trkpt>
      <trkpt lat="34.23339910805225372314453125" lon="108.93779450096189975738525390625">
        <ele>406</ele>
        <time>2026-02-03T11:51:39.000Z</time>
        <extensions>
          <ns3:TrackPointExtension>
            <ns3:hr>134</ns3:hr>
            <ns3:cad>96</ns3:cad>
          </ns3:TrackPointExtension>
        </extensions>
      </trkpt>
      <trkpt lat="34.233422242105007171630859375" lon="108.93781981430947780609130859375">
        <ele>405.79998779296875</ele>
        <time>2026-02-03T11:51:40.000Z</time>
        <extensions>
          <ns3:TrackPointExtension>
            <ns3:hr>134</ns3:hr>
            <ns3:cad>96</ns3:cad>
          </ns3:TrackPointExtension>
        </extensions>
      </trkpt>
      <trkpt lat="34.23343825154006481170654296875" lon="108.937843032181262969970703125">
        <ele>405.79998779296875</ele>
        <time>2026-02-03T11:51:41.000Z</time>
        <extensions>
          <ns3:TrackPointExtension>
            <ns3:hr>133</ns3:hr>
            <ns3:cad>96</ns3:cad>
          </ns3:TrackPointExtension>
        </extensions>
      </trkpt>
      <trkpt lat="34.23346138559281826019287109375" lon="108.93786088563501834869384765625">
        <ele>406</ele>
        <time>2026-02-03T11:51:42.000Z</time>
        <extensions>
          <ns3:TrackPointExtension>
            <ns3:hr>132</ns3:hr>
            <ns3:cad>96</ns3:cad>
          </ns3:TrackPointExtension>
        </extensions>
      </trkpt>
      <trkpt lat="34.23347999341785907745361328125" lon="108.9378794096410274505615234375">
        <ele>406</ele>
        <time>2026-02-03T11:51:43.000Z</time>
        <extensions>
          <ns3:TrackPointExtension>
            <ns3:hr>132</ns3:hr>
            <ns3:cad>95</ns3:cad>
          </ns3:TrackPointExtension>
        </extensions>
      </trkpt>
      <trkpt lat="34.23350413329899311065673828125" lon="108.93789256922900676727294921875">
        <ele>406</ele>
        <time>2026-02-03T11:51:44.000Z</time>
        <extensions>
          <ns3:TrackPointExtension>
            <ns3:hr>132</ns3:hr>
            <ns3:cad>95</ns3:cad>
          </ns3:TrackPointExtension>
        </extensions>
      </trkpt>
      <trkpt lat="34.2335256747901439666748046875" lon="108.93790598027408123016357421875">
        <ele>406</ele>
        <time>2026-02-03T11:51:45.000Z</time>
        <extensions>
          <ns3:TrackPointExtension>
            <ns3:hr>132</ns3:hr>
            <ns3:cad>95</ns3:cad>
          </ns3:TrackPointExtension>
        </extensions>
      </trkpt>
      <trkpt lat="34.233548305928707122802734375" lon="108.9379199780523777008056640625">
        <ele>406</ele>
        <time>2026-02-03T11:51:46.000Z</time>
        <extensions>
          <ns3:TrackPointExtension>
            <ns3:hr>132</ns3:hr>
            <ns3:cad>95</ns3:cad>
          </ns3:TrackPointExtension>
        </extensions>
      </trkpt>
      <trkpt lat="34.2335773073136806488037109375" lon="108.9379253424704074859619140625">
        <ele>406</ele>
        <time>2026-02-03T11:51:47.000Z</time>
        <extensions>
          <ns3:TrackPointExtension>
            <ns3:hr>131</ns3:hr>
            <ns3:cad>95</ns3:cad>
          </ns3:TrackPointExtension>
        </extensions>
      </trkpt>
      <trkpt lat="34.23359985463321208953857421875" lon="108.93792794086039066314697265625">
        <ele>406</ele>
        <time>2026-02-03T11:51:48.000Z</time>
        <extensions>
          <ns3:TrackPointExtension>
            <ns3:hr>132</ns3:hr>
            <ns3:cad>94</ns3:cad>
          </ns3:TrackPointExtension>
        </extensions>
      </trkpt>
      <trkpt lat="34.23362600617110729217529296875" lon="108.93792592920362949371337890625">
        <ele>406</ele>
        <time>2026-02-03T11:51:49.000Z</time>
        <extensions>
          <ns3:TrackPointExtension>
            <ns3:hr>132</ns3:hr>
            <ns3:cad>94</ns3:cad>
          </ns3:TrackPointExtension>
        </extensions>
      </trkpt>
      <trkpt lat="34.23365098424255847930908203125" lon="108.93792785704135894775390625">
        <ele>406</ele>
        <time>2026-02-03T11:51:50.000Z</time>
        <extensions>
          <ns3:TrackPointExtension>
            <ns3:hr>131</ns3:hr>
            <ns3:cad>94</ns3:cad>
          </ns3:TrackPointExtension>
        </extensions>
      </trkpt>
      <trkpt lat="34.23367680050432682037353515625" lon="108.9379226602613925933837890625">
        <ele>406</ele>
        <time>2026-02-03T11:51:51.000Z</time>
        <extensions>
          <ns3:TrackPointExtension>
            <ns3:hr>132</ns3:hr>
            <ns3:cad>94</ns3:cad>
          </ns3:TrackPointExtension>
        </extensions>
      </trkpt>
      <trkpt lat="34.23370764590799808502197265625" lon="108.93791989423334598541259765625">
        <ele>406</ele>
        <time>2026-02-03T11:51:52.000Z</time>
        <extensions>
          <ns3:TrackPointExtension>
            <ns3:hr>132</ns3:hr>
            <ns3:cad>95</ns3:cad>
          </ns3:TrackPointExtension>
        </extensions>
      </trkpt>
      <trkpt lat="34.2337318696081638336181640625" lon="108.93792240880429744720458984375">
        <ele>406</ele>
        <time>2026-02-03T11:51:53.000Z</time>
        <extensions>
          <ns3:TrackPointExtension>
            <ns3:hr>133</ns3:hr>
            <ns3:cad>95</ns3:cad>
          </ns3:TrackPointExtension>
        </extensions>
      </trkpt>
      <trkpt lat="34.2337623797357082366943359375" lon="108.93791872076690196990966796875">
        <ele>406</ele>
        <time>2026-02-03T11:51:54.000Z</time>
        <extensions>
          <ns3:TrackPointExtension>
            <ns3:hr>134</ns3:hr>
            <ns3:cad>95</ns3:cad>
          </ns3:TrackPointExtension>
        </extensions>
      </trkpt>
      <trkpt lat="34.2337858490645885467529296875" lon="108.937916122376918792724609375">
        <ele>406</ele>
        <time>2026-02-03T11:51:55.000Z</time>
        <extensions>
          <ns3:TrackPointExtension>
            <ns3:hr>134</ns3:hr>
            <ns3:cad>96</ns3:cad>
          </ns3:TrackPointExtension>
        </extensions>
      </trkpt>
      <trkpt lat="34.23381258733570575714111328125" lon="108.9379132725298404693603515625">
        <ele>406</ele>
        <time>2026-02-03T11:51:56.000Z</time>
        <extensions>
          <ns3:TrackPointExtension>
            <ns3:hr>135</ns3:hr>
            <ns3:cad>96</ns3:cad>
          </ns3:TrackPointExtension>
        </extensions>
      </trkpt>
      <trkpt lat="34.23384142108261585235595703125" lon="108.9379102550446987152099609375">
        <ele>406</ele>
        <time>2026-02-03T11:51:57.000Z</time>
        <extensions>
          <ns3:TrackPointExtension>
            <ns3:hr>135</ns3:hr>
            <ns3:cad>96</ns3:cad>
          </ns3:TrackPointExtension>
        </extensions>
      </trkpt>
      <trkpt lat="34.23386438749730587005615234375" lon="108.93791302107274532318115234375">
        <ele>406</ele>
        <time>2026-02-03T11:51:58.000Z</time>
        <extensions>
          <ns3:TrackPointExtension>
            <ns3:hr>136</ns3:hr>
            <ns3:cad>96</ns3:cad>
          </ns3:TrackPointExtension>
        </extensions>
      </trkpt>
      <trkpt lat="34.23389590345323085784912109375" lon="108.93791050650179386138916015625">
        <ele>406</ele>
        <time>2026-02-03T11:51:59.000Z</time>
        <extensions>
          <ns3:TrackPointExtension>
            <ns3:hr>136</ns3:hr>
            <ns3:cad>96</ns3:cad>
          </ns3:TrackPointExtension>
        </extensions>
      </trkpt>
      <trkpt lat="34.2339202947914600372314453125" lon="108.93791151233017444610595703125">
        <ele>406</ele>
        <time>2026-02-03T11:52:00.000Z</time>
        <extensions>
          <ns3:TrackPointExtension>
            <ns3:hr>136</ns3:hr>
            <ns3:cad>96</ns3:cad>
          </ns3:TrackPointExtension>
        </extensions>
      </trkpt>
      <trkpt lat="34.23394686542451381683349609375" lon="108.9379084110260009765625">
        <ele>406</ele>
        <time>2026-02-03T11:52:01.000Z</time>
        <extensions>
          <ns3:TrackPointExtension>
            <ns3:hr>136</ns3:hr>
            <ns3:cad>96</ns3:cad>
          </ns3:TrackPointExtension>
        </extensions>
      </trkpt>
      <trkpt lat="34.23397419042885303497314453125" lon="108.93790371716022491455078125">
        <ele>406</ele>
        <time>2026-02-03T11:52:02.000Z</time>
        <extensions>
          <ns3:TrackPointExtension>
            <ns3:hr>136</ns3:hr>
            <ns3:cad>96</ns3:cad>
          </ns3:TrackPointExtension>
        </extensions>
      </trkpt>
      <trkpt lat="34.23399749211966991424560546875" lon="108.93790748901665210723876953125">
        <ele>406</ele>
        <time>2026-02-03T11:52:03.000Z</time>
        <extensions>
          <ns3:TrackPointExtension>
            <ns3:hr>136</ns3:hr>
            <ns3:cad>96</ns3:cad>
          </ns3:TrackPointExtension>
        </extensions>
      </trkpt>
      <trkpt lat="34.23402364365756511688232421875" lon="108.937902711331844329833984375">
        <ele>406</ele>
        <time>2026-02-03T11:52:04.000Z</time>
        <extensions>
          <ns3:TrackPointExtension>
            <ns3:hr>135</ns3:hr>
            <ns3:cad>96</ns3:cad>
          </ns3:TrackPointExtension>
        </extensions>
      </trkpt>
      <trkpt lat="34.23404996283352375030517578125" lon="108.937898017466068267822265625">
        <ele>406</ele>
        <time>2026-02-03T11:52:05.000Z</time>
        <extensions>
          <ns3:TrackPointExtension>
            <ns3:hr>135</ns3:hr>
            <ns3:cad>95</ns3:cad>
          </ns3:TrackPointExtension>
        </extensions>
      </trkpt>
      <trkpt lat="34.2340668104588985443115234375" lon="108.937905393540859222412109375">
        <ele>406</ele>
        <time>2026-02-03T11:52:06.000Z</time>
        <extensions>
          <ns3:TrackPointExtension>
            <ns3:hr>135</ns3:hr>
            <ns3:cad>95</ns3:cad>
          </ns3:TrackPointExtension>
        </extensions>
      </trkpt>
      <trkpt lat="34.2340958118438720703125" lon="108.93790849484503269195556640625">
        <ele>405.79998779296875</ele>
        <time>2026-02-03T11:52:07.000Z</time>
        <extensions>
          <ns3:TrackPointExtension>
            <ns3:hr>134</ns3:hr>
            <ns3:cad>96</ns3:cad>
          </ns3:TrackPointExtension>
        </extensions>
      </trkpt>
      <trkpt lat="34.234115593135356903076171875" lon="108.93791302107274532318115234375">
        <ele>405.79998779296875</ele>
        <time>2026-02-03T11:52:08.000Z</time>
        <extensions>
          <ns3:TrackPointExtension>
            <ns3:hr>132</ns3:hr>
            <ns3:cad>96</ns3:cad>
          </ns3:TrackPointExtension>
        </extensions>
      </trkpt>
      <trkpt lat="34.2341445945203304290771484375" lon="108.93790648318827152252197265625">
        <ele>405.79998779296875</ele>
        <time>2026-02-03T11:52:09.000Z</time>
        <extensions>
          <ns3:TrackPointExtension>
            <ns3:hr>131</ns3:hr>
            <ns3:cad>96</ns3:cad>
          </ns3:TrackPointExtension>
        </extensions>
      </trkpt>
      <trkpt lat="34.23417367972433567047119140625" lon="108.93790447153151035308837890625">
        <ele>405.79998779296875</ele>
        <time>2026-02-03T11:52:10.000Z</time>
        <extensions>
          <ns3:TrackPointExtension>
            <ns3:hr>130</ns3:hr>
            <ns3:cad>96</ns3:cad>
          </ns3:TrackPointExtension>
        </extensions>
      </trkpt>
      <trkpt lat="34.23419664613902568817138671875" lon="108.937900364398956298828125">
        <ele>405.79998779296875</ele>
        <time>2026-02-03T11:52:11.000Z</time>
        <extensions>
          <ns3:TrackPointExtension>
            <ns3:hr>130</ns3:hr>
            <ns3:cad>96</ns3:cad>
          </ns3:TrackPointExtension>
        </extensions>
      </trkpt>
      <trkpt lat="34.23422900028526782989501953125" lon="108.93789810128509998321533203125">
        <ele>405.79998779296875</ele>
        <time>2026-02-03T11:52:12.000Z</time>
        <extensions>
          <ns3:TrackPointExtension>
            <ns3:hr>130</ns3:hr>
            <ns3:cad>96</ns3:cad>
          </ns3:TrackPointExtension>
        </extensions>
      </trkpt>
      <trkpt lat="34.23425498418509960174560546875" lon="108.93790195696055889129638671875">
        <ele>405.79998779296875</ele>
        <time>2026-02-03T11:52:13.000Z</time>
        <extensions>
          <ns3:TrackPointExtension>
            <ns3:hr>130</ns3:hr>
            <ns3:cad>96</ns3:cad>
          </ns3:TrackPointExtension>
        </extensions>
      </trkpt>
      <trkpt lat="34.23428826034069061279296875" lon="108.93789474852383136749267578125">
        <ele>405.79998779296875</ele>
        <time>2026-02-03T11:52:14.000Z</time>
        <extensions>
          <ns3:TrackPointExtension>
            <ns3:hr>130</ns3:hr>
            <ns3:cad>95</ns3:cad>
          </ns3:TrackPointExtension>
        </extensions>
      </trkpt>
      <trkpt lat="34.23431231640279293060302734375" lon="108.937894999980926513671875">
        <ele>405.79998779296875</ele>
        <time>2026-02-03T11:52:15.000Z</time>
        <extensions>
          <ns3:TrackPointExtension>
            <ns3:hr>129</ns3:hr>
            <ns3:cad>95</ns3:cad>
          </ns3:TrackPointExtension>
        </extensions>
      </trkpt>
      <trkpt lat="34.23433519899845123291015625" lon="108.93789676018059253692626953125">
        <ele>405.79998779296875</ele>
        <time>2026-02-03T11:52:16.000Z</time>
        <extensions>
          <ns3:TrackPointExtension>
            <ns3:hr>129</ns3:hr>
            <ns3:cad>95</ns3:cad>
          </ns3:TrackPointExtension>
        </extensions>
      </trkpt>
      <trkpt lat="34.23436696641147136688232421875" lon="108.93789424560964107513427734375">
        <ele>405.79998779296875</ele>
        <time>2026-02-03T11:52:17.000Z</time>
        <extensions>
          <ns3:TrackPointExtension>
            <ns3:hr>128</ns3:hr>
            <ns3:cad>95</ns3:cad>
          </ns3:TrackPointExtension>
        </extensions>
      </trkpt>
      <trkpt lat="34.2343880049884319305419921875" lon="108.937900699675083160400390625">
        <ele>405.79998779296875</ele>
        <time>2026-02-03T11:52:18.000Z</time>
        <extensions>
          <ns3:TrackPointExtension>
            <ns3:hr>128</ns3:hr>
            <ns3:cad>95</ns3:cad>
          </ns3:TrackPointExtension>
        </extensions>
      </trkpt>
      <trkpt lat="34.2344232089817523956298828125" lon="108.9378944970667362213134765625">
        <ele>406</ele>
        <time>2026-02-03T11:52:19.000Z</time>
        <extensions>
          <ns3:TrackPointExtension>
            <ns3:hr>128</ns3:hr>
            <ns3:cad>95</ns3:cad>
          </ns3:TrackPointExtension>
        </extensions>
      </trkpt>
      <trkpt lat="34.23444994725286960601806640625" lon="108.9378981851041316986083984375">
        <ele>406</ele>
        <time>2026-02-03T11:52:20.000Z</time>
        <extensions>
          <ns3:TrackPointExtension>
            <ns3:hr>128</ns3:hr>
            <ns3:cad>96</ns3:cad>
          </ns3:TrackPointExtension>
        </extensions>
      </trkpt>
      <trkpt lat="34.234479703009128570556640625" lon="108.93789692781865596771240234375">
        <ele>406</ele>
        <time>2026-02-03T11:52:21.000Z</time>
        <extensions>
          <ns3:TrackPointExtension>
            <ns3:hr>128</ns3:hr>
            <ns3:cad>96</ns3:cad>
          </ns3:TrackPointExtension>
        </extensions>
      </trkpt>
      <trkpt lat="34.23450828529894351959228515625" lon="108.93788720481097698211669921875">
        <ele>406</ele>
        <time>2026-02-03T11:52:22.000Z</time>
        <extensions>
          <ns3:TrackPointExtension>
            <ns3:hr>129</ns3:hr>
            <ns3:cad>96</ns3:cad>
          </ns3:TrackPointExtension>
        </extensions>
      </trkpt>
      <trkpt lat="34.2345316708087921142578125" lon="108.937884271144866943359375">
        <ele>406</ele>
        <time>2026-02-03T11:52:23.000Z</time>
        <extensions>
          <ns3:TrackPointExtension>
            <ns3:hr>128</ns3:hr>
            <ns3:cad>96</ns3:cad>
          </ns3:TrackPointExtension>
        </extensions>
      </trkpt>
      <trkpt lat="34.23456276766955852508544921875" lon="108.93786775879561901092529296875">
        <ele>405.79998779296875</ele>
        <time>2026-02-03T11:52:24.000Z</time>
        <extensions>
          <ns3:TrackPointExtension>
            <ns3:hr>128</ns3:hr>
            <ns3:cad>95</ns3:cad>
          </ns3:TrackPointExtension>
        </extensions>
      </trkpt>
      <trkpt lat="34.23458606936037540435791015625" lon="108.93785770051181316375732421875">
        <ele>405.79998779296875</ele>
        <time>2026-02-03T11:52:25.000Z</time>
        <extensions>
          <ns3:TrackPointExtension>
            <ns3:hr>128</ns3:hr>
            <ns3:cad>95</ns3:cad>
          </ns3:TrackPointExtension>
        </extensions>
      </trkpt>
      <trkpt lat="34.23460735939443111419677734375" lon="108.937839008867740631103515625">
        <ele>405.79998779296875</ele>
        <time>2026-02-03T11:52:26.000Z</time>
        <extensions>
          <ns3:TrackPointExtension>
            <ns3:hr>129</ns3:hr>
            <ns3:cad>95</ns3:cad>
          </ns3:TrackPointExtension>
        </extensions>
      </trkpt>
      <trkpt lat="34.23463284038007259368896484375" lon="108.93781612627208232879638671875">
        <ele>405.79998779296875</ele>
        <time>2026-02-03T11:52:27.000Z</time>
        <extensions>
          <ns3:TrackPointExtension>
            <ns3:hr>128</ns3:hr>
            <ns3:cad>94</ns3:cad>
          </ns3:TrackPointExtension>
        </extensions>
      </trkpt>
      <trkpt lat="34.23465438187122344970703125" lon="108.93779969774186611175537109375">
        <ele>405.79998779296875</ele>
        <time>2026-02-03T11:52:28.000Z</time>
        <extensions>
          <ns3:TrackPointExtension>
            <ns3:hr>128</ns3:hr>
            <ns3:cad>94</ns3:cad>
          </ns3:TrackPointExtension>
        </extensions>
      </trkpt>
      <trkpt lat="34.23467759974300861358642578125" lon="108.9377704448997974395751953125">
        <ele>405.79998779296875</ele>
        <time>2026-02-03T11:52:29.000Z</time>
        <extensions>
          <ns3:TrackPointExtension>
            <ns3:hr>128</ns3:hr>
            <ns3:cad>95</ns3:cad>
          </ns3:TrackPointExtension>
        </extensions>
      </trkpt>
      <trkpt lat="34.23469721339643001556396484375" lon="108.9377461373805999755859375">
        <ele>405.79998779296875</ele>
        <time>2026-02-03T11:52:30.000Z</time>
        <extensions>
          <ns3:TrackPointExtension>
            <ns3:hr>128</ns3:hr>
            <ns3:cad>95</ns3:cad>
          </ns3:TrackPointExtension>
        </extensions>
      </trkpt>
      <trkpt lat="34.23471012152731418609619140625" lon="108.9377218298614025115966796875">
        <ele>405.79998779296875</ele>
        <time>2026-02-03T11:52:31.000Z</time>
        <extensions>
          <ns3:TrackPointExtension>
            <ns3:hr>128</ns3:hr>
            <ns3:cad>96</ns3:cad>
          </ns3:TrackPointExtension>
        </extensions>
      </trkpt>
      <trkpt lat="34.2347296513617038726806640625" lon="108.93768469803035259246826171875">
        <ele>405.79998779296875</ele>
        <time>2026-02-03T11:52:32.000Z</time>
        <extensions>
          <ns3:TrackPointExtension>
            <ns3:hr>128</ns3:hr>
            <ns3:cad>97</ns3:cad>
          </ns3:TrackPointExtension>
        </extensions>
      </trkpt>
      <trkpt lat="34.2347462475299835205078125" lon="108.9376618154346942901611328125">
        <ele>405.79998779296875</ele>
        <time>2026-02-03T11:52:33.000Z</time>
        <extensions>
          <ns3:TrackPointExtension>
            <ns3:hr>128</ns3:hr>
            <ns3:cad>97</ns3:cad>
          </ns3:TrackPointExtension>
        </extensions>
      </trkpt>
      <trkpt lat="34.23475898802280426025390625" lon="108.93762602470815181732177734375">
        <ele>405.79998779296875</ele>
        <time>2026-02-03T11:52:34.000Z</time>
        <extensions>
          <ns3:TrackPointExtension>
            <ns3:hr>127</ns3:hr>
            <ns3:cad>97</ns3:cad>
          </ns3:TrackPointExtension>
        </extensions>
      </trkpt>
      <trkpt lat="34.23476929776370525360107421875" lon="108.93759258091449737548828125">
        <ele>405.79998779296875</ele>
        <time>2026-02-03T11:52:35.000Z</time>
        <extensions>
          <ns3:TrackPointExtension>
            <ns3:hr>127</ns3:hr>
            <ns3:cad>97</ns3:cad>
          </ns3:TrackPointExtension>
        </extensions>
      </trkpt>
      <trkpt lat="34.2347715608775615692138671875" lon="108.9375672675669193267822265625">
        <ele>405.79998779296875</ele>
        <time>2026-02-03T11:52:36.000Z</time>
        <extensions>
          <ns3:TrackPointExtension>
            <ns3:hr>127</ns3:hr>
            <ns3:cad>97</ns3:cad>
          </ns3:TrackPointExtension>
        </extensions>
      </trkpt>
      <trkpt lat="34.2347718961536884307861328125" lon="108.937529213726520538330078125">
        <ele>405.79998779296875</ele>
        <time>2026-02-03T11:52:37.000Z</time>
        <extensions>
          <ns3:TrackPointExtension>
            <ns3:hr>126</ns3:hr>
            <ns3:cad>96</ns3:cad>
          </ns3:TrackPointExtension>
        </extensions>
      </trkpt>
      <trkpt lat="34.234776757657527923583984375" lon="108.93750180490314960479736328125">
        <ele>405.79998779296875</ele>
        <time>2026-02-03T11:52:38.000Z</time>
        <extensions>
          <ns3:TrackPointExtension>
            <ns3:hr>126</ns3:hr>
            <ns3:cad>95</ns3:cad>
          </ns3:TrackPointExtension>
        </extensions>
      </trkpt>
      <trkpt lat="34.23477533273398876190185546875" lon="108.9374690316617488861083984375">
        <ele>405.79998779296875</ele>
        <time>2026-02-03T11:52:39.000Z</time>
        <extensions>
          <ns3:TrackPointExtension>
            <ns3:hr>126</ns3:hr>
            <ns3:cad>96</ns3:cad>
          </ns3:TrackPointExtension>
        </extensions>
      </trkpt>
      <trkpt lat="34.23477466218173503875732421875" lon="108.9374403655529022216796875">
        <ele>405.79998779296875</ele>
        <time>2026-02-03T11:52:40.000Z</time>
        <extensions>
          <ns3:TrackPointExtension>
            <ns3:hr>126</ns3:hr>
            <ns3:cad>97</ns3:cad>
          </ns3:TrackPointExtension>
        </extensions>
      </trkpt>
      <trkpt lat="34.2347757518291473388671875" lon="108.9374113641679286956787109375">
        <ele>405.79998779296875</ele>
        <time>2026-02-03T11:52:41.000Z</time>
        <extensions>
          <ns3:TrackPointExtension>
            <ns3:hr>126</ns3:hr>
            <ns3:cad>97</ns3:cad>
          </ns3:TrackPointExtension>
        </extensions>
      </trkpt>
      <trkpt lat="34.234766028821468353271484375" lon="108.937373645603656768798828125">
        <ele>405.79998779296875</ele>
        <time>2026-02-03T11:52:42.000Z</time>
        <extensions>
          <ns3:TrackPointExtension>
            <ns3:hr>126</ns3:hr>
            <ns3:cad>97</ns3:cad>
          </ns3:TrackPointExtension>
        </extensions>
      </trkpt>
      <trkpt lat="34.23476175405085086822509765625" lon="108.93734623678028583526611328125">
        <ele>405.79998779296875</ele>
        <time>2026-02-03T11:52:43.000Z</time>
        <extensions>
          <ns3:TrackPointExtension>
            <ns3:hr>126</ns3:hr>
            <ns3:cad>97</ns3:cad>
          </ns3:TrackPointExtension>
        </extensions>
      </trkpt>
      <trkpt lat="34.2347460798919200897216796875" lon="108.93731170333921909332275390625">
        <ele>405.79998779296875</ele>
        <time>2026-02-03T11:52:44.000Z</time>
        <extensions>
          <ns3:TrackPointExtension>
            <ns3:hr>126</ns3:hr>
            <ns3:cad>96</ns3:cad>
          </ns3:TrackPointExtension>
        </extensions>
      </trkpt>
      <trkpt lat="34.23473074100911617279052734375" lon="108.93727867864072322845458984375">
        <ele>405.79998779296875</ele>
        <time>2026-02-03T11:52:45.000Z</time>
        <extensions>
          <ns3:TrackPointExtension>
            <ns3:hr>126</ns3:hr>
            <ns3:cad>96</ns3:cad>
          </ns3:TrackPointExtension>
        </extensions>
      </trkpt>
      <trkpt lat="34.2347167432308197021484375" lon="108.9372524432837963104248046875">
        <ele>405.79998779296875</ele>
        <time>2026-02-03T11:52:46.000Z</time>
        <extensions>
          <ns3:TrackPointExtension>
            <ns3:hr>126</ns3:hr>
            <ns3:cad>96</ns3:cad>
          </ns3:TrackPointExtension>
        </extensions>
      </trkpt>
      <trkpt lat="34.23469553701579570770263671875" lon="108.93721648491919040679931640625">
        <ele>405.79998779296875</ele>
        <time>2026-02-03T11:52:47.000Z</time>
        <extensions>
          <ns3:TrackPointExtension>
            <ns3:hr>126</ns3:hr>
            <ns3:cad>96</ns3:cad>
          </ns3:TrackPointExtension>
        </extensions>
      </trkpt>
      <trkpt lat="34.23468329943716526031494140625" lon="108.93719066865742206573486328125">
        <ele>405.79998779296875</ele>
        <time>2026-02-03T11:52:48.000Z</time>
        <extensions>
          <ns3:TrackPointExtension>
            <ns3:hr>126</ns3:hr>
            <ns3:cad>96</ns3:cad>
          </ns3:TrackPointExtension>
        </extensions>
      </trkpt>
      <trkpt lat="34.23465614207088947296142578125" lon="108.937163762748241424560546875">
        <ele>405.79998779296875</ele>
        <time>2026-02-03T11:52:49.000Z</time>
        <extensions>
          <ns3:TrackPointExtension>
            <ns3:hr>126</ns3:hr>
            <ns3:cad>96</ns3:cad>
          </ns3:TrackPointExtension>
        </extensions>
      </trkpt>
      <trkpt lat="34.23463636077940464019775390625" lon="108.9371397905051708221435546875">
        <ele>405.79998779296875</ele>
        <time>2026-02-03T11:52:50.000Z</time>
        <extensions>
          <ns3:TrackPointExtension>
            <ns3:hr>125</ns3:hr>
            <ns3:cad>96</ns3:cad>
          </ns3:TrackPointExtension>
        </extensions>
      </trkpt>
      <trkpt lat="34.23461339436471462249755859375" lon="108.93711707554757595062255859375">
        <ele>405.79998779296875</ele>
        <time>2026-02-03T11:52:51.000Z</time>
        <extensions>
          <ns3:TrackPointExtension>
            <ns3:hr>126</ns3:hr>
            <ns3:cad>96</ns3:cad>
          </ns3:TrackPointExtension>
        </extensions>
      </trkpt>
      <trkpt lat="34.23458196222782135009765625" lon="108.9370975457131862640380859375">
        <ele>405.600006103515625</ele>
        <time>2026-02-03T11:52:52.000Z</time>
        <extensions>
          <ns3:TrackPointExtension>
            <ns3:hr>126</ns3:hr>
            <ns3:cad>96</ns3:cad>
          </ns3:TrackPointExtension>
        </extensions>
      </trkpt>
      <trkpt lat="34.23455941490828990936279296875" lon="108.93707818351686000823974609375">
        <ele>405.600006103515625</ele>
        <time>2026-02-03T11:52:53.000Z</time>
        <extensions>
          <ns3:TrackPointExtension>
            <ns3:hr>126</ns3:hr>
            <ns3:cad>96</ns3:cad>
          </ns3:TrackPointExtension>
        </extensions>
      </trkpt>
      <trkpt lat="34.23452571965754032135009765625" lon="108.9370640181005001068115234375">
        <ele>405.600006103515625</ele>
        <time>2026-02-03T11:52:54.000Z</time>
        <extensions>
          <ns3:TrackPointExtension>
            <ns3:hr>126</ns3:hr>
            <ns3:cad>96</ns3:cad>
          </ns3:TrackPointExtension>
        </extensions>
      </trkpt>
      <trkpt lat="34.23450241796672344207763671875" lon="108.937049768865108489990234375">
        <ele>405.600006103515625</ele>
        <time>2026-02-03T11:52:55.000Z</time>
        <extensions>
          <ns3:TrackPointExtension>
            <ns3:hr>126</ns3:hr>
            <ns3:cad>96</ns3:cad>
          </ns3:TrackPointExtension>
        </extensions>
      </trkpt>
      <trkpt lat="34.23447576351463794708251953125" lon="108.9370395429432392120361328125">
        <ele>405.600006103515625</ele>
        <time>2026-02-03T11:52:56.000Z</time>
        <extensions>
          <ns3:TrackPointExtension>
            <ns3:hr>126</ns3:hr>
            <ns3:cad>96</ns3:cad>
          </ns3:TrackPointExtension>
        </extensions>
      </trkpt>
      <trkpt lat="34.23444575630128383636474609375" lon="108.937036357820034027099609375">
        <ele>405.79998779296875</ele>
        <time>2026-02-03T11:52:57.000Z</time>
        <extensions>
          <ns3:TrackPointExtension>
            <ns3:hr>126</ns3:hr>
            <ns3:cad>96</ns3:cad>
          </ns3:TrackPointExtension>
        </extensions>
      </trkpt>
      <trkpt lat="34.2344243824481964111328125" lon="108.9370278082787990570068359375">
        <ele>405.79998779296875</ele>
        <time>2026-02-03T11:52:58.000Z</time>
        <extensions>
          <ns3:TrackPointExtension>
            <ns3:hr>126</ns3:hr>
            <ns3:cad>96</ns3:cad>
          </ns3:TrackPointExtension>
        </extensions>
      </trkpt>
      <trkpt lat="34.2343890108168125152587890625" lon="108.93702621571719646453857421875">
        <ele>405.79998779296875</ele>
        <time>2026-02-03T11:52:59.000Z</time>
        <extensions>
          <ns3:TrackPointExtension>
            <ns3:hr>127</ns3:hr>
            <ns3:cad>96</ns3:cad>
          </ns3:TrackPointExtension>
        </extensions>
      </trkpt>
      <trkpt lat="34.23436545766890048980712890625" lon="108.9370224438607692718505859375">
        <ele>405.79998779296875</ele>
        <time>2026-02-03T11:53:00.000Z</time>
        <extensions>
          <ns3:TrackPointExtension>
            <ns3:hr>127</ns3:hr>
            <ns3:cad>96</ns3:cad>
          </ns3:TrackPointExtension>
        </extensions>
      </trkpt>
      <trkpt lat="34.23433662392199039459228515625" lon="108.93702772445976734161376953125">
        <ele>405.79998779296875</ele>
        <time>2026-02-03T11:53:01.000Z</time>
        <extensions>
          <ns3:TrackPointExtension>
            <ns3:hr>127</ns3:hr>
            <ns3:cad>95</ns3:cad>
          </ns3:TrackPointExtension>
        </extensions>
      </trkpt>
      <trkpt lat="34.23430929891765117645263671875" lon="108.9370301552116870880126953125">
        <ele>405.79998779296875</ele>
        <time>2026-02-03T11:53:02.000Z</time>
        <extensions>
          <ns3:TrackPointExtension>
            <ns3:hr>126</ns3:hr>
            <ns3:cad>95</ns3:cad>
          </ns3:TrackPointExtension>
        </extensions>
      </trkpt>
      <trkpt lat="34.23428314737975597381591796875" lon="108.93703090958297252655029296875">
        <ele>405.600006103515625</ele>
        <time>2026-02-03T11:53:03.000Z</time>
        <extensions>
          <ns3:TrackPointExtension>
            <ns3:hr>127</ns3:hr>
            <ns3:cad>95</ns3:cad>
          </ns3:TrackPointExtension>
        </extensions>
      </trkpt>
      <trkpt lat="34.23425146378576755523681640625" lon="108.93702873028814792633056640625">
        <ele>405.79998779296875</ele>
        <time>2026-02-03T11:53:04.000Z</time>
        <extensions>
          <ns3:TrackPointExtension>
            <ns3:hr>127</ns3:hr>
            <ns3:cad>95</ns3:cad>
          </ns3:TrackPointExtension>
        </extensions>
      </trkpt>
      <trkpt lat="34.234226234257221221923828125" lon="108.937024287879467010498046875">
        <ele>405.79998779296875</ele>
        <time>2026-02-03T11:53:05.000Z</time>
        <extensions>
          <ns3:TrackPointExtension>
            <ns3:hr>127</ns3:hr>
            <ns3:cad>96</ns3:cad>
          </ns3:TrackPointExtension>
        </extensions>
      </trkpt>
      <trkpt lat="34.23419765196740627288818359375" lon="108.9370286464691162109375">
        <ele>405.79998779296875</ele>
        <time>2026-02-03T11:53:06.000Z</time>
        <extensions>
          <ns3:TrackPointExtension>
            <ns3:hr>127</ns3:hr>
            <ns3:cad>96</ns3:cad>
          </ns3:TrackPointExtension>
        </extensions>
      </trkpt>
      <trkpt lat="34.23416596837341785430908203125" lon="108.93703241832554340362548828125">
        <ele>405.79998779296875</ele>
        <time>2026-02-03T11:53:07.000Z</time>
        <extensions>
          <ns3:TrackPointExtension>
            <ns3:hr>127</ns3:hr>
            <ns3:cad>95</ns3:cad>
          </ns3:TrackPointExtension>
        </extensions>
      </trkpt>
      <trkpt lat="34.23414199613034725189208984375" lon="108.93703141249716281890869140625">
        <ele>405.79998779296875</ele>
        <time>2026-02-03T11:53:08.000Z</time>
        <extensions>
          <ns3:TrackPointExtension>
            <ns3:hr>127</ns3:hr>
            <ns3:cad>95</ns3:cad>
          </ns3:TrackPointExtension>
        </extensions>
      </trkpt>
      <trkpt lat="34.23411031253635883331298828125" lon="108.93703862093389034271240234375">
        <ele>405.79998779296875</ele>
        <time>2026-02-03T11:53:09.000Z</time>
        <extensions>
          <ns3:TrackPointExtension>
            <ns3:hr>126</ns3:hr>
            <ns3:cad>95</ns3:cad>
          </ns3:TrackPointExtension>
        </extensions>
      </trkpt>
      <trkpt lat="34.2340842448174953460693359375" lon="108.93703761510550975799560546875">
        <ele>405.79998779296875</ele>
        <time>2026-02-03T11:53:10.000Z</time>
        <extensions>
          <ns3:TrackPointExtension>
            <ns3:hr>127</ns3:hr>
            <ns3:cad>95</ns3:cad>
          </ns3:TrackPointExtension>
        </extensions>
      </trkpt>
      <trkpt lat="34.23405566252768039703369140625" lon="108.9370388723909854888916015625">
        <ele>405.79998779296875</ele>
        <time>2026-02-03T11:53:11.000Z</time>
        <extensions>
          <ns3:TrackPointExtension>
            <ns3:hr>127</ns3:hr>
            <ns3:cad>97</ns3:cad>
          </ns3:TrackPointExtension>
        </extensions>
      </trkpt>
      <trkpt lat="34.23402397893369197845458984375" lon="108.93704147078096866607666015625">
        <ele>405.79998779296875</ele>
        <time>2026-02-03T11:53:12.000Z</time>
        <extensions>
          <ns3:TrackPointExtension>
            <ns3:hr>126</ns3:hr>
            <ns3:cad>98</ns3:cad>
          </ns3:TrackPointExtension>
        </extensions>
      </trkpt>
      <trkpt lat="34.2339994199573993682861328125" lon="108.93703459762036800384521484375">
        <ele>405.79998779296875</ele>
        <time>2026-02-03T11:53:13.000Z</time>
        <extensions>
          <ns3:TrackPointExtension>
            <ns3:hr>127</ns3:hr>
            <ns3:cad>98</ns3:cad>
          </ns3:TrackPointExtension>
        </extensions>
      </trkpt>
      <trkpt lat="34.23396983183920383453369140625" lon="108.9370395429432392120361328125">
        <ele>405.79998779296875</ele>
        <time>2026-02-03T11:53:14.000Z</time>
        <extensions>
          <ns3:TrackPointExtension>
            <ns3:hr>127</ns3:hr>
            <ns3:cad>98</ns3:cad>
          </ns3:TrackPointExtension>
        </extensions>
      </trkpt>
      <trkpt lat="34.23394619487226009368896484375" lon="108.93703912384808063507080078125">
        <ele>405.79998779296875</ele>
        <time>2026-02-03T11:53:15.000Z</time>
        <extensions>
          <ns3:TrackPointExtension>
            <ns3:hr>127</ns3:hr>
            <ns3:cad>98</ns3:cad>
          </ns3:TrackPointExtension>
        </extensions>
      </trkpt>
      <trkpt lat="34.23392104916274547576904296875" lon="108.9370402134954929351806640625">
        <ele>405.600006103515625</ele>
        <time>2026-02-03T11:53:16.000Z</time>
        <extensions>
          <ns3:TrackPointExtension>
            <ns3:hr>127</ns3:hr>
            <ns3:cad>98</ns3:cad>
          </ns3:TrackPointExtension>
        </extensions>
      </trkpt>
      <trkpt lat="34.23389137722551822662353515625" lon="108.93704314716160297393798828125">
        <ele>405.600006103515625</ele>
        <time>2026-02-03T11:53:17.000Z</time>
        <extensions>
          <ns3:TrackPointExtension>
            <ns3:hr>126</ns3:hr>
            <ns3:cad>97</ns3:cad>
          </ns3:TrackPointExtension>
        </extensions>
      </trkpt>
      <trkpt lat="34.23386849462985992431640625" lon="108.93704130314290523529052734375">
        <ele>405.600006103515625</ele>
        <time>2026-02-03T11:53:18.000Z</time>
        <extensions>
          <ns3:TrackPointExtension>
            <ns3:hr>126</ns3:hr>
            <ns3:cad>96</ns3:cad>
          </ns3:TrackPointExtension>
        </extensions>
      </trkpt>
      <trkpt lat="34.23383790068328380584716796875" lon="108.93704834394156932830810546875">
        <ele>405.600006103515625</ele>
        <time>2026-02-03T11:53:19.000Z</time>
        <extensions>
          <ns3:TrackPointExtension>
            <ns3:hr>126</ns3:hr>
            <ns3:cad>95</ns3:cad>
          </ns3:TrackPointExtension>
        </extensions>
      </trkpt>
      <trkpt lat="34.23381610773503780364990234375" lon="108.9370479248464107513427734375">
        <ele>405.600006103515625</ele>
        <time>2026-02-03T11:53:20.000Z</time>
        <extensions>
          <ns3:TrackPointExtension>
            <ns3:hr>126</ns3:hr>
            <ns3:cad>95</ns3:cad>
          </ns3:TrackPointExtension>
        </extensions>
      </trkpt>
      <trkpt lat="34.23379071056842803955078125" lon="108.937048427760601043701171875">
        <ele>405.600006103515625</ele>
        <time>2026-02-03T11:53:21.000Z</time>
        <extensions>
          <ns3:TrackPointExtension>
            <ns3:hr>126</ns3:hr>
            <ns3:cad>97</ns3:cad>
          </ns3:TrackPointExtension>
        </extensions>
      </trkpt>
      <trkpt lat="34.23376179300248622894287109375" lon="108.9370485953986644744873046875">
        <ele>405.600006103515625</ele>
        <time>2026-02-03T11:53:22.000Z</time>
        <extensions>
          <ns3:TrackPointExtension>
            <ns3:hr>126</ns3:hr>
            <ns3:cad>97</ns3:cad>
          </ns3:TrackPointExtension>
        </extensions>
      </trkpt>
      <trkpt lat="34.23373974859714508056640625" lon="108.93704499118030071258544921875">
        <ele>405.600006103515625</ele>
        <time>2026-02-03T11:53:23.000Z</time>
        <extensions>
          <ns3:TrackPointExtension>
            <ns3:hr>126</ns3:hr>
            <ns3:cad>97</ns3:cad>
          </ns3:TrackPointExtension>
        </extensions>
      </trkpt>
      <trkpt lat="34.23371049575507640838623046875" lon="108.93704733811318874359130859375">
        <ele>405.600006103515625</ele>
        <time>2026-02-03T11:53:24.000Z</time>
        <extensions>
          <ns3:TrackPointExtension>
            <ns3:hr>125</ns3:hr>
            <ns3:cad>96</ns3:cad>
          </ns3:TrackPointExtension>
        </extensions>
      </trkpt>
      <trkpt lat="34.23368275165557861328125" lon="108.937047421932220458984375">
        <ele>405.600006103515625</ele>
        <time>2026-02-03T11:53:25.000Z</time>
        <extensions>
          <ns3:TrackPointExtension>
            <ns3:hr>125</ns3:hr>
            <ns3:cad>96</ns3:cad>
          </ns3:TrackPointExtension>
        </extensions>
      </trkpt>
      <trkpt lat="34.23366171307861804962158203125" lon="108.93705354072153568267822265625">
        <ele>405.600006103515625</ele>
        <time>2026-02-03T11:53:26.000Z</time>
        <extensions>
          <ns3:TrackPointExtension>
            <ns3:hr>124</ns3:hr>
            <ns3:cad>96</ns3:cad>
          </ns3:TrackPointExtension>
        </extensions>
      </trkpt>
      <trkpt lat="34.23362835310399532318115234375" lon="108.93706150352954864501953125">
        <ele>405.600006103515625</ele>
        <time>2026-02-03T11:53:27.000Z</time>
        <extensions>
          <ns3:TrackPointExtension>
            <ns3:hr>123</ns3:hr>
            <ns3:cad>97</ns3:cad>
          </ns3:TrackPointExtension>
        </extensions>
      </trkpt>
      <trkpt lat="34.23360572196543216705322265625" lon="108.93705957569181919097900390625">
        <ele>405.79998779296875</ele>
        <time>2026-02-03T11:53:28.000Z</time>
        <extensions>
          <ns3:TrackPointExtension>
            <ns3:hr>123</ns3:hr>
            <ns3:cad>97</ns3:cad>
          </ns3:TrackPointExtension>
        </extensions>
      </trkpt>
      <trkpt lat="34.23357957042753696441650390625" lon="108.93706343136727809906005859375">
        <ele>405.79998779296875</ele>
        <time>2026-02-03T11:53:29.000Z</time>
        <extensions>
          <ns3:TrackPointExtension>
            <ns3:hr>122</ns3:hr>
            <ns3:cad>97</ns3:cad>
          </ns3:TrackPointExtension>
        </extensions>
      </trkpt>
      <trkpt lat="34.23355341888964176177978515625" lon="108.937068879604339599609375">
        <ele>405.79998779296875</ele>
        <time>2026-02-03T11:53:30.000Z</time>
        <extensions>
          <ns3:TrackPointExtension>
            <ns3:hr>122</ns3:hr>
            <ns3:cad>97</ns3:cad>
          </ns3:TrackPointExtension>
        </extensions>
      </trkpt>
      <trkpt lat="34.2335290275514125823974609375" lon="108.93706896342337131500244140625">
        <ele>405.79998779296875</ele>
        <time>2026-02-03T11:53:31.000Z</time>
        <extensions>
          <ns3:TrackPointExtension>
            <ns3:hr>122</ns3:hr>
            <ns3:cad>96</ns3:cad>
          </ns3:TrackPointExtension>
        </extensions>
      </trkpt>
      <trkpt lat="34.23350044526159763336181640625" lon="108.93707751296460628509521484375">
        <ele>405.79998779296875</ele>
        <time>2026-02-03T11:53:32.000Z</time>
        <extensions>
          <ns3:TrackPointExtension>
            <ns3:hr>122</ns3:hr>
            <ns3:cad>96</ns3:cad>
          </ns3:TrackPointExtension>
        </extensions>
      </trkpt>
      <trkpt lat="34.2334747128188610076904296875" lon="108.93708505667746067047119140625">
        <ele>405.600006103515625</ele>
        <time>2026-02-03T11:53:33.000Z</time>
        <extensions>
          <ns3:TrackPointExtension>
            <ns3:hr>121</ns3:hr>
            <ns3:cad>97</ns3:cad>
          </ns3:TrackPointExtension>
        </extensions>
      </trkpt>
      <trkpt lat="34.2334520816802978515625" lon="108.93709863536059856414794921875">
        <ele>405.600006103515625</ele>
        <time>2026-02-03T11:53:34.000Z</time>
        <extensions>
          <ns3:TrackPointExtension>
            <ns3:hr>122</ns3:hr>
            <ns3:cad>97</ns3:cad>
          </ns3:TrackPointExtension>
        </extensions>
      </trkpt>
      <trkpt lat="34.23342450521886348724365234375" lon="108.9371203444898128509521484375">
        <ele>405.600006103515625</ele>
        <time>2026-02-03T11:53:35.000Z</time>
        <extensions>
          <ns3:TrackPointExtension>
            <ns3:hr>121</ns3:hr>
            <ns3:cad>97</ns3:cad>
          </ns3:TrackPointExtension>
        </extensions>
      </trkpt>
      <trkpt lat="34.23340539447963237762451171875" lon="108.93713660538196563720703125">
        <ele>405.600006103515625</ele>
        <time>2026-02-03T11:53:36.000Z</time>
        <extensions>
          <ns3:TrackPointExtension>
            <ns3:hr>121</ns3:hr>
            <ns3:cad>96</ns3:cad>
          </ns3:TrackPointExtension>
        </extensions>
      </trkpt>
      <trkpt lat="34.2333815060555934906005859375" lon="108.9371736533939838409423828125">
        <ele>405.600006103515625</ele>
        <time>2026-02-03T11:53:37.000Z</time>
        <extensions>
          <ns3:TrackPointExtension>
            <ns3:hr>121</ns3:hr>
            <ns3:cad>96</ns3:cad>
          </ns3:TrackPointExtension>
        </extensions>
      </trkpt>
      <trkpt lat="34.23336155712604522705078125" lon="108.937195278704166412353515625">
        <ele>405.600006103515625</ele>
        <time>2026-02-03T11:53:38.000Z</time>
        <extensions>
          <ns3:TrackPointExtension>
            <ns3:hr>121</ns3:hr>
            <ns3:cad>96</ns3:cad>
          </ns3:TrackPointExtension>
        </extensions>
      </trkpt>
      <trkpt lat="34.2333479784429073333740234375" lon="108.93722771666944026947021484375">
        <ele>405.600006103515625</ele>
        <time>2026-02-03T11:53:39.000Z</time>
        <extensions>
          <ns3:TrackPointExtension>
            <ns3:hr>121</ns3:hr>
            <ns3:cad>96</ns3:cad>
          </ns3:TrackPointExtension>
        </extensions>
      </trkpt>
      <trkpt lat="34.2333315499126911163330078125" lon="108.93726141192018985748291015625">
        <ele>405.600006103515625</ele>
        <time>2026-02-03T11:53:40.000Z</time>
        <extensions>
          <ns3:TrackPointExtension>
            <ns3:hr>121</ns3:hr>
            <ns3:cad>96</ns3:cad>
          </ns3:TrackPointExtension>
        </extensions>
      </trkpt>
      <trkpt lat="34.23331872560083866119384765625" lon="108.93728856928646564483642578125">
        <ele>405.600006103515625</ele>
        <time>2026-02-03T11:53:41.000Z</time>
        <extensions>
          <ns3:TrackPointExtension>
            <ns3:hr>120</ns3:hr>
            <ns3:cad>95</ns3:cad>
          </ns3:TrackPointExtension>
        </extensions>
      </trkpt>
      <trkpt lat="34.23330816440284252166748046875" lon="108.937332071363925933837890625">
        <ele>405.600006103515625</ele>
        <time>2026-02-03T11:53:42.000Z</time>
        <extensions>
          <ns3:TrackPointExtension>
            <ns3:hr>120</ns3:hr>
            <ns3:cad>95</ns3:cad>
          </ns3:TrackPointExtension>
        </extensions>
      </trkpt>
      <trkpt lat="34.23329860903322696685791015625" lon="108.937360905110836029052734375">
        <ele>405.600006103515625</ele>
        <time>2026-02-03T11:53:43.000Z</time>
        <extensions>
          <ns3:TrackPointExtension>
            <ns3:hr>120</ns3:hr>
            <ns3:cad>94</ns3:cad>
          </ns3:TrackPointExtension>
        </extensions>
      </trkpt>
      <trkpt lat="34.2332933284342288970947265625" lon="108.9374019764363765716552734375">
        <ele>405.600006103515625</ele>
        <time>2026-02-03T11:53:44.000Z</time>
        <extensions>
          <ns3:TrackPointExtension>
            <ns3:hr>121</ns3:hr>
            <ns3:cad>94</ns3:cad>
          </ns3:TrackPointExtension>
        </extensions>
      </trkpt>
      <trkpt lat="34.2332862876355648040771484375" lon="108.93743575550615787506103515625">
        <ele>405.600006103515625</ele>
        <time>2026-02-03T11:53:45.000Z</time>
        <extensions>
          <ns3:TrackPointExtension>
            <ns3:hr>121</ns3:hr>
            <ns3:cad>94</ns3:cad>
          </ns3:TrackPointExtension>
        </extensions>
      </trkpt>
      <trkpt lat="34.23328570090234279632568359375" lon="108.9374666847288608551025390625">
        <ele>405.600006103515625</ele>
        <time>2026-02-03T11:53:46.000Z</time>
        <extensions>
          <ns3:TrackPointExtension>
            <ns3:hr>121</ns3:hr>
            <ns3:cad>94</ns3:cad>
          </ns3:TrackPointExtension>
        </extensions>
      </trkpt>
      <trkpt lat="34.23328804783523082733154296875" lon="108.9375015534460544586181640625">
        <ele>405.600006103515625</ele>
        <time>2026-02-03T11:53:47.000Z</time>
        <extensions>
          <ns3:TrackPointExtension>
            <ns3:hr>121</ns3:hr>
            <ns3:cad>95</ns3:cad>
          </ns3:TrackPointExtension>
        </extensions>
      </trkpt>
      <trkpt lat="34.23328821547329425811767578125" lon="108.93752845935523509979248046875">
        <ele>405.399993896484375</ele>
        <time>2026-02-03T11:53:48.000Z</time>
        <extensions>
          <ns3:TrackPointExtension>
            <ns3:hr>122</ns3:hr>
            <ns3:cad>95</ns3:cad>
          </ns3:TrackPointExtension>
        </extensions>
      </trkpt>
      <trkpt lat="34.233296848833560943603515625" lon="108.93756768666207790374755859375">
        <ele>405.399993896484375</ele>
        <time>2026-02-03T11:53:49.000Z</time>
        <extensions>
          <ns3:TrackPointExtension>
            <ns3:hr>122</ns3:hr>
            <ns3:cad>95</ns3:cad>
          </ns3:TrackPointExtension>
        </extensions>
      </trkpt>
      <trkpt lat="34.23330028541386127471923828125" lon="108.9375981129705905914306640625">
        <ele>405.600006103515625</ele>
        <time>2026-02-03T11:53:50.000Z</time>
        <extensions>
          <ns3:TrackPointExtension>
            <ns3:hr>122</ns3:hr>
            <ns3:cad>95</ns3:cad>
          </ns3:TrackPointExtension>
        </extensions>
      </trkpt>
      <trkpt lat="34.23331084661185741424560546875" lon="108.93763273023068904876708984375">
        <ele>405.600006103515625</ele>
        <time>2026-02-03T11:53:51.000Z</time>
        <extensions>
          <ns3:TrackPointExtension>
            <ns3:hr>123</ns3:hr>
            <ns3:cad>95</ns3:cad>
          </ns3:TrackPointExtension>
        </extensions>
      </trkpt>
      <trkpt lat="34.2333238385617733001708984375" lon="108.937665335834026336669921875">
        <ele>405.600006103515625</ele>
        <time>2026-02-03T11:53:52.000Z</time>
        <extensions>
          <ns3:TrackPointExtension>
            <ns3:hr>123</ns3:hr>
            <ns3:cad>95</ns3:cad>
          </ns3:TrackPointExtension>
        </extensions>
      </trkpt>
      <trkpt lat="34.23333213664591312408447265625" lon="108.93769375048577785491943359375">
        <ele>405.600006103515625</ele>
        <time>2026-02-03T11:53:53.000Z</time>
        <extensions>
          <ns3:TrackPointExtension>
            <ns3:hr>123</ns3:hr>
            <ns3:cad>95</ns3:cad>
          </ns3:TrackPointExtension>
        </extensions>
      </trkpt>
      <trkpt lat="34.23335594125092029571533203125" lon="108.9377241767942905426025390625">
        <ele>405.600006103515625</ele>
        <time>2026-02-03T11:53:54.000Z</time>
        <extensions>
          <ns3:TrackPointExtension>
            <ns3:hr>124</ns3:hr>
            <ns3:cad>95</ns3:cad>
          </ns3:TrackPointExtension>
        </extensions>
      </trkpt>
      <trkpt lat="34.2333702743053436279296875" lon="108.9377503283321857452392578125">
        <ele>405.600006103515625</ele>
        <time>2026-02-03T11:53:55.000Z</time>
        <extensions>
          <ns3:TrackPointExtension>
            <ns3:hr>124</ns3:hr>
            <ns3:cad>96</ns3:cad>
          </ns3:TrackPointExtension>
        </extensions>
      </trkpt>
      <trkpt lat="34.23338863067328929901123046875" lon="108.9377768151462078094482421875">
        <ele>405.600006103515625</ele>
        <time>2026-02-03T11:53:56.000Z</time>
        <extensions>
          <ns3:TrackPointExtension>
            <ns3:hr>124</ns3:hr>
            <ns3:cad>96</ns3:cad>
          </ns3:TrackPointExtension>
        </extensions>
      </trkpt>
      <trkpt lat="34.2334056459367275238037109375" lon="108.937803804874420166015625">
        <ele>405.600006103515625</ele>
        <time>2026-02-03T11:53:57.000Z</time>
        <extensions>
          <ns3:TrackPointExtension>
            <ns3:hr>124</ns3:hr>
            <ns3:cad>96</ns3:cad>
          </ns3:TrackPointExtension>
        </extensions>
      </trkpt>
      <trkpt lat="34.23341981135308742523193359375" lon="108.9378247596323490142822265625">
        <ele>405.600006103515625</ele>
        <time>2026-02-03T11:53:58.000Z</time>
        <extensions>
          <ns3:TrackPointExtension>
            <ns3:hr>124</ns3:hr>
            <ns3:cad>96</ns3:cad>
          </ns3:TrackPointExtension>
        </extensions>
      </trkpt>
      <trkpt lat="34.23344529233872890472412109375" lon="108.93784462474286556243896484375">
        <ele>405.600006103515625</ele>
        <time>2026-02-03T11:53:59.000Z</time>
        <extensions>
          <ns3:TrackPointExtension>
            <ns3:hr>124</ns3:hr>
            <ns3:cad>97</ns3:cad>
          </ns3:TrackPointExtension>
        </extensions>
      </trkpt>
      <trkpt lat="34.23346658237278461456298828125" lon="108.93786189146339893341064453125">
        <ele>405.600006103515625</ele>
        <time>2026-02-03T11:54:00.000Z</time>
        <extensions>
          <ns3:TrackPointExtension>
            <ns3:hr>124</ns3:hr>
            <ns3:cad>96</ns3:cad>
          </ns3:TrackPointExtension>
        </extensions>
      </trkpt>
      <trkpt lat="34.23348519019782543182373046875" lon="108.9378760568797588348388671875">
        <ele>405.600006103515625</ele>
        <time>2026-02-03T11:54:01.000Z</time>
        <extensions>
          <ns3:TrackPointExtension>
            <ns3:hr>124</ns3:hr>
            <ns3:cad>96</ns3:cad>
          </ns3:TrackPointExtension>
        </extensions>
      </trkpt>
      <trkpt lat="34.233513772487640380859375" lon="108.93789189867675304412841796875">
        <ele>405.600006103515625</ele>
        <time>2026-02-03T11:54:02.000Z</time>
        <extensions>
          <ns3:TrackPointExtension>
            <ns3:hr>124</ns3:hr>
            <ns3:cad>96</ns3:cad>
          </ns3:TrackPointExtension>
        </extensions>
      </trkpt>
      <trkpt lat="34.233534894883632659912109375" lon="108.9379035495221614837646484375">
        <ele>405.600006103515625</ele>
        <time>2026-02-03T11:54:03.000Z</time>
        <extensions>
          <ns3:TrackPointExtension>
            <ns3:hr>124</ns3:hr>
            <ns3:cad>97</ns3:cad>
          </ns3:TrackPointExtension>
        </extensions>
      </trkpt>
      <trkpt lat="34.23356548883020877838134765625" lon="108.93790715374052524566650390625">
        <ele>405.600006103515625</ele>
        <time>2026-02-03T11:54:04.000Z</time>
        <extensions>
          <ns3:TrackPointExtension>
            <ns3:hr>124</ns3:hr>
            <ns3:cad>97</ns3:cad>
          </ns3:TrackPointExtension>
        </extensions>
      </trkpt>
      <trkpt lat="34.2335937358438968658447265625" lon="108.93791419453918933868408203125">
        <ele>405.600006103515625</ele>
        <time>2026-02-03T11:54:05.000Z</time>
        <extensions>
          <ns3:TrackPointExtension>
            <ns3:hr>124</ns3:hr>
            <ns3:cad>97</ns3:cad>
          </ns3:TrackPointExtension>
        </extensions>
      </trkpt>
      <trkpt lat="34.23362039029598236083984375" lon="108.93791310489177703857421875">
        <ele>405.600006103515625</ele>
        <time>2026-02-03T11:54:06.000Z</time>
        <extensions>
          <ns3:TrackPointExtension>
            <ns3:hr>124</ns3:hr>
            <ns3:cad>97</ns3:cad>
          </ns3:TrackPointExtension>
        </extensions>
      </trkpt>
      <trkpt lat="34.23365148715674877166748046875" lon="108.937911093235015869140625">
        <ele>405.399993896484375</ele>
        <time>2026-02-03T11:54:07.000Z</time>
        <extensions>
          <ns3:TrackPointExtension>
            <ns3:hr>123</ns3:hr>
            <ns3:cad>97</ns3:cad>
          </ns3:TrackPointExtension>
        </extensions>
      </trkpt>
      <trkpt lat="34.23367478884756565093994140625" lon="108.9379142783582210540771484375">
        <ele>405.600006103515625</ele>
        <time>2026-02-03T11:54:08.000Z</time>
        <extensions>
          <ns3:TrackPointExtension>
            <ns3:hr>124</ns3:hr>
            <ns3:cad>96</ns3:cad>
          </ns3:TrackPointExtension>
        </extensions>
      </trkpt>
      <trkpt lat="34.2337104119360446929931640625" lon="108.93790908157825469970703125">
        <ele>405.600006103515625</ele>
        <time>2026-02-03T11:54:09.000Z</time>
        <extensions>
          <ns3:TrackPointExtension>
            <ns3:hr>124</ns3:hr>
            <ns3:cad>96</ns3:cad>
          </ns3:TrackPointExtension>
        </extensions>
      </trkpt>
      <trkpt lat="34.23373480327427387237548828125" lon="108.9379124343395233154296875">
        <ele>405.600006103515625</ele>
        <time>2026-02-03T11:54:10.000Z</time>
        <extensions>
          <ns3:TrackPointExtension>
            <ns3:hr>124</ns3:hr>
            <ns3:cad>95</ns3:cad>
          </ns3:TrackPointExtension>
        </extensions>
      </trkpt>
      <trkpt lat="34.23376447521150112152099609375" lon="108.93790815956890583038330078125">
        <ele>405.600006103515625</ele>
        <time>2026-02-03T11:54:11.000Z</time>
        <extensions>
          <ns3:TrackPointExtension>
            <ns3:hr>124</ns3:hr>
            <ns3:cad>95</ns3:cad>
          </ns3:TrackPointExtension>
        </extensions>
      </trkpt>
      <trkpt lat="34.23379330895841121673583984375" lon="108.9379043877124786376953125">
        <ele>405.600006103515625</ele>
        <time>2026-02-03T11:54:12.000Z</time>
        <extensions>
          <ns3:TrackPointExtension>
            <ns3:hr>124</ns3:hr>
            <ns3:cad>95</ns3:cad>
          </ns3:TrackPointExtension>
        </extensions>
      </trkpt>
      <trkpt lat="34.2338168621063232421875" lon="108.93790212459862232208251953125">
        <ele>405.600006103515625</ele>
        <time>2026-02-03T11:54:13.000Z</time>
        <extensions>
          <ns3:TrackPointExtension>
            <ns3:hr>124</ns3:hr>
            <ns3:cad>95</ns3:cad>
          </ns3:TrackPointExtension>
        </extensions>
      </trkpt>
      <trkpt lat="34.2338502220809459686279296875" lon="108.9379005320370197296142578125">
        <ele>405.600006103515625</ele>
        <time>2026-02-03T11:54:14.000Z</time>
        <extensions>
          <ns3:TrackPointExtension>
            <ns3:hr>123</ns3:hr>
            <ns3:cad>95</ns3:cad>
          </ns3:TrackPointExtension>
        </extensions>
      </trkpt>
      <trkpt lat="34.23387243412435054779052734375" lon="108.93790681846439838409423828125">
        <ele>405.600006103515625</ele>
        <time>2026-02-03T11:54:15.000Z</time>
        <extensions>
          <ns3:TrackPointExtension>
            <ns3:hr>124</ns3:hr>
            <ns3:cad>95</ns3:cad>
          </ns3:TrackPointExtension>
        </extensions>
      </trkpt>
      <trkpt lat="34.233899675309658050537109375" lon="108.93790229223668575286865234375">
        <ele>405.600006103515625</ele>
        <time>2026-02-03T11:54:16.000Z</time>
        <extensions>
          <ns3:TrackPointExtension>
            <ns3:hr>124</ns3:hr>
            <ns3:cad>95</ns3:cad>
          </ns3:TrackPointExtension>
        </extensions>
      </trkpt>
      <trkpt lat="34.2339266650378704071044921875" lon="108.93789893947541713714599609375">
        <ele>405.399993896484375</ele>
        <time>2026-02-03T11:54:17.000Z</time>
        <extensions>
          <ns3:TrackPointExtension>
            <ns3:hr>124</ns3:hr>
            <ns3:cad>95</ns3:cad>
          </ns3:TrackPointExtension>
        </extensions>
      </trkpt>
      <trkpt lat="34.2339511401951313018798828125" lon="108.93790598027408123016357421875">
        <ele>405.399993896484375</ele>
        <time>2026-02-03T11:54:18.000Z</time>
        <extensions>
          <ns3:TrackPointExtension>
            <ns3:hr>124</ns3:hr>
            <ns3:cad>95</ns3:cad>
          </ns3:TrackPointExtension>
        </extensions>
      </trkpt>
      <trkpt lat="34.2339793033897876739501953125" lon="108.93789625726640224456787109375">
        <ele>405.399993896484375</ele>
        <time>2026-02-03T11:54:19.000Z</time>
        <extensions>
          <ns3:TrackPointExtension>
            <ns3:hr>124</ns3:hr>
            <ns3:cad>97</ns3:cad>
          </ns3:TrackPointExtension>
        </extensions>
      </trkpt>
      <trkpt lat="34.2340032756328582763671875" lon="108.93789592199027538299560546875">
        <ele>405.399993896484375</ele>
        <time>2026-02-03T11:54:20.000Z</time>
        <extensions>
          <ns3:TrackPointExtension>
            <ns3:hr>124</ns3:hr>
            <ns3:cad>97</ns3:cad>
          </ns3:TrackPointExtension>
        </extensions>
      </trkpt>
      <trkpt lat="34.2340299300849437713623046875" lon="108.937895335257053375244140625">
        <ele>405.600006103515625</ele>
        <time>2026-02-03T11:54:21.000Z</time>
        <extensions>
          <ns3:TrackPointExtension>
            <ns3:hr>124</ns3:hr>
            <ns3:cad>97</ns3:cad>
          </ns3:TrackPointExtension>
        </extensions>
      </trkpt>
      <trkpt lat="34.23405985347926616668701171875" lon="108.9378908090293407440185546875">
        <ele>405.600006103515625</ele>
        <time>2026-02-03T11:54:22.000Z</time>
        <extensions>
          <ns3:TrackPointExtension>
            <ns3:hr>124</ns3:hr>
            <ns3:cad>96</ns3:cad>
          </ns3:TrackPointExtension>
        </extensions>
      </trkpt>
      <trkpt lat="34.23408768139779567718505859375" lon="108.937894664704799652099609375">
        <ele>405.600006103515625</ele>
        <time>2026-02-03T11:54:23.000Z</time>
        <extensions>
          <ns3:TrackPointExtension>
            <ns3:hr>125</ns3:hr>
            <ns3:cad>95</ns3:cad>
          </ns3:TrackPointExtension>
        </extensions>
      </trkpt>
      <trkpt lat="34.2341134138405323028564453125" lon="108.93789357505738735198974609375">
        <ele>405.79998779296875</ele>
        <time>2026-02-03T11:54:24.000Z</time>
        <extensions>
          <ns3:TrackPointExtension>
            <ns3:hr>125</ns3:hr>
            <ns3:cad>95</ns3:cad>
          </ns3:TrackPointExtension>
        </extensions>
      </trkpt>
      <trkpt lat="34.2341405712068080902099609375" lon="108.93789424560964107513427734375">
        <ele>405.600006103515625</ele>
        <time>2026-02-03T11:54:25.000Z</time>
        <extensions>
          <ns3:TrackPointExtension>
            <ns3:hr>126</ns3:hr>
            <ns3:cad>95</ns3:cad>
          </ns3:TrackPointExtension>
        </extensions>
      </trkpt>
      <trkpt lat="34.23416412435472011566162109375" lon="108.9378944970667362213134765625">
        <ele>405.600006103515625</ele>
        <time>2026-02-03T11:54:26.000Z</time>
        <extensions>
          <ns3:TrackPointExtension>
            <ns3:hr>126</ns3:hr>
            <ns3:cad>98</ns3:cad>
          </ns3:TrackPointExtension>
        </extensions>
      </trkpt>
      <trkpt lat="34.234192371368408203125" lon="108.93789189867675304412841796875">
        <ele>405.399993896484375</ele>
        <time>2026-02-03T11:54:27.000Z</time>
        <extensions>
          <ns3:TrackPointExtension>
            <ns3:hr>126</ns3:hr>
            <ns3:cad>98</ns3:cad>
          </ns3:TrackPointExtension>
        </extensions>
      </trkpt>
      <trkpt lat="34.23421449959278106689453125" lon="108.93789206631481647491455078125">
        <ele>405.399993896484375</ele>
        <time>2026-02-03T11:54:28.000Z</time>
        <extensions>
          <ns3:TrackPointExtension>
            <ns3:hr>125</ns3:hr>
            <ns3:cad>98</ns3:cad>
          </ns3:TrackPointExtension>
        </extensions>
      </trkpt>
      <trkpt lat="34.23424140550196170806884765625" lon="108.93789298832416534423828125">
        <ele>405.399993896484375</ele>
        <time>2026-02-03T11:54:29.000Z</time>
        <extensions>
          <ns3:TrackPointExtension>
            <ns3:hr>126</ns3:hr>
            <ns3:cad>97</ns3:cad>
          </ns3:TrackPointExtension>
        </extensions>
      </trkpt>
      <trkpt lat="34.2342709936201572418212890625" lon="108.93789256922900676727294921875">
        <ele>405.399993896484375</ele>
        <time>2026-02-03T11:54:30.000Z</time>
        <extensions>
          <ns3:TrackPointExtension>
            <ns3:hr>126</ns3:hr>
            <ns3:cad>97</ns3:cad>
          </ns3:TrackPointExtension>
        </extensions>
      </trkpt>
      <trkpt lat="34.23429689370095729827880859375" lon="108.9378951676189899444580078125">
        <ele>405.399993896484375</ele>
        <time>2026-02-03T11:54:31.000Z</time>
        <extensions>
          <ns3:TrackPointExtension>
            <ns3:hr>126</ns3:hr>
            <ns3:cad>97</ns3:cad>
          </ns3:TrackPointExtension>
        </extensions>
      </trkpt>
      <trkpt lat="34.2343279905617237091064453125" lon="108.93789223395287990570068359375">
        <ele>405.399993896484375</ele>
        <time>2026-02-03T11:54:32.000Z</time>
        <extensions>
          <ns3:TrackPointExtension>
            <ns3:hr>125</ns3:hr>
            <ns3:cad>97</ns3:cad>
          </ns3:TrackPointExtension>
        </extensions>
      </trkpt>
      <trkpt lat="34.23435439355671405792236328125" lon="108.93789424560964107513427734375">
        <ele>405.399993896484375</ele>
        <time>2026-02-03T11:54:33.000Z</time>
        <extensions>
          <ns3:TrackPointExtension>
            <ns3:hr>126</ns3:hr>
            <ns3:cad>97</ns3:cad>
          </ns3:TrackPointExtension>
        </extensions>
      </trkpt>
      <trkpt lat="34.2343806289136409759521484375" lon="108.9378941617906093597412109375">
        <ele>405.399993896484375</ele>
        <time>2026-02-03T11:54:34.000Z</time>
        <extensions>
          <ns3:TrackPointExtension>
            <ns3:hr>128</ns3:hr>
            <ns3:cad>97</ns3:cad>
          </ns3:TrackPointExtension>
        </extensions>
      </trkpt>
      <trkpt lat="34.234409295022487640380859375" lon="108.93789323978126049041748046875">
        <ele>405.399993896484375</ele>
        <time>2026-02-03T11:54:35.000Z</time>
        <extensions>
          <ns3:TrackPointExtension>
            <ns3:hr>129</ns3:hr>
            <ns3:cad>97</ns3:cad>
          </ns3:TrackPointExtension>
        </extensions>
      </trkpt>
      <trkpt lat="34.2344325967133045196533203125" lon="108.93789692781865596771240234375">
        <ele>405.399993896484375</ele>
        <time>2026-02-03T11:54:36.000Z</time>
        <extensions>
          <ns3:TrackPointExtension>
            <ns3:hr>129</ns3:hr>
            <ns3:cad>97</ns3:cad>
          </ns3:TrackPointExtension>
        </extensions>
      </trkpt>
      <trkpt lat="34.2344644479453563690185546875" lon="108.937889300286769866943359375">
        <ele>405.399993896484375</ele>
        <time>2026-02-03T11:54:37.000Z</time>
        <extensions>
          <ns3:TrackPointExtension>
            <ns3:hr>130</ns3:hr>
            <ns3:cad>97</ns3:cad>
          </ns3:TrackPointExtension>
        </extensions>
      </trkpt>
      <trkpt lat="34.2344912700355052947998046875" lon="108.9378857798874378204345703125">
        <ele>405.20001220703125</ele>
        <time>2026-02-03T11:54:38.000Z</time>
        <extensions>
          <ns3:TrackPointExtension>
            <ns3:hr>130</ns3:hr>
            <ns3:cad>96</ns3:cad>
          </ns3:TrackPointExtension>
        </extensions>
      </trkpt>
      <trkpt lat="34.2345214448869228363037109375" lon="108.93787379376590251922607421875">
        <ele>405.20001220703125</ele>
        <time>2026-02-03T11:54:39.000Z</time>
        <extensions>
          <ns3:TrackPointExtension>
            <ns3:hr>130</ns3:hr>
            <ns3:cad>96</ns3:cad>
          </ns3:TrackPointExtension>
        </extensions>
      </trkpt>
      <trkpt lat="34.23455120064318180084228515625" lon="108.93785770051181316375732421875">
        <ele>405.399993896484375</ele>
        <time>2026-02-03T11:54:40.000Z</time>
        <extensions>
          <ns3:TrackPointExtension>
            <ns3:hr>130</ns3:hr>
            <ns3:cad>96</ns3:cad>
          </ns3:TrackPointExtension>
        </extensions>
      </trkpt>
      <trkpt lat="34.23457919619977474212646484375" lon="108.9378435350954532623291015625">
        <ele>405.399993896484375</ele>
        <time>2026-02-03T11:54:41.000Z</time>
        <extensions>
          <ns3:TrackPointExtension>
            <ns3:hr>130</ns3:hr>
            <ns3:cad>97</ns3:cad>
          </ns3:TrackPointExtension>
        </extensions>
      </trkpt>
      <trkpt lat="34.2346076108515262603759765625" lon="108.93781864084303379058837890625">
        <ele>405.399993896484375</ele>
        <time>2026-02-03T11:54:42.000Z</time>
        <extensions>
          <ns3:TrackPointExtension>
            <ns3:hr>130</ns3:hr>
            <ns3:cad>97</ns3:cad>
          </ns3:TrackPointExtension>
        </extensions>
      </trkpt>
      <trkpt lat="34.23463300801813602447509765625" lon="108.937795422971248626708984375">
        <ele>405.399993896484375</ele>
        <time>2026-02-03T11:54:43.000Z</time>
        <extensions>
          <ns3:TrackPointExtension>
            <ns3:hr>129</ns3:hr>
            <ns3:cad>96</ns3:cad>
          </ns3:TrackPointExtension>
        </extensions>
      </trkpt>
      <trkpt lat="34.2346550524234771728515625" lon="108.9377754740417003631591796875">
        <ele>405.20001220703125</ele>
        <time>2026-02-03T11:54:44.000Z</time>
        <extensions>
          <ns3:TrackPointExtension>
            <ns3:hr>129</ns3:hr>
            <ns3:cad>96</ns3:cad>
          </ns3:TrackPointExtension>
        </extensions>
      </trkpt>
      <trkpt lat="34.23468162305653095245361328125" lon="108.93774018622934818267822265625">
        <ele>405.20001220703125</ele>
        <time>2026-02-03T11:54:45.000Z</time>
        <extensions>
          <ns3:TrackPointExtension>
            <ns3:hr>129</ns3:hr>
            <ns3:cad>96</ns3:cad>
          </ns3:TrackPointExtension>
        </extensions>
      </trkpt>
      <trkpt lat="34.23470308072865009307861328125" lon="108.93771872855722904205322265625">
        <ele>405.20001220703125</ele>
        <time>2026-02-03T11:54:46.000Z</time>
        <extensions>
          <ns3:TrackPointExtension>
            <ns3:hr>129</ns3:hr>
            <ns3:cad>96</ns3:cad>
          </ns3:TrackPointExtension>
        </extensions>
      </trkpt>
      <trkpt lat="34.234721772372722625732421875" lon="108.93768989481031894683837890625">
        <ele>405.20001220703125</ele>
        <time>2026-02-03T11:54:47.000Z</time>
        <extensions>
          <ns3:TrackPointExtension>
            <ns3:hr>129</ns3:hr>
            <ns3:cad>96</ns3:cad>
          </ns3:TrackPointExtension>
        </extensions>
      </trkpt>
      <trkpt lat="34.23473308794200420379638671875" lon="108.93766106106340885162353515625">
        <ele>405.20001220703125</ele>
        <time>2026-02-03T11:54:48.000Z</time>
        <extensions>
          <ns3:TrackPointExtension>
            <ns3:hr>129</ns3:hr>
            <ns3:cad>95</ns3:cad>
          </ns3:TrackPointExtension>
        </extensions>
      </trkpt>
      <trkpt lat="34.2347440682351589202880859375" lon="108.9376376755535602569580078125">
        <ele>405.20001220703125</ele>
        <time>2026-02-03T11:54:49.000Z</time>
        <extensions>
          <ns3:TrackPointExtension>
            <ns3:hr>128</ns3:hr>
            <ns3:cad>96</ns3:cad>
          </ns3:TrackPointExtension>
        </extensions>
      </trkpt>
      <trkpt lat="34.2347507737576961517333984375" lon="108.93759551458060741424560546875">
        <ele>405.20001220703125</ele>
        <time>2026-02-03T11:54:50.000Z</time>
        <extensions>
          <ns3:TrackPointExtension>
            <ns3:hr>129</ns3:hr>
            <ns3:cad>96</ns3:cad>
          </ns3:TrackPointExtension>
        </extensions>
      </trkpt>
      <trkpt lat="34.23475907184183597564697265625" lon="108.9375639148056507110595703125">
        <ele>405.20001220703125</ele>
        <time>2026-02-03T11:54:51.000Z</time>
        <extensions>
          <ns3:TrackPointExtension>
            <ns3:hr>129</ns3:hr>
            <ns3:cad>97</ns3:cad>
          </ns3:TrackPointExtension>
        </extensions>
      </trkpt>
      <trkpt lat="34.234762676060199737548828125" lon="108.937530219554901123046875">
        <ele>405.20001220703125</ele>
        <time>2026-02-03T11:54:52.000Z</time>
        <extensions>
          <ns3:TrackPointExtension>
            <ns3:hr>129</ns3:hr>
            <ns3:cad>97</ns3:cad>
          </ns3:TrackPointExtension>
        </extensions>
      </trkpt>
      <trkpt lat="34.234763346612453460693359375" lon="108.937485627830028533935546875">
        <ele>405.20001220703125</ele>
        <time>2026-02-03T11:54:53.000Z</time>
        <extensions>
          <ns3:TrackPointExtension>
            <ns3:hr>129</ns3:hr>
            <ns3:cad>97</ns3:cad>
          </ns3:TrackPointExtension>
        </extensions>
      </trkpt>
      <trkpt lat="34.2347705550491809844970703125" lon="108.9374566264450550079345703125">
        <ele>405.20001220703125</ele>
        <time>2026-02-03T11:54:54.000Z</time>
        <extensions>
          <ns3:TrackPointExtension>
            <ns3:hr>129</ns3:hr>
            <ns3:cad>97</ns3:cad>
          </ns3:TrackPointExtension>
        </extensions>
      </trkpt>
      <trkpt lat="34.2347655259072780609130859375" lon="108.93741647712886333465576171875">
        <ele>405.20001220703125</ele>
        <time>2026-02-03T11:54:55.000Z</time>
        <extensions>
          <ns3:TrackPointExtension>
            <ns3:hr>128</ns3:hr>
            <ns3:cad>97</ns3:cad>
          </ns3:TrackPointExtension>
        </extensions>
      </trkpt>
      <trkpt lat="34.23476175405085086822509765625" lon="108.93737976439297199249267578125">
        <ele>405.20001220703125</ele>
        <time>2026-02-03T11:54:56.000Z</time>
        <extensions>
          <ns3:TrackPointExtension>
            <ns3:hr>129</ns3:hr>
            <ns3:cad>98</ns3:cad>
          </ns3:TrackPointExtension>
        </extensions>
      </trkpt>
      <trkpt lat="34.234757311642169952392578125" lon="108.9373526908457279205322265625">
        <ele>405.20001220703125</ele>
        <time>2026-02-03T11:54:57.000Z</time>
        <extensions>
          <ns3:TrackPointExtension>
            <ns3:hr>129</ns3:hr>
            <ns3:cad>97</ns3:cad>
          </ns3:TrackPointExtension>
        </extensions>
      </trkpt>
      <trkpt lat="34.23474348150193691253662109375" lon="108.937311954796314239501953125">
        <ele>405.20001220703125</ele>
        <time>2026-02-03T11:54:58.000Z</time>
        <extensions>
          <ns3:TrackPointExtension>
            <ns3:hr>129</ns3:hr>
            <ns3:cad>97</ns3:cad>
          </ns3:TrackPointExtension>
        </extensions>
      </trkpt>
      <trkpt lat="34.23473543487489223480224609375" lon="108.93728010356426239013671875">
        <ele>405.20001220703125</ele>
        <time>2026-02-03T11:54:59.000Z</time>
        <extensions>
          <ns3:TrackPointExtension>
            <ns3:hr>129</ns3:hr>
            <ns3:cad>97</ns3:cad>
          </ns3:TrackPointExtension>
        </extensions>
      </trkpt>
      <trkpt lat="34.23471800051629543304443359375" lon="108.9372457377612590789794921875">
        <ele>405.20001220703125</ele>
        <time>2026-02-03T11:55:00.000Z</time>
        <extensions>
          <ns3:TrackPointExtension>
            <ns3:hr>128</ns3:hr>
            <ns3:cad>96</ns3:cad>
          </ns3:TrackPointExtension>
        </extensions>
      </trkpt>
      <trkpt lat="34.23469888977706432342529296875" lon="108.93721103668212890625">
        <ele>405.20001220703125</ele>
        <time>2026-02-03T11:55:01.000Z</time>
        <extensions>
          <ns3:TrackPointExtension>
            <ns3:hr>128</ns3:hr>
            <ns3:cad>96</ns3:cad>
          </ns3:TrackPointExtension>
        </extensions>
      </trkpt>
      <trkpt lat="34.2346840538084506988525390625" lon="108.93718748353421688079833984375">
        <ele>405.20001220703125</ele>
        <time>2026-02-03T11:55:02.000Z</time>
        <extensions>
          <ns3:TrackPointExtension>
            <ns3:hr>127</ns3:hr>
            <ns3:cad>97</ns3:cad>
          </ns3:TrackPointExtension>
        </extensions>
      </trkpt>
      <trkpt lat="34.23465614207088947296142578125" lon="108.93715714104473590850830078125">
        <ele>405.20001220703125</ele>
        <time>2026-02-03T11:55:03.000Z</time>
        <extensions>
          <ns3:TrackPointExtension>
            <ns3:hr>127</ns3:hr>
            <ns3:cad>97</ns3:cad>
          </ns3:TrackPointExtension>
        </extensions>
      </trkpt>
      <trkpt lat="34.2346330918371677398681640625" lon="108.9371345937252044677734375">
        <ele>405.20001220703125</ele>
        <time>2026-02-03T11:55:04.000Z</time>
        <extensions>
          <ns3:TrackPointExtension>
            <ns3:hr>127</ns3:hr>
            <ns3:cad>96</ns3:cad>
          </ns3:TrackPointExtension>
        </extensions>
      </trkpt>
      <trkpt lat="34.2346076108515262603759765625" lon="108.93710936419665813446044921875">
        <ele>405.20001220703125</ele>
        <time>2026-02-03T11:55:05.000Z</time>
        <extensions>
          <ns3:TrackPointExtension>
            <ns3:hr>127</ns3:hr>
            <ns3:cad>96</ns3:cad>
          </ns3:TrackPointExtension>
        </extensions>
      </trkpt>
      <trkpt lat="34.2345807887613773345947265625" lon="108.9370881579816341400146484375">
        <ele>405.20001220703125</ele>
        <time>2026-02-03T11:55:06.000Z</time>
        <extensions>
          <ns3:TrackPointExtension>
            <ns3:hr>127</ns3:hr>
            <ns3:cad>96</ns3:cad>
          </ns3:TrackPointExtension>
        </extensions>
      </trkpt>
      <trkpt lat="34.23456008546054363250732421875" lon="108.93706644885241985321044921875">
        <ele>405</ele>
        <time>2026-02-03T11:55:07.000Z</time>
        <extensions>
          <ns3:TrackPointExtension>
            <ns3:hr>126</ns3:hr>
            <ns3:cad>97</ns3:cad>
          </ns3:TrackPointExtension>
        </extensions>
      </trkpt>
      <trkpt lat="34.234527982771396636962890625" lon="108.937052786350250244140625">
        <ele>405</ele>
        <time>2026-02-03T11:55:08.000Z</time>
        <extensions>
          <ns3:TrackPointExtension>
            <ns3:hr>126</ns3:hr>
            <ns3:cad>98</ns3:cad>
          </ns3:TrackPointExtension>
        </extensions>
      </trkpt>
      <trkpt lat="34.2344969697296619415283203125" lon="108.937043063342571258544921875">
        <ele>405</ele>
        <time>2026-02-03T11:55:09.000Z</time>
        <extensions>
          <ns3:TrackPointExtension>
            <ns3:hr>126</ns3:hr>
            <ns3:cad>98</ns3:cad>
          </ns3:TrackPointExtension>
        </extensions>
      </trkpt>
      <trkpt lat="34.2344751767814159393310546875" lon="108.9370268024504184722900390625">
        <ele>405</ele>
        <time>2026-02-03T11:55:10.000Z</time>
        <extensions>
          <ns3:TrackPointExtension>
            <ns3:hr>126</ns3:hr>
            <ns3:cad>98</ns3:cad>
          </ns3:TrackPointExtension>
        </extensions>
      </trkpt>
      <trkpt lat="34.23444190062582492828369140625" lon="108.9370184205472469329833984375">
        <ele>405</ele>
        <time>2026-02-03T11:55:11.000Z</time>
        <extensions>
          <ns3:TrackPointExtension>
            <ns3:hr>125</ns3:hr>
            <ns3:cad>98</ns3:cad>
          </ns3:TrackPointExtension>
        </extensions>
      </trkpt>
      <trkpt lat="34.2344154976308345794677734375" lon="108.93701096065342426300048828125">
        <ele>405.20001220703125</ele>
        <time>2026-02-03T11:55:12.000Z</time>
        <extensions>
          <ns3:TrackPointExtension>
            <ns3:hr>125</ns3:hr>
            <ns3:cad>97</ns3:cad>
          </ns3:TrackPointExtension>
        </extensions>
      </trkpt>
      <trkpt lat="34.2343829758465290069580078125" lon="108.93701883964240550994873046875">
        <ele>405.20001220703125</ele>
        <time>2026-02-03T11:55:13.000Z</time>
        <extensions>
          <ns3:TrackPointExtension>
            <ns3:hr>125</ns3:hr>
            <ns3:cad>97</ns3:cad>
          </ns3:TrackPointExtension>
        </extensions>
      </trkpt>
      <trkpt lat="34.2343531362712383270263671875" lon="108.9370211027562618255615234375">
        <ele>405.20001220703125</ele>
        <time>2026-02-03T11:55:14.000Z</time>
        <extensions>
          <ns3:TrackPointExtension>
            <ns3:hr>125</ns3:hr>
            <ns3:cad>97</ns3:cad>
          </ns3:TrackPointExtension>
        </extensions>
      </trkpt>
      <trkpt lat="34.2343269847333431243896484375" lon="108.93702001310884952545166015625">
        <ele>405.20001220703125</ele>
        <time>2026-02-03T11:55:15.000Z</time>
        <extensions>
          <ns3:TrackPointExtension>
            <ns3:hr>125</ns3:hr>
            <ns3:cad>96</ns3:cad>
          </ns3:TrackPointExtension>
        </extensions>
      </trkpt>
      <trkpt lat="34.23429572023451328277587890625" lon="108.9370180852711200714111328125">
        <ele>405.20001220703125</ele>
        <time>2026-02-03T11:55:16.000Z</time>
        <extensions>
          <ns3:TrackPointExtension>
            <ns3:hr>126</ns3:hr>
            <ns3:cad>96</ns3:cad>
          </ns3:TrackPointExtension>
        </extensions>
      </trkpt>
      <trkpt lat="34.234267808496952056884765625" lon="108.9370138943195343017578125">
        <ele>405.20001220703125</ele>
        <time>2026-02-03T11:55:17.000Z</time>
        <extensions>
          <ns3:TrackPointExtension>
            <ns3:hr>127</ns3:hr>
            <ns3:cad>96</ns3:cad>
          </ns3:TrackPointExtension>
        </extensions>
      </trkpt>
      <trkpt lat="34.23423570580780506134033203125" lon="108.9370130561292171478271484375">
        <ele>405.20001220703125</ele>
        <time>2026-02-03T11:55:18.000Z</time>
        <extensions>
          <ns3:TrackPointExtension>
            <ns3:hr>127</ns3:hr>
            <ns3:cad>96</ns3:cad>
          </ns3:TrackPointExtension>
        </extensions>
      </trkpt>
      <trkpt lat="34.23420385457575321197509765625" lon="108.93701129592955112457275390625">
        <ele>405.20001220703125</ele>
        <time>2026-02-03T11:55:19.000Z</time>
        <extensions>
          <ns3:TrackPointExtension>
            <ns3:hr>128</ns3:hr>
            <ns3:cad>96</ns3:cad>
          </ns3:TrackPointExtension>
        </extensions>
      </trkpt>
      <trkpt lat="34.2341781221330165863037109375" lon="108.937009871006011962890625">
        <ele>405</ele>
        <time>2026-02-03T11:55:20.000Z</time>
        <extensions>
          <ns3:TrackPointExtension>
            <ns3:hr>128</ns3:hr>
            <ns3:cad>96</ns3:cad>
          </ns3:TrackPointExtension>
        </extensions>
      </trkpt>
      <trkpt lat="34.23414333723485469818115234375" lon="108.93701179884374141693115234375">
        <ele>405</ele>
        <time>2026-02-03T11:55:21.000Z</time>
        <extensions>
          <ns3:TrackPointExtension>
            <ns3:hr>128</ns3:hr>
            <ns3:cad>96</ns3:cad>
          </ns3:TrackPointExtension>
        </extensions>
      </trkpt>
      <trkpt lat="34.23412037082016468048095703125" lon="108.9370123855769634246826171875">
        <ele>405</ele>
        <time>2026-02-03T11:55:22.000Z</time>
        <extensions>
          <ns3:TrackPointExtension>
            <ns3:hr>128</ns3:hr>
            <ns3:cad>96</ns3:cad>
          </ns3:TrackPointExtension>
        </extensions>
      </trkpt>
      <trkpt lat="34.234094806015491485595703125" lon="108.937017582356929779052734375">
        <ele>405</ele>
        <time>2026-02-03T11:55:23.000Z</time>
        <extensions>
          <ns3:TrackPointExtension>
            <ns3:hr>128</ns3:hr>
            <ns3:cad>96</ns3:cad>
          </ns3:TrackPointExtension>
        </extensions>
      </trkpt>
      <trkpt lat="34.23407007940113544464111328125" lon="108.93702018074691295623779296875">
        <ele>405</ele>
        <time>2026-02-03T11:55:24.000Z</time>
        <extensions>
          <ns3:TrackPointExtension>
            <ns3:hr>128</ns3:hr>
            <ns3:cad>98</ns3:cad>
          </ns3:TrackPointExtension>
        </extensions>
      </trkpt>
      <trkpt lat="34.2340436764061450958251953125" lon="108.9370138943195343017578125">
        <ele>405</ele>
        <time>2026-02-03T11:55:25.000Z</time>
        <extensions>
          <ns3:TrackPointExtension>
            <ns3:hr>128</ns3:hr>
            <ns3:cad>98</ns3:cad>
          </ns3:TrackPointExtension>
        </extensions>
      </trkpt>
      <trkpt lat="34.23401207663118839263916015625" lon="108.937014229595661163330078125">
        <ele>405</ele>
        <time>2026-02-03T11:55:26.000Z</time>
        <extensions>
          <ns3:TrackPointExtension>
            <ns3:hr>128</ns3:hr>
            <ns3:cad>98</ns3:cad>
          </ns3:TrackPointExtension>
        </extensions>
      </trkpt>
      <trkpt lat="34.23398760147392749786376953125" lon="108.93701464869081974029541015625">
        <ele>405</ele>
        <time>2026-02-03T11:55:27.000Z</time>
        <extensions>
          <ns3:TrackPointExtension>
            <ns3:hr>127</ns3:hr>
            <ns3:cad>96</ns3:cad>
          </ns3:TrackPointExtension>
        </extensions>
      </trkpt>
      <trkpt lat="34.2339544929563999176025390625" lon="108.9370246231555938720703125">
        <ele>405</ele>
        <time>2026-02-03T11:55:28.000Z</time>
        <extensions>
          <ns3:TrackPointExtension>
            <ns3:hr>127</ns3:hr>
            <ns3:cad>96</ns3:cad>
          </ns3:TrackPointExtension>
        </extensions>
      </trkpt>
      <trkpt lat="34.23393110744655132293701171875" lon="108.937024958431720733642578125">
        <ele>405</ele>
        <time>2026-02-03T11:55:29.000Z</time>
        <extensions>
          <ns3:TrackPointExtension>
            <ns3:hr>127</ns3:hr>
            <ns3:cad>95</ns3:cad>
          </ns3:TrackPointExtension>
        </extensions>
      </trkpt>
      <trkpt lat="34.23390470445156097412109375" lon="108.93702789209783077239990234375">
        <ele>405</ele>
        <time>2026-02-03T11:55:30.000Z</time>
        <extensions>
          <ns3:TrackPointExtension>
            <ns3:hr>128</ns3:hr>
            <ns3:cad>93</ns3:cad>
          </ns3:TrackPointExtension>
        </extensions>
      </trkpt>
      <trkpt lat="34.2338803969323635101318359375" lon="108.93703258596360683441162109375">
        <ele>405</ele>
        <time>2026-02-03T11:55:31.000Z</time>
        <extensions>
          <ns3:TrackPointExtension>
            <ns3:hr>127</ns3:hr>
            <ns3:cad>93</ns3:cad>
          </ns3:TrackPointExtension>
        </extensions>
      </trkpt>
      <trkpt lat="34.2338545806705951690673828125" lon="108.9370274730026721954345703125">
        <ele>405</ele>
        <time>2026-02-03T11:55:32.000Z</time>
        <extensions>
          <ns3:TrackPointExtension>
            <ns3:hr>128</ns3:hr>
            <ns3:cad>93</ns3:cad>
          </ns3:TrackPointExtension>
        </extensions>
      </trkpt>
      <trkpt lat="34.23382231034338474273681640625" lon="108.93702889792621135711669921875">
        <ele>405</ele>
        <time>2026-02-03T11:55:33.000Z</time>
        <extensions>
          <ns3:TrackPointExtension>
            <ns3:hr>128</ns3:hr>
            <ns3:cad>94</ns3:cad>
          </ns3:TrackPointExtension>
        </extensions>
      </trkpt>
      <trkpt lat="34.233795739710330963134765625" lon="108.93703023903071880340576171875">
        <ele>405</ele>
        <time>2026-02-03T11:55:34.000Z</time>
        <extensions>
          <ns3:TrackPointExtension>
            <ns3:hr>128</ns3:hr>
            <ns3:cad>95</ns3:cad>
          </ns3:TrackPointExtension>
        </extensions>
      </trkpt>
      <trkpt lat="34.2337707616388797760009765625" lon="108.93703744746744632720947265625">
        <ele>404.79998779296875</ele>
        <time>2026-02-03T11:55:35.000Z</time>
        <extensions>
          <ns3:TrackPointExtension>
            <ns3:hr>127</ns3:hr>
            <ns3:cad>95</ns3:cad>
          </ns3:TrackPointExtension>
        </extensions>
      </trkpt>
      <trkpt lat="34.2337409220635890960693359375" lon="108.93704080022871494293212890625">
        <ele>404.79998779296875</ele>
        <time>2026-02-03T11:55:36.000Z</time>
        <extensions>
          <ns3:TrackPointExtension>
            <ns3:hr>128</ns3:hr>
            <ns3:cad>95</ns3:cad>
          </ns3:TrackPointExtension>
        </extensions>
      </trkpt>
      <trkpt lat="34.23371560871601104736328125" lon="108.93703778274357318878173828125">
        <ele>404.79998779296875</ele>
        <time>2026-02-03T11:55:37.000Z</time>
        <extensions>
          <ns3:TrackPointExtension>
            <ns3:hr>127</ns3:hr>
            <ns3:cad>95</ns3:cad>
          </ns3:TrackPointExtension>
        </extensions>
      </trkpt>
      <trkpt lat="34.2336839251220226287841796875" lon="108.93703526817262172698974609375">
        <ele>404.79998779296875</ele>
        <time>2026-02-03T11:55:38.000Z</time>
        <extensions>
          <ns3:TrackPointExtension>
            <ns3:hr>127</ns3:hr>
            <ns3:cad>95</ns3:cad>
          </ns3:TrackPointExtension>
        </extensions>
      </trkpt>
      <trkpt lat="34.233656935393810272216796875" lon="108.93703342415392398834228515625">
        <ele>404.79998779296875</ele>
        <time>2026-02-03T11:55:39.000Z</time>
        <extensions>
          <ns3:TrackPointExtension>
            <ns3:hr>127</ns3:hr>
            <ns3:cad>97</ns3:cad>
          </ns3:TrackPointExtension>
        </extensions>
      </trkpt>
      <trkpt lat="34.23363036476075649261474609375" lon="108.9370341785252094268798828125">
        <ele>404.79998779296875</ele>
        <time>2026-02-03T11:55:40.000Z</time>
        <extensions>
          <ns3:TrackPointExtension>
            <ns3:hr>128</ns3:hr>
            <ns3:cad>97</ns3:cad>
          </ns3:TrackPointExtension>
        </extensions>
      </trkpt>
      <trkpt lat="34.23359968699514865875244140625" lon="108.93703174777328968048095703125">
        <ele>404.79998779296875</ele>
        <time>2026-02-03T11:55:41.000Z</time>
        <extensions>
          <ns3:TrackPointExtension>
            <ns3:hr>127</ns3:hr>
            <ns3:cad>95</ns3:cad>
          </ns3:TrackPointExtension>
        </extensions>
      </trkpt>
      <trkpt lat="34.2335756309330463409423828125" lon="108.93702822737395763397216796875">
        <ele>404.79998779296875</ele>
        <time>2026-02-03T11:55:42.000Z</time>
        <extensions>
          <ns3:TrackPointExtension>
            <ns3:hr>127</ns3:hr>
            <ns3:cad>95</ns3:cad>
          </ns3:TrackPointExtension>
        </extensions>
      </trkpt>
      <trkpt lat="34.2335454560816287994384765625" lon="108.9370415546000003814697265625">
        <ele>404.79998779296875</ele>
        <time>2026-02-03T11:55:43.000Z</time>
        <extensions>
          <ns3:TrackPointExtension>
            <ns3:hr>127</ns3:hr>
            <ns3:cad>96</ns3:cad>
          </ns3:TrackPointExtension>
        </extensions>
      </trkpt>
      <trkpt lat="34.23352240584790706634521484375" lon="108.93705488182604312896728515625">
        <ele>405</ele>
        <time>2026-02-03T11:55:44.000Z</time>
        <extensions>
          <ns3:TrackPointExtension>
            <ns3:hr>127</ns3:hr>
            <ns3:cad>96</ns3:cad>
          </ns3:TrackPointExtension>
        </extensions>
      </trkpt>
      <trkpt lat="34.23350094817578792572021484375" lon="108.93706276081502437591552734375">
        <ele>405</ele>
        <time>2026-02-03T11:55:45.000Z</time>
        <extensions>
          <ns3:TrackPointExtension>
            <ns3:hr>127</ns3:hr>
            <ns3:cad>96</ns3:cad>
          </ns3:TrackPointExtension>
        </extensions>
      </trkpt>
      <trkpt lat="34.233473874628543853759765625" lon="108.93707717768847942352294921875">
        <ele>405</ele>
        <time>2026-02-03T11:55:46.000Z</time>
        <extensions>
          <ns3:TrackPointExtension>
            <ns3:hr>127</ns3:hr>
            <ns3:cad>97</ns3:cad>
          </ns3:TrackPointExtension>
        </extensions>
      </trkpt>
      <trkpt lat="34.2334468849003314971923828125" lon="108.937092684209346771240234375">
        <ele>405</ele>
        <time>2026-02-03T11:55:47.000Z</time>
        <extensions>
          <ns3:TrackPointExtension>
            <ns3:hr>127</ns3:hr>
            <ns3:cad>97</ns3:cad>
          </ns3:TrackPointExtension>
        </extensions>
      </trkpt>
      <trkpt lat="34.2334247566759586334228515625" lon="108.9371146447956562042236328125">
        <ele>404.79998779296875</ele>
        <time>2026-02-03T11:55:48.000Z</time>
        <extensions>
          <ns3:TrackPointExtension>
            <ns3:hr>127</ns3:hr>
            <ns3:cad>97</ns3:cad>
          </ns3:TrackPointExtension>
        </extensions>
      </trkpt>
      <trkpt lat="34.233400784432888031005859375" lon="108.93714859150350093841552734375">
        <ele>404.79998779296875</ele>
        <time>2026-02-03T11:55:49.000Z</time>
        <extensions>
          <ns3:TrackPointExtension>
            <ns3:hr>127</ns3:hr>
            <ns3:cad>97</ns3:cad>
          </ns3:TrackPointExtension>
        </extensions>
      </trkpt>
      <trkpt lat="34.233379997313022613525390625" lon="108.93716971389949321746826171875">
        <ele>404.79998779296875</ele>
        <time>2026-02-03T11:55:50.000Z</time>
        <extensions>
          <ns3:TrackPointExtension>
            <ns3:hr>127</ns3:hr>
            <ns3:cad>97</ns3:cad>
          </ns3:TrackPointExtension>
        </extensions>
      </trkpt>
      <trkpt lat="34.2333613894879817962646484375" lon="108.93720558844506740570068359375">
        <ele>404.79998779296875</ele>
        <time>2026-02-03T11:55:51.000Z</time>
        <extensions>
          <ns3:TrackPointExtension>
            <ns3:hr>127</ns3:hr>
            <ns3:cad>97</ns3:cad>
          </ns3:TrackPointExtension>
        </extensions>
      </trkpt>
      <trkpt lat="34.23334202729165554046630859375" lon="108.93723660148680210113525390625">
        <ele>404.79998779296875</ele>
        <time>2026-02-03T11:55:52.000Z</time>
        <extensions>
          <ns3:TrackPointExtension>
            <ns3:hr>128</ns3:hr>
            <ns3:cad>97</ns3:cad>
          </ns3:TrackPointExtension>
        </extensions>
      </trkpt>
      <trkpt lat="34.23332878388464450836181640625" lon="108.93726644106209278106689453125">
        <ele>404.79998779296875</ele>
        <time>2026-02-03T11:55:53.000Z</time>
        <extensions>
          <ns3:TrackPointExtension>
            <ns3:hr>128</ns3:hr>
            <ns3:cad>97</ns3:cad>
          </ns3:TrackPointExtension>
        </extensions>
      </trkpt>
      <trkpt lat="34.23330950550734996795654296875" lon="108.937304913997650146484375">
        <ele>404.79998779296875</ele>
        <time>2026-02-03T11:55:54.000Z</time>
        <extensions>
          <ns3:TrackPointExtension>
            <ns3:hr>129</ns3:hr>
            <ns3:cad>97</ns3:cad>
          </ns3:TrackPointExtension>
        </extensions>
      </trkpt>
      <trkpt lat="34.2332980223000049591064453125" lon="108.93733081407845020294189453125">
        <ele>404.79998779296875</ele>
        <time>2026-02-03T11:55:55.000Z</time>
        <extensions>
          <ns3:TrackPointExtension>
            <ns3:hr>130</ns3:hr>
            <ns3:cad>97</ns3:cad>
          </ns3:TrackPointExtension>
        </extensions>
      </trkpt>
      <trkpt lat="34.23328503035008907318115234375" lon="108.9373721368610858917236328125">
        <ele>404.79998779296875</ele>
        <time>2026-02-03T11:55:56.000Z</time>
        <extensions>
          <ns3:TrackPointExtension>
            <ns3:hr>130</ns3:hr>
            <ns3:cad>97</ns3:cad>
          </ns3:TrackPointExtension>
        </extensions>
      </trkpt>
      <trkpt lat="34.2332762293517589569091796875" lon="108.93740390427410602569580078125">
        <ele>404.79998779296875</ele>
        <time>2026-02-03T11:55:57.000Z</time>
        <extensions>
          <ns3:TrackPointExtension>
            <ns3:hr>131</ns3:hr>
            <ns3:cad>96</ns3:cad>
          </ns3:TrackPointExtension>
        </extensions>
      </trkpt>
      <trkpt lat="34.2332748882472515106201171875" lon="108.9374365098774433135986328125">
        <ele>404.79998779296875</ele>
        <time>2026-02-03T11:55:58.000Z</time>
        <extensions>
          <ns3:TrackPointExtension>
            <ns3:hr>132</ns3:hr>
            <ns3:cad>96</ns3:cad>
          </ns3:TrackPointExtension>
        </extensions>
      </trkpt>
      <trkpt lat="34.2332737147808074951171875" lon="108.93747565336525440216064453125">
        <ele>404.79998779296875</ele>
        <time>2026-02-03T11:55:59.000Z</time>
        <extensions>
          <ns3:TrackPointExtension>
            <ns3:hr>132</ns3:hr>
            <ns3:cad>95</ns3:cad>
          </ns3:TrackPointExtension>
        </extensions>
      </trkpt>
      <trkpt lat="34.23327145166695117950439453125" lon="108.93750800751149654388427734375">
        <ele>404.600006103515625</ele>
        <time>2026-02-03T11:56:00.000Z</time>
        <extensions>
          <ns3:TrackPointExtension>
            <ns3:hr>132</ns3:hr>
            <ns3:cad>95</ns3:cad>
          </ns3:TrackPointExtension>
        </extensions>
      </trkpt>
      <trkpt lat="34.23327840864658355712890625" lon="108.93754840828478336334228515625">
        <ele>404.600006103515625</ele>
        <time>2026-02-03T11:56:01.000Z</time>
        <extensions>
          <ns3:TrackPointExtension>
            <ns3:hr>132</ns3:hr>
            <ns3:cad>94</ns3:cad>
          </ns3:TrackPointExtension>
        </extensions>
      </trkpt>
      <trkpt lat="34.23328452743589878082275390625" lon="108.93758277408778667449951171875">
        <ele>404.600006103515625</ele>
        <time>2026-02-03T11:56:02.000Z</time>
        <extensions>
          <ns3:TrackPointExtension>
            <ns3:hr>132</ns3:hr>
            <ns3:cad>95</ns3:cad>
          </ns3:TrackPointExtension>
        </extensions>
      </trkpt>
      <trkpt lat="34.23329257406294345855712890625" lon="108.9376115240156650543212890625">
        <ele>404.600006103515625</ele>
        <time>2026-02-03T11:56:03.000Z</time>
        <extensions>
          <ns3:TrackPointExtension>
            <ns3:hr>132</ns3:hr>
            <ns3:cad>96</ns3:cad>
          </ns3:TrackPointExtension>
        </extensions>
      </trkpt>
      <trkpt lat="34.23330782912671566009521484375" lon="108.93765251152217388153076171875">
        <ele>404.600006103515625</ele>
        <time>2026-02-03T11:56:04.000Z</time>
        <extensions>
          <ns3:TrackPointExtension>
            <ns3:hr>132</ns3:hr>
            <ns3:cad>96</ns3:cad>
          </ns3:TrackPointExtension>
        </extensions>
      </trkpt>
      <trkpt lat="34.23331554047763347625732421875" lon="108.9376859553158283233642578125">
        <ele>404.79998779296875</ele>
        <time>2026-02-03T11:56:05.000Z</time>
        <extensions>
          <ns3:TrackPointExtension>
            <ns3:hr>133</ns3:hr>
            <ns3:cad>97</ns3:cad>
          </ns3:TrackPointExtension>
        </extensions>
      </trkpt>
      <trkpt lat="34.2333380877971649169921875" lon="108.9377154596149921417236328125">
        <ele>404.79998779296875</ele>
        <time>2026-02-03T11:56:06.000Z</time>
        <extensions>
          <ns3:TrackPointExtension>
            <ns3:hr>133</ns3:hr>
            <ns3:cad>97</ns3:cad>
          </ns3:TrackPointExtension>
        </extensions>
      </trkpt>
      <trkpt lat="34.23335644416511058807373046875" lon="108.93774705938994884490966796875">
        <ele>404.79998779296875</ele>
        <time>2026-02-03T11:56:07.000Z</time>
        <extensions>
          <ns3:TrackPointExtension>
            <ns3:hr>133</ns3:hr>
            <ns3:cad>96</ns3:cad>
          </ns3:TrackPointExtension>
        </extensions>
      </trkpt>
      <trkpt lat="34.23337354324758052825927734375" lon="108.93776818178594112396240234375">
        <ele>404.79998779296875</ele>
        <time>2026-02-03T11:56:08.000Z</time>
        <extensions>
          <ns3:TrackPointExtension>
            <ns3:hr>133</ns3:hr>
            <ns3:cad>96</ns3:cad>
          </ns3:TrackPointExtension>
        </extensions>
      </trkpt>
      <trkpt lat="34.23340003006160259246826171875" lon="108.9377979375422000885009765625">
        <ele>404.79998779296875</ele>
        <time>2026-02-03T11:56:09.000Z</time>
        <extensions>
          <ns3:TrackPointExtension>
            <ns3:hr>134</ns3:hr>
            <ns3:cad>97</ns3:cad>
          </ns3:TrackPointExtension>
        </extensions>
      </trkpt>
      <trkpt lat="34.2334183864295482635498046875" lon="108.9378187246620655059814453125">
        <ele>404.79998779296875</ele>
        <time>2026-02-03T11:56:10.000Z</time>
        <extensions>
          <ns3:TrackPointExtension>
            <ns3:hr>134</ns3:hr>
            <ns3:cad>97</ns3:cad>
          </ns3:TrackPointExtension>
        </extensions>
      </trkpt>
      <trkpt lat="34.2334472201764583587646484375" lon="108.93783758394420146942138671875">
        <ele>404.79998779296875</ele>
        <time>2026-02-03T11:56:11.000Z</time>
        <extensions>
          <ns3:TrackPointExtension>
            <ns3:hr>134</ns3:hr>
            <ns3:cad>97</ns3:cad>
          </ns3:TrackPointExtension>
        </extensions>
      </trkpt>
      <trkpt lat="34.23346959985792636871337890625" lon="108.93785384483635425567626953125">
        <ele>404.79998779296875</ele>
        <time>2026-02-03T11:56:12.000Z</time>
        <extensions>
          <ns3:TrackPointExtension>
            <ns3:hr>133</ns3:hr>
            <ns3:cad>96</ns3:cad>
          </ns3:TrackPointExtension>
        </extensions>
      </trkpt>
      <trkpt lat="34.233491979539394378662109375" lon="108.937867842614650726318359375">
        <ele>404.79998779296875</ele>
        <time>2026-02-03T11:56:13.000Z</time>
        <extensions>
          <ns3:TrackPointExtension>
            <ns3:hr>134</ns3:hr>
            <ns3:cad>96</ns3:cad>
          </ns3:TrackPointExtension>
        </extensions>
      </trkpt>
      <trkpt lat="34.23352248966693878173828125" lon="108.937881924211978912353515625">
        <ele>404.79998779296875</ele>
        <time>2026-02-03T11:56:14.000Z</time>
        <extensions>
          <ns3:TrackPointExtension>
            <ns3:hr>134</ns3:hr>
            <ns3:cad>96</ns3:cad>
          </ns3:TrackPointExtension>
        </extensions>
      </trkpt>
      <trkpt lat="34.23354553990066051483154296875" lon="108.93789592199027538299560546875">
        <ele>404.79998779296875</ele>
        <time>2026-02-03T11:56:15.000Z</time>
        <extensions>
          <ns3:TrackPointExtension>
            <ns3:hr>134</ns3:hr>
            <ns3:cad>96</ns3:cad>
          </ns3:TrackPointExtension>
        </extensions>
      </trkpt>
      <trkpt lat="34.2335756309330463409423828125" lon="108.9378990232944488525390625">
        <ele>404.600006103515625</ele>
        <time>2026-02-03T11:56:16.000Z</time>
        <extensions>
          <ns3:TrackPointExtension>
            <ns3:hr>133</ns3:hr>
            <ns3:cad>96</ns3:cad>
          </ns3:TrackPointExtension>
        </extensions>
      </trkpt>
      <trkpt lat="34.23360069282352924346923828125" lon="108.93790363334119319915771484375">
        <ele>404.600006103515625</ele>
        <time>2026-02-03T11:56:17.000Z</time>
        <extensions>
          <ns3:TrackPointExtension>
            <ns3:hr>134</ns3:hr>
            <ns3:cad>96</ns3:cad>
          </ns3:TrackPointExtension>
        </extensions>
      </trkpt>
      <trkpt lat="34.23362231813371181488037109375" lon="108.9379082433879375457763671875">
        <ele>404.600006103515625</ele>
        <time>2026-02-03T11:56:18.000Z</time>
        <extensions>
          <ns3:TrackPointExtension>
            <ns3:hr>134</ns3:hr>
            <ns3:cad>95</ns3:cad>
          </ns3:TrackPointExtension>
        </extensions>
      </trkpt>
      <trkpt lat="34.23365249298512935638427734375" lon="108.9379102550446987152099609375">
        <ele>404.600006103515625</ele>
        <time>2026-02-03T11:56:19.000Z</time>
        <extensions>
          <ns3:TrackPointExtension>
            <ns3:hr>134</ns3:hr>
            <ns3:cad>95</ns3:cad>
          </ns3:TrackPointExtension>
        </extensions>
      </trkpt>
      <trkpt lat="34.23367780633270740509033203125" lon="108.93791402690112590789794921875">
        <ele>404.600006103515625</ele>
        <time>2026-02-03T11:56:20.000Z</time>
        <extensions>
          <ns3:TrackPointExtension>
            <ns3:hr>133</ns3:hr>
            <ns3:cad>97</ns3:cad>
          </ns3:TrackPointExtension>
        </extensions>
      </trkpt>
      <trkpt lat="34.23370915465056896209716796875" lon="108.93790614791214466094970703125">
        <ele>404.600006103515625</ele>
        <time>2026-02-03T11:56:21.000Z</time>
        <extensions>
          <ns3:TrackPointExtension>
            <ns3:hr>134</ns3:hr>
            <ns3:cad>97</ns3:cad>
          </ns3:TrackPointExtension>
        </extensions>
      </trkpt>
      <trkpt lat="34.233742095530033111572265625" lon="108.93790505826473236083984375">
        <ele>404.600006103515625</ele>
        <time>2026-02-03T11:56:22.000Z</time>
        <extensions>
          <ns3:TrackPointExtension>
            <ns3:hr>134</ns3:hr>
            <ns3:cad>96</ns3:cad>
          </ns3:TrackPointExtension>
        </extensions>
      </trkpt>
      <trkpt lat="34.23376950435340404510498046875" lon="108.937904722988605499267578125">
        <ele>404.600006103515625</ele>
        <time>2026-02-03T11:56:23.000Z</time>
        <extensions>
          <ns3:TrackPointExtension>
            <ns3:hr>133</ns3:hr>
            <ns3:cad>96</ns3:cad>
          </ns3:TrackPointExtension>
        </extensions>
      </trkpt>
      <trkpt lat="34.2338021099567413330078125" lon="108.9379025436937808990478515625">
        <ele>404.600006103515625</ele>
        <time>2026-02-03T11:56:24.000Z</time>
        <extensions>
          <ns3:TrackPointExtension>
            <ns3:hr>134</ns3:hr>
            <ns3:cad>96</ns3:cad>
          </ns3:TrackPointExtension>
        </extensions>
      </trkpt>
      <trkpt lat="34.2338257469236850738525390625" lon="108.93790346570312976837158203125">
        <ele>404.600006103515625</ele>
        <time>2026-02-03T11:56:25.000Z</time>
        <extensions>
          <ns3:TrackPointExtension>
            <ns3:hr>134</ns3:hr>
            <ns3:cad>96</ns3:cad>
          </ns3:TrackPointExtension>
        </extensions>
      </trkpt>
      <trkpt lat="34.2338557541370391845703125" lon="108.9379015378654003143310546875">
        <ele>404.600006103515625</ele>
        <time>2026-02-03T11:56:26.000Z</time>
        <extensions>
          <ns3:TrackPointExtension>
            <ns3:hr>133</ns3:hr>
            <ns3:cad>96</ns3:cad>
          </ns3:TrackPointExtension>
        </extensions>
      </trkpt>
      <trkpt lat="34.2338812351226806640625" lon="108.93790363334119319915771484375">
        <ele>404.600006103515625</ele>
        <time>2026-02-03T11:56:27.000Z</time>
        <extensions>
          <ns3:TrackPointExtension>
            <ns3:hr>134</ns3:hr>
            <ns3:cad>96</ns3:cad>
          </ns3:TrackPointExtension>
        </extensions>
      </trkpt>
      <trkpt lat="34.233903028070926666259765625" lon="108.93790715374052524566650390625">
        <ele>404.600006103515625</ele>
        <time>2026-02-03T11:56:28.000Z</time>
        <extensions>
          <ns3:TrackPointExtension>
            <ns3:hr>134</ns3:hr>
            <ns3:cad>96</ns3:cad>
          </ns3:TrackPointExtension>
        </extensions>
      </trkpt>
      <trkpt lat="34.2339340411126613616943359375" lon="108.93790430389344692230224609375">
        <ele>404.79998779296875</ele>
        <time>2026-02-03T11:56:29.000Z</time>
        <extensions>
          <ns3:TrackPointExtension>
            <ns3:hr>133</ns3:hr>
            <ns3:cad>96</ns3:cad>
          </ns3:TrackPointExtension>
        </extensions>
      </trkpt>
      <trkpt lat="34.233958013355731964111328125" lon="108.9379055611789226531982421875">
        <ele>404.79998779296875</ele>
        <time>2026-02-03T11:56:30.000Z</time>
        <extensions>
          <ns3:TrackPointExtension>
            <ns3:hr>134</ns3:hr>
            <ns3:cad>96</ns3:cad>
          </ns3:TrackPointExtension>
        </extensions>
      </trkpt>
      <trkpt lat="34.23397980630397796630859375" lon="108.93790547735989093780517578125">
        <ele>404.79998779296875</ele>
        <time>2026-02-03T11:56:31.000Z</time>
        <extensions>
          <ns3:TrackPointExtension>
            <ns3:hr>134</ns3:hr>
            <ns3:cad>96</ns3:cad>
          </ns3:TrackPointExtension>
        </extensions>
      </trkpt>
      <trkpt lat="34.23400687985122203826904296875" lon="108.9379028789699077606201171875">
        <ele>404.79998779296875</ele>
        <time>2026-02-03T11:56:32.000Z</time>
        <extensions>
          <ns3:TrackPointExtension>
            <ns3:hr>133</ns3:hr>
            <ns3:cad>96</ns3:cad>
          </ns3:TrackPointExtension>
        </extensions>
      </trkpt>
      <trkpt lat="34.23402749933302402496337890625" lon="108.93790547735989093780517578125">
        <ele>404.79998779296875</ele>
        <time>2026-02-03T11:56:33.000Z</time>
        <extensions>
          <ns3:TrackPointExtension>
            <ns3:hr>133</ns3:hr>
            <ns3:cad>97</ns3:cad>
          </ns3:TrackPointExtension>
        </extensions>
      </trkpt>
      <trkpt lat="34.234057925641536712646484375" lon="108.93790866248309612274169921875">
        <ele>404.79998779296875</ele>
        <time>2026-02-03T11:56:34.000Z</time>
        <extensions>
          <ns3:TrackPointExtension>
            <ns3:hr>133</ns3:hr>
            <ns3:cad>98</ns3:cad>
          </ns3:TrackPointExtension>
        </extensions>
      </trkpt>
      <trkpt lat="34.23408919014036655426025390625" lon="108.93791235052049160003662109375">
        <ele>404.79998779296875</ele>
        <time>2026-02-03T11:56:35.000Z</time>
        <extensions>
          <ns3:TrackPointExtension>
            <ns3:hr>132</ns3:hr>
            <ns3:cad>98</ns3:cad>
          </ns3:TrackPointExtension>
        </extensions>
      </trkpt>
      <trkpt lat="34.23411953262984752655029296875" lon="108.9379126019775867462158203125">
        <ele>404.79998779296875</ele>
        <time>2026-02-03T11:56:36.000Z</time>
        <extensions>
          <ns3:TrackPointExtension>
            <ns3:hr>131</ns3:hr>
            <ns3:cad>97</ns3:cad>
          </ns3:TrackPointExtension>
        </extensions>
      </trkpt>
      <trkpt lat="34.23415205441415309906005859375" lon="108.9379097521305084228515625">
        <ele>404.79998779296875</ele>
        <time>2026-02-03T11:56:37.000Z</time>
        <extensions>
          <ns3:TrackPointExtension>
            <ns3:hr>131</ns3:hr>
            <ns3:cad>97</ns3:cad>
          </ns3:TrackPointExtension>
        </extensions>
      </trkpt>
      <trkpt lat="34.23417652957141399383544921875" lon="108.93791369162499904632568359375">
        <ele>404.79998779296875</ele>
        <time>2026-02-03T11:56:38.000Z</time>
        <extensions>
          <ns3:TrackPointExtension>
            <ns3:hr>131</ns3:hr>
            <ns3:cad>97</ns3:cad>
          </ns3:TrackPointExtension>
        </extensions>
      </trkpt>
      <trkpt lat="34.23421139828860759735107421875" lon="108.93791805021464824676513671875">
        <ele>404.600006103515625</ele>
        <time>2026-02-03T11:56:39.000Z</time>
        <extensions>
          <ns3:TrackPointExtension>
            <ns3:hr>131</ns3:hr>
            <ns3:cad>96</ns3:cad>
          </ns3:TrackPointExtension>
        </extensions>
      </trkpt>
      <trkpt lat="34.23423863947391510009765625" lon="108.9379229955375194549560546875">
        <ele>404.79998779296875</ele>
        <time>2026-02-03T11:56:40.000Z</time>
        <extensions>
          <ns3:TrackPointExtension>
            <ns3:hr>131</ns3:hr>
            <ns3:cad>96</ns3:cad>
          </ns3:TrackPointExtension>
        </extensions>
      </trkpt>
      <trkpt lat="34.23426814377307891845703125" lon="108.93791905604302883148193359375">
        <ele>404.79998779296875</ele>
        <time>2026-02-03T11:56:41.000Z</time>
        <extensions>
          <ns3:TrackPointExtension>
            <ns3:hr>131</ns3:hr>
            <ns3:cad>96</ns3:cad>
          </ns3:TrackPointExtension>
        </extensions>
      </trkpt>
      <trkpt lat="34.2342968098819255828857421875" lon="108.9379209838807582855224609375">
        <ele>404.600006103515625</ele>
        <time>2026-02-03T11:56:42.000Z</time>
        <extensions>
          <ns3:TrackPointExtension>
            <ns3:hr>131</ns3:hr>
            <ns3:cad>96</ns3:cad>
          </ns3:TrackPointExtension>
        </extensions>
      </trkpt>
      <trkpt lat="34.2343236319720745086669921875" lon="108.93791805021464824676513671875">
        <ele>404.600006103515625</ele>
        <time>2026-02-03T11:56:43.000Z</time>
        <extensions>
          <ns3:TrackPointExtension>
            <ns3:hr>130</ns3:hr>
            <ns3:cad>96</ns3:cad>
          </ns3:TrackPointExtension>
        </extensions>
      </trkpt>
      <trkpt lat="34.23435422591865062713623046875" lon="108.9379186369478702545166015625">
        <ele>404.600006103515625</ele>
        <time>2026-02-03T11:56:44.000Z</time>
        <extensions>
          <ns3:TrackPointExtension>
            <ns3:hr>131</ns3:hr>
            <ns3:cad>96</ns3:cad>
          </ns3:TrackPointExtension>
        </extensions>
      </trkpt>
      <trkpt lat="34.2343812994658946990966796875" lon="108.9379189722239971160888671875">
        <ele>404.600006103515625</ele>
        <time>2026-02-03T11:56:45.000Z</time>
        <extensions>
          <ns3:TrackPointExtension>
            <ns3:hr>132</ns3:hr>
            <ns3:cad>96</ns3:cad>
          </ns3:TrackPointExtension>
        </extensions>
      </trkpt>
      <trkpt lat="34.2344141565263271331787109375" lon="108.93791838549077510833740234375">
        <ele>404.600006103515625</ele>
        <time>2026-02-03T11:56:46.000Z</time>
        <extensions>
          <ns3:TrackPointExtension>
            <ns3:hr>132</ns3:hr>
            <ns3:cad>95</ns3:cad>
          </ns3:TrackPointExtension>
        </extensions>
      </trkpt>
      <trkpt lat="34.234439469873905181884765625" lon="108.93792257644236087799072265625">
        <ele>404.600006103515625</ele>
        <time>2026-02-03T11:56:47.000Z</time>
        <extensions>
          <ns3:TrackPointExtension>
            <ns3:hr>132</ns3:hr>
            <ns3:cad>95</ns3:cad>
          </ns3:TrackPointExtension>
        </extensions>
      </trkpt>
      <trkpt lat="34.234472997486591339111328125" lon="108.937916122376918792724609375">
        <ele>404.79998779296875</ele>
        <time>2026-02-03T11:56:48.000Z</time>
        <extensions>
          <ns3:TrackPointExtension>
            <ns3:hr>132</ns3:hr>
            <ns3:cad>95</ns3:cad>
          </ns3:TrackPointExtension>
        </extensions>
      </trkpt>
      <trkpt lat="34.23450157977640628814697265625" lon="108.9379097521305084228515625">
        <ele>404.79998779296875</ele>
        <time>2026-02-03T11:56:49.000Z</time>
        <extensions>
          <ns3:TrackPointExtension>
            <ns3:hr>131</ns3:hr>
            <ns3:cad>95</ns3:cad>
          </ns3:TrackPointExtension>
        </extensions>
      </trkpt>
      <trkpt lat="34.23452856950461864471435546875" lon="108.93790095113217830657958984375">
        <ele>404.79998779296875</ele>
        <time>2026-02-03T11:56:50.000Z</time>
        <extensions>
          <ns3:TrackPointExtension>
            <ns3:hr>131</ns3:hr>
            <ns3:cad>95</ns3:cad>
          </ns3:TrackPointExtension>
        </extensions>
      </trkpt>
      <trkpt lat="34.23456318676471710205078125" lon="108.93788184039294719696044921875">
        <ele>404.79998779296875</ele>
        <time>2026-02-03T11:56:51.000Z</time>
        <extensions>
          <ns3:TrackPointExtension>
            <ns3:hr>131</ns3:hr>
            <ns3:cad>95</ns3:cad>
          </ns3:TrackPointExtension>
        </extensions>
      </trkpt>
      <trkpt lat="34.23459478653967380523681640625" lon="108.93786524422466754913330078125">
        <ele>404.79998779296875</ele>
        <time>2026-02-03T11:56:52.000Z</time>
        <extensions>
          <ns3:TrackPointExtension>
            <ns3:hr>131</ns3:hr>
            <ns3:cad>95</ns3:cad>
          </ns3:TrackPointExtension>
        </extensions>
      </trkpt>
      <trkpt lat="34.23462009988725185394287109375" lon="108.93784848041832447052001953125">
        <ele>404.79998779296875</ele>
        <time>2026-02-03T11:56:53.000Z</time>
        <extensions>
          <ns3:TrackPointExtension>
            <ns3:hr>132</ns3:hr>
            <ns3:cad>95</ns3:cad>
          </ns3:TrackPointExtension>
        </extensions>
      </trkpt>
      <trkpt lat="34.234649352729320526123046875" lon="108.93782216124236583709716796875">
        <ele>404.79998779296875</ele>
        <time>2026-02-03T11:56:54.000Z</time>
        <extensions>
          <ns3:TrackPointExtension>
            <ns3:hr>132</ns3:hr>
            <ns3:cad>96</ns3:cad>
          </ns3:TrackPointExtension>
        </extensions>
      </trkpt>
      <trkpt lat="34.23467273823916912078857421875" lon="108.93780372105538845062255859375">
        <ele>404.79998779296875</ele>
        <time>2026-02-03T11:56:55.000Z</time>
        <extensions>
          <ns3:TrackPointExtension>
            <ns3:hr>133</ns3:hr>
            <ns3:cad>96</ns3:cad>
          </ns3:TrackPointExtension>
        </extensions>
      </trkpt>
      <trkpt lat="34.2346951179206371307373046875" lon="108.93777371384203433990478515625">
        <ele>404.79998779296875</ele>
        <time>2026-02-03T11:56:56.000Z</time>
        <extensions>
          <ns3:TrackPointExtension>
            <ns3:hr>133</ns3:hr>
            <ns3:cad>96</ns3:cad>
          </ns3:TrackPointExtension>
        </extensions>
      </trkpt>
      <trkpt lat="34.23471448011696338653564453125" lon="108.9377446286380290985107421875">
        <ele>404.79998779296875</ele>
        <time>2026-02-03T11:56:57.000Z</time>
        <extensions>
          <ns3:TrackPointExtension>
            <ns3:hr>133</ns3:hr>
            <ns3:cad>96</ns3:cad>
          </ns3:TrackPointExtension>
        </extensions>
      </trkpt>
      <trkpt lat="34.2347340099513530731201171875" lon="108.93772074021399021148681640625">
        <ele>404.79998779296875</ele>
        <time>2026-02-03T11:56:58.000Z</time>
        <extensions>
          <ns3:TrackPointExtension>
            <ns3:hr>133</ns3:hr>
            <ns3:cad>96</ns3:cad>
          </ns3:TrackPointExtension>
        </extensions>
      </trkpt>
      <trkpt lat="34.23474800772964954376220703125" lon="108.9376832731068134307861328125">
        <ele>404.79998779296875</ele>
        <time>2026-02-03T11:56:59.000Z</time>
        <extensions>
          <ns3:TrackPointExtension>
            <ns3:hr>134</ns3:hr>
            <ns3:cad>97</ns3:cad>
          </ns3:TrackPointExtension>
        </extensions>
      </trkpt>
      <trkpt lat="34.23476041294634342193603515625" lon="108.937653265893459320068359375">
        <ele>404.79998779296875</ele>
        <time>2026-02-03T11:57:00.000Z</time>
        <extensions>
          <ns3:TrackPointExtension>
            <ns3:hr>134</ns3:hr>
            <ns3:cad>97</ns3:cad>
          </ns3:TrackPointExtension>
        </extensions>
      </trkpt>
      <trkpt lat="34.23477281816303730010986328125" lon="108.9376168884336948394775390625">
        <ele>404.79998779296875</ele>
        <time>2026-02-03T11:57:01.000Z</time>
        <extensions>
          <ns3:TrackPointExtension>
            <ns3:hr>135</ns3:hr>
            <ns3:cad>97</ns3:cad>
          </ns3:TrackPointExtension>
        </extensions>
      </trkpt>
      <trkpt lat="34.23477902077138423919677734375" lon="108.93757858313620090484619140625">
        <ele>404.79998779296875</ele>
        <time>2026-02-03T11:57:02.000Z</time>
        <extensions>
          <ns3:TrackPointExtension>
            <ns3:hr>135</ns3:hr>
            <ns3:cad>97</ns3:cad>
          </ns3:TrackPointExtension>
        </extensions>
      </trkpt>
      <trkpt lat="34.234784133732318878173828125" lon="108.93754539079964160919189453125">
        <ele>404.79998779296875</ele>
        <time>2026-02-03T11:57:03.000Z</time>
        <extensions>
          <ns3:TrackPointExtension>
            <ns3:hr>135</ns3:hr>
            <ns3:cad>97</ns3:cad>
          </ns3:TrackPointExtension>
        </extensions>
      </trkpt>
      <trkpt lat="34.23478136770427227020263671875" lon="108.937502391636371612548828125">
        <ele>404.79998779296875</ele>
        <time>2026-02-03T11:57:04.000Z</time>
        <extensions>
          <ns3:TrackPointExtension>
            <ns3:hr>136</ns3:hr>
            <ns3:cad>96</ns3:cad>
          </ns3:TrackPointExtension>
        </extensions>
      </trkpt>
      <trkpt lat="34.23478203825652599334716796875" lon="108.93746358342468738555908203125">
        <ele>404.79998779296875</ele>
        <time>2026-02-03T11:57:05.000Z</time>
        <extensions>
          <ns3:TrackPointExtension>
            <ns3:hr>136</ns3:hr>
            <ns3:cad>96</ns3:cad>
          </ns3:TrackPointExtension>
        </extensions>
      </trkpt>
      <trkpt lat="34.2347796075046062469482421875" lon="108.9374251104891300201416015625">
        <ele>404.79998779296875</ele>
        <time>2026-02-03T11:57:06.000Z</time>
        <extensions>
          <ns3:TrackPointExtension>
            <ns3:hr>136</ns3:hr>
            <ns3:cad>96</ns3:cad>
          </ns3:TrackPointExtension>
        </extensions>
      </trkpt>
      <trkpt lat="34.23476829193532466888427734375" lon="108.93738445825874805450439453125">
        <ele>404.79998779296875</ele>
        <time>2026-02-03T11:57:07.000Z</time>
        <extensions>
          <ns3:TrackPointExtension>
            <ns3:hr>137</ns3:hr>
            <ns3:cad>96</ns3:cad>
          </ns3:TrackPointExtension>
        </extensions>
      </trkpt>
      <trkpt lat="34.234762005507946014404296875" lon="108.9373526908457279205322265625">
        <ele>404.79998779296875</ele>
        <time>2026-02-03T11:57:08.000Z</time>
        <extensions>
          <ns3:TrackPointExtension>
            <ns3:hr>138</ns3:hr>
            <ns3:cad>97</ns3:cad>
          </ns3:TrackPointExtension>
        </extensions>
      </trkpt>
      <trkpt lat="34.23475035466253757476806640625" lon="108.937319330871105194091796875">
        <ele>404.79998779296875</ele>
        <time>2026-02-03T11:57:09.000Z</time>
        <extensions>
          <ns3:TrackPointExtension>
            <ns3:hr>138</ns3:hr>
            <ns3:cad>97</ns3:cad>
          </ns3:TrackPointExtension>
        </extensions>
      </trkpt>
      <trkpt lat="34.234735183417797088623046875" lon="108.93728253431618213653564453125">
        <ele>404.79998779296875</ele>
        <time>2026-02-03T11:57:10.000Z</time>
        <extensions>
          <ns3:TrackPointExtension>
            <ns3:hr>138</ns3:hr>
            <ns3:cad>97</ns3:cad>
          </ns3:TrackPointExtension>
        </extensions>
      </trkpt>
      <trkpt lat="34.23472546041011810302734375" lon="108.93725336529314517974853515625">
        <ele>404.79998779296875</ele>
        <time>2026-02-03T11:57:11.000Z</time>
        <extensions>
          <ns3:TrackPointExtension>
            <ns3:hr>138</ns3:hr>
            <ns3:cad>99</ns3:cad>
          </ns3:TrackPointExtension>
        </extensions>
      </trkpt>
      <trkpt lat="34.234707020223140716552734375" lon="108.937217406928539276123046875">
        <ele>404.79998779296875</ele>
        <time>2026-02-03T11:57:12.000Z</time>
        <extensions>
          <ns3:TrackPointExtension>
            <ns3:hr>138</ns3:hr>
            <ns3:cad>99</ns3:cad>
          </ns3:TrackPointExtension>
        </extensions>
      </trkpt>
      <trkpt lat="34.23469050787389278411865234375" lon="108.937184549868106842041015625">
        <ele>404.79998779296875</ele>
        <time>2026-02-03T11:57:13.000Z</time>
        <extensions>
          <ns3:TrackPointExtension>
            <ns3:hr>139</ns3:hr>
            <ns3:cad>98</ns3:cad>
          </ns3:TrackPointExtension>
        </extensions>
      </trkpt>
      <trkpt lat="34.2346696369349956512451171875" lon="108.93716082908213138580322265625">
        <ele>404.79998779296875</ele>
        <time>2026-02-03T11:57:14.000Z</time>
        <extensions>
          <ns3:TrackPointExtension>
            <ns3:hr>138</ns3:hr>
            <ns3:cad>97</ns3:cad>
          </ns3:TrackPointExtension>
        </extensions>
      </trkpt>
      <trkpt lat="34.2346444912254810333251953125" lon="108.937137611210346221923828125">
        <ele>404.79998779296875</ele>
        <time>2026-02-03T11:57:15.000Z</time>
        <extensions>
          <ns3:TrackPointExtension>
            <ns3:hr>138</ns3:hr>
            <ns3:cad>97</ns3:cad>
          </ns3:TrackPointExtension>
        </extensions>
      </trkpt>
      <trkpt lat="34.2346263863146305084228515625" lon="108.93711858429014682769775390625">
        <ele>404.79998779296875</ele>
        <time>2026-02-03T11:57:16.000Z</time>
        <extensions>
          <ns3:TrackPointExtension>
            <ns3:hr>138</ns3:hr>
            <ns3:cad>97</ns3:cad>
          </ns3:TrackPointExtension>
        </extensions>
      </trkpt>
      <trkpt lat="34.2345962114632129669189453125" lon="108.93709947355091571807861328125">
        <ele>404.79998779296875</ele>
        <time>2026-02-03T11:57:17.000Z</time>
        <extensions>
          <ns3:TrackPointExtension>
            <ns3:hr>139</ns3:hr>
            <ns3:cad>97</ns3:cad>
          </ns3:TrackPointExtension>
        </extensions>
      </trkpt>
      <trkpt lat="34.2345693893730640411376953125" lon="108.9370831288397312164306640625">
        <ele>404.79998779296875</ele>
        <time>2026-02-03T11:57:18.000Z</time>
        <extensions>
          <ns3:TrackPointExtension>
            <ns3:hr>138</ns3:hr>
            <ns3:cad>97</ns3:cad>
          </ns3:TrackPointExtension>
        </extensions>
      </trkpt>
      <trkpt lat="34.23454415984451770782470703125" lon="108.93706678412854671478271484375">
        <ele>404.79998779296875</ele>
        <time>2026-02-03T11:57:19.000Z</time>
        <extensions>
          <ns3:TrackPointExtension>
            <ns3:hr>138</ns3:hr>
            <ns3:cad>97</ns3:cad>
          </ns3:TrackPointExtension>
        </extensions>
      </trkpt>
      <trkpt lat="34.234512560069561004638671875" lon="108.9370563067495822906494140625">
        <ele>404.79998779296875</ele>
        <time>2026-02-03T11:57:20.000Z</time>
        <extensions>
          <ns3:TrackPointExtension>
            <ns3:hr>139</ns3:hr>
            <ns3:cad>98</ns3:cad>
          </ns3:TrackPointExtension>
        </extensions>
      </trkpt>
      <trkpt lat="34.234484396874904632568359375" lon="108.93704499118030071258544921875">
        <ele>404.79998779296875</ele>
        <time>2026-02-03T11:57:21.000Z</time>
        <extensions>
          <ns3:TrackPointExtension>
            <ns3:hr>139</ns3:hr>
            <ns3:cad>98</ns3:cad>
          </ns3:TrackPointExtension>
        </extensions>
      </trkpt>
      <trkpt lat="34.23445765860378742218017578125" lon="108.93703593872487545013427734375">
        <ele>404.79998779296875</ele>
        <time>2026-02-03T11:57:22.000Z</time>
        <extensions>
          <ns3:TrackPointExtension>
            <ns3:hr>139</ns3:hr>
            <ns3:cad>98</ns3:cad>
          </ns3:TrackPointExtension>
        </extensions>
      </trkpt>
      <trkpt lat="34.23442379571497440338134765625" lon="108.9370341785252094268798828125">
        <ele>404.79998779296875</ele>
        <time>2026-02-03T11:57:23.000Z</time>
        <extensions>
          <ns3:TrackPointExtension>
            <ns3:hr>139</ns3:hr>
            <ns3:cad>98</ns3:cad>
          </ns3:TrackPointExtension>
        </extensions>
      </trkpt>
      <trkpt lat="34.23439445905387401580810546875" lon="108.93702889792621135711669921875">
        <ele>404.79998779296875</ele>
        <time>2026-02-03T11:57:24.000Z</time>
        <extensions>
          <ns3:TrackPointExtension>
            <ns3:hr>139</ns3:hr>
            <ns3:cad>98</ns3:cad>
          </ns3:TrackPointExtension>
        </extensions>
      </trkpt>
      <trkpt lat="34.2343648709356784820556640625" lon="108.93702738918364048004150390625">
        <ele>404.79998779296875</ele>
        <time>2026-02-03T11:57:25.000Z</time>
        <extensions>
          <ns3:TrackPointExtension>
            <ns3:hr>138</ns3:hr>
            <ns3:cad>98</ns3:cad>
          </ns3:TrackPointExtension>
        </extensions>
      </trkpt>
      <trkpt lat="34.23433377407491207122802734375" lon="108.93703141249716281890869140625">
        <ele>404.79998779296875</ele>
        <time>2026-02-03T11:57:26.000Z</time>
        <extensions>
          <ns3:TrackPointExtension>
            <ns3:hr>139</ns3:hr>
            <ns3:cad>99</ns3:cad>
          </ns3:TrackPointExtension>
        </extensions>
      </trkpt>
      <trkpt lat="34.2343058623373508453369140625" lon="108.93702839501202106475830078125">
        <ele>404.79998779296875</ele>
        <time>2026-02-03T11:57:27.000Z</time>
        <extensions>
          <ns3:TrackPointExtension>
            <ns3:hr>139</ns3:hr>
            <ns3:cad>99</ns3:cad>
          </ns3:TrackPointExtension>
        </extensions>
      </trkpt>
      <trkpt lat="34.23427325673401355743408203125" lon="108.93703225068747997283935546875">
        <ele>404.79998779296875</ele>
        <time>2026-02-03T11:57:28.000Z</time>
        <extensions>
          <ns3:TrackPointExtension>
            <ns3:hr>139</ns3:hr>
            <ns3:cad>99</ns3:cad>
          </ns3:TrackPointExtension>
        </extensions>
      </trkpt>
      <trkpt lat="34.23424274660646915435791015625" lon="108.937031328678131103515625">
        <ele>404.79998779296875</ele>
        <time>2026-02-03T11:57:29.000Z</time>
        <extensions>
          <ns3:TrackPointExtension>
            <ns3:hr>139</ns3:hr>
            <ns3:cad>99</ns3:cad>
          </ns3:TrackPointExtension>
        </extensions>
      </trkpt>
      <trkpt lat="34.23421324230730533599853515625" lon="108.93703560344874858856201171875">
        <ele>404.600006103515625</ele>
        <time>2026-02-03T11:57:30.000Z</time>
        <extensions>
          <ns3:TrackPointExtension>
            <ns3:hr>139</ns3:hr>
            <ns3:cad>98</ns3:cad>
          </ns3:TrackPointExtension>
        </extensions>
      </trkpt>
      <trkpt lat="34.23417803831398487091064453125" lon="108.937042057514190673828125">
        <ele>404.600006103515625</ele>
        <time>2026-02-03T11:57:31.000Z</time>
        <extensions>
          <ns3:TrackPointExtension>
            <ns3:hr>139</ns3:hr>
            <ns3:cad>96</ns3:cad>
          </ns3:TrackPointExtension>
        </extensions>
      </trkpt>
      <trkpt lat="34.2341499589383602142333984375" lon="108.9370378665626049041748046875">
        <ele>404.600006103515625</ele>
        <time>2026-02-03T11:57:32.000Z</time>
        <extensions>
          <ns3:TrackPointExtension>
            <ns3:hr>139</ns3:hr>
            <ns3:cad>97</ns3:cad>
          </ns3:TrackPointExtension>
        </extensions>
      </trkpt>
      <trkpt lat="34.23411634750664234161376953125" lon="108.9370392076671123504638671875">
        <ele>404.600006103515625</ele>
        <time>2026-02-03T11:57:33.000Z</time>
        <extensions>
          <ns3:TrackPointExtension>
            <ns3:hr>139</ns3:hr>
            <ns3:cad>97</ns3:cad>
          </ns3:TrackPointExtension>
        </extensions>
      </trkpt>
      <trkpt lat="34.2340862564742565155029296875" lon="108.937041722238063812255859375">
        <ele>404.600006103515625</ele>
        <time>2026-02-03T11:57:34.000Z</time>
        <extensions>
          <ns3:TrackPointExtension>
            <ns3:hr>140</ns3:hr>
            <ns3:cad>97</ns3:cad>
          </ns3:TrackPointExtension>
        </extensions>
      </trkpt>
      <trkpt lat="34.2340604402124881744384765625" lon="108.93703795038163661956787109375">
        <ele>404.79998779296875</ele>
        <time>2026-02-03T11:57:35.000Z</time>
        <extensions>
          <ns3:TrackPointExtension>
            <ns3:hr>140</ns3:hr>
            <ns3:cad>97</ns3:cad>
          </ns3:TrackPointExtension>
        </extensions>
      </trkpt>
      <trkpt lat="34.2340302653610706329345703125" lon="108.93703937530517578125">
        <ele>404.79998779296875</ele>
        <time>2026-02-03T11:57:36.000Z</time>
        <extensions>
          <ns3:TrackPointExtension>
            <ns3:hr>140</ns3:hr>
            <ns3:cad>96</ns3:cad>
          </ns3:TrackPointExtension>
        </extensions>
      </trkpt>
      <trkpt lat="34.2340032756328582763671875" lon="108.937039040029048919677734375">
        <ele>404.79998779296875</ele>
        <time>2026-02-03T11:57:37.000Z</time>
        <extensions>
          <ns3:TrackPointExtension>
            <ns3:hr>140</ns3:hr>
            <ns3:cad>96</ns3:cad>
          </ns3:TrackPointExtension>
        </extensions>
      </trkpt>
      <trkpt lat="34.23397871665656566619873046875" lon="108.9370382018387317657470703125">
        <ele>404.79998779296875</ele>
        <time>2026-02-03T11:57:38.000Z</time>
        <extensions>
          <ns3:TrackPointExtension>
            <ns3:hr>140</ns3:hr>
            <ns3:cad>98</ns3:cad>
          </ns3:TrackPointExtension>
        </extensions>
      </trkpt>
      <trkpt lat="34.23394585959613323211669921875" lon="108.93704230897128582000732421875">
        <ele>404.79998779296875</ele>
        <time>2026-02-03T11:57:39.000Z</time>
        <extensions>
          <ns3:TrackPointExtension>
            <ns3:hr>140</ns3:hr>
            <ns3:cad>97</ns3:cad>
          </ns3:TrackPointExtension>
        </extensions>
      </trkpt>
      <trkpt lat="34.2339236475527286529541015625" lon="108.9370368607342243194580078125">
        <ele>404.79998779296875</ele>
        <time>2026-02-03T11:57:40.000Z</time>
        <extensions>
          <ns3:TrackPointExtension>
            <ns3:hr>139</ns3:hr>
            <ns3:cad>97</ns3:cad>
          </ns3:TrackPointExtension>
        </extensions>
      </trkpt>
      <trkpt lat="34.2338941432535648345947265625" lon="108.93703334033489227294921875">
        <ele>404.79998779296875</ele>
        <time>2026-02-03T11:57:41.000Z</time>
        <extensions>
          <ns3:TrackPointExtension>
            <ns3:hr>139</ns3:hr>
            <ns3:cad>98</ns3:cad>
          </ns3:TrackPointExtension>
        </extensions>
      </trkpt>
      <trkpt lat="34.23386455513536930084228515625" lon="108.9370355196297168731689453125">
        <ele>404.79998779296875</ele>
        <time>2026-02-03T11:57:42.000Z</time>
        <extensions>
          <ns3:TrackPointExtension>
            <ns3:hr>138</ns3:hr>
            <ns3:cad>98</ns3:cad>
          </ns3:TrackPointExtension>
        </extensions>
      </trkpt>
      <trkpt lat="34.2338383197784423828125" lon="108.937030993402004241943359375">
        <ele>404.79998779296875</ele>
        <time>2026-02-03T11:57:43.000Z</time>
        <extensions>
          <ns3:TrackPointExtension>
            <ns3:hr>138</ns3:hr>
            <ns3:cad>98</ns3:cad>
          </ns3:TrackPointExtension>
        </extensions>
      </trkpt>
      <trkpt lat="34.23380948603153228759765625" lon="108.93703275360167026519775390625">
        <ele>404.79998779296875</ele>
        <time>2026-02-03T11:57:44.000Z</time>
        <extensions>
          <ns3:TrackPointExtension>
            <ns3:hr>138</ns3:hr>
            <ns3:cad>98</ns3:cad>
          </ns3:TrackPointExtension>
        </extensions>
      </trkpt>
      <trkpt lat="34.233783669769763946533203125" lon="108.937033005058765411376953125">
        <ele>404.600006103515625</ele>
        <time>2026-02-03T11:57:45.000Z</time>
        <extensions>
          <ns3:TrackPointExtension>
            <ns3:hr>138</ns3:hr>
            <ns3:cad>96</ns3:cad>
          </ns3:TrackPointExtension>
        </extensions>
      </trkpt>
      <trkpt lat="34.2337565124034881591796875" lon="108.937031663954257965087890625">
        <ele>404.600006103515625</ele>
        <time>2026-02-03T11:57:46.000Z</time>
        <extensions>
          <ns3:TrackPointExtension>
            <ns3:hr>137</ns3:hr>
            <ns3:cad>96</ns3:cad>
          </ns3:TrackPointExtension>
        </extensions>
      </trkpt>
      <trkpt lat="34.2337248288094997406005859375" lon="108.93703945912420749664306640625">
        <ele>404.600006103515625</ele>
        <time>2026-02-03T11:57:47.000Z</time>
        <extensions>
          <ns3:TrackPointExtension>
            <ns3:hr>137</ns3:hr>
            <ns3:cad>97</ns3:cad>
          </ns3:TrackPointExtension>
        </extensions>
      </trkpt>
      <trkpt lat="34.2336993478238582611083984375" lon="108.93703543581068515777587890625">
        <ele>404.600006103515625</ele>
        <time>2026-02-03T11:57:48.000Z</time>
        <extensions>
          <ns3:TrackPointExtension>
            <ns3:hr>137</ns3:hr>
            <ns3:cad>97</ns3:cad>
          </ns3:TrackPointExtension>
        </extensions>
      </trkpt>
      <trkpt lat="34.2336685024201869964599609375" lon="108.9370378665626049041748046875">
        <ele>404.600006103515625</ele>
        <time>2026-02-03T11:57:49.000Z</time>
        <extensions>
          <ns3:TrackPointExtension>
            <ns3:hr>137</ns3:hr>
            <ns3:cad>97</ns3:cad>
          </ns3:TrackPointExtension>
        </extensions>
      </trkpt>
      <trkpt lat="34.233638159930706024169921875" lon="108.93704029731452465057373046875">
        <ele>404.600006103515625</ele>
        <time>2026-02-03T11:57:50.000Z</time>
        <extensions>
          <ns3:TrackPointExtension>
            <ns3:hr>136</ns3:hr>
            <ns3:cad>97</ns3:cad>
          </ns3:TrackPointExtension>
        </extensions>
      </trkpt>
      <trkpt lat="34.23361301422119140625" lon="108.9370432309806346893310546875">
        <ele>404.600006103515625</ele>
        <time>2026-02-03T11:57:51.000Z</time>
        <extensions>
          <ns3:TrackPointExtension>
            <ns3:hr>136</ns3:hr>
            <ns3:cad>98</ns3:cad>
          </ns3:TrackPointExtension>
        </extensions>
      </trkpt>
      <trkpt lat="34.23357940278947353363037109375" lon="108.93705211579799652099609375">
        <ele>404.600006103515625</ele>
        <time>2026-02-03T11:57:52.000Z</time>
        <extensions>
          <ns3:TrackPointExtension>
            <ns3:hr>136</ns3:hr>
            <ns3:cad>98</ns3:cad>
          </ns3:TrackPointExtension>
        </extensions>
      </trkpt>
      <trkpt lat="34.233556352555751800537109375" lon="108.93705488182604312896728515625">
        <ele>404.600006103515625</ele>
        <time>2026-02-03T11:57:53.000Z</time>
        <extensions>
          <ns3:TrackPointExtension>
            <ns3:hr>136</ns3:hr>
            <ns3:cad>98</ns3:cad>
          </ns3:TrackPointExtension>
        </extensions>
      </trkpt>
      <trkpt lat="34.23352642916142940521240234375" lon="108.93706686794757843017578125">
        <ele>404.600006103515625</ele>
        <time>2026-02-03T11:57:54.000Z</time>
        <extensions>
          <ns3:TrackPointExtension>
            <ns3:hr>136</ns3:hr>
            <ns3:cad>96</ns3:cad>
          </ns3:TrackPointExtension>
        </extensions>
      </trkpt>
      <trkpt lat="34.23350094817578792572021484375" lon="108.93707985989749431610107421875">
        <ele>404.600006103515625</ele>
        <time>2026-02-03T11:57:55.000Z</time>
        <extensions>
          <ns3:TrackPointExtension>
            <ns3:hr>135</ns3:hr>
            <ns3:cad>96</ns3:cad>
          </ns3:TrackPointExtension>
        </extensions>
      </trkpt>
      <trkpt lat="34.2334748804569244384765625" lon="108.93708907999098300933837890625">
        <ele>404.600006103515625</ele>
        <time>2026-02-03T11:57:56.000Z</time>
        <extensions>
          <ns3:TrackPointExtension>
            <ns3:hr>134</ns3:hr>
            <ns3:cad>96</ns3:cad>
          </ns3:TrackPointExtension>
        </extensions>
      </trkpt>
      <trkpt lat="34.23344328068196773529052734375" lon="108.9371139742434024810791015625">
        <ele>404.600006103515625</ele>
        <time>2026-02-03T11:57:57.000Z</time>
        <extensions>
          <ns3:TrackPointExtension>
            <ns3:hr>134</ns3:hr>
            <ns3:cad>95</ns3:cad>
          </ns3:TrackPointExtension>
        </extensions>
      </trkpt>
      <trkpt lat="34.23342299647629261016845703125" lon="108.9371317438781261444091796875">
        <ele>404.600006103515625</ele>
        <time>2026-02-03T11:57:58.000Z</time>
        <extensions>
          <ns3:TrackPointExtension>
            <ns3:hr>134</ns3:hr>
            <ns3:cad>97</ns3:cad>
          </ns3:TrackPointExtension>
        </extensions>
      </trkpt>
      <trkpt lat="34.23340137116611003875732421875" lon="108.93715261481702327728271484375">
        <ele>404.600006103515625</ele>
        <time>2026-02-03T11:57:59.000Z</time>
        <extensions>
          <ns3:TrackPointExtension>
            <ns3:hr>133</ns3:hr>
            <ns3:cad>97</ns3:cad>
          </ns3:TrackPointExtension>
        </extensions>
      </trkpt>
      <trkpt lat="34.23337991349399089813232421875" lon="108.93717742525041103363037109375">
        <ele>404.399993896484375</ele>
        <time>2026-02-03T11:58:00.000Z</time>
        <extensions>
          <ns3:TrackPointExtension>
            <ns3:hr>133</ns3:hr>
            <ns3:cad>97</ns3:cad>
          </ns3:TrackPointExtension>
        </extensions>
      </trkpt>
      <trkpt lat="34.23336314968764781951904296875" lon="108.93719871528446674346923828125">
        <ele>404.399993896484375</ele>
        <time>2026-02-03T11:58:01.000Z</time>
        <extensions>
          <ns3:TrackPointExtension>
            <ns3:hr>133</ns3:hr>
            <ns3:cad>97</ns3:cad>
          </ns3:TrackPointExtension>
        </extensions>
      </trkpt>
      <trkpt lat="34.233348481357097625732421875" lon="108.93723207525908946990966796875">
        <ele>404.600006103515625</ele>
        <time>2026-02-03T11:58:02.000Z</time>
        <extensions>
          <ns3:TrackPointExtension>
            <ns3:hr>133</ns3:hr>
            <ns3:cad>97</ns3:cad>
          </ns3:TrackPointExtension>
        </extensions>
      </trkpt>
      <trkpt lat="34.23333196900784969329833984375" lon="108.93725571222603321075439453125">
        <ele>404.600006103515625</ele>
        <time>2026-02-03T11:58:03.000Z</time>
        <extensions>
          <ns3:TrackPointExtension>
            <ns3:hr>133</ns3:hr>
            <ns3:cad>97</ns3:cad>
          </ns3:TrackPointExtension>
        </extensions>
      </trkpt>
      <trkpt lat="34.2333228327333927154541015625" lon="108.93728890456259250640869140625">
        <ele>404.399993896484375</ele>
        <time>2026-02-03T11:58:04.000Z</time>
        <extensions>
          <ns3:TrackPointExtension>
            <ns3:hr>133</ns3:hr>
            <ns3:cad>96</ns3:cad>
          </ns3:TrackPointExtension>
        </extensions>
      </trkpt>
      <trkpt lat="34.23331369645893573760986328125" lon="108.93732125870883464813232421875">
        <ele>404.600006103515625</ele>
        <time>2026-02-03T11:58:05.000Z</time>
        <extensions>
          <ns3:TrackPointExtension>
            <ns3:hr>133</ns3:hr>
            <ns3:cad>96</ns3:cad>
          </ns3:TrackPointExtension>
        </extensions>
      </trkpt>
      <trkpt lat="34.23330531455576419830322265625" lon="108.937352187931537628173828125">
        <ele>404.600006103515625</ele>
        <time>2026-02-03T11:58:06.000Z</time>
        <extensions>
          <ns3:TrackPointExtension>
            <ns3:hr>132</ns3:hr>
            <ns3:cad>95</ns3:cad>
          </ns3:TrackPointExtension>
        </extensions>
      </trkpt>
      <trkpt lat="34.23330279998481273651123046875" lon="108.93739049322903156280517578125">
        <ele>404.600006103515625</ele>
        <time>2026-02-03T11:58:07.000Z</time>
        <extensions>
          <ns3:TrackPointExtension>
            <ns3:hr>132</ns3:hr>
            <ns3:cad>95</ns3:cad>
          </ns3:TrackPointExtension>
        </extensions>
      </trkpt>
      <trkpt lat="34.2332926578819751739501953125" lon="108.937419243156909942626953125">
        <ele>404.600006103515625</ele>
        <time>2026-02-03T11:58:08.000Z</time>
        <extensions>
          <ns3:TrackPointExtension>
            <ns3:hr>132</ns3:hr>
            <ns3:cad>95</ns3:cad>
          </ns3:TrackPointExtension>
        </extensions>
      </trkpt>
      <trkpt lat="34.23329307697713375091552734375" lon="108.9374566264450550079345703125">
        <ele>404.399993896484375</ele>
        <time>2026-02-03T11:58:09.000Z</time>
        <extensions>
          <ns3:TrackPointExtension>
            <ns3:hr>131</ns3:hr>
            <ns3:cad>95</ns3:cad>
          </ns3:TrackPointExtension>
        </extensions>
      </trkpt>
      <trkpt lat="34.2332926578819751739501953125" lon="108.93749040551483631134033203125">
        <ele>404.399993896484375</ele>
        <time>2026-02-03T11:58:10.000Z</time>
        <extensions>
          <ns3:TrackPointExtension>
            <ns3:hr>130</ns3:hr>
            <ns3:cad>95</ns3:cad>
          </ns3:TrackPointExtension>
        </extensions>
      </trkpt>
      <trkpt lat="34.23329659737646579742431640625" lon="108.9375246874988079071044921875">
        <ele>404.399993896484375</ele>
        <time>2026-02-03T11:58:11.000Z</time>
        <extensions>
          <ns3:TrackPointExtension>
            <ns3:hr>130</ns3:hr>
            <ns3:cad>95</ns3:cad>
          </ns3:TrackPointExtension>
        </extensions>
      </trkpt>
      <trkpt lat="34.23330179415643215179443359375" lon="108.93756383098661899566650390625">
        <ele>404.399993896484375</ele>
        <time>2026-02-03T11:58:12.000Z</time>
        <extensions>
          <ns3:TrackPointExtension>
            <ns3:hr>129</ns3:hr>
            <ns3:cad>95</ns3:cad>
          </ns3:TrackPointExtension>
        </extensions>
      </trkpt>
      <trkpt lat="34.2333053983747959136962890625" lon="108.9375964365899562835693359375">
        <ele>404.399993896484375</ele>
        <time>2026-02-03T11:58:13.000Z</time>
        <extensions>
          <ns3:TrackPointExtension>
            <ns3:hr>128</ns3:hr>
            <ns3:cad>95</ns3:cad>
          </ns3:TrackPointExtension>
        </extensions>
      </trkpt>
      <trkpt lat="34.2333171330392360687255859375" lon="108.93763306550681591033935546875">
        <ele>404.399993896484375</ele>
        <time>2026-02-03T11:58:14.000Z</time>
        <extensions>
          <ns3:TrackPointExtension>
            <ns3:hr>127</ns3:hr>
            <ns3:cad>95</ns3:cad>
          </ns3:TrackPointExtension>
        </extensions>
      </trkpt>
      <trkpt lat="34.23332593403756618499755859375" lon="108.93766625784337520599365234375">
        <ele>404.399993896484375</ele>
        <time>2026-02-03T11:58:15.000Z</time>
        <extensions>
          <ns3:TrackPointExtension>
            <ns3:hr>126</ns3:hr>
            <ns3:cad>95</ns3:cad>
          </ns3:TrackPointExtension>
        </extensions>
      </trkpt>
      <trkpt lat="34.23333750106394290924072265625" lon="108.937695510685443878173828125">
        <ele>404.399993896484375</ele>
        <time>2026-02-03T11:58:16.000Z</time>
        <extensions>
          <ns3:TrackPointExtension>
            <ns3:hr>126</ns3:hr>
            <ns3:cad>95</ns3:cad>
          </ns3:TrackPointExtension>
        </extensions>
      </trkpt>
      <trkpt lat="34.2333530075848102569580078125" lon="108.9377258531749248504638671875">
        <ele>404.399993896484375</ele>
        <time>2026-02-03T11:58:17.000Z</time>
        <extensions>
          <ns3:TrackPointExtension>
            <ns3:hr>125</ns3:hr>
            <ns3:cad>96</ns3:cad>
          </ns3:TrackPointExtension>
        </extensions>
      </trkpt>
      <trkpt lat="34.2333634011447429656982421875" lon="108.93775376491248607635498046875">
        <ele>404.399993896484375</ele>
        <time>2026-02-03T11:58:18.000Z</time>
        <extensions>
          <ns3:TrackPointExtension>
            <ns3:hr>125</ns3:hr>
            <ns3:cad>96</ns3:cad>
          </ns3:TrackPointExtension>
        </extensions>
      </trkpt>
      <trkpt lat="34.2333841882646083831787109375" lon="108.93778511323034763336181640625">
        <ele>404.399993896484375</ele>
        <time>2026-02-03T11:58:19.000Z</time>
        <extensions>
          <ns3:TrackPointExtension>
            <ns3:hr>125</ns3:hr>
            <ns3:cad>96</ns3:cad>
          </ns3:TrackPointExtension>
        </extensions>
      </trkpt>
      <trkpt lat="34.233398772776126861572265625" lon="108.93781294114887714385986328125">
        <ele>404.399993896484375</ele>
        <time>2026-02-03T11:58:20.000Z</time>
        <extensions>
          <ns3:TrackPointExtension>
            <ns3:hr>125</ns3:hr>
            <ns3:cad>96</ns3:cad>
          </ns3:TrackPointExtension>
        </extensions>
      </trkpt>
      <trkpt lat="34.23341930843889713287353515625" lon="108.93783842213451862335205078125">
        <ele>404.399993896484375</ele>
        <time>2026-02-03T11:58:21.000Z</time>
        <extensions>
          <ns3:TrackPointExtension>
            <ns3:hr>125</ns3:hr>
            <ns3:cad>96</ns3:cad>
          </ns3:TrackPointExtension>
        </extensions>
      </trkpt>
      <trkpt lat="34.233445040881633758544921875" lon="108.93786038272082805633544921875">
        <ele>404.399993896484375</ele>
        <time>2026-02-03T11:58:22.000Z</time>
        <extensions>
          <ns3:TrackPointExtension>
            <ns3:hr>125</ns3:hr>
            <ns3:cad>96</ns3:cad>
          </ns3:TrackPointExtension>
        </extensions>
      </trkpt>
      <trkpt lat="34.2334646545350551605224609375" lon="108.93787949346005916595458984375">
        <ele>404.399993896484375</ele>
        <time>2026-02-03T11:58:23.000Z</time>
        <extensions>
          <ns3:TrackPointExtension>
            <ns3:hr>126</ns3:hr>
            <ns3:cad>95</ns3:cad>
          </ns3:TrackPointExtension>
        </extensions>
      </trkpt>
      <trkpt lat="34.233496002852916717529296875" lon="108.9378909766674041748046875">
        <ele>404.399993896484375</ele>
        <time>2026-02-03T11:58:24.000Z</time>
        <extensions>
          <ns3:TrackPointExtension>
            <ns3:hr>127</ns3:hr>
            <ns3:cad>97</ns3:cad>
          </ns3:TrackPointExtension>
        </extensions>
      </trkpt>
      <trkpt lat="34.23352290876209735870361328125" lon="108.93790598027408123016357421875">
        <ele>404.399993896484375</ele>
        <time>2026-02-03T11:58:25.000Z</time>
        <extensions>
          <ns3:TrackPointExtension>
            <ns3:hr>128</ns3:hr>
            <ns3:cad>97</ns3:cad>
          </ns3:TrackPointExtension>
        </extensions>
      </trkpt>
      <trkpt lat="34.23355258069932460784912109375" lon="108.9379122667014598846435546875">
        <ele>404.399993896484375</ele>
        <time>2026-02-03T11:58:26.000Z</time>
        <extensions>
          <ns3:TrackPointExtension>
            <ns3:hr>130</ns3:hr>
            <ns3:cad>97</ns3:cad>
          </ns3:TrackPointExtension>
        </extensions>
      </trkpt>
      <trkpt lat="34.23358015716075897216796875" lon="108.9379204809665679931640625">
        <ele>404.399993896484375</ele>
        <time>2026-02-03T11:58:27.000Z</time>
        <extensions>
          <ns3:TrackPointExtension>
            <ns3:hr>131</ns3:hr>
            <ns3:cad>96</ns3:cad>
          </ns3:TrackPointExtension>
        </extensions>
      </trkpt>
      <trkpt lat="34.23360806889832019805908203125" lon="108.937924169003963470458984375">
        <ele>404.399993896484375</ele>
        <time>2026-02-03T11:58:28.000Z</time>
        <extensions>
          <ns3:TrackPointExtension>
            <ns3:hr>132</ns3:hr>
            <ns3:cad>96</ns3:cad>
          </ns3:TrackPointExtension>
        </extensions>
      </trkpt>
      <trkpt lat="34.2336376570165157318115234375" lon="108.93792224116623401641845703125">
        <ele>404.399993896484375</ele>
        <time>2026-02-03T11:58:29.000Z</time>
        <extensions>
          <ns3:TrackPointExtension>
            <ns3:hr>132</ns3:hr>
            <ns3:cad>96</ns3:cad>
          </ns3:TrackPointExtension>
        </extensions>
      </trkpt>
      <trkpt lat="34.23365970142185688018798828125" lon="108.9379223249852657318115234375">
        <ele>404.399993896484375</ele>
        <time>2026-02-03T11:58:30.000Z</time>
        <extensions>
          <ns3:TrackPointExtension>
            <ns3:hr>132</ns3:hr>
            <ns3:cad>95</ns3:cad>
          </ns3:TrackPointExtension>
        </extensions>
      </trkpt>
      <trkpt lat="34.2336881160736083984375" lon="108.93791846930980682373046875">
        <ele>404.399993896484375</ele>
        <time>2026-02-03T11:58:31.000Z</time>
        <extensions>
          <ns3:TrackPointExtension>
            <ns3:hr>133</ns3:hr>
            <ns3:cad>94</ns3:cad>
          </ns3:TrackPointExtension>
        </extensions>
      </trkpt>
      <trkpt lat="34.23371669836342334747314453125" lon="108.93791670911014080047607421875">
        <ele>404.399993896484375</ele>
        <time>2026-02-03T11:58:32.000Z</time>
        <extensions>
          <ns3:TrackPointExtension>
            <ns3:hr>133</ns3:hr>
            <ns3:cad>94</ns3:cad>
          </ns3:TrackPointExtension>
        </extensions>
      </trkpt>
      <trkpt lat="34.23374352045357227325439453125" lon="108.93791771493852138519287109375">
        <ele>404.399993896484375</ele>
        <time>2026-02-03T11:58:33.000Z</time>
        <extensions>
          <ns3:TrackPointExtension>
            <ns3:hr>133</ns3:hr>
            <ns3:cad>94</ns3:cad>
          </ns3:TrackPointExtension>
        </extensions>
      </trkpt>
      <trkpt lat="34.2337764613330364227294921875" lon="108.93791176378726959228515625">
        <ele>404.399993896484375</ele>
        <time>2026-02-03T11:58:34.000Z</time>
        <extensions>
          <ns3:TrackPointExtension>
            <ns3:hr>133</ns3:hr>
            <ns3:cad>94</ns3:cad>
          </ns3:TrackPointExtension>
        </extensions>
      </trkpt>
      <trkpt lat="34.23380185849964618682861328125" lon="108.9379139430820941925048828125">
        <ele>404.399993896484375</ele>
        <time>2026-02-03T11:58:35.000Z</time>
        <extensions>
          <ns3:TrackPointExtension>
            <ns3:hr>134</ns3:hr>
            <ns3:cad>95</ns3:cad>
          </ns3:TrackPointExtension>
        </extensions>
      </trkpt>
      <trkpt lat="34.23383136279881000518798828125" lon="108.9379139430820941925048828125">
        <ele>404.399993896484375</ele>
        <time>2026-02-03T11:58:36.000Z</time>
        <extensions>
          <ns3:TrackPointExtension>
            <ns3:hr>133</ns3:hr>
            <ns3:cad>96</ns3:cad>
          </ns3:TrackPointExtension>
        </extensions>
      </trkpt>
      <trkpt lat="34.2338592745363712310791015625" lon="108.9379149489104747772216796875">
        <ele>404.399993896484375</ele>
        <time>2026-02-03T11:58:37.000Z</time>
        <extensions>
          <ns3:TrackPointExtension>
            <ns3:hr>133</ns3:hr>
            <ns3:cad>96</ns3:cad>
          </ns3:TrackPointExtension>
        </extensions>
      </trkpt>
      <trkpt lat="34.23388416878879070281982421875" lon="108.9379186369478702545166015625">
        <ele>404.399993896484375</ele>
        <time>2026-02-03T11:58:38.000Z</time>
        <extensions>
          <ns3:TrackPointExtension>
            <ns3:hr>134</ns3:hr>
            <ns3:cad>96</ns3:cad>
          </ns3:TrackPointExtension>
        </extensions>
      </trkpt>
      <trkpt lat="34.2339125834405422210693359375" lon="108.937912769615650177001953125">
        <ele>404.399993896484375</ele>
        <time>2026-02-03T11:58:39.000Z</time>
        <extensions>
          <ns3:TrackPointExtension>
            <ns3:hr>135</ns3:hr>
            <ns3:cad>96</ns3:cad>
          </ns3:TrackPointExtension>
        </extensions>
      </trkpt>
      <trkpt lat="34.23393714241683483123779296875" lon="108.93791134469211101531982421875">
        <ele>404.399993896484375</ele>
        <time>2026-02-03T11:58:40.000Z</time>
        <extensions>
          <ns3:TrackPointExtension>
            <ns3:hr>135</ns3:hr>
            <ns3:cad>98</ns3:cad>
          </ns3:TrackPointExtension>
        </extensions>
      </trkpt>
      <trkpt lat="34.2339611984789371490478515625" lon="108.93790832720696926116943359375">
        <ele>404.399993896484375</ele>
        <time>2026-02-03T11:58:41.000Z</time>
        <extensions>
          <ns3:TrackPointExtension>
            <ns3:hr>135</ns3:hr>
            <ns3:cad>98</ns3:cad>
          </ns3:TrackPointExtension>
        </extensions>
      </trkpt>
      <trkpt lat="34.23399011604487895965576171875" lon="108.9379035495221614837646484375">
        <ele>404.399993896484375</ele>
        <time>2026-02-03T11:58:42.000Z</time>
        <extensions>
          <ns3:TrackPointExtension>
            <ns3:hr>136</ns3:hr>
            <ns3:cad>98</ns3:cad>
          </ns3:TrackPointExtension>
        </extensions>
      </trkpt>
      <trkpt lat="34.23401375301182270050048828125" lon="108.93790648318827152252197265625">
        <ele>404.399993896484375</ele>
        <time>2026-02-03T11:58:43.000Z</time>
        <extensions>
          <ns3:TrackPointExtension>
            <ns3:hr>136</ns3:hr>
            <ns3:cad>97</ns3:cad>
          </ns3:TrackPointExtension>
        </extensions>
      </trkpt>
      <trkpt lat="34.23404644243419170379638671875" lon="108.937904722988605499267578125">
        <ele>404.399993896484375</ele>
        <time>2026-02-03T11:58:44.000Z</time>
        <extensions>
          <ns3:TrackPointExtension>
            <ns3:hr>136</ns3:hr>
            <ns3:cad>97</ns3:cad>
          </ns3:TrackPointExtension>
        </extensions>
      </trkpt>
      <trkpt lat="34.2340772040188312530517578125" lon="108.937905728816986083984375">
        <ele>404.399993896484375</ele>
        <time>2026-02-03T11:58:45.000Z</time>
        <extensions>
          <ns3:TrackPointExtension>
            <ns3:hr>136</ns3:hr>
            <ns3:cad>97</ns3:cad>
          </ns3:TrackPointExtension>
        </extensions>
      </trkpt>
      <trkpt lat="34.2341020144522190093994140625" lon="108.93790514208376407623291015625">
        <ele>404.399993896484375</ele>
        <time>2026-02-03T11:58:46.000Z</time>
        <extensions>
          <ns3:TrackPointExtension>
            <ns3:hr>136</ns3:hr>
            <ns3:cad>96</ns3:cad>
          </ns3:TrackPointExtension>
        </extensions>
      </trkpt>
      <trkpt lat="34.23413126729428768157958984375" lon="108.93790296278893947601318359375">
        <ele>404.399993896484375</ele>
        <time>2026-02-03T11:58:47.000Z</time>
        <extensions>
          <ns3:TrackPointExtension>
            <ns3:hr>136</ns3:hr>
            <ns3:cad>96</ns3:cad>
          </ns3:TrackPointExtension>
        </extensions>
      </trkpt>
      <trkpt lat="34.23415708355605602264404296875" lon="108.93790346570312976837158203125">
        <ele>404.399993896484375</ele>
        <time>2026-02-03T11:58:48.000Z</time>
        <extensions>
          <ns3:TrackPointExtension>
            <ns3:hr>135</ns3:hr>
            <ns3:cad>96</ns3:cad>
          </ns3:TrackPointExtension>
        </extensions>
      </trkpt>
      <trkpt lat="34.234183989465236663818359375" lon="108.93790480680763721466064453125">
        <ele>404.399993896484375</ele>
        <time>2026-02-03T11:58:49.000Z</time>
        <extensions>
          <ns3:TrackPointExtension>
            <ns3:hr>134</ns3:hr>
            <ns3:cad>96</ns3:cad>
          </ns3:TrackPointExtension>
        </extensions>
      </trkpt>
      <trkpt lat="34.2342153377830982208251953125" lon="108.93790313042700290679931640625">
        <ele>404.399993896484375</ele>
        <time>2026-02-03T11:58:50.000Z</time>
        <extensions>
          <ns3:TrackPointExtension>
            <ns3:hr>134</ns3:hr>
            <ns3:cad>97</ns3:cad>
          </ns3:TrackPointExtension>
        </extensions>
      </trkpt>
      <trkpt lat="34.23423889093101024627685546875" lon="108.93790681846439838409423828125">
        <ele>404.20001220703125</ele>
        <time>2026-02-03T11:58:51.000Z</time>
        <extensions>
          <ns3:TrackPointExtension>
            <ns3:hr>134</ns3:hr>
            <ns3:cad>97</ns3:cad>
          </ns3:TrackPointExtension>
        </extensions>
      </trkpt>
      <trkpt lat="34.23426789231598377227783203125" lon="108.937906734645366668701171875">
        <ele>404.20001220703125</ele>
        <time>2026-02-03T11:58:52.000Z</time>
        <extensions>
          <ns3:TrackPointExtension>
            <ns3:hr>134</ns3:hr>
            <ns3:cad>98</ns3:cad>
          </ns3:TrackPointExtension>
        </extensions>
      </trkpt>
      <trkpt lat="34.23429974354803562164306640625" lon="108.93790665082633495330810546875">
        <ele>404.399993896484375</ele>
        <time>2026-02-03T11:58:53.000Z</time>
        <extensions>
          <ns3:TrackPointExtension>
            <ns3:hr>134</ns3:hr>
            <ns3:cad>98</ns3:cad>
          </ns3:TrackPointExtension>
        </extensions>
      </trkpt>
      <trkpt lat="34.2343224585056304931640625" lon="108.93790665082633495330810546875">
        <ele>404.399993896484375</ele>
        <time>2026-02-03T11:58:54.000Z</time>
        <extensions>
          <ns3:TrackPointExtension>
            <ns3:hr>133</ns3:hr>
            <ns3:cad>98</ns3:cad>
          </ns3:TrackPointExtension>
        </extensions>
      </trkpt>
      <trkpt lat="34.23435137607157230377197265625" lon="108.937904052436351776123046875">
        <ele>404.20001220703125</ele>
        <time>2026-02-03T11:58:55.000Z</time>
        <extensions>
          <ns3:TrackPointExtension>
            <ns3:hr>134</ns3:hr>
            <ns3:cad>98</ns3:cad>
          </ns3:TrackPointExtension>
        </extensions>
      </trkpt>
      <trkpt lat="34.2343776114284992218017578125" lon="108.93790505826473236083984375">
        <ele>404.20001220703125</ele>
        <time>2026-02-03T11:58:56.000Z</time>
        <extensions>
          <ns3:TrackPointExtension>
            <ns3:hr>134</ns3:hr>
            <ns3:cad>98</ns3:cad>
          </ns3:TrackPointExtension>
        </extensions>
      </trkpt>
      <trkpt lat="34.2344024218618869781494140625" lon="108.93790681846439838409423828125">
        <ele>404.20001220703125</ele>
        <time>2026-02-03T11:58:57.000Z</time>
        <extensions>
          <ns3:TrackPointExtension>
            <ns3:hr>134</ns3:hr>
            <ns3:cad>98</ns3:cad>
          </ns3:TrackPointExtension>
        </extensions>
      </trkpt>
      <trkpt lat="34.2344305850565433502197265625" lon="108.93790262751281261444091796875">
        <ele>404.20001220703125</ele>
        <time>2026-02-03T11:58:58.000Z</time>
        <extensions>
          <ns3:TrackPointExtension>
            <ns3:hr>133</ns3:hr>
            <ns3:cad>98</ns3:cad>
          </ns3:TrackPointExtension>
        </extensions>
      </trkpt>
      <trkpt lat="34.2344557307660579681396484375" lon="108.93790237605571746826171875">
        <ele>404.20001220703125</ele>
        <time>2026-02-03T11:58:59.000Z</time>
        <extensions>
          <ns3:TrackPointExtension>
            <ns3:hr>133</ns3:hr>
            <ns3:cad>98</ns3:cad>
          </ns3:TrackPointExtension>
        </extensions>
      </trkpt>
      <trkpt lat="34.23448665998876094818115234375" lon="108.93789340741932392120361328125">
        <ele>404.20001220703125</ele>
        <time>2026-02-03T11:59:00.000Z</time>
        <extensions>
          <ns3:TrackPointExtension>
            <ns3:hr>133</ns3:hr>
            <ns3:cad>98</ns3:cad>
          </ns3:TrackPointExtension>
        </extensions>
      </trkpt>
      <trkpt lat="34.2345127277076244354248046875" lon="108.9378867857158184051513671875">
        <ele>404.20001220703125</ele>
        <time>2026-02-03T11:59:01.000Z</time>
        <extensions>
          <ns3:TrackPointExtension>
            <ns3:hr>133</ns3:hr>
            <ns3:cad>98</ns3:cad>
          </ns3:TrackPointExtension>
        </extensions>
      </trkpt>
      <trkpt lat="34.2345370352268218994140625" lon="108.9378800801932811737060546875">
        <ele>404.399993896484375</ele>
        <time>2026-02-03T11:59:02.000Z</time>
        <extensions>
          <ns3:TrackPointExtension>
            <ns3:hr>133</ns3:hr>
            <ns3:cad>97</ns3:cad>
          </ns3:TrackPointExtension>
        </extensions>
      </trkpt>
      <trkpt lat="34.23456477932631969451904296875" lon="108.93786239437758922576904296875">
        <ele>404.399993896484375</ele>
        <time>2026-02-03T11:59:03.000Z</time>
        <extensions>
          <ns3:TrackPointExtension>
            <ns3:hr>133</ns3:hr>
            <ns3:cad>97</ns3:cad>
          </ns3:TrackPointExtension>
        </extensions>
      </trkpt>
      <trkpt lat="34.23458925448358058929443359375" lon="108.937850408256053924560546875">
        <ele>404.399993896484375</ele>
        <time>2026-02-03T11:59:04.000Z</time>
        <extensions>
          <ns3:TrackPointExtension>
            <ns3:hr>134</ns3:hr>
            <ns3:cad>97</ns3:cad>
          </ns3:TrackPointExtension>
        </extensions>
      </trkpt>
      <trkpt lat="34.2346123047173023223876953125" lon="108.937830626964569091796875">
        <ele>404.399993896484375</ele>
        <time>2026-02-03T11:59:05.000Z</time>
        <extensions>
          <ns3:TrackPointExtension>
            <ns3:hr>134</ns3:hr>
            <ns3:cad>98</ns3:cad>
          </ns3:TrackPointExtension>
        </extensions>
      </trkpt>
      <trkpt lat="34.23463719896972179412841796875" lon="108.937803469598293304443359375">
        <ele>404.399993896484375</ele>
        <time>2026-02-03T11:59:06.000Z</time>
        <extensions>
          <ns3:TrackPointExtension>
            <ns3:hr>134</ns3:hr>
            <ns3:cad>98</ns3:cad>
          </ns3:TrackPointExtension>
        </extensions>
      </trkpt>
      <trkpt lat="34.23465915955603122711181640625" lon="108.9377838559448719024658203125">
        <ele>404.399993896484375</ele>
        <time>2026-02-03T11:59:07.000Z</time>
        <extensions>
          <ns3:TrackPointExtension>
            <ns3:hr>135</ns3:hr>
            <ns3:cad>98</ns3:cad>
          </ns3:TrackPointExtension>
        </extensions>
      </trkpt>
      <trkpt lat="34.2346790246665477752685546875" lon="108.93775695003569126129150390625">
        <ele>404.399993896484375</ele>
        <time>2026-02-03T11:59:08.000Z</time>
        <extensions>
          <ns3:TrackPointExtension>
            <ns3:hr>134</ns3:hr>
            <ns3:cad>99</ns3:cad>
          </ns3:TrackPointExtension>
        </extensions>
      </trkpt>
      <trkpt lat="34.2346991412341594696044921875" lon="108.93772845156490802764892578125">
        <ele>404.399993896484375</ele>
        <time>2026-02-03T11:59:09.000Z</time>
        <extensions>
          <ns3:TrackPointExtension>
            <ns3:hr>134</ns3:hr>
            <ns3:cad>99</ns3:cad>
          </ns3:TrackPointExtension>
        </extensions>
      </trkpt>
      <trkpt lat="34.23471531830728054046630859375" lon="108.93770297057926654815673828125">
        <ele>404.399993896484375</ele>
        <time>2026-02-03T11:59:10.000Z</time>
        <extensions>
          <ns3:TrackPointExtension>
            <ns3:hr>134</ns3:hr>
            <ns3:cad>98</ns3:cad>
          </ns3:TrackPointExtension>
        </extensions>
      </trkpt>
      <trkpt lat="34.2347252927720546722412109375" lon="108.93766944296658039093017578125">
        <ele>404.399993896484375</ele>
        <time>2026-02-03T11:59:11.000Z</time>
        <extensions>
          <ns3:TrackPointExtension>
            <ns3:hr>134</ns3:hr>
            <ns3:cad>98</ns3:cad>
          </ns3:TrackPointExtension>
        </extensions>
      </trkpt>
      <trkpt lat="34.23473753035068511962890625" lon="108.93764354288578033447265625">
        <ele>404.399993896484375</ele>
        <time>2026-02-03T11:59:12.000Z</time>
        <extensions>
          <ns3:TrackPointExtension>
            <ns3:hr>133</ns3:hr>
            <ns3:cad>98</ns3:cad>
          </ns3:TrackPointExtension>
        </extensions>
      </trkpt>
      <trkpt lat="34.23474700190126895904541015625" lon="108.93761177547276020050048828125">
        <ele>404.399993896484375</ele>
        <time>2026-02-03T11:59:13.000Z</time>
        <extensions>
          <ns3:TrackPointExtension>
            <ns3:hr>131</ns3:hr>
            <ns3:cad>98</ns3:cad>
          </ns3:TrackPointExtension>
        </extensions>
      </trkpt>
      <trkpt lat="34.234751276671886444091796875" lon="108.937578834593296051025390625">
        <ele>404.399993896484375</ele>
        <time>2026-02-03T11:59:14.000Z</time>
        <extensions>
          <ns3:TrackPointExtension>
            <ns3:hr>128</ns3:hr>
            <ns3:cad>98</ns3:cad>
          </ns3:TrackPointExtension>
        </extensions>
      </trkpt>
      <trkpt lat="34.23475873656570911407470703125" lon="108.93755058757960796356201171875">
        <ele>404.399993896484375</ele>
        <time>2026-02-03T11:59:15.000Z</time>
        <extensions>
          <ns3:TrackPointExtension>
            <ns3:hr>126</ns3:hr>
            <ns3:cad>98</ns3:cad>
          </ns3:TrackPointExtension>
        </extensions>
      </trkpt>
      <trkpt lat="34.2347581498324871063232421875" lon="108.93751320429146289825439453125">
        <ele>404.399993896484375</ele>
        <time>2026-02-03T11:59:16.000Z</time>
        <extensions>
          <ns3:TrackPointExtension>
            <ns3:hr>126</ns3:hr>
            <ns3:cad>98</ns3:cad>
          </ns3:TrackPointExtension>
        </extensions>
      </trkpt>
      <trkpt lat="34.234761334955692291259765625" lon="108.93748302944004535675048828125">
        <ele>404.399993896484375</ele>
        <time>2026-02-03T11:59:17.000Z</time>
        <extensions>
          <ns3:TrackPointExtension>
            <ns3:hr>126</ns3:hr>
            <ns3:cad>97</ns3:cad>
          </ns3:TrackPointExtension>
        </extensions>
      </trkpt>
      <trkpt lat="34.23475907184183597564697265625" lon="108.9374465681612491607666015625">
        <ele>404.20001220703125</ele>
        <time>2026-02-03T11:59:18.000Z</time>
        <extensions>
          <ns3:TrackPointExtension>
            <ns3:hr>126</ns3:hr>
            <ns3:cad>96</ns3:cad>
          </ns3:TrackPointExtension>
        </extensions>
      </trkpt>
      <trkpt lat="34.234757311642169952392578125" lon="108.9374120347201824188232421875">
        <ele>404.20001220703125</ele>
        <time>2026-02-03T11:59:19.000Z</time>
        <extensions>
          <ns3:TrackPointExtension>
            <ns3:hr>126</ns3:hr>
            <ns3:cad>94</ns3:cad>
          </ns3:TrackPointExtension>
        </extensions>
      </trkpt>
      <trkpt lat="34.2347551323473453521728515625" lon="108.9373852126300334930419921875">
        <ele>404.20001220703125</ele>
        <time>2026-02-03T11:59:20.000Z</time>
        <extensions>
          <ns3:TrackPointExtension>
            <ns3:hr>125</ns3:hr>
            <ns3:cad>94</ns3:cad>
          </ns3:TrackPointExtension>
        </extensions>
      </trkpt>
      <trkpt lat="34.23474331386387348175048828125" lon="108.9373486675322055816650390625">
        <ele>404.20001220703125</ele>
        <time>2026-02-03T11:59:21.000Z</time>
        <extensions>
          <ns3:TrackPointExtension>
            <ns3:hr>126</ns3:hr>
            <ns3:cad>94</ns3:cad>
          </ns3:TrackPointExtension>
        </extensions>
      </trkpt>
      <trkpt lat="34.23473644070327281951904296875" lon="108.93731631338596343994140625">
        <ele>404.20001220703125</ele>
        <time>2026-02-03T11:59:22.000Z</time>
        <extensions>
          <ns3:TrackPointExtension>
            <ns3:hr>127</ns3:hr>
            <ns3:cad>95</ns3:cad>
          </ns3:TrackPointExtension>
        </extensions>
      </trkpt>
      <trkpt lat="34.2347212694585323333740234375" lon="108.93728354014456272125244140625">
        <ele>404.20001220703125</ele>
        <time>2026-02-03T11:59:23.000Z</time>
        <extensions>
          <ns3:TrackPointExtension>
            <ns3:hr>127</ns3:hr>
            <ns3:cad>95</ns3:cad>
          </ns3:TrackPointExtension>
        </extensions>
      </trkpt>
      <trkpt lat="34.23470475710928440093994140625" lon="108.9372517727315425872802734375">
        <ele>404.20001220703125</ele>
        <time>2026-02-03T11:59:24.000Z</time>
        <extensions>
          <ns3:TrackPointExtension>
            <ns3:hr>127</ns3:hr>
            <ns3:cad>95</ns3:cad>
          </ns3:TrackPointExtension>
        </extensions>
      </trkpt>
      <trkpt lat="34.23469285480678081512451171875" lon="108.93722201697528362274169921875">
        <ele>404.20001220703125</ele>
        <time>2026-02-03T11:59:25.000Z</time>
        <extensions>
          <ns3:TrackPointExtension>
            <ns3:hr>128</ns3:hr>
            <ns3:cad>95</ns3:cad>
          </ns3:TrackPointExtension>
        </extensions>
      </trkpt>
      <trkpt lat="34.2346699722111225128173828125" lon="108.9371910877525806427001953125">
        <ele>404.20001220703125</ele>
        <time>2026-02-03T11:59:26.000Z</time>
        <extensions>
          <ns3:TrackPointExtension>
            <ns3:hr>127</ns3:hr>
            <ns3:cad>95</ns3:cad>
          </ns3:TrackPointExtension>
        </extensions>
      </trkpt>
      <trkpt lat="34.2346515320241451263427734375" lon="108.93716334365308284759521484375">
        <ele>404.20001220703125</ele>
        <time>2026-02-03T11:59:27.000Z</time>
        <extensions>
          <ns3:TrackPointExtension>
            <ns3:hr>127</ns3:hr>
            <ns3:cad>96</ns3:cad>
          </ns3:TrackPointExtension>
        </extensions>
      </trkpt>
      <trkpt lat="34.23462647013366222381591796875" lon="108.93713652156293392181396484375">
        <ele>404.20001220703125</ele>
        <time>2026-02-03T11:59:28.000Z</time>
        <extensions>
          <ns3:TrackPointExtension>
            <ns3:hr>128</ns3:hr>
            <ns3:cad>97</ns3:cad>
          </ns3:TrackPointExtension>
        </extensions>
      </trkpt>
      <trkpt lat="34.23460149206221103668212890625" lon="108.93711439333856105804443359375">
        <ele>404.20001220703125</ele>
        <time>2026-02-03T11:59:29.000Z</time>
        <extensions>
          <ns3:TrackPointExtension>
            <ns3:hr>128</ns3:hr>
            <ns3:cad>97</ns3:cad>
          </ns3:TrackPointExtension>
        </extensions>
      </trkpt>
      <trkpt lat="34.23458062112331390380859375" lon="108.9370941929519176483154296875">
        <ele>404.20001220703125</ele>
        <time>2026-02-03T11:59:30.000Z</time>
        <extensions>
          <ns3:TrackPointExtension>
            <ns3:hr>129</ns3:hr>
            <ns3:cad>95</ns3:cad>
          </ns3:TrackPointExtension>
        </extensions>
      </trkpt>
      <trkpt lat="34.23455170355737209320068359375" lon="108.93707416020333766937255859375">
        <ele>404.20001220703125</ele>
        <time>2026-02-03T11:59:31.000Z</time>
        <extensions>
          <ns3:TrackPointExtension>
            <ns3:hr>129</ns3:hr>
            <ns3:cad>95</ns3:cad>
          </ns3:TrackPointExtension>
        </extensions>
      </trkpt>
      <trkpt lat="34.23452890478074550628662109375" lon="108.93706016242504119873046875">
        <ele>404.20001220703125</ele>
        <time>2026-02-03T11:59:32.000Z</time>
        <extensions>
          <ns3:TrackPointExtension>
            <ns3:hr>129</ns3:hr>
            <ns3:cad>96</ns3:cad>
          </ns3:TrackPointExtension>
        </extensions>
      </trkpt>
      <trkpt lat="34.23450342379510402679443359375" lon="108.93704750575125217437744140625">
        <ele>404.20001220703125</ele>
        <time>2026-02-03T11:59:33.000Z</time>
        <extensions>
          <ns3:TrackPointExtension>
            <ns3:hr>129</ns3:hr>
            <ns3:cad>96</ns3:cad>
          </ns3:TrackPointExtension>
        </extensions>
      </trkpt>
      <trkpt lat="34.234475009143352508544921875" lon="108.937041722238063812255859375">
        <ele>404.20001220703125</ele>
        <time>2026-02-03T11:59:34.000Z</time>
        <extensions>
          <ns3:TrackPointExtension>
            <ns3:hr>129</ns3:hr>
            <ns3:cad>96</ns3:cad>
          </ns3:TrackPointExtension>
        </extensions>
      </trkpt>
      <trkpt lat="34.23444961197674274444580078125" lon="108.9370325021445751190185546875">
        <ele>404.20001220703125</ele>
        <time>2026-02-03T11:59:35.000Z</time>
        <extensions>
          <ns3:TrackPointExtension>
            <ns3:hr>129</ns3:hr>
            <ns3:cad>97</ns3:cad>
          </ns3:TrackPointExtension>
        </extensions>
      </trkpt>
      <trkpt lat="34.2344198562204837799072265625" lon="108.93702973611652851104736328125">
        <ele>404.20001220703125</ele>
        <time>2026-02-03T11:59:36.000Z</time>
        <extensions>
          <ns3:TrackPointExtension>
            <ns3:hr>129</ns3:hr>
            <ns3:cad>96</ns3:cad>
          </ns3:TrackPointExtension>
        </extensions>
      </trkpt>
      <trkpt lat="34.23438909463584423065185546875" lon="108.93702487461268901824951171875">
        <ele>404.20001220703125</ele>
        <time>2026-02-03T11:59:37.000Z</time>
        <extensions>
          <ns3:TrackPointExtension>
            <ns3:hr>129</ns3:hr>
            <ns3:cad>96</ns3:cad>
          </ns3:TrackPointExtension>
        </extensions>
      </trkpt>
      <trkpt lat="34.234363697469234466552734375" lon="108.937026970088481903076171875">
        <ele>404.20001220703125</ele>
        <time>2026-02-03T11:59:38.000Z</time>
        <extensions>
          <ns3:TrackPointExtension>
            <ns3:hr>129</ns3:hr>
            <ns3:cad>96</ns3:cad>
          </ns3:TrackPointExtension>
        </extensions>
      </trkpt>
      <trkpt lat="34.23433327116072177886962890625" lon="108.93703199923038482666015625">
        <ele>404.20001220703125</ele>
        <time>2026-02-03T11:59:39.000Z</time>
        <extensions>
          <ns3:TrackPointExtension>
            <ns3:hr>129</ns3:hr>
            <ns3:cad>96</ns3:cad>
          </ns3:TrackPointExtension>
        </extensions>
      </trkpt>
      <trkpt lat="34.234310053288936614990234375" lon="108.93702856265008449554443359375">
        <ele>404.20001220703125</ele>
        <time>2026-02-03T11:59:40.000Z</time>
        <extensions>
          <ns3:TrackPointExtension>
            <ns3:hr>129</ns3:hr>
            <ns3:cad>96</ns3:cad>
          </ns3:TrackPointExtension>
        </extensions>
      </trkpt>
      <trkpt lat="34.23428155481815338134765625" lon="108.9370314963161945343017578125">
        <ele>404.20001220703125</ele>
        <time>2026-02-03T11:59:41.000Z</time>
        <extensions>
          <ns3:TrackPointExtension>
            <ns3:hr>129</ns3:hr>
            <ns3:cad>96</ns3:cad>
          </ns3:TrackPointExtension>
        </extensions>
      </trkpt>
      <trkpt lat="34.2342542298138141632080078125" lon="108.93703225068747997283935546875">
        <ele>404.20001220703125</ele>
        <time>2026-02-03T11:59:42.000Z</time>
        <extensions>
          <ns3:TrackPointExtension>
            <ns3:hr>129</ns3:hr>
            <ns3:cad>96</ns3:cad>
          </ns3:TrackPointExtension>
        </extensions>
      </trkpt>
      <trkpt lat="34.2342307604849338531494140625" lon="108.93703090958297252655029296875">
        <ele>404.20001220703125</ele>
        <time>2026-02-03T11:59:43.000Z</time>
        <extensions>
          <ns3:TrackPointExtension>
            <ns3:hr>129</ns3:hr>
            <ns3:cad>96</ns3:cad>
          </ns3:TrackPointExtension>
        </extensions>
      </trkpt>
      <trkpt lat="34.2342005856335163116455078125" lon="108.93703476525843143463134765625">
        <ele>404.20001220703125</ele>
        <time>2026-02-03T11:59:44.000Z</time>
        <extensions>
          <ns3:TrackPointExtension>
            <ns3:hr>129</ns3:hr>
            <ns3:cad>96</ns3:cad>
          </ns3:TrackPointExtension>
        </extensions>
      </trkpt>
      <trkpt lat="34.23417837359011173248291015625" lon="108.93703308887779712677001953125">
        <ele>404.20001220703125</ele>
        <time>2026-02-03T11:59:45.000Z</time>
        <extensions>
          <ns3:TrackPointExtension>
            <ns3:hr>129</ns3:hr>
            <ns3:cad>96</ns3:cad>
          </ns3:TrackPointExtension>
        </extensions>
      </trkpt>
      <trkpt lat="34.23414668999612331390380859375" lon="108.93703526817262172698974609375">
        <ele>404.20001220703125</ele>
        <time>2026-02-03T11:59:46.000Z</time>
        <extensions>
          <ns3:TrackPointExtension>
            <ns3:hr>129</ns3:hr>
            <ns3:cad>96</ns3:cad>
          </ns3:TrackPointExtension>
        </extensions>
      </trkpt>
      <trkpt lat="34.234118945896625518798828125" lon="108.93703870475292205810546875">
        <ele>404.20001220703125</ele>
        <time>2026-02-03T11:59:47.000Z</time>
        <extensions>
          <ns3:TrackPointExtension>
            <ns3:hr>129</ns3:hr>
            <ns3:cad>96</ns3:cad>
          </ns3:TrackPointExtension>
        </extensions>
      </trkpt>
      <trkpt lat="34.23409245908260345458984375" lon="108.9370380342006683349609375">
        <ele>404</ele>
        <time>2026-02-03T11:59:48.000Z</time>
        <extensions>
          <ns3:TrackPointExtension>
            <ns3:hr>129</ns3:hr>
            <ns3:cad>97</ns3:cad>
          </ns3:TrackPointExtension>
        </extensions>
      </trkpt>
      <trkpt lat="34.234061278402805328369140625" lon="108.93704113550484180450439453125">
        <ele>404</ele>
        <time>2026-02-03T11:59:49.000Z</time>
        <extensions>
          <ns3:TrackPointExtension>
            <ns3:hr>129</ns3:hr>
            <ns3:cad>97</ns3:cad>
          </ns3:TrackPointExtension>
        </extensions>
      </trkpt>
      <trkpt lat="34.23403822816908359527587890625" lon="108.93703560344874858856201171875">
        <ele>404.20001220703125</ele>
        <time>2026-02-03T11:59:50.000Z</time>
        <extensions>
          <ns3:TrackPointExtension>
            <ns3:hr>130</ns3:hr>
            <ns3:cad>96</ns3:cad>
          </ns3:TrackPointExtension>
        </extensions>
      </trkpt>
      <trkpt lat="34.2340078018605709075927734375" lon="108.9370378665626049041748046875">
        <ele>404.20001220703125</ele>
        <time>2026-02-03T11:59:51.000Z</time>
        <extensions>
          <ns3:TrackPointExtension>
            <ns3:hr>130</ns3:hr>
            <ns3:cad>96</ns3:cad>
          </ns3:TrackPointExtension>
        </extensions>
      </trkpt>
      <trkpt lat="34.233980812132358551025390625" lon="108.93703627400100231170654296875">
        <ele>404.20001220703125</ele>
        <time>2026-02-03T11:59:52.000Z</time>
        <extensions>
          <ns3:TrackPointExtension>
            <ns3:hr>130</ns3:hr>
            <ns3:cad>96</ns3:cad>
          </ns3:TrackPointExtension>
        </extensions>
      </trkpt>
      <trkpt lat="34.233958013355731964111328125" lon="108.93703744746744632720947265625">
        <ele>404.20001220703125</ele>
        <time>2026-02-03T11:59:53.000Z</time>
        <extensions>
          <ns3:TrackPointExtension>
            <ns3:hr>130</ns3:hr>
            <ns3:cad>96</ns3:cad>
          </ns3:TrackPointExtension>
        </extensions>
      </trkpt>
      <trkpt lat="34.233927167952060699462890625" lon="108.937037028372287750244140625">
        <ele>404.20001220703125</ele>
        <time>2026-02-03T11:59:54.000Z</time>
        <extensions>
          <ns3:TrackPointExtension>
            <ns3:hr>130</ns3:hr>
            <ns3:cad>96</ns3:cad>
          </ns3:TrackPointExtension>
        </extensions>
      </trkpt>
      <trkpt lat="34.23390059731900691986083984375" lon="108.93703459762036800384521484375">
        <ele>404.20001220703125</ele>
        <time>2026-02-03T11:59:55.000Z</time>
        <extensions>
          <ns3:TrackPointExtension>
            <ns3:hr>130</ns3:hr>
            <ns3:cad>95</ns3:cad>
          </ns3:TrackPointExtension>
        </extensions>
      </trkpt>
      <trkpt lat="34.2338710092008113861083984375" lon="108.93703778274357318878173828125">
        <ele>404.20001220703125</ele>
        <time>2026-02-03T11:59:56.000Z</time>
        <extensions>
          <ns3:TrackPointExtension>
            <ns3:hr>129</ns3:hr>
            <ns3:cad>95</ns3:cad>
          </ns3:TrackPointExtension>
        </extensions>
      </trkpt>
      <trkpt lat="34.23384108580648899078369140625" lon="108.93703870475292205810546875">
        <ele>404.20001220703125</ele>
        <time>2026-02-03T11:59:57.000Z</time>
        <extensions>
          <ns3:TrackPointExtension>
            <ns3:hr>129</ns3:hr>
            <ns3:cad>97</ns3:cad>
          </ns3:TrackPointExtension>
        </extensions>
      </trkpt>
      <trkpt lat="34.23381862230598926544189453125" lon="108.937037028372287750244140625">
        <ele>404.20001220703125</ele>
        <time>2026-02-03T11:59:58.000Z</time>
        <extensions>
          <ns3:TrackPointExtension>
            <ns3:hr>129</ns3:hr>
            <ns3:cad>97</ns3:cad>
          </ns3:TrackPointExtension>
        </extensions>
      </trkpt>
      <trkpt lat="34.23378660343587398529052734375" lon="108.93704297952353954315185546875">
        <ele>404</ele>
        <time>2026-02-03T11:59:59.000Z</time>
        <extensions>
          <ns3:TrackPointExtension>
            <ns3:hr>129</ns3:hr>
            <ns3:cad>97</ns3:cad>
          </ns3:TrackPointExtension>
        </extensions>
      </trkpt>
      <trkpt lat="34.23375986516475677490234375" lon="108.9370432309806346893310546875">
        <ele>404</ele>
        <time>2026-02-03T12:00:00.000Z</time>
        <extensions>
          <ns3:TrackPointExtension>
            <ns3:hr>129</ns3:hr>
            <ns3:cad>97</ns3:cad>
          </ns3:TrackPointExtension>
        </extensions>
      </trkpt>
      <trkpt lat="34.23373312689363956451416015625" lon="108.9370469190180301666259765625">
        <ele>404.20001220703125</ele>
        <time>2026-02-03T12:00:01.000Z</time>
        <extensions>
          <ns3:TrackPointExtension>
            <ns3:hr>129</ns3:hr>
            <ns3:cad>96</ns3:cad>
          </ns3:TrackPointExtension>
        </extensions>
      </trkpt>
      <trkpt lat="34.23370622098445892333984375" lon="108.9370492659509181976318359375">
        <ele>404.20001220703125</ele>
        <time>2026-02-03T12:00:02.000Z</time>
        <extensions>
          <ns3:TrackPointExtension>
            <ns3:hr>129</ns3:hr>
            <ns3:cad>95</ns3:cad>
          </ns3:TrackPointExtension>
        </extensions>
      </trkpt>
      <trkpt lat="34.2336825840175151824951171875" lon="108.93704675137996673583984375">
        <ele>404</ele>
        <time>2026-02-03T12:00:03.000Z</time>
        <extensions>
          <ns3:TrackPointExtension>
            <ns3:hr>128</ns3:hr>
            <ns3:cad>95</ns3:cad>
          </ns3:TrackPointExtension>
        </extensions>
      </trkpt>
      <trkpt lat="34.2336527444422245025634765625" lon="108.93704968504607677459716796875">
        <ele>404.20001220703125</ele>
        <time>2026-02-03T12:00:04.000Z</time>
        <extensions>
          <ns3:TrackPointExtension>
            <ns3:hr>128</ns3:hr>
            <ns3:cad>97</ns3:cad>
          </ns3:TrackPointExtension>
        </extensions>
      </trkpt>
      <trkpt lat="34.23363153822720050811767578125" lon="108.9370496012270450592041015625">
        <ele>404.20001220703125</ele>
        <time>2026-02-03T12:00:05.000Z</time>
        <extensions>
          <ns3:TrackPointExtension>
            <ns3:hr>128</ns3:hr>
            <ns3:cad>97</ns3:cad>
          </ns3:TrackPointExtension>
        </extensions>
      </trkpt>
      <trkpt lat="34.2336031235754489898681640625" lon="108.9370539598166942596435546875">
        <ele>404.20001220703125</ele>
        <time>2026-02-03T12:00:06.000Z</time>
        <extensions>
          <ns3:TrackPointExtension>
            <ns3:hr>127</ns3:hr>
            <ns3:cad>97</ns3:cad>
          </ns3:TrackPointExtension>
        </extensions>
      </trkpt>
      <trkpt lat="34.23357420600950717926025390625" lon="108.937059156596660614013671875">
        <ele>404.20001220703125</ele>
        <time>2026-02-03T12:00:07.000Z</time>
        <extensions>
          <ns3:TrackPointExtension>
            <ns3:hr>127</ns3:hr>
            <ns3:cad>95</ns3:cad>
          </ns3:TrackPointExtension>
        </extensions>
      </trkpt>
      <trkpt lat="34.233548641204833984375" lon="108.9370610006153583526611328125">
        <ele>404.20001220703125</ele>
        <time>2026-02-03T12:00:08.000Z</time>
        <extensions>
          <ns3:TrackPointExtension>
            <ns3:hr>127</ns3:hr>
            <ns3:cad>96</ns3:cad>
          </ns3:TrackPointExtension>
        </extensions>
      </trkpt>
      <trkpt lat="34.23351771198213100433349609375" lon="108.93707985989749431610107421875">
        <ele>404.20001220703125</ele>
        <time>2026-02-03T12:00:09.000Z</time>
        <extensions>
          <ns3:TrackPointExtension>
            <ns3:hr>127</ns3:hr>
            <ns3:cad>96</ns3:cad>
          </ns3:TrackPointExtension>
        </extensions>
      </trkpt>
      <trkpt lat="34.2334914766252040863037109375" lon="108.9370915107429027557373046875">
        <ele>404.20001220703125</ele>
        <time>2026-02-03T12:00:10.000Z</time>
        <extensions>
          <ns3:TrackPointExtension>
            <ns3:hr>127</ns3:hr>
            <ns3:cad>96</ns3:cad>
          </ns3:TrackPointExtension>
        </extensions>
      </trkpt>
      <trkpt lat="34.2334663309156894683837890625" lon="108.93710684962570667266845703125">
        <ele>404.20001220703125</ele>
        <time>2026-02-03T12:00:11.000Z</time>
        <extensions>
          <ns3:TrackPointExtension>
            <ns3:hr>126</ns3:hr>
            <ns3:cad>96</ns3:cad>
          </ns3:TrackPointExtension>
        </extensions>
      </trkpt>
      <trkpt lat="34.23343942500650882720947265625" lon="108.93712730146944522857666015625">
        <ele>404.20001220703125</ele>
        <time>2026-02-03T12:00:12.000Z</time>
        <extensions>
          <ns3:TrackPointExtension>
            <ns3:hr>127</ns3:hr>
            <ns3:cad>96</ns3:cad>
          </ns3:TrackPointExtension>
        </extensions>
      </trkpt>
      <trkpt lat="34.23341595567762851715087890625" lon="108.937138952314853668212890625">
        <ele>404.20001220703125</ele>
        <time>2026-02-03T12:00:13.000Z</time>
        <extensions>
          <ns3:TrackPointExtension>
            <ns3:hr>127</ns3:hr>
            <ns3:cad>96</ns3:cad>
          </ns3:TrackPointExtension>
        </extensions>
      </trkpt>
      <trkpt lat="34.23339114524424076080322265625" lon="108.93716585822403430938720703125">
        <ele>404.20001220703125</ele>
        <time>2026-02-03T12:00:14.000Z</time>
        <extensions>
          <ns3:TrackPointExtension>
            <ns3:hr>127</ns3:hr>
            <ns3:cad>97</ns3:cad>
          </ns3:TrackPointExtension>
        </extensions>
      </trkpt>
      <trkpt lat="34.23336968757212162017822265625" lon="108.9371857233345508575439453125">
        <ele>404.20001220703125</ele>
        <time>2026-02-03T12:00:15.000Z</time>
        <extensions>
          <ns3:TrackPointExtension>
            <ns3:hr>128</ns3:hr>
            <ns3:cad>97</ns3:cad>
          </ns3:TrackPointExtension>
        </extensions>
      </trkpt>
      <trkpt lat="34.233353845775127410888671875" lon="108.93721413798630237579345703125">
        <ele>404.20001220703125</ele>
        <time>2026-02-03T12:00:16.000Z</time>
        <extensions>
          <ns3:TrackPointExtension>
            <ns3:hr>128</ns3:hr>
            <ns3:cad>96</ns3:cad>
          </ns3:TrackPointExtension>
        </extensions>
      </trkpt>
      <trkpt lat="34.2333365790545940399169921875" lon="108.93724665977060794830322265625">
        <ele>404.20001220703125</ele>
        <time>2026-02-03T12:00:17.000Z</time>
        <extensions>
          <ns3:TrackPointExtension>
            <ns3:hr>129</ns3:hr>
            <ns3:cad>96</ns3:cad>
          </ns3:TrackPointExtension>
        </extensions>
      </trkpt>
      <trkpt lat="34.233323670923709869384765625" lon="108.93726945854723453521728515625">
        <ele>404.20001220703125</ele>
        <time>2026-02-03T12:00:18.000Z</time>
        <extensions>
          <ns3:TrackPointExtension>
            <ns3:hr>129</ns3:hr>
            <ns3:cad>96</ns3:cad>
          </ns3:TrackPointExtension>
        </extensions>
      </trkpt>
      <trkpt lat="34.23331570811569690704345703125" lon="108.937301896512508392333984375">
        <ele>404.20001220703125</ele>
        <time>2026-02-03T12:00:19.000Z</time>
        <extensions>
          <ns3:TrackPointExtension>
            <ns3:hr>130</ns3:hr>
            <ns3:cad>96</ns3:cad>
          </ns3:TrackPointExtension>
        </extensions>
      </trkpt>
      <trkpt lat="34.2333057336509227752685546875" lon="108.93734221346676349639892578125">
        <ele>404.20001220703125</ele>
        <time>2026-02-03T12:00:20.000Z</time>
        <extensions>
          <ns3:TrackPointExtension>
            <ns3:hr>130</ns3:hr>
            <ns3:cad>96</ns3:cad>
          </ns3:TrackPointExtension>
        </extensions>
      </trkpt>
      <trkpt lat="34.2332986928522586822509765625" lon="108.93737255595624446868896484375">
        <ele>404.20001220703125</ele>
        <time>2026-02-03T12:00:21.000Z</time>
        <extensions>
          <ns3:TrackPointExtension>
            <ns3:hr>131</ns3:hr>
            <ns3:cad>96</ns3:cad>
          </ns3:TrackPointExtension>
        </extensions>
      </trkpt>
      <trkpt lat="34.2332966811954975128173828125" lon="108.93741480074822902679443359375">
        <ele>404.20001220703125</ele>
        <time>2026-02-03T12:00:22.000Z</time>
        <extensions>
          <ns3:TrackPointExtension>
            <ns3:hr>132</ns3:hr>
            <ns3:cad>96</ns3:cad>
          </ns3:TrackPointExtension>
        </extensions>
      </trkpt>
      <trkpt lat="34.23329140059649944305419921875" lon="108.937445394694805145263671875">
        <ele>404.20001220703125</ele>
        <time>2026-02-03T12:00:23.000Z</time>
        <extensions>
          <ns3:TrackPointExtension>
            <ns3:hr>132</ns3:hr>
            <ns3:cad>98</ns3:cad>
          </ns3:TrackPointExtension>
        </extensions>
      </trkpt>
      <trkpt lat="34.233290813863277435302734375" lon="108.93748395144939422607421875">
        <ele>404.20001220703125</ele>
        <time>2026-02-03T12:00:24.000Z</time>
        <extensions>
          <ns3:TrackPointExtension>
            <ns3:hr>132</ns3:hr>
            <ns3:cad>98</ns3:cad>
          </ns3:TrackPointExtension>
        </extensions>
      </trkpt>
      <trkpt lat="34.2332909815013408660888671875" lon="108.937524855136871337890625">
        <ele>404.20001220703125</ele>
        <time>2026-02-03T12:00:25.000Z</time>
        <extensions>
          <ns3:TrackPointExtension>
            <ns3:hr>132</ns3:hr>
            <ns3:cad>98</ns3:cad>
          </ns3:TrackPointExtension>
        </extensions>
      </trkpt>
      <trkpt lat="34.2332956753671169281005859375" lon="108.93756181932985782623291015625">
        <ele>404.20001220703125</ele>
        <time>2026-02-03T12:00:26.000Z</time>
        <extensions>
          <ns3:TrackPointExtension>
            <ns3:hr>132</ns3:hr>
            <ns3:cad>96</ns3:cad>
          </ns3:TrackPointExtension>
        </extensions>
      </trkpt>
      <trkpt lat="34.23330196179449558258056640625" lon="108.93760062754154205322265625">
        <ele>404.20001220703125</ele>
        <time>2026-02-03T12:00:27.000Z</time>
        <extensions>
          <ns3:TrackPointExtension>
            <ns3:hr>132</ns3:hr>
            <ns3:cad>95</ns3:cad>
          </ns3:TrackPointExtension>
        </extensions>
      </trkpt>
      <trkpt lat="34.23330816440284252166748046875" lon="108.937632478773593902587890625">
        <ele>404.20001220703125</ele>
        <time>2026-02-03T12:00:28.000Z</time>
        <extensions>
          <ns3:TrackPointExtension>
            <ns3:hr>132</ns3:hr>
            <ns3:cad>95</ns3:cad>
          </ns3:TrackPointExtension>
        </extensions>
      </trkpt>
      <trkpt lat="34.2333219945430755615234375" lon="108.93766726367175579071044921875">
        <ele>404.20001220703125</ele>
        <time>2026-02-03T12:00:29.000Z</time>
        <extensions>
          <ns3:TrackPointExtension>
            <ns3:hr>133</ns3:hr>
            <ns3:cad>95</ns3:cad>
          </ns3:TrackPointExtension>
        </extensions>
      </trkpt>
      <trkpt lat="34.2333305440843105316162109375" lon="108.93769743852317333221435546875">
        <ele>404.20001220703125</ele>
        <time>2026-02-03T12:00:30.000Z</time>
        <extensions>
          <ns3:TrackPointExtension>
            <ns3:hr>133</ns3:hr>
            <ns3:cad>95</ns3:cad>
          </ns3:TrackPointExtension>
        </extensions>
      </trkpt>
      <trkpt lat="34.23334370367228984832763671875" lon="108.937728367745876312255859375">
        <ele>404.20001220703125</ele>
        <time>2026-02-03T12:00:31.000Z</time>
        <extensions>
          <ns3:TrackPointExtension>
            <ns3:hr>133</ns3:hr>
            <ns3:cad>95</ns3:cad>
          </ns3:TrackPointExtension>
        </extensions>
      </trkpt>
      <trkpt lat="34.23336331732571125030517578125" lon="108.93776130862534046173095703125">
        <ele>404.399993896484375</ele>
        <time>2026-02-03T12:00:32.000Z</time>
        <extensions>
          <ns3:TrackPointExtension>
            <ns3:hr>134</ns3:hr>
            <ns3:cad>94</ns3:cad>
          </ns3:TrackPointExtension>
        </extensions>
      </trkpt>
      <trkpt lat="34.2333784885704517364501953125" lon="108.93778678961098194122314453125">
        <ele>404.20001220703125</ele>
        <time>2026-02-03T12:00:33.000Z</time>
        <extensions>
          <ns3:TrackPointExtension>
            <ns3:hr>134</ns3:hr>
            <ns3:cad>96</ns3:cad>
          </ns3:TrackPointExtension>
        </extensions>
      </trkpt>
      <trkpt lat="34.23340304754674434661865234375" lon="108.93780908547341823577880859375">
        <ele>404.20001220703125</ele>
        <time>2026-02-03T12:00:34.000Z</time>
        <extensions>
          <ns3:TrackPointExtension>
            <ns3:hr>135</ns3:hr>
            <ns3:cad>96</ns3:cad>
          </ns3:TrackPointExtension>
        </extensions>
      </trkpt>
      <trkpt lat="34.23342232592403888702392578125" lon="108.93783071078360080718994140625">
        <ele>404.20001220703125</ele>
        <time>2026-02-03T12:00:35.000Z</time>
        <extensions>
          <ns3:TrackPointExtension>
            <ns3:hr>135</ns3:hr>
            <ns3:cad>96</ns3:cad>
          </ns3:TrackPointExtension>
        </extensions>
      </trkpt>
      <trkpt lat="34.2334445379674434661865234375" lon="108.93784864805638790130615234375">
        <ele>404.20001220703125</ele>
        <time>2026-02-03T12:00:36.000Z</time>
        <extensions>
          <ns3:TrackPointExtension>
            <ns3:hr>135</ns3:hr>
            <ns3:cad>96</ns3:cad>
          </ns3:TrackPointExtension>
        </extensions>
      </trkpt>
      <trkpt lat="34.23347529955208301544189453125" lon="108.93786239437758922576904296875">
        <ele>404.20001220703125</ele>
        <time>2026-02-03T12:00:37.000Z</time>
        <extensions>
          <ns3:TrackPointExtension>
            <ns3:hr>135</ns3:hr>
            <ns3:cad>96</ns3:cad>
          </ns3:TrackPointExtension>
        </extensions>
      </trkpt>
      <trkpt lat="34.23349608667194843292236328125" lon="108.9378800801932811737060546875">
        <ele>404.20001220703125</ele>
        <time>2026-02-03T12:00:38.000Z</time>
        <extensions>
          <ns3:TrackPointExtension>
            <ns3:hr>135</ns3:hr>
            <ns3:cad>96</ns3:cad>
          </ns3:TrackPointExtension>
        </extensions>
      </trkpt>
      <trkpt lat="34.23352274112403392791748046875" lon="108.93788904882967472076416015625">
        <ele>404.20001220703125</ele>
        <time>2026-02-03T12:00:39.000Z</time>
        <extensions>
          <ns3:TrackPointExtension>
            <ns3:hr>135</ns3:hr>
            <ns3:cad>96</ns3:cad>
          </ns3:TrackPointExtension>
        </extensions>
      </trkpt>
      <trkpt lat="34.23355056904256343841552734375" lon="108.9378968439996242523193359375">
        <ele>404.20001220703125</ele>
        <time>2026-02-03T12:00:40.000Z</time>
        <extensions>
          <ns3:TrackPointExtension>
            <ns3:hr>135</ns3:hr>
            <ns3:cad>97</ns3:cad>
          </ns3:TrackPointExtension>
        </extensions>
      </trkpt>
      <trkpt lat="34.2335759662091732025146484375" lon="108.93790430389344692230224609375">
        <ele>404.399993896484375</ele>
        <time>2026-02-03T12:00:41.000Z</time>
        <extensions>
          <ns3:TrackPointExtension>
            <ns3:hr>135</ns3:hr>
            <ns3:cad>97</ns3:cad>
          </ns3:TrackPointExtension>
        </extensions>
      </trkpt>
      <trkpt lat="34.2336068116128444671630859375" lon="108.9379065670073032379150390625">
        <ele>404.399993896484375</ele>
        <time>2026-02-03T12:00:42.000Z</time>
        <extensions>
          <ns3:TrackPointExtension>
            <ns3:hr>134</ns3:hr>
            <ns3:cad>98</ns3:cad>
          </ns3:TrackPointExtension>
        </extensions>
      </trkpt>
      <trkpt lat="34.23363321460783481597900390625" lon="108.93790966831147670745849609375">
        <ele>404.399993896484375</ele>
        <time>2026-02-03T12:00:43.000Z</time>
        <extensions>
          <ns3:TrackPointExtension>
            <ns3:hr>135</ns3:hr>
            <ns3:cad>98</ns3:cad>
          </ns3:TrackPointExtension>
        </extensions>
      </trkpt>
      <trkpt lat="34.23365903086960315704345703125" lon="108.93791176378726959228515625">
        <ele>404.399993896484375</ele>
        <time>2026-02-03T12:00:44.000Z</time>
        <extensions>
          <ns3:TrackPointExtension>
            <ns3:hr>135</ns3:hr>
            <ns3:cad>98</ns3:cad>
          </ns3:TrackPointExtension>
        </extensions>
      </trkpt>
      <trkpt lat="34.23369104973971843719482421875" lon="108.93790832720696926116943359375">
        <ele>404.399993896484375</ele>
        <time>2026-02-03T12:00:45.000Z</time>
        <extensions>
          <ns3:TrackPointExtension>
            <ns3:hr>135</ns3:hr>
            <ns3:cad>98</ns3:cad>
          </ns3:TrackPointExtension>
        </extensions>
      </trkpt>
      <trkpt lat="34.2337171174585819244384765625" lon="108.93791067413985729217529296875">
        <ele>404.399993896484375</ele>
        <time>2026-02-03T12:00:46.000Z</time>
        <extensions>
          <ns3:TrackPointExtension>
            <ns3:hr>135</ns3:hr>
            <ns3:cad>97</ns3:cad>
          </ns3:TrackPointExtension>
        </extensions>
      </trkpt>
      <trkpt lat="34.23374134115874767303466796875" lon="108.93791318871080875396728515625">
        <ele>404.399993896484375</ele>
        <time>2026-02-03T12:00:47.000Z</time>
        <extensions>
          <ns3:TrackPointExtension>
            <ns3:hr>135</ns3:hr>
            <ns3:cad>97</ns3:cad>
          </ns3:TrackPointExtension>
        </extensions>
      </trkpt>
      <trkpt lat="34.233770258724689483642578125" lon="108.9379112608730792999267578125">
        <ele>404.399993896484375</ele>
        <time>2026-02-03T12:00:48.000Z</time>
        <extensions>
          <ns3:TrackPointExtension>
            <ns3:hr>135</ns3:hr>
            <ns3:cad>98</ns3:cad>
          </ns3:TrackPointExtension>
        </extensions>
      </trkpt>
      <trkpt lat="34.23379473388195037841796875" lon="108.93791712820529937744140625">
        <ele>404.399993896484375</ele>
        <time>2026-02-03T12:00:49.000Z</time>
        <extensions>
          <ns3:TrackPointExtension>
            <ns3:hr>135</ns3:hr>
            <ns3:cad>98</ns3:cad>
          </ns3:TrackPointExtension>
        </extensions>
      </trkpt>
      <trkpt lat="34.23382432200014591217041015625" lon="108.93791444599628448486328125">
        <ele>404.399993896484375</ele>
        <time>2026-02-03T12:00:50.000Z</time>
        <extensions>
          <ns3:TrackPointExtension>
            <ns3:hr>134</ns3:hr>
            <ns3:cad>98</ns3:cad>
          </ns3:TrackPointExtension>
        </extensions>
      </trkpt>
      <trkpt lat="34.2338512279093265533447265625" lon="108.93791670911014080047607421875">
        <ele>404.399993896484375</ele>
        <time>2026-02-03T12:00:51.000Z</time>
        <extensions>
          <ns3:TrackPointExtension>
            <ns3:hr>135</ns3:hr>
            <ns3:cad>98</ns3:cad>
          </ns3:TrackPointExtension>
        </extensions>
      </trkpt>
      <trkpt lat="34.233876876533031463623046875" lon="108.937919475138187408447265625">
        <ele>404.399993896484375</ele>
        <time>2026-02-03T12:00:52.000Z</time>
        <extensions>
          <ns3:TrackPointExtension>
            <ns3:hr>135</ns3:hr>
            <ns3:cad>98</ns3:cad>
          </ns3:TrackPointExtension>
        </extensions>
      </trkpt>
      <trkpt lat="34.23390579409897327423095703125" lon="108.937916122376918792724609375">
        <ele>404.399993896484375</ele>
        <time>2026-02-03T12:00:53.000Z</time>
        <extensions>
          <ns3:TrackPointExtension>
            <ns3:hr>135</ns3:hr>
            <ns3:cad>98</ns3:cad>
          </ns3:TrackPointExtension>
        </extensions>
      </trkpt>
      <trkpt lat="34.23393093980848789215087890625" lon="108.93791737966239452362060546875">
        <ele>404.399993896484375</ele>
        <time>2026-02-03T12:00:54.000Z</time>
        <extensions>
          <ns3:TrackPointExtension>
            <ns3:hr>135</ns3:hr>
            <ns3:cad>98</ns3:cad>
          </ns3:TrackPointExtension>
        </extensions>
      </trkpt>
      <trkpt lat="34.23395834863185882568359375" lon="108.93791838549077510833740234375">
        <ele>404.399993896484375</ele>
        <time>2026-02-03T12:00:55.000Z</time>
        <extensions>
          <ns3:TrackPointExtension>
            <ns3:hr>134</ns3:hr>
            <ns3:cad>98</ns3:cad>
          </ns3:TrackPointExtension>
        </extensions>
      </trkpt>
      <trkpt lat="34.2339883558452129364013671875" lon="108.93791620619595050811767578125">
        <ele>404.399993896484375</ele>
        <time>2026-02-03T12:00:56.000Z</time>
        <extensions>
          <ns3:TrackPointExtension>
            <ns3:hr>135</ns3:hr>
            <ns3:cad>98</ns3:cad>
          </ns3:TrackPointExtension>
        </extensions>
      </trkpt>
      <trkpt lat="34.23401090316474437713623046875" lon="108.937919475138187408447265625">
        <ele>404.399993896484375</ele>
        <time>2026-02-03T12:00:57.000Z</time>
        <extensions>
          <ns3:TrackPointExtension>
            <ns3:hr>135</ns3:hr>
            <ns3:cad>98</ns3:cad>
          </ns3:TrackPointExtension>
        </extensions>
      </trkpt>
      <trkpt lat="34.234041161835193634033203125" lon="108.937914110720157623291015625">
        <ele>404.399993896484375</ele>
        <time>2026-02-03T12:00:58.000Z</time>
        <extensions>
          <ns3:TrackPointExtension>
            <ns3:hr>134</ns3:hr>
            <ns3:cad>98</ns3:cad>
          </ns3:TrackPointExtension>
        </extensions>
      </trkpt>
      <trkpt lat="34.2340668104588985443115234375" lon="108.93791620619595050811767578125">
        <ele>404.399993896484375</ele>
        <time>2026-02-03T12:00:59.000Z</time>
        <extensions>
          <ns3:TrackPointExtension>
            <ns3:hr>135</ns3:hr>
            <ns3:cad>97</ns3:cad>
          </ns3:TrackPointExtension>
        </extensions>
      </trkpt>
      <trkpt lat="34.234092794358730316162109375" lon="108.9379129372537136077880859375">
        <ele>404.600006103515625</ele>
        <time>2026-02-03T12:01:00.000Z</time>
        <extensions>
          <ns3:TrackPointExtension>
            <ns3:hr>134</ns3:hr>
            <ns3:cad>97</ns3:cad>
          </ns3:TrackPointExtension>
        </extensions>
      </trkpt>
      <trkpt lat="34.23412271775305271148681640625" lon="108.9379089139401912689208984375">
        <ele>404.399993896484375</ele>
        <time>2026-02-03T12:01:01.000Z</time>
        <extensions>
          <ns3:TrackPointExtension>
            <ns3:hr>134</ns3:hr>
            <ns3:cad>97</ns3:cad>
          </ns3:TrackPointExtension>
        </extensions>
      </trkpt>
      <trkpt lat="34.234146773815155029296875" lon="108.9379115961492061614990234375">
        <ele>404.600006103515625</ele>
        <time>2026-02-03T12:01:02.000Z</time>
        <extensions>
          <ns3:TrackPointExtension>
            <ns3:hr>135</ns3:hr>
            <ns3:cad>97</ns3:cad>
          </ns3:TrackPointExtension>
        </extensions>
      </trkpt>
      <trkpt lat="34.23417887650430202484130859375" lon="108.93790614791214466094970703125">
        <ele>404.600006103515625</ele>
        <time>2026-02-03T12:01:03.000Z</time>
        <extensions>
          <ns3:TrackPointExtension>
            <ns3:hr>135</ns3:hr>
            <ns3:cad>97</ns3:cad>
          </ns3:TrackPointExtension>
        </extensions>
      </trkpt>
      <trkpt lat="34.234204776585102081298828125" lon="108.93790363334119319915771484375">
        <ele>404.600006103515625</ele>
        <time>2026-02-03T12:01:04.000Z</time>
        <extensions>
          <ns3:TrackPointExtension>
            <ns3:hr>135</ns3:hr>
            <ns3:cad>97</ns3:cad>
          </ns3:TrackPointExtension>
        </extensions>
      </trkpt>
      <trkpt lat="34.2342300899326801300048828125" lon="108.93790463916957378387451171875">
        <ele>404.600006103515625</ele>
        <time>2026-02-03T12:01:05.000Z</time>
        <extensions>
          <ns3:TrackPointExtension>
            <ns3:hr>134</ns3:hr>
            <ns3:cad>96</ns3:cad>
          </ns3:TrackPointExtension>
        </extensions>
      </trkpt>
      <trkpt lat="34.23425900749862194061279296875" lon="108.93789927475154399871826171875">
        <ele>404.600006103515625</ele>
        <time>2026-02-03T12:01:06.000Z</time>
        <extensions>
          <ns3:TrackPointExtension>
            <ns3:hr>133</ns3:hr>
            <ns3:cad>96</ns3:cad>
          </ns3:TrackPointExtension>
        </extensions>
      </trkpt>
      <trkpt lat="34.2342823930084705352783203125" lon="108.93790245987474918365478515625">
        <ele>404.600006103515625</ele>
        <time>2026-02-03T12:01:07.000Z</time>
        <extensions>
          <ns3:TrackPointExtension>
            <ns3:hr>133</ns3:hr>
            <ns3:cad>96</ns3:cad>
          </ns3:TrackPointExtension>
        </extensions>
      </trkpt>
      <trkpt lat="34.23431164585053920745849609375" lon="108.93790380097925662994384765625">
        <ele>404.600006103515625</ele>
        <time>2026-02-03T12:01:08.000Z</time>
        <extensions>
          <ns3:TrackPointExtension>
            <ns3:hr>133</ns3:hr>
            <ns3:cad>96</ns3:cad>
          </ns3:TrackPointExtension>
        </extensions>
      </trkpt>
      <trkpt lat="34.23433729447424411773681640625" lon="108.93790598027408123016357421875">
        <ele>404.600006103515625</ele>
        <time>2026-02-03T12:01:09.000Z</time>
        <extensions>
          <ns3:TrackPointExtension>
            <ns3:hr>132</ns3:hr>
            <ns3:cad>96</ns3:cad>
          </ns3:TrackPointExtension>
        </extensions>
      </trkpt>
      <trkpt lat="34.23436059616506099700927734375" lon="108.93790799193084239959716796875">
        <ele>404.600006103515625</ele>
        <time>2026-02-03T12:01:10.000Z</time>
        <extensions>
          <ns3:TrackPointExtension>
            <ns3:hr>132</ns3:hr>
            <ns3:cad>97</ns3:cad>
          </ns3:TrackPointExtension>
        </extensions>
      </trkpt>
      <trkpt lat="34.2343926988542079925537109375" lon="108.9379048906266689300537109375">
        <ele>404.600006103515625</ele>
        <time>2026-02-03T12:01:11.000Z</time>
        <extensions>
          <ns3:TrackPointExtension>
            <ns3:hr>132</ns3:hr>
            <ns3:cad>97</ns3:cad>
          </ns3:TrackPointExtension>
        </extensions>
      </trkpt>
      <trkpt lat="34.23441843129694461822509765625" lon="108.937904052436351776123046875">
        <ele>404.600006103515625</ele>
        <time>2026-02-03T12:01:12.000Z</time>
        <extensions>
          <ns3:TrackPointExtension>
            <ns3:hr>132</ns3:hr>
            <ns3:cad>97</ns3:cad>
          </ns3:TrackPointExtension>
        </extensions>
      </trkpt>
      <trkpt lat="34.23444391228258609771728515625" lon="108.93790447153151035308837890625">
        <ele>404.600006103515625</ele>
        <time>2026-02-03T12:01:13.000Z</time>
        <extensions>
          <ns3:TrackPointExtension>
            <ns3:hr>132</ns3:hr>
            <ns3:cad>97</ns3:cad>
          </ns3:TrackPointExtension>
        </extensions>
      </trkpt>
      <trkpt lat="34.23447425477206707000732421875" lon="108.9378978498280048370361328125">
        <ele>404.600006103515625</ele>
        <time>2026-02-03T12:01:14.000Z</time>
        <extensions>
          <ns3:TrackPointExtension>
            <ns3:hr>132</ns3:hr>
            <ns3:cad>97</ns3:cad>
          </ns3:TrackPointExtension>
        </extensions>
      </trkpt>
      <trkpt lat="34.23450107686221599578857421875" lon="108.93789273686707019805908203125">
        <ele>404.600006103515625</ele>
        <time>2026-02-03T12:01:15.000Z</time>
        <extensions>
          <ns3:TrackPointExtension>
            <ns3:hr>132</ns3:hr>
            <ns3:cad>98</ns3:cad>
          </ns3:TrackPointExtension>
        </extensions>
      </trkpt>
      <trkpt lat="34.23453007824718952178955078125" lon="108.93788033165037631988525390625">
        <ele>404.600006103515625</ele>
        <time>2026-02-03T12:01:16.000Z</time>
        <extensions>
          <ns3:TrackPointExtension>
            <ns3:hr>132</ns3:hr>
            <ns3:cad>98</ns3:cad>
          </ns3:TrackPointExtension>
        </extensions>
      </trkpt>
      <trkpt lat="34.2345586605370044708251953125" lon="108.93786440603435039520263671875">
        <ele>404.600006103515625</ele>
        <time>2026-02-03T12:01:17.000Z</time>
        <extensions>
          <ns3:TrackPointExtension>
            <ns3:hr>131</ns3:hr>
            <ns3:cad>98</ns3:cad>
          </ns3:TrackPointExtension>
        </extensions>
      </trkpt>
      <trkpt lat="34.23458389006555080413818359375" lon="108.937856443226337432861328125">
        <ele>404.600006103515625</ele>
        <time>2026-02-03T12:01:18.000Z</time>
        <extensions>
          <ns3:TrackPointExtension>
            <ns3:hr>132</ns3:hr>
            <ns3:cad>97</ns3:cad>
          </ns3:TrackPointExtension>
        </extensions>
      </trkpt>
      <trkpt lat="34.23460937105119228363037109375" lon="108.937834315001964569091796875">
        <ele>404.600006103515625</ele>
        <time>2026-02-03T12:01:19.000Z</time>
        <extensions>
          <ns3:TrackPointExtension>
            <ns3:hr>132</ns3:hr>
            <ns3:cad>98</ns3:cad>
          </ns3:TrackPointExtension>
        </extensions>
      </trkpt>
      <trkpt lat="34.23463284038007259368896484375" lon="108.937819898128509521484375">
        <ele>404.600006103515625</ele>
        <time>2026-02-03T12:01:20.000Z</time>
        <extensions>
          <ns3:TrackPointExtension>
            <ns3:hr>132</ns3:hr>
            <ns3:cad>98</ns3:cad>
          </ns3:TrackPointExtension>
        </extensions>
      </trkpt>
      <trkpt lat="34.23465446569025516510009765625" lon="108.93779718317091464996337890625">
        <ele>404.600006103515625</ele>
        <time>2026-02-03T12:01:21.000Z</time>
        <extensions>
          <ns3:TrackPointExtension>
            <ns3:hr>131</ns3:hr>
            <ns3:cad>97</ns3:cad>
          </ns3:TrackPointExtension>
        </extensions>
      </trkpt>
      <trkpt lat="34.23467340879142284393310546875" lon="108.93777371384203433990478515625">
        <ele>404.600006103515625</ele>
        <time>2026-02-03T12:01:22.000Z</time>
        <extensions>
          <ns3:TrackPointExtension>
            <ns3:hr>131</ns3:hr>
            <ns3:cad>97</ns3:cad>
          </ns3:TrackPointExtension>
        </extensions>
      </trkpt>
      <trkpt lat="34.234690256416797637939453125" lon="108.9377516694366931915283203125">
        <ele>404.600006103515625</ele>
        <time>2026-02-03T12:01:23.000Z</time>
        <extensions>
          <ns3:TrackPointExtension>
            <ns3:hr>131</ns3:hr>
            <ns3:cad>97</ns3:cad>
          </ns3:TrackPointExtension>
        </extensions>
      </trkpt>
      <trkpt lat="34.23470794223248958587646484375" lon="108.9377198182046413421630859375">
        <ele>404.600006103515625</ele>
        <time>2026-02-03T12:01:24.000Z</time>
        <extensions>
          <ns3:TrackPointExtension>
            <ns3:hr>131</ns3:hr>
            <ns3:cad>96</ns3:cad>
          </ns3:TrackPointExtension>
        </extensions>
      </trkpt>
      <trkpt lat="34.23472277820110321044921875" lon="108.9376973547041416168212890625">
        <ele>404.600006103515625</ele>
        <time>2026-02-03T12:01:25.000Z</time>
        <extensions>
          <ns3:TrackPointExtension>
            <ns3:hr>131</ns3:hr>
            <ns3:cad>95</ns3:cad>
          </ns3:TrackPointExtension>
        </extensions>
      </trkpt>
      <trkpt lat="34.23473845236003398895263671875" lon="108.93766575492918491363525390625">
        <ele>404.600006103515625</ele>
        <time>2026-02-03T12:01:26.000Z</time>
        <extensions>
          <ns3:TrackPointExtension>
            <ns3:hr>131</ns3:hr>
            <ns3:cad>95</ns3:cad>
          </ns3:TrackPointExtension>
        </extensions>
      </trkpt>
      <trkpt lat="34.23474666662514209747314453125" lon="108.93763222731649875640869140625">
        <ele>404.600006103515625</ele>
        <time>2026-02-03T12:01:27.000Z</time>
        <extensions>
          <ns3:TrackPointExtension>
            <ns3:hr>131</ns3:hr>
            <ns3:cad>95</ns3:cad>
          </ns3:TrackPointExtension>
        </extensions>
      </trkpt>
      <trkpt lat="34.2347594909369945526123046875" lon="108.93760624341666698455810546875">
        <ele>404.600006103515625</ele>
        <time>2026-02-03T12:01:28.000Z</time>
        <extensions>
          <ns3:TrackPointExtension>
            <ns3:hr>131</ns3:hr>
            <ns3:cad>95</ns3:cad>
          </ns3:TrackPointExtension>
        </extensions>
      </trkpt>
      <trkpt lat="34.23476577736437320709228515625" lon="108.937570787966251373291015625">
        <ele>404.600006103515625</ele>
        <time>2026-02-03T12:01:29.000Z</time>
        <extensions>
          <ns3:TrackPointExtension>
            <ns3:hr>131</ns3:hr>
            <ns3:cad>95</ns3:cad>
          </ns3:TrackPointExtension>
        </extensions>
      </trkpt>
      <trkpt lat="34.23477348871529102325439453125" lon="108.93754019401967525482177734375">
        <ele>404.600006103515625</ele>
        <time>2026-02-03T12:01:30.000Z</time>
        <extensions>
          <ns3:TrackPointExtension>
            <ns3:hr>131</ns3:hr>
            <ns3:cad>95</ns3:cad>
          </ns3:TrackPointExtension>
        </extensions>
      </trkpt>
      <trkpt lat="34.234777428209781646728515625" lon="108.93750834278762340545654296875">
        <ele>404.600006103515625</ele>
        <time>2026-02-03T12:01:31.000Z</time>
        <extensions>
          <ns3:TrackPointExtension>
            <ns3:hr>131</ns3:hr>
            <ns3:cad>96</ns3:cad>
          </ns3:TrackPointExtension>
        </extensions>
      </trkpt>
      <trkpt lat="34.234774075448513031005859375" lon="108.9374693669378757476806640625">
        <ele>404.600006103515625</ele>
        <time>2026-02-03T12:01:32.000Z</time>
        <extensions>
          <ns3:TrackPointExtension>
            <ns3:hr>131</ns3:hr>
            <ns3:cad>96</ns3:cad>
          </ns3:TrackPointExtension>
        </extensions>
      </trkpt>
      <trkpt lat="34.23477734439074993133544921875" lon="108.93744103610515594482421875">
        <ele>404.600006103515625</ele>
        <time>2026-02-03T12:01:33.000Z</time>
        <extensions>
          <ns3:TrackPointExtension>
            <ns3:hr>131</ns3:hr>
            <ns3:cad>96</ns3:cad>
          </ns3:TrackPointExtension>
        </extensions>
      </trkpt>
      <trkpt lat="34.23476879484951496124267578125" lon="108.93740004859864711761474609375">
        <ele>404.600006103515625</ele>
        <time>2026-02-03T12:01:34.000Z</time>
        <extensions>
          <ns3:TrackPointExtension>
            <ns3:hr>131</ns3:hr>
            <ns3:cad>96</ns3:cad>
          </ns3:TrackPointExtension>
        </extensions>
      </trkpt>
      <trkpt lat="34.23476435244083404541015625" lon="108.9373687840998172760009765625">
        <ele>404.600006103515625</ele>
        <time>2026-02-03T12:01:35.000Z</time>
        <extensions>
          <ns3:TrackPointExtension>
            <ns3:hr>130</ns3:hr>
            <ns3:cad>96</ns3:cad>
          </ns3:TrackPointExtension>
        </extensions>
      </trkpt>
      <trkpt lat="34.23475186340510845184326171875" lon="108.9373416267335414886474609375">
        <ele>404.600006103515625</ele>
        <time>2026-02-03T12:01:36.000Z</time>
        <extensions>
          <ns3:TrackPointExtension>
            <ns3:hr>131</ns3:hr>
            <ns3:cad>96</ns3:cad>
          </ns3:TrackPointExtension>
        </extensions>
      </trkpt>
      <trkpt lat="34.23473593778908252716064453125" lon="108.937304913997650146484375">
        <ele>404.79998779296875</ele>
        <time>2026-02-03T12:01:37.000Z</time>
        <extensions>
          <ns3:TrackPointExtension>
            <ns3:hr>131</ns3:hr>
            <ns3:cad>95</ns3:cad>
          </ns3:TrackPointExtension>
        </extensions>
      </trkpt>
      <trkpt lat="34.23473023809492588043212890625" lon="108.93727834336459636688232421875">
        <ele>404.79998779296875</ele>
        <time>2026-02-03T12:01:38.000Z</time>
        <extensions>
          <ns3:TrackPointExtension>
            <ns3:hr>131</ns3:hr>
            <ns3:cad>96</ns3:cad>
          </ns3:TrackPointExtension>
        </extensions>
      </trkpt>
      <trkpt lat="34.23471380956470966339111328125" lon="108.937246911227703094482421875">
        <ele>404.79998779296875</ele>
        <time>2026-02-03T12:01:39.000Z</time>
        <extensions>
          <ns3:TrackPointExtension>
            <ns3:hr>131</ns3:hr>
            <ns3:cad>96</ns3:cad>
          </ns3:TrackPointExtension>
        </extensions>
      </trkpt>
      <trkpt lat="34.23469821922481060028076171875" lon="108.93721782602369785308837890625">
        <ele>404.79998779296875</ele>
        <time>2026-02-03T12:01:40.000Z</time>
        <extensions>
          <ns3:TrackPointExtension>
            <ns3:hr>130</ns3:hr>
            <ns3:cad>97</ns3:cad>
          </ns3:TrackPointExtension>
        </extensions>
      </trkpt>
      <trkpt lat="34.234682209789752960205078125" lon="108.93719435669481754302978515625">
        <ele>404.79998779296875</ele>
        <time>2026-02-03T12:01:41.000Z</time>
        <extensions>
          <ns3:TrackPointExtension>
            <ns3:hr>130</ns3:hr>
            <ns3:cad>97</ns3:cad>
          </ns3:TrackPointExtension>
        </extensions>
      </trkpt>
      <trkpt lat="34.23465396277606487274169921875" lon="108.93716703169047832489013671875">
        <ele>404.79998779296875</ele>
        <time>2026-02-03T12:01:42.000Z</time>
        <extensions>
          <ns3:TrackPointExtension>
            <ns3:hr>130</ns3:hr>
            <ns3:cad>97</ns3:cad>
          </ns3:TrackPointExtension>
        </extensions>
      </trkpt>
      <trkpt lat="34.234635271131992340087890625" lon="108.93714440055191516876220703125">
        <ele>404.79998779296875</ele>
        <time>2026-02-03T12:01:43.000Z</time>
        <extensions>
          <ns3:TrackPointExtension>
            <ns3:hr>130</ns3:hr>
            <ns3:cad>97</ns3:cad>
          </ns3:TrackPointExtension>
        </extensions>
      </trkpt>
      <trkpt lat="34.23460467718541622161865234375" lon="108.93712646327912807464599609375">
        <ele>404.79998779296875</ele>
        <time>2026-02-03T12:01:44.000Z</time>
        <extensions>
          <ns3:TrackPointExtension>
            <ns3:hr>130</ns3:hr>
            <ns3:cad>96</ns3:cad>
          </ns3:TrackPointExtension>
        </extensions>
      </trkpt>
      <trkpt lat="34.23457936383783817291259765625" lon="108.93710617907345294952392578125">
        <ele>404.79998779296875</ele>
        <time>2026-02-03T12:01:45.000Z</time>
        <extensions>
          <ns3:TrackPointExtension>
            <ns3:hr>129</ns3:hr>
            <ns3:cad>96</ns3:cad>
          </ns3:TrackPointExtension>
        </extensions>
      </trkpt>
      <trkpt lat="34.2345536313951015472412109375" lon="108.9370861463248729705810546875">
        <ele>404.79998779296875</ele>
        <time>2026-02-03T12:01:46.000Z</time>
        <extensions>
          <ns3:TrackPointExtension>
            <ns3:hr>129</ns3:hr>
            <ns3:cad>96</ns3:cad>
          </ns3:TrackPointExtension>
        </extensions>
      </trkpt>
      <trkpt lat="34.2345241270959377288818359375" lon="108.937073238193988800048828125">
        <ele>404.79998779296875</ele>
        <time>2026-02-03T12:01:47.000Z</time>
        <extensions>
          <ns3:TrackPointExtension>
            <ns3:hr>129</ns3:hr>
            <ns3:cad>95</ns3:cad>
          </ns3:TrackPointExtension>
        </extensions>
      </trkpt>
      <trkpt lat="34.23450191505253314971923828125" lon="108.93705957569181919097900390625">
        <ele>404.79998779296875</ele>
        <time>2026-02-03T12:01:48.000Z</time>
        <extensions>
          <ns3:TrackPointExtension>
            <ns3:hr>129</ns3:hr>
            <ns3:cad>95</ns3:cad>
          </ns3:TrackPointExtension>
        </extensions>
      </trkpt>
      <trkpt lat="34.234470315277576446533203125" lon="108.9370506070554256439208984375">
        <ele>404.79998779296875</ele>
        <time>2026-02-03T12:01:49.000Z</time>
        <extensions>
          <ns3:TrackPointExtension>
            <ns3:hr>129</ns3:hr>
            <ns3:cad>95</ns3:cad>
          </ns3:TrackPointExtension>
        </extensions>
      </trkpt>
      <trkpt lat="34.23444407992064952850341796875" lon="108.93704163841903209686279296875">
        <ele>404.79998779296875</ele>
        <time>2026-02-03T12:01:50.000Z</time>
        <extensions>
          <ns3:TrackPointExtension>
            <ns3:hr>129</ns3:hr>
            <ns3:cad>95</ns3:cad>
          </ns3:TrackPointExtension>
        </extensions>
      </trkpt>
      <trkpt lat="34.234420359134674072265625" lon="108.93703493289649486541748046875">
        <ele>404.79998779296875</ele>
        <time>2026-02-03T12:01:51.000Z</time>
        <extensions>
          <ns3:TrackPointExtension>
            <ns3:hr>130</ns3:hr>
            <ns3:cad>96</ns3:cad>
          </ns3:TrackPointExtension>
        </extensions>
      </trkpt>
      <trkpt lat="34.234389849007129669189453125" lon="108.9370314963161945343017578125">
        <ele>404.79998779296875</ele>
        <time>2026-02-03T12:01:52.000Z</time>
        <extensions>
          <ns3:TrackPointExtension>
            <ns3:hr>129</ns3:hr>
            <ns3:cad>96</ns3:cad>
          </ns3:TrackPointExtension>
        </extensions>
      </trkpt>
      <trkpt lat="34.2343653738498687744140625" lon="108.9370246231555938720703125">
        <ele>404.79998779296875</ele>
        <time>2026-02-03T12:01:53.000Z</time>
        <extensions>
          <ns3:TrackPointExtension>
            <ns3:hr>129</ns3:hr>
            <ns3:cad>96</ns3:cad>
          </ns3:TrackPointExtension>
        </extensions>
      </trkpt>
      <trkpt lat="34.23433427698910236358642578125" lon="108.9370271377265453338623046875">
        <ele>404.600006103515625</ele>
        <time>2026-02-03T12:01:54.000Z</time>
        <extensions>
          <ns3:TrackPointExtension>
            <ns3:hr>129</ns3:hr>
            <ns3:cad>96</ns3:cad>
          </ns3:TrackPointExtension>
        </extensions>
      </trkpt>
      <trkpt lat="34.23430577851831912994384765625" lon="108.9370299875736236572265625">
        <ele>404.600006103515625</ele>
        <time>2026-02-03T12:01:55.000Z</time>
        <extensions>
          <ns3:TrackPointExtension>
            <ns3:hr>129</ns3:hr>
            <ns3:cad>96</ns3:cad>
          </ns3:TrackPointExtension>
        </extensions>
      </trkpt>
      <trkpt lat="34.2342817224562168121337890625" lon="108.937030993402004241943359375">
        <ele>404.600006103515625</ele>
        <time>2026-02-03T12:01:56.000Z</time>
        <extensions>
          <ns3:TrackPointExtension>
            <ns3:hr>128</ns3:hr>
            <ns3:cad>96</ns3:cad>
          </ns3:TrackPointExtension>
        </extensions>
      </trkpt>
      <trkpt lat="34.23424744047224521636962890625" lon="108.937036693096160888671875">
        <ele>404.600006103515625</ele>
        <time>2026-02-03T12:01:57.000Z</time>
        <extensions>
          <ns3:TrackPointExtension>
            <ns3:hr>128</ns3:hr>
            <ns3:cad>97</ns3:cad>
          </ns3:TrackPointExtension>
        </extensions>
      </trkpt>
      <trkpt lat="34.2342247255146503448486328125" lon="108.93703493289649486541748046875">
        <ele>404.600006103515625</ele>
        <time>2026-02-03T12:01:58.000Z</time>
        <extensions>
          <ns3:TrackPointExtension>
            <ns3:hr>128</ns3:hr>
            <ns3:cad>97</ns3:cad>
          </ns3:TrackPointExtension>
        </extensions>
      </trkpt>
      <trkpt lat="34.23419547267258167266845703125" lon="108.93703870475292205810546875">
        <ele>404.600006103515625</ele>
        <time>2026-02-03T12:01:59.000Z</time>
        <extensions>
          <ns3:TrackPointExtension>
            <ns3:hr>128</ns3:hr>
            <ns3:cad>97</ns3:cad>
          </ns3:TrackPointExtension>
        </extensions>
      </trkpt>
      <trkpt lat="34.23417032696306705474853515625" lon="108.93704272806644439697265625">
        <ele>404.600006103515625</ele>
        <time>2026-02-03T12:02:00.000Z</time>
        <extensions>
          <ns3:TrackPointExtension>
            <ns3:hr>127</ns3:hr>
            <ns3:cad>97</ns3:cad>
          </ns3:TrackPointExtension>
        </extensions>
      </trkpt>
      <trkpt lat="34.23414920456707477569580078125" lon="108.93704147078096866607666015625">
        <ele>404.600006103515625</ele>
        <time>2026-02-03T12:02:01.000Z</time>
        <extensions>
          <ns3:TrackPointExtension>
            <ns3:hr>127</ns3:hr>
            <ns3:cad>97</ns3:cad>
          </ns3:TrackPointExtension>
        </extensions>
      </trkpt>
      <trkpt lat="34.23411902971565723419189453125" lon="108.937043063342571258544921875">
        <ele>404.600006103515625</ele>
        <time>2026-02-03T12:02:02.000Z</time>
        <extensions>
          <ns3:TrackPointExtension>
            <ns3:hr>127</ns3:hr>
            <ns3:cad>97</ns3:cad>
          </ns3:TrackPointExtension>
        </extensions>
      </trkpt>
      <trkpt lat="34.2340971529483795166015625" lon="108.93704230897128582000732421875">
        <ele>404.600006103515625</ele>
        <time>2026-02-03T12:02:03.000Z</time>
        <extensions>
          <ns3:TrackPointExtension>
            <ns3:hr>127</ns3:hr>
            <ns3:cad>96</ns3:cad>
          </ns3:TrackPointExtension>
        </extensions>
      </trkpt>
      <trkpt lat="34.23406739719212055206298828125" lon="108.93704649992287158966064453125">
        <ele>404.79998779296875</ele>
        <time>2026-02-03T12:02:04.000Z</time>
        <extensions>
          <ns3:TrackPointExtension>
            <ns3:hr>127</ns3:hr>
            <ns3:cad>96</ns3:cad>
          </ns3:TrackPointExtension>
        </extensions>
      </trkpt>
      <trkpt lat="34.23404426313936710357666015625" lon="108.93704163841903209686279296875">
        <ele>404.79998779296875</ele>
        <time>2026-02-03T12:02:05.000Z</time>
        <extensions>
          <ns3:TrackPointExtension>
            <ns3:hr>126</ns3:hr>
            <ns3:cad>96</ns3:cad>
          </ns3:TrackPointExtension>
        </extensions>
      </trkpt>
      <trkpt lat="34.23401660285890102386474609375" lon="108.93704063259065151214599609375">
        <ele>404.79998779296875</ele>
        <time>2026-02-03T12:02:06.000Z</time>
        <extensions>
          <ns3:TrackPointExtension>
            <ns3:hr>126</ns3:hr>
            <ns3:cad>96</ns3:cad>
          </ns3:TrackPointExtension>
        </extensions>
      </trkpt>
      <trkpt lat="34.2339843325316905975341796875" lon="108.93704432062804698944091796875">
        <ele>404.79998779296875</ele>
        <time>2026-02-03T12:02:07.000Z</time>
        <extensions>
          <ns3:TrackPointExtension>
            <ns3:hr>126</ns3:hr>
            <ns3:cad>96</ns3:cad>
          </ns3:TrackPointExtension>
        </extensions>
      </trkpt>
      <trkpt lat="34.233956672251224517822265625" lon="108.93703912384808063507080078125">
        <ele>404.79998779296875</ele>
        <time>2026-02-03T12:02:08.000Z</time>
        <extensions>
          <ns3:TrackPointExtension>
            <ns3:hr>126</ns3:hr>
            <ns3:cad>96</ns3:cad>
          </ns3:TrackPointExtension>
        </extensions>
      </trkpt>
      <trkpt lat="34.233925826847553253173828125" lon="108.937042057514190673828125">
        <ele>404.79998779296875</ele>
        <time>2026-02-03T12:02:09.000Z</time>
        <extensions>
          <ns3:TrackPointExtension>
            <ns3:hr>126</ns3:hr>
            <ns3:cad>96</ns3:cad>
          </ns3:TrackPointExtension>
        </extensions>
      </trkpt>
      <trkpt lat="34.23389799892902374267578125" lon="108.93704331479966640472412109375">
        <ele>404.600006103515625</ele>
        <time>2026-02-03T12:02:10.000Z</time>
        <extensions>
          <ns3:TrackPointExtension>
            <ns3:hr>126</ns3:hr>
            <ns3:cad>96</ns3:cad>
          </ns3:TrackPointExtension>
        </extensions>
      </trkpt>
      <trkpt lat="34.2338706739246845245361328125" lon="108.93704406917095184326171875">
        <ele>404.600006103515625</ele>
        <time>2026-02-03T12:02:11.000Z</time>
        <extensions>
          <ns3:TrackPointExtension>
            <ns3:hr>126</ns3:hr>
            <ns3:cad>96</ns3:cad>
          </ns3:TrackPointExtension>
        </extensions>
      </trkpt>
      <trkpt lat="34.23384158872067928314208984375" lon="108.93704867921769618988037109375">
        <ele>404.79998779296875</ele>
        <time>2026-02-03T12:02:12.000Z</time>
        <extensions>
          <ns3:TrackPointExtension>
            <ns3:hr>126</ns3:hr>
            <ns3:cad>97</ns3:cad>
          </ns3:TrackPointExtension>
        </extensions>
      </trkpt>
      <trkpt lat="34.23381887376308441162109375" lon="108.93704432062804698944091796875">
        <ele>404.79998779296875</ele>
        <time>2026-02-03T12:02:13.000Z</time>
        <extensions>
          <ns3:TrackPointExtension>
            <ns3:hr>126</ns3:hr>
            <ns3:cad>97</ns3:cad>
          </ns3:TrackPointExtension>
        </extensions>
      </trkpt>
      <trkpt lat="34.2337902076542377471923828125" lon="108.93704717047512531280517578125">
        <ele>404.79998779296875</ele>
        <time>2026-02-03T12:02:14.000Z</time>
        <extensions>
          <ns3:TrackPointExtension>
            <ns3:hr>126</ns3:hr>
            <ns3:cad>97</ns3:cad>
          </ns3:TrackPointExtension>
        </extensions>
      </trkpt>
      <trkpt lat="34.2337640561163425445556640625" lon="108.93705018796026706695556640625">
        <ele>404.79998779296875</ele>
        <time>2026-02-03T12:02:15.000Z</time>
        <extensions>
          <ns3:TrackPointExtension>
            <ns3:hr>126</ns3:hr>
            <ns3:cad>97</ns3:cad>
          </ns3:TrackPointExtension>
        </extensions>
      </trkpt>
      <trkpt lat="34.23374243080615997314453125" lon="108.9370460808277130126953125">
        <ele>404.79998779296875</ele>
        <time>2026-02-03T12:02:16.000Z</time>
        <extensions>
          <ns3:TrackPointExtension>
            <ns3:hr>126</ns3:hr>
            <ns3:cad>96</ns3:cad>
          </ns3:TrackPointExtension>
        </extensions>
      </trkpt>
      <trkpt lat="34.23371233977377414703369140625" lon="108.93704733811318874359130859375">
        <ele>404.79998779296875</ele>
        <time>2026-02-03T12:02:17.000Z</time>
        <extensions>
          <ns3:TrackPointExtension>
            <ns3:hr>126</ns3:hr>
            <ns3:cad>97</ns3:cad>
          </ns3:TrackPointExtension>
        </extensions>
      </trkpt>
      <trkpt lat="34.233691804111003875732421875" lon="108.9370442368090152740478515625">
        <ele>404.79998779296875</ele>
        <time>2026-02-03T12:02:18.000Z</time>
        <extensions>
          <ns3:TrackPointExtension>
            <ns3:hr>126</ns3:hr>
            <ns3:cad>97</ns3:cad>
          </ns3:TrackPointExtension>
        </extensions>
      </trkpt>
      <trkpt lat="34.2336654849350452423095703125" lon="108.93704717047512531280517578125">
        <ele>404.79998779296875</ele>
        <time>2026-02-03T12:02:19.000Z</time>
        <extensions>
          <ns3:TrackPointExtension>
            <ns3:hr>126</ns3:hr>
            <ns3:cad>97</ns3:cad>
          </ns3:TrackPointExtension>
        </extensions>
      </trkpt>
      <trkpt lat="34.2336393333971500396728515625" lon="108.93705018796026706695556640625">
        <ele>404.79998779296875</ele>
        <time>2026-02-03T12:02:20.000Z</time>
        <extensions>
          <ns3:TrackPointExtension>
            <ns3:hr>126</ns3:hr>
            <ns3:cad>97</ns3:cad>
          </ns3:TrackPointExtension>
        </extensions>
      </trkpt>
      <trkpt lat="34.23361561261117458343505859375" lon="108.93704943358898162841796875">
        <ele>404.79998779296875</ele>
        <time>2026-02-03T12:02:21.000Z</time>
        <extensions>
          <ns3:TrackPointExtension>
            <ns3:hr>125</ns3:hr>
            <ns3:cad>96</ns3:cad>
          </ns3:TrackPointExtension>
        </extensions>
      </trkpt>
      <trkpt lat="34.23358778469264507293701171875" lon="108.9370568096637725830078125">
        <ele>404.79998779296875</ele>
        <time>2026-02-03T12:02:22.000Z</time>
        <extensions>
          <ns3:TrackPointExtension>
            <ns3:hr>125</ns3:hr>
            <ns3:cad>96</ns3:cad>
          </ns3:TrackPointExtension>
        </extensions>
      </trkpt>
      <trkpt lat="34.23356515355408191680908203125" lon="108.937058486044406890869140625">
        <ele>404.79998779296875</ele>
        <time>2026-02-03T12:02:23.000Z</time>
        <extensions>
          <ns3:TrackPointExtension>
            <ns3:hr>126</ns3:hr>
            <ns3:cad>96</ns3:cad>
          </ns3:TrackPointExtension>
        </extensions>
      </trkpt>
      <trkpt lat="34.2335392534732818603515625" lon="108.9370700530707836151123046875">
        <ele>404.79998779296875</ele>
        <time>2026-02-03T12:02:24.000Z</time>
        <extensions>
          <ns3:TrackPointExtension>
            <ns3:hr>126</ns3:hr>
            <ns3:cad>96</ns3:cad>
          </ns3:TrackPointExtension>
        </extensions>
      </trkpt>
      <trkpt lat="34.23351217992603778839111328125" lon="108.93708539195358753204345703125">
        <ele>404.79998779296875</ele>
        <time>2026-02-03T12:02:25.000Z</time>
        <extensions>
          <ns3:TrackPointExtension>
            <ns3:hr>126</ns3:hr>
            <ns3:cad>95</ns3:cad>
          </ns3:TrackPointExtension>
        </extensions>
      </trkpt>
      <trkpt lat="34.2334882915019989013671875" lon="108.9370928518474102020263671875">
        <ele>404.79998779296875</ele>
        <time>2026-02-03T12:02:26.000Z</time>
        <extensions>
          <ns3:TrackPointExtension>
            <ns3:hr>126</ns3:hr>
            <ns3:cad>95</ns3:cad>
          </ns3:TrackPointExtension>
        </extensions>
      </trkpt>
      <trkpt lat="34.23345920629799365997314453125" lon="108.9371143095195293426513671875">
        <ele>404.79998779296875</ele>
        <time>2026-02-03T12:02:27.000Z</time>
        <extensions>
          <ns3:TrackPointExtension>
            <ns3:hr>126</ns3:hr>
            <ns3:cad>95</ns3:cad>
          </ns3:TrackPointExtension>
        </extensions>
      </trkpt>
      <trkpt lat="34.2334351502358913421630859375" lon="108.9371300674974918365478515625">
        <ele>404.79998779296875</ele>
        <time>2026-02-03T12:02:28.000Z</time>
        <extensions>
          <ns3:TrackPointExtension>
            <ns3:hr>125</ns3:hr>
            <ns3:cad>96</ns3:cad>
          </ns3:TrackPointExtension>
        </extensions>
      </trkpt>
      <trkpt lat="34.23341344110667705535888671875" lon="108.93715160898864269256591796875">
        <ele>404.79998779296875</ele>
        <time>2026-02-03T12:02:29.000Z</time>
        <extensions>
          <ns3:TrackPointExtension>
            <ns3:hr>126</ns3:hr>
            <ns3:cad>96</ns3:cad>
          </ns3:TrackPointExtension>
        </extensions>
      </trkpt>
      <trkpt lat="34.23339013941586017608642578125" lon="108.93717641942203044891357421875">
        <ele>404.79998779296875</ele>
        <time>2026-02-03T12:02:30.000Z</time>
        <extensions>
          <ns3:TrackPointExtension>
            <ns3:hr>126</ns3:hr>
            <ns3:cad>96</ns3:cad>
          </ns3:TrackPointExtension>
        </extensions>
      </trkpt>
      <trkpt lat="34.2333758063614368438720703125" lon="108.93719452433288097381591796875">
        <ele>404.79998779296875</ele>
        <time>2026-02-03T12:02:31.000Z</time>
        <extensions>
          <ns3:TrackPointExtension>
            <ns3:hr>126</ns3:hr>
            <ns3:cad>96</ns3:cad>
          </ns3:TrackPointExtension>
        </extensions>
      </trkpt>
      <trkpt lat="34.23335862345993518829345703125" lon="108.93722486682236194610595703125">
        <ele>405</ele>
        <time>2026-02-03T12:02:32.000Z</time>
        <extensions>
          <ns3:TrackPointExtension>
            <ns3:hr>125</ns3:hr>
            <ns3:cad>96</ns3:cad>
          </ns3:TrackPointExtension>
        </extensions>
      </trkpt>
      <trkpt lat="34.23334219492971897125244140625" lon="108.93724816851317882537841796875">
        <ele>405</ele>
        <time>2026-02-03T12:02:33.000Z</time>
        <extensions>
          <ns3:TrackPointExtension>
            <ns3:hr>126</ns3:hr>
            <ns3:cad>96</ns3:cad>
          </ns3:TrackPointExtension>
        </extensions>
      </trkpt>
      <trkpt lat="34.23332811333239078521728515625" lon="108.9372752420604228973388671875">
        <ele>405</ele>
        <time>2026-02-03T12:02:34.000Z</time>
        <extensions>
          <ns3:TrackPointExtension>
            <ns3:hr>126</ns3:hr>
            <ns3:cad>96</ns3:cad>
          </ns3:TrackPointExtension>
        </extensions>
      </trkpt>
      <trkpt lat="34.23331755213439464569091796875" lon="108.93731388263404369354248046875">
        <ele>405</ele>
        <time>2026-02-03T12:02:35.000Z</time>
        <extensions>
          <ns3:TrackPointExtension>
            <ns3:hr>126</ns3:hr>
            <ns3:cad>95</ns3:cad>
          </ns3:TrackPointExtension>
        </extensions>
      </trkpt>
      <trkpt lat="34.233304560184478759765625" lon="108.9373379386961460113525390625">
        <ele>405</ele>
        <time>2026-02-03T12:02:36.000Z</time>
        <extensions>
          <ns3:TrackPointExtension>
            <ns3:hr>127</ns3:hr>
            <ns3:cad>95</ns3:cad>
          </ns3:TrackPointExtension>
        </extensions>
      </trkpt>
      <trkpt lat="34.23330045305192470550537109375" lon="108.93737490288913249969482421875">
        <ele>404.79998779296875</ele>
        <time>2026-02-03T12:02:37.000Z</time>
        <extensions>
          <ns3:TrackPointExtension>
            <ns3:hr>127</ns3:hr>
            <ns3:cad>96</ns3:cad>
          </ns3:TrackPointExtension>
        </extensions>
      </trkpt>
      <trkpt lat="34.2332978546619415283203125" lon="108.9374083466827869415283203125">
        <ele>405</ele>
        <time>2026-02-03T12:02:38.000Z</time>
        <extensions>
          <ns3:TrackPointExtension>
            <ns3:hr>127</ns3:hr>
            <ns3:cad>97</ns3:cad>
          </ns3:TrackPointExtension>
        </extensions>
      </trkpt>
      <trkpt lat="34.2332950048148632049560546875" lon="108.9374348334968090057373046875">
        <ele>405</ele>
        <time>2026-02-03T12:02:39.000Z</time>
        <extensions>
          <ns3:TrackPointExtension>
            <ns3:hr>127</ns3:hr>
            <ns3:cad>97</ns3:cad>
          </ns3:TrackPointExtension>
        </extensions>
      </trkpt>
      <trkpt lat="34.23329777084290981292724609375" lon="108.9374767430126667022705078125">
        <ele>405</ele>
        <time>2026-02-03T12:02:40.000Z</time>
        <extensions>
          <ns3:TrackPointExtension>
            <ns3:hr>127</ns3:hr>
            <ns3:cad>97</ns3:cad>
          </ns3:TrackPointExtension>
        </extensions>
      </trkpt>
      <trkpt lat="34.2332950048148632049560546875" lon="108.9375042356550693511962890625">
        <ele>405</ele>
        <time>2026-02-03T12:02:41.000Z</time>
        <extensions>
          <ns3:TrackPointExtension>
            <ns3:hr>128</ns3:hr>
            <ns3:cad>97</ns3:cad>
          </ns3:TrackPointExtension>
        </extensions>
      </trkpt>
      <trkpt lat="34.2333000339567661285400390625" lon="108.937542624771595001220703125">
        <ele>405</ele>
        <time>2026-02-03T12:02:42.000Z</time>
        <extensions>
          <ns3:TrackPointExtension>
            <ns3:hr>127</ns3:hr>
            <ns3:cad>96</ns3:cad>
          </ns3:TrackPointExtension>
        </extensions>
      </trkpt>
      <trkpt lat="34.2333040572702884674072265625" lon="108.93757690675556659698486328125">
        <ele>405</ele>
        <time>2026-02-03T12:02:43.000Z</time>
        <extensions>
          <ns3:TrackPointExtension>
            <ns3:hr>128</ns3:hr>
            <ns3:cad>96</ns3:cad>
          </ns3:TrackPointExtension>
        </extensions>
      </trkpt>
      <trkpt lat="34.23330782912671566009521484375" lon="108.9376075007021427154541015625">
        <ele>405</ele>
        <time>2026-02-03T12:02:44.000Z</time>
        <extensions>
          <ns3:TrackPointExtension>
            <ns3:hr>128</ns3:hr>
            <ns3:cad>96</ns3:cad>
          </ns3:TrackPointExtension>
        </extensions>
      </trkpt>
      <trkpt lat="34.2333181388676166534423828125" lon="108.9376393519341945648193359375">
        <ele>404.79998779296875</ele>
        <time>2026-02-03T12:02:45.000Z</time>
        <extensions>
          <ns3:TrackPointExtension>
            <ns3:hr>128</ns3:hr>
            <ns3:cad>96</ns3:cad>
          </ns3:TrackPointExtension>
        </extensions>
      </trkpt>
      <trkpt lat="34.23332400619983673095703125" lon="108.937666676938533782958984375">
        <ele>404.79998779296875</ele>
        <time>2026-02-03T12:02:46.000Z</time>
        <extensions>
          <ns3:TrackPointExtension>
            <ns3:hr>128</ns3:hr>
            <ns3:cad>95</ns3:cad>
          </ns3:TrackPointExtension>
        </extensions>
      </trkpt>
      <trkpt lat="34.2333442904055118560791015625" lon="108.93769961781799793243408203125">
        <ele>404.79998779296875</ele>
        <time>2026-02-03T12:02:47.000Z</time>
        <extensions>
          <ns3:TrackPointExtension>
            <ns3:hr>128</ns3:hr>
            <ns3:cad>95</ns3:cad>
          </ns3:TrackPointExtension>
        </extensions>
      </trkpt>
      <trkpt lat="34.23335485160350799560546875" lon="108.9377275295555591583251953125">
        <ele>404.79998779296875</ele>
        <time>2026-02-03T12:02:48.000Z</time>
        <extensions>
          <ns3:TrackPointExtension>
            <ns3:hr>129</ns3:hr>
            <ns3:cad>95</ns3:cad>
          </ns3:TrackPointExtension>
        </extensions>
      </trkpt>
      <trkpt lat="34.2333774827420711517333984375" lon="108.93776097334921360015869140625">
        <ele>404.79998779296875</ele>
        <time>2026-02-03T12:02:49.000Z</time>
        <extensions>
          <ns3:TrackPointExtension>
            <ns3:hr>129</ns3:hr>
            <ns3:cad>95</ns3:cad>
          </ns3:TrackPointExtension>
        </extensions>
      </trkpt>
      <trkpt lat="34.233395755290985107421875" lon="108.9377892203629016876220703125">
        <ele>404.79998779296875</ele>
        <time>2026-02-03T12:02:50.000Z</time>
        <extensions>
          <ns3:TrackPointExtension>
            <ns3:hr>129</ns3:hr>
            <ns3:cad>94</ns3:cad>
          </ns3:TrackPointExtension>
        </extensions>
      </trkpt>
      <trkpt lat="34.2334160394966602325439453125" lon="108.93781260587275028228759765625">
        <ele>404.79998779296875</ele>
        <time>2026-02-03T12:02:51.000Z</time>
        <extensions>
          <ns3:TrackPointExtension>
            <ns3:hr>130</ns3:hr>
            <ns3:cad>94</ns3:cad>
          </ns3:TrackPointExtension>
        </extensions>
      </trkpt>
      <trkpt lat="34.2334418557584285736083984375" lon="108.93783523701131343841552734375">
        <ele>404.79998779296875</ele>
        <time>2026-02-03T12:02:52.000Z</time>
        <extensions>
          <ns3:TrackPointExtension>
            <ns3:hr>130</ns3:hr>
            <ns3:cad>94</ns3:cad>
          </ns3:TrackPointExtension>
        </extensions>
      </trkpt>
      <trkpt lat="34.23346004448831081390380859375" lon="108.93785133026540279388427734375">
        <ele>405</ele>
        <time>2026-02-03T12:02:53.000Z</time>
        <extensions>
          <ns3:TrackPointExtension>
            <ns3:hr>130</ns3:hr>
            <ns3:cad>94</ns3:cad>
          </ns3:TrackPointExtension>
        </extensions>
      </trkpt>
      <trkpt lat="34.23348686657845973968505859375" lon="108.93787010572850704193115234375">
        <ele>405</ele>
        <time>2026-02-03T12:02:54.000Z</time>
        <extensions>
          <ns3:TrackPointExtension>
            <ns3:hr>130</ns3:hr>
            <ns3:cad>94</ns3:cad>
          </ns3:TrackPointExtension>
        </extensions>
      </trkpt>
      <trkpt lat="34.23350446857511997222900390625" lon="108.93788921646773815155029296875">
        <ele>405</ele>
        <time>2026-02-03T12:02:55.000Z</time>
        <extensions>
          <ns3:TrackPointExtension>
            <ns3:hr>130</ns3:hr>
            <ns3:cad>94</ns3:cad>
          </ns3:TrackPointExtension>
        </extensions>
      </trkpt>
      <trkpt lat="34.2335273511707782745361328125" lon="108.937900364398956298828125">
        <ele>405</ele>
        <time>2026-02-03T12:02:56.000Z</time>
        <extensions>
          <ns3:TrackPointExtension>
            <ns3:hr>130</ns3:hr>
            <ns3:cad>94</ns3:cad>
          </ns3:TrackPointExtension>
        </extensions>
      </trkpt>
      <trkpt lat="34.233559034764766693115234375" lon="108.9379084110260009765625">
        <ele>405</ele>
        <time>2026-02-03T12:02:57.000Z</time>
        <extensions>
          <ns3:TrackPointExtension>
            <ns3:hr>130</ns3:hr>
            <ns3:cad>95</ns3:cad>
          </ns3:TrackPointExtension>
        </extensions>
      </trkpt>
      <trkpt lat="34.233581833541393280029296875" lon="108.93791855312883853912353515625">
        <ele>405</ele>
        <time>2026-02-03T12:02:58.000Z</time>
        <extensions>
          <ns3:TrackPointExtension>
            <ns3:hr>131</ns3:hr>
            <ns3:cad>95</ns3:cad>
          </ns3:TrackPointExtension>
        </extensions>
      </trkpt>
      <trkpt lat="34.233613349497318267822265625" lon="108.937924169003963470458984375">
        <ele>405</ele>
        <time>2026-02-03T12:02:59.000Z</time>
        <extensions>
          <ns3:TrackPointExtension>
            <ns3:hr>131</ns3:hr>
            <ns3:cad>96</ns3:cad>
          </ns3:TrackPointExtension>
        </extensions>
      </trkpt>
      <trkpt lat="34.23363992013037204742431640625" lon="108.93792794086039066314697265625">
        <ele>405</ele>
        <time>2026-02-03T12:03:00.000Z</time>
        <extensions>
          <ns3:TrackPointExtension>
            <ns3:hr>131</ns3:hr>
            <ns3:cad>97</ns3:cad>
          </ns3:TrackPointExtension>
        </extensions>
      </trkpt>
      <trkpt lat="34.23366774804890155792236328125" lon="108.93792374990880489349365234375">
        <ele>405</ele>
        <time>2026-02-03T12:03:01.000Z</time>
        <extensions>
          <ns3:TrackPointExtension>
            <ns3:hr>131</ns3:hr>
            <ns3:cad>96</ns3:cad>
          </ns3:TrackPointExtension>
        </extensions>
      </trkpt>
      <trkpt lat="34.2336959950625896453857421875" lon="108.93792324699461460113525390625">
        <ele>405</ele>
        <time>2026-02-03T12:03:02.000Z</time>
        <extensions>
          <ns3:TrackPointExtension>
            <ns3:hr>131</ns3:hr>
            <ns3:cad>96</ns3:cad>
          </ns3:TrackPointExtension>
        </extensions>
      </trkpt>
      <trkpt lat="34.23372105695307254791259765625" lon="108.937924169003963470458984375">
        <ele>405</ele>
        <time>2026-02-03T12:03:03.000Z</time>
        <extensions>
          <ns3:TrackPointExtension>
            <ns3:hr>131</ns3:hr>
            <ns3:cad>95</ns3:cad>
          </ns3:TrackPointExtension>
        </extensions>
      </trkpt>
      <trkpt lat="34.23374771140515804290771484375" lon="108.9379231631755828857421875">
        <ele>405</ele>
        <time>2026-02-03T12:03:04.000Z</time>
        <extensions>
          <ns3:TrackPointExtension>
            <ns3:hr>131</ns3:hr>
            <ns3:cad>95</ns3:cad>
          </ns3:TrackPointExtension>
        </extensions>
      </trkpt>
      <trkpt lat="34.23377193510532379150390625" lon="108.93792559392750263214111328125">
        <ele>405</ele>
        <time>2026-02-03T12:03:05.000Z</time>
        <extensions>
          <ns3:TrackPointExtension>
            <ns3:hr>131</ns3:hr>
            <ns3:cad>95</ns3:cad>
          </ns3:TrackPointExtension>
        </extensions>
      </trkpt>
      <trkpt lat="34.2338019423186779022216796875" lon="108.93792274408042430877685546875">
        <ele>405</ele>
        <time>2026-02-03T12:03:06.000Z</time>
        <extensions>
          <ns3:TrackPointExtension>
            <ns3:hr>132</ns3:hr>
            <ns3:cad>93</ns3:cad>
          </ns3:TrackPointExtension>
        </extensions>
      </trkpt>
      <trkpt lat="34.23382692039012908935546875" lon="108.9379216544330120086669921875">
        <ele>405</ele>
        <time>2026-02-03T12:03:07.000Z</time>
        <extensions>
          <ns3:TrackPointExtension>
            <ns3:hr>132</ns3:hr>
            <ns3:cad>93</ns3:cad>
          </ns3:TrackPointExtension>
        </extensions>
      </trkpt>
      <trkpt lat="34.23384997062385082244873046875" lon="108.9379186369478702545166015625">
        <ele>405</ele>
        <time>2026-02-03T12:03:08.000Z</time>
        <extensions>
          <ns3:TrackPointExtension>
            <ns3:hr>132</ns3:hr>
            <ns3:cad>95</ns3:cad>
          </ns3:TrackPointExtension>
        </extensions>
      </trkpt>
      <trkpt lat="34.233878552913665771484375" lon="108.937921822071075439453125">
        <ele>405</ele>
        <time>2026-02-03T12:03:09.000Z</time>
        <extensions>
          <ns3:TrackPointExtension>
            <ns3:hr>132</ns3:hr>
            <ns3:cad>96</ns3:cad>
          </ns3:TrackPointExtension>
        </extensions>
      </trkpt>
      <trkpt lat="34.2339025251567363739013671875" lon="108.93792458809912204742431640625">
        <ele>405</ele>
        <time>2026-02-03T12:03:10.000Z</time>
        <extensions>
          <ns3:TrackPointExtension>
            <ns3:hr>131</ns3:hr>
            <ns3:cad>96</ns3:cad>
          </ns3:TrackPointExtension>
        </extensions>
      </trkpt>
      <trkpt lat="34.23393018543720245361328125" lon="108.93792073242366313934326171875">
        <ele>405</ele>
        <time>2026-02-03T12:03:11.000Z</time>
        <extensions>
          <ns3:TrackPointExtension>
            <ns3:hr>132</ns3:hr>
            <ns3:cad>96</ns3:cad>
          </ns3:TrackPointExtension>
        </extensions>
      </trkpt>
      <trkpt lat="34.23395759426057338714599609375" lon="108.9379223249852657318115234375">
        <ele>405</ele>
        <time>2026-02-03T12:03:12.000Z</time>
        <extensions>
          <ns3:TrackPointExtension>
            <ns3:hr>132</ns3:hr>
            <ns3:cad>97</ns3:cad>
          </ns3:TrackPointExtension>
        </extensions>
      </trkpt>
      <trkpt lat="34.2339789681136608123779296875" lon="108.93792383372783660888671875">
        <ele>405</ele>
        <time>2026-02-03T12:03:13.000Z</time>
        <extensions>
          <ns3:TrackPointExtension>
            <ns3:hr>131</ns3:hr>
            <ns3:cad>97</ns3:cad>
          </ns3:TrackPointExtension>
        </extensions>
      </trkpt>
      <trkpt lat="34.2340121604502201080322265625" lon="108.93792056478559970855712890625">
        <ele>405</ele>
        <time>2026-02-03T12:03:14.000Z</time>
        <extensions>
          <ns3:TrackPointExtension>
            <ns3:hr>131</ns3:hr>
            <ns3:cad>97</ns3:cad>
          </ns3:TrackPointExtension>
        </extensions>
      </trkpt>
      <trkpt lat="34.23403504304587841033935546875" lon="108.93792693503201007843017578125">
        <ele>405</ele>
        <time>2026-02-03T12:03:15.000Z</time>
        <extensions>
          <ns3:TrackPointExtension>
            <ns3:hr>131</ns3:hr>
            <ns3:cad>97</ns3:cad>
          </ns3:TrackPointExtension>
        </extensions>
      </trkpt>
      <trkpt lat="34.234064631164073944091796875" lon="108.93792240880429744720458984375">
        <ele>405</ele>
        <time>2026-02-03T12:03:16.000Z</time>
        <extensions>
          <ns3:TrackPointExtension>
            <ns3:hr>131</ns3:hr>
            <ns3:cad>95</ns3:cad>
          </ns3:TrackPointExtension>
        </extensions>
      </trkpt>
      <trkpt lat="34.234093464910984039306640625" lon="108.9379233308136463165283203125">
        <ele>405</ele>
        <time>2026-02-03T12:03:17.000Z</time>
        <extensions>
          <ns3:TrackPointExtension>
            <ns3:hr>130</ns3:hr>
            <ns3:cad>95</ns3:cad>
          </ns3:TrackPointExtension>
        </extensions>
      </trkpt>
      <trkpt lat="34.23412338830530643463134765625" lon="108.93792341463267803192138671875">
        <ele>405.20001220703125</ele>
        <time>2026-02-03T12:03:18.000Z</time>
        <extensions>
          <ns3:TrackPointExtension>
            <ns3:hr>131</ns3:hr>
            <ns3:cad>95</ns3:cad>
          </ns3:TrackPointExtension>
        </extensions>
      </trkpt>
      <trkpt lat="34.23415842466056346893310546875" lon="108.93791754730045795440673828125">
        <ele>405.20001220703125</ele>
        <time>2026-02-03T12:03:19.000Z</time>
        <extensions>
          <ns3:TrackPointExtension>
            <ns3:hr>131</ns3:hr>
            <ns3:cad>96</ns3:cad>
          </ns3:TrackPointExtension>
        </extensions>
      </trkpt>
      <trkpt lat="34.23418340273201465606689453125" lon="108.9379216544330120086669921875">
        <ele>405.20001220703125</ele>
        <time>2026-02-03T12:03:20.000Z</time>
        <extensions>
          <ns3:TrackPointExtension>
            <ns3:hr>131</ns3:hr>
            <ns3:cad>96</ns3:cad>
          </ns3:TrackPointExtension>
        </extensions>
      </trkpt>
      <trkpt lat="34.23421240411698818206787109375" lon="108.93792056478559970855712890625">
        <ele>405.20001220703125</ele>
        <time>2026-02-03T12:03:21.000Z</time>
        <extensions>
          <ns3:TrackPointExtension>
            <ns3:hr>130</ns3:hr>
            <ns3:cad>96</ns3:cad>
          </ns3:TrackPointExtension>
        </extensions>
      </trkpt>
      <trkpt lat="34.23424308188259601593017578125" lon="108.93791872076690196990966796875">
        <ele>405.20001220703125</ele>
        <time>2026-02-03T12:03:22.000Z</time>
        <extensions>
          <ns3:TrackPointExtension>
            <ns3:hr>131</ns3:hr>
            <ns3:cad>96</ns3:cad>
          </ns3:TrackPointExtension>
        </extensions>
      </trkpt>
      <trkpt lat="34.23426722176373004913330078125" lon="108.9379209838807582855224609375">
        <ele>405.20001220703125</ele>
        <time>2026-02-03T12:03:23.000Z</time>
        <extensions>
          <ns3:TrackPointExtension>
            <ns3:hr>131</ns3:hr>
            <ns3:cad>96</ns3:cad>
          </ns3:TrackPointExtension>
        </extensions>
      </trkpt>
      <trkpt lat="34.234299324452877044677734375" lon="108.937916792929172515869140625">
        <ele>405.20001220703125</ele>
        <time>2026-02-03T12:03:24.000Z</time>
        <extensions>
          <ns3:TrackPointExtension>
            <ns3:hr>130</ns3:hr>
            <ns3:cad>96</ns3:cad>
          </ns3:TrackPointExtension>
        </extensions>
      </trkpt>
      <trkpt lat="34.234326146543025970458984375" lon="108.93792090006172657012939453125">
        <ele>405.20001220703125</ele>
        <time>2026-02-03T12:03:25.000Z</time>
        <extensions>
          <ns3:TrackPointExtension>
            <ns3:hr>129</ns3:hr>
            <ns3:cad>96</ns3:cad>
          </ns3:TrackPointExtension>
        </extensions>
      </trkpt>
      <trkpt lat="34.23435372300446033477783203125" lon="108.93791721202433109283447265625">
        <ele>405.20001220703125</ele>
        <time>2026-02-03T12:03:26.000Z</time>
        <extensions>
          <ns3:TrackPointExtension>
            <ns3:hr>128</ns3:hr>
            <ns3:cad>97</ns3:cad>
          </ns3:TrackPointExtension>
        </extensions>
      </trkpt>
      <trkpt lat="34.234382808208465576171875" lon="108.937914781272411346435546875">
        <ele>405.20001220703125</ele>
        <time>2026-02-03T12:03:27.000Z</time>
        <extensions>
          <ns3:TrackPointExtension>
            <ns3:hr>128</ns3:hr>
            <ns3:cad>97</ns3:cad>
          </ns3:TrackPointExtension>
        </extensions>
      </trkpt>
      <trkpt lat="34.23440686427056789398193359375" lon="108.93791846930980682373046875">
        <ele>405.20001220703125</ele>
        <time>2026-02-03T12:03:28.000Z</time>
        <extensions>
          <ns3:TrackPointExtension>
            <ns3:hr>128</ns3:hr>
            <ns3:cad>97</ns3:cad>
          </ns3:TrackPointExtension>
        </extensions>
      </trkpt>
      <trkpt lat="34.234433434903621673583984375" lon="108.93791486509144306182861328125">
        <ele>405.20001220703125</ele>
        <time>2026-02-03T12:03:29.000Z</time>
        <extensions>
          <ns3:TrackPointExtension>
            <ns3:hr>128</ns3:hr>
            <ns3:cad>96</ns3:cad>
          </ns3:TrackPointExtension>
        </extensions>
      </trkpt>
      <trkpt lat="34.2344577424228191375732421875" lon="108.93791553564369678497314453125">
        <ele>405.20001220703125</ele>
        <time>2026-02-03T12:03:30.000Z</time>
        <extensions>
          <ns3:TrackPointExtension>
            <ns3:hr>128</ns3:hr>
            <ns3:cad>96</ns3:cad>
          </ns3:TrackPointExtension>
        </extensions>
      </trkpt>
      <trkpt lat="34.23448716290295124053955078125" lon="108.93790195696055889129638671875">
        <ele>405.20001220703125</ele>
        <time>2026-02-03T12:03:31.000Z</time>
        <extensions>
          <ns3:TrackPointExtension>
            <ns3:hr>128</ns3:hr>
            <ns3:cad>96</ns3:cad>
          </ns3:TrackPointExtension>
        </extensions>
      </trkpt>
      <trkpt lat="34.2345127277076244354248046875" lon="108.93789374269545078277587890625">
        <ele>405.20001220703125</ele>
        <time>2026-02-03T12:03:32.000Z</time>
        <extensions>
          <ns3:TrackPointExtension>
            <ns3:hr>127</ns3:hr>
            <ns3:cad>94</ns3:cad>
          </ns3:TrackPointExtension>
        </extensions>
      </trkpt>
      <trkpt lat="34.23453795723617076873779296875" lon="108.9378790743649005889892578125">
        <ele>405.20001220703125</ele>
        <time>2026-02-03T12:03:33.000Z</time>
        <extensions>
          <ns3:TrackPointExtension>
            <ns3:hr>127</ns3:hr>
            <ns3:cad>94</ns3:cad>
          </ns3:TrackPointExtension>
        </extensions>
      </trkpt>
      <trkpt lat="34.2345700599253177642822265625" lon="108.93785786814987659454345703125">
        <ele>405.20001220703125</ele>
        <time>2026-02-03T12:03:34.000Z</time>
        <extensions>
          <ns3:TrackPointExtension>
            <ns3:hr>127</ns3:hr>
            <ns3:cad>94</ns3:cad>
          </ns3:TrackPointExtension>
        </extensions>
      </trkpt>
      <trkpt lat="34.23459512181580066680908203125" lon="108.93784127198159694671630859375">
        <ele>405.20001220703125</ele>
        <time>2026-02-03T12:03:35.000Z</time>
        <extensions>
          <ns3:TrackPointExtension>
            <ns3:hr>127</ns3:hr>
            <ns3:cad>94</ns3:cad>
          </ns3:TrackPointExtension>
        </extensions>
      </trkpt>
      <trkpt lat="34.23462479375302791595458984375" lon="108.93781679682433605194091796875">
        <ele>405.20001220703125</ele>
        <time>2026-02-03T12:03:36.000Z</time>
        <extensions>
          <ns3:TrackPointExtension>
            <ns3:hr>127</ns3:hr>
            <ns3:cad>94</ns3:cad>
          </ns3:TrackPointExtension>
        </extensions>
      </trkpt>
      <trkpt lat="34.2346508614718914031982421875" lon="108.93779936246573925018310546875">
        <ele>405.20001220703125</ele>
        <time>2026-02-03T12:03:37.000Z</time>
        <extensions>
          <ns3:TrackPointExtension>
            <ns3:hr>127</ns3:hr>
            <ns3:cad>94</ns3:cad>
          </ns3:TrackPointExtension>
        </extensions>
      </trkpt>
      <trkpt lat="34.23466913402080535888671875" lon="108.93777430057525634765625">
        <ele>405.20001220703125</ele>
        <time>2026-02-03T12:03:38.000Z</time>
        <extensions>
          <ns3:TrackPointExtension>
            <ns3:hr>127</ns3:hr>
            <ns3:cad>94</ns3:cad>
          </ns3:TrackPointExtension>
        </extensions>
      </trkpt>
      <trkpt lat="34.2346867360174655914306640625" lon="108.9377419464290142059326171875">
        <ele>405.20001220703125</ele>
        <time>2026-02-03T12:03:39.000Z</time>
        <extensions>
          <ns3:TrackPointExtension>
            <ns3:hr>128</ns3:hr>
            <ns3:cad>96</ns3:cad>
          </ns3:TrackPointExtension>
        </extensions>
      </trkpt>
      <trkpt lat="34.2347061820328235626220703125" lon="108.93772023729979991912841796875">
        <ele>405.20001220703125</ele>
        <time>2026-02-03T12:03:40.000Z</time>
        <extensions>
          <ns3:TrackPointExtension>
            <ns3:hr>129</ns3:hr>
            <ns3:cad>96</ns3:cad>
          </ns3:TrackPointExtension>
        </extensions>
      </trkpt>
      <trkpt lat="34.2347192578017711639404296875" lon="108.93768536858260631561279296875">
        <ele>405.20001220703125</ele>
        <time>2026-02-03T12:03:41.000Z</time>
        <extensions>
          <ns3:TrackPointExtension>
            <ns3:hr>129</ns3:hr>
            <ns3:cad>96</ns3:cad>
          </ns3:TrackPointExtension>
        </extensions>
      </trkpt>
      <trkpt lat="34.23473350703716278076171875" lon="108.93765971995890140533447265625">
        <ele>405.20001220703125</ele>
        <time>2026-02-03T12:03:42.000Z</time>
        <extensions>
          <ns3:TrackPointExtension>
            <ns3:hr>129</ns3:hr>
            <ns3:cad>96</ns3:cad>
          </ns3:TrackPointExtension>
        </extensions>
      </trkpt>
      <trkpt lat="34.2347447387874126434326171875" lon="108.937629796564579010009765625">
        <ele>405.20001220703125</ele>
        <time>2026-02-03T12:03:43.000Z</time>
        <extensions>
          <ns3:TrackPointExtension>
            <ns3:hr>129</ns3:hr>
            <ns3:cad>96</ns3:cad>
          </ns3:TrackPointExtension>
        </extensions>
      </trkpt>
      <trkpt lat="34.23475052230060100555419921875" lon="108.93759417347609996795654296875">
        <ele>405.20001220703125</ele>
        <time>2026-02-03T12:03:44.000Z</time>
        <extensions>
          <ns3:TrackPointExtension>
            <ns3:hr>129</ns3:hr>
            <ns3:cad>96</ns3:cad>
          </ns3:TrackPointExtension>
        </extensions>
      </trkpt>
      <trkpt lat="34.23475923947989940643310546875" lon="108.93756684847176074981689453125">
        <ele>405.20001220703125</ele>
        <time>2026-02-03T12:03:45.000Z</time>
        <extensions>
          <ns3:TrackPointExtension>
            <ns3:hr>130</ns3:hr>
            <ns3:cad>96</ns3:cad>
          </ns3:TrackPointExtension>
        </extensions>
      </trkpt>
      <trkpt lat="34.23476376570761203765869140625" lon="108.93752527423202991485595703125">
        <ele>405.20001220703125</ele>
        <time>2026-02-03T12:03:46.000Z</time>
        <extensions>
          <ns3:TrackPointExtension>
            <ns3:hr>130</ns3:hr>
            <ns3:cad>96</ns3:cad>
          </ns3:TrackPointExtension>
        </extensions>
      </trkpt>
      <trkpt lat="34.234770722687244415283203125" lon="108.9374992065131664276123046875">
        <ele>405.20001220703125</ele>
        <time>2026-02-03T12:03:47.000Z</time>
        <extensions>
          <ns3:TrackPointExtension>
            <ns3:hr>130</ns3:hr>
            <ns3:cad>96</ns3:cad>
          </ns3:TrackPointExtension>
        </extensions>
      </trkpt>
      <trkpt lat="34.23476527445018291473388671875" lon="108.9374629966914653778076171875">
        <ele>405.20001220703125</ele>
        <time>2026-02-03T12:03:48.000Z</time>
        <extensions>
          <ns3:TrackPointExtension>
            <ns3:hr>131</ns3:hr>
            <ns3:cad>95</ns3:cad>
          </ns3:TrackPointExtension>
        </extensions>
      </trkpt>
      <trkpt lat="34.23476426862180233001708984375" lon="108.93743106164038181304931640625">
        <ele>405.20001220703125</ele>
        <time>2026-02-03T12:03:49.000Z</time>
        <extensions>
          <ns3:TrackPointExtension>
            <ns3:hr>131</ns3:hr>
            <ns3:cad>95</ns3:cad>
          </ns3:TrackPointExtension>
        </extensions>
      </trkpt>
      <trkpt lat="34.23476032912731170654296875" lon="108.937399126589298248291015625">
        <ele>405.20001220703125</ele>
        <time>2026-02-03T12:03:50.000Z</time>
        <extensions>
          <ns3:TrackPointExtension>
            <ns3:hr>132</ns3:hr>
            <ns3:cad>95</ns3:cad>
          </ns3:TrackPointExtension>
        </extensions>
      </trkpt>
      <trkpt lat="34.23475236631929874420166015625" lon="108.93736249767243862152099609375">
        <ele>405.20001220703125</ele>
        <time>2026-02-03T12:03:51.000Z</time>
        <extensions>
          <ns3:TrackPointExtension>
            <ns3:hr>132</ns3:hr>
            <ns3:cad>95</ns3:cad>
          </ns3:TrackPointExtension>
        </extensions>
      </trkpt>
      <trkpt lat="34.234750270843505859375" lon="108.93733416683971881866455078125">
        <ele>405.20001220703125</ele>
        <time>2026-02-03T12:03:52.000Z</time>
        <extensions>
          <ns3:TrackPointExtension>
            <ns3:hr>133</ns3:hr>
            <ns3:cad>95</ns3:cad>
          </ns3:TrackPointExtension>
        </extensions>
      </trkpt>
      <trkpt lat="34.23473426140844821929931640625" lon="108.9372956939041614532470703125">
        <ele>405.20001220703125</ele>
        <time>2026-02-03T12:03:53.000Z</time>
        <extensions>
          <ns3:TrackPointExtension>
            <ns3:hr>133</ns3:hr>
            <ns3:cad>95</ns3:cad>
          </ns3:TrackPointExtension>
        </extensions>
      </trkpt>
      <trkpt lat="34.23472252674400806427001953125" lon="108.9372611604630947113037109375">
        <ele>405.20001220703125</ele>
        <time>2026-02-03T12:03:54.000Z</time>
        <extensions>
          <ns3:TrackPointExtension>
            <ns3:hr>133</ns3:hr>
            <ns3:cad>95</ns3:cad>
          </ns3:TrackPointExtension>
        </extensions>
      </trkpt>
      <trkpt lat="34.2347081936895847320556640625" lon="108.937236852943897247314453125">
        <ele>405.20001220703125</ele>
        <time>2026-02-03T12:03:55.000Z</time>
        <extensions>
          <ns3:TrackPointExtension>
            <ns3:hr>133</ns3:hr>
            <ns3:cad>95</ns3:cad>
          </ns3:TrackPointExtension>
        </extensions>
      </trkpt>
      <trkpt lat="34.2346850596368312835693359375" lon="108.9372055046260356903076171875">
        <ele>405.20001220703125</ele>
        <time>2026-02-03T12:03:56.000Z</time>
        <extensions>
          <ns3:TrackPointExtension>
            <ns3:hr>132</ns3:hr>
            <ns3:cad>96</ns3:cad>
          </ns3:TrackPointExtension>
        </extensions>
      </trkpt>
      <trkpt lat="34.2346709780395030975341796875" lon="108.937179856002330780029296875">
        <ele>405.399993896484375</ele>
        <time>2026-02-03T12:03:57.000Z</time>
        <extensions>
          <ns3:TrackPointExtension>
            <ns3:hr>132</ns3:hr>
            <ns3:cad>96</ns3:cad>
          </ns3:TrackPointExtension>
        </extensions>
      </trkpt>
      <trkpt lat="34.23464608378708362579345703125" lon="108.937153704464435577392578125">
        <ele>405.399993896484375</ele>
        <time>2026-02-03T12:03:58.000Z</time>
        <extensions>
          <ns3:TrackPointExtension>
            <ns3:hr>132</ns3:hr>
            <ns3:cad>95</ns3:cad>
          </ns3:TrackPointExtension>
        </extensions>
      </trkpt>
      <trkpt lat="34.23462579958140850067138671875" lon="108.93713015131652355194091796875">
        <ele>405.20001220703125</ele>
        <time>2026-02-03T12:03:59.000Z</time>
        <extensions>
          <ns3:TrackPointExtension>
            <ns3:hr>132</ns3:hr>
            <ns3:cad>97</ns3:cad>
          </ns3:TrackPointExtension>
        </extensions>
      </trkpt>
      <trkpt lat="34.23460601828992366790771484375" lon="108.93711003474891185760498046875">
        <ele>405.20001220703125</ele>
        <time>2026-02-03T12:04:00.000Z</time>
        <extensions>
          <ns3:TrackPointExtension>
            <ns3:hr>132</ns3:hr>
            <ns3:cad>97</ns3:cad>
          </ns3:TrackPointExtension>
        </extensions>
      </trkpt>
      <trkpt lat="34.23457735218107700347900390625" lon="108.9370894990861415863037109375">
        <ele>405.399993896484375</ele>
        <time>2026-02-03T12:04:01.000Z</time>
        <extensions>
          <ns3:TrackPointExtension>
            <ns3:hr>131</ns3:hr>
            <ns3:cad>97</ns3:cad>
          </ns3:TrackPointExtension>
        </extensions>
      </trkpt>
      <trkpt lat="34.2345589958131313323974609375" lon="108.9370717294514179229736328125">
        <ele>405.399993896484375</ele>
        <time>2026-02-03T12:04:02.000Z</time>
        <extensions>
          <ns3:TrackPointExtension>
            <ns3:hr>131</ns3:hr>
            <ns3:cad>96</ns3:cad>
          </ns3:TrackPointExtension>
        </extensions>
      </trkpt>
      <trkpt lat="34.23452840186655521392822265625" lon="108.93705940805375576019287109375">
        <ele>405.20001220703125</ele>
        <time>2026-02-03T12:04:03.000Z</time>
        <extensions>
          <ns3:TrackPointExtension>
            <ns3:hr>131</ns3:hr>
            <ns3:cad>96</ns3:cad>
          </ns3:TrackPointExtension>
        </extensions>
      </trkpt>
      <trkpt lat="34.23450417816638946533203125" lon="108.93704934976994991302490234375">
        <ele>405.20001220703125</ele>
        <time>2026-02-03T12:04:04.000Z</time>
        <extensions>
          <ns3:TrackPointExtension>
            <ns3:hr>130</ns3:hr>
            <ns3:cad>95</ns3:cad>
          </ns3:TrackPointExtension>
        </extensions>
      </trkpt>
      <trkpt lat="34.23447333276271820068359375" lon="108.93704717047512531280517578125">
        <ele>405.20001220703125</ele>
        <time>2026-02-03T12:04:05.000Z</time>
        <extensions>
          <ns3:TrackPointExtension>
            <ns3:hr>130</ns3:hr>
            <ns3:cad>95</ns3:cad>
          </ns3:TrackPointExtension>
        </extensions>
      </trkpt>
      <trkpt lat="34.2344463430345058441162109375" lon="108.93704180605709552764892578125">
        <ele>405.20001220703125</ele>
        <time>2026-02-03T12:04:06.000Z</time>
        <extensions>
          <ns3:TrackPointExtension>
            <ns3:hr>130</ns3:hr>
            <ns3:cad>94</ns3:cad>
          </ns3:TrackPointExtension>
        </extensions>
      </trkpt>
      <trkpt lat="34.23441826365888118743896484375" lon="108.93703862093389034271240234375">
        <ele>405.20001220703125</ele>
        <time>2026-02-03T12:04:07.000Z</time>
        <extensions>
          <ns3:TrackPointExtension>
            <ns3:hr>130</ns3:hr>
            <ns3:cad>94</ns3:cad>
          </ns3:TrackPointExtension>
        </extensions>
      </trkpt>
      <trkpt lat="34.23438440077006816864013671875" lon="108.93704063259065151214599609375">
        <ele>405.20001220703125</ele>
        <time>2026-02-03T12:04:08.000Z</time>
        <extensions>
          <ns3:TrackPointExtension>
            <ns3:hr>129</ns3:hr>
            <ns3:cad>94</ns3:cad>
          </ns3:TrackPointExtension>
        </extensions>
      </trkpt>
      <trkpt lat="34.23435992561280727386474609375" lon="108.937033675611019134521484375">
        <ele>405.20001220703125</ele>
        <time>2026-02-03T12:04:09.000Z</time>
        <extensions>
          <ns3:TrackPointExtension>
            <ns3:hr>129</ns3:hr>
            <ns3:cad>94</ns3:cad>
          </ns3:TrackPointExtension>
        </extensions>
      </trkpt>
      <trkpt lat="34.23433058895170688629150390625" lon="108.937037028372287750244140625">
        <ele>405.20001220703125</ele>
        <time>2026-02-03T12:04:10.000Z</time>
        <extensions>
          <ns3:TrackPointExtension>
            <ns3:hr>129</ns3:hr>
            <ns3:cad>94</ns3:cad>
          </ns3:TrackPointExtension>
        </extensions>
      </trkpt>
      <trkpt lat="34.234304018318653106689453125" lon="108.93703862093389034271240234375">
        <ele>405.20001220703125</ele>
        <time>2026-02-03T12:04:11.000Z</time>
        <extensions>
          <ns3:TrackPointExtension>
            <ns3:hr>129</ns3:hr>
            <ns3:cad>95</ns3:cad>
          </ns3:TrackPointExtension>
        </extensions>
      </trkpt>
      <trkpt lat="34.23427945934236049652099609375" lon="108.93703543581068515777587890625">
        <ele>405.20001220703125</ele>
        <time>2026-02-03T12:04:12.000Z</time>
        <extensions>
          <ns3:TrackPointExtension>
            <ns3:hr>129</ns3:hr>
            <ns3:cad>95</ns3:cad>
          </ns3:TrackPointExtension>
        </extensions>
      </trkpt>
      <trkpt lat="34.23424861393868923187255859375" lon="108.93703401088714599609375">
        <ele>405.20001220703125</ele>
        <time>2026-02-03T12:04:13.000Z</time>
        <extensions>
          <ns3:TrackPointExtension>
            <ns3:hr>129</ns3:hr>
            <ns3:cad>97</ns3:cad>
          </ns3:TrackPointExtension>
        </extensions>
      </trkpt>
      <trkpt lat="34.23422522842884063720703125" lon="108.9370286464691162109375">
        <ele>405.20001220703125</ele>
        <time>2026-02-03T12:04:14.000Z</time>
        <extensions>
          <ns3:TrackPointExtension>
            <ns3:hr>129</ns3:hr>
            <ns3:cad>97</ns3:cad>
          </ns3:TrackPointExtension>
        </extensions>
      </trkpt>
      <trkpt lat="34.234192706644535064697265625" lon="108.93702931702136993408203125">
        <ele>405.20001220703125</ele>
        <time>2026-02-03T12:04:15.000Z</time>
        <extensions>
          <ns3:TrackPointExtension>
            <ns3:hr>130</ns3:hr>
            <ns3:cad>97</ns3:cad>
          </ns3:TrackPointExtension>
        </extensions>
      </trkpt>
      <trkpt lat="34.23416714183986186981201171875" lon="108.9370257966220378875732421875">
        <ele>405.20001220703125</ele>
        <time>2026-02-03T12:04:16.000Z</time>
        <extensions>
          <ns3:TrackPointExtension>
            <ns3:hr>129</ns3:hr>
            <ns3:cad>97</ns3:cad>
          </ns3:TrackPointExtension>
        </extensions>
      </trkpt>
      <trkpt lat="34.23413814045488834381103515625" lon="108.93702738918364048004150390625">
        <ele>405.20001220703125</ele>
        <time>2026-02-03T12:04:17.000Z</time>
        <extensions>
          <ns3:TrackPointExtension>
            <ns3:hr>129</ns3:hr>
            <ns3:cad>96</ns3:cad>
          </ns3:TrackPointExtension>
        </extensions>
      </trkpt>
      <trkpt lat="34.23410830087959766387939453125" lon="108.93702873028814792633056640625">
        <ele>405.20001220703125</ele>
        <time>2026-02-03T12:04:18.000Z</time>
        <extensions>
          <ns3:TrackPointExtension>
            <ns3:hr>129</ns3:hr>
            <ns3:cad>96</ns3:cad>
          </ns3:TrackPointExtension>
        </extensions>
      </trkpt>
      <trkpt lat="34.23408441245555877685546875" lon="108.937025628983974456787109375">
        <ele>405.20001220703125</ele>
        <time>2026-02-03T12:04:19.000Z</time>
        <extensions>
          <ns3:TrackPointExtension>
            <ns3:hr>129</ns3:hr>
            <ns3:cad>95</ns3:cad>
          </ns3:TrackPointExtension>
        </extensions>
      </trkpt>
      <trkpt lat="34.2340542376041412353515625" lon="108.93702470697462558746337890625">
        <ele>405.20001220703125</ele>
        <time>2026-02-03T12:04:20.000Z</time>
        <extensions>
          <ns3:TrackPointExtension>
            <ns3:hr>129</ns3:hr>
            <ns3:cad>95</ns3:cad>
          </ns3:TrackPointExtension>
        </extensions>
      </trkpt>
      <trkpt lat="34.23403345048427581787109375" lon="108.93702051602303981781005859375">
        <ele>405.20001220703125</ele>
        <time>2026-02-03T12:04:21.000Z</time>
        <extensions>
          <ns3:TrackPointExtension>
            <ns3:hr>129</ns3:hr>
            <ns3:cad>94</ns3:cad>
          </ns3:TrackPointExtension>
        </extensions>
      </trkpt>
      <trkpt lat="34.23400419764220714569091796875" lon="108.937023617327213287353515625">
        <ele>405.20001220703125</ele>
        <time>2026-02-03T12:04:22.000Z</time>
        <extensions>
          <ns3:TrackPointExtension>
            <ns3:hr>129</ns3:hr>
            <ns3:cad>94</ns3:cad>
          </ns3:TrackPointExtension>
        </extensions>
      </trkpt>
      <trkpt lat="34.23398290760815143585205078125" lon="108.93701858818531036376953125">
        <ele>405.20001220703125</ele>
        <time>2026-02-03T12:04:23.000Z</time>
        <extensions>
          <ns3:TrackPointExtension>
            <ns3:hr>129</ns3:hr>
            <ns3:cad>93</ns3:cad>
          </ns3:TrackPointExtension>
        </extensions>
      </trkpt>
      <trkpt lat="34.23395566642284393310546875" lon="108.9370227791368961334228515625">
        <ele>405.20001220703125</ele>
        <time>2026-02-03T12:04:24.000Z</time>
        <extensions>
          <ns3:TrackPointExtension>
            <ns3:hr>129</ns3:hr>
            <ns3:cad>94</ns3:cad>
          </ns3:TrackPointExtension>
        </extensions>
      </trkpt>
      <trkpt lat="34.23392758704721927642822265625" lon="108.937024287879467010498046875">
        <ele>405.20001220703125</ele>
        <time>2026-02-03T12:04:25.000Z</time>
        <extensions>
          <ns3:TrackPointExtension>
            <ns3:hr>129</ns3:hr>
            <ns3:cad>95</ns3:cad>
          </ns3:TrackPointExtension>
        </extensions>
      </trkpt>
      <trkpt lat="34.23390193842351436614990234375" lon="108.93702529370784759521484375">
        <ele>405.20001220703125</ele>
        <time>2026-02-03T12:04:26.000Z</time>
        <extensions>
          <ns3:TrackPointExtension>
            <ns3:hr>128</ns3:hr>
            <ns3:cad>95</ns3:cad>
          </ns3:TrackPointExtension>
        </extensions>
      </trkpt>
      <trkpt lat="34.23387059010565280914306640625" lon="108.93702663481235504150390625">
        <ele>405.20001220703125</ele>
        <time>2026-02-03T12:04:27.000Z</time>
        <extensions>
          <ns3:TrackPointExtension>
            <ns3:hr>129</ns3:hr>
            <ns3:cad>95</ns3:cad>
          </ns3:TrackPointExtension>
        </extensions>
      </trkpt>
      <trkpt lat="34.233845360577106475830078125" lon="108.937024287879467010498046875">
        <ele>405.20001220703125</ele>
        <time>2026-02-03T12:04:28.000Z</time>
        <extensions>
          <ns3:TrackPointExtension>
            <ns3:hr>129</ns3:hr>
            <ns3:cad>95</ns3:cad>
          </ns3:TrackPointExtension>
        </extensions>
      </trkpt>
      <trkpt lat="34.2338150180876255035400390625" lon="108.93703158013522624969482421875">
        <ele>405.20001220703125</ele>
        <time>2026-02-03T12:04:29.000Z</time>
        <extensions>
          <ns3:TrackPointExtension>
            <ns3:hr>128</ns3:hr>
            <ns3:cad>97</ns3:cad>
          </ns3:TrackPointExtension>
        </extensions>
      </trkpt>
      <trkpt lat="34.23378459177911281585693359375" lon="108.9370325021445751190185546875">
        <ele>405.20001220703125</ele>
        <time>2026-02-03T12:04:30.000Z</time>
        <extensions>
          <ns3:TrackPointExtension>
            <ns3:hr>129</ns3:hr>
            <ns3:cad>97</ns3:cad>
          </ns3:TrackPointExtension>
        </extensions>
      </trkpt>
      <trkpt lat="34.233757518231868743896484375" lon="108.93703644163906574249267578125">
        <ele>405.20001220703125</ele>
        <time>2026-02-03T12:04:31.000Z</time>
        <extensions>
          <ns3:TrackPointExtension>
            <ns3:hr>129</ns3:hr>
            <ns3:cad>97</ns3:cad>
          </ns3:TrackPointExtension>
        </extensions>
      </trkpt>
      <trkpt lat="34.23372776247560977935791015625" lon="108.937042392790317535400390625">
        <ele>405.20001220703125</ele>
        <time>2026-02-03T12:04:32.000Z</time>
        <extensions>
          <ns3:TrackPointExtension>
            <ns3:hr>129</ns3:hr>
            <ns3:cad>96</ns3:cad>
          </ns3:TrackPointExtension>
        </extensions>
      </trkpt>
      <trkpt lat="34.233702532947063446044921875" lon="108.93704272806644439697265625">
        <ele>405.399993896484375</ele>
        <time>2026-02-03T12:04:33.000Z</time>
        <extensions>
          <ns3:TrackPointExtension>
            <ns3:hr>129</ns3:hr>
            <ns3:cad>96</ns3:cad>
          </ns3:TrackPointExtension>
        </extensions>
      </trkpt>
      <trkpt lat="34.23367411829531192779541015625" lon="108.93704649992287158966064453125">
        <ele>405.399993896484375</ele>
        <time>2026-02-03T12:04:34.000Z</time>
        <extensions>
          <ns3:TrackPointExtension>
            <ns3:hr>129</ns3:hr>
            <ns3:cad>95</ns3:cad>
          </ns3:TrackPointExtension>
        </extensions>
      </trkpt>
      <trkpt lat="34.23364612273871898651123046875" lon="108.93704784102737903594970703125">
        <ele>405.399993896484375</ele>
        <time>2026-02-03T12:04:35.000Z</time>
        <extensions>
          <ns3:TrackPointExtension>
            <ns3:hr>129</ns3:hr>
            <ns3:cad>95</ns3:cad>
          </ns3:TrackPointExtension>
        </extensions>
      </trkpt>
      <trkpt lat="34.23362164758145809173583984375" lon="108.937045074999332427978515625">
        <ele>405.399993896484375</ele>
        <time>2026-02-03T12:04:36.000Z</time>
        <extensions>
          <ns3:TrackPointExtension>
            <ns3:hr>129</ns3:hr>
            <ns3:cad>95</ns3:cad>
          </ns3:TrackPointExtension>
        </extensions>
      </trkpt>
      <trkpt lat="34.2335903830826282501220703125" lon="108.9370539598166942596435546875">
        <ele>405.399993896484375</ele>
        <time>2026-02-03T12:04:37.000Z</time>
        <extensions>
          <ns3:TrackPointExtension>
            <ns3:hr>129</ns3:hr>
            <ns3:cad>96</ns3:cad>
          </ns3:TrackPointExtension>
        </extensions>
      </trkpt>
      <trkpt lat="34.2335659079253673553466796875" lon="108.93705471418797969818115234375">
        <ele>405.399993896484375</ele>
        <time>2026-02-03T12:04:38.000Z</time>
        <extensions>
          <ns3:TrackPointExtension>
            <ns3:hr>128</ns3:hr>
            <ns3:cad>96</ns3:cad>
          </ns3:TrackPointExtension>
        </extensions>
      </trkpt>
      <trkpt lat="34.233538247644901275634765625" lon="108.93706963397562503814697265625">
        <ele>405.399993896484375</ele>
        <time>2026-02-03T12:04:39.000Z</time>
        <extensions>
          <ns3:TrackPointExtension>
            <ns3:hr>129</ns3:hr>
            <ns3:cad>96</ns3:cad>
          </ns3:TrackPointExtension>
        </extensions>
      </trkpt>
      <trkpt lat="34.23351167701184749603271484375" lon="108.9370821230113506317138671875">
        <ele>405.399993896484375</ele>
        <time>2026-02-03T12:04:40.000Z</time>
        <extensions>
          <ns3:TrackPointExtension>
            <ns3:hr>129</ns3:hr>
            <ns3:cad>97</ns3:cad>
          </ns3:TrackPointExtension>
        </extensions>
      </trkpt>
      <trkpt lat="34.23348804004490375518798828125" lon="108.9370972104370594024658203125">
        <ele>405.399993896484375</ele>
        <time>2026-02-03T12:04:41.000Z</time>
        <extensions>
          <ns3:TrackPointExtension>
            <ns3:hr>129</ns3:hr>
            <ns3:cad>97</ns3:cad>
          </ns3:TrackPointExtension>
        </extensions>
      </trkpt>
      <trkpt lat="34.233464486896991729736328125" lon="108.937117159366607666015625">
        <ele>405.399993896484375</ele>
        <time>2026-02-03T12:04:42.000Z</time>
        <extensions>
          <ns3:TrackPointExtension>
            <ns3:hr>129</ns3:hr>
            <ns3:cad>96</ns3:cad>
          </ns3:TrackPointExtension>
        </extensions>
      </trkpt>
      <trkpt lat="34.2334445379674434661865234375" lon="108.9371347613632678985595703125">
        <ele>405.399993896484375</ele>
        <time>2026-02-03T12:04:43.000Z</time>
        <extensions>
          <ns3:TrackPointExtension>
            <ns3:hr>129</ns3:hr>
            <ns3:cad>96</ns3:cad>
          </ns3:TrackPointExtension>
        </extensions>
      </trkpt>
      <trkpt lat="34.23342098481953144073486328125" lon="108.93715881742537021636962890625">
        <ele>405.600006103515625</ele>
        <time>2026-02-03T12:04:44.000Z</time>
        <extensions>
          <ns3:TrackPointExtension>
            <ns3:hr>129</ns3:hr>
            <ns3:cad>96</ns3:cad>
          </ns3:TrackPointExtension>
        </extensions>
      </trkpt>
      <trkpt lat="34.233400784432888031005859375" lon="108.93718220293521881103515625">
        <ele>405.600006103515625</ele>
        <time>2026-02-03T12:04:45.000Z</time>
        <extensions>
          <ns3:TrackPointExtension>
            <ns3:hr>129</ns3:hr>
            <ns3:cad>96</ns3:cad>
          </ns3:TrackPointExtension>
        </extensions>
      </trkpt>
      <trkpt lat="34.23337957821786403656005859375" lon="108.93719871528446674346923828125">
        <ele>405.600006103515625</ele>
        <time>2026-02-03T12:04:46.000Z</time>
        <extensions>
          <ns3:TrackPointExtension>
            <ns3:hr>129</ns3:hr>
            <ns3:cad>96</ns3:cad>
          </ns3:TrackPointExtension>
        </extensions>
      </trkpt>
      <trkpt lat="34.233358204364776611328125" lon="108.93723073415458202362060546875">
        <ele>405.600006103515625</ele>
        <time>2026-02-03T12:04:47.000Z</time>
        <extensions>
          <ns3:TrackPointExtension>
            <ns3:hr>130</ns3:hr>
            <ns3:cad>96</ns3:cad>
          </ns3:TrackPointExtension>
        </extensions>
      </trkpt>
      <trkpt lat="34.23334185965359210968017578125" lon="108.93725370056927204132080078125">
        <ele>405.600006103515625</ele>
        <time>2026-02-03T12:04:48.000Z</time>
        <extensions>
          <ns3:TrackPointExtension>
            <ns3:hr>130</ns3:hr>
            <ns3:cad>96</ns3:cad>
          </ns3:TrackPointExtension>
        </extensions>
      </trkpt>
      <trkpt lat="34.23332794569432735443115234375" lon="108.93728504888713359832763671875">
        <ele>405.399993896484375</ele>
        <time>2026-02-03T12:04:49.000Z</time>
        <extensions>
          <ns3:TrackPointExtension>
            <ns3:hr>130</ns3:hr>
            <ns3:cad>98</ns3:cad>
          </ns3:TrackPointExtension>
        </extensions>
      </trkpt>
      <trkpt lat="34.2333157919347286224365234375" lon="108.93731773830950260162353515625">
        <ele>405.399993896484375</ele>
        <time>2026-02-03T12:04:50.000Z</time>
        <extensions>
          <ns3:TrackPointExtension>
            <ns3:hr>131</ns3:hr>
            <ns3:cad>98</ns3:cad>
          </ns3:TrackPointExtension>
        </extensions>
      </trkpt>
      <trkpt lat="34.23330497927963733673095703125" lon="108.93734556622803211212158203125">
        <ele>405.399993896484375</ele>
        <time>2026-02-03T12:04:51.000Z</time>
        <extensions>
          <ns3:TrackPointExtension>
            <ns3:hr>131</ns3:hr>
            <ns3:cad>98</ns3:cad>
          </ns3:TrackPointExtension>
        </extensions>
      </trkpt>
      <trkpt lat="34.23330112360417842864990234375" lon="108.93738579936325550079345703125">
        <ele>405.399993896484375</ele>
        <time>2026-02-03T12:04:52.000Z</time>
        <extensions>
          <ns3:TrackPointExtension>
            <ns3:hr>131</ns3:hr>
            <ns3:cad>98</ns3:cad>
          </ns3:TrackPointExtension>
        </extensions>
      </trkpt>
      <trkpt lat="34.23329425044357776641845703125" lon="108.9374160580337047576904296875">
        <ele>405.399993896484375</ele>
        <time>2026-02-03T12:04:53.000Z</time>
        <extensions>
          <ns3:TrackPointExtension>
            <ns3:hr>132</ns3:hr>
            <ns3:cad>98</ns3:cad>
          </ns3:TrackPointExtension>
        </extensions>
      </trkpt>
      <trkpt lat="34.2332913167774677276611328125" lon="108.9374442212283611297607421875">
        <ele>405.399993896484375</ele>
        <time>2026-02-03T12:04:54.000Z</time>
        <extensions>
          <ns3:TrackPointExtension>
            <ns3:hr>132</ns3:hr>
            <ns3:cad>98</ns3:cad>
          </ns3:TrackPointExtension>
        </extensions>
      </trkpt>
      <trkpt lat="34.23329106532037258148193359375" lon="108.9374847896397113800048828125">
        <ele>405.399993896484375</ele>
        <time>2026-02-03T12:04:55.000Z</time>
        <extensions>
          <ns3:TrackPointExtension>
            <ns3:hr>132</ns3:hr>
            <ns3:cad>96</ns3:cad>
          </ns3:TrackPointExtension>
        </extensions>
      </trkpt>
      <trkpt lat="34.23328871838748455047607421875" lon="108.9375139586627483367919921875">
        <ele>405.399993896484375</ele>
        <time>2026-02-03T12:04:56.000Z</time>
        <extensions>
          <ns3:TrackPointExtension>
            <ns3:hr>132</ns3:hr>
            <ns3:cad>96</ns3:cad>
          </ns3:TrackPointExtension>
        </extensions>
      </trkpt>
      <trkpt lat="34.23329710029065608978271484375" lon="108.93755276687443256378173828125">
        <ele>405.399993896484375</ele>
        <time>2026-02-03T12:04:57.000Z</time>
        <extensions>
          <ns3:TrackPointExtension>
            <ns3:hr>133</ns3:hr>
            <ns3:cad>96</ns3:cad>
          </ns3:TrackPointExtension>
        </extensions>
      </trkpt>
      <trkpt lat="34.23330078832805156707763671875" lon="108.9375878870487213134765625">
        <ele>405.399993896484375</ele>
        <time>2026-02-03T12:04:58.000Z</time>
        <extensions>
          <ns3:TrackPointExtension>
            <ns3:hr>133</ns3:hr>
            <ns3:cad>96</ns3:cad>
          </ns3:TrackPointExtension>
        </extensions>
      </trkpt>
      <trkpt lat="34.233306236565113067626953125" lon="108.9376192353665828704833984375">
        <ele>405.399993896484375</ele>
        <time>2026-02-03T12:04:59.000Z</time>
        <extensions>
          <ns3:TrackPointExtension>
            <ns3:hr>133</ns3:hr>
            <ns3:cad>96</ns3:cad>
          </ns3:TrackPointExtension>
        </extensions>
      </trkpt>
      <trkpt lat="34.23332207836210727691650390625" lon="108.937656618654727935791015625">
        <ele>405.399993896484375</ele>
        <time>2026-02-03T12:05:00.000Z</time>
        <extensions>
          <ns3:TrackPointExtension>
            <ns3:hr>133</ns3:hr>
            <ns3:cad>96</ns3:cad>
          </ns3:TrackPointExtension>
        </extensions>
      </trkpt>
      <trkpt lat="34.23333205282688140869140625" lon="108.937686122953891754150390625">
        <ele>405.399993896484375</ele>
        <time>2026-02-03T12:05:01.000Z</time>
        <extensions>
          <ns3:TrackPointExtension>
            <ns3:hr>133</ns3:hr>
            <ns3:cad>96</ns3:cad>
          </ns3:TrackPointExtension>
        </extensions>
      </trkpt>
      <trkpt lat="34.23334680497646331787109375" lon="108.93771872855722904205322265625">
        <ele>405.399993896484375</ele>
        <time>2026-02-03T12:05:02.000Z</time>
        <extensions>
          <ns3:TrackPointExtension>
            <ns3:hr>133</ns3:hr>
            <ns3:cad>96</ns3:cad>
          </ns3:TrackPointExtension>
        </extensions>
      </trkpt>
      <trkpt lat="34.2333613894879817962646484375" lon="108.9377479813992977142333984375">
        <ele>405.399993896484375</ele>
        <time>2026-02-03T12:05:03.000Z</time>
        <extensions>
          <ns3:TrackPointExtension>
            <ns3:hr>133</ns3:hr>
            <ns3:cad>96</ns3:cad>
          </ns3:TrackPointExtension>
        </extensions>
      </trkpt>
      <trkpt lat="34.2333774827420711517333984375" lon="108.937771953642368316650390625">
        <ele>405.399993896484375</ele>
        <time>2026-02-03T12:05:04.000Z</time>
        <extensions>
          <ns3:TrackPointExtension>
            <ns3:hr>133</ns3:hr>
            <ns3:cad>97</ns3:cad>
          </ns3:TrackPointExtension>
        </extensions>
      </trkpt>
      <trkpt lat="34.23339902423322200775146484375" lon="108.93779751844704151153564453125">
        <ele>405.399993896484375</ele>
        <time>2026-02-03T12:05:05.000Z</time>
        <extensions>
          <ns3:TrackPointExtension>
            <ns3:hr>133</ns3:hr>
            <ns3:cad>97</ns3:cad>
          </ns3:TrackPointExtension>
        </extensions>
      </trkpt>
      <trkpt lat="34.23341360874474048614501953125" lon="108.937818892300128936767578125">
        <ele>405.399993896484375</ele>
        <time>2026-02-03T12:05:06.000Z</time>
        <extensions>
          <ns3:TrackPointExtension>
            <ns3:hr>133</ns3:hr>
            <ns3:cad>97</ns3:cad>
          </ns3:TrackPointExtension>
        </extensions>
      </trkpt>
      <trkpt lat="34.23344445414841175079345703125" lon="108.93783926032483577728271484375">
        <ele>405.399993896484375</ele>
        <time>2026-02-03T12:05:07.000Z</time>
        <extensions>
          <ns3:TrackPointExtension>
            <ns3:hr>132</ns3:hr>
            <ns3:cad>95</ns3:cad>
          </ns3:TrackPointExtension>
        </extensions>
      </trkpt>
      <trkpt lat="34.2334629781544208526611328125" lon="108.93785770051181316375732421875">
        <ele>405.399993896484375</ele>
        <time>2026-02-03T12:05:08.000Z</time>
        <extensions>
          <ns3:TrackPointExtension>
            <ns3:hr>132</ns3:hr>
            <ns3:cad>95</ns3:cad>
          </ns3:TrackPointExtension>
        </extensions>
      </trkpt>
      <trkpt lat="34.23349457792937755584716796875" lon="108.9378727041184902191162109375">
        <ele>405.399993896484375</ele>
        <time>2026-02-03T12:05:09.000Z</time>
        <extensions>
          <ns3:TrackPointExtension>
            <ns3:hr>132</ns3:hr>
            <ns3:cad>95</ns3:cad>
          </ns3:TrackPointExtension>
        </extensions>
      </trkpt>
      <trkpt lat="34.2335176281630992889404296875" lon="108.937888629734516143798828125">
        <ele>405.399993896484375</ele>
        <time>2026-02-03T12:05:10.000Z</time>
        <extensions>
          <ns3:TrackPointExtension>
            <ns3:hr>132</ns3:hr>
            <ns3:cad>94</ns3:cad>
          </ns3:TrackPointExtension>
        </extensions>
      </trkpt>
      <trkpt lat="34.23354419879615306854248046875" lon="108.93790162168443202972412109375">
        <ele>405.399993896484375</ele>
        <time>2026-02-03T12:05:11.000Z</time>
        <extensions>
          <ns3:TrackPointExtension>
            <ns3:hr>131</ns3:hr>
            <ns3:cad>94</ns3:cad>
          </ns3:TrackPointExtension>
        </extensions>
      </trkpt>
      <trkpt lat="34.23357085324823856353759765625" lon="108.9379122667014598846435546875">
        <ele>405.399993896484375</ele>
        <time>2026-02-03T12:05:12.000Z</time>
        <extensions>
          <ns3:TrackPointExtension>
            <ns3:hr>131</ns3:hr>
            <ns3:cad>94</ns3:cad>
          </ns3:TrackPointExtension>
        </extensions>
      </trkpt>
      <trkpt lat="34.233594574034214019775390625" lon="108.93791670911014080047607421875">
        <ele>405.399993896484375</ele>
        <time>2026-02-03T12:05:13.000Z</time>
        <extensions>
          <ns3:TrackPointExtension>
            <ns3:hr>131</ns3:hr>
            <ns3:cad>94</ns3:cad>
          </ns3:TrackPointExtension>
        </extensions>
      </trkpt>
      <trkpt lat="34.23362533561885356903076171875" lon="108.93791578710079193115234375">
        <ele>405.399993896484375</ele>
        <time>2026-02-03T12:05:14.000Z</time>
        <extensions>
          <ns3:TrackPointExtension>
            <ns3:hr>131</ns3:hr>
            <ns3:cad>93</ns3:cad>
          </ns3:TrackPointExtension>
        </extensions>
      </trkpt>
      <trkpt lat="34.23365199007093906402587890625" lon="108.93791905604302883148193359375">
        <ele>405.399993896484375</ele>
        <time>2026-02-03T12:05:15.000Z</time>
        <extensions>
          <ns3:TrackPointExtension>
            <ns3:hr>131</ns3:hr>
            <ns3:cad>95</ns3:cad>
          </ns3:TrackPointExtension>
        </extensions>
      </trkpt>
      <trkpt lat="34.23368182964622974395751953125" lon="108.9379142783582210540771484375">
        <ele>405.399993896484375</ele>
        <time>2026-02-03T12:05:16.000Z</time>
        <extensions>
          <ns3:TrackPointExtension>
            <ns3:hr>131</ns3:hr>
            <ns3:cad>95</ns3:cad>
          </ns3:TrackPointExtension>
        </extensions>
      </trkpt>
      <trkpt lat="34.2337073944509029388427734375" lon="108.93791503272950649261474609375">
        <ele>405.600006103515625</ele>
        <time>2026-02-03T12:05:17.000Z</time>
        <extensions>
          <ns3:TrackPointExtension>
            <ns3:hr>131</ns3:hr>
            <ns3:cad>95</ns3:cad>
          </ns3:TrackPointExtension>
        </extensions>
      </trkpt>
      <trkpt lat="34.2337365634739398956298828125" lon="108.93791167996823787689208984375">
        <ele>405.600006103515625</ele>
        <time>2026-02-03T12:05:18.000Z</time>
        <extensions>
          <ns3:TrackPointExtension>
            <ns3:hr>131</ns3:hr>
            <ns3:cad>95</ns3:cad>
          </ns3:TrackPointExtension>
        </extensions>
      </trkpt>
      <trkpt lat="34.233765564858913421630859375" lon="108.93791100941598415374755859375">
        <ele>405.399993896484375</ele>
        <time>2026-02-03T12:05:19.000Z</time>
        <extensions>
          <ns3:TrackPointExtension>
            <ns3:hr>132</ns3:hr>
            <ns3:cad>94</ns3:cad>
          </ns3:TrackPointExtension>
        </extensions>
      </trkpt>
      <trkpt lat="34.23379029147326946258544921875" lon="108.9379124343395233154296875">
        <ele>405.399993896484375</ele>
        <time>2026-02-03T12:05:20.000Z</time>
        <extensions>
          <ns3:TrackPointExtension>
            <ns3:hr>132</ns3:hr>
            <ns3:cad>94</ns3:cad>
          </ns3:TrackPointExtension>
        </extensions>
      </trkpt>
      <trkpt lat="34.233819544315338134765625" lon="108.937908746302127838134765625">
        <ele>405.600006103515625</ele>
        <time>2026-02-03T12:05:21.000Z</time>
        <extensions>
          <ns3:TrackPointExtension>
            <ns3:hr>132</ns3:hr>
            <ns3:cad>95</ns3:cad>
          </ns3:TrackPointExtension>
        </extensions>
      </trkpt>
      <trkpt lat="34.23384410329163074493408203125" lon="108.93791134469211101531982421875">
        <ele>405.399993896484375</ele>
        <time>2026-02-03T12:05:22.000Z</time>
        <extensions>
          <ns3:TrackPointExtension>
            <ns3:hr>132</ns3:hr>
            <ns3:cad>95</ns3:cad>
          </ns3:TrackPointExtension>
        </extensions>
      </trkpt>
      <trkpt lat="34.23387142829596996307373046875" lon="108.9379124343395233154296875">
        <ele>405.600006103515625</ele>
        <time>2026-02-03T12:05:23.000Z</time>
        <extensions>
          <ns3:TrackPointExtension>
            <ns3:hr>132</ns3:hr>
            <ns3:cad>94</ns3:cad>
          </ns3:TrackPointExtension>
        </extensions>
      </trkpt>
      <trkpt lat="34.23390177078545093536376953125" lon="108.93790899775922298431396484375">
        <ele>405.600006103515625</ele>
        <time>2026-02-03T12:05:24.000Z</time>
        <extensions>
          <ns3:TrackPointExtension>
            <ns3:hr>132</ns3:hr>
            <ns3:cad>94</ns3:cad>
          </ns3:TrackPointExtension>
        </extensions>
      </trkpt>
      <trkpt lat="34.233926497399806976318359375" lon="108.9379129372537136077880859375">
        <ele>405.600006103515625</ele>
        <time>2026-02-03T12:05:25.000Z</time>
        <extensions>
          <ns3:TrackPointExtension>
            <ns3:hr>132</ns3:hr>
            <ns3:cad>94</ns3:cad>
          </ns3:TrackPointExtension>
        </extensions>
      </trkpt>
      <trkpt lat="34.23395910300314426422119140625" lon="108.93790614791214466094970703125">
        <ele>405.600006103515625</ele>
        <time>2026-02-03T12:05:26.000Z</time>
        <extensions>
          <ns3:TrackPointExtension>
            <ns3:hr>132</ns3:hr>
            <ns3:cad>97</ns3:cad>
          </ns3:TrackPointExtension>
        </extensions>
      </trkpt>
      <trkpt lat="34.2339826561510562896728515625" lon="108.937905728816986083984375">
        <ele>405.600006103515625</ele>
        <time>2026-02-03T12:05:27.000Z</time>
        <extensions>
          <ns3:TrackPointExtension>
            <ns3:hr>132</ns3:hr>
            <ns3:cad>97</ns3:cad>
          </ns3:TrackPointExtension>
        </extensions>
      </trkpt>
      <trkpt lat="34.23400553874671459197998046875" lon="108.93790782429277896881103515625">
        <ele>405.600006103515625</ele>
        <time>2026-02-03T12:05:28.000Z</time>
        <extensions>
          <ns3:TrackPointExtension>
            <ns3:hr>132</ns3:hr>
            <ns3:cad>97</ns3:cad>
          </ns3:TrackPointExtension>
        </extensions>
      </trkpt>
      <trkpt lat="34.234037809073925018310546875" lon="108.937907405197620391845703125">
        <ele>405.600006103515625</ele>
        <time>2026-02-03T12:05:29.000Z</time>
        <extensions>
          <ns3:TrackPointExtension>
            <ns3:hr>132</ns3:hr>
            <ns3:cad>95</ns3:cad>
          </ns3:TrackPointExtension>
        </extensions>
      </trkpt>
      <trkpt lat="34.234062619507312774658203125" lon="108.9379099197685718536376953125">
        <ele>405.600006103515625</ele>
        <time>2026-02-03T12:05:30.000Z</time>
        <extensions>
          <ns3:TrackPointExtension>
            <ns3:hr>132</ns3:hr>
            <ns3:cad>95</ns3:cad>
          </ns3:TrackPointExtension>
        </extensions>
      </trkpt>
      <trkpt lat="34.234096817672252655029296875" lon="108.93790698610246181488037109375">
        <ele>405.600006103515625</ele>
        <time>2026-02-03T12:05:31.000Z</time>
        <extensions>
          <ns3:TrackPointExtension>
            <ns3:hr>132</ns3:hr>
            <ns3:cad>95</ns3:cad>
          </ns3:TrackPointExtension>
        </extensions>
      </trkpt>
      <trkpt lat="34.2341238074004650115966796875" lon="108.93791218288242816925048828125">
        <ele>405.600006103515625</ele>
        <time>2026-02-03T12:05:32.000Z</time>
        <extensions>
          <ns3:TrackPointExtension>
            <ns3:hr>132</ns3:hr>
            <ns3:cad>95</ns3:cad>
          </ns3:TrackPointExtension>
        </extensions>
      </trkpt>
      <trkpt lat="34.23415322788059711456298828125" lon="108.93790732137858867645263671875">
        <ele>405.399993896484375</ele>
        <time>2026-02-03T12:05:33.000Z</time>
        <extensions>
          <ns3:TrackPointExtension>
            <ns3:hr>132</ns3:hr>
            <ns3:cad>95</ns3:cad>
          </ns3:TrackPointExtension>
        </extensions>
      </trkpt>
      <trkpt lat="34.2341818101704120635986328125" lon="108.9379035495221614837646484375">
        <ele>405.399993896484375</ele>
        <time>2026-02-03T12:05:34.000Z</time>
        <extensions>
          <ns3:TrackPointExtension>
            <ns3:hr>132</ns3:hr>
            <ns3:cad>95</ns3:cad>
          </ns3:TrackPointExtension>
        </extensions>
      </trkpt>
      <trkpt lat="34.23420905135571956634521484375" lon="108.93791050650179386138916015625">
        <ele>405.399993896484375</ele>
        <time>2026-02-03T12:05:35.000Z</time>
        <extensions>
          <ns3:TrackPointExtension>
            <ns3:hr>132</ns3:hr>
            <ns3:cad>96</ns3:cad>
          </ns3:TrackPointExtension>
        </extensions>
      </trkpt>
      <trkpt lat="34.234242998063564300537109375" lon="108.9379058964550495147705078125">
        <ele>405.600006103515625</ele>
        <time>2026-02-03T12:05:36.000Z</time>
        <extensions>
          <ns3:TrackPointExtension>
            <ns3:hr>133</ns3:hr>
            <ns3:cad>96</ns3:cad>
          </ns3:TrackPointExtension>
        </extensions>
      </trkpt>
      <trkpt lat="34.23427191562950611114501953125" lon="108.93790774047374725341796875">
        <ele>405.600006103515625</ele>
        <time>2026-02-03T12:05:37.000Z</time>
        <extensions>
          <ns3:TrackPointExtension>
            <ns3:hr>133</ns3:hr>
            <ns3:cad>96</ns3:cad>
          </ns3:TrackPointExtension>
        </extensions>
      </trkpt>
      <trkpt lat="34.23429655842483043670654296875" lon="108.93790815956890583038330078125">
        <ele>405.600006103515625</ele>
        <time>2026-02-03T12:05:38.000Z</time>
        <extensions>
          <ns3:TrackPointExtension>
            <ns3:hr>133</ns3:hr>
            <ns3:cad>96</ns3:cad>
          </ns3:TrackPointExtension>
        </extensions>
      </trkpt>
      <trkpt lat="34.23432447016239166259765625" lon="108.937908075749874114990234375">
        <ele>405.600006103515625</ele>
        <time>2026-02-03T12:05:39.000Z</time>
        <extensions>
          <ns3:TrackPointExtension>
            <ns3:hr>133</ns3:hr>
            <ns3:cad>96</ns3:cad>
          </ns3:TrackPointExtension>
        </extensions>
      </trkpt>
      <trkpt lat="34.23434802331030368804931640625" lon="108.937910087406635284423828125">
        <ele>405.600006103515625</ele>
        <time>2026-02-03T12:05:40.000Z</time>
        <extensions>
          <ns3:TrackPointExtension>
            <ns3:hr>134</ns3:hr>
            <ns3:cad>96</ns3:cad>
          </ns3:TrackPointExtension>
        </extensions>
      </trkpt>
      <trkpt lat="34.23438104800879955291748046875" lon="108.9379084110260009765625">
        <ele>405.600006103515625</ele>
        <time>2026-02-03T12:05:41.000Z</time>
        <extensions>
          <ns3:TrackPointExtension>
            <ns3:hr>135</ns3:hr>
            <ns3:cad>96</ns3:cad>
          </ns3:TrackPointExtension>
        </extensions>
      </trkpt>
      <trkpt lat="34.2343967221677303314208984375" lon="108.9379112608730792999267578125">
        <ele>405.600006103515625</ele>
        <time>2026-02-03T12:05:42.000Z</time>
        <extensions>
          <ns3:TrackPointExtension>
            <ns3:hr>135</ns3:hr>
            <ns3:cad>96</ns3:cad>
          </ns3:TrackPointExtension>
        </extensions>
      </trkpt>
      <trkpt lat="34.2344185151159763336181640625" lon="108.93789927475154399871826171875">
        <ele>405.600006103515625</ele>
        <time>2026-02-03T12:05:43.000Z</time>
        <extensions>
          <ns3:TrackPointExtension>
            <ns3:hr>135</ns3:hr>
            <ns3:cad>96</ns3:cad>
          </ns3:TrackPointExtension>
        </extensions>
      </trkpt>
      <trkpt lat="34.23444407992064952850341796875" lon="108.9378914795815944671630859375">
        <ele>405.600006103515625</ele>
        <time>2026-02-03T12:05:44.000Z</time>
        <extensions>
          <ns3:TrackPointExtension>
            <ns3:hr>135</ns3:hr>
            <ns3:cad>95</ns3:cad>
          </ns3:TrackPointExtension>
        </extensions>
      </trkpt>
      <trkpt lat="34.234466291964054107666015625" lon="108.937889635562896728515625">
        <ele>405.600006103515625</ele>
        <time>2026-02-03T12:05:45.000Z</time>
        <extensions>
          <ns3:TrackPointExtension>
            <ns3:hr>136</ns3:hr>
            <ns3:cad>95</ns3:cad>
          </ns3:TrackPointExtension>
        </extensions>
      </trkpt>
      <trkpt lat="34.23449420370161533355712890625" lon="108.9378733746707439422607421875">
        <ele>405.600006103515625</ele>
        <time>2026-02-03T12:05:46.000Z</time>
        <extensions>
          <ns3:TrackPointExtension>
            <ns3:hr>136</ns3:hr>
            <ns3:cad>95</ns3:cad>
          </ns3:TrackPointExtension>
        </extensions>
      </trkpt>
      <trkpt lat="34.2345234565436840057373046875" lon="108.9378636516630649566650390625">
        <ele>405.600006103515625</ele>
        <time>2026-02-03T12:05:47.000Z</time>
        <extensions>
          <ns3:TrackPointExtension>
            <ns3:hr>136</ns3:hr>
            <ns3:cad>95</ns3:cad>
          </ns3:TrackPointExtension>
        </extensions>
      </trkpt>
      <trkpt lat="34.234550110995769500732421875" lon="108.93784730695188045501708984375">
        <ele>405.600006103515625</ele>
        <time>2026-02-03T12:05:48.000Z</time>
        <extensions>
          <ns3:TrackPointExtension>
            <ns3:hr>136</ns3:hr>
            <ns3:cad>95</ns3:cad>
          </ns3:TrackPointExtension>
        </extensions>
      </trkpt>
      <trkpt lat="34.23457869328558444976806640625" lon="108.93782350234687328338623046875">
        <ele>405.79998779296875</ele>
        <time>2026-02-03T12:05:49.000Z</time>
        <extensions>
          <ns3:TrackPointExtension>
            <ns3:hr>135</ns3:hr>
            <ns3:cad>95</ns3:cad>
          </ns3:TrackPointExtension>
        </extensions>
      </trkpt>
      <trkpt lat="34.23460132442414760589599609375" lon="108.93781210295855998992919921875">
        <ele>405.79998779296875</ele>
        <time>2026-02-03T12:05:50.000Z</time>
        <extensions>
          <ns3:TrackPointExtension>
            <ns3:hr>136</ns3:hr>
            <ns3:cad>95</ns3:cad>
          </ns3:TrackPointExtension>
        </extensions>
      </trkpt>
      <trkpt lat="34.234623871743679046630859375" lon="108.93778712488710880279541015625">
        <ele>405.79998779296875</ele>
        <time>2026-02-03T12:05:51.000Z</time>
        <extensions>
          <ns3:TrackPointExtension>
            <ns3:hr>136</ns3:hr>
            <ns3:cad>97</ns3:cad>
          </ns3:TrackPointExtension>
        </extensions>
      </trkpt>
      <trkpt lat="34.2346501909196376800537109375" lon="108.93776114098727703094482421875">
        <ele>405.79998779296875</ele>
        <time>2026-02-03T12:05:52.000Z</time>
        <extensions>
          <ns3:TrackPointExtension>
            <ns3:hr>135</ns3:hr>
            <ns3:cad>98</ns3:cad>
          </ns3:TrackPointExtension>
        </extensions>
      </trkpt>
      <trkpt lat="34.2346684634685516357421875" lon="108.93774353899061679840087890625">
        <ele>405.79998779296875</ele>
        <time>2026-02-03T12:05:53.000Z</time>
        <extensions>
          <ns3:TrackPointExtension>
            <ns3:hr>136</ns3:hr>
            <ns3:cad>97</ns3:cad>
          </ns3:TrackPointExtension>
        </extensions>
      </trkpt>
      <trkpt lat="34.23468363471329212188720703125" lon="108.9377151243388652801513671875">
        <ele>405.79998779296875</ele>
        <time>2026-02-03T12:05:54.000Z</time>
        <extensions>
          <ns3:TrackPointExtension>
            <ns3:hr>135</ns3:hr>
            <ns3:cad>97</ns3:cad>
          </ns3:TrackPointExtension>
        </extensions>
      </trkpt>
      <trkpt lat="34.2347014881670475006103515625" lon="108.9376946724951267242431640625">
        <ele>405.79998779296875</ele>
        <time>2026-02-03T12:05:55.000Z</time>
        <extensions>
          <ns3:TrackPointExtension>
            <ns3:hr>135</ns3:hr>
            <ns3:cad>97</ns3:cad>
          </ns3:TrackPointExtension>
        </extensions>
      </trkpt>
      <trkpt lat="34.23471682704985141754150390625" lon="108.937669359147548675537109375">
        <ele>405.79998779296875</ele>
        <time>2026-02-03T12:05:56.000Z</time>
        <extensions>
          <ns3:TrackPointExtension>
            <ns3:hr>135</ns3:hr>
            <ns3:cad>97</ns3:cad>
          </ns3:TrackPointExtension>
        </extensions>
      </trkpt>
      <trkpt lat="34.23472688533365726470947265625" lon="108.937632478773593902587890625">
        <ele>405.79998779296875</ele>
        <time>2026-02-03T12:05:57.000Z</time>
        <extensions>
          <ns3:TrackPointExtension>
            <ns3:hr>132</ns3:hr>
            <ns3:cad>97</ns3:cad>
          </ns3:TrackPointExtension>
        </extensions>
      </trkpt>
      <trkpt lat="34.234739877283573150634765625" lon="108.9376064948737621307373046875">
        <ele>405.79998779296875</ele>
        <time>2026-02-03T12:05:58.000Z</time>
        <extensions>
          <ns3:TrackPointExtension>
            <ns3:hr>129</ns3:hr>
            <ns3:cad>98</ns3:cad>
          </ns3:TrackPointExtension>
        </extensions>
      </trkpt>
      <trkpt lat="34.23474348150193691253662109375" lon="108.93757070414721965789794921875">
        <ele>405.79998779296875</ele>
        <time>2026-02-03T12:05:59.000Z</time>
        <extensions>
          <ns3:TrackPointExtension>
            <ns3:hr>128</ns3:hr>
            <ns3:cad>98</ns3:cad>
          </ns3:TrackPointExtension>
        </extensions>
      </trkpt>
      <trkpt lat="34.234747588634490966796875" lon="108.93753650598227977752685546875">
        <ele>405.79998779296875</ele>
        <time>2026-02-03T12:06:00.000Z</time>
        <extensions>
          <ns3:TrackPointExtension>
            <ns3:hr>127</ns3:hr>
            <ns3:cad>98</ns3:cad>
          </ns3:TrackPointExtension>
        </extensions>
      </trkpt>
      <trkpt lat="34.23475437797605991363525390625" lon="108.93751152791082859039306640625">
        <ele>405.79998779296875</ele>
        <time>2026-02-03T12:06:01.000Z</time>
        <extensions>
          <ns3:TrackPointExtension>
            <ns3:hr>127</ns3:hr>
            <ns3:cad>98</ns3:cad>
          </ns3:TrackPointExtension>
        </extensions>
      </trkpt>
      <trkpt lat="34.2347511090338230133056640625" lon="108.93747389316558837890625">
        <ele>405.79998779296875</ele>
        <time>2026-02-03T12:06:02.000Z</time>
        <extensions>
          <ns3:TrackPointExtension>
            <ns3:hr>127</ns3:hr>
            <ns3:cad>98</ns3:cad>
          </ns3:TrackPointExtension>
        </extensions>
      </trkpt>
      <trkpt lat="34.23475630581378936767578125" lon="108.937448747456073760986328125">
        <ele>405.79998779296875</ele>
        <time>2026-02-03T12:06:03.000Z</time>
        <extensions>
          <ns3:TrackPointExtension>
            <ns3:hr>126</ns3:hr>
            <ns3:cad>98</ns3:cad>
          </ns3:TrackPointExtension>
        </extensions>
      </trkpt>
      <trkpt lat="34.23475186340510845184326171875" lon="108.9374130405485630035400390625">
        <ele>405.600006103515625</ele>
        <time>2026-02-03T12:06:04.000Z</time>
        <extensions>
          <ns3:TrackPointExtension>
            <ns3:hr>126</ns3:hr>
            <ns3:cad>96</ns3:cad>
          </ns3:TrackPointExtension>
        </extensions>
      </trkpt>
      <trkpt lat="34.23474364914000034332275390625" lon="108.9373815245926380157470703125">
        <ele>405.600006103515625</ele>
        <time>2026-02-03T12:06:05.000Z</time>
        <extensions>
          <ns3:TrackPointExtension>
            <ns3:hr>126</ns3:hr>
            <ns3:cad>96</ns3:cad>
          </ns3:TrackPointExtension>
        </extensions>
      </trkpt>
      <trkpt lat="34.2347380332648754119873046875" lon="108.937354870140552520751953125">
        <ele>405.600006103515625</ele>
        <time>2026-02-03T12:06:06.000Z</time>
        <extensions>
          <ns3:TrackPointExtension>
            <ns3:hr>126</ns3:hr>
            <ns3:cad>95</ns3:cad>
          </ns3:TrackPointExtension>
        </extensions>
      </trkpt>
      <trkpt lat="34.23472017981112003326416015625" lon="108.93731807358562946319580078125">
        <ele>405.600006103515625</ele>
        <time>2026-02-03T12:06:07.000Z</time>
        <extensions>
          <ns3:TrackPointExtension>
            <ns3:hr>127</ns3:hr>
            <ns3:cad>95</ns3:cad>
          </ns3:TrackPointExtension>
        </extensions>
      </trkpt>
      <trkpt lat="34.23471397720277309417724609375" lon="108.93729074858129024505615234375">
        <ele>405.600006103515625</ele>
        <time>2026-02-03T12:06:08.000Z</time>
        <extensions>
          <ns3:TrackPointExtension>
            <ns3:hr>126</ns3:hr>
            <ns3:cad>95</ns3:cad>
          </ns3:TrackPointExtension>
        </extensions>
      </trkpt>
      <trkpt lat="34.23469788394868373870849609375" lon="108.93726476468145847320556640625">
        <ele>405.600006103515625</ele>
        <time>2026-02-03T12:06:09.000Z</time>
        <extensions>
          <ns3:TrackPointExtension>
            <ns3:hr>126</ns3:hr>
            <ns3:cad>95</ns3:cad>
          </ns3:TrackPointExtension>
        </extensions>
      </trkpt>
      <trkpt lat="34.2346800304949283599853515625" lon="108.93723408691585063934326171875">
        <ele>405.79998779296875</ele>
        <time>2026-02-03T12:06:10.000Z</time>
        <extensions>
          <ns3:TrackPointExtension>
            <ns3:hr>125</ns3:hr>
            <ns3:cad>96</ns3:cad>
          </ns3:TrackPointExtension>
        </extensions>
      </trkpt>
      <trkpt lat="34.2346669547259807586669921875" lon="108.93721036612987518310546875">
        <ele>405.79998779296875</ele>
        <time>2026-02-03T12:06:11.000Z</time>
        <extensions>
          <ns3:TrackPointExtension>
            <ns3:hr>125</ns3:hr>
            <ns3:cad>96</ns3:cad>
          </ns3:TrackPointExtension>
        </extensions>
      </trkpt>
      <trkpt lat="34.23463962972164154052734375" lon="108.937185890972614288330078125">
        <ele>405.79998779296875</ele>
        <time>2026-02-03T12:06:12.000Z</time>
        <extensions>
          <ns3:TrackPointExtension>
            <ns3:hr>124</ns3:hr>
            <ns3:cad>97</ns3:cad>
          </ns3:TrackPointExtension>
        </extensions>
      </trkpt>
      <trkpt lat="34.2346243746578693389892578125" lon="108.93716284073889255523681640625">
        <ele>405.79998779296875</ele>
        <time>2026-02-03T12:06:13.000Z</time>
        <extensions>
          <ns3:TrackPointExtension>
            <ns3:hr>124</ns3:hr>
            <ns3:cad>97</ns3:cad>
          </ns3:TrackPointExtension>
        </extensions>
      </trkpt>
      <trkpt lat="34.23460233025252819061279296875" lon="108.9371426403522491455078125">
        <ele>405.79998779296875</ele>
        <time>2026-02-03T12:06:14.000Z</time>
        <extensions>
          <ns3:TrackPointExtension>
            <ns3:hr>124</ns3:hr>
            <ns3:cad>97</ns3:cad>
          </ns3:TrackPointExtension>
        </extensions>
      </trkpt>
      <trkpt lat="34.23457450233399868011474609375" lon="108.93712176941335201263427734375">
        <ele>405.79998779296875</ele>
        <time>2026-02-03T12:06:15.000Z</time>
        <extensions>
          <ns3:TrackPointExtension>
            <ns3:hr>125</ns3:hr>
            <ns3:cad>97</ns3:cad>
          </ns3:TrackPointExtension>
        </extensions>
      </trkpt>
      <trkpt lat="34.2345559783279895782470703125" lon="108.937103413045406341552734375">
        <ele>405.79998779296875</ele>
        <time>2026-02-03T12:06:16.000Z</time>
        <extensions>
          <ns3:TrackPointExtension>
            <ns3:hr>124</ns3:hr>
            <ns3:cad>97</ns3:cad>
          </ns3:TrackPointExtension>
        </extensions>
      </trkpt>
      <trkpt lat="34.234525971114635467529296875" lon="108.93708966672420501708984375">
        <ele>405.79998779296875</ele>
        <time>2026-02-03T12:06:17.000Z</time>
        <extensions>
          <ns3:TrackPointExtension>
            <ns3:hr>124</ns3:hr>
            <ns3:cad>97</ns3:cad>
          </ns3:TrackPointExtension>
        </extensions>
      </trkpt>
      <trkpt lat="34.23450459726154804229736328125" lon="108.93707650713622570037841796875">
        <ele>405.79998779296875</ele>
        <time>2026-02-03T12:06:18.000Z</time>
        <extensions>
          <ns3:TrackPointExtension>
            <ns3:hr>125</ns3:hr>
            <ns3:cad>97</ns3:cad>
          </ns3:TrackPointExtension>
        </extensions>
      </trkpt>
      <trkpt lat="34.2344755120575428009033203125" lon="108.93707080744206905364990234375">
        <ele>405.79998779296875</ele>
        <time>2026-02-03T12:06:19.000Z</time>
        <extensions>
          <ns3:TrackPointExtension>
            <ns3:hr>125</ns3:hr>
            <ns3:cad>97</ns3:cad>
          </ns3:TrackPointExtension>
        </extensions>
      </trkpt>
      <trkpt lat="34.23444114625453948974609375" lon="108.9370675384998321533203125">
        <ele>405.79998779296875</ele>
        <time>2026-02-03T12:06:20.000Z</time>
        <extensions>
          <ns3:TrackPointExtension>
            <ns3:hr>125</ns3:hr>
            <ns3:cad>97</ns3:cad>
          </ns3:TrackPointExtension>
        </extensions>
      </trkpt>
      <trkpt lat="34.23441977240145206451416015625" lon="108.93705748021602630615234375">
        <ele>405.79998779296875</ele>
        <time>2026-02-03T12:06:21.000Z</time>
        <extensions>
          <ns3:TrackPointExtension>
            <ns3:hr>124</ns3:hr>
            <ns3:cad>97</ns3:cad>
          </ns3:TrackPointExtension>
        </extensions>
      </trkpt>
      <trkpt lat="34.2343903519213199615478515625" lon="108.9370630122721195220947265625">
        <ele>405.79998779296875</ele>
        <time>2026-02-03T12:06:22.000Z</time>
        <extensions>
          <ns3:TrackPointExtension>
            <ns3:hr>124</ns3:hr>
            <ns3:cad>97</ns3:cad>
          </ns3:TrackPointExtension>
        </extensions>
      </trkpt>
      <trkpt lat="34.23436344601213932037353515625" lon="108.93706074915826320648193359375">
        <ele>405.79998779296875</ele>
        <time>2026-02-03T12:06:23.000Z</time>
        <extensions>
          <ns3:TrackPointExtension>
            <ns3:hr>124</ns3:hr>
            <ns3:cad>97</ns3:cad>
          </ns3:TrackPointExtension>
        </extensions>
      </trkpt>
      <trkpt lat="34.2343420721590518951416015625" lon="108.9370579831302165985107421875">
        <ele>405.600006103515625</ele>
        <time>2026-02-03T12:06:24.000Z</time>
        <extensions>
          <ns3:TrackPointExtension>
            <ns3:hr>124</ns3:hr>
            <ns3:cad>97</ns3:cad>
          </ns3:TrackPointExtension>
        </extensions>
      </trkpt>
      <trkpt lat="34.2343090474605560302734375" lon="108.9370613358914852142333984375">
        <ele>405.600006103515625</ele>
        <time>2026-02-03T12:06:25.000Z</time>
        <extensions>
          <ns3:TrackPointExtension>
            <ns3:hr>124</ns3:hr>
            <ns3:cad>97</ns3:cad>
          </ns3:TrackPointExtension>
        </extensions>
      </trkpt>
      <trkpt lat="34.2342850752174854278564453125" lon="108.93705437891185283660888671875">
        <ele>405.600006103515625</ele>
        <time>2026-02-03T12:06:26.000Z</time>
        <extensions>
          <ns3:TrackPointExtension>
            <ns3:hr>124</ns3:hr>
            <ns3:cad>97</ns3:cad>
          </ns3:TrackPointExtension>
        </extensions>
      </trkpt>
      <trkpt lat="34.23426303081214427947998046875" lon="108.93705521710216999053955078125">
        <ele>405.600006103515625</ele>
        <time>2026-02-03T12:06:27.000Z</time>
        <extensions>
          <ns3:TrackPointExtension>
            <ns3:hr>124</ns3:hr>
            <ns3:cad>97</ns3:cad>
          </ns3:TrackPointExtension>
        </extensions>
      </trkpt>
      <trkpt lat="34.23423168249428272247314453125" lon="108.93705622293055057525634765625">
        <ele>405.600006103515625</ele>
        <time>2026-02-03T12:06:28.000Z</time>
        <extensions>
          <ns3:TrackPointExtension>
            <ns3:hr>124</ns3:hr>
            <ns3:cad>97</ns3:cad>
          </ns3:TrackPointExtension>
        </extensions>
      </trkpt>
      <trkpt lat="34.23421089537441730499267578125" lon="108.9370502717792987823486328125">
        <ele>405.600006103515625</ele>
        <time>2026-02-03T12:06:29.000Z</time>
        <extensions>
          <ns3:TrackPointExtension>
            <ns3:hr>124</ns3:hr>
            <ns3:cad>97</ns3:cad>
          </ns3:TrackPointExtension>
        </extensions>
      </trkpt>
      <trkpt lat="34.23417753539979457855224609375" lon="108.93705471418797969818115234375">
        <ele>405.600006103515625</ele>
        <time>2026-02-03T12:06:30.000Z</time>
        <extensions>
          <ns3:TrackPointExtension>
            <ns3:hr>124</ns3:hr>
            <ns3:cad>97</ns3:cad>
          </ns3:TrackPointExtension>
        </extensions>
      </trkpt>
      <trkpt lat="34.23415222205221652984619140625" lon="108.9370482601225376129150390625">
        <ele>405.600006103515625</ele>
        <time>2026-02-03T12:06:31.000Z</time>
        <extensions>
          <ns3:TrackPointExtension>
            <ns3:hr>125</ns3:hr>
            <ns3:cad>97</ns3:cad>
          </ns3:TrackPointExtension>
        </extensions>
      </trkpt>
      <trkpt lat="34.23412724398076534271240234375" lon="108.9370452426373958587646484375">
        <ele>405.600006103515625</ele>
        <time>2026-02-03T12:06:32.000Z</time>
        <extensions>
          <ns3:TrackPointExtension>
            <ns3:hr>125</ns3:hr>
            <ns3:cad>98</ns3:cad>
          </ns3:TrackPointExtension>
        </extensions>
      </trkpt>
      <trkpt lat="34.23409740440547466278076171875" lon="108.93704297952353954315185546875">
        <ele>405.600006103515625</ele>
        <time>2026-02-03T12:06:33.000Z</time>
        <extensions>
          <ns3:TrackPointExtension>
            <ns3:hr>126</ns3:hr>
            <ns3:cad>98</ns3:cad>
          </ns3:TrackPointExtension>
        </extensions>
      </trkpt>
      <trkpt lat="34.23407427035272121429443359375" lon="108.93703795038163661956787109375">
        <ele>405.600006103515625</ele>
        <time>2026-02-03T12:06:34.000Z</time>
        <extensions>
          <ns3:TrackPointExtension>
            <ns3:hr>127</ns3:hr>
            <ns3:cad>98</ns3:cad>
          </ns3:TrackPointExtension>
        </extensions>
      </trkpt>
      <trkpt lat="34.23404124565422534942626953125" lon="108.937044404447078704833984375">
        <ele>405.600006103515625</ele>
        <time>2026-02-03T12:06:35.000Z</time>
        <extensions>
          <ns3:TrackPointExtension>
            <ns3:hr>127</ns3:hr>
            <ns3:cad>96</ns3:cad>
          </ns3:TrackPointExtension>
        </extensions>
      </trkpt>
      <trkpt lat="34.23401257954537868499755859375" lon="108.93704398535192012786865234375">
        <ele>405.79998779296875</ele>
        <time>2026-02-03T12:06:36.000Z</time>
        <extensions>
          <ns3:TrackPointExtension>
            <ns3:hr>128</ns3:hr>
            <ns3:cad>95</ns3:cad>
          </ns3:TrackPointExtension>
        </extensions>
      </trkpt>
      <trkpt lat="34.23399028368294239044189453125" lon="108.93703945912420749664306640625">
        <ele>405.79998779296875</ele>
        <time>2026-02-03T12:06:37.000Z</time>
        <extensions>
          <ns3:TrackPointExtension>
            <ns3:hr>128</ns3:hr>
            <ns3:cad>97</ns3:cad>
          </ns3:TrackPointExtension>
        </extensions>
      </trkpt>
      <trkpt lat="34.233956672251224517822265625" lon="108.937047421932220458984375">
        <ele>405.600006103515625</ele>
        <time>2026-02-03T12:06:38.000Z</time>
        <extensions>
          <ns3:TrackPointExtension>
            <ns3:hr>128</ns3:hr>
            <ns3:cad>97</ns3:cad>
          </ns3:TrackPointExtension>
        </extensions>
      </trkpt>
      <trkpt lat="34.23393110744655132293701171875" lon="108.93704264424741268157958984375">
        <ele>405.79998779296875</ele>
        <time>2026-02-03T12:06:39.000Z</time>
        <extensions>
          <ns3:TrackPointExtension>
            <ns3:hr>127</ns3:hr>
            <ns3:cad>97</ns3:cad>
          </ns3:TrackPointExtension>
        </extensions>
      </trkpt>
      <trkpt lat="34.2338974960148334503173828125" lon="108.93704675137996673583984375">
        <ele>405.79998779296875</ele>
        <time>2026-02-03T12:06:40.000Z</time>
        <extensions>
          <ns3:TrackPointExtension>
            <ns3:hr>128</ns3:hr>
            <ns3:cad>97</ns3:cad>
          </ns3:TrackPointExtension>
        </extensions>
      </trkpt>
      <trkpt lat="34.2338676564395427703857421875" lon="108.93705035559833049774169921875">
        <ele>405.79998779296875</ele>
        <time>2026-02-03T12:06:41.000Z</time>
        <extensions>
          <ns3:TrackPointExtension>
            <ns3:hr>127</ns3:hr>
            <ns3:cad>97</ns3:cad>
          </ns3:TrackPointExtension>
        </extensions>
      </trkpt>
      <trkpt lat="34.23384510912001132965087890625" lon="108.93704867921769618988037109375">
        <ele>405.79998779296875</ele>
        <time>2026-02-03T12:06:42.000Z</time>
        <extensions>
          <ns3:TrackPointExtension>
            <ns3:hr>127</ns3:hr>
            <ns3:cad>98</ns3:cad>
          </ns3:TrackPointExtension>
        </extensions>
      </trkpt>
      <trkpt lat="34.23380772583186626434326171875" lon="108.93705370835959911346435546875">
        <ele>405.79998779296875</ele>
        <time>2026-02-03T12:06:43.000Z</time>
        <extensions>
          <ns3:TrackPointExtension>
            <ns3:hr>127</ns3:hr>
            <ns3:cad>97</ns3:cad>
          </ns3:TrackPointExtension>
        </extensions>
      </trkpt>
      <trkpt lat="34.2337821610271930694580078125" lon="108.93704943358898162841796875">
        <ele>405.79998779296875</ele>
        <time>2026-02-03T12:06:44.000Z</time>
        <extensions>
          <ns3:TrackPointExtension>
            <ns3:hr>128</ns3:hr>
            <ns3:cad>94</ns3:cad>
          </ns3:TrackPointExtension>
        </extensions>
      </trkpt>
      <trkpt lat="34.23374511301517486572265625" lon="108.93705119378864765167236328125">
        <ele>405.79998779296875</ele>
        <time>2026-02-03T12:06:45.000Z</time>
        <extensions>
          <ns3:TrackPointExtension>
            <ns3:hr>127</ns3:hr>
            <ns3:cad>94</ns3:cad>
          </ns3:TrackPointExtension>
        </extensions>
      </trkpt>
      <trkpt lat="34.2337171174585819244384765625" lon="108.93704918213188648223876953125">
        <ele>405.79998779296875</ele>
        <time>2026-02-03T12:06:46.000Z</time>
        <extensions>
          <ns3:TrackPointExtension>
            <ns3:hr>127</ns3:hr>
            <ns3:cad>94</ns3:cad>
          </ns3:TrackPointExtension>
        </extensions>
      </trkpt>
      <trkpt lat="34.23368970863521099090576171875" lon="108.9370522834360599517822265625">
        <ele>405.79998779296875</ele>
        <time>2026-02-03T12:06:47.000Z</time>
        <extensions>
          <ns3:TrackPointExtension>
            <ns3:hr>127</ns3:hr>
            <ns3:cad>95</ns3:cad>
          </ns3:TrackPointExtension>
        </extensions>
      </trkpt>
      <trkpt lat="34.23365735448896884918212890625" lon="108.9370532892644405364990234375">
        <ele>405.79998779296875</ele>
        <time>2026-02-03T12:06:48.000Z</time>
        <extensions>
          <ns3:TrackPointExtension>
            <ns3:hr>127</ns3:hr>
            <ns3:cad>95</ns3:cad>
          </ns3:TrackPointExtension>
        </extensions>
      </trkpt>
      <trkpt lat="34.23363287933170795440673828125" lon="108.93705186434090137481689453125">
        <ele>405.79998779296875</ele>
        <time>2026-02-03T12:06:49.000Z</time>
        <extensions>
          <ns3:TrackPointExtension>
            <ns3:hr>127</ns3:hr>
            <ns3:cad>96</ns3:cad>
          </ns3:TrackPointExtension>
        </extensions>
      </trkpt>
      <trkpt lat="34.23360563814640045166015625" lon="108.9370586536824703216552734375">
        <ele>405.79998779296875</ele>
        <time>2026-02-03T12:06:50.000Z</time>
        <extensions>
          <ns3:TrackPointExtension>
            <ns3:hr>128</ns3:hr>
            <ns3:cad>96</ns3:cad>
          </ns3:TrackPointExtension>
        </extensions>
      </trkpt>
      <trkpt lat="34.23357621766626834869384765625" lon="108.93706527538597583770751953125">
        <ele>406</ele>
        <time>2026-02-03T12:06:51.000Z</time>
        <extensions>
          <ns3:TrackPointExtension>
            <ns3:hr>127</ns3:hr>
            <ns3:cad>97</ns3:cad>
          </ns3:TrackPointExtension>
        </extensions>
      </trkpt>
      <trkpt lat="34.23354956321418285369873046875" lon="108.93707332201302051544189453125">
        <ele>406</ele>
        <time>2026-02-03T12:06:52.000Z</time>
        <extensions>
          <ns3:TrackPointExtension>
            <ns3:hr>127</ns3:hr>
            <ns3:cad>97</ns3:cad>
          </ns3:TrackPointExtension>
        </extensions>
      </trkpt>
      <trkpt lat="34.23352156765758991241455078125" lon="108.9370894990861415863037109375">
        <ele>406</ele>
        <time>2026-02-03T12:06:53.000Z</time>
        <extensions>
          <ns3:TrackPointExtension>
            <ns3:hr>127</ns3:hr>
            <ns3:cad>97</ns3:cad>
          </ns3:TrackPointExtension>
        </extensions>
      </trkpt>
      <trkpt lat="34.23349424265325069427490234375" lon="108.9370988868176937103271484375">
        <ele>406</ele>
        <time>2026-02-03T12:06:54.000Z</time>
        <extensions>
          <ns3:TrackPointExtension>
            <ns3:hr>128</ns3:hr>
            <ns3:cad>97</ns3:cad>
          </ns3:TrackPointExtension>
        </extensions>
      </trkpt>
      <trkpt lat="34.23346758820116519927978515625" lon="108.9371159859001636505126953125">
        <ele>406</ele>
        <time>2026-02-03T12:06:55.000Z</time>
        <extensions>
          <ns3:TrackPointExtension>
            <ns3:hr>129</ns3:hr>
            <ns3:cad>97</ns3:cad>
          </ns3:TrackPointExtension>
        </extensions>
      </trkpt>
      <trkpt lat="34.23344277776777744293212890625" lon="108.9371359348297119140625">
        <ele>405.79998779296875</ele>
        <time>2026-02-03T12:06:56.000Z</time>
        <extensions>
          <ns3:TrackPointExtension>
            <ns3:hr>129</ns3:hr>
            <ns3:cad>97</ns3:cad>
          </ns3:TrackPointExtension>
        </extensions>
      </trkpt>
      <trkpt lat="34.2334190569818019866943359375" lon="108.9371475018560886383056640625">
        <ele>406</ele>
        <time>2026-02-03T12:06:57.000Z</time>
        <extensions>
          <ns3:TrackPointExtension>
            <ns3:hr>130</ns3:hr>
            <ns3:cad>97</ns3:cad>
          </ns3:TrackPointExtension>
        </extensions>
      </trkpt>
      <trkpt lat="34.23339852131903171539306640625" lon="108.93717507831752300262451171875">
        <ele>406</ele>
        <time>2026-02-03T12:06:58.000Z</time>
        <extensions>
          <ns3:TrackPointExtension>
            <ns3:hr>130</ns3:hr>
            <ns3:cad>98</ns3:cad>
          </ns3:TrackPointExtension>
        </extensions>
      </trkpt>
      <trkpt lat="34.23337723128497600555419921875" lon="108.93720039166510105133056640625">
        <ele>406</ele>
        <time>2026-02-03T12:06:59.000Z</time>
        <extensions>
          <ns3:TrackPointExtension>
            <ns3:hr>131</ns3:hr>
            <ns3:cad>98</ns3:cad>
          </ns3:TrackPointExtension>
        </extensions>
      </trkpt>
      <trkpt lat="34.2333597131073474884033203125" lon="108.9372204244136810302734375">
        <ele>406</ele>
        <time>2026-02-03T12:07:00.000Z</time>
        <extensions>
          <ns3:TrackPointExtension>
            <ns3:hr>131</ns3:hr>
            <ns3:cad>98</ns3:cad>
          </ns3:TrackPointExtension>
        </extensions>
      </trkpt>
      <trkpt lat="34.2333469726145267486572265625" lon="108.93725235946476459503173828125">
        <ele>406</ele>
        <time>2026-02-03T12:07:01.000Z</time>
        <extensions>
          <ns3:TrackPointExtension>
            <ns3:hr>131</ns3:hr>
            <ns3:cad>98</ns3:cad>
          </ns3:TrackPointExtension>
        </extensions>
      </trkpt>
      <trkpt lat="34.23333180136978626251220703125" lon="108.93728203140199184417724609375">
        <ele>405.79998779296875</ele>
        <time>2026-02-03T12:07:02.000Z</time>
        <extensions>
          <ns3:TrackPointExtension>
            <ns3:hr>131</ns3:hr>
            <ns3:cad>98</ns3:cad>
          </ns3:TrackPointExtension>
        </extensions>
      </trkpt>
      <trkpt lat="34.2333171330392360687255859375" lon="108.93730717711150646209716796875">
        <ele>405.79998779296875</ele>
        <time>2026-02-03T12:07:03.000Z</time>
        <extensions>
          <ns3:TrackPointExtension>
            <ns3:hr>132</ns3:hr>
            <ns3:cad>98</ns3:cad>
          </ns3:TrackPointExtension>
        </extensions>
      </trkpt>
      <trkpt lat="34.23330933786928653717041015625" lon="108.93734321929514408111572265625">
        <ele>405.79998779296875</ele>
        <time>2026-02-03T12:07:04.000Z</time>
        <extensions>
          <ns3:TrackPointExtension>
            <ns3:hr>132</ns3:hr>
            <ns3:cad>99</ns3:cad>
          </ns3:TrackPointExtension>
        </extensions>
      </trkpt>
      <trkpt lat="34.23329894430935382843017578125" lon="108.93736886791884899139404296875">
        <ele>406</ele>
        <time>2026-02-03T12:07:05.000Z</time>
        <extensions>
          <ns3:TrackPointExtension>
            <ns3:hr>132</ns3:hr>
            <ns3:cad>99</ns3:cad>
          </ns3:TrackPointExtension>
        </extensions>
      </trkpt>
      <trkpt lat="34.2332926578819751739501953125" lon="108.937397114932537078857421875">
        <ele>406</ele>
        <time>2026-02-03T12:07:06.000Z</time>
        <extensions>
          <ns3:TrackPointExtension>
            <ns3:hr>132</ns3:hr>
            <ns3:cad>99</ns3:cad>
          </ns3:TrackPointExtension>
        </extensions>
      </trkpt>
      <trkpt lat="34.23329056240618228912353515625" lon="108.93743609078228473663330078125">
        <ele>406</ele>
        <time>2026-02-03T12:07:07.000Z</time>
        <extensions>
          <ns3:TrackPointExtension>
            <ns3:hr>133</ns3:hr>
            <ns3:cad>98</ns3:cad>
          </ns3:TrackPointExtension>
        </extensions>
      </trkpt>
      <trkpt lat="34.23328553326427936553955078125" lon="108.9374666847288608551025390625">
        <ele>406</ele>
        <time>2026-02-03T12:07:08.000Z</time>
        <extensions>
          <ns3:TrackPointExtension>
            <ns3:hr>132</ns3:hr>
            <ns3:cad>99</ns3:cad>
          </ns3:TrackPointExtension>
        </extensions>
      </trkpt>
      <trkpt lat="34.23328637145459651947021484375" lon="108.93750364892184734344482421875">
        <ele>406</ele>
        <time>2026-02-03T12:07:09.000Z</time>
        <extensions>
          <ns3:TrackPointExtension>
            <ns3:hr>132</ns3:hr>
            <ns3:cad>99</ns3:cad>
          </ns3:TrackPointExtension>
        </extensions>
      </trkpt>
      <trkpt lat="34.2332876287400722503662109375" lon="108.9375451393425464630126953125">
        <ele>406</ele>
        <time>2026-02-03T12:07:10.000Z</time>
        <extensions>
          <ns3:TrackPointExtension>
            <ns3:hr>133</ns3:hr>
            <ns3:cad>99</ns3:cad>
          </ns3:TrackPointExtension>
        </extensions>
      </trkpt>
      <trkpt lat="34.23328670673072338104248046875" lon="108.9375736378133296966552734375">
        <ele>406</ele>
        <time>2026-02-03T12:07:11.000Z</time>
        <extensions>
          <ns3:TrackPointExtension>
            <ns3:hr>132</ns3:hr>
            <ns3:cad>99</ns3:cad>
          </ns3:TrackPointExtension>
        </extensions>
      </trkpt>
      <trkpt lat="34.23329676501452922821044921875" lon="108.93761076964437961578369140625">
        <ele>406</ele>
        <time>2026-02-03T12:07:12.000Z</time>
        <extensions>
          <ns3:TrackPointExtension>
            <ns3:hr>132</ns3:hr>
            <ns3:cad>98</ns3:cad>
          </ns3:TrackPointExtension>
        </extensions>
      </trkpt>
      <trkpt lat="34.233302883803844451904296875" lon="108.93764161504805088043212890625">
        <ele>406</ele>
        <time>2026-02-03T12:07:13.000Z</time>
        <extensions>
          <ns3:TrackPointExtension>
            <ns3:hr>132</ns3:hr>
            <ns3:cad>98</ns3:cad>
          </ns3:TrackPointExtension>
        </extensions>
      </trkpt>
      <trkpt lat="34.23331193625926971435546875" lon="108.93767078407108783721923828125">
        <ele>406</ele>
        <time>2026-02-03T12:07:14.000Z</time>
        <extensions>
          <ns3:TrackPointExtension>
            <ns3:hr>133</ns3:hr>
            <ns3:cad>98</ns3:cad>
          </ns3:TrackPointExtension>
        </extensions>
      </trkpt>
      <trkpt lat="34.233329705893993377685546875" lon="108.93770255148410797119140625">
        <ele>406</ele>
        <time>2026-02-03T12:07:15.000Z</time>
        <extensions>
          <ns3:TrackPointExtension>
            <ns3:hr>132</ns3:hr>
            <ns3:cad>97</ns3:cad>
          </ns3:TrackPointExtension>
        </extensions>
      </trkpt>
      <trkpt lat="34.2333385907113552093505859375" lon="108.93773297779262065887451171875">
        <ele>406</ele>
        <time>2026-02-03T12:07:16.000Z</time>
        <extensions>
          <ns3:TrackPointExtension>
            <ns3:hr>132</ns3:hr>
            <ns3:cad>97</ns3:cad>
          </ns3:TrackPointExtension>
        </extensions>
      </trkpt>
      <trkpt lat="34.23335694707930088043212890625" lon="108.9377603866159915924072265625">
        <ele>406</ele>
        <time>2026-02-03T12:07:17.000Z</time>
        <extensions>
          <ns3:TrackPointExtension>
            <ns3:hr>132</ns3:hr>
            <ns3:cad>97</ns3:cad>
          </ns3:TrackPointExtension>
        </extensions>
      </trkpt>
      <trkpt lat="34.23337974585592746734619140625" lon="108.9377898909151554107666015625">
        <ele>406</ele>
        <time>2026-02-03T12:07:18.000Z</time>
        <extensions>
          <ns3:TrackPointExtension>
            <ns3:hr>132</ns3:hr>
            <ns3:cad>97</ns3:cad>
          </ns3:TrackPointExtension>
        </extensions>
      </trkpt>
      <trkpt lat="34.2333982698619365692138671875" lon="108.9378130249679088592529296875">
        <ele>406</ele>
        <time>2026-02-03T12:07:19.000Z</time>
        <extensions>
          <ns3:TrackPointExtension>
            <ns3:hr>132</ns3:hr>
            <ns3:cad>97</ns3:cad>
          </ns3:TrackPointExtension>
        </extensions>
      </trkpt>
      <trkpt lat="34.2334254272282123565673828125" lon="108.93783456645905971527099609375">
        <ele>406</ele>
        <time>2026-02-03T12:07:20.000Z</time>
        <extensions>
          <ns3:TrackPointExtension>
            <ns3:hr>132</ns3:hr>
            <ns3:cad>97</ns3:cad>
          </ns3:TrackPointExtension>
        </extensions>
      </trkpt>
      <trkpt lat="34.23344738781452178955078125" lon="108.93785786814987659454345703125">
        <ele>406</ele>
        <time>2026-02-03T12:07:21.000Z</time>
        <extensions>
          <ns3:TrackPointExtension>
            <ns3:hr>132</ns3:hr>
            <ns3:cad>99</ns3:cad>
          </ns3:TrackPointExtension>
        </extensions>
      </trkpt>
      <trkpt lat="34.23346440307796001434326171875" lon="108.9378753863275051116943359375">
        <ele>406</ele>
        <time>2026-02-03T12:07:22.000Z</time>
        <extensions>
          <ns3:TrackPointExtension>
            <ns3:hr>133</ns3:hr>
            <ns3:cad>99</ns3:cad>
          </ns3:TrackPointExtension>
        </extensions>
      </trkpt>
      <trkpt lat="34.233498685061931610107421875" lon="108.93788888119161128997802734375">
        <ele>405.79998779296875</ele>
        <time>2026-02-03T12:07:23.000Z</time>
        <extensions>
          <ns3:TrackPointExtension>
            <ns3:hr>133</ns3:hr>
            <ns3:cad>98</ns3:cad>
          </ns3:TrackPointExtension>
        </extensions>
      </trkpt>
      <trkpt lat="34.23352156765758991241455078125" lon="108.93790178932249546051025390625">
        <ele>405.79998779296875</ele>
        <time>2026-02-03T12:07:24.000Z</time>
        <extensions>
          <ns3:TrackPointExtension>
            <ns3:hr>133</ns3:hr>
            <ns3:cad>98</ns3:cad>
          </ns3:TrackPointExtension>
        </extensions>
      </trkpt>
      <trkpt lat="34.233548305928707122802734375" lon="108.93790598027408123016357421875">
        <ele>405.79998779296875</ele>
        <time>2026-02-03T12:07:25.000Z</time>
        <extensions>
          <ns3:TrackPointExtension>
            <ns3:hr>133</ns3:hr>
            <ns3:cad>98</ns3:cad>
          </ns3:TrackPointExtension>
        </extensions>
      </trkpt>
      <trkpt lat="34.233577810227870941162109375" lon="108.9379119314253330230712890625">
        <ele>406</ele>
        <time>2026-02-03T12:07:26.000Z</time>
        <extensions>
          <ns3:TrackPointExtension>
            <ns3:hr>134</ns3:hr>
            <ns3:cad>97</ns3:cad>
          </ns3:TrackPointExtension>
        </extensions>
      </trkpt>
      <trkpt lat="34.23360018990933895111083984375" lon="108.9379186369478702545166015625">
        <ele>406</ele>
        <time>2026-02-03T12:07:27.000Z</time>
        <extensions>
          <ns3:TrackPointExtension>
            <ns3:hr>134</ns3:hr>
            <ns3:cad>97</ns3:cad>
          </ns3:TrackPointExtension>
        </extensions>
      </trkpt>
      <trkpt lat="34.23362902365624904632568359375" lon="108.937915451824665069580078125">
        <ele>406</ele>
        <time>2026-02-03T12:07:28.000Z</time>
        <extensions>
          <ns3:TrackPointExtension>
            <ns3:hr>134</ns3:hr>
            <ns3:cad>97</ns3:cad>
          </ns3:TrackPointExtension>
        </extensions>
      </trkpt>
      <trkpt lat="34.23365735448896884918212890625" lon="108.93791285343468189239501953125">
        <ele>406</ele>
        <time>2026-02-03T12:07:29.000Z</time>
        <extensions>
          <ns3:TrackPointExtension>
            <ns3:hr>134</ns3:hr>
            <ns3:cad>97</ns3:cad>
          </ns3:TrackPointExtension>
        </extensions>
      </trkpt>
      <trkpt lat="34.2336812429130077362060546875" lon="108.93791805021464824676513671875">
        <ele>406</ele>
        <time>2026-02-03T12:07:30.000Z</time>
        <extensions>
          <ns3:TrackPointExtension>
            <ns3:hr>135</ns3:hr>
            <ns3:cad>98</ns3:cad>
          </ns3:TrackPointExtension>
        </extensions>
      </trkpt>
      <trkpt lat="34.23371418379247188568115234375" lon="108.93791687674820423126220703125">
        <ele>406</ele>
        <time>2026-02-03T12:07:31.000Z</time>
        <extensions>
          <ns3:TrackPointExtension>
            <ns3:hr>135</ns3:hr>
            <ns3:cad>98</ns3:cad>
          </ns3:TrackPointExtension>
        </extensions>
      </trkpt>
      <trkpt lat="34.23374402336776256561279296875" lon="108.937918134033679962158203125">
        <ele>406</ele>
        <time>2026-02-03T12:07:32.000Z</time>
        <extensions>
          <ns3:TrackPointExtension>
            <ns3:hr>135</ns3:hr>
            <ns3:cad>98</ns3:cad>
          </ns3:TrackPointExtension>
        </extensions>
      </trkpt>
      <trkpt lat="34.233768247067928314208984375" lon="108.9379193075001239776611328125">
        <ele>406</ele>
        <time>2026-02-03T12:07:33.000Z</time>
        <extensions>
          <ns3:TrackPointExtension>
            <ns3:hr>135</ns3:hr>
            <ns3:cad>98</ns3:cad>
          </ns3:TrackPointExtension>
        </extensions>
      </trkpt>
      <trkpt lat="34.2338032834231853485107421875" lon="108.9379179663956165313720703125">
        <ele>406</ele>
        <time>2026-02-03T12:07:34.000Z</time>
        <extensions>
          <ns3:TrackPointExtension>
            <ns3:hr>135</ns3:hr>
            <ns3:cad>98</ns3:cad>
          </ns3:TrackPointExtension>
        </extensions>
      </trkpt>
      <trkpt lat="34.2338316142559051513671875" lon="108.937924169003963470458984375">
        <ele>406</ele>
        <time>2026-02-03T12:07:35.000Z</time>
        <extensions>
          <ns3:TrackPointExtension>
            <ns3:hr>135</ns3:hr>
            <ns3:cad>98</ns3:cad>
          </ns3:TrackPointExtension>
        </extensions>
      </trkpt>
      <trkpt lat="34.23386069945991039276123046875" lon="108.937925510108470916748046875">
        <ele>406</ele>
        <time>2026-02-03T12:07:36.000Z</time>
        <extensions>
          <ns3:TrackPointExtension>
            <ns3:hr>136</ns3:hr>
            <ns3:cad>99</ns3:cad>
          </ns3:TrackPointExtension>
        </extensions>
      </trkpt>
      <trkpt lat="34.2338917963206768035888671875" lon="108.93792458809912204742431640625">
        <ele>406</ele>
        <time>2026-02-03T12:07:37.000Z</time>
        <extensions>
          <ns3:TrackPointExtension>
            <ns3:hr>136</ns3:hr>
            <ns3:cad>99</ns3:cad>
          </ns3:TrackPointExtension>
        </extensions>
      </trkpt>
      <trkpt lat="34.23392071388661861419677734375" lon="108.93793062306940555572509765625">
        <ele>406</ele>
        <time>2026-02-03T12:07:38.000Z</time>
        <extensions>
          <ns3:TrackPointExtension>
            <ns3:hr>136</ns3:hr>
            <ns3:cad>99</ns3:cad>
          </ns3:TrackPointExtension>
        </extensions>
      </trkpt>
      <trkpt lat="34.23395164310932159423828125" lon="108.93793045543134212493896484375">
        <ele>406</ele>
        <time>2026-02-03T12:07:39.000Z</time>
        <extensions>
          <ns3:TrackPointExtension>
            <ns3:hr>137</ns3:hr>
            <ns3:cad>99</ns3:cad>
          </ns3:TrackPointExtension>
        </extensions>
      </trkpt>
      <trkpt lat="34.233982153236865997314453125" lon="108.93793322145938873291015625">
        <ele>406</ele>
        <time>2026-02-03T12:07:40.000Z</time>
        <extensions>
          <ns3:TrackPointExtension>
            <ns3:hr>137</ns3:hr>
            <ns3:cad>98</ns3:cad>
          </ns3:TrackPointExtension>
        </extensions>
      </trkpt>
      <trkpt lat="34.23401199281215667724609375" lon="108.937931545078754425048828125">
        <ele>406</ele>
        <time>2026-02-03T12:07:41.000Z</time>
        <extensions>
          <ns3:TrackPointExtension>
            <ns3:hr>137</ns3:hr>
            <ns3:cad>98</ns3:cad>
          </ns3:TrackPointExtension>
        </extensions>
      </trkpt>
      <trkpt lat="34.234043173491954803466796875" lon="108.93793053925037384033203125">
        <ele>406</ele>
        <time>2026-02-03T12:07:42.000Z</time>
        <extensions>
          <ns3:TrackPointExtension>
            <ns3:hr>137</ns3:hr>
            <ns3:cad>98</ns3:cad>
          </ns3:TrackPointExtension>
        </extensions>
      </trkpt>
      <trkpt lat="34.234068654477596282958984375" lon="108.9379337243735790252685546875">
        <ele>406</ele>
        <time>2026-02-03T12:07:43.000Z</time>
        <extensions>
          <ns3:TrackPointExtension>
            <ns3:hr>137</ns3:hr>
            <ns3:cad>98</ns3:cad>
          </ns3:TrackPointExtension>
        </extensions>
      </trkpt>
      <trkpt lat="34.23409572802484035491943359375" lon="108.9379297010600566864013671875">
        <ele>406</ele>
        <time>2026-02-03T12:07:44.000Z</time>
        <extensions>
          <ns3:TrackPointExtension>
            <ns3:hr>137</ns3:hr>
            <ns3:cad>98</ns3:cad>
          </ns3:TrackPointExtension>
        </extensions>
      </trkpt>
      <trkpt lat="34.2341187782585620880126953125" lon="108.93793079070746898651123046875">
        <ele>406</ele>
        <time>2026-02-03T12:07:45.000Z</time>
        <extensions>
          <ns3:TrackPointExtension>
            <ns3:hr>137</ns3:hr>
            <ns3:cad>97</ns3:cad>
          </ns3:TrackPointExtension>
        </extensions>
      </trkpt>
      <trkpt lat="34.2341454327106475830078125" lon="108.937934227287769317626953125">
        <ele>406</ele>
        <time>2026-02-03T12:07:46.000Z</time>
        <extensions>
          <ns3:TrackPointExtension>
            <ns3:hr>136</ns3:hr>
            <ns3:cad>96</ns3:cad>
          </ns3:TrackPointExtension>
        </extensions>
      </trkpt>
      <trkpt lat="34.23417694866657257080078125" lon="108.9379307068884372711181640625">
        <ele>406</ele>
        <time>2026-02-03T12:07:47.000Z</time>
        <extensions>
          <ns3:TrackPointExtension>
            <ns3:hr>135</ns3:hr>
            <ns3:cad>97</ns3:cad>
          </ns3:TrackPointExtension>
        </extensions>
      </trkpt>
      <trkpt lat="34.23420301638543605804443359375" lon="108.93793213181197643280029296875">
        <ele>406</ele>
        <time>2026-02-03T12:07:48.000Z</time>
        <extensions>
          <ns3:TrackPointExtension>
            <ns3:hr>134</ns3:hr>
            <ns3:cad>97</ns3:cad>
          </ns3:TrackPointExtension>
        </extensions>
      </trkpt>
      <trkpt lat="34.2342327721416950225830078125" lon="108.93792760558426380157470703125">
        <ele>406</ele>
        <time>2026-02-03T12:07:49.000Z</time>
        <extensions>
          <ns3:TrackPointExtension>
            <ns3:hr>133</ns3:hr>
            <ns3:cad>97</ns3:cad>
          </ns3:TrackPointExtension>
        </extensions>
      </trkpt>
      <trkpt lat="34.2342619411647319793701171875" lon="108.93792760558426380157470703125">
        <ele>406</ele>
        <time>2026-02-03T12:07:50.000Z</time>
        <extensions>
          <ns3:TrackPointExtension>
            <ns3:hr>133</ns3:hr>
            <ns3:cad>97</ns3:cad>
          </ns3:TrackPointExtension>
        </extensions>
      </trkpt>
      <trkpt lat="34.23428934998810291290283203125" lon="108.937933556735515594482421875">
        <ele>406.20001220703125</ele>
        <time>2026-02-03T12:07:51.000Z</time>
        <extensions>
          <ns3:TrackPointExtension>
            <ns3:hr>133</ns3:hr>
            <ns3:cad>97</ns3:cad>
          </ns3:TrackPointExtension>
        </extensions>
      </trkpt>
      <trkpt lat="34.23432572744786739349365234375" lon="108.93793280236423015594482421875">
        <ele>406.20001220703125</ele>
        <time>2026-02-03T12:07:52.000Z</time>
        <extensions>
          <ns3:TrackPointExtension>
            <ns3:hr>133</ns3:hr>
            <ns3:cad>96</ns3:cad>
          </ns3:TrackPointExtension>
        </extensions>
      </trkpt>
      <trkpt lat="34.2343546450138092041015625" lon="108.9379338920116424560546875">
        <ele>406.20001220703125</ele>
        <time>2026-02-03T12:07:53.000Z</time>
        <extensions>
          <ns3:TrackPointExtension>
            <ns3:hr>133</ns3:hr>
            <ns3:cad>97</ns3:cad>
          </ns3:TrackPointExtension>
        </extensions>
      </trkpt>
      <trkpt lat="34.23438641242682933807373046875" lon="108.9379300363361835479736328125">
        <ele>406.20001220703125</ele>
        <time>2026-02-03T12:07:54.000Z</time>
        <extensions>
          <ns3:TrackPointExtension>
            <ns3:hr>132</ns3:hr>
            <ns3:cad>97</ns3:cad>
          </ns3:TrackPointExtension>
        </extensions>
      </trkpt>
      <trkpt lat="34.2344201914966106414794921875" lon="108.9379266835749149322509765625">
        <ele>406.20001220703125</ele>
        <time>2026-02-03T12:07:55.000Z</time>
        <extensions>
          <ns3:TrackPointExtension>
            <ns3:hr>131</ns3:hr>
            <ns3:cad>97</ns3:cad>
          </ns3:TrackPointExtension>
        </extensions>
      </trkpt>
      <trkpt lat="34.2344456724822521209716796875" lon="108.937927521765232086181640625">
        <ele>406.20001220703125</ele>
        <time>2026-02-03T12:07:56.000Z</time>
        <extensions>
          <ns3:TrackPointExtension>
            <ns3:hr>131</ns3:hr>
            <ns3:cad>97</ns3:cad>
          </ns3:TrackPointExtension>
        </extensions>
      </trkpt>
      <trkpt lat="34.23447660170495510101318359375" lon="108.937914781272411346435546875">
        <ele>406.20001220703125</ele>
        <time>2026-02-03T12:07:57.000Z</time>
        <extensions>
          <ns3:TrackPointExtension>
            <ns3:hr>131</ns3:hr>
            <ns3:cad>96</ns3:cad>
          </ns3:TrackPointExtension>
        </extensions>
      </trkpt>
      <trkpt lat="34.2345090396702289581298828125" lon="108.93790447153151035308837890625">
        <ele>406.20001220703125</ele>
        <time>2026-02-03T12:07:58.000Z</time>
        <extensions>
          <ns3:TrackPointExtension>
            <ns3:hr>131</ns3:hr>
            <ns3:cad>96</ns3:cad>
          </ns3:TrackPointExtension>
        </extensions>
      </trkpt>
      <trkpt lat="34.2345361970365047454833984375" lon="108.937898017466068267822265625">
        <ele>406.20001220703125</ele>
        <time>2026-02-03T12:07:59.000Z</time>
        <extensions>
          <ns3:TrackPointExtension>
            <ns3:hr>131</ns3:hr>
            <ns3:cad>99</ns3:cad>
          </ns3:TrackPointExtension>
        </extensions>
      </trkpt>
      <trkpt lat="34.23456452786922454833984375" lon="108.93787153065204620361328125">
        <ele>406.20001220703125</ele>
        <time>2026-02-03T12:08:00.000Z</time>
        <extensions>
          <ns3:TrackPointExtension>
            <ns3:hr>131</ns3:hr>
            <ns3:cad>99</ns3:cad>
          </ns3:TrackPointExtension>
        </extensions>
      </trkpt>
      <trkpt lat="34.23459126614034175872802734375" lon="108.9378522522747516632080078125">
        <ele>406.20001220703125</ele>
        <time>2026-02-03T12:08:01.000Z</time>
        <extensions>
          <ns3:TrackPointExtension>
            <ns3:hr>132</ns3:hr>
            <ns3:cad>97</ns3:cad>
          </ns3:TrackPointExtension>
        </extensions>
      </trkpt>
      <trkpt lat="34.234615825116634368896484375" lon="108.93782970495522022247314453125">
        <ele>406.20001220703125</ele>
        <time>2026-02-03T12:08:02.000Z</time>
        <extensions>
          <ns3:TrackPointExtension>
            <ns3:hr>133</ns3:hr>
            <ns3:cad>97</ns3:cad>
          </ns3:TrackPointExtension>
        </extensions>
      </trkpt>
      <trkpt lat="34.234645999968051910400390625" lon="108.93779936246573925018310546875">
        <ele>406.20001220703125</ele>
        <time>2026-02-03T12:08:03.000Z</time>
        <extensions>
          <ns3:TrackPointExtension>
            <ns3:hr>134</ns3:hr>
            <ns3:cad>97</ns3:cad>
          </ns3:TrackPointExtension>
        </extensions>
      </trkpt>
      <trkpt lat="34.23467122949659824371337890625" lon="108.93777438439428806304931640625">
        <ele>406.20001220703125</ele>
        <time>2026-02-03T12:08:04.000Z</time>
        <extensions>
          <ns3:TrackPointExtension>
            <ns3:hr>134</ns3:hr>
            <ns3:cad>97</ns3:cad>
          </ns3:TrackPointExtension>
        </extensions>
      </trkpt>
      <trkpt lat="34.23469201661646366119384765625" lon="108.93775644712150096893310546875">
        <ele>406.20001220703125</ele>
        <time>2026-02-03T12:08:05.000Z</time>
        <extensions>
          <ns3:TrackPointExtension>
            <ns3:hr>135</ns3:hr>
            <ns3:cad>97</ns3:cad>
          </ns3:TrackPointExtension>
        </extensions>
      </trkpt>
      <trkpt lat="34.23471682704985141754150390625" lon="108.93772074021399021148681640625">
        <ele>406.20001220703125</ele>
        <time>2026-02-03T12:08:06.000Z</time>
        <extensions>
          <ns3:TrackPointExtension>
            <ns3:hr>135</ns3:hr>
            <ns3:cad>97</ns3:cad>
          </ns3:TrackPointExtension>
        </extensions>
      </trkpt>
      <trkpt lat="34.234734512865543365478515625" lon="108.937696181237697601318359375">
        <ele>406.20001220703125</ele>
        <time>2026-02-03T12:08:07.000Z</time>
        <extensions>
          <ns3:TrackPointExtension>
            <ns3:hr>135</ns3:hr>
            <ns3:cad>99</ns3:cad>
          </ns3:TrackPointExtension>
        </extensions>
      </trkpt>
      <trkpt lat="34.23474767245352268218994140625" lon="108.93766592256724834442138671875">
        <ele>406.20001220703125</ele>
        <time>2026-02-03T12:08:08.000Z</time>
        <extensions>
          <ns3:TrackPointExtension>
            <ns3:hr>136</ns3:hr>
            <ns3:cad>99</ns3:cad>
          </ns3:TrackPointExtension>
        </extensions>
      </trkpt>
      <trkpt lat="34.23475974239408969879150390625" lon="108.93762719817459583282470703125">
        <ele>406.20001220703125</ele>
        <time>2026-02-03T12:08:09.000Z</time>
        <extensions>
          <ns3:TrackPointExtension>
            <ns3:hr>135</ns3:hr>
            <ns3:cad>99</ns3:cad>
          </ns3:TrackPointExtension>
        </extensions>
      </trkpt>
      <trkpt lat="34.23477164469659328460693359375" lon="108.93760356120765209197998046875">
        <ele>406.20001220703125</ele>
        <time>2026-02-03T12:08:10.000Z</time>
        <extensions>
          <ns3:TrackPointExtension>
            <ns3:hr>136</ns3:hr>
            <ns3:cad>99</ns3:cad>
          </ns3:TrackPointExtension>
        </extensions>
      </trkpt>
      <trkpt lat="34.23477617092430591583251953125" lon="108.93756215460598468780517578125">
        <ele>406.20001220703125</ele>
        <time>2026-02-03T12:08:11.000Z</time>
        <extensions>
          <ns3:TrackPointExtension>
            <ns3:hr>136</ns3:hr>
            <ns3:cad>97</ns3:cad>
          </ns3:TrackPointExtension>
        </extensions>
      </trkpt>
      <trkpt lat="34.23477751202881336212158203125" lon="108.93752359785139560699462890625">
        <ele>406.20001220703125</ele>
        <time>2026-02-03T12:08:12.000Z</time>
        <extensions>
          <ns3:TrackPointExtension>
            <ns3:hr>135</ns3:hr>
            <ns3:cad>97</ns3:cad>
          </ns3:TrackPointExtension>
        </extensions>
      </trkpt>
      <trkpt lat="34.234786145389080047607421875" lon="108.9374913275241851806640625">
        <ele>406.20001220703125</ele>
        <time>2026-02-03T12:08:13.000Z</time>
        <extensions>
          <ns3:TrackPointExtension>
            <ns3:hr>135</ns3:hr>
            <ns3:cad>98</ns3:cad>
          </ns3:TrackPointExtension>
        </extensions>
      </trkpt>
      <trkpt lat="34.234782122075557708740234375" lon="108.9374499209225177764892578125">
        <ele>406.20001220703125</ele>
        <time>2026-02-03T12:08:14.000Z</time>
        <extensions>
          <ns3:TrackPointExtension>
            <ns3:hr>135</ns3:hr>
            <ns3:cad>98</ns3:cad>
          </ns3:TrackPointExtension>
        </extensions>
      </trkpt>
      <trkpt lat="34.234779775142669677734375" lon="108.93741362728178501129150390625">
        <ele>406.20001220703125</ele>
        <time>2026-02-03T12:08:15.000Z</time>
        <extensions>
          <ns3:TrackPointExtension>
            <ns3:hr>136</ns3:hr>
            <ns3:cad>98</ns3:cad>
          </ns3:TrackPointExtension>
        </extensions>
      </trkpt>
      <trkpt lat="34.23477550037205219268798828125" lon="108.93737959675490856170654296875">
        <ele>406.20001220703125</ele>
        <time>2026-02-03T12:08:16.000Z</time>
        <extensions>
          <ns3:TrackPointExtension>
            <ns3:hr>136</ns3:hr>
            <ns3:cad>98</ns3:cad>
          </ns3:TrackPointExtension>
        </extensions>
      </trkpt>
      <trkpt lat="34.2347635142505168914794921875" lon="108.9373382739722728729248046875">
        <ele>406.20001220703125</ele>
        <time>2026-02-03T12:08:17.000Z</time>
        <extensions>
          <ns3:TrackPointExtension>
            <ns3:hr>136</ns3:hr>
            <ns3:cad>98</ns3:cad>
          </ns3:TrackPointExtension>
        </extensions>
      </trkpt>
      <trkpt lat="34.23475538380444049835205078125" lon="108.9373077638447284698486328125">
        <ele>406.20001220703125</ele>
        <time>2026-02-03T12:08:18.000Z</time>
        <extensions>
          <ns3:TrackPointExtension>
            <ns3:hr>136</ns3:hr>
            <ns3:cad>98</ns3:cad>
          </ns3:TrackPointExtension>
        </extensions>
      </trkpt>
      <trkpt lat="34.2347395420074462890625" lon="108.93727415241301059722900390625">
        <ele>406.20001220703125</ele>
        <time>2026-02-03T12:08:19.000Z</time>
        <extensions>
          <ns3:TrackPointExtension>
            <ns3:hr>136</ns3:hr>
            <ns3:cad>99</ns3:cad>
          </ns3:TrackPointExtension>
        </extensions>
      </trkpt>
      <trkpt lat="34.23471682704985141754150390625" lon="108.937236182391643524169921875">
        <ele>406.20001220703125</ele>
        <time>2026-02-03T12:08:20.000Z</time>
        <extensions>
          <ns3:TrackPointExtension>
            <ns3:hr>136</ns3:hr>
            <ns3:cad>99</ns3:cad>
          </ns3:TrackPointExtension>
        </extensions>
      </trkpt>
      <trkpt lat="34.23470207490026950836181640625" lon="108.93720625899732112884521484375">
        <ele>406.20001220703125</ele>
        <time>2026-02-03T12:08:21.000Z</time>
        <extensions>
          <ns3:TrackPointExtension>
            <ns3:hr>136</ns3:hr>
            <ns3:cad>99</ns3:cad>
          </ns3:TrackPointExtension>
        </extensions>
      </trkpt>
      <trkpt lat="34.23467525281012058258056640625" lon="108.93716703169047832489013671875">
        <ele>406.20001220703125</ele>
        <time>2026-02-03T12:08:22.000Z</time>
        <extensions>
          <ns3:TrackPointExtension>
            <ns3:hr>136</ns3:hr>
            <ns3:cad>99</ns3:cad>
          </ns3:TrackPointExtension>
        </extensions>
      </trkpt>
      <trkpt lat="34.23465379513800144195556640625" lon="108.93713501282036304473876953125">
        <ele>406.20001220703125</ele>
        <time>2026-02-03T12:08:23.000Z</time>
        <extensions>
          <ns3:TrackPointExtension>
            <ns3:hr>136</ns3:hr>
            <ns3:cad>97</ns3:cad>
          </ns3:TrackPointExtension>
        </extensions>
      </trkpt>
      <trkpt lat="34.2346307449042797088623046875" lon="108.93711137585341930389404296875">
        <ele>406.20001220703125</ele>
        <time>2026-02-03T12:08:24.000Z</time>
        <extensions>
          <ns3:TrackPointExtension>
            <ns3:hr>136</ns3:hr>
            <ns3:cad>97</ns3:cad>
          </ns3:TrackPointExtension>
        </extensions>
      </trkpt>
      <trkpt lat="34.2345972172915935516357421875" lon="108.937086649239063262939453125">
        <ele>406.20001220703125</ele>
        <time>2026-02-03T12:08:25.000Z</time>
        <extensions>
          <ns3:TrackPointExtension>
            <ns3:hr>136</ns3:hr>
            <ns3:cad>97</ns3:cad>
          </ns3:TrackPointExtension>
        </extensions>
      </trkpt>
      <trkpt lat="34.2345730774104595184326171875" lon="108.9370683766901493072509765625">
        <ele>406.20001220703125</ele>
        <time>2026-02-03T12:08:26.000Z</time>
        <extensions>
          <ns3:TrackPointExtension>
            <ns3:hr>137</ns3:hr>
            <ns3:cad>96</ns3:cad>
          </ns3:TrackPointExtension>
        </extensions>
      </trkpt>
      <trkpt lat="34.234539382159709930419921875" lon="108.9370516128838062286376953125">
        <ele>406.20001220703125</ele>
        <time>2026-02-03T12:08:27.000Z</time>
        <extensions>
          <ns3:TrackPointExtension>
            <ns3:hr>137</ns3:hr>
            <ns3:cad>96</ns3:cad>
          </ns3:TrackPointExtension>
        </extensions>
      </trkpt>
      <trkpt lat="34.23450711183249950408935546875" lon="108.93703401088714599609375">
        <ele>406.20001220703125</ele>
        <time>2026-02-03T12:08:28.000Z</time>
        <extensions>
          <ns3:TrackPointExtension>
            <ns3:hr>138</ns3:hr>
            <ns3:cad>96</ns3:cad>
          </ns3:TrackPointExtension>
        </extensions>
      </trkpt>
      <trkpt lat="34.23447459004819393157958984375" lon="108.937028311192989349365234375">
        <ele>406.20001220703125</ele>
        <time>2026-02-03T12:08:29.000Z</time>
        <extensions>
          <ns3:TrackPointExtension>
            <ns3:hr>138</ns3:hr>
            <ns3:cad>98</ns3:cad>
          </ns3:TrackPointExtension>
        </extensions>
      </trkpt>
      <trkpt lat="34.2344351112842559814453125" lon="108.9370237849652767181396484375">
        <ele>406.20001220703125</ele>
        <time>2026-02-03T12:08:30.000Z</time>
        <extensions>
          <ns3:TrackPointExtension>
            <ns3:hr>138</ns3:hr>
            <ns3:cad>98</ns3:cad>
          </ns3:TrackPointExtension>
        </extensions>
      </trkpt>
      <trkpt lat="34.23440535552799701690673828125" lon="108.937012888491153717041015625">
        <ele>406.20001220703125</ele>
        <time>2026-02-03T12:08:31.000Z</time>
        <extensions>
          <ns3:TrackPointExtension>
            <ns3:hr>138</ns3:hr>
            <ns3:cad>96</ns3:cad>
          </ns3:TrackPointExtension>
        </extensions>
      </trkpt>
      <trkpt lat="34.234369061887264251708984375" lon="108.93700995482504367828369140625">
        <ele>406.20001220703125</ele>
        <time>2026-02-03T12:08:32.000Z</time>
        <extensions>
          <ns3:TrackPointExtension>
            <ns3:hr>138</ns3:hr>
            <ns3:cad>96</ns3:cad>
          </ns3:TrackPointExtension>
        </extensions>
      </trkpt>
      <trkpt lat="34.23433243297040462493896484375" lon="108.93700794316828250885009765625">
        <ele>406.20001220703125</ele>
        <time>2026-02-03T12:08:33.000Z</time>
        <extensions>
          <ns3:TrackPointExtension>
            <ns3:hr>138</ns3:hr>
            <ns3:cad>97</ns3:cad>
          </ns3:TrackPointExtension>
        </extensions>
      </trkpt>
      <trkpt lat="34.23430033028125762939453125" lon="108.93700023181736469268798828125">
        <ele>406.20001220703125</ele>
        <time>2026-02-03T12:08:34.000Z</time>
        <extensions>
          <ns3:TrackPointExtension>
            <ns3:hr>139</ns3:hr>
            <ns3:cad>97</ns3:cad>
          </ns3:TrackPointExtension>
        </extensions>
      </trkpt>
      <trkpt lat="34.2342652939260005950927734375" lon="108.9369972981512546539306640625">
        <ele>406.20001220703125</ele>
        <time>2026-02-03T12:08:35.000Z</time>
        <extensions>
          <ns3:TrackPointExtension>
            <ns3:hr>139</ns3:hr>
            <ns3:cad>97</ns3:cad>
          </ns3:TrackPointExtension>
        </extensions>
      </trkpt>
      <trkpt lat="34.23422765918076038360595703125" lon="108.93699788488447666168212890625">
        <ele>406.20001220703125</ele>
        <time>2026-02-03T12:08:36.000Z</time>
        <extensions>
          <ns3:TrackPointExtension>
            <ns3:hr>140</ns3:hr>
            <ns3:cad>98</ns3:cad>
          </ns3:TrackPointExtension>
        </extensions>
      </trkpt>
      <trkpt lat="34.23419597558677196502685546875" lon="108.9369979687035083770751953125">
        <ele>406.20001220703125</ele>
        <time>2026-02-03T12:08:37.000Z</time>
        <extensions>
          <ns3:TrackPointExtension>
            <ns3:hr>140</ns3:hr>
            <ns3:cad>99</ns3:cad>
          </ns3:TrackPointExtension>
        </extensions>
      </trkpt>
      <trkpt lat="34.2341586761176586151123046875" lon="108.93700291402637958526611328125">
        <ele>406.20001220703125</ele>
        <time>2026-02-03T12:08:38.000Z</time>
        <extensions>
          <ns3:TrackPointExtension>
            <ns3:hr>141</ns3:hr>
            <ns3:cad>99</ns3:cad>
          </ns3:TrackPointExtension>
        </extensions>
      </trkpt>
      <trkpt lat="34.2341278307139873504638671875" lon="108.93700308166444301605224609375">
        <ele>406.20001220703125</ele>
        <time>2026-02-03T12:08:39.000Z</time>
        <extensions>
          <ns3:TrackPointExtension>
            <ns3:hr>141</ns3:hr>
            <ns3:cad>100</ns3:cad>
          </ns3:TrackPointExtension>
        </extensions>
      </trkpt>
      <trkpt lat="34.234099499881267547607421875" lon="108.93700375221669673919677734375">
        <ele>406.20001220703125</ele>
        <time>2026-02-03T12:08:40.000Z</time>
        <extensions>
          <ns3:TrackPointExtension>
            <ns3:hr>141</ns3:hr>
            <ns3:cad>100</ns3:cad>
          </ns3:TrackPointExtension>
        </extensions>
      </trkpt>
      <trkpt lat="34.234063960611820220947265625" lon="108.937010876834392547607421875">
        <ele>406.20001220703125</ele>
        <time>2026-02-03T12:08:41.000Z</time>
        <extensions>
          <ns3:TrackPointExtension>
            <ns3:hr>142</ns3:hr>
            <ns3:cad>100</ns3:cad>
          </ns3:TrackPointExtension>
        </extensions>
      </trkpt>
      <trkpt lat="34.23403822816908359527587890625" lon="108.937007524073123931884765625">
        <ele>406.20001220703125</ele>
        <time>2026-02-03T12:08:42.000Z</time>
        <extensions>
          <ns3:TrackPointExtension>
            <ns3:hr>142</ns3:hr>
            <ns3:cad>100</ns3:cad>
          </ns3:TrackPointExtension>
        </extensions>
      </trkpt>
      <trkpt lat="34.2340081371366977691650390625" lon="108.93700760789215564727783203125">
        <ele>406.20001220703125</ele>
        <time>2026-02-03T12:08:43.000Z</time>
        <extensions>
          <ns3:TrackPointExtension>
            <ns3:hr>143</ns3:hr>
            <ns3:cad>98</ns3:cad>
          </ns3:TrackPointExtension>
        </extensions>
      </trkpt>
      <trkpt lat="34.23397402279078960418701171875" lon="108.93700744025409221649169921875">
        <ele>406.20001220703125</ele>
        <time>2026-02-03T12:08:44.000Z</time>
        <extensions>
          <ns3:TrackPointExtension>
            <ns3:hr>143</ns3:hr>
            <ns3:cad>98</ns3:cad>
          </ns3:TrackPointExtension>
        </extensions>
      </trkpt>
      <trkpt lat="34.23394518904387950897216796875" lon="108.9370046742260456085205078125">
        <ele>406.20001220703125</ele>
        <time>2026-02-03T12:08:45.000Z</time>
        <extensions>
          <ns3:TrackPointExtension>
            <ns3:hr>143</ns3:hr>
            <ns3:cad>98</ns3:cad>
          </ns3:TrackPointExtension>
        </extensions>
      </trkpt>
      <trkpt lat="34.2339147627353668212890625" lon="108.93700995482504367828369140625">
        <ele>406.20001220703125</ele>
        <time>2026-02-03T12:08:46.000Z</time>
        <extensions>
          <ns3:TrackPointExtension>
            <ns3:hr>143</ns3:hr>
            <ns3:cad>98</ns3:cad>
          </ns3:TrackPointExtension>
        </extensions>
      </trkpt>
      <trkpt lat="34.2338824085891246795654296875" lon="108.93701263703405857086181640625">
        <ele>406.20001220703125</ele>
        <time>2026-02-03T12:08:47.000Z</time>
        <extensions>
          <ns3:TrackPointExtension>
            <ns3:hr>144</ns3:hr>
            <ns3:cad>98</ns3:cad>
          </ns3:TrackPointExtension>
        </extensions>
      </trkpt>
      <trkpt lat="34.23385776579380035400390625" lon="108.9370071887969970703125">
        <ele>406.20001220703125</ele>
        <time>2026-02-03T12:08:48.000Z</time>
        <extensions>
          <ns3:TrackPointExtension>
            <ns3:hr>144</ns3:hr>
            <ns3:cad>98</ns3:cad>
          </ns3:TrackPointExtension>
        </extensions>
      </trkpt>
      <trkpt lat="34.23382180742919445037841796875" lon="108.937015235424041748046875">
        <ele>406.20001220703125</ele>
        <time>2026-02-03T12:08:49.000Z</time>
        <extensions>
          <ns3:TrackPointExtension>
            <ns3:hr>144</ns3:hr>
            <ns3:cad>98</ns3:cad>
          </ns3:TrackPointExtension>
        </extensions>
      </trkpt>
      <trkpt lat="34.23379297368228435516357421875" lon="108.93701951019465923309326171875">
        <ele>406.20001220703125</ele>
        <time>2026-02-03T12:08:50.000Z</time>
        <extensions>
          <ns3:TrackPointExtension>
            <ns3:hr>144</ns3:hr>
            <ns3:cad>98</ns3:cad>
          </ns3:TrackPointExtension>
        </extensions>
      </trkpt>
      <trkpt lat="34.23376229591667652130126953125" lon="108.93702571280300617218017578125">
        <ele>406.20001220703125</ele>
        <time>2026-02-03T12:08:51.000Z</time>
        <extensions>
          <ns3:TrackPointExtension>
            <ns3:hr>144</ns3:hr>
            <ns3:cad>98</ns3:cad>
          </ns3:TrackPointExtension>
        </extensions>
      </trkpt>
      <trkpt lat="34.23372675664722919464111328125" lon="108.93703677691519260406494140625">
        <ele>406.20001220703125</ele>
        <time>2026-02-03T12:08:52.000Z</time>
        <extensions>
          <ns3:TrackPointExtension>
            <ns3:hr>144</ns3:hr>
            <ns3:cad>97</ns3:cad>
          </ns3:TrackPointExtension>
        </extensions>
      </trkpt>
      <trkpt lat="34.23369809053838253021240234375" lon="108.93703761510550975799560546875">
        <ele>406.20001220703125</ele>
        <time>2026-02-03T12:08:53.000Z</time>
        <extensions>
          <ns3:TrackPointExtension>
            <ns3:hr>144</ns3:hr>
            <ns3:cad>97</ns3:cad>
          </ns3:TrackPointExtension>
        </extensions>
      </trkpt>
      <trkpt lat="34.23366087488830089569091796875" lon="108.937043063342571258544921875">
        <ele>406.20001220703125</ele>
        <time>2026-02-03T12:08:54.000Z</time>
        <extensions>
          <ns3:TrackPointExtension>
            <ns3:hr>144</ns3:hr>
            <ns3:cad>97</ns3:cad>
          </ns3:TrackPointExtension>
        </extensions>
      </trkpt>
      <trkpt lat="34.2336316220462322235107421875" lon="108.9370432309806346893310546875">
        <ele>406.20001220703125</ele>
        <time>2026-02-03T12:08:55.000Z</time>
        <extensions>
          <ns3:TrackPointExtension>
            <ns3:hr>144</ns3:hr>
            <ns3:cad>97</ns3:cad>
          </ns3:TrackPointExtension>
        </extensions>
      </trkpt>
      <trkpt lat="34.23360371030867099761962890625" lon="108.9370425604283809661865234375">
        <ele>406.20001220703125</ele>
        <time>2026-02-03T12:08:56.000Z</time>
        <extensions>
          <ns3:TrackPointExtension>
            <ns3:hr>144</ns3:hr>
            <ns3:cad>97</ns3:cad>
          </ns3:TrackPointExtension>
        </extensions>
      </trkpt>
      <trkpt lat="34.233570098876953125" lon="108.93704809248447418212890625">
        <ele>406.20001220703125</ele>
        <time>2026-02-03T12:08:57.000Z</time>
        <extensions>
          <ns3:TrackPointExtension>
            <ns3:hr>144</ns3:hr>
            <ns3:cad>97</ns3:cad>
          </ns3:TrackPointExtension>
        </extensions>
      </trkpt>
      <trkpt lat="34.23353724181652069091796875" lon="108.93705479800701141357421875">
        <ele>406.20001220703125</ele>
        <time>2026-02-03T12:08:58.000Z</time>
        <extensions>
          <ns3:TrackPointExtension>
            <ns3:hr>144</ns3:hr>
            <ns3:cad>96</ns3:cad>
          </ns3:TrackPointExtension>
        </extensions>
      </trkpt>
      <trkpt lat="34.2335075698792934417724609375" lon="108.93706577830016613006591796875">
        <ele>406.20001220703125</ele>
        <time>2026-02-03T12:08:59.000Z</time>
        <extensions>
          <ns3:TrackPointExtension>
            <ns3:hr>143</ns3:hr>
            <ns3:cad>96</ns3:cad>
          </ns3:TrackPointExtension>
        </extensions>
      </trkpt>
      <trkpt lat="34.2334760539233684539794921875" lon="108.9370881579816341400146484375">
        <ele>406.20001220703125</ele>
        <time>2026-02-03T12:09:00.000Z</time>
        <extensions>
          <ns3:TrackPointExtension>
            <ns3:hr>144</ns3:hr>
            <ns3:cad>96</ns3:cad>
          </ns3:TrackPointExtension>
        </extensions>
      </trkpt>
      <trkpt lat="34.23344898037612438201904296875" lon="108.93709796480834484100341796875">
        <ele>406.399993896484375</ele>
        <time>2026-02-03T12:09:01.000Z</time>
        <extensions>
          <ns3:TrackPointExtension>
            <ns3:hr>144</ns3:hr>
            <ns3:cad>96</ns3:cad>
          </ns3:TrackPointExtension>
        </extensions>
      </trkpt>
      <trkpt lat="34.233421571552753448486328125" lon="108.93712059594690799713134765625">
        <ele>406.399993896484375</ele>
        <time>2026-02-03T12:09:02.000Z</time>
        <extensions>
          <ns3:TrackPointExtension>
            <ns3:hr>144</ns3:hr>
            <ns3:cad>97</ns3:cad>
          </ns3:TrackPointExtension>
        </extensions>
      </trkpt>
      <trkpt lat="34.233396761119365692138671875" lon="108.937142305076122283935546875">
        <ele>406.399993896484375</ele>
        <time>2026-02-03T12:09:03.000Z</time>
        <extensions>
          <ns3:TrackPointExtension>
            <ns3:hr>144</ns3:hr>
            <ns3:cad>97</ns3:cad>
          </ns3:TrackPointExtension>
        </extensions>
      </trkpt>
      <trkpt lat="34.23337572254240512847900390625" lon="108.93715915270149707794189453125">
        <ele>406.399993896484375</ele>
        <time>2026-02-03T12:09:04.000Z</time>
        <extensions>
          <ns3:TrackPointExtension>
            <ns3:hr>144</ns3:hr>
            <ns3:cad>98</ns3:cad>
          </ns3:TrackPointExtension>
        </extensions>
      </trkpt>
      <trkpt lat="34.2333540134131908416748046875" lon="108.93719050101935863494873046875">
        <ele>406.399993896484375</ele>
        <time>2026-02-03T12:09:05.000Z</time>
        <extensions>
          <ns3:TrackPointExtension>
            <ns3:hr>144</ns3:hr>
            <ns3:cad>98</ns3:cad>
          </ns3:TrackPointExtension>
        </extensions>
      </trkpt>
      <trkpt lat="34.2333349026739597320556640625" lon="108.93721573054790496826171875">
        <ele>406.399993896484375</ele>
        <time>2026-02-03T12:09:06.000Z</time>
        <extensions>
          <ns3:TrackPointExtension>
            <ns3:hr>146</ns3:hr>
            <ns3:cad>98</ns3:cad>
          </ns3:TrackPointExtension>
        </extensions>
      </trkpt>
      <trkpt lat="34.233320318162441253662109375" lon="108.93724280409514904022216796875">
        <ele>406.20001220703125</ele>
        <time>2026-02-03T12:09:07.000Z</time>
        <extensions>
          <ns3:TrackPointExtension>
            <ns3:hr>147</ns3:hr>
            <ns3:cad>98</ns3:cad>
          </ns3:TrackPointExtension>
        </extensions>
      </trkpt>
      <trkpt lat="34.233303554356098175048828125" lon="108.93728069029748439788818359375">
        <ele>406.20001220703125</ele>
        <time>2026-02-03T12:09:08.000Z</time>
        <extensions>
          <ns3:TrackPointExtension>
            <ns3:hr>147</ns3:hr>
            <ns3:cad>98</ns3:cad>
          </ns3:TrackPointExtension>
        </extensions>
      </trkpt>
      <trkpt lat="34.23328955657780170440673828125" lon="108.93730617128312587738037109375">
        <ele>406.20001220703125</ele>
        <time>2026-02-03T12:09:09.000Z</time>
        <extensions>
          <ns3:TrackPointExtension>
            <ns3:hr>148</ns3:hr>
            <ns3:cad>98</ns3:cad>
          </ns3:TrackPointExtension>
        </extensions>
      </trkpt>
      <trkpt lat="34.23328754492104053497314453125" lon="108.9373469911515712738037109375">
        <ele>406.399993896484375</ele>
        <time>2026-02-03T12:09:10.000Z</time>
        <extensions>
          <ns3:TrackPointExtension>
            <ns3:hr>148</ns3:hr>
            <ns3:cad>98</ns3:cad>
          </ns3:TrackPointExtension>
        </extensions>
      </trkpt>
      <trkpt lat="34.233284108340740203857421875" lon="108.9373905770480632781982421875">
        <ele>406.399993896484375</ele>
        <time>2026-02-03T12:09:11.000Z</time>
        <extensions>
          <ns3:TrackPointExtension>
            <ns3:hr>148</ns3:hr>
            <ns3:cad>98</ns3:cad>
          </ns3:TrackPointExtension>
        </extensions>
      </trkpt>
      <trkpt lat="34.23327715136110782623291015625" lon="108.9374256134033203125">
        <ele>406.399993896484375</ele>
        <time>2026-02-03T12:09:12.000Z</time>
        <extensions>
          <ns3:TrackPointExtension>
            <ns3:hr>148</ns3:hr>
            <ns3:cad>98</ns3:cad>
          </ns3:TrackPointExtension>
        </extensions>
      </trkpt>
      <trkpt lat="34.2332809232175350189208984375" lon="108.93746978603303432464599609375">
        <ele>406.399993896484375</ele>
        <time>2026-02-03T12:09:13.000Z</time>
        <extensions>
          <ns3:TrackPointExtension>
            <ns3:hr>147</ns3:hr>
            <ns3:cad>98</ns3:cad>
          </ns3:TrackPointExtension>
        </extensions>
      </trkpt>
      <trkpt lat="34.23328234814107418060302734375" lon="108.9375047385692596435546875">
        <ele>406.399993896484375</ele>
        <time>2026-02-03T12:09:14.000Z</time>
        <extensions>
          <ns3:TrackPointExtension>
            <ns3:hr>148</ns3:hr>
            <ns3:cad>98</ns3:cad>
          </ns3:TrackPointExtension>
        </extensions>
      </trkpt>
      <trkpt lat="34.233285449445247650146484375" lon="108.937539942562580108642578125">
        <ele>406.399993896484375</ele>
        <time>2026-02-03T12:09:15.000Z</time>
        <extensions>
          <ns3:TrackPointExtension>
            <ns3:hr>148</ns3:hr>
            <ns3:cad>98</ns3:cad>
          </ns3:TrackPointExtension>
        </extensions>
      </trkpt>
      <trkpt lat="34.23329659737646579742431640625" lon="108.93758394755423069000244140625">
        <ele>406.399993896484375</ele>
        <time>2026-02-03T12:09:16.000Z</time>
        <extensions>
          <ns3:TrackPointExtension>
            <ns3:hr>147</ns3:hr>
            <ns3:cad>98</ns3:cad>
          </ns3:TrackPointExtension>
        </extensions>
      </trkpt>
      <trkpt lat="34.2333030514419078826904296875" lon="108.9376168884336948394775390625">
        <ele>406.399993896484375</ele>
        <time>2026-02-03T12:09:17.000Z</time>
        <extensions>
          <ns3:TrackPointExtension>
            <ns3:hr>147</ns3:hr>
            <ns3:cad>97</ns3:cad>
          </ns3:TrackPointExtension>
        </extensions>
      </trkpt>
      <trkpt lat="34.23331839032471179962158203125" lon="108.93765452317893505096435546875">
        <ele>406.399993896484375</ele>
        <time>2026-02-03T12:09:18.000Z</time>
        <extensions>
          <ns3:TrackPointExtension>
            <ns3:hr>147</ns3:hr>
            <ns3:cad>97</ns3:cad>
          </ns3:TrackPointExtension>
        </extensions>
      </trkpt>
      <trkpt lat="34.23333113081753253936767578125" lon="108.93768846988677978515625">
        <ele>406.399993896484375</ele>
        <time>2026-02-03T12:09:19.000Z</time>
        <extensions>
          <ns3:TrackPointExtension>
            <ns3:hr>147</ns3:hr>
            <ns3:cad>97</ns3:cad>
          </ns3:TrackPointExtension>
        </extensions>
      </trkpt>
      <trkpt lat="34.23334320075809955596923828125" lon="108.93772174604237079620361328125">
        <ele>406.20001220703125</ele>
        <time>2026-02-03T12:09:20.000Z</time>
        <extensions>
          <ns3:TrackPointExtension>
            <ns3:hr>147</ns3:hr>
            <ns3:cad>97</ns3:cad>
          </ns3:TrackPointExtension>
        </extensions>
      </trkpt>
      <trkpt lat="34.2333680950105190277099609375" lon="108.93775979988276958465576171875">
        <ele>406.20001220703125</ele>
        <time>2026-02-03T12:09:21.000Z</time>
        <extensions>
          <ns3:TrackPointExtension>
            <ns3:hr>147</ns3:hr>
            <ns3:cad>97</ns3:cad>
          </ns3:TrackPointExtension>
        </extensions>
      </trkpt>
      <trkpt lat="34.2333838529884815216064453125" lon="108.93778829835355281829833984375">
        <ele>406.20001220703125</ele>
        <time>2026-02-03T12:09:22.000Z</time>
        <extensions>
          <ns3:TrackPointExtension>
            <ns3:hr>147</ns3:hr>
            <ns3:cad>97</ns3:cad>
          </ns3:TrackPointExtension>
        </extensions>
      </trkpt>
      <trkpt lat="34.23340589739382266998291015625" lon="108.9378160424530506134033203125">
        <ele>406.20001220703125</ele>
        <time>2026-02-03T12:09:23.000Z</time>
        <extensions>
          <ns3:TrackPointExtension>
            <ns3:hr>148</ns3:hr>
            <ns3:cad>97</ns3:cad>
          </ns3:TrackPointExtension>
        </extensions>
      </trkpt>
      <trkpt lat="34.233436323702335357666015625" lon="108.93783666193485260009765625">
        <ele>406.20001220703125</ele>
        <time>2026-02-03T12:09:24.000Z</time>
        <extensions>
          <ns3:TrackPointExtension>
            <ns3:hr>148</ns3:hr>
            <ns3:cad>97</ns3:cad>
          </ns3:TrackPointExtension>
        </extensions>
      </trkpt>
      <trkpt lat="34.23345937393605709075927734375" lon="108.93785904161632061004638671875">
        <ele>406.20001220703125</ele>
        <time>2026-02-03T12:09:25.000Z</time>
        <extensions>
          <ns3:TrackPointExtension>
            <ns3:hr>148</ns3:hr>
            <ns3:cad>97</ns3:cad>
          </ns3:TrackPointExtension>
        </extensions>
      </trkpt>
      <trkpt lat="34.23349223099648952484130859375" lon="108.937873877584934234619140625">
        <ele>406.20001220703125</ele>
        <time>2026-02-03T12:09:26.000Z</time>
        <extensions>
          <ns3:TrackPointExtension>
            <ns3:hr>149</ns3:hr>
            <ns3:cad>98</ns3:cad>
          </ns3:TrackPointExtension>
        </extensions>
      </trkpt>
      <trkpt lat="34.23352123238146305084228515625" lon="108.93788653425872325897216796875">
        <ele>406.20001220703125</ele>
        <time>2026-02-03T12:09:27.000Z</time>
        <extensions>
          <ns3:TrackPointExtension>
            <ns3:hr>150</ns3:hr>
            <ns3:cad>98</ns3:cad>
          </ns3:TrackPointExtension>
        </extensions>
      </trkpt>
      <trkpt lat="34.23354537226259708404541015625" lon="108.937899358570575714111328125">
        <ele>406.20001220703125</ele>
        <time>2026-02-03T12:09:28.000Z</time>
        <extensions>
          <ns3:TrackPointExtension>
            <ns3:hr>150</ns3:hr>
            <ns3:cad>98</ns3:cad>
          </ns3:TrackPointExtension>
        </extensions>
      </trkpt>
      <trkpt lat="34.23358107917010784149169921875" lon="108.93790313042700290679931640625">
        <ele>406.20001220703125</ele>
        <time>2026-02-03T12:09:29.000Z</time>
        <extensions>
          <ns3:TrackPointExtension>
            <ns3:hr>152</ns3:hr>
            <ns3:cad>98</ns3:cad>
          </ns3:TrackPointExtension>
        </extensions>
      </trkpt>
      <trkpt lat="34.2336098290979862213134765625" lon="108.9379105903208255767822265625">
        <ele>406.20001220703125</ele>
        <time>2026-02-03T12:09:30.000Z</time>
        <extensions>
          <ns3:TrackPointExtension>
            <ns3:hr>153</ns3:hr>
            <ns3:cad>98</ns3:cad>
          </ns3:TrackPointExtension>
        </extensions>
      </trkpt>
      <trkpt lat="34.23363807611167430877685546875" lon="108.9379136078059673309326171875">
        <ele>406.20001220703125</ele>
        <time>2026-02-03T12:09:31.000Z</time>
        <extensions>
          <ns3:TrackPointExtension>
            <ns3:hr>153</ns3:hr>
            <ns3:cad>98</ns3:cad>
          </ns3:TrackPointExtension>
        </extensions>
      </trkpt>
      <trkpt lat="34.23367135226726531982421875" lon="108.937913440167903900146484375">
        <ele>406.20001220703125</ele>
        <time>2026-02-03T12:09:32.000Z</time>
        <extensions>
          <ns3:TrackPointExtension>
            <ns3:hr>153</ns3:hr>
            <ns3:cad>98</ns3:cad>
          </ns3:TrackPointExtension>
        </extensions>
      </trkpt>
      <trkpt lat="34.233699850738048553466796875" lon="108.937917463481426239013671875">
        <ele>406.20001220703125</ele>
        <time>2026-02-03T12:09:33.000Z</time>
        <extensions>
          <ns3:TrackPointExtension>
            <ns3:hr>152</ns3:hr>
            <ns3:cad>98</ns3:cad>
          </ns3:TrackPointExtension>
        </extensions>
      </trkpt>
      <trkpt lat="34.23373161815106868743896484375" lon="108.93791268579661846160888671875">
        <ele>406.20001220703125</ele>
        <time>2026-02-03T12:09:34.000Z</time>
        <extensions>
          <ns3:TrackPointExtension>
            <ns3:hr>150</ns3:hr>
            <ns3:cad>98</ns3:cad>
          </ns3:TrackPointExtension>
        </extensions>
      </trkpt>
      <trkpt lat="34.2337603680789470672607421875" lon="108.937914781272411346435546875">
        <ele>406.20001220703125</ele>
        <time>2026-02-03T12:09:35.000Z</time>
        <extensions>
          <ns3:TrackPointExtension>
            <ns3:hr>150</ns3:hr>
            <ns3:cad>98</ns3:cad>
          </ns3:TrackPointExtension>
        </extensions>
      </trkpt>
      <trkpt lat="34.23378325067460536956787109375" lon="108.9379156194627285003662109375">
        <ele>406.20001220703125</ele>
        <time>2026-02-03T12:09:36.000Z</time>
        <extensions>
          <ns3:TrackPointExtension>
            <ns3:hr>150</ns3:hr>
            <ns3:cad>97</ns3:cad>
          </ns3:TrackPointExtension>
        </extensions>
      </trkpt>
      <trkpt lat="34.23381644301116466522216796875" lon="108.9379124343395233154296875">
        <ele>406.399993896484375</ele>
        <time>2026-02-03T12:09:37.000Z</time>
        <extensions>
          <ns3:TrackPointExtension>
            <ns3:hr>149</ns3:hr>
            <ns3:cad>97</ns3:cad>
          </ns3:TrackPointExtension>
        </extensions>
      </trkpt>
      <trkpt lat="34.2338428460061550140380859375" lon="108.93791587091982364654541015625">
        <ele>406.399993896484375</ele>
        <time>2026-02-03T12:09:38.000Z</time>
        <extensions>
          <ns3:TrackPointExtension>
            <ns3:hr>147</ns3:hr>
            <ns3:cad>97</ns3:cad>
          </ns3:TrackPointExtension>
        </extensions>
      </trkpt>
      <trkpt lat="34.23386841081082820892333984375" lon="108.93791385926306247711181640625">
        <ele>406.399993896484375</ele>
        <time>2026-02-03T12:09:39.000Z</time>
        <extensions>
          <ns3:TrackPointExtension>
            <ns3:hr>146</ns3:hr>
            <ns3:cad>96</ns3:cad>
          </ns3:TrackPointExtension>
        </extensions>
      </trkpt>
      <trkpt lat="34.2338985018432140350341796875" lon="108.9379115961492061614990234375">
        <ele>406.399993896484375</ele>
        <time>2026-02-03T12:09:40.000Z</time>
        <extensions>
          <ns3:TrackPointExtension>
            <ns3:hr>146</ns3:hr>
            <ns3:cad>98</ns3:cad>
          </ns3:TrackPointExtension>
        </extensions>
      </trkpt>
      <trkpt lat="34.23392473720014095306396484375" lon="108.93791503272950649261474609375">
        <ele>406.399993896484375</ele>
        <time>2026-02-03T12:09:41.000Z</time>
        <extensions>
          <ns3:TrackPointExtension>
            <ns3:hr>146</ns3:hr>
            <ns3:cad>98</ns3:cad>
          </ns3:TrackPointExtension>
        </extensions>
      </trkpt>
      <trkpt lat="34.23395834863185882568359375" lon="108.93790815956890583038330078125">
        <ele>406.399993896484375</ele>
        <time>2026-02-03T12:09:42.000Z</time>
        <extensions>
          <ns3:TrackPointExtension>
            <ns3:hr>145</ns3:hr>
            <ns3:cad>98</ns3:cad>
          </ns3:TrackPointExtension>
        </extensions>
      </trkpt>
      <trkpt lat="34.23398341052234172821044921875" lon="108.93790866248309612274169921875">
        <ele>406.399993896484375</ele>
        <time>2026-02-03T12:09:43.000Z</time>
        <extensions>
          <ns3:TrackPointExtension>
            <ns3:hr>145</ns3:hr>
            <ns3:cad>97</ns3:cad>
          </ns3:TrackPointExtension>
        </extensions>
      </trkpt>
      <trkpt lat="34.23400537110865116119384765625" lon="108.937908075749874114990234375">
        <ele>406.399993896484375</ele>
        <time>2026-02-03T12:09:44.000Z</time>
        <extensions>
          <ns3:TrackPointExtension>
            <ns3:hr>145</ns3:hr>
            <ns3:cad>97</ns3:cad>
          </ns3:TrackPointExtension>
        </extensions>
      </trkpt>
      <trkpt lat="34.23403839580714702606201171875" lon="108.93790639936923980712890625">
        <ele>406.399993896484375</ele>
        <time>2026-02-03T12:09:45.000Z</time>
        <extensions>
          <ns3:TrackPointExtension>
            <ns3:hr>145</ns3:hr>
            <ns3:cad>97</ns3:cad>
          </ns3:TrackPointExtension>
        </extensions>
      </trkpt>
      <trkpt lat="34.23406161367893218994140625" lon="108.9379079081118106842041015625">
        <ele>406.399993896484375</ele>
        <time>2026-02-03T12:09:46.000Z</time>
        <extensions>
          <ns3:TrackPointExtension>
            <ns3:hr>144</ns3:hr>
            <ns3:cad>97</ns3:cad>
          </ns3:TrackPointExtension>
        </extensions>
      </trkpt>
      <trkpt lat="34.23409203998744487762451171875" lon="108.93790732137858867645263671875">
        <ele>406.399993896484375</ele>
        <time>2026-02-03T12:09:47.000Z</time>
        <extensions>
          <ns3:TrackPointExtension>
            <ns3:hr>144</ns3:hr>
            <ns3:cad>97</ns3:cad>
          </ns3:TrackPointExtension>
        </extensions>
      </trkpt>
      <trkpt lat="34.234120957553386688232421875" lon="108.93790480680763721466064453125">
        <ele>406.399993896484375</ele>
        <time>2026-02-03T12:09:48.000Z</time>
        <extensions>
          <ns3:TrackPointExtension>
            <ns3:hr>144</ns3:hr>
            <ns3:cad>96</ns3:cad>
          </ns3:TrackPointExtension>
        </extensions>
      </trkpt>
      <trkpt lat="34.2341476120054721832275390625" lon="108.93790732137858867645263671875">
        <ele>406.399993896484375</ele>
        <time>2026-02-03T12:09:49.000Z</time>
        <extensions>
          <ns3:TrackPointExtension>
            <ns3:hr>144</ns3:hr>
            <ns3:cad>96</ns3:cad>
          </ns3:TrackPointExtension>
        </extensions>
      </trkpt>
      <trkpt lat="34.234178625047206878662109375" lon="108.93790413625538349151611328125">
        <ele>406.399993896484375</ele>
        <time>2026-02-03T12:09:50.000Z</time>
        <extensions>
          <ns3:TrackPointExtension>
            <ns3:hr>144</ns3:hr>
            <ns3:cad>96</ns3:cad>
          </ns3:TrackPointExtension>
        </extensions>
      </trkpt>
      <trkpt lat="34.23420502804219722747802734375" lon="108.9379065670073032379150390625">
        <ele>406.399993896484375</ele>
        <time>2026-02-03T12:09:51.000Z</time>
        <extensions>
          <ns3:TrackPointExtension>
            <ns3:hr>144</ns3:hr>
            <ns3:cad>98</ns3:cad>
          </ns3:TrackPointExtension>
        </extensions>
      </trkpt>
      <trkpt lat="34.23423436470329761505126953125" lon="108.93790866248309612274169921875">
        <ele>406.399993896484375</ele>
        <time>2026-02-03T12:09:52.000Z</time>
        <extensions>
          <ns3:TrackPointExtension>
            <ns3:hr>143</ns3:hr>
            <ns3:cad>98</ns3:cad>
          </ns3:TrackPointExtension>
        </extensions>
      </trkpt>
      <trkpt lat="34.234265126287937164306640625" lon="108.937904052436351776123046875">
        <ele>406.399993896484375</ele>
        <time>2026-02-03T12:09:53.000Z</time>
        <extensions>
          <ns3:TrackPointExtension>
            <ns3:hr>143</ns3:hr>
            <ns3:cad>99</ns3:cad>
          </ns3:TrackPointExtension>
        </extensions>
      </trkpt>
      <trkpt lat="34.234289266169071197509765625" lon="108.9379065670073032379150390625">
        <ele>406.399993896484375</ele>
        <time>2026-02-03T12:09:54.000Z</time>
        <extensions>
          <ns3:TrackPointExtension>
            <ns3:hr>142</ns3:hr>
            <ns3:cad>99</ns3:cad>
          </ns3:TrackPointExtension>
        </extensions>
      </trkpt>
      <trkpt lat="34.234316758811473846435546875" lon="108.93790279515087604522705078125">
        <ele>406.399993896484375</ele>
        <time>2026-02-03T12:09:55.000Z</time>
        <extensions>
          <ns3:TrackPointExtension>
            <ns3:hr>142</ns3:hr>
            <ns3:cad>99</ns3:cad>
          </ns3:TrackPointExtension>
        </extensions>
      </trkpt>
      <trkpt lat="34.23434651456773281097412109375" lon="108.9379017055034637451171875">
        <ele>406.399993896484375</ele>
        <time>2026-02-03T12:09:56.000Z</time>
        <extensions>
          <ns3:TrackPointExtension>
            <ns3:hr>142</ns3:hr>
            <ns3:cad>99</ns3:cad>
          </ns3:TrackPointExtension>
        </extensions>
      </trkpt>
      <trkpt lat="34.23437216319143772125244140625" lon="108.9379065670073032379150390625">
        <ele>406.399993896484375</ele>
        <time>2026-02-03T12:09:57.000Z</time>
        <extensions>
          <ns3:TrackPointExtension>
            <ns3:hr>142</ns3:hr>
            <ns3:cad>99</ns3:cad>
          </ns3:TrackPointExtension>
        </extensions>
      </trkpt>
      <trkpt lat="34.23440284095704555511474609375" lon="108.93790128640830516815185546875">
        <ele>406.399993896484375</ele>
        <time>2026-02-03T12:09:58.000Z</time>
        <extensions>
          <ns3:TrackPointExtension>
            <ns3:hr>142</ns3:hr>
            <ns3:cad>99</ns3:cad>
          </ns3:TrackPointExtension>
        </extensions>
      </trkpt>
      <trkpt lat="34.23443175852298736572265625" lon="108.93789893947541713714599609375">
        <ele>406.20001220703125</ele>
        <time>2026-02-03T12:09:59.000Z</time>
        <extensions>
          <ns3:TrackPointExtension>
            <ns3:hr>142</ns3:hr>
            <ns3:cad>97</ns3:cad>
          </ns3:TrackPointExtension>
        </extensions>
      </trkpt>
      <trkpt lat="34.234457574784755706787109375" lon="108.93789432942867279052734375">
        <ele>406.20001220703125</ele>
        <time>2026-02-03T12:10:00.000Z</time>
        <extensions>
          <ns3:TrackPointExtension>
            <ns3:hr>141</ns3:hr>
            <ns3:cad>98</ns3:cad>
          </ns3:TrackPointExtension>
        </extensions>
      </trkpt>
      <trkpt lat="34.23449034802615642547607421875" lon="108.93788494169712066650390625">
        <ele>406.399993896484375</ele>
        <time>2026-02-03T12:10:01.000Z</time>
        <extensions>
          <ns3:TrackPointExtension>
            <ns3:hr>141</ns3:hr>
            <ns3:cad>99</ns3:cad>
          </ns3:TrackPointExtension>
        </extensions>
      </trkpt>
      <trkpt lat="34.2345164157450199127197265625" lon="108.9378784038126468658447265625">
        <ele>406.399993896484375</ele>
        <time>2026-02-03T12:10:02.000Z</time>
        <extensions>
          <ns3:TrackPointExtension>
            <ns3:hr>141</ns3:hr>
            <ns3:cad>99</ns3:cad>
          </ns3:TrackPointExtension>
        </extensions>
      </trkpt>
      <trkpt lat="34.2345512844622135162353515625" lon="108.93786574713885784149169921875">
        <ele>406.399993896484375</ele>
        <time>2026-02-03T12:10:03.000Z</time>
        <extensions>
          <ns3:TrackPointExtension>
            <ns3:hr>141</ns3:hr>
            <ns3:cad>99</ns3:cad>
          </ns3:TrackPointExtension>
        </extensions>
      </trkpt>
      <trkpt lat="34.234580285847187042236328125" lon="108.93784982152283191680908203125">
        <ele>406.399993896484375</ele>
        <time>2026-02-03T12:10:04.000Z</time>
        <extensions>
          <ns3:TrackPointExtension>
            <ns3:hr>141</ns3:hr>
            <ns3:cad>99</ns3:cad>
          </ns3:TrackPointExtension>
        </extensions>
      </trkpt>
      <trkpt lat="34.23460618592798709869384765625" lon="108.93783590756356716156005859375">
        <ele>406.399993896484375</ele>
        <time>2026-02-03T12:10:05.000Z</time>
        <extensions>
          <ns3:TrackPointExtension>
            <ns3:hr>141</ns3:hr>
            <ns3:cad>98</ns3:cad>
          </ns3:TrackPointExtension>
        </extensions>
      </trkpt>
      <trkpt lat="34.23463535495102405548095703125" lon="108.93781243823468685150146484375">
        <ele>406.399993896484375</ele>
        <time>2026-02-03T12:10:06.000Z</time>
        <extensions>
          <ns3:TrackPointExtension>
            <ns3:hr>141</ns3:hr>
            <ns3:cad>97</ns3:cad>
          </ns3:TrackPointExtension>
        </extensions>
      </trkpt>
      <trkpt lat="34.234657399356365203857421875" lon="108.93779366277158260345458984375">
        <ele>406.399993896484375</ele>
        <time>2026-02-03T12:10:07.000Z</time>
        <extensions>
          <ns3:TrackPointExtension>
            <ns3:hr>141</ns3:hr>
            <ns3:cad>97</ns3:cad>
          </ns3:TrackPointExtension>
        </extensions>
      </trkpt>
      <trkpt lat="34.23467709682881832122802734375" lon="108.937773294746875762939453125">
        <ele>406.399993896484375</ele>
        <time>2026-02-03T12:10:08.000Z</time>
        <extensions>
          <ns3:TrackPointExtension>
            <ns3:hr>141</ns3:hr>
            <ns3:cad>96</ns3:cad>
          </ns3:TrackPointExtension>
        </extensions>
      </trkpt>
      <trkpt lat="34.23469603992998600006103515625" lon="108.9377426169812679290771484375">
        <ele>406.399993896484375</ele>
        <time>2026-02-03T12:10:09.000Z</time>
        <extensions>
          <ns3:TrackPointExtension>
            <ns3:hr>141</ns3:hr>
            <ns3:cad>96</ns3:cad>
          </ns3:TrackPointExtension>
        </extensions>
      </trkpt>
      <trkpt lat="34.23471112735569477081298828125" lon="108.9377211593091487884521484375">
        <ele>406.399993896484375</ele>
        <time>2026-02-03T12:10:10.000Z</time>
        <extensions>
          <ns3:TrackPointExtension>
            <ns3:hr>141</ns3:hr>
            <ns3:cad>96</ns3:cad>
          </ns3:TrackPointExtension>
        </extensions>
      </trkpt>
      <trkpt lat="34.23472411930561065673828125" lon="108.93768955953419208526611328125">
        <ele>406.399993896484375</ele>
        <time>2026-02-03T12:10:11.000Z</time>
        <extensions>
          <ns3:TrackPointExtension>
            <ns3:hr>140</ns3:hr>
            <ns3:cad>98</ns3:cad>
          </ns3:TrackPointExtension>
        </extensions>
      </trkpt>
      <trkpt lat="34.23473082482814788818359375" lon="108.9376517571508884429931640625">
        <ele>406.399993896484375</ele>
        <time>2026-02-03T12:10:12.000Z</time>
        <extensions>
          <ns3:TrackPointExtension>
            <ns3:hr>140</ns3:hr>
            <ns3:cad>98</ns3:cad>
          </ns3:TrackPointExtension>
        </extensions>
      </trkpt>
      <trkpt lat="34.2347460798919200897216796875" lon="108.93762552179396152496337890625">
        <ele>406.399993896484375</ele>
        <time>2026-02-03T12:10:13.000Z</time>
        <extensions>
          <ns3:TrackPointExtension>
            <ns3:hr>140</ns3:hr>
            <ns3:cad>97</ns3:cad>
          </ns3:TrackPointExtension>
        </extensions>
      </trkpt>
      <trkpt lat="34.2347494326531887054443359375" lon="108.93758512102067470550537109375">
        <ele>406.399993896484375</ele>
        <time>2026-02-03T12:10:14.000Z</time>
        <extensions>
          <ns3:TrackPointExtension>
            <ns3:hr>139</ns3:hr>
            <ns3:cad>97</ns3:cad>
          </ns3:TrackPointExtension>
        </extensions>
      </trkpt>
      <trkpt lat="34.2347561381757259368896484375" lon="108.937547989189624786376953125">
        <ele>406.399993896484375</ele>
        <time>2026-02-03T12:10:15.000Z</time>
        <extensions>
          <ns3:TrackPointExtension>
            <ns3:hr>139</ns3:hr>
            <ns3:cad>97</ns3:cad>
          </ns3:TrackPointExtension>
        </extensions>
      </trkpt>
      <trkpt lat="34.23476309515535831451416015625" lon="108.93751672469079494476318359375">
        <ele>406.399993896484375</ele>
        <time>2026-02-03T12:10:16.000Z</time>
        <extensions>
          <ns3:TrackPointExtension>
            <ns3:hr>139</ns3:hr>
            <ns3:cad>97</ns3:cad>
          </ns3:TrackPointExtension>
        </extensions>
      </trkpt>
      <trkpt lat="34.23476594500243663787841796875" lon="108.93747749738395214080810546875">
        <ele>406.399993896484375</ele>
        <time>2026-02-03T12:10:17.000Z</time>
        <extensions>
          <ns3:TrackPointExtension>
            <ns3:hr>139</ns3:hr>
            <ns3:cad>97</ns3:cad>
          </ns3:TrackPointExtension>
        </extensions>
      </trkpt>
      <trkpt lat="34.2347703874111175537109375" lon="108.937446735799312591552734375">
        <ele>406.20001220703125</ele>
        <time>2026-02-03T12:10:18.000Z</time>
        <extensions>
          <ns3:TrackPointExtension>
            <ns3:hr>139</ns3:hr>
            <ns3:cad>97</ns3:cad>
          </ns3:TrackPointExtension>
        </extensions>
      </trkpt>
      <trkpt lat="34.23476636409759521484375" lon="108.93740692175924777984619140625">
        <ele>406.399993896484375</ele>
        <time>2026-02-03T12:10:19.000Z</time>
        <extensions>
          <ns3:TrackPointExtension>
            <ns3:hr>139</ns3:hr>
            <ns3:cad>97</ns3:cad>
          </ns3:TrackPointExtension>
        </extensions>
      </trkpt>
      <trkpt lat="34.234759323298931121826171875" lon="108.937369287014007568359375">
        <ele>406.399993896484375</ele>
        <time>2026-02-03T12:10:20.000Z</time>
        <extensions>
          <ns3:TrackPointExtension>
            <ns3:hr>139</ns3:hr>
            <ns3:cad>97</ns3:cad>
          </ns3:TrackPointExtension>
        </extensions>
      </trkpt>
      <trkpt lat="34.2347534559667110443115234375" lon="108.9373384416103363037109375">
        <ele>406.399993896484375</ele>
        <time>2026-02-03T12:10:21.000Z</time>
        <extensions>
          <ns3:TrackPointExtension>
            <ns3:hr>140</ns3:hr>
            <ns3:cad>96</ns3:cad>
          </ns3:TrackPointExtension>
        </extensions>
      </trkpt>
      <trkpt lat="34.23473744653165340423583984375" lon="108.937298543751239776611328125">
        <ele>406.399993896484375</ele>
        <time>2026-02-03T12:10:22.000Z</time>
        <extensions>
          <ns3:TrackPointExtension>
            <ns3:hr>139</ns3:hr>
            <ns3:cad>96</ns3:cad>
          </ns3:TrackPointExtension>
        </extensions>
      </trkpt>
      <trkpt lat="34.23472755588591098785400390625" lon="108.9372671954333782196044921875">
        <ele>406.399993896484375</ele>
        <time>2026-02-03T12:10:23.000Z</time>
        <extensions>
          <ns3:TrackPointExtension>
            <ns3:hr>139</ns3:hr>
            <ns3:cad>97</ns3:cad>
          </ns3:TrackPointExtension>
        </extensions>
      </trkpt>
      <trkpt lat="34.23471079207956790924072265625" lon="108.93723852932453155517578125">
        <ele>406.399993896484375</ele>
        <time>2026-02-03T12:10:24.000Z</time>
        <extensions>
          <ns3:TrackPointExtension>
            <ns3:hr>139</ns3:hr>
            <ns3:cad>97</ns3:cad>
          </ns3:TrackPointExtension>
        </extensions>
      </trkpt>
      <trkpt lat="34.2346864007413387298583984375" lon="108.93720567226409912109375">
        <ele>406.399993896484375</ele>
        <time>2026-02-03T12:10:25.000Z</time>
        <extensions>
          <ns3:TrackPointExtension>
            <ns3:hr>140</ns3:hr>
            <ns3:cad>97</ns3:cad>
          </ns3:TrackPointExtension>
        </extensions>
      </trkpt>
      <trkpt lat="34.234672151505947113037109375" lon="108.93718077801167964935302734375">
        <ele>406.399993896484375</ele>
        <time>2026-02-03T12:10:26.000Z</time>
        <extensions>
          <ns3:TrackPointExtension>
            <ns3:hr>139</ns3:hr>
            <ns3:cad>97</ns3:cad>
          </ns3:TrackPointExtension>
        </extensions>
      </trkpt>
      <trkpt lat="34.23464826308190822601318359375" lon="108.93715311773121356964111328125">
        <ele>406.399993896484375</ele>
        <time>2026-02-03T12:10:27.000Z</time>
        <extensions>
          <ns3:TrackPointExtension>
            <ns3:hr>139</ns3:hr>
            <ns3:cad>97</ns3:cad>
          </ns3:TrackPointExtension>
        </extensions>
      </trkpt>
      <trkpt lat="34.23462362028658390045166015625" lon="108.93712520599365234375">
        <ele>406.399993896484375</ele>
        <time>2026-02-03T12:10:28.000Z</time>
        <extensions>
          <ns3:TrackPointExtension>
            <ns3:hr>139</ns3:hr>
            <ns3:cad>97</ns3:cad>
          </ns3:TrackPointExtension>
        </extensions>
      </trkpt>
      <trkpt lat="34.23460434190928936004638671875" lon="108.93710265867412090301513671875">
        <ele>406.399993896484375</ele>
        <time>2026-02-03T12:10:29.000Z</time>
        <extensions>
          <ns3:TrackPointExtension>
            <ns3:hr>138</ns3:hr>
            <ns3:cad>97</ns3:cad>
          </ns3:TrackPointExtension>
        </extensions>
      </trkpt>
      <trkpt lat="34.23457332886755466461181640625" lon="108.937081955373287200927734375">
        <ele>406.399993896484375</ele>
        <time>2026-02-03T12:10:30.000Z</time>
        <extensions>
          <ns3:TrackPointExtension>
            <ns3:hr>138</ns3:hr>
            <ns3:cad>98</ns3:cad>
          </ns3:TrackPointExtension>
        </extensions>
      </trkpt>
      <trkpt lat="34.23454935662448406219482421875" lon="108.93706644885241985321044921875">
        <ele>406.399993896484375</ele>
        <time>2026-02-03T12:10:31.000Z</time>
        <extensions>
          <ns3:TrackPointExtension>
            <ns3:hr>138</ns3:hr>
            <ns3:cad>98</ns3:cad>
          </ns3:TrackPointExtension>
        </extensions>
      </trkpt>
      <trkpt lat="34.23452169634401798248291015625" lon="108.9370539598166942596435546875">
        <ele>406.399993896484375</ele>
        <time>2026-02-03T12:10:32.000Z</time>
        <extensions>
          <ns3:TrackPointExtension>
            <ns3:hr>138</ns3:hr>
            <ns3:cad>98</ns3:cad>
          </ns3:TrackPointExtension>
        </extensions>
      </trkpt>
      <trkpt lat="34.2344892583787441253662109375" lon="108.93704365007579326629638671875">
        <ele>406.399993896484375</ele>
        <time>2026-02-03T12:10:33.000Z</time>
        <extensions>
          <ns3:TrackPointExtension>
            <ns3:hr>137</ns3:hr>
            <ns3:cad>98</ns3:cad>
          </ns3:TrackPointExtension>
        </extensions>
      </trkpt>
      <trkpt lat="34.23446235246956348419189453125" lon="108.937034346163272857666015625">
        <ele>406.399993896484375</ele>
        <time>2026-02-03T12:10:34.000Z</time>
        <extensions>
          <ns3:TrackPointExtension>
            <ns3:hr>137</ns3:hr>
            <ns3:cad>96</ns3:cad>
          </ns3:TrackPointExtension>
        </extensions>
      </trkpt>
      <trkpt lat="34.23442966304719448089599609375" lon="108.93703141249716281890869140625">
        <ele>406.399993896484375</ele>
        <time>2026-02-03T12:10:35.000Z</time>
        <extensions>
          <ns3:TrackPointExtension>
            <ns3:hr>137</ns3:hr>
            <ns3:cad>96</ns3:cad>
          </ns3:TrackPointExtension>
        </extensions>
      </trkpt>
      <trkpt lat="34.23440091311931610107421875" lon="108.9370298199355602264404296875">
        <ele>406.399993896484375</ele>
        <time>2026-02-03T12:10:36.000Z</time>
        <extensions>
          <ns3:TrackPointExtension>
            <ns3:hr>137</ns3:hr>
            <ns3:cad>96</ns3:cad>
          </ns3:TrackPointExtension>
        </extensions>
      </trkpt>
      <trkpt lat="34.23437702469527721405029296875" lon="108.9370268024504184722900390625">
        <ele>406.399993896484375</ele>
        <time>2026-02-03T12:10:37.000Z</time>
        <extensions>
          <ns3:TrackPointExtension>
            <ns3:hr>136</ns3:hr>
            <ns3:cad>97</ns3:cad>
          </ns3:TrackPointExtension>
        </extensions>
      </trkpt>
      <trkpt lat="34.2343383841216564178466796875" lon="108.93703158013522624969482421875">
        <ele>406.399993896484375</ele>
        <time>2026-02-03T12:10:38.000Z</time>
        <extensions>
          <ns3:TrackPointExtension>
            <ns3:hr>136</ns3:hr>
            <ns3:cad>96</ns3:cad>
          </ns3:TrackPointExtension>
        </extensions>
      </trkpt>
      <trkpt lat="34.234310723841190338134765625" lon="108.9370284788310527801513671875">
        <ele>406.399993896484375</ele>
        <time>2026-02-03T12:10:39.000Z</time>
        <extensions>
          <ns3:TrackPointExtension>
            <ns3:hr>136</ns3:hr>
            <ns3:cad>96</ns3:cad>
          </ns3:TrackPointExtension>
        </extensions>
      </trkpt>
      <trkpt lat="34.23427962698042392730712890625" lon="108.9370345138013362884521484375">
        <ele>406.399993896484375</ele>
        <time>2026-02-03T12:10:40.000Z</time>
        <extensions>
          <ns3:TrackPointExtension>
            <ns3:hr>135</ns3:hr>
            <ns3:cad>96</ns3:cad>
          </ns3:TrackPointExtension>
        </extensions>
      </trkpt>
      <trkpt lat="34.23424802720546722412109375" lon="108.93703811801970005035400390625">
        <ele>406.399993896484375</ele>
        <time>2026-02-03T12:10:41.000Z</time>
        <extensions>
          <ns3:TrackPointExtension>
            <ns3:hr>134</ns3:hr>
            <ns3:cad>96</ns3:cad>
          </ns3:TrackPointExtension>
        </extensions>
      </trkpt>
      <trkpt lat="34.234224893152713775634765625" lon="108.93703660927712917327880859375">
        <ele>406.399993896484375</ele>
        <time>2026-02-03T12:10:42.000Z</time>
        <extensions>
          <ns3:TrackPointExtension>
            <ns3:hr>134</ns3:hr>
            <ns3:cad>96</ns3:cad>
          </ns3:TrackPointExtension>
        </extensions>
      </trkpt>
      <trkpt lat="34.23418893478810787200927734375" lon="108.937040381133556365966796875">
        <ele>406.399993896484375</ele>
        <time>2026-02-03T12:10:43.000Z</time>
        <extensions>
          <ns3:TrackPointExtension>
            <ns3:hr>133</ns3:hr>
            <ns3:cad>97</ns3:cad>
          </ns3:TrackPointExtension>
        </extensions>
      </trkpt>
      <trkpt lat="34.23416554927825927734375" lon="108.93703761510550975799560546875">
        <ele>406.399993896484375</ele>
        <time>2026-02-03T12:10:44.000Z</time>
        <extensions>
          <ns3:TrackPointExtension>
            <ns3:hr>133</ns3:hr>
            <ns3:cad>97</ns3:cad>
          </ns3:TrackPointExtension>
        </extensions>
      </trkpt>
      <trkpt lat="34.23413629643619060516357421875" lon="108.9370402134954929351806640625">
        <ele>406.399993896484375</ele>
        <time>2026-02-03T12:10:45.000Z</time>
        <extensions>
          <ns3:TrackPointExtension>
            <ns3:hr>132</ns3:hr>
            <ns3:cad>97</ns3:cad>
          </ns3:TrackPointExtension>
        </extensions>
      </trkpt>
      <trkpt lat="34.23410578630864620208740234375" lon="108.93704448826611042022705078125">
        <ele>406.399993896484375</ele>
        <time>2026-02-03T12:10:46.000Z</time>
        <extensions>
          <ns3:TrackPointExtension>
            <ns3:hr>131</ns3:hr>
            <ns3:cad>97</ns3:cad>
          </ns3:TrackPointExtension>
        </extensions>
      </trkpt>
      <trkpt lat="34.234082736074924468994140625" lon="108.93704046495258808135986328125">
        <ele>406.399993896484375</ele>
        <time>2026-02-03T12:10:47.000Z</time>
        <extensions>
          <ns3:TrackPointExtension>
            <ns3:hr>130</ns3:hr>
            <ns3:cad>97</ns3:cad>
          </ns3:TrackPointExtension>
        </extensions>
      </trkpt>
      <trkpt lat="34.23404895700514316558837890625" lon="108.9370479248464107513427734375">
        <ele>406.399993896484375</ele>
        <time>2026-02-03T12:10:48.000Z</time>
        <extensions>
          <ns3:TrackPointExtension>
            <ns3:hr>130</ns3:hr>
            <ns3:cad>97</ns3:cad>
          </ns3:TrackPointExtension>
        </extensions>
      </trkpt>
      <trkpt lat="34.23402464948594570159912109375" lon="108.93704733811318874359130859375">
        <ele>406.399993896484375</ele>
        <time>2026-02-03T12:10:49.000Z</time>
        <extensions>
          <ns3:TrackPointExtension>
            <ns3:hr>129</ns3:hr>
            <ns3:cad>95</ns3:cad>
          </ns3:TrackPointExtension>
        </extensions>
      </trkpt>
      <trkpt lat="34.2340005934238433837890625" lon="108.93704448826611042022705078125">
        <ele>406.399993896484375</ele>
        <time>2026-02-03T12:10:50.000Z</time>
        <extensions>
          <ns3:TrackPointExtension>
            <ns3:hr>128</ns3:hr>
            <ns3:cad>95</ns3:cad>
          </ns3:TrackPointExtension>
        </extensions>
      </trkpt>
      <trkpt lat="34.2339658923447132110595703125" lon="108.9370479248464107513427734375">
        <ele>406.399993896484375</ele>
        <time>2026-02-03T12:10:51.000Z</time>
        <extensions>
          <ns3:TrackPointExtension>
            <ns3:hr>127</ns3:hr>
            <ns3:cad>95</ns3:cad>
          </ns3:TrackPointExtension>
        </extensions>
      </trkpt>
      <trkpt lat="34.23394267447292804718017578125" lon="108.93704214133322238922119140625">
        <ele>406.399993896484375</ele>
        <time>2026-02-03T12:10:52.000Z</time>
        <extensions>
          <ns3:TrackPointExtension>
            <ns3:hr>126</ns3:hr>
            <ns3:cad>97</ns3:cad>
          </ns3:TrackPointExtension>
        </extensions>
      </trkpt>
      <trkpt lat="34.2339162714779376983642578125" lon="108.937044404447078704833984375">
        <ele>406.399993896484375</ele>
        <time>2026-02-03T12:10:53.000Z</time>
        <extensions>
          <ns3:TrackPointExtension>
            <ns3:hr>125</ns3:hr>
            <ns3:cad>97</ns3:cad>
          </ns3:TrackPointExtension>
        </extensions>
      </trkpt>
      <trkpt lat="34.2338884435594081878662109375" lon="108.93704943358898162841796875">
        <ele>406.399993896484375</ele>
        <time>2026-02-03T12:10:54.000Z</time>
        <extensions>
          <ns3:TrackPointExtension>
            <ns3:hr>125</ns3:hr>
            <ns3:cad>97</ns3:cad>
          </ns3:TrackPointExtension>
        </extensions>
      </trkpt>
      <trkpt lat="34.23386556096374988555908203125" lon="108.9370449073612689971923828125">
        <ele>406.399993896484375</ele>
        <time>2026-02-03T12:10:55.000Z</time>
        <extensions>
          <ns3:TrackPointExtension>
            <ns3:hr>125</ns3:hr>
            <ns3:cad>97</ns3:cad>
          </ns3:TrackPointExtension>
        </extensions>
      </trkpt>
      <trkpt lat="34.23382901586592197418212890625" lon="108.9370432309806346893310546875">
        <ele>406.399993896484375</ele>
        <time>2026-02-03T12:10:56.000Z</time>
        <extensions>
          <ns3:TrackPointExtension>
            <ns3:hr>124</ns3:hr>
            <ns3:cad>97</ns3:cad>
          </ns3:TrackPointExtension>
        </extensions>
      </trkpt>
      <trkpt lat="34.23380571417510509490966796875" lon="108.93703761510550975799560546875">
        <ele>406.20001220703125</ele>
        <time>2026-02-03T12:10:57.000Z</time>
        <extensions>
          <ns3:TrackPointExtension>
            <ns3:hr>124</ns3:hr>
            <ns3:cad>98</ns3:cad>
          </ns3:TrackPointExtension>
        </extensions>
      </trkpt>
      <trkpt lat="34.2337781377136707305908203125" lon="108.9370378665626049041748046875">
        <ele>406.20001220703125</ele>
        <time>2026-02-03T12:10:58.000Z</time>
        <extensions>
          <ns3:TrackPointExtension>
            <ns3:hr>124</ns3:hr>
            <ns3:cad>98</ns3:cad>
          </ns3:TrackPointExtension>
        </extensions>
      </trkpt>
      <trkpt lat="34.2337503097951412200927734375" lon="108.9370382018387317657470703125">
        <ele>406.20001220703125</ele>
        <time>2026-02-03T12:10:59.000Z</time>
        <extensions>
          <ns3:TrackPointExtension>
            <ns3:hr>124</ns3:hr>
            <ns3:cad>96</ns3:cad>
          </ns3:TrackPointExtension>
        </extensions>
      </trkpt>
      <trkpt lat="34.2337270081043243408203125" lon="108.9370341785252094268798828125">
        <ele>406.20001220703125</ele>
        <time>2026-02-03T12:11:00.000Z</time>
        <extensions>
          <ns3:TrackPointExtension>
            <ns3:hr>124</ns3:hr>
            <ns3:cad>96</ns3:cad>
          </ns3:TrackPointExtension>
        </extensions>
      </trkpt>
      <trkpt lat="34.2336929775774478912353515625" lon="108.937042057514190673828125">
        <ele>406.20001220703125</ele>
        <time>2026-02-03T12:11:01.000Z</time>
        <extensions>
          <ns3:TrackPointExtension>
            <ns3:hr>125</ns3:hr>
            <ns3:cad>96</ns3:cad>
          </ns3:TrackPointExtension>
        </extensions>
      </trkpt>
      <trkpt lat="34.2336691729724407196044921875" lon="108.93704063259065151214599609375">
        <ele>406.20001220703125</ele>
        <time>2026-02-03T12:11:02.000Z</time>
        <extensions>
          <ns3:TrackPointExtension>
            <ns3:hr>124</ns3:hr>
            <ns3:cad>96</ns3:cad>
          </ns3:TrackPointExtension>
        </extensions>
      </trkpt>
      <trkpt lat="34.23364142887294292449951171875" lon="108.93704415298998355865478515625">
        <ele>406.20001220703125</ele>
        <time>2026-02-03T12:11:03.000Z</time>
        <extensions>
          <ns3:TrackPointExtension>
            <ns3:hr>125</ns3:hr>
            <ns3:cad>96</ns3:cad>
          </ns3:TrackPointExtension>
        </extensions>
      </trkpt>
      <trkpt lat="34.23361008055508136749267578125" lon="108.93705169670283794403076171875">
        <ele>406.20001220703125</ele>
        <time>2026-02-03T12:11:04.000Z</time>
        <extensions>
          <ns3:TrackPointExtension>
            <ns3:hr>129</ns3:hr>
            <ns3:cad>96</ns3:cad>
          </ns3:TrackPointExtension>
        </extensions>
      </trkpt>
      <trkpt lat="34.2335848510265350341796875" lon="108.93704733811318874359130859375">
        <ele>406.399993896484375</ele>
        <time>2026-02-03T12:11:05.000Z</time>
        <extensions>
          <ns3:TrackPointExtension>
            <ns3:hr>130</ns3:hr>
            <ns3:cad>96</ns3:cad>
          </ns3:TrackPointExtension>
        </extensions>
      </trkpt>
      <trkpt lat="34.23355291597545146942138671875" lon="108.93705856986343860626220703125">
        <ele>406.399993896484375</ele>
        <time>2026-02-03T12:11:06.000Z</time>
        <extensions>
          <ns3:TrackPointExtension>
            <ns3:hr>130</ns3:hr>
            <ns3:cad>96</ns3:cad>
          </ns3:TrackPointExtension>
        </extensions>
      </trkpt>
      <trkpt lat="34.23352508805692195892333984375" lon="108.93706418573856353759765625">
        <ele>406.20001220703125</ele>
        <time>2026-02-03T12:11:07.000Z</time>
        <extensions>
          <ns3:TrackPointExtension>
            <ns3:hr>131</ns3:hr>
            <ns3:cad>96</ns3:cad>
          </ns3:TrackPointExtension>
        </extensions>
      </trkpt>
      <trkpt lat="34.2335015349090099334716796875" lon="108.93707198090851306915283203125">
        <ele>406.399993896484375</ele>
        <time>2026-02-03T12:11:08.000Z</time>
        <extensions>
          <ns3:TrackPointExtension>
            <ns3:hr>131</ns3:hr>
            <ns3:cad>96</ns3:cad>
          </ns3:TrackPointExtension>
        </extensions>
      </trkpt>
      <trkpt lat="34.23347127623856067657470703125" lon="108.93708874471485614776611328125">
        <ele>406.399993896484375</ele>
        <time>2026-02-03T12:11:09.000Z</time>
        <extensions>
          <ns3:TrackPointExtension>
            <ns3:hr>131</ns3:hr>
            <ns3:cad>96</ns3:cad>
          </ns3:TrackPointExtension>
        </extensions>
      </trkpt>
      <trkpt lat="34.23344797454774379730224609375" lon="108.93709209747612476348876953125">
        <ele>406.399993896484375</ele>
        <time>2026-02-03T12:11:10.000Z</time>
        <extensions>
          <ns3:TrackPointExtension>
            <ns3:hr>132</ns3:hr>
            <ns3:cad>96</ns3:cad>
          </ns3:TrackPointExtension>
        </extensions>
      </trkpt>
      <trkpt lat="34.2334250919520854949951171875" lon="108.9371144771575927734375">
        <ele>406.399993896484375</ele>
        <time>2026-02-03T12:11:11.000Z</time>
        <extensions>
          <ns3:TrackPointExtension>
            <ns3:hr>132</ns3:hr>
            <ns3:cad>97</ns3:cad>
          </ns3:TrackPointExtension>
        </extensions>
      </trkpt>
      <trkpt lat="34.2334006167948246002197265625" lon="108.9371394552290439605712890625">
        <ele>406.399993896484375</ele>
        <time>2026-02-03T12:11:12.000Z</time>
        <extensions>
          <ns3:TrackPointExtension>
            <ns3:hr>132</ns3:hr>
            <ns3:cad>97</ns3:cad>
          </ns3:TrackPointExtension>
        </extensions>
      </trkpt>
      <trkpt lat="34.2333808355033397674560546875" lon="108.937160074710845947265625">
        <ele>406.399993896484375</ele>
        <time>2026-02-03T12:11:13.000Z</time>
        <extensions>
          <ns3:TrackPointExtension>
            <ns3:hr>132</ns3:hr>
            <ns3:cad>97</ns3:cad>
          </ns3:TrackPointExtension>
        </extensions>
      </trkpt>
      <trkpt lat="34.23336097039282321929931640625" lon="108.93719335086643695831298828125">
        <ele>406.399993896484375</ele>
        <time>2026-02-03T12:11:14.000Z</time>
        <extensions>
          <ns3:TrackPointExtension>
            <ns3:hr>133</ns3:hr>
            <ns3:cad>98</ns3:cad>
          </ns3:TrackPointExtension>
        </extensions>
      </trkpt>
      <trkpt lat="34.23334303312003612518310546875" lon="108.9372169040143489837646484375">
        <ele>406.399993896484375</ele>
        <time>2026-02-03T12:11:15.000Z</time>
        <extensions>
          <ns3:TrackPointExtension>
            <ns3:hr>133</ns3:hr>
            <ns3:cad>97</ns3:cad>
          </ns3:TrackPointExtension>
        </extensions>
      </trkpt>
      <trkpt lat="34.23332802951335906982421875" lon="108.93724615685641765594482421875">
        <ele>406.399993896484375</ele>
        <time>2026-02-03T12:11:16.000Z</time>
        <extensions>
          <ns3:TrackPointExtension>
            <ns3:hr>133</ns3:hr>
            <ns3:cad>97</ns3:cad>
          </ns3:TrackPointExtension>
        </extensions>
      </trkpt>
      <trkpt lat="34.23331285826861858367919921875" lon="108.9372826181352138519287109375">
        <ele>406.399993896484375</ele>
        <time>2026-02-03T12:11:17.000Z</time>
        <extensions>
          <ns3:TrackPointExtension>
            <ns3:hr>133</ns3:hr>
            <ns3:cad>98</ns3:cad>
          </ns3:TrackPointExtension>
        </extensions>
      </trkpt>
      <trkpt lat="34.2333010397851467132568359375" lon="108.9373057521879673004150390625">
        <ele>406.399993896484375</ele>
        <time>2026-02-03T12:11:18.000Z</time>
        <extensions>
          <ns3:TrackPointExtension>
            <ns3:hr>133</ns3:hr>
            <ns3:cad>98</ns3:cad>
          </ns3:TrackPointExtension>
        </extensions>
      </trkpt>
      <trkpt lat="34.233293831348419189453125" lon="108.9373439736664295196533203125">
        <ele>406.399993896484375</ele>
        <time>2026-02-03T12:11:19.000Z</time>
        <extensions>
          <ns3:TrackPointExtension>
            <ns3:hr>133</ns3:hr>
            <ns3:cad>98</ns3:cad>
          </ns3:TrackPointExtension>
        </extensions>
      </trkpt>
      <trkpt lat="34.2332862876355648040771484375" lon="108.93737238831818103790283203125">
        <ele>406.399993896484375</ele>
        <time>2026-02-03T12:11:20.000Z</time>
        <extensions>
          <ns3:TrackPointExtension>
            <ns3:hr>133</ns3:hr>
            <ns3:cad>97</ns3:cad>
          </ns3:TrackPointExtension>
        </extensions>
      </trkpt>
      <trkpt lat="34.23328243196010589599609375" lon="108.93740708939731121063232421875">
        <ele>406.399993896484375</ele>
        <time>2026-02-03T12:11:21.000Z</time>
        <extensions>
          <ns3:TrackPointExtension>
            <ns3:hr>133</ns3:hr>
            <ns3:cad>96</ns3:cad>
          </ns3:TrackPointExtension>
        </extensions>
      </trkpt>
      <trkpt lat="34.23328067176043987274169921875" lon="108.93744681961834430694580078125">
        <ele>406.399993896484375</ele>
        <time>2026-02-03T12:11:22.000Z</time>
        <extensions>
          <ns3:TrackPointExtension>
            <ns3:hr>133</ns3:hr>
            <ns3:cad>96</ns3:cad>
          </ns3:TrackPointExtension>
        </extensions>
      </trkpt>
      <trkpt lat="34.2332779057323932647705078125" lon="108.9374757371842861175537109375">
        <ele>406.20001220703125</ele>
        <time>2026-02-03T12:11:23.000Z</time>
        <extensions>
          <ns3:TrackPointExtension>
            <ns3:hr>133</ns3:hr>
            <ns3:cad>96</ns3:cad>
          </ns3:TrackPointExtension>
        </extensions>
      </trkpt>
      <trkpt lat="34.2332832701504230499267578125" lon="108.93751613795757293701171875">
        <ele>406.20001220703125</ele>
        <time>2026-02-03T12:11:24.000Z</time>
        <extensions>
          <ns3:TrackPointExtension>
            <ns3:hr>133</ns3:hr>
            <ns3:cad>96</ns3:cad>
          </ns3:TrackPointExtension>
        </extensions>
      </trkpt>
      <trkpt lat="34.23328578472137451171875" lon="108.93754824064671993255615234375">
        <ele>406.20001220703125</ele>
        <time>2026-02-03T12:11:25.000Z</time>
        <extensions>
          <ns3:TrackPointExtension>
            <ns3:hr>133</ns3:hr>
            <ns3:cad>96</ns3:cad>
          </ns3:TrackPointExtension>
        </extensions>
      </trkpt>
      <trkpt lat="34.2332978546619415283203125" lon="108.93758428283035755157470703125">
        <ele>406.399993896484375</ele>
        <time>2026-02-03T12:11:26.000Z</time>
        <extensions>
          <ns3:TrackPointExtension>
            <ns3:hr>134</ns3:hr>
            <ns3:cad>96</ns3:cad>
          </ns3:TrackPointExtension>
        </extensions>
      </trkpt>
      <trkpt lat="34.23330229707062244415283203125" lon="108.9376158826053142547607421875">
        <ele>406.399993896484375</ele>
        <time>2026-02-03T12:11:27.000Z</time>
        <extensions>
          <ns3:TrackPointExtension>
            <ns3:hr>134</ns3:hr>
            <ns3:cad>95</ns3:cad>
          </ns3:TrackPointExtension>
        </extensions>
      </trkpt>
      <trkpt lat="34.23331403173506259918212890625" lon="108.9376497454941272735595703125">
        <ele>406.399993896484375</ele>
        <time>2026-02-03T12:11:28.000Z</time>
        <extensions>
          <ns3:TrackPointExtension>
            <ns3:hr>134</ns3:hr>
            <ns3:cad>95</ns3:cad>
          </ns3:TrackPointExtension>
        </extensions>
      </trkpt>
      <trkpt lat="34.2333251796662807464599609375" lon="108.93768117763102054595947265625">
        <ele>406.399993896484375</ele>
        <time>2026-02-03T12:11:29.000Z</time>
        <extensions>
          <ns3:TrackPointExtension>
            <ns3:hr>135</ns3:hr>
            <ns3:cad>95</ns3:cad>
          </ns3:TrackPointExtension>
        </extensions>
      </trkpt>
      <trkpt lat="34.23333582468330860137939453125" lon="108.9377080835402011871337890625">
        <ele>406.399993896484375</ele>
        <time>2026-02-03T12:11:30.000Z</time>
        <extensions>
          <ns3:TrackPointExtension>
            <ns3:hr>135</ns3:hr>
            <ns3:cad>93</ns3:cad>
          </ns3:TrackPointExtension>
        </extensions>
      </trkpt>
      <trkpt lat="34.23335862345993518829345703125" lon="108.937741778790950775146484375">
        <ele>406.399993896484375</ele>
        <time>2026-02-03T12:11:31.000Z</time>
        <extensions>
          <ns3:TrackPointExtension>
            <ns3:hr>135</ns3:hr>
            <ns3:cad>93</ns3:cad>
          </ns3:TrackPointExtension>
        </extensions>
      </trkpt>
      <trkpt lat="34.2333729565143585205078125" lon="108.93776767887175083160400390625">
        <ele>406.20001220703125</ele>
        <time>2026-02-03T12:11:32.000Z</time>
        <extensions>
          <ns3:TrackPointExtension>
            <ns3:hr>135</ns3:hr>
            <ns3:cad>93</ns3:cad>
          </ns3:TrackPointExtension>
        </extensions>
      </trkpt>
      <trkpt lat="34.23340044915676116943359375" lon="108.9377932436764240264892578125">
        <ele>406.20001220703125</ele>
        <time>2026-02-03T12:11:33.000Z</time>
        <extensions>
          <ns3:TrackPointExtension>
            <ns3:hr>135</ns3:hr>
            <ns3:cad>93</ns3:cad>
          </ns3:TrackPointExtension>
        </extensions>
      </trkpt>
      <trkpt lat="34.2334210686385631561279296875" lon="108.93781964667141437530517578125">
        <ele>406.399993896484375</ele>
        <time>2026-02-03T12:11:34.000Z</time>
        <extensions>
          <ns3:TrackPointExtension>
            <ns3:hr>135</ns3:hr>
            <ns3:cad>93</ns3:cad>
          </ns3:TrackPointExtension>
        </extensions>
      </trkpt>
      <trkpt lat="34.23343925736844539642333984375" lon="108.93784060142934322357177734375">
        <ele>406.399993896484375</ele>
        <time>2026-02-03T12:11:35.000Z</time>
        <extensions>
          <ns3:TrackPointExtension>
            <ns3:hr>135</ns3:hr>
            <ns3:cad>94</ns3:cad>
          </ns3:TrackPointExtension>
        </extensions>
      </trkpt>
      <trkpt lat="34.23346607945859432220458984375" lon="108.9378599636256694793701171875">
        <ele>406.399993896484375</ele>
        <time>2026-02-03T12:11:36.000Z</time>
        <extensions>
          <ns3:TrackPointExtension>
            <ns3:hr>135</ns3:hr>
            <ns3:cad>95</ns3:cad>
          </ns3:TrackPointExtension>
        </extensions>
      </trkpt>
      <trkpt lat="34.23348854295909404754638671875" lon="108.93787748180329799652099609375">
        <ele>406.399993896484375</ele>
        <time>2026-02-03T12:11:37.000Z</time>
        <extensions>
          <ns3:TrackPointExtension>
            <ns3:hr>134</ns3:hr>
            <ns3:cad>95</ns3:cad>
          </ns3:TrackPointExtension>
        </extensions>
      </trkpt>
      <trkpt lat="34.233520813286304473876953125" lon="108.93788821063935756683349609375">
        <ele>406.399993896484375</ele>
        <time>2026-02-03T12:11:38.000Z</time>
        <extensions>
          <ns3:TrackPointExtension>
            <ns3:hr>135</ns3:hr>
            <ns3:cad>95</ns3:cad>
          </ns3:TrackPointExtension>
        </extensions>
      </trkpt>
      <trkpt lat="34.2335451208055019378662109375" lon="108.93789927475154399871826171875">
        <ele>406.399993896484375</ele>
        <time>2026-02-03T12:11:39.000Z</time>
        <extensions>
          <ns3:TrackPointExtension>
            <ns3:hr>135</ns3:hr>
            <ns3:cad>96</ns3:cad>
          </ns3:TrackPointExtension>
        </extensions>
      </trkpt>
      <trkpt lat="34.233572445809841156005859375" lon="108.93790363334119319915771484375">
        <ele>406.399993896484375</ele>
        <time>2026-02-03T12:11:40.000Z</time>
        <extensions>
          <ns3:TrackPointExtension>
            <ns3:hr>134</ns3:hr>
            <ns3:cad>97</ns3:cad>
          </ns3:TrackPointExtension>
        </extensions>
      </trkpt>
      <trkpt lat="34.23360220156610012054443359375" lon="108.93790648318827152252197265625">
        <ele>406.399993896484375</ele>
        <time>2026-02-03T12:11:41.000Z</time>
        <extensions>
          <ns3:TrackPointExtension>
            <ns3:hr>134</ns3:hr>
            <ns3:cad>97</ns3:cad>
          </ns3:TrackPointExtension>
        </extensions>
      </trkpt>
      <trkpt lat="34.233626425266265869140625" lon="108.93791100941598415374755859375">
        <ele>406.399993896484375</ele>
        <time>2026-02-03T12:11:42.000Z</time>
        <extensions>
          <ns3:TrackPointExtension>
            <ns3:hr>134</ns3:hr>
            <ns3:cad>95</ns3:cad>
          </ns3:TrackPointExtension>
        </extensions>
      </trkpt>
      <trkpt lat="34.23365953378379344940185546875" lon="108.93790765665471553802490234375">
        <ele>406.399993896484375</ele>
        <time>2026-02-03T12:11:43.000Z</time>
        <extensions>
          <ns3:TrackPointExtension>
            <ns3:hr>134</ns3:hr>
            <ns3:cad>95</ns3:cad>
          </ns3:TrackPointExtension>
        </extensions>
      </trkpt>
      <trkpt lat="34.2336867749691009521484375" lon="108.93791419453918933868408203125">
        <ele>406.399993896484375</ele>
        <time>2026-02-03T12:11:44.000Z</time>
        <extensions>
          <ns3:TrackPointExtension>
            <ns3:hr>134</ns3:hr>
            <ns3:cad>95</ns3:cad>
          </ns3:TrackPointExtension>
        </extensions>
      </trkpt>
      <trkpt lat="34.2337140999734401702880859375" lon="108.9379079081118106842041015625">
        <ele>406.399993896484375</ele>
        <time>2026-02-03T12:11:45.000Z</time>
        <extensions>
          <ns3:TrackPointExtension>
            <ns3:hr>134</ns3:hr>
            <ns3:cad>95</ns3:cad>
          </ns3:TrackPointExtension>
        </extensions>
      </trkpt>
      <trkpt lat="34.23374176025390625" lon="108.93790681846439838409423828125">
        <ele>406.399993896484375</ele>
        <time>2026-02-03T12:11:46.000Z</time>
        <extensions>
          <ns3:TrackPointExtension>
            <ns3:hr>133</ns3:hr>
            <ns3:cad>96</ns3:cad>
          </ns3:TrackPointExtension>
        </extensions>
      </trkpt>
      <trkpt lat="34.23376380465924739837646484375" lon="108.93791042268276214599609375">
        <ele>406.399993896484375</ele>
        <time>2026-02-03T12:11:47.000Z</time>
        <extensions>
          <ns3:TrackPointExtension>
            <ns3:hr>133</ns3:hr>
            <ns3:cad>96</ns3:cad>
          </ns3:TrackPointExtension>
        </extensions>
      </trkpt>
      <trkpt lat="34.2337975837290287017822265625" lon="108.93790799193084239959716796875">
        <ele>406.399993896484375</ele>
        <time>2026-02-03T12:11:48.000Z</time>
        <extensions>
          <ns3:TrackPointExtension>
            <ns3:hr>133</ns3:hr>
            <ns3:cad>96</ns3:cad>
          </ns3:TrackPointExtension>
        </extensions>
      </trkpt>
      <trkpt lat="34.23382331617176532745361328125" lon="108.93790983594954013824462890625">
        <ele>406.399993896484375</ele>
        <time>2026-02-03T12:11:49.000Z</time>
        <extensions>
          <ns3:TrackPointExtension>
            <ns3:hr>132</ns3:hr>
            <ns3:cad>96</ns3:cad>
          </ns3:TrackPointExtension>
        </extensions>
      </trkpt>
      <trkpt lat="34.23384963534772396087646484375" lon="108.93790966831147670745849609375">
        <ele>406.399993896484375</ele>
        <time>2026-02-03T12:11:50.000Z</time>
        <extensions>
          <ns3:TrackPointExtension>
            <ns3:hr>132</ns3:hr>
            <ns3:cad>96</ns3:cad>
          </ns3:TrackPointExtension>
        </extensions>
      </trkpt>
      <trkpt lat="34.23388232477009296417236328125" lon="108.9379072375595569610595703125">
        <ele>406.399993896484375</ele>
        <time>2026-02-03T12:11:51.000Z</time>
        <extensions>
          <ns3:TrackPointExtension>
            <ns3:hr>132</ns3:hr>
            <ns3:cad>95</ns3:cad>
          </ns3:TrackPointExtension>
        </extensions>
      </trkpt>
      <trkpt lat="34.233906380832195281982421875" lon="108.9379089139401912689208984375">
        <ele>406.399993896484375</ele>
        <time>2026-02-03T12:11:52.000Z</time>
        <extensions>
          <ns3:TrackPointExtension>
            <ns3:hr>130</ns3:hr>
            <ns3:cad>95</ns3:cad>
          </ns3:TrackPointExtension>
        </extensions>
      </trkpt>
      <trkpt lat="34.2339360527694225311279296875" lon="108.9379028789699077606201171875">
        <ele>406.399993896484375</ele>
        <time>2026-02-03T12:11:53.000Z</time>
        <extensions>
          <ns3:TrackPointExtension>
            <ns3:hr>129</ns3:hr>
            <ns3:cad>97</ns3:cad>
          </ns3:TrackPointExtension>
        </extensions>
      </trkpt>
      <trkpt lat="34.23396446742117404937744140625" lon="108.93790279515087604522705078125">
        <ele>406.399993896484375</ele>
        <time>2026-02-03T12:11:54.000Z</time>
        <extensions>
          <ns3:TrackPointExtension>
            <ns3:hr>129</ns3:hr>
            <ns3:cad>97</ns3:cad>
          </ns3:TrackPointExtension>
        </extensions>
      </trkpt>
      <trkpt lat="34.2339903675019741058349609375" lon="108.937908075749874114990234375">
        <ele>406.399993896484375</ele>
        <time>2026-02-03T12:11:55.000Z</time>
        <extensions>
          <ns3:TrackPointExtension>
            <ns3:hr>129</ns3:hr>
            <ns3:cad>97</ns3:cad>
          </ns3:TrackPointExtension>
        </extensions>
      </trkpt>
      <trkpt lat="34.23402247019112110137939453125" lon="108.93790279515087604522705078125">
        <ele>406.399993896484375</ele>
        <time>2026-02-03T12:11:56.000Z</time>
        <extensions>
          <ns3:TrackPointExtension>
            <ns3:hr>130</ns3:hr>
            <ns3:cad>97</ns3:cad>
          </ns3:TrackPointExtension>
        </extensions>
      </trkpt>
      <trkpt lat="34.23405465669929981231689453125" lon="108.9379012025892734527587890625">
        <ele>406.399993896484375</ele>
        <time>2026-02-03T12:11:57.000Z</time>
        <extensions>
          <ns3:TrackPointExtension>
            <ns3:hr>129</ns3:hr>
            <ns3:cad>97</ns3:cad>
          </ns3:TrackPointExtension>
        </extensions>
      </trkpt>
      <trkpt lat="34.234079383313655853271484375" lon="108.93790774047374725341796875">
        <ele>406.399993896484375</ele>
        <time>2026-02-03T12:11:58.000Z</time>
        <extensions>
          <ns3:TrackPointExtension>
            <ns3:hr>129</ns3:hr>
            <ns3:cad>97</ns3:cad>
          </ns3:TrackPointExtension>
        </extensions>
      </trkpt>
      <trkpt lat="34.2341063730418682098388671875" lon="108.9379022084176540374755859375">
        <ele>406.399993896484375</ele>
        <time>2026-02-03T12:11:59.000Z</time>
        <extensions>
          <ns3:TrackPointExtension>
            <ns3:hr>129</ns3:hr>
            <ns3:cad>98</ns3:cad>
          </ns3:TrackPointExtension>
        </extensions>
      </trkpt>
      <trkpt lat="34.23413269221782684326171875" lon="108.93790547735989093780517578125">
        <ele>406.399993896484375</ele>
        <time>2026-02-03T12:12:00.000Z</time>
        <extensions>
          <ns3:TrackPointExtension>
            <ns3:hr>128</ns3:hr>
            <ns3:cad>98</ns3:cad>
          </ns3:TrackPointExtension>
        </extensions>
      </trkpt>
      <trkpt lat="34.23416261561214923858642578125" lon="108.93790128640830516815185546875">
        <ele>406.399993896484375</ele>
        <time>2026-02-03T12:12:01.000Z</time>
        <extensions>
          <ns3:TrackPointExtension>
            <ns3:hr>129</ns3:hr>
            <ns3:cad>98</ns3:cad>
          </ns3:TrackPointExtension>
        </extensions>
      </trkpt>
      <trkpt lat="34.23419614322483539581298828125" lon="108.937900364398956298828125">
        <ele>406.399993896484375</ele>
        <time>2026-02-03T12:12:02.000Z</time>
        <extensions>
          <ns3:TrackPointExtension>
            <ns3:hr>129</ns3:hr>
            <ns3:cad>98</ns3:cad>
          </ns3:TrackPointExtension>
        </extensions>
      </trkpt>
      <trkpt lat="34.23421894200146198272705078125" lon="108.937908075749874114990234375">
        <ele>406.399993896484375</ele>
        <time>2026-02-03T12:12:03.000Z</time>
        <extensions>
          <ns3:TrackPointExtension>
            <ns3:hr>129</ns3:hr>
            <ns3:cad>98</ns3:cad>
          </ns3:TrackPointExtension>
        </extensions>
      </trkpt>
      <trkpt lat="34.23425062559545040130615234375" lon="108.937902040779590606689453125">
        <ele>406.399993896484375</ele>
        <time>2026-02-03T12:12:04.000Z</time>
        <extensions>
          <ns3:TrackPointExtension>
            <ns3:hr>129</ns3:hr>
            <ns3:cad>98</ns3:cad>
          </ns3:TrackPointExtension>
        </extensions>
      </trkpt>
      <trkpt lat="34.23427962698042392730712890625" lon="108.93790296278893947601318359375">
        <ele>406.399993896484375</ele>
        <time>2026-02-03T12:12:05.000Z</time>
        <extensions>
          <ns3:TrackPointExtension>
            <ns3:hr>129</ns3:hr>
            <ns3:cad>98</ns3:cad>
          </ns3:TrackPointExtension>
        </extensions>
      </trkpt>
      <trkpt lat="34.23430628143250942230224609375" lon="108.93789776600897312164306640625">
        <ele>406.399993896484375</ele>
        <time>2026-02-03T12:12:06.000Z</time>
        <extensions>
          <ns3:TrackPointExtension>
            <ns3:hr>129</ns3:hr>
            <ns3:cad>98</ns3:cad>
          </ns3:TrackPointExtension>
        </extensions>
      </trkpt>
      <trkpt lat="34.23433679156005382537841796875" lon="108.9378968439996242523193359375">
        <ele>406.399993896484375</ele>
        <time>2026-02-03T12:12:07.000Z</time>
        <extensions>
          <ns3:TrackPointExtension>
            <ns3:hr>128</ns3:hr>
            <ns3:cad>98</ns3:cad>
          </ns3:TrackPointExtension>
        </extensions>
      </trkpt>
      <trkpt lat="34.23436428420245647430419921875" lon="108.93789642490446567535400390625">
        <ele>406.399993896484375</ele>
        <time>2026-02-03T12:12:08.000Z</time>
        <extensions>
          <ns3:TrackPointExtension>
            <ns3:hr>129</ns3:hr>
            <ns3:cad>98</ns3:cad>
          </ns3:TrackPointExtension>
        </extensions>
      </trkpt>
      <trkpt lat="34.234399236738681793212890625" lon="108.9378898032009601593017578125">
        <ele>406.399993896484375</ele>
        <time>2026-02-03T12:12:09.000Z</time>
        <extensions>
          <ns3:TrackPointExtension>
            <ns3:hr>129</ns3:hr>
            <ns3:cad>98</ns3:cad>
          </ns3:TrackPointExtension>
        </extensions>
      </trkpt>
      <trkpt lat="34.234426058828830718994140625" lon="108.937891311943531036376953125">
        <ele>406.399993896484375</ele>
        <time>2026-02-03T12:12:10.000Z</time>
        <extensions>
          <ns3:TrackPointExtension>
            <ns3:hr>129</ns3:hr>
            <ns3:cad>98</ns3:cad>
          </ns3:TrackPointExtension>
        </extensions>
      </trkpt>
      <trkpt lat="34.23445883207023143768310546875" lon="108.93789038993418216705322265625">
        <ele>406.399993896484375</ele>
        <time>2026-02-03T12:12:11.000Z</time>
        <extensions>
          <ns3:TrackPointExtension>
            <ns3:hr>130</ns3:hr>
            <ns3:cad>97</ns3:cad>
          </ns3:TrackPointExtension>
        </extensions>
      </trkpt>
      <trkpt lat="34.234487749636173248291015625" lon="108.93788418732583522796630859375">
        <ele>406.399993896484375</ele>
        <time>2026-02-03T12:12:12.000Z</time>
        <extensions>
          <ns3:TrackPointExtension>
            <ns3:hr>131</ns3:hr>
            <ns3:cad>96</ns3:cad>
          </ns3:TrackPointExtension>
        </extensions>
      </trkpt>
      <trkpt lat="34.23451247625052928924560546875" lon="108.9378817565739154815673828125">
        <ele>406.399993896484375</ele>
        <time>2026-02-03T12:12:13.000Z</time>
        <extensions>
          <ns3:TrackPointExtension>
            <ns3:hr>131</ns3:hr>
            <ns3:cad>96</ns3:cad>
          </ns3:TrackPointExtension>
        </extensions>
      </trkpt>
      <trkpt lat="34.23454114235937595367431640625" lon="108.9378673397004604339599609375">
        <ele>406.399993896484375</ele>
        <time>2026-02-03T12:12:14.000Z</time>
        <extensions>
          <ns3:TrackPointExtension>
            <ns3:hr>132</ns3:hr>
            <ns3:cad>95</ns3:cad>
          </ns3:TrackPointExtension>
        </extensions>
      </trkpt>
      <trkpt lat="34.23456628806889057159423828125" lon="108.93785702995955944061279296875">
        <ele>406.399993896484375</ele>
        <time>2026-02-03T12:12:15.000Z</time>
        <extensions>
          <ns3:TrackPointExtension>
            <ns3:hr>132</ns3:hr>
            <ns3:cad>95</ns3:cad>
          </ns3:TrackPointExtension>
        </extensions>
      </trkpt>
      <trkpt lat="34.2345878295600414276123046875" lon="108.9378421939909458160400390625">
        <ele>406.399993896484375</ele>
        <time>2026-02-03T12:12:16.000Z</time>
        <extensions>
          <ns3:TrackPointExtension>
            <ns3:hr>133</ns3:hr>
            <ns3:cad>95</ns3:cad>
          </ns3:TrackPointExtension>
        </extensions>
      </trkpt>
      <trkpt lat="34.23461037687957286834716796875" lon="108.9378187246620655059814453125">
        <ele>406.399993896484375</ele>
        <time>2026-02-03T12:12:17.000Z</time>
        <extensions>
          <ns3:TrackPointExtension>
            <ns3:hr>134</ns3:hr>
            <ns3:cad>96</ns3:cad>
          </ns3:TrackPointExtension>
        </extensions>
      </trkpt>
      <trkpt lat="34.2346287332475185394287109375" lon="108.93780288286507129669189453125">
        <ele>406.399993896484375</ele>
        <time>2026-02-03T12:12:18.000Z</time>
        <extensions>
          <ns3:TrackPointExtension>
            <ns3:hr>134</ns3:hr>
            <ns3:cad>97</ns3:cad>
          </ns3:TrackPointExtension>
        </extensions>
      </trkpt>
      <trkpt lat="34.23465035855770111083984375" lon="108.9377754740417003631591796875">
        <ele>406.399993896484375</ele>
        <time>2026-02-03T12:12:19.000Z</time>
        <extensions>
          <ns3:TrackPointExtension>
            <ns3:hr>134</ns3:hr>
            <ns3:cad>97</ns3:cad>
          </ns3:TrackPointExtension>
        </extensions>
      </trkpt>
      <trkpt lat="34.2346729896962642669677734375" lon="108.9377499930560588836669921875">
        <ele>406.399993896484375</ele>
        <time>2026-02-03T12:12:20.000Z</time>
        <extensions>
          <ns3:TrackPointExtension>
            <ns3:hr>135</ns3:hr>
            <ns3:cad>97</ns3:cad>
          </ns3:TrackPointExtension>
        </extensions>
      </trkpt>
      <trkpt lat="34.234694279730319976806640625" lon="108.93773096613585948944091796875">
        <ele>406.399993896484375</ele>
        <time>2026-02-03T12:12:21.000Z</time>
        <extensions>
          <ns3:TrackPointExtension>
            <ns3:hr>135</ns3:hr>
            <ns3:cad>98</ns3:cad>
          </ns3:TrackPointExtension>
        </extensions>
      </trkpt>
      <trkpt lat="34.23471213318407535552978515625" lon="108.937697522342205047607421875">
        <ele>406.399993896484375</ele>
        <time>2026-02-03T12:12:22.000Z</time>
        <extensions>
          <ns3:TrackPointExtension>
            <ns3:hr>135</ns3:hr>
            <ns3:cad>98</ns3:cad>
          </ns3:TrackPointExtension>
        </extensions>
      </trkpt>
      <trkpt lat="34.2347273044288158416748046875" lon="108.9376675151288509368896484375">
        <ele>406.399993896484375</ele>
        <time>2026-02-03T12:12:23.000Z</time>
        <extensions>
          <ns3:TrackPointExtension>
            <ns3:hr>135</ns3:hr>
            <ns3:cad>98</ns3:cad>
          </ns3:TrackPointExtension>
        </extensions>
      </trkpt>
      <trkpt lat="34.23474214039742946624755859375" lon="108.9376430399715900421142578125">
        <ele>406.399993896484375</ele>
        <time>2026-02-03T12:12:24.000Z</time>
        <extensions>
          <ns3:TrackPointExtension>
            <ns3:hr>134</ns3:hr>
            <ns3:cad>98</ns3:cad>
          </ns3:TrackPointExtension>
        </extensions>
      </trkpt>
      <trkpt lat="34.2347467504441738128662109375" lon="108.93760289065539836883544921875">
        <ele>406.399993896484375</ele>
        <time>2026-02-03T12:12:25.000Z</time>
        <extensions>
          <ns3:TrackPointExtension>
            <ns3:hr>135</ns3:hr>
            <ns3:cad>97</ns3:cad>
          </ns3:TrackPointExtension>
        </extensions>
      </trkpt>
      <trkpt lat="34.23475555144250392913818359375" lon="108.93757707439363002777099609375">
        <ele>406.399993896484375</ele>
        <time>2026-02-03T12:12:26.000Z</time>
        <extensions>
          <ns3:TrackPointExtension>
            <ns3:hr>134</ns3:hr>
            <ns3:cad>97</ns3:cad>
          </ns3:TrackPointExtension>
        </extensions>
      </trkpt>
      <trkpt lat="34.23475722782313823699951171875" lon="108.9375404454767704010009765625">
        <ele>406.399993896484375</ele>
        <time>2026-02-03T12:12:27.000Z</time>
        <extensions>
          <ns3:TrackPointExtension>
            <ns3:hr>134</ns3:hr>
            <ns3:cad>97</ns3:cad>
          </ns3:TrackPointExtension>
        </extensions>
      </trkpt>
      <trkpt lat="34.2347574792802333831787109375" lon="108.9375047385692596435546875">
        <ele>406.399993896484375</ele>
        <time>2026-02-03T12:12:28.000Z</time>
        <extensions>
          <ns3:TrackPointExtension>
            <ns3:hr>134</ns3:hr>
            <ns3:cad>97</ns3:cad>
          </ns3:TrackPointExtension>
        </extensions>
      </trkpt>
      <trkpt lat="34.23476041294634342193603515625" lon="108.93747397698462009429931640625">
        <ele>406.399993896484375</ele>
        <time>2026-02-03T12:12:29.000Z</time>
        <extensions>
          <ns3:TrackPointExtension>
            <ns3:hr>133</ns3:hr>
            <ns3:cad>97</ns3:cad>
          </ns3:TrackPointExtension>
        </extensions>
      </trkpt>
      <trkpt lat="34.23475320450961589813232421875" lon="108.93743357621133327484130859375">
        <ele>406.600006103515625</ele>
        <time>2026-02-03T12:12:30.000Z</time>
        <extensions>
          <ns3:TrackPointExtension>
            <ns3:hr>133</ns3:hr>
            <ns3:cad>96</ns3:cad>
          </ns3:TrackPointExtension>
        </extensions>
      </trkpt>
      <trkpt lat="34.23475454561412334442138671875" lon="108.93740340135991573333740234375">
        <ele>406.600006103515625</ele>
        <time>2026-02-03T12:12:31.000Z</time>
        <extensions>
          <ns3:TrackPointExtension>
            <ns3:hr>133</ns3:hr>
            <ns3:cad>95</ns3:cad>
          </ns3:TrackPointExtension>
        </extensions>
      </trkpt>
      <trkpt lat="34.2347470857203006744384765625" lon="108.9373744837939739227294921875">
        <ele>406.600006103515625</ele>
        <time>2026-02-03T12:12:32.000Z</time>
        <extensions>
          <ns3:TrackPointExtension>
            <ns3:hr>133</ns3:hr>
            <ns3:cad>95</ns3:cad>
          </ns3:TrackPointExtension>
        </extensions>
      </trkpt>
      <trkpt lat="34.234736524522304534912109375" lon="108.9373389445245265960693359375">
        <ele>406.600006103515625</ele>
        <time>2026-02-03T12:12:33.000Z</time>
        <extensions>
          <ns3:TrackPointExtension>
            <ns3:hr>133</ns3:hr>
            <ns3:cad>98</ns3:cad>
          </ns3:TrackPointExtension>
        </extensions>
      </trkpt>
      <trkpt lat="34.2347299866378307342529296875" lon="108.93731304444372653961181640625">
        <ele>406.600006103515625</ele>
        <time>2026-02-03T12:12:34.000Z</time>
        <extensions>
          <ns3:TrackPointExtension>
            <ns3:hr>133</ns3:hr>
            <ns3:cad>98</ns3:cad>
          </ns3:TrackPointExtension>
        </extensions>
      </trkpt>
      <trkpt lat="34.2347122170031070709228515625" lon="108.9372799359261989593505859375">
        <ele>406.399993896484375</ele>
        <time>2026-02-03T12:12:35.000Z</time>
        <extensions>
          <ns3:TrackPointExtension>
            <ns3:hr>133</ns3:hr>
            <ns3:cad>98</ns3:cad>
          </ns3:TrackPointExtension>
        </extensions>
      </trkpt>
      <trkpt lat="34.234703667461872100830078125" lon="108.93725889734923839569091796875">
        <ele>406.399993896484375</ele>
        <time>2026-02-03T12:12:36.000Z</time>
        <extensions>
          <ns3:TrackPointExtension>
            <ns3:hr>132</ns3:hr>
            <ns3:cad>98</ns3:cad>
          </ns3:TrackPointExtension>
        </extensions>
      </trkpt>
      <trkpt lat="34.234683550894260406494140625" lon="108.937234170734882354736328125">
        <ele>406.399993896484375</ele>
        <time>2026-02-03T12:12:37.000Z</time>
        <extensions>
          <ns3:TrackPointExtension>
            <ns3:hr>132</ns3:hr>
            <ns3:cad>98</ns3:cad>
          </ns3:TrackPointExtension>
        </extensions>
      </trkpt>
      <trkpt lat="34.234671480953693389892578125" lon="108.93721095286309719085693359375">
        <ele>406.399993896484375</ele>
        <time>2026-02-03T12:12:38.000Z</time>
        <extensions>
          <ns3:TrackPointExtension>
            <ns3:hr>132</ns3:hr>
            <ns3:cad>95</ns3:cad>
          </ns3:TrackPointExtension>
        </extensions>
      </trkpt>
      <trkpt lat="34.2346537113189697265625" lon="108.93719737417995929718017578125">
        <ele>406.600006103515625</ele>
        <time>2026-02-03T12:12:39.000Z</time>
        <extensions>
          <ns3:TrackPointExtension>
            <ns3:hr>132</ns3:hr>
            <ns3:cad>95</ns3:cad>
          </ns3:TrackPointExtension>
        </extensions>
      </trkpt>
    </trkseg>
  </trk>
</gpx>
