<gpx xmlns:ns3="http://www.garmin.com/xmlschemas/TrackPointExtension/v1" xmlns="http://www.topografix.com/GPX/1/1" xmlns:xsi="http://www.w3.org/2001/XMLSchema-instance" xmlns:ns2="http://www.garmin.com/xmlschemas/GpxExtensions/v3" creator="Garmin Connect" version="1.1" xsi:schemaLocation="http://www.topografix.com/GPX/1/1 http://www.topografix.com/GPX/11.xsd">
  <extensions>
<distance>4266.15</distance>
<average_hr>157.0</average_hr>
<average_speed>3.7260000705719</average_speed>
<start_time>2026-03-10T12:11:07+00:00</start_time>
<end_time>2026-03-10T12:30:11.879000+00:00</end_time>
<moving_time>1135.977</moving_time>
<elapsed_time>1144.879</elapsed_time>
</extensions>
<metadata>
    <link href="connect.garmin.com">
      <text>Garmin Connect</text>
    </link>
    <time>2026-03-10T12:11:07.000Z</time>
  </metadata>
  <trk>
    <name>西安市 跑步</name>
    <type>running</type>
    <trkseg>
      <trkpt lat="34.23490709625184535980224609375" lon="108.9372568018734455108642578125">
        <ele>406.20001220703125</ele>
        <time>2026-03-10T12:11:12.000Z</time>
        <extensions>
          <ns3:TrackPointExtension>
            <ns3:hr>86</ns3:hr>
            <ns3:cad>0</ns3:cad>
          </ns3:TrackPointExtension>
        </extensions>
      </trkpt>
      <trkpt lat="34.23475337214767932891845703125" lon="108.9371853880584239959716796875">
        <ele>406.20001220703125</ele>
        <time>2026-03-10T12:11:13.000Z</time>
        <extensions>
          <ns3:TrackPointExtension>
            <ns3:hr>87</ns3:hr>
            <ns3:cad>0</ns3:cad>
          </ns3:TrackPointExtension>
        </extensions>
      </trkpt>
      <trkpt lat="34.234690926969051361083984375" lon="108.93715429119765758514404296875">
        <ele>406.399993896484375</ele>
        <time>2026-03-10T12:11:14.000Z</time>
        <extensions>
          <ns3:TrackPointExtension>
            <ns3:hr>88</ns3:hr>
            <ns3:cad>0</ns3:cad>
          </ns3:TrackPointExtension>
        </extensions>
      </trkpt>
      <trkpt lat="34.23461951315402984619140625" lon="108.937154710292816162109375">
        <ele>406.399993896484375</ele>
        <time>2026-03-10T12:11:15.000Z</time>
        <extensions>
          <ns3:TrackPointExtension>
            <ns3:hr>89</ns3:hr>
            <ns3:cad>97</ns3:cad>
          </ns3:TrackPointExtension>
        </extensions>
      </trkpt>
      <trkpt lat="34.23455723561346530914306640625" lon="108.93716367892920970916748046875">
        <ele>406.399993896484375</ele>
        <time>2026-03-10T12:11:16.000Z</time>
        <extensions>
          <ns3:TrackPointExtension>
            <ns3:hr>90</ns3:hr>
            <ns3:cad>97</ns3:cad>
          </ns3:TrackPointExtension>
        </extensions>
      </trkpt>
      <trkpt lat="34.23451985232532024383544921875" lon="108.937122188508510589599609375">
        <ele>406.399993896484375</ele>
        <time>2026-03-10T12:11:17.000Z</time>
        <extensions>
          <ns3:TrackPointExtension>
            <ns3:hr>93</ns3:hr>
            <ns3:cad>97</ns3:cad>
          </ns3:TrackPointExtension>
        </extensions>
      </trkpt>
      <trkpt lat="34.23447333276271820068359375" lon="108.93711640499532222747802734375">
        <ele>406.399993896484375</ele>
        <time>2026-03-10T12:11:18.000Z</time>
        <extensions>
          <ns3:TrackPointExtension>
            <ns3:hr>95</ns3:hr>
            <ns3:cad>97</ns3:cad>
          </ns3:TrackPointExtension>
        </extensions>
      </trkpt>
      <trkpt lat="34.2344270646572113037109375" lon="108.937108106911182403564453125">
        <ele>406.399993896484375</ele>
        <time>2026-03-10T12:11:19.000Z</time>
        <extensions>
          <ns3:TrackPointExtension>
            <ns3:hr>97</ns3:hr>
            <ns3:cad>101</ns3:cad>
          </ns3:TrackPointExtension>
        </extensions>
      </trkpt>
      <trkpt lat="34.2343930341303348541259765625" lon="108.937090002000331878662109375">
        <ele>406.399993896484375</ele>
        <time>2026-03-10T12:11:20.000Z</time>
        <extensions>
          <ns3:TrackPointExtension>
            <ns3:hr>99</ns3:hr>
            <ns3:cad>101</ns3:cad>
          </ns3:TrackPointExtension>
        </extensions>
      </trkpt>
      <trkpt lat="34.2343434132635593414306640625" lon="108.93708824180066585540771484375">
        <ele>406.399993896484375</ele>
        <time>2026-03-10T12:11:21.000Z</time>
        <extensions>
          <ns3:TrackPointExtension>
            <ns3:hr>101</ns3:hr>
            <ns3:cad>101</ns3:cad>
          </ns3:TrackPointExtension>
        </extensions>
      </trkpt>
      <trkpt lat="34.23427526839077472686767578125" lon="108.937069885432720184326171875">
        <ele>406.399993896484375</ele>
        <time>2026-03-10T12:11:22.000Z</time>
        <extensions>
          <ns3:TrackPointExtension>
            <ns3:hr>103</ns3:hr>
            <ns3:cad>101</ns3:cad>
          </ns3:TrackPointExtension>
        </extensions>
      </trkpt>
      <trkpt lat="34.23424140550196170806884765625" lon="108.937061838805675506591796875">
        <ele>406.399993896484375</ele>
        <time>2026-03-10T12:11:23.000Z</time>
        <extensions>
          <ns3:TrackPointExtension>
            <ns3:hr>104</ns3:hr>
            <ns3:cad>101</ns3:cad>
          </ns3:TrackPointExtension>
        </extensions>
      </trkpt>
      <trkpt lat="34.234213493764400482177734375" lon="108.93705270253121852874755859375">
        <ele>406.399993896484375</ele>
        <time>2026-03-10T12:11:24.000Z</time>
        <extensions>
          <ns3:TrackPointExtension>
            <ns3:hr>106</ns3:hr>
            <ns3:cad>99</ns3:cad>
          </ns3:TrackPointExtension>
        </extensions>
      </trkpt>
      <trkpt lat="34.23417367972433567047119140625" lon="108.93705488182604312896728515625">
        <ele>406.399993896484375</ele>
        <time>2026-03-10T12:11:25.000Z</time>
        <extensions>
          <ns3:TrackPointExtension>
            <ns3:hr>107</ns3:hr>
            <ns3:cad>99</ns3:cad>
          </ns3:TrackPointExtension>
        </extensions>
      </trkpt>
      <trkpt lat="34.23414752818644046783447265625" lon="108.93705203197896480560302734375">
        <ele>406.399993896484375</ele>
        <time>2026-03-10T12:11:26.000Z</time>
        <extensions>
          <ns3:TrackPointExtension>
            <ns3:hr>108</ns3:hr>
            <ns3:cad>99</ns3:cad>
          </ns3:TrackPointExtension>
        </extensions>
      </trkpt>
      <trkpt lat="34.23411349765956401824951171875" lon="108.93704406917095184326171875">
        <ele>406.399993896484375</ele>
        <time>2026-03-10T12:11:27.000Z</time>
        <extensions>
          <ns3:TrackPointExtension>
            <ns3:hr>109</ns3:hr>
            <ns3:cad>99</ns3:cad>
          </ns3:TrackPointExtension>
        </extensions>
      </trkpt>
      <trkpt lat="34.234076030552387237548828125" lon="108.937045074999332427978515625">
        <ele>406.600006103515625</ele>
        <time>2026-03-10T12:11:28.000Z</time>
        <extensions>
          <ns3:TrackPointExtension>
            <ns3:hr>110</ns3:hr>
            <ns3:cad>100</ns3:cad>
          </ns3:TrackPointExtension>
        </extensions>
      </trkpt>
      <trkpt lat="34.2340523935854434967041015625" lon="108.9370304904878139495849609375">
        <ele>406.399993896484375</ele>
        <time>2026-03-10T12:11:29.000Z</time>
        <extensions>
          <ns3:TrackPointExtension>
            <ns3:hr>110</ns3:hr>
            <ns3:cad>100</ns3:cad>
          </ns3:TrackPointExtension>
        </extensions>
      </trkpt>
      <trkpt lat="34.23401609994471073150634765625" lon="108.9370345138013362884521484375">
        <ele>406.399993896484375</ele>
        <time>2026-03-10T12:11:30.000Z</time>
        <extensions>
          <ns3:TrackPointExtension>
            <ns3:hr>112</ns3:hr>
            <ns3:cad>99</ns3:cad>
          </ns3:TrackPointExtension>
        </extensions>
      </trkpt>
      <trkpt lat="34.233985841274261474609375" lon="108.93703996203839778900146484375">
        <ele>406.399993896484375</ele>
        <time>2026-03-10T12:11:31.000Z</time>
        <extensions>
          <ns3:TrackPointExtension>
            <ns3:hr>113</ns3:hr>
            <ns3:cad>98</ns3:cad>
          </ns3:TrackPointExtension>
        </extensions>
      </trkpt>
      <trkpt lat="34.233964048326015472412109375" lon="108.93703359179198741912841796875">
        <ele>406.399993896484375</ele>
        <time>2026-03-10T12:11:32.000Z</time>
        <extensions>
          <ns3:TrackPointExtension>
            <ns3:hr>115</ns3:hr>
            <ns3:cad>98</ns3:cad>
          </ns3:TrackPointExtension>
        </extensions>
      </trkpt>
      <trkpt lat="34.23392674885690212249755859375" lon="108.937039040029048919677734375">
        <ele>406.399993896484375</ele>
        <time>2026-03-10T12:11:33.000Z</time>
        <extensions>
          <ns3:TrackPointExtension>
            <ns3:hr>116</ns3:hr>
            <ns3:cad>98</ns3:cad>
          </ns3:TrackPointExtension>
        </extensions>
      </trkpt>
      <trkpt lat="34.23389925621449947357177734375" lon="108.93703442998230457305908203125">
        <ele>406.600006103515625</ele>
        <time>2026-03-10T12:11:34.000Z</time>
        <extensions>
          <ns3:TrackPointExtension>
            <ns3:hr>117</ns3:hr>
            <ns3:cad>97</ns3:cad>
          </ns3:TrackPointExtension>
        </extensions>
      </trkpt>
      <trkpt lat="34.23386841081082820892333984375" lon="108.9370361901819705963134765625">
        <ele>406.600006103515625</ele>
        <time>2026-03-10T12:11:35.000Z</time>
        <extensions>
          <ns3:TrackPointExtension>
            <ns3:hr>118</ns3:hr>
            <ns3:cad>96</ns3:cad>
          </ns3:TrackPointExtension>
        </extensions>
      </trkpt>
      <trkpt lat="34.23383764922618865966796875" lon="108.93703744746744632720947265625">
        <ele>406.600006103515625</ele>
        <time>2026-03-10T12:11:36.000Z</time>
        <extensions>
          <ns3:TrackPointExtension>
            <ns3:hr>120</ns3:hr>
            <ns3:cad>96</ns3:cad>
          </ns3:TrackPointExtension>
        </extensions>
      </trkpt>
      <trkpt lat="34.23381074331700801849365234375" lon="108.93703258596360683441162109375">
        <ele>406.600006103515625</ele>
        <time>2026-03-10T12:11:37.000Z</time>
        <extensions>
          <ns3:TrackPointExtension>
            <ns3:hr>121</ns3:hr>
            <ns3:cad>96</ns3:cad>
          </ns3:TrackPointExtension>
        </extensions>
      </trkpt>
      <trkpt lat="34.23378341831266880035400390625" lon="108.93703560344874858856201171875">
        <ele>406.600006103515625</ele>
        <time>2026-03-10T12:11:38.000Z</time>
        <extensions>
          <ns3:TrackPointExtension>
            <ns3:hr>122</ns3:hr>
            <ns3:cad>98</ns3:cad>
          </ns3:TrackPointExtension>
        </extensions>
      </trkpt>
      <trkpt lat="34.23374771140515804290771484375" lon="108.93704096786677837371826171875">
        <ele>406.79998779296875</ele>
        <time>2026-03-10T12:11:39.000Z</time>
        <extensions>
          <ns3:TrackPointExtension>
            <ns3:hr>123</ns3:hr>
            <ns3:cad>98</ns3:cad>
          </ns3:TrackPointExtension>
        </extensions>
      </trkpt>
      <trkpt lat="34.23371963202953338623046875" lon="108.93703476525843143463134765625">
        <ele>406.600006103515625</ele>
        <time>2026-03-10T12:11:40.000Z</time>
        <extensions>
          <ns3:TrackPointExtension>
            <ns3:hr>124</ns3:hr>
            <ns3:cad>98</ns3:cad>
          </ns3:TrackPointExtension>
        </extensions>
      </trkpt>
      <trkpt lat="34.2336933128535747528076171875" lon="108.9370378665626049041748046875">
        <ele>406.600006103515625</ele>
        <time>2026-03-10T12:11:41.000Z</time>
        <extensions>
          <ns3:TrackPointExtension>
            <ns3:hr>125</ns3:hr>
            <ns3:cad>98</ns3:cad>
          </ns3:TrackPointExtension>
        </extensions>
      </trkpt>
      <trkpt lat="34.2336574383080005645751953125" lon="108.937050439417362213134765625">
        <ele>406.79998779296875</ele>
        <time>2026-03-10T12:11:42.000Z</time>
        <extensions>
          <ns3:TrackPointExtension>
            <ns3:hr>126</ns3:hr>
            <ns3:cad>98</ns3:cad>
          </ns3:TrackPointExtension>
        </extensions>
      </trkpt>
      <trkpt lat="34.233629442751407623291015625" lon="108.93704968504607677459716796875">
        <ele>406.79998779296875</ele>
        <time>2026-03-10T12:11:43.000Z</time>
        <extensions>
          <ns3:TrackPointExtension>
            <ns3:hr>127</ns3:hr>
            <ns3:cad>98</ns3:cad>
          </ns3:TrackPointExtension>
        </extensions>
      </trkpt>
      <trkpt lat="34.2336041294038295745849609375" lon="108.93705823458731174468994140625">
        <ele>406.79998779296875</ele>
        <time>2026-03-10T12:11:44.000Z</time>
        <extensions>
          <ns3:TrackPointExtension>
            <ns3:hr>129</ns3:hr>
            <ns3:cad>98</ns3:cad>
          </ns3:TrackPointExtension>
        </extensions>
      </trkpt>
      <trkpt lat="34.23357051797211170196533203125" lon="108.9370707236230373382568359375">
        <ele>406.79998779296875</ele>
        <time>2026-03-10T12:11:45.000Z</time>
        <extensions>
          <ns3:TrackPointExtension>
            <ns3:hr>130</ns3:hr>
            <ns3:cad>98</ns3:cad>
          </ns3:TrackPointExtension>
        </extensions>
      </trkpt>
      <trkpt lat="34.2335434444248676300048828125" lon="108.9370707236230373382568359375">
        <ele>406.79998779296875</ele>
        <time>2026-03-10T12:11:46.000Z</time>
        <extensions>
          <ns3:TrackPointExtension>
            <ns3:hr>131</ns3:hr>
            <ns3:cad>100</ns3:cad>
          </ns3:TrackPointExtension>
        </extensions>
      </trkpt>
      <trkpt lat="34.23351855017244815826416015625" lon="108.9370943605899810791015625">
        <ele>406.79998779296875</ele>
        <time>2026-03-10T12:11:47.000Z</time>
        <extensions>
          <ns3:TrackPointExtension>
            <ns3:hr>133</ns3:hr>
            <ns3:cad>100</ns3:cad>
          </ns3:TrackPointExtension>
        </extensions>
      </trkpt>
      <trkpt lat="34.23348636366426944732666015625" lon="108.9371200092136859893798828125">
        <ele>406.79998779296875</ele>
        <time>2026-03-10T12:11:48.000Z</time>
        <extensions>
          <ns3:TrackPointExtension>
            <ns3:hr>134</ns3:hr>
            <ns3:cad>99</ns3:cad>
          </ns3:TrackPointExtension>
        </extensions>
      </trkpt>
      <trkpt lat="34.23346591182053089141845703125" lon="108.9371414668858051300048828125">
        <ele>406.79998779296875</ele>
        <time>2026-03-10T12:11:49.000Z</time>
        <extensions>
          <ns3:TrackPointExtension>
            <ns3:hr>135</ns3:hr>
            <ns3:cad>99</ns3:cad>
          </ns3:TrackPointExtension>
        </extensions>
      </trkpt>
      <trkpt lat="34.23343858681619167327880859375" lon="108.93717088736593723297119140625">
        <ele>406.79998779296875</ele>
        <time>2026-03-10T12:11:50.000Z</time>
        <extensions>
          <ns3:TrackPointExtension>
            <ns3:hr>136</ns3:hr>
            <ns3:cad>99</ns3:cad>
          </ns3:TrackPointExtension>
        </extensions>
      </trkpt>
      <trkpt lat="34.2334146983921527862548828125" lon="108.937192261219024658203125">
        <ele>406.79998779296875</ele>
        <time>2026-03-10T12:11:51.000Z</time>
        <extensions>
          <ns3:TrackPointExtension>
            <ns3:hr>136</ns3:hr>
            <ns3:cad>99</ns3:cad>
          </ns3:TrackPointExtension>
        </extensions>
      </trkpt>
      <trkpt lat="34.2333932407200336456298828125" lon="108.93721598200500011444091796875">
        <ele>406.79998779296875</ele>
        <time>2026-03-10T12:11:52.000Z</time>
        <extensions>
          <ns3:TrackPointExtension>
            <ns3:hr>137</ns3:hr>
            <ns3:cad>99</ns3:cad>
          </ns3:TrackPointExtension>
        </extensions>
      </trkpt>
      <trkpt lat="34.23337320797145366668701171875" lon="108.93725638277828693389892578125">
        <ele>406.79998779296875</ele>
        <time>2026-03-10T12:11:53.000Z</time>
        <extensions>
          <ns3:TrackPointExtension>
            <ns3:hr>138</ns3:hr>
            <ns3:cad>98</ns3:cad>
          </ns3:TrackPointExtension>
        </extensions>
      </trkpt>
      <trkpt lat="34.23335359431803226470947265625" lon="108.9372856356203556060791015625">
        <ele>406.79998779296875</ele>
        <time>2026-03-10T12:11:54.000Z</time>
        <extensions>
          <ns3:TrackPointExtension>
            <ns3:hr>139</ns3:hr>
            <ns3:cad>96</ns3:cad>
          </ns3:TrackPointExtension>
        </extensions>
      </trkpt>
      <trkpt lat="34.23334035091102123260498046875" lon="108.93731589429080486297607421875">
        <ele>406.79998779296875</ele>
        <time>2026-03-10T12:11:55.000Z</time>
        <extensions>
          <ns3:TrackPointExtension>
            <ns3:hr>140</ns3:hr>
            <ns3:cad>96</ns3:cad>
          </ns3:TrackPointExtension>
        </extensions>
      </trkpt>
      <trkpt lat="34.23332777805626392364501953125" lon="108.9373630844056606292724609375">
        <ele>406.79998779296875</ele>
        <time>2026-03-10T12:11:56.000Z</time>
        <extensions>
          <ns3:TrackPointExtension>
            <ns3:hr>141</ns3:hr>
            <ns3:cad>96</ns3:cad>
          </ns3:TrackPointExtension>
        </extensions>
      </trkpt>
      <trkpt lat="34.23331269063055515289306640625" lon="108.93739535473287105560302734375">
        <ele>406.79998779296875</ele>
        <time>2026-03-10T12:11:57.000Z</time>
        <extensions>
          <ns3:TrackPointExtension>
            <ns3:hr>142</ns3:hr>
            <ns3:cad>98</ns3:cad>
          </ns3:TrackPointExtension>
        </extensions>
      </trkpt>
      <trkpt lat="34.23330732621252536773681640625" lon="108.93743491731584072113037109375">
        <ele>406.79998779296875</ele>
        <time>2026-03-10T12:11:58.000Z</time>
        <extensions>
          <ns3:TrackPointExtension>
            <ns3:hr>142</ns3:hr>
            <ns3:cad>98</ns3:cad>
          </ns3:TrackPointExtension>
        </extensions>
      </trkpt>
      <trkpt lat="34.23330732621252536773681640625" lon="108.93748403526842594146728515625">
        <ele>406.79998779296875</ele>
        <time>2026-03-10T12:11:59.000Z</time>
        <extensions>
          <ns3:TrackPointExtension>
            <ns3:hr>143</ns3:hr>
            <ns3:cad>99</ns3:cad>
          </ns3:TrackPointExtension>
        </extensions>
      </trkpt>
      <trkpt lat="34.23329894430935382843017578125" lon="108.9375186525285243988037109375">
        <ele>406.79998779296875</ele>
        <time>2026-03-10T12:12:00.000Z</time>
        <extensions>
          <ns3:TrackPointExtension>
            <ns3:hr>144</ns3:hr>
            <ns3:cad>99</ns3:cad>
          </ns3:TrackPointExtension>
        </extensions>
      </trkpt>
      <trkpt lat="34.23329927958548069000244140625" lon="108.93755829893052577972412109375">
        <ele>406.600006103515625</ele>
        <time>2026-03-10T12:12:01.000Z</time>
        <extensions>
          <ns3:TrackPointExtension>
            <ns3:hr>144</ns3:hr>
            <ns3:cad>99</ns3:cad>
          </ns3:TrackPointExtension>
        </extensions>
      </trkpt>
      <trkpt lat="34.2333097569644451141357421875" lon="108.93760196864604949951171875">
        <ele>406.79998779296875</ele>
        <time>2026-03-10T12:12:02.000Z</time>
        <extensions>
          <ns3:TrackPointExtension>
            <ns3:hr>145</ns3:hr>
            <ns3:cad>100</ns3:cad>
          </ns3:TrackPointExtension>
        </extensions>
      </trkpt>
      <trkpt lat="34.23331059515476226806640625" lon="108.9376316405832767486572265625">
        <ele>406.79998779296875</ele>
        <time>2026-03-10T12:12:03.000Z</time>
        <extensions>
          <ns3:TrackPointExtension>
            <ns3:hr>145</ns3:hr>
            <ns3:cad>100</ns3:cad>
          </ns3:TrackPointExtension>
        </extensions>
      </trkpt>
      <trkpt lat="34.23332090489566326141357421875" lon="108.93766902387142181396484375">
        <ele>407</ele>
        <time>2026-03-10T12:12:04.000Z</time>
        <extensions>
          <ns3:TrackPointExtension>
            <ns3:hr>146</ns3:hr>
            <ns3:cad>100</ns3:cad>
          </ns3:TrackPointExtension>
        </extensions>
      </trkpt>
      <trkpt lat="34.233336746692657470703125" lon="108.9377070777118206024169921875">
        <ele>407</ele>
        <time>2026-03-10T12:12:05.000Z</time>
        <extensions>
          <ns3:TrackPointExtension>
            <ns3:hr>146</ns3:hr>
            <ns3:cad>100</ns3:cad>
          </ns3:TrackPointExtension>
        </extensions>
      </trkpt>
      <trkpt lat="34.233348481357097625732421875" lon="108.9377395994961261749267578125">
        <ele>407</ele>
        <time>2026-03-10T12:12:06.000Z</time>
        <extensions>
          <ns3:TrackPointExtension>
            <ns3:hr>147</ns3:hr>
            <ns3:cad>100</ns3:cad>
          </ns3:TrackPointExtension>
        </extensions>
      </trkpt>
      <trkpt lat="34.23337035812437534332275390625" lon="108.93777228891849517822265625">
        <ele>407</ele>
        <time>2026-03-10T12:12:07.000Z</time>
        <extensions>
          <ns3:TrackPointExtension>
            <ns3:hr>147</ns3:hr>
            <ns3:cad>100</ns3:cad>
          </ns3:TrackPointExtension>
        </extensions>
      </trkpt>
      <trkpt lat="34.2333986051380634307861328125" lon="108.93780875019729137420654296875">
        <ele>407</ele>
        <time>2026-03-10T12:12:08.000Z</time>
        <extensions>
          <ns3:TrackPointExtension>
            <ns3:hr>148</ns3:hr>
            <ns3:cad>100</ns3:cad>
          </ns3:TrackPointExtension>
        </extensions>
      </trkpt>
      <trkpt lat="34.2334173806011676788330078125" lon="108.93783339299261569976806640625">
        <ele>407</ele>
        <time>2026-03-10T12:12:09.000Z</time>
        <extensions>
          <ns3:TrackPointExtension>
            <ns3:hr>149</ns3:hr>
            <ns3:cad>100</ns3:cad>
          </ns3:TrackPointExtension>
        </extensions>
      </trkpt>
      <trkpt lat="34.233453087508678436279296875" lon="108.9378576166927814483642578125">
        <ele>407</ele>
        <time>2026-03-10T12:12:10.000Z</time>
        <extensions>
          <ns3:TrackPointExtension>
            <ns3:hr>149</ns3:hr>
            <ns3:cad>100</ns3:cad>
          </ns3:TrackPointExtension>
        </extensions>
      </trkpt>
      <trkpt lat="34.23348502255976200103759765625" lon="108.9378790743649005889892578125">
        <ele>406.79998779296875</ele>
        <time>2026-03-10T12:12:11.000Z</time>
        <extensions>
          <ns3:TrackPointExtension>
            <ns3:hr>150</ns3:hr>
            <ns3:cad>100</ns3:cad>
          </ns3:TrackPointExtension>
        </extensions>
      </trkpt>
      <trkpt lat="34.233506061136722564697265625" lon="108.93789290450513362884521484375">
        <ele>407</ele>
        <time>2026-03-10T12:12:12.000Z</time>
        <extensions>
          <ns3:TrackPointExtension>
            <ns3:hr>150</ns3:hr>
            <ns3:cad>100</ns3:cad>
          </ns3:TrackPointExtension>
        </extensions>
      </trkpt>
      <trkpt lat="34.2335424385964870452880859375" lon="108.93790799193084239959716796875">
        <ele>406.79998779296875</ele>
        <time>2026-03-10T12:12:13.000Z</time>
        <extensions>
          <ns3:TrackPointExtension>
            <ns3:hr>150</ns3:hr>
            <ns3:cad>100</ns3:cad>
          </ns3:TrackPointExtension>
        </extensions>
      </trkpt>
      <trkpt lat="34.2335669137537479400634765625" lon="108.9379246719181537628173828125">
        <ele>406.79998779296875</ele>
        <time>2026-03-10T12:12:14.000Z</time>
        <extensions>
          <ns3:TrackPointExtension>
            <ns3:hr>151</ns3:hr>
            <ns3:cad>100</ns3:cad>
          </ns3:TrackPointExtension>
        </extensions>
      </trkpt>
      <trkpt lat="34.233597926795482635498046875" lon="108.9379297010600566864013671875">
        <ele>406.79998779296875</ele>
        <time>2026-03-10T12:12:15.000Z</time>
        <extensions>
          <ns3:TrackPointExtension>
            <ns3:hr>151</ns3:hr>
            <ns3:cad>100</ns3:cad>
          </ns3:TrackPointExtension>
        </extensions>
      </trkpt>
      <trkpt lat="34.2336349748075008392333984375" lon="108.93793213181197643280029296875">
        <ele>406.79998779296875</ele>
        <time>2026-03-10T12:12:16.000Z</time>
        <extensions>
          <ns3:TrackPointExtension>
            <ns3:hr>152</ns3:hr>
            <ns3:cad>98</ns3:cad>
          </ns3:TrackPointExtension>
        </extensions>
      </trkpt>
      <trkpt lat="34.23366070725023746490478515625" lon="108.93793129362165927886962890625">
        <ele>406.79998779296875</ele>
        <time>2026-03-10T12:12:17.000Z</time>
        <extensions>
          <ns3:TrackPointExtension>
            <ns3:hr>152</ns3:hr>
            <ns3:cad>98</ns3:cad>
          </ns3:TrackPointExtension>
        </extensions>
      </trkpt>
      <trkpt lat="34.2336909659206867218017578125" lon="108.93792450428009033203125">
        <ele>406.79998779296875</ele>
        <time>2026-03-10T12:12:18.000Z</time>
        <extensions>
          <ns3:TrackPointExtension>
            <ns3:hr>152</ns3:hr>
            <ns3:cad>98</ns3:cad>
          </ns3:TrackPointExtension>
        </extensions>
      </trkpt>
      <trkpt lat="34.23372709192335605621337890625" lon="108.9379236660897731781005859375">
        <ele>406.79998779296875</ele>
        <time>2026-03-10T12:12:19.000Z</time>
        <extensions>
          <ns3:TrackPointExtension>
            <ns3:hr>153</ns3:hr>
            <ns3:cad>98</ns3:cad>
          </ns3:TrackPointExtension>
        </extensions>
      </trkpt>
      <trkpt lat="34.23375458456575870513916015625" lon="108.93792391754686832427978515625">
        <ele>406.79998779296875</ele>
        <time>2026-03-10T12:12:20.000Z</time>
        <extensions>
          <ns3:TrackPointExtension>
            <ns3:hr>153</ns3:hr>
            <ns3:cad>98</ns3:cad>
          </ns3:TrackPointExtension>
        </extensions>
      </trkpt>
      <trkpt lat="34.2337905429303646087646484375" lon="108.9379193075001239776611328125">
        <ele>406.79998779296875</ele>
        <time>2026-03-10T12:12:21.000Z</time>
        <extensions>
          <ns3:TrackPointExtension>
            <ns3:hr>153</ns3:hr>
            <ns3:cad>98</ns3:cad>
          </ns3:TrackPointExtension>
        </extensions>
      </trkpt>
      <trkpt lat="34.233822561800479888916015625" lon="108.93792073242366313934326171875">
        <ele>406.79998779296875</ele>
        <time>2026-03-10T12:12:22.000Z</time>
        <extensions>
          <ns3:TrackPointExtension>
            <ns3:hr>154</ns3:hr>
            <ns3:cad>98</ns3:cad>
          </ns3:TrackPointExtension>
        </extensions>
      </trkpt>
      <trkpt lat="34.23384862951934337615966796875" lon="108.937920145690441131591796875">
        <ele>406.79998779296875</ele>
        <time>2026-03-10T12:12:23.000Z</time>
        <extensions>
          <ns3:TrackPointExtension>
            <ns3:hr>154</ns3:hr>
            <ns3:cad>99</ns3:cad>
          </ns3:TrackPointExtension>
        </extensions>
      </trkpt>
      <trkpt lat="34.2338864319026470184326171875" lon="108.93791520036756992340087890625">
        <ele>406.79998779296875</ele>
        <time>2026-03-10T12:12:24.000Z</time>
        <extensions>
          <ns3:TrackPointExtension>
            <ns3:hr>154</ns3:hr>
            <ns3:cad>99</ns3:cad>
          </ns3:TrackPointExtension>
        </extensions>
      </trkpt>
      <trkpt lat="34.2339213006198406219482421875" lon="108.93791335634887218475341796875">
        <ele>406.79998779296875</ele>
        <time>2026-03-10T12:12:25.000Z</time>
        <extensions>
          <ns3:TrackPointExtension>
            <ns3:hr>154</ns3:hr>
            <ns3:cad>99</ns3:cad>
          </ns3:TrackPointExtension>
        </extensions>
      </trkpt>
      <trkpt lat="34.2339464463293552398681640625" lon="108.93791670911014080047607421875">
        <ele>406.79998779296875</ele>
        <time>2026-03-10T12:12:26.000Z</time>
        <extensions>
          <ns3:TrackPointExtension>
            <ns3:hr>154</ns3:hr>
            <ns3:cad>99</ns3:cad>
          </ns3:TrackPointExtension>
        </extensions>
      </trkpt>
      <trkpt lat="34.2339850030839443206787109375" lon="108.93791788257658481597900390625">
        <ele>406.79998779296875</ele>
        <time>2026-03-10T12:12:27.000Z</time>
        <extensions>
          <ns3:TrackPointExtension>
            <ns3:hr>155</ns3:hr>
            <ns3:cad>99</ns3:cad>
          </ns3:TrackPointExtension>
        </extensions>
      </trkpt>
      <trkpt lat="34.23401274718344211578369140625" lon="108.937919475138187408447265625">
        <ele>406.79998779296875</ele>
        <time>2026-03-10T12:12:28.000Z</time>
        <extensions>
          <ns3:TrackPointExtension>
            <ns3:hr>155</ns3:hr>
            <ns3:cad>99</ns3:cad>
          </ns3:TrackPointExtension>
        </extensions>
      </trkpt>
      <trkpt lat="34.23404292203485965728759765625" lon="108.937915451824665069580078125">
        <ele>406.79998779296875</ele>
        <time>2026-03-10T12:12:29.000Z</time>
        <extensions>
          <ns3:TrackPointExtension>
            <ns3:hr>155</ns3:hr>
            <ns3:cad>100</ns3:cad>
          </ns3:TrackPointExtension>
        </extensions>
      </trkpt>
      <trkpt lat="34.23407561145722866058349609375" lon="108.9379162900149822235107421875">
        <ele>406.79998779296875</ele>
        <time>2026-03-10T12:12:30.000Z</time>
        <extensions>
          <ns3:TrackPointExtension>
            <ns3:hr>156</ns3:hr>
            <ns3:cad>100</ns3:cad>
          </ns3:TrackPointExtension>
        </extensions>
      </trkpt>
      <trkpt lat="34.234103523194789886474609375" lon="108.93792249262332916259765625">
        <ele>406.79998779296875</ele>
        <time>2026-03-10T12:12:31.000Z</time>
        <extensions>
          <ns3:TrackPointExtension>
            <ns3:hr>156</ns3:hr>
            <ns3:cad>98</ns3:cad>
          </ns3:TrackPointExtension>
        </extensions>
      </trkpt>
      <trkpt lat="34.2341365478932857513427734375" lon="108.93791687674820423126220703125">
        <ele>407</ele>
        <time>2026-03-10T12:12:32.000Z</time>
        <extensions>
          <ns3:TrackPointExtension>
            <ns3:hr>156</ns3:hr>
            <ns3:cad>98</ns3:cad>
          </ns3:TrackPointExtension>
        </extensions>
      </trkpt>
      <trkpt lat="34.23416915349662303924560546875" lon="108.93791922368109226226806640625">
        <ele>407</ele>
        <time>2026-03-10T12:12:33.000Z</time>
        <extensions>
          <ns3:TrackPointExtension>
            <ns3:hr>156</ns3:hr>
            <ns3:cad>98</ns3:cad>
          </ns3:TrackPointExtension>
        </extensions>
      </trkpt>
      <trkpt lat="34.23419572412967681884765625" lon="108.93791704438626766204833984375">
        <ele>407</ele>
        <time>2026-03-10T12:12:34.000Z</time>
        <extensions>
          <ns3:TrackPointExtension>
            <ns3:hr>156</ns3:hr>
            <ns3:cad>98</ns3:cad>
          </ns3:TrackPointExtension>
        </extensions>
      </trkpt>
      <trkpt lat="34.23423503525555133819580078125" lon="108.93791251815855503082275390625">
        <ele>407</ele>
        <time>2026-03-10T12:12:35.000Z</time>
        <extensions>
          <ns3:TrackPointExtension>
            <ns3:hr>157</ns3:hr>
            <ns3:cad>98</ns3:cad>
          </ns3:TrackPointExtension>
        </extensions>
      </trkpt>
      <trkpt lat="34.23426680266857147216796875" lon="108.93791377544403076171875">
        <ele>407</ele>
        <time>2026-03-10T12:12:36.000Z</time>
        <extensions>
          <ns3:TrackPointExtension>
            <ns3:hr>157</ns3:hr>
            <ns3:cad>99</ns3:cad>
          </ns3:TrackPointExtension>
        </extensions>
      </trkpt>
      <trkpt lat="34.2342897690832614898681640625" lon="108.93792073242366313934326171875">
        <ele>406.79998779296875</ele>
        <time>2026-03-10T12:12:37.000Z</time>
        <extensions>
          <ns3:TrackPointExtension>
            <ns3:hr>157</ns3:hr>
            <ns3:cad>99</ns3:cad>
          </ns3:TrackPointExtension>
        </extensions>
      </trkpt>
      <trkpt lat="34.234328158199787139892578125" lon="108.93791939131915569305419921875">
        <ele>406.79998779296875</ele>
        <time>2026-03-10T12:12:38.000Z</time>
        <extensions>
          <ns3:TrackPointExtension>
            <ns3:hr>157</ns3:hr>
            <ns3:cad>97</ns3:cad>
          </ns3:TrackPointExtension>
        </extensions>
      </trkpt>
      <trkpt lat="34.234355986118316650390625" lon="108.93792190589010715484619140625">
        <ele>406.79998779296875</ele>
        <time>2026-03-10T12:12:39.000Z</time>
        <extensions>
          <ns3:TrackPointExtension>
            <ns3:hr>157</ns3:hr>
            <ns3:cad>97</ns3:cad>
          </ns3:TrackPointExtension>
        </extensions>
      </trkpt>
      <trkpt lat="34.23438875935971736907958984375" lon="108.93792090006172657012939453125">
        <ele>407</ele>
        <time>2026-03-10T12:12:40.000Z</time>
        <extensions>
          <ns3:TrackPointExtension>
            <ns3:hr>157</ns3:hr>
            <ns3:cad>98</ns3:cad>
          </ns3:TrackPointExtension>
        </extensions>
      </trkpt>
      <trkpt lat="34.2344235442578792572021484375" lon="108.93792291171848773956298828125">
        <ele>407</ele>
        <time>2026-03-10T12:12:41.000Z</time>
        <extensions>
          <ns3:TrackPointExtension>
            <ns3:hr>157</ns3:hr>
            <ns3:cad>98</ns3:cad>
          </ns3:TrackPointExtension>
        </extensions>
      </trkpt>
      <trkpt lat="34.23445145599544048309326171875" lon="108.9379203133285045623779296875">
        <ele>407</ele>
        <time>2026-03-10T12:12:42.000Z</time>
        <extensions>
          <ns3:TrackPointExtension>
            <ns3:hr>158</ns3:hr>
            <ns3:cad>98</ns3:cad>
          </ns3:TrackPointExtension>
        </extensions>
      </trkpt>
      <trkpt lat="34.234485737979412078857421875" lon="108.93790497444570064544677734375">
        <ele>407</ele>
        <time>2026-03-10T12:12:43.000Z</time>
        <extensions>
          <ns3:TrackPointExtension>
            <ns3:hr>158</ns3:hr>
            <ns3:cad>98</ns3:cad>
          </ns3:TrackPointExtension>
        </extensions>
      </trkpt>
      <trkpt lat="34.23452186398208141326904296875" lon="108.93789038993418216705322265625">
        <ele>407</ele>
        <time>2026-03-10T12:12:44.000Z</time>
        <extensions>
          <ns3:TrackPointExtension>
            <ns3:hr>158</ns3:hr>
            <ns3:cad>98</ns3:cad>
          </ns3:TrackPointExtension>
        </extensions>
      </trkpt>
      <trkpt lat="34.23454985953867435455322265625" lon="108.93787689507007598876953125">
        <ele>407</ele>
        <time>2026-03-10T12:12:45.000Z</time>
        <extensions>
          <ns3:TrackPointExtension>
            <ns3:hr>158</ns3:hr>
            <ns3:cad>98</ns3:cad>
          </ns3:TrackPointExtension>
        </extensions>
      </trkpt>
      <trkpt lat="34.234587661921977996826171875" lon="108.9378475584089756011962890625">
        <ele>407</ele>
        <time>2026-03-10T12:12:46.000Z</time>
        <extensions>
          <ns3:TrackPointExtension>
            <ns3:hr>158</ns3:hr>
            <ns3:cad>99</ns3:cad>
          </ns3:TrackPointExtension>
        </extensions>
      </trkpt>
      <trkpt lat="34.234617166221141815185546875" lon="108.93782786093652248382568359375">
        <ele>407</ele>
        <time>2026-03-10T12:12:47.000Z</time>
        <extensions>
          <ns3:TrackPointExtension>
            <ns3:hr>159</ns3:hr>
            <ns3:cad>99</ns3:cad>
          </ns3:TrackPointExtension>
        </extensions>
      </trkpt>
      <trkpt lat="34.23464105464518070220947265625" lon="108.93780120648443698883056640625">
        <ele>407</ele>
        <time>2026-03-10T12:12:48.000Z</time>
        <extensions>
          <ns3:TrackPointExtension>
            <ns3:hr>159</ns3:hr>
            <ns3:cad>99</ns3:cad>
          </ns3:TrackPointExtension>
        </extensions>
      </trkpt>
      <trkpt lat="34.23466871492564678192138671875" lon="108.93776482902467250823974609375">
        <ele>407</ele>
        <time>2026-03-10T12:12:49.000Z</time>
        <extensions>
          <ns3:TrackPointExtension>
            <ns3:hr>159</ns3:hr>
            <ns3:cad>98</ns3:cad>
          </ns3:TrackPointExtension>
        </extensions>
      </trkpt>
      <trkpt lat="34.23469721339643001556396484375" lon="108.937737755477428436279296875">
        <ele>407</ele>
        <time>2026-03-10T12:12:50.000Z</time>
        <extensions>
          <ns3:TrackPointExtension>
            <ns3:hr>158</ns3:hr>
            <ns3:cad>98</ns3:cad>
          </ns3:TrackPointExtension>
        </extensions>
      </trkpt>
      <trkpt lat="34.2347192578017711639404296875" lon="108.9377040602266788482666015625">
        <ele>407</ele>
        <time>2026-03-10T12:12:51.000Z</time>
        <extensions>
          <ns3:TrackPointExtension>
            <ns3:hr>159</ns3:hr>
            <ns3:cad>97</ns3:cad>
          </ns3:TrackPointExtension>
        </extensions>
      </trkpt>
      <trkpt lat="34.23473627306520938873291015625" lon="108.93766676075756549835205078125">
        <ele>407</ele>
        <time>2026-03-10T12:12:52.000Z</time>
        <extensions>
          <ns3:TrackPointExtension>
            <ns3:hr>159</ns3:hr>
            <ns3:cad>97</ns3:cad>
          </ns3:TrackPointExtension>
        </extensions>
      </trkpt>
      <trkpt lat="34.23475404269993305206298828125" lon="108.93764027394354343414306640625">
        <ele>407</ele>
        <time>2026-03-10T12:12:53.000Z</time>
        <extensions>
          <ns3:TrackPointExtension>
            <ns3:hr>159</ns3:hr>
            <ns3:cad>97</ns3:cad>
          </ns3:TrackPointExtension>
        </extensions>
      </trkpt>
      <trkpt lat="34.2347682081162929534912109375" lon="108.93760020844638347625732421875">
        <ele>406.79998779296875</ele>
        <time>2026-03-10T12:12:54.000Z</time>
        <extensions>
          <ns3:TrackPointExtension>
            <ns3:hr>159</ns3:hr>
            <ns3:cad>98</ns3:cad>
          </ns3:TrackPointExtension>
        </extensions>
      </trkpt>
      <trkpt lat="34.23477415926754474639892578125" lon="108.93756383098661899566650390625">
        <ele>406.79998779296875</ele>
        <time>2026-03-10T12:12:55.000Z</time>
        <extensions>
          <ns3:TrackPointExtension>
            <ns3:hr>159</ns3:hr>
            <ns3:cad>98</ns3:cad>
          </ns3:TrackPointExtension>
        </extensions>
      </trkpt>
      <trkpt lat="34.234785474836826324462890625" lon="108.93753357231616973876953125">
        <ele>406.79998779296875</ele>
        <time>2026-03-10T12:12:56.000Z</time>
        <extensions>
          <ns3:TrackPointExtension>
            <ns3:hr>160</ns3:hr>
            <ns3:cad>98</ns3:cad>
          </ns3:TrackPointExtension>
        </extensions>
      </trkpt>
      <trkpt lat="34.23478924669325351715087890625" lon="108.937492333352565765380859375">
        <ele>406.79998779296875</ele>
        <time>2026-03-10T12:12:57.000Z</time>
        <extensions>
          <ns3:TrackPointExtension>
            <ns3:hr>160</ns3:hr>
            <ns3:cad>98</ns3:cad>
          </ns3:TrackPointExtension>
        </extensions>
      </trkpt>
      <trkpt lat="34.23479410819709300994873046875" lon="108.9374606497585773468017578125">
        <ele>406.79998779296875</ele>
        <time>2026-03-10T12:12:58.000Z</time>
        <extensions>
          <ns3:TrackPointExtension>
            <ns3:hr>159</ns3:hr>
            <ns3:cad>98</ns3:cad>
          </ns3:TrackPointExtension>
        </extensions>
      </trkpt>
      <trkpt lat="34.2347883246839046478271484375" lon="108.93742402084171772003173828125">
        <ele>407</ele>
        <time>2026-03-10T12:12:59.000Z</time>
        <extensions>
          <ns3:TrackPointExtension>
            <ns3:hr>159</ns3:hr>
            <ns3:cad>98</ns3:cad>
          </ns3:TrackPointExtension>
        </extensions>
      </trkpt>
      <trkpt lat="34.23477583564817905426025390625" lon="108.93737666308879852294921875">
        <ele>407</ele>
        <time>2026-03-10T12:13:00.000Z</time>
        <extensions>
          <ns3:TrackPointExtension>
            <ns3:hr>159</ns3:hr>
            <ns3:cad>98</ns3:cad>
          </ns3:TrackPointExtension>
        </extensions>
      </trkpt>
      <trkpt lat="34.23477197997272014617919921875" lon="108.93734506331384181976318359375">
        <ele>407</ele>
        <time>2026-03-10T12:13:01.000Z</time>
        <extensions>
          <ns3:TrackPointExtension>
            <ns3:hr>159</ns3:hr>
            <ns3:cad>98</ns3:cad>
          </ns3:TrackPointExtension>
        </extensions>
      </trkpt>
      <trkpt lat="34.234758652746677398681640625" lon="108.93730265088379383087158203125">
        <ele>407</ele>
        <time>2026-03-10T12:13:02.000Z</time>
        <extensions>
          <ns3:TrackPointExtension>
            <ns3:hr>158</ns3:hr>
            <ns3:cad>96</ns3:cad>
          </ns3:TrackPointExtension>
        </extensions>
      </trkpt>
      <trkpt lat="34.23474934883415699005126953125" lon="108.9372688718140125274658203125">
        <ele>407</ele>
        <time>2026-03-10T12:13:03.000Z</time>
        <extensions>
          <ns3:TrackPointExtension>
            <ns3:hr>157</ns3:hr>
            <ns3:cad>96</ns3:cad>
          </ns3:TrackPointExtension>
        </extensions>
      </trkpt>
      <trkpt lat="34.23473509959876537322998046875" lon="108.937240205705165863037109375">
        <ele>407</ele>
        <time>2026-03-10T12:13:04.000Z</time>
        <extensions>
          <ns3:TrackPointExtension>
            <ns3:hr>156</ns3:hr>
            <ns3:cad>96</ns3:cad>
          </ns3:TrackPointExtension>
        </extensions>
      </trkpt>
      <trkpt lat="34.23470266163349151611328125" lon="108.9372011460363864898681640625">
        <ele>407</ele>
        <time>2026-03-10T12:13:05.000Z</time>
        <extensions>
          <ns3:TrackPointExtension>
            <ns3:hr>156</ns3:hr>
            <ns3:cad>96</ns3:cad>
          </ns3:TrackPointExtension>
        </extensions>
      </trkpt>
      <trkpt lat="34.23468162305653095245361328125" lon="108.93717524595558643341064453125">
        <ele>407</ele>
        <time>2026-03-10T12:13:06.000Z</time>
        <extensions>
          <ns3:TrackPointExtension>
            <ns3:hr>155</ns3:hr>
            <ns3:cad>96</ns3:cad>
          </ns3:TrackPointExtension>
        </extensions>
      </trkpt>
      <trkpt lat="34.23464910127222537994384765625" lon="108.9371475018560886383056640625">
        <ele>407</ele>
        <time>2026-03-10T12:13:07.000Z</time>
        <extensions>
          <ns3:TrackPointExtension>
            <ns3:hr>155</ns3:hr>
            <ns3:cad>96</ns3:cad>
          </ns3:TrackPointExtension>
        </extensions>
      </trkpt>
      <trkpt lat="34.23461691476404666900634765625" lon="108.93711875192821025848388671875">
        <ele>407</ele>
        <time>2026-03-10T12:13:08.000Z</time>
        <extensions>
          <ns3:TrackPointExtension>
            <ns3:hr>155</ns3:hr>
            <ns3:cad>96</ns3:cad>
          </ns3:TrackPointExtension>
        </extensions>
      </trkpt>
      <trkpt lat="34.2345905117690563201904296875" lon="108.93710752017796039581298828125">
        <ele>407</ele>
        <time>2026-03-10T12:13:09.000Z</time>
        <extensions>
          <ns3:TrackPointExtension>
            <ns3:hr>155</ns3:hr>
            <ns3:cad>96</ns3:cad>
          </ns3:TrackPointExtension>
        </extensions>
      </trkpt>
      <trkpt lat="34.2345462553203105926513671875" lon="108.937083967030048370361328125">
        <ele>407</ele>
        <time>2026-03-10T12:13:10.000Z</time>
        <extensions>
          <ns3:TrackPointExtension>
            <ns3:hr>155</ns3:hr>
            <ns3:cad>97</ns3:cad>
          </ns3:TrackPointExtension>
        </extensions>
      </trkpt>
      <trkpt lat="34.234511218965053558349609375" lon="108.9370646886527538299560546875">
        <ele>407</ele>
        <time>2026-03-10T12:13:11.000Z</time>
        <extensions>
          <ns3:TrackPointExtension>
            <ns3:hr>155</ns3:hr>
            <ns3:cad>97</ns3:cad>
          </ns3:TrackPointExtension>
        </extensions>
      </trkpt>
      <trkpt lat="34.23447961919009685516357421875" lon="108.93705152906477451324462890625">
        <ele>407</ele>
        <time>2026-03-10T12:13:12.000Z</time>
        <extensions>
          <ns3:TrackPointExtension>
            <ns3:hr>156</ns3:hr>
            <ns3:cad>97</ns3:cad>
          </ns3:TrackPointExtension>
        </extensions>
      </trkpt>
      <trkpt lat="34.23444022424519062042236328125" lon="108.937043063342571258544921875">
        <ele>407</ele>
        <time>2026-03-10T12:13:13.000Z</time>
        <extensions>
          <ns3:TrackPointExtension>
            <ns3:hr>155</ns3:hr>
            <ns3:cad>97</ns3:cad>
          </ns3:TrackPointExtension>
        </extensions>
      </trkpt>
      <trkpt lat="34.2344124801456928253173828125" lon="108.9370341785252094268798828125">
        <ele>406.79998779296875</ele>
        <time>2026-03-10T12:13:14.000Z</time>
        <extensions>
          <ns3:TrackPointExtension>
            <ns3:hr>156</ns3:hr>
            <ns3:cad>99</ns3:cad>
          </ns3:TrackPointExtension>
        </extensions>
      </trkpt>
      <trkpt lat="34.2343739233911037445068359375" lon="108.937038369476795196533203125">
        <ele>406.79998779296875</ele>
        <time>2026-03-10T12:13:15.000Z</time>
        <extensions>
          <ns3:TrackPointExtension>
            <ns3:hr>156</ns3:hr>
            <ns3:cad>99</ns3:cad>
          </ns3:TrackPointExtension>
        </extensions>
      </trkpt>
      <trkpt lat="34.23433746211230754852294921875" lon="108.93704080022871494293212890625">
        <ele>406.79998779296875</ele>
        <time>2026-03-10T12:13:16.000Z</time>
        <extensions>
          <ns3:TrackPointExtension>
            <ns3:hr>156</ns3:hr>
            <ns3:cad>98</ns3:cad>
          </ns3:TrackPointExtension>
        </extensions>
      </trkpt>
      <trkpt lat="34.23431164585053920745849609375" lon="108.93704549409449100494384765625">
        <ele>406.79998779296875</ele>
        <time>2026-03-10T12:13:17.000Z</time>
        <extensions>
          <ns3:TrackPointExtension>
            <ns3:hr>156</ns3:hr>
            <ns3:cad>98</ns3:cad>
          </ns3:TrackPointExtension>
        </extensions>
      </trkpt>
      <trkpt lat="34.23427308909595012664794921875" lon="108.93704817630350589752197265625">
        <ele>406.79998779296875</ele>
        <time>2026-03-10T12:13:18.000Z</time>
        <extensions>
          <ns3:TrackPointExtension>
            <ns3:hr>156</ns3:hr>
            <ns3:cad>97</ns3:cad>
          </ns3:TrackPointExtension>
        </extensions>
      </trkpt>
      <trkpt lat="34.23424274660646915435791015625" lon="108.93704943358898162841796875">
        <ele>406.79998779296875</ele>
        <time>2026-03-10T12:13:19.000Z</time>
        <extensions>
          <ns3:TrackPointExtension>
            <ns3:hr>156</ns3:hr>
            <ns3:cad>97</ns3:cad>
          </ns3:TrackPointExtension>
        </extensions>
      </trkpt>
      <trkpt lat="34.2342151701450347900390625" lon="108.93705152906477451324462890625">
        <ele>406.79998779296875</ele>
        <time>2026-03-10T12:13:20.000Z</time>
        <extensions>
          <ns3:TrackPointExtension>
            <ns3:hr>156</ns3:hr>
            <ns3:cad>96</ns3:cad>
          </ns3:TrackPointExtension>
        </extensions>
      </trkpt>
      <trkpt lat="34.23417418263852596282958984375" lon="108.9370556361973285675048828125">
        <ele>406.79998779296875</ele>
        <time>2026-03-10T12:13:21.000Z</time>
        <extensions>
          <ns3:TrackPointExtension>
            <ns3:hr>156</ns3:hr>
            <ns3:cad>96</ns3:cad>
          </ns3:TrackPointExtension>
        </extensions>
      </trkpt>
      <trkpt lat="34.234143756330013275146484375" lon="108.9370549656450748443603515625">
        <ele>406.79998779296875</ele>
        <time>2026-03-10T12:13:22.000Z</time>
        <extensions>
          <ns3:TrackPointExtension>
            <ns3:hr>157</ns3:hr>
            <ns3:cad>96</ns3:cad>
          </ns3:TrackPointExtension>
        </extensions>
      </trkpt>
      <trkpt lat="34.23411064781248569488525390625" lon="108.93705773167312145233154296875">
        <ele>406.79998779296875</ele>
        <time>2026-03-10T12:13:23.000Z</time>
        <extensions>
          <ns3:TrackPointExtension>
            <ns3:hr>157</ns3:hr>
            <ns3:cad>99</ns3:cad>
          </ns3:TrackPointExtension>
        </extensions>
      </trkpt>
      <trkpt lat="34.23407175578176975250244140625" lon="108.93705957569181919097900390625">
        <ele>406.79998779296875</ele>
        <time>2026-03-10T12:13:24.000Z</time>
        <extensions>
          <ns3:TrackPointExtension>
            <ns3:hr>157</ns3:hr>
            <ns3:cad>99</ns3:cad>
          </ns3:TrackPointExtension>
        </extensions>
      </trkpt>
      <trkpt lat="34.2340399883687496185302734375" lon="108.93705203197896480560302734375">
        <ele>406.79998779296875</ele>
        <time>2026-03-10T12:13:25.000Z</time>
        <extensions>
          <ns3:TrackPointExtension>
            <ns3:hr>157</ns3:hr>
            <ns3:cad>98</ns3:cad>
          </ns3:TrackPointExtension>
        </extensions>
      </trkpt>
      <trkpt lat="34.23400662839412689208984375" lon="108.9370589889585971832275390625">
        <ele>407</ele>
        <time>2026-03-10T12:13:26.000Z</time>
        <extensions>
          <ns3:TrackPointExtension>
            <ns3:hr>157</ns3:hr>
            <ns3:cad>98</ns3:cad>
          </ns3:TrackPointExtension>
        </extensions>
      </trkpt>
      <trkpt lat="34.23397251404821872711181640625" lon="108.937061838805675506591796875">
        <ele>406.79998779296875</ele>
        <time>2026-03-10T12:13:27.000Z</time>
        <extensions>
          <ns3:TrackPointExtension>
            <ns3:hr>157</ns3:hr>
            <ns3:cad>98</ns3:cad>
          </ns3:TrackPointExtension>
        </extensions>
      </trkpt>
      <trkpt lat="34.23394569195806980133056640625" lon="108.93705739639699459075927734375">
        <ele>406.79998779296875</ele>
        <time>2026-03-10T12:13:28.000Z</time>
        <extensions>
          <ns3:TrackPointExtension>
            <ns3:hr>157</ns3:hr>
            <ns3:cad>98</ns3:cad>
          </ns3:TrackPointExtension>
        </extensions>
      </trkpt>
      <trkpt lat="34.233909733593463897705078125" lon="108.93706024624407291412353515625">
        <ele>406.79998779296875</ele>
        <time>2026-03-10T12:13:29.000Z</time>
        <extensions>
          <ns3:TrackPointExtension>
            <ns3:hr>157</ns3:hr>
            <ns3:cad>98</ns3:cad>
          </ns3:TrackPointExtension>
        </extensions>
      </trkpt>
      <trkpt lat="34.2338753677904605865478515625" lon="108.93706242553889751434326171875">
        <ele>406.79998779296875</ele>
        <time>2026-03-10T12:13:30.000Z</time>
        <extensions>
          <ns3:TrackPointExtension>
            <ns3:hr>157</ns3:hr>
            <ns3:cad>99</ns3:cad>
          </ns3:TrackPointExtension>
        </extensions>
      </trkpt>
      <trkpt lat="34.23385248519480228424072265625" lon="108.9370613358914852142333984375">
        <ele>406.79998779296875</ele>
        <time>2026-03-10T12:13:31.000Z</time>
        <extensions>
          <ns3:TrackPointExtension>
            <ns3:hr>158</ns3:hr>
            <ns3:cad>99</ns3:cad>
          </ns3:TrackPointExtension>
        </extensions>
      </trkpt>
      <trkpt lat="34.23381208442151546478271484375" lon="108.93706410191953182220458984375">
        <ele>406.79998779296875</ele>
        <time>2026-03-10T12:13:32.000Z</time>
        <extensions>
          <ns3:TrackPointExtension>
            <ns3:hr>158</ns3:hr>
            <ns3:cad>99</ns3:cad>
          </ns3:TrackPointExtension>
        </extensions>
      </trkpt>
      <trkpt lat="34.233778975903987884521484375" lon="108.9370636828243732452392578125">
        <ele>406.79998779296875</ele>
        <time>2026-03-10T12:13:33.000Z</time>
        <extensions>
          <ns3:TrackPointExtension>
            <ns3:hr>158</ns3:hr>
            <ns3:cad>99</ns3:cad>
          </ns3:TrackPointExtension>
        </extensions>
      </trkpt>
      <trkpt lat="34.23375274054706096649169921875" lon="108.93705882132053375244140625">
        <ele>406.79998779296875</ele>
        <time>2026-03-10T12:13:34.000Z</time>
        <extensions>
          <ns3:TrackPointExtension>
            <ns3:hr>158</ns3:hr>
            <ns3:cad>98</ns3:cad>
          </ns3:TrackPointExtension>
        </extensions>
      </trkpt>
      <trkpt lat="34.2337171174585819244384765625" lon="108.93705840222537517547607421875">
        <ele>406.79998779296875</ele>
        <time>2026-03-10T12:13:35.000Z</time>
        <extensions>
          <ns3:TrackPointExtension>
            <ns3:hr>158</ns3:hr>
            <ns3:cad>98</ns3:cad>
          </ns3:TrackPointExtension>
        </extensions>
      </trkpt>
      <trkpt lat="34.23368342220783233642578125" lon="108.937060832977294921875">
        <ele>406.79998779296875</ele>
        <time>2026-03-10T12:13:36.000Z</time>
        <extensions>
          <ns3:TrackPointExtension>
            <ns3:hr>158</ns3:hr>
            <ns3:cad>99</ns3:cad>
          </ns3:TrackPointExtension>
        </extensions>
      </trkpt>
      <trkpt lat="34.23365718685090541839599609375" lon="108.93705546855926513671875">
        <ele>407</ele>
        <time>2026-03-10T12:13:37.000Z</time>
        <extensions>
          <ns3:TrackPointExtension>
            <ns3:hr>157</ns3:hr>
            <ns3:cad>100</ns3:cad>
          </ns3:TrackPointExtension>
        </extensions>
      </trkpt>
      <trkpt lat="34.2336245812475681304931640625" lon="108.93705672584474086761474609375">
        <ele>407</ele>
        <time>2026-03-10T12:13:38.000Z</time>
        <extensions>
          <ns3:TrackPointExtension>
            <ns3:hr>157</ns3:hr>
            <ns3:cad>101</ns3:cad>
          </ns3:TrackPointExtension>
        </extensions>
      </trkpt>
      <trkpt lat="34.233586527407169342041015625" lon="108.93706309609115123748779296875">
        <ele>407</ele>
        <time>2026-03-10T12:13:39.000Z</time>
        <extensions>
          <ns3:TrackPointExtension>
            <ns3:hr>157</ns3:hr>
            <ns3:cad>101</ns3:cad>
          </ns3:TrackPointExtension>
        </extensions>
      </trkpt>
      <trkpt lat="34.2335592024028301239013671875" lon="108.93706141971051692962646484375">
        <ele>407</ele>
        <time>2026-03-10T12:13:40.000Z</time>
        <extensions>
          <ns3:TrackPointExtension>
            <ns3:hr>157</ns3:hr>
            <ns3:cad>101</ns3:cad>
          </ns3:TrackPointExtension>
        </extensions>
      </trkpt>
      <trkpt lat="34.23353187739849090576171875" lon="108.93706862814724445343017578125">
        <ele>407</ele>
        <time>2026-03-10T12:13:41.000Z</time>
        <extensions>
          <ns3:TrackPointExtension>
            <ns3:hr>157</ns3:hr>
            <ns3:cad>101</ns3:cad>
          </ns3:TrackPointExtension>
        </extensions>
      </trkpt>
      <trkpt lat="34.233495332300662994384765625" lon="108.9370884932577610015869140625">
        <ele>407</ele>
        <time>2026-03-10T12:13:42.000Z</time>
        <extensions>
          <ns3:TrackPointExtension>
            <ns3:hr>157</ns3:hr>
            <ns3:cad>101</ns3:cad>
          </ns3:TrackPointExtension>
        </extensions>
      </trkpt>
      <trkpt lat="34.23346641473472118377685546875" lon="108.93710182048380374908447265625">
        <ele>407</ele>
        <time>2026-03-10T12:13:43.000Z</time>
        <extensions>
          <ns3:TrackPointExtension>
            <ns3:hr>157</ns3:hr>
            <ns3:cad>101</ns3:cad>
          </ns3:TrackPointExtension>
        </extensions>
      </trkpt>
      <trkpt lat="34.2334445379674434661865234375" lon="108.9371183328330516815185546875">
        <ele>407</ele>
        <time>2026-03-10T12:13:44.000Z</time>
        <extensions>
          <ns3:TrackPointExtension>
            <ns3:hr>157</ns3:hr>
            <ns3:cad>101</ns3:cad>
          </ns3:TrackPointExtension>
        </extensions>
      </trkpt>
      <trkpt lat="34.23341293819248676300048828125" lon="108.937148340046405792236328125">
        <ele>407</ele>
        <time>2026-03-10T12:13:45.000Z</time>
        <extensions>
          <ns3:TrackPointExtension>
            <ns3:hr>157</ns3:hr>
            <ns3:cad>101</ns3:cad>
          </ns3:TrackPointExtension>
        </extensions>
      </trkpt>
      <trkpt lat="34.23339030705392360687255859375" lon="108.937167786061763763427734375">
        <ele>407</ele>
        <time>2026-03-10T12:13:46.000Z</time>
        <extensions>
          <ns3:TrackPointExtension>
            <ns3:hr>157</ns3:hr>
            <ns3:cad>101</ns3:cad>
          </ns3:TrackPointExtension>
        </extensions>
      </trkpt>
      <trkpt lat="34.23337304033339023590087890625" lon="108.9372003078460693359375">
        <ele>407</ele>
        <time>2026-03-10T12:13:47.000Z</time>
        <extensions>
          <ns3:TrackPointExtension>
            <ns3:hr>157</ns3:hr>
            <ns3:cad>100</ns3:cad>
          </ns3:TrackPointExtension>
        </extensions>
      </trkpt>
      <trkpt lat="34.23334873281419277191162109375" lon="108.93724255263805389404296875">
        <ele>407</ele>
        <time>2026-03-10T12:13:48.000Z</time>
        <extensions>
          <ns3:TrackPointExtension>
            <ns3:hr>157</ns3:hr>
            <ns3:cad>100</ns3:cad>
          </ns3:TrackPointExtension>
        </extensions>
      </trkpt>
      <trkpt lat="34.23332895152270793914794921875" lon="108.9372695423662662506103515625">
        <ele>407</ele>
        <time>2026-03-10T12:13:49.000Z</time>
        <extensions>
          <ns3:TrackPointExtension>
            <ns3:hr>157</ns3:hr>
            <ns3:cad>99</ns3:cad>
          </ns3:TrackPointExtension>
        </extensions>
      </trkpt>
      <trkpt lat="34.2333201505243778228759765625" lon="108.93730415962636470794677734375">
        <ele>407</ele>
        <time>2026-03-10T12:13:50.000Z</time>
        <extensions>
          <ns3:TrackPointExtension>
            <ns3:hr>158</ns3:hr>
            <ns3:cad>99</ns3:cad>
          </ns3:TrackPointExtension>
        </extensions>
      </trkpt>
      <trkpt lat="34.23330497927963733673095703125" lon="108.93735009245574474334716796875">
        <ele>407</ele>
        <time>2026-03-10T12:13:51.000Z</time>
        <extensions>
          <ns3:TrackPointExtension>
            <ns3:hr>158</ns3:hr>
            <ns3:cad>99</ns3:cad>
          </ns3:TrackPointExtension>
        </extensions>
      </trkpt>
      <trkpt lat="34.233291149139404296875" lon="108.9373852126300334930419921875">
        <ele>406.79998779296875</ele>
        <time>2026-03-10T12:13:52.000Z</time>
        <extensions>
          <ns3:TrackPointExtension>
            <ns3:hr>158</ns3:hr>
            <ns3:cad>99</ns3:cad>
          </ns3:TrackPointExtension>
        </extensions>
      </trkpt>
      <trkpt lat="34.23328804783523082733154296875" lon="108.93742502667009830474853515625">
        <ele>406.79998779296875</ele>
        <time>2026-03-10T12:13:53.000Z</time>
        <extensions>
          <ns3:TrackPointExtension>
            <ns3:hr>158</ns3:hr>
            <ns3:cad>100</ns3:cad>
          </ns3:TrackPointExtension>
        </extensions>
      </trkpt>
      <trkpt lat="34.233286790549755096435546875" lon="108.9374727196991443634033203125">
        <ele>406.79998779296875</ele>
        <time>2026-03-10T12:13:54.000Z</time>
        <extensions>
          <ns3:TrackPointExtension>
            <ns3:hr>158</ns3:hr>
            <ns3:cad>100</ns3:cad>
          </ns3:TrackPointExtension>
        </extensions>
      </trkpt>
      <trkpt lat="34.233282767236232757568359375" lon="108.93751102499663829803466796875">
        <ele>406.79998779296875</ele>
        <time>2026-03-10T12:13:55.000Z</time>
        <extensions>
          <ns3:TrackPointExtension>
            <ns3:hr>158</ns3:hr>
            <ns3:cad>100</ns3:cad>
          </ns3:TrackPointExtension>
        </extensions>
      </trkpt>
      <trkpt lat="34.2332924902439117431640625" lon="108.9375575445592403411865234375">
        <ele>407</ele>
        <time>2026-03-10T12:13:56.000Z</time>
        <extensions>
          <ns3:TrackPointExtension>
            <ns3:hr>159</ns3:hr>
            <ns3:cad>100</ns3:cad>
          </ns3:TrackPointExtension>
        </extensions>
      </trkpt>
      <trkpt lat="34.23329827375710010528564453125" lon="108.93760356120765209197998046875">
        <ele>407</ele>
        <time>2026-03-10T12:13:57.000Z</time>
        <extensions>
          <ns3:TrackPointExtension>
            <ns3:hr>159</ns3:hr>
            <ns3:cad>100</ns3:cad>
          </ns3:TrackPointExtension>
        </extensions>
      </trkpt>
      <trkpt lat="34.23330246470868587493896484375" lon="108.93763524480164051055908203125">
        <ele>407</ele>
        <time>2026-03-10T12:13:58.000Z</time>
        <extensions>
          <ns3:TrackPointExtension>
            <ns3:hr>159</ns3:hr>
            <ns3:cad>98</ns3:cad>
          </ns3:TrackPointExtension>
        </extensions>
      </trkpt>
      <trkpt lat="34.23331595957279205322265625" lon="108.9376728795468807220458984375">
        <ele>407</ele>
        <time>2026-03-10T12:13:59.000Z</time>
        <extensions>
          <ns3:TrackPointExtension>
            <ns3:hr>160</ns3:hr>
            <ns3:cad>98</ns3:cad>
          </ns3:TrackPointExtension>
        </extensions>
      </trkpt>
      <trkpt lat="34.23333339393138885498046875" lon="108.9377070777118206024169921875">
        <ele>407</ele>
        <time>2026-03-10T12:14:00.000Z</time>
        <extensions>
          <ns3:TrackPointExtension>
            <ns3:hr>160</ns3:hr>
            <ns3:cad>98</ns3:cad>
          </ns3:TrackPointExtension>
        </extensions>
      </trkpt>
      <trkpt lat="34.2333463020622730255126953125" lon="108.93773683346807956695556640625">
        <ele>407</ele>
        <time>2026-03-10T12:14:01.000Z</time>
        <extensions>
          <ns3:TrackPointExtension>
            <ns3:hr>160</ns3:hr>
            <ns3:cad>98</ns3:cad>
          </ns3:TrackPointExtension>
        </extensions>
      </trkpt>
      <trkpt lat="34.233366586267948150634765625" lon="108.93776667304337024688720703125">
        <ele>407</ele>
        <time>2026-03-10T12:14:02.000Z</time>
        <extensions>
          <ns3:TrackPointExtension>
            <ns3:hr>160</ns3:hr>
            <ns3:cad>98</ns3:cad>
          </ns3:TrackPointExtension>
        </extensions>
      </trkpt>
      <trkpt lat="34.23339650966227054595947265625" lon="108.93779969774186611175537109375">
        <ele>407</ele>
        <time>2026-03-10T12:14:03.000Z</time>
        <extensions>
          <ns3:TrackPointExtension>
            <ns3:hr>160</ns3:hr>
            <ns3:cad>98</ns3:cad>
          </ns3:TrackPointExtension>
        </extensions>
      </trkpt>
      <trkpt lat="34.2334170453250408172607421875" lon="108.93782501108944416046142578125">
        <ele>407</ele>
        <time>2026-03-10T12:14:04.000Z</time>
        <extensions>
          <ns3:TrackPointExtension>
            <ns3:hr>160</ns3:hr>
            <ns3:cad>101</ns3:cad>
          </ns3:TrackPointExtension>
        </extensions>
      </trkpt>
      <trkpt lat="34.2334405146539211273193359375" lon="108.93785007297992706298828125">
        <ele>407</ele>
        <time>2026-03-10T12:14:05.000Z</time>
        <extensions>
          <ns3:TrackPointExtension>
            <ns3:hr>160</ns3:hr>
            <ns3:cad>101</ns3:cad>
          </ns3:TrackPointExtension>
        </extensions>
      </trkpt>
      <trkpt lat="34.2334757186472415924072265625" lon="108.9378730393946170806884765625">
        <ele>407</ele>
        <time>2026-03-10T12:14:06.000Z</time>
        <extensions>
          <ns3:TrackPointExtension>
            <ns3:hr>161</ns3:hr>
            <ns3:cad>101</ns3:cad>
          </ns3:TrackPointExtension>
        </extensions>
      </trkpt>
      <trkpt lat="34.23349910415709018707275390625" lon="108.9378921501338481903076171875">
        <ele>407</ele>
        <time>2026-03-10T12:14:07.000Z</time>
        <extensions>
          <ns3:TrackPointExtension>
            <ns3:hr>160</ns3:hr>
            <ns3:cad>101</ns3:cad>
          </ns3:TrackPointExtension>
        </extensions>
      </trkpt>
      <trkpt lat="34.23352525569498538970947265625" lon="108.93790581263601779937744140625">
        <ele>407</ele>
        <time>2026-03-10T12:14:08.000Z</time>
        <extensions>
          <ns3:TrackPointExtension>
            <ns3:hr>160</ns3:hr>
            <ns3:cad>101</ns3:cad>
          </ns3:TrackPointExtension>
        </extensions>
      </trkpt>
      <trkpt lat="34.23356213606894016265869140625" lon="108.93792157061398029327392578125">
        <ele>407</ele>
        <time>2026-03-10T12:14:09.000Z</time>
        <extensions>
          <ns3:TrackPointExtension>
            <ns3:hr>160</ns3:hr>
            <ns3:cad>101</ns3:cad>
          </ns3:TrackPointExtension>
        </extensions>
      </trkpt>
      <trkpt lat="34.23358954489231109619140625" lon="108.93793347291648387908935546875">
        <ele>407</ele>
        <time>2026-03-10T12:14:10.000Z</time>
        <extensions>
          <ns3:TrackPointExtension>
            <ns3:hr>161</ns3:hr>
            <ns3:cad>100</ns3:cad>
          </ns3:TrackPointExtension>
        </extensions>
      </trkpt>
      <trkpt lat="34.23361527733504772186279296875" lon="108.93793012015521526336669921875">
        <ele>407</ele>
        <time>2026-03-10T12:14:11.000Z</time>
        <extensions>
          <ns3:TrackPointExtension>
            <ns3:hr>161</ns3:hr>
            <ns3:cad>100</ns3:cad>
          </ns3:TrackPointExtension>
        </extensions>
      </trkpt>
      <trkpt lat="34.23365500755608081817626953125" lon="108.93792877905070781707763671875">
        <ele>407</ele>
        <time>2026-03-10T12:14:12.000Z</time>
        <extensions>
          <ns3:TrackPointExtension>
            <ns3:hr>161</ns3:hr>
            <ns3:cad>100</ns3:cad>
          </ns3:TrackPointExtension>
        </extensions>
      </trkpt>
      <trkpt lat="34.2336832545697689056396484375" lon="108.9379307068884372711181640625">
        <ele>407</ele>
        <time>2026-03-10T12:14:13.000Z</time>
        <extensions>
          <ns3:TrackPointExtension>
            <ns3:hr>162</ns3:hr>
            <ns3:cad>100</ns3:cad>
          </ns3:TrackPointExtension>
        </extensions>
      </trkpt>
      <trkpt lat="34.2337080650031566619873046875" lon="108.93792928196489810943603515625">
        <ele>407.20001220703125</ele>
        <time>2026-03-10T12:14:14.000Z</time>
        <extensions>
          <ns3:TrackPointExtension>
            <ns3:hr>162</ns3:hr>
            <ns3:cad>101</ns3:cad>
          </ns3:TrackPointExtension>
        </extensions>
      </trkpt>
      <trkpt lat="34.23374645411968231201171875" lon="108.9379229955375194549560546875">
        <ele>407.20001220703125</ele>
        <time>2026-03-10T12:14:15.000Z</time>
        <extensions>
          <ns3:TrackPointExtension>
            <ns3:hr>163</ns3:hr>
            <ns3:cad>101</ns3:cad>
          </ns3:TrackPointExtension>
        </extensions>
      </trkpt>
      <trkpt lat="34.2337774671614170074462890625" lon="108.9379209838807582855224609375">
        <ele>407.20001220703125</ele>
        <time>2026-03-10T12:14:16.000Z</time>
        <extensions>
          <ns3:TrackPointExtension>
            <ns3:hr>163</ns3:hr>
            <ns3:cad>101</ns3:cad>
          </ns3:TrackPointExtension>
        </extensions>
      </trkpt>
      <trkpt lat="34.2338079772889614105224609375" lon="108.93791335634887218475341796875">
        <ele>407</ele>
        <time>2026-03-10T12:14:17.000Z</time>
        <extensions>
          <ns3:TrackPointExtension>
            <ns3:hr>163</ns3:hr>
            <ns3:cad>101</ns3:cad>
          </ns3:TrackPointExtension>
        </extensions>
      </trkpt>
      <trkpt lat="34.23384443856775760650634765625" lon="108.9379105903208255767822265625">
        <ele>407</ele>
        <time>2026-03-10T12:14:18.000Z</time>
        <extensions>
          <ns3:TrackPointExtension>
            <ns3:hr>163</ns3:hr>
            <ns3:cad>101</ns3:cad>
          </ns3:TrackPointExtension>
        </extensions>
      </trkpt>
      <trkpt lat="34.2338773794472217559814453125" lon="108.937914110720157623291015625">
        <ele>407</ele>
        <time>2026-03-10T12:14:19.000Z</time>
        <extensions>
          <ns3:TrackPointExtension>
            <ns3:hr>164</ns3:hr>
            <ns3:cad>100</ns3:cad>
          </ns3:TrackPointExtension>
        </extensions>
      </trkpt>
      <trkpt lat="34.23390336334705352783203125" lon="108.93791402690112590789794921875">
        <ele>407</ele>
        <time>2026-03-10T12:14:20.000Z</time>
        <extensions>
          <ns3:TrackPointExtension>
            <ns3:hr>164</ns3:hr>
            <ns3:cad>100</ns3:cad>
          </ns3:TrackPointExtension>
        </extensions>
      </trkpt>
      <trkpt lat="34.2339400760829448699951171875" lon="108.93791302107274532318115234375">
        <ele>407</ele>
        <time>2026-03-10T12:14:21.000Z</time>
        <extensions>
          <ns3:TrackPointExtension>
            <ns3:hr>164</ns3:hr>
            <ns3:cad>99</ns3:cad>
          </ns3:TrackPointExtension>
        </extensions>
      </trkpt>
      <trkpt lat="34.23396932892501354217529296875" lon="108.93791151233017444610595703125">
        <ele>407</ele>
        <time>2026-03-10T12:14:22.000Z</time>
        <extensions>
          <ns3:TrackPointExtension>
            <ns3:hr>164</ns3:hr>
            <ns3:cad>99</ns3:cad>
          </ns3:TrackPointExtension>
        </extensions>
      </trkpt>
      <trkpt lat="34.2339937202632427215576171875" lon="108.9379099197685718536376953125">
        <ele>407</ele>
        <time>2026-03-10T12:14:23.000Z</time>
        <extensions>
          <ns3:TrackPointExtension>
            <ns3:hr>163</ns3:hr>
            <ns3:cad>99</ns3:cad>
          </ns3:TrackPointExtension>
        </extensions>
      </trkpt>
      <trkpt lat="34.23402649350464344024658203125" lon="108.93790832720696926116943359375">
        <ele>407</ele>
        <time>2026-03-10T12:14:24.000Z</time>
        <extensions>
          <ns3:TrackPointExtension>
            <ns3:hr>164</ns3:hr>
            <ns3:cad>100</ns3:cad>
          </ns3:TrackPointExtension>
        </extensions>
      </trkpt>
      <trkpt lat="34.23405348323285579681396484375" lon="108.93791134469211101531982421875">
        <ele>407</ele>
        <time>2026-03-10T12:14:25.000Z</time>
        <extensions>
          <ns3:TrackPointExtension>
            <ns3:hr>164</ns3:hr>
            <ns3:cad>100</ns3:cad>
          </ns3:TrackPointExtension>
        </extensions>
      </trkpt>
      <trkpt lat="34.23408097587525844573974609375" lon="108.93791318871080875396728515625">
        <ele>407.20001220703125</ele>
        <time>2026-03-10T12:14:26.000Z</time>
        <extensions>
          <ns3:TrackPointExtension>
            <ns3:hr>164</ns3:hr>
            <ns3:cad>100</ns3:cad>
          </ns3:TrackPointExtension>
        </extensions>
      </trkpt>
      <trkpt lat="34.23411902971565723419189453125" lon="108.9379112608730792999267578125">
        <ele>407</ele>
        <time>2026-03-10T12:14:27.000Z</time>
        <extensions>
          <ns3:TrackPointExtension>
            <ns3:hr>164</ns3:hr>
            <ns3:cad>100</ns3:cad>
          </ns3:TrackPointExtension>
        </extensions>
      </trkpt>
      <trkpt lat="34.23415071330964565277099609375" lon="108.937913440167903900146484375">
        <ele>407</ele>
        <time>2026-03-10T12:14:28.000Z</time>
        <extensions>
          <ns3:TrackPointExtension>
            <ns3:hr>163</ns3:hr>
            <ns3:cad>100</ns3:cad>
          </ns3:TrackPointExtension>
        </extensions>
      </trkpt>
      <trkpt lat="34.23417384736239910125732421875" lon="108.93791788257658481597900390625">
        <ele>407</ele>
        <time>2026-03-10T12:14:29.000Z</time>
        <extensions>
          <ns3:TrackPointExtension>
            <ns3:hr>164</ns3:hr>
            <ns3:cad>100</ns3:cad>
          </ns3:TrackPointExtension>
        </extensions>
      </trkpt>
      <trkpt lat="34.23420905135571956634521484375" lon="108.9379179663956165313720703125">
        <ele>407</ele>
        <time>2026-03-10T12:14:30.000Z</time>
        <extensions>
          <ns3:TrackPointExtension>
            <ns3:hr>164</ns3:hr>
            <ns3:cad>100</ns3:cad>
          </ns3:TrackPointExtension>
        </extensions>
      </trkpt>
      <trkpt lat="34.234236963093280792236328125" lon="108.93791855312883853912353515625">
        <ele>407</ele>
        <time>2026-03-10T12:14:31.000Z</time>
        <extensions>
          <ns3:TrackPointExtension>
            <ns3:hr>164</ns3:hr>
            <ns3:cad>101</ns3:cad>
          </ns3:TrackPointExtension>
        </extensions>
      </trkpt>
      <trkpt lat="34.23426143825054168701171875" lon="108.937926180660724639892578125">
        <ele>407</ele>
        <time>2026-03-10T12:14:32.000Z</time>
        <extensions>
          <ns3:TrackPointExtension>
            <ns3:hr>163</ns3:hr>
            <ns3:cad>101</ns3:cad>
          </ns3:TrackPointExtension>
        </extensions>
      </trkpt>
      <trkpt lat="34.234296977519989013671875" lon="108.9379283599555492401123046875">
        <ele>407</ele>
        <time>2026-03-10T12:14:33.000Z</time>
        <extensions>
          <ns3:TrackPointExtension>
            <ns3:hr>164</ns3:hr>
            <ns3:cad>100</ns3:cad>
          </ns3:TrackPointExtension>
        </extensions>
      </trkpt>
      <trkpt lat="34.2343259789049625396728515625" lon="108.93793548457324504852294921875">
        <ele>407</ele>
        <time>2026-03-10T12:14:34.000Z</time>
        <extensions>
          <ns3:TrackPointExtension>
            <ns3:hr>164</ns3:hr>
            <ns3:cad>100</ns3:cad>
          </ns3:TrackPointExtension>
        </extensions>
      </trkpt>
      <trkpt lat="34.234355986118316650390625" lon="108.93793431110680103302001953125">
        <ele>407</ele>
        <time>2026-03-10T12:14:35.000Z</time>
        <extensions>
          <ns3:TrackPointExtension>
            <ns3:hr>164</ns3:hr>
            <ns3:cad>99</ns3:cad>
          </ns3:TrackPointExtension>
        </extensions>
      </trkpt>
      <trkpt lat="34.2343930341303348541259765625" lon="108.93793313764035701751708984375">
        <ele>407</ele>
        <time>2026-03-10T12:14:36.000Z</time>
        <extensions>
          <ns3:TrackPointExtension>
            <ns3:hr>163</ns3:hr>
            <ns3:cad>99</ns3:cad>
          </ns3:TrackPointExtension>
        </extensions>
      </trkpt>
      <trkpt lat="34.234422035515308380126953125" lon="108.9379367418587207794189453125">
        <ele>407</ele>
        <time>2026-03-10T12:14:37.000Z</time>
        <extensions>
          <ns3:TrackPointExtension>
            <ns3:hr>164</ns3:hr>
            <ns3:cad>99</ns3:cad>
          </ns3:TrackPointExtension>
        </extensions>
      </trkpt>
      <trkpt lat="34.23445128835737705230712890625" lon="108.93793229945003986358642578125">
        <ele>407.20001220703125</ele>
        <time>2026-03-10T12:14:38.000Z</time>
        <extensions>
          <ns3:TrackPointExtension>
            <ns3:hr>164</ns3:hr>
            <ns3:cad>98</ns3:cad>
          </ns3:TrackPointExtension>
        </extensions>
      </trkpt>
      <trkpt lat="34.23449051566421985626220703125" lon="108.9379270188510417938232421875">
        <ele>407.20001220703125</ele>
        <time>2026-03-10T12:14:39.000Z</time>
        <extensions>
          <ns3:TrackPointExtension>
            <ns3:hr>164</ns3:hr>
            <ns3:cad>98</ns3:cad>
          </ns3:TrackPointExtension>
        </extensions>
      </trkpt>
      <trkpt lat="34.23452018760144710540771484375" lon="108.93791872076690196990966796875">
        <ele>407.20001220703125</ele>
        <time>2026-03-10T12:14:40.000Z</time>
        <extensions>
          <ns3:TrackPointExtension>
            <ns3:hr>163</ns3:hr>
            <ns3:cad>99</ns3:cad>
          </ns3:TrackPointExtension>
        </extensions>
      </trkpt>
      <trkpt lat="34.23454667441546916961669921875" lon="108.9379045553505420684814453125">
        <ele>407.20001220703125</ele>
        <time>2026-03-10T12:14:41.000Z</time>
        <extensions>
          <ns3:TrackPointExtension>
            <ns3:hr>164</ns3:hr>
            <ns3:cad>100</ns3:cad>
          </ns3:TrackPointExtension>
        </extensions>
      </trkpt>
      <trkpt lat="34.23457852564752101898193359375" lon="108.9378857798874378204345703125">
        <ele>407.20001220703125</ele>
        <time>2026-03-10T12:14:42.000Z</time>
        <extensions>
          <ns3:TrackPointExtension>
            <ns3:hr>164</ns3:hr>
            <ns3:cad>100</ns3:cad>
          </ns3:TrackPointExtension>
        </extensions>
      </trkpt>
      <trkpt lat="34.234608113765716552734375" lon="108.93786977045238018035888671875">
        <ele>407.20001220703125</ele>
        <time>2026-03-10T12:14:43.000Z</time>
        <extensions>
          <ns3:TrackPointExtension>
            <ns3:hr>163</ns3:hr>
            <ns3:cad>100</ns3:cad>
          </ns3:TrackPointExtension>
        </extensions>
      </trkpt>
      <trkpt lat="34.23462831415235996246337890625" lon="108.937833309173583984375">
        <ele>407.20001220703125</ele>
        <time>2026-03-10T12:14:44.000Z</time>
        <extensions>
          <ns3:TrackPointExtension>
            <ns3:hr>164</ns3:hr>
            <ns3:cad>100</ns3:cad>
          </ns3:TrackPointExtension>
        </extensions>
      </trkpt>
      <trkpt lat="34.23465647734701633453369140625" lon="108.9378006197512149810791015625">
        <ele>407.20001220703125</ele>
        <time>2026-03-10T12:14:45.000Z</time>
        <extensions>
          <ns3:TrackPointExtension>
            <ns3:hr>164</ns3:hr>
            <ns3:cad>100</ns3:cad>
          </ns3:TrackPointExtension>
        </extensions>
      </trkpt>
      <trkpt lat="34.2346818745136260986328125" lon="108.937777318060398101806640625">
        <ele>407.20001220703125</ele>
        <time>2026-03-10T12:14:46.000Z</time>
        <extensions>
          <ns3:TrackPointExtension>
            <ns3:hr>163</ns3:hr>
            <ns3:cad>100</ns3:cad>
          </ns3:TrackPointExtension>
        </extensions>
      </trkpt>
      <trkpt lat="34.23470090143382549285888671875" lon="108.937749154865741729736328125">
        <ele>407.399993896484375</ele>
        <time>2026-03-10T12:14:47.000Z</time>
        <extensions>
          <ns3:TrackPointExtension>
            <ns3:hr>164</ns3:hr>
            <ns3:cad>100</ns3:cad>
          </ns3:TrackPointExtension>
        </extensions>
      </trkpt>
      <trkpt lat="34.23471632413566112518310546875" lon="108.93771101720631122589111328125">
        <ele>407.399993896484375</ele>
        <time>2026-03-10T12:14:48.000Z</time>
        <extensions>
          <ns3:TrackPointExtension>
            <ns3:hr>164</ns3:hr>
            <ns3:cad>101</ns3:cad>
          </ns3:TrackPointExtension>
        </extensions>
      </trkpt>
      <trkpt lat="34.23473593778908252716064453125" lon="108.9376832731068134307861328125">
        <ele>407.399993896484375</ele>
        <time>2026-03-10T12:14:49.000Z</time>
        <extensions>
          <ns3:TrackPointExtension>
            <ns3:hr>164</ns3:hr>
            <ns3:cad>101</ns3:cad>
          </ns3:TrackPointExtension>
        </extensions>
      </trkpt>
      <trkpt lat="34.23475052230060100555419921875" lon="108.93765485845506191253662109375">
        <ele>407.399993896484375</ele>
        <time>2026-03-10T12:14:50.000Z</time>
        <extensions>
          <ns3:TrackPointExtension>
            <ns3:hr>163</ns3:hr>
            <ns3:cad>101</ns3:cad>
          </ns3:TrackPointExtension>
        </extensions>
      </trkpt>
      <trkpt lat="34.2347574792802333831787109375" lon="108.93761261366307735443115234375">
        <ele>407.20001220703125</ele>
        <time>2026-03-10T12:14:51.000Z</time>
        <extensions>
          <ns3:TrackPointExtension>
            <ns3:hr>164</ns3:hr>
            <ns3:cad>101</ns3:cad>
          </ns3:TrackPointExtension>
        </extensions>
      </trkpt>
      <trkpt lat="34.2347692139446735382080078125" lon="108.93758059479296207427978515625">
        <ele>407.20001220703125</ele>
        <time>2026-03-10T12:14:52.000Z</time>
        <extensions>
          <ns3:TrackPointExtension>
            <ns3:hr>164</ns3:hr>
            <ns3:cad>100</ns3:cad>
          </ns3:TrackPointExtension>
        </extensions>
      </trkpt>
      <trkpt lat="34.23477633856236934661865234375" lon="108.9375394396483898162841796875">
        <ele>407.20001220703125</ele>
        <time>2026-03-10T12:14:53.000Z</time>
        <extensions>
          <ns3:TrackPointExtension>
            <ns3:hr>164</ns3:hr>
            <ns3:cad>100</ns3:cad>
          </ns3:TrackPointExtension>
        </extensions>
      </trkpt>
      <trkpt lat="34.23477985896170139312744140625" lon="108.93750230781733989715576171875">
        <ele>407</ele>
        <time>2026-03-10T12:14:54.000Z</time>
        <extensions>
          <ns3:TrackPointExtension>
            <ns3:hr>164</ns3:hr>
            <ns3:cad>100</ns3:cad>
          </ns3:TrackPointExtension>
        </extensions>
      </trkpt>
      <trkpt lat="34.23478178679943084716796875" lon="108.93746911548078060150146484375">
        <ele>407</ele>
        <time>2026-03-10T12:14:55.000Z</time>
        <extensions>
          <ns3:TrackPointExtension>
            <ns3:hr>164</ns3:hr>
            <ns3:cad>98</ns3:cad>
          </ns3:TrackPointExtension>
        </extensions>
      </trkpt>
      <trkpt lat="34.23477374017238616943359375" lon="108.9374256134033203125">
        <ele>407</ele>
        <time>2026-03-10T12:14:56.000Z</time>
        <extensions>
          <ns3:TrackPointExtension>
            <ns3:hr>165</ns3:hr>
            <ns3:cad>97</ns3:cad>
          </ns3:TrackPointExtension>
        </extensions>
      </trkpt>
      <trkpt lat="34.234772734344005584716796875" lon="108.93738797865808010101318359375">
        <ele>407.20001220703125</ele>
        <time>2026-03-10T12:14:57.000Z</time>
        <extensions>
          <ns3:TrackPointExtension>
            <ns3:hr>164</ns3:hr>
            <ns3:cad>97</ns3:cad>
          </ns3:TrackPointExtension>
        </extensions>
      </trkpt>
      <trkpt lat="34.23476577736437320709228515625" lon="108.93734984099864959716796875">
        <ele>407.20001220703125</ele>
        <time>2026-03-10T12:14:58.000Z</time>
        <extensions>
          <ns3:TrackPointExtension>
            <ns3:hr>164</ns3:hr>
            <ns3:cad>97</ns3:cad>
          </ns3:TrackPointExtension>
        </extensions>
      </trkpt>
      <trkpt lat="34.234746582806110382080078125" lon="108.9373060874640941619873046875">
        <ele>407.20001220703125</ele>
        <time>2026-03-10T12:14:59.000Z</time>
        <extensions>
          <ns3:TrackPointExtension>
            <ns3:hr>164</ns3:hr>
            <ns3:cad>97</ns3:cad>
          </ns3:TrackPointExtension>
        </extensions>
      </trkpt>
      <trkpt lat="34.2347360216081142425537109375" lon="108.93727205693721771240234375">
        <ele>407.20001220703125</ele>
        <time>2026-03-10T12:15:00.000Z</time>
        <extensions>
          <ns3:TrackPointExtension>
            <ns3:hr>161</ns3:hr>
            <ns3:cad>97</ns3:cad>
          </ns3:TrackPointExtension>
        </extensions>
      </trkpt>
      <trkpt lat="34.234707690775394439697265625" lon="108.9372338354587554931640625">
        <ele>407.20001220703125</ele>
        <time>2026-03-10T12:15:01.000Z</time>
        <extensions>
          <ns3:TrackPointExtension>
            <ns3:hr>154</ns3:hr>
            <ns3:cad>98</ns3:cad>
          </ns3:TrackPointExtension>
        </extensions>
      </trkpt>
      <trkpt lat="34.23468480817973613739013671875" lon="108.937199302017688751220703125">
        <ele>407.20001220703125</ele>
        <time>2026-03-10T12:15:02.000Z</time>
        <extensions>
          <ns3:TrackPointExtension>
            <ns3:hr>152</ns3:hr>
            <ns3:cad>98</ns3:cad>
          </ns3:TrackPointExtension>
        </extensions>
      </trkpt>
      <trkpt lat="34.2346639372408390045166015625" lon="108.93717574886977672576904296875">
        <ele>407.20001220703125</ele>
        <time>2026-03-10T12:15:03.000Z</time>
        <extensions>
          <ns3:TrackPointExtension>
            <ns3:hr>151</ns3:hr>
            <ns3:cad>98</ns3:cad>
          </ns3:TrackPointExtension>
        </extensions>
      </trkpt>
      <trkpt lat="34.23462596721947193145751953125" lon="108.93714590929448604583740234375">
        <ele>407.20001220703125</ele>
        <time>2026-03-10T12:15:04.000Z</time>
        <extensions>
          <ns3:TrackPointExtension>
            <ns3:hr>151</ns3:hr>
            <ns3:cad>97</ns3:cad>
          </ns3:TrackPointExtension>
        </extensions>
      </trkpt>
      <trkpt lat="34.23459813930094242095947265625" lon="108.93712051212787628173828125">
        <ele>407.20001220703125</ele>
        <time>2026-03-10T12:15:05.000Z</time>
        <extensions>
          <ns3:TrackPointExtension>
            <ns3:hr>151</ns3:hr>
            <ns3:cad>97</ns3:cad>
          </ns3:TrackPointExtension>
        </extensions>
      </trkpt>
      <trkpt lat="34.23457332886755466461181640625" lon="108.9370982162654399871826171875">
        <ele>407</ele>
        <time>2026-03-10T12:15:06.000Z</time>
        <extensions>
          <ns3:TrackPointExtension>
            <ns3:hr>150</ns3:hr>
            <ns3:cad>97</ns3:cad>
          </ns3:TrackPointExtension>
        </extensions>
      </trkpt>
      <trkpt lat="34.2345392145216464996337890625" lon="108.93707893788814544677734375">
        <ele>407.20001220703125</ele>
        <time>2026-03-10T12:15:07.000Z</time>
        <extensions>
          <ns3:TrackPointExtension>
            <ns3:hr>151</ns3:hr>
            <ns3:cad>98</ns3:cad>
          </ns3:TrackPointExtension>
        </extensions>
      </trkpt>
      <trkpt lat="34.234509877860546112060546875" lon="108.9370620064437389373779296875">
        <ele>407.20001220703125</ele>
        <time>2026-03-10T12:15:08.000Z</time>
        <extensions>
          <ns3:TrackPointExtension>
            <ns3:hr>151</ns3:hr>
            <ns3:cad>99</ns3:cad>
          </ns3:TrackPointExtension>
        </extensions>
      </trkpt>
      <trkpt lat="34.23448012210428714752197265625" lon="108.93705085851252079010009765625">
        <ele>407.20001220703125</ele>
        <time>2026-03-10T12:15:09.000Z</time>
        <extensions>
          <ns3:TrackPointExtension>
            <ns3:hr>151</ns3:hr>
            <ns3:cad>99</ns3:cad>
          </ns3:TrackPointExtension>
        </extensions>
      </trkpt>
      <trkpt lat="34.23444407992064952850341796875" lon="108.93705035559833049774169921875">
        <ele>407.20001220703125</ele>
        <time>2026-03-10T12:15:10.000Z</time>
        <extensions>
          <ns3:TrackPointExtension>
            <ns3:hr>151</ns3:hr>
            <ns3:cad>99</ns3:cad>
          </ns3:TrackPointExtension>
        </extensions>
      </trkpt>
      <trkpt lat="34.23441474325954914093017578125" lon="108.93704633228480815887451171875">
        <ele>407.20001220703125</ele>
        <time>2026-03-10T12:15:11.000Z</time>
        <extensions>
          <ns3:TrackPointExtension>
            <ns3:hr>151</ns3:hr>
            <ns3:cad>99</ns3:cad>
          </ns3:TrackPointExtension>
        </extensions>
      </trkpt>
      <trkpt lat="34.23438272438943386077880859375" lon="108.93704834394156932830810546875">
        <ele>407</ele>
        <time>2026-03-10T12:15:12.000Z</time>
        <extensions>
          <ns3:TrackPointExtension>
            <ns3:hr>152</ns3:hr>
            <ns3:cad>99</ns3:cad>
          </ns3:TrackPointExtension>
        </extensions>
      </trkpt>
      <trkpt lat="34.23434332944452762603759765625" lon="108.9370549656450748443603515625">
        <ele>407</ele>
        <time>2026-03-10T12:15:13.000Z</time>
        <extensions>
          <ns3:TrackPointExtension>
            <ns3:hr>152</ns3:hr>
            <ns3:cad>99</ns3:cad>
          </ns3:TrackPointExtension>
        </extensions>
      </trkpt>
      <trkpt lat="34.23431164585053920745849609375" lon="108.93705882132053375244140625">
        <ele>407</ele>
        <time>2026-03-10T12:15:14.000Z</time>
        <extensions>
          <ns3:TrackPointExtension>
            <ns3:hr>152</ns3:hr>
            <ns3:cad>99</ns3:cad>
          </ns3:TrackPointExtension>
        </extensions>
      </trkpt>
      <trkpt lat="34.23427375964820384979248046875" lon="108.93706292845308780670166015625">
        <ele>407</ele>
        <time>2026-03-10T12:15:15.000Z</time>
        <extensions>
          <ns3:TrackPointExtension>
            <ns3:hr>152</ns3:hr>
            <ns3:cad>99</ns3:cad>
          </ns3:TrackPointExtension>
        </extensions>
      </trkpt>
      <trkpt lat="34.234237968921661376953125" lon="108.93706460483372211456298828125">
        <ele>407.20001220703125</ele>
        <time>2026-03-10T12:15:16.000Z</time>
        <extensions>
          <ns3:TrackPointExtension>
            <ns3:hr>151</ns3:hr>
            <ns3:cad>99</ns3:cad>
          </ns3:TrackPointExtension>
        </extensions>
      </trkpt>
      <trkpt lat="34.234213493764400482177734375" lon="108.93706594593822956085205078125">
        <ele>407.20001220703125</ele>
        <time>2026-03-10T12:15:17.000Z</time>
        <extensions>
          <ns3:TrackPointExtension>
            <ns3:hr>152</ns3:hr>
            <ns3:cad>99</ns3:cad>
          </ns3:TrackPointExtension>
        </extensions>
      </trkpt>
      <trkpt lat="34.23417686484754085540771484375" lon="108.937059156596660614013671875">
        <ele>407.20001220703125</ele>
        <time>2026-03-10T12:15:18.000Z</time>
        <extensions>
          <ns3:TrackPointExtension>
            <ns3:hr>152</ns3:hr>
            <ns3:cad>99</ns3:cad>
          </ns3:TrackPointExtension>
        </extensions>
      </trkpt>
      <trkpt lat="34.23414668999612331390380859375" lon="108.937058150768280029296875">
        <ele>407.20001220703125</ele>
        <time>2026-03-10T12:15:19.000Z</time>
        <extensions>
          <ns3:TrackPointExtension>
            <ns3:hr>152</ns3:hr>
            <ns3:cad>99</ns3:cad>
          </ns3:TrackPointExtension>
        </extensions>
      </trkpt>
      <trkpt lat="34.23412330448627471923828125" lon="108.93706175498664379119873046875">
        <ele>407.20001220703125</ele>
        <time>2026-03-10T12:15:20.000Z</time>
        <extensions>
          <ns3:TrackPointExtension>
            <ns3:hr>152</ns3:hr>
            <ns3:cad>98</ns3:cad>
          </ns3:TrackPointExtension>
        </extensions>
      </trkpt>
      <trkpt lat="34.23408382572233676910400390625" lon="108.93706443719565868377685546875">
        <ele>407.20001220703125</ele>
        <time>2026-03-10T12:15:21.000Z</time>
        <extensions>
          <ns3:TrackPointExtension>
            <ns3:hr>152</ns3:hr>
            <ns3:cad>98</ns3:cad>
          </ns3:TrackPointExtension>
        </extensions>
      </trkpt>
      <trkpt lat="34.23405624926090240478515625" lon="108.93705991096794605255126953125">
        <ele>407.20001220703125</ele>
        <time>2026-03-10T12:15:22.000Z</time>
        <extensions>
          <ns3:TrackPointExtension>
            <ns3:hr>152</ns3:hr>
            <ns3:cad>98</ns3:cad>
          </ns3:TrackPointExtension>
        </extensions>
      </trkpt>
      <trkpt lat="34.23403034918010234832763671875" lon="108.9370680414140224456787109375">
        <ele>407.20001220703125</ele>
        <time>2026-03-10T12:15:23.000Z</time>
        <extensions>
          <ns3:TrackPointExtension>
            <ns3:hr>152</ns3:hr>
            <ns3:cad>98</ns3:cad>
          </ns3:TrackPointExtension>
        </extensions>
      </trkpt>
      <trkpt lat="34.23399564810097217559814453125" lon="108.937069214880466461181640625">
        <ele>407.20001220703125</ele>
        <time>2026-03-10T12:15:24.000Z</time>
        <extensions>
          <ns3:TrackPointExtension>
            <ns3:hr>151</ns3:hr>
            <ns3:cad>98</ns3:cad>
          </ns3:TrackPointExtension>
        </extensions>
      </trkpt>
      <trkpt lat="34.233966730535030364990234375" lon="108.937063179910182952880859375">
        <ele>407.20001220703125</ele>
        <time>2026-03-10T12:15:25.000Z</time>
        <extensions>
          <ns3:TrackPointExtension>
            <ns3:hr>152</ns3:hr>
            <ns3:cad>98</ns3:cad>
          </ns3:TrackPointExtension>
        </extensions>
      </trkpt>
      <trkpt lat="34.2339383997023105621337890625" lon="108.93706158734858036041259765625">
        <ele>407.20001220703125</ele>
        <time>2026-03-10T12:15:26.000Z</time>
        <extensions>
          <ns3:TrackPointExtension>
            <ns3:hr>152</ns3:hr>
            <ns3:cad>98</ns3:cad>
          </ns3:TrackPointExtension>
        </extensions>
      </trkpt>
      <trkpt lat="34.23390093259513378143310546875" lon="108.93706141971051692962646484375">
        <ele>407.20001220703125</ele>
        <time>2026-03-10T12:15:27.000Z</time>
        <extensions>
          <ns3:TrackPointExtension>
            <ns3:hr>152</ns3:hr>
            <ns3:cad>99</ns3:cad>
          </ns3:TrackPointExtension>
        </extensions>
      </trkpt>
      <trkpt lat="34.23387612216174602508544921875" lon="108.93705169670283794403076171875">
        <ele>407.20001220703125</ele>
        <time>2026-03-10T12:15:28.000Z</time>
        <extensions>
          <ns3:TrackPointExtension>
            <ns3:hr>152</ns3:hr>
            <ns3:cad>99</ns3:cad>
          </ns3:TrackPointExtension>
        </extensions>
      </trkpt>
      <trkpt lat="34.233845360577106475830078125" lon="108.93705572001636028289794921875">
        <ele>407.20001220703125</ele>
        <time>2026-03-10T12:15:29.000Z</time>
        <extensions>
          <ns3:TrackPointExtension>
            <ns3:hr>152</ns3:hr>
            <ns3:cad>99</ns3:cad>
          </ns3:TrackPointExtension>
        </extensions>
      </trkpt>
      <trkpt lat="34.23381091095507144927978515625" lon="108.937059827148914337158203125">
        <ele>407.20001220703125</ele>
        <time>2026-03-10T12:15:30.000Z</time>
        <extensions>
          <ns3:TrackPointExtension>
            <ns3:hr>152</ns3:hr>
            <ns3:cad>99</ns3:cad>
          </ns3:TrackPointExtension>
        </extensions>
      </trkpt>
      <trkpt lat="34.23378467559814453125" lon="108.937054462730884552001953125">
        <ele>407.20001220703125</ele>
        <time>2026-03-10T12:15:31.000Z</time>
        <extensions>
          <ns3:TrackPointExtension>
            <ns3:hr>153</ns3:hr>
            <ns3:cad>100</ns3:cad>
          </ns3:TrackPointExtension>
        </extensions>
      </trkpt>
      <trkpt lat="34.23375240527093410491943359375" lon="108.9370568096637725830078125">
        <ele>407.20001220703125</ele>
        <time>2026-03-10T12:15:32.000Z</time>
        <extensions>
          <ns3:TrackPointExtension>
            <ns3:hr>153</ns3:hr>
            <ns3:cad>100</ns3:cad>
          </ns3:TrackPointExtension>
        </extensions>
      </trkpt>
      <trkpt lat="34.233717620372772216796875" lon="108.9370599947869777679443359375">
        <ele>407.20001220703125</ele>
        <time>2026-03-10T12:15:33.000Z</time>
        <extensions>
          <ns3:TrackPointExtension>
            <ns3:hr>152</ns3:hr>
            <ns3:cad>100</ns3:cad>
          </ns3:TrackPointExtension>
        </extensions>
      </trkpt>
      <trkpt lat="34.2336892895400524139404296875" lon="108.93705924041569232940673828125">
        <ele>407.20001220703125</ele>
        <time>2026-03-10T12:15:34.000Z</time>
        <extensions>
          <ns3:TrackPointExtension>
            <ns3:hr>152</ns3:hr>
            <ns3:cad>100</ns3:cad>
          </ns3:TrackPointExtension>
        </extensions>
      </trkpt>
      <trkpt lat="34.23365316353738307952880859375" lon="108.93706284463405609130859375">
        <ele>407.20001220703125</ele>
        <time>2026-03-10T12:15:35.000Z</time>
        <extensions>
          <ns3:TrackPointExtension>
            <ns3:hr>152</ns3:hr>
            <ns3:cad>99</ns3:cad>
          </ns3:TrackPointExtension>
        </extensions>
      </trkpt>
      <trkpt lat="34.23361946828663349151611328125" lon="108.93706686794757843017578125">
        <ele>407.399993896484375</ele>
        <time>2026-03-10T12:15:36.000Z</time>
        <extensions>
          <ns3:TrackPointExtension>
            <ns3:hr>152</ns3:hr>
            <ns3:cad>99</ns3:cad>
          </ns3:TrackPointExtension>
        </extensions>
      </trkpt>
      <trkpt lat="34.23358811996877193450927734375" lon="108.93706292845308780670166015625">
        <ele>407.399993896484375</ele>
        <time>2026-03-10T12:15:37.000Z</time>
        <extensions>
          <ns3:TrackPointExtension>
            <ns3:hr>152</ns3:hr>
            <ns3:cad>99</ns3:cad>
          </ns3:TrackPointExtension>
        </extensions>
      </trkpt>
      <trkpt lat="34.23354797065258026123046875" lon="108.937068544328212738037109375">
        <ele>407.399993896484375</ele>
        <time>2026-03-10T12:15:38.000Z</time>
        <extensions>
          <ns3:TrackPointExtension>
            <ns3:hr>151</ns3:hr>
            <ns3:cad>99</ns3:cad>
          </ns3:TrackPointExtension>
        </extensions>
      </trkpt>
      <trkpt lat="34.2335172928869724273681640625" lon="108.93708170391619205474853515625">
        <ele>407.399993896484375</ele>
        <time>2026-03-10T12:15:39.000Z</time>
        <extensions>
          <ns3:TrackPointExtension>
            <ns3:hr>151</ns3:hr>
            <ns3:cad>99</ns3:cad>
          </ns3:TrackPointExtension>
        </extensions>
      </trkpt>
      <trkpt lat="34.2334914766252040863037109375" lon="108.9370968751609325408935546875">
        <ele>407.399993896484375</ele>
        <time>2026-03-10T12:15:40.000Z</time>
        <extensions>
          <ns3:TrackPointExtension>
            <ns3:hr>151</ns3:hr>
            <ns3:cad>99</ns3:cad>
          </ns3:TrackPointExtension>
        </extensions>
      </trkpt>
      <trkpt lat="34.23346037976443767547607421875" lon="108.93711506389081478118896484375">
        <ele>407.399993896484375</ele>
        <time>2026-03-10T12:15:41.000Z</time>
        <extensions>
          <ns3:TrackPointExtension>
            <ns3:hr>151</ns3:hr>
            <ns3:cad>99</ns3:cad>
          </ns3:TrackPointExtension>
        </extensions>
      </trkpt>
      <trkpt lat="34.233433641493320465087890625" lon="108.937136270105838775634765625">
        <ele>407.399993896484375</ele>
        <time>2026-03-10T12:15:42.000Z</time>
        <extensions>
          <ns3:TrackPointExtension>
            <ns3:hr>151</ns3:hr>
            <ns3:cad>99</ns3:cad>
          </ns3:TrackPointExtension>
        </extensions>
      </trkpt>
      <trkpt lat="34.23341444693505764007568359375" lon="108.9371587336063385009765625">
        <ele>407.399993896484375</ele>
        <time>2026-03-10T12:15:43.000Z</time>
        <extensions>
          <ns3:TrackPointExtension>
            <ns3:hr>152</ns3:hr>
            <ns3:cad>99</ns3:cad>
          </ns3:TrackPointExtension>
        </extensions>
      </trkpt>
      <trkpt lat="34.23338645137846469879150390625" lon="108.93719553016126155853271484375">
        <ele>407.20001220703125</ele>
        <time>2026-03-10T12:15:44.000Z</time>
        <extensions>
          <ns3:TrackPointExtension>
            <ns3:hr>151</ns3:hr>
            <ns3:cad>99</ns3:cad>
          </ns3:TrackPointExtension>
        </extensions>
      </trkpt>
      <trkpt lat="34.2333650775253772735595703125" lon="108.93722369335591793060302734375">
        <ele>407.399993896484375</ele>
        <time>2026-03-10T12:15:45.000Z</time>
        <extensions>
          <ns3:TrackPointExtension>
            <ns3:hr>151</ns3:hr>
            <ns3:cad>99</ns3:cad>
          </ns3:TrackPointExtension>
        </extensions>
      </trkpt>
      <trkpt lat="34.2333526723086833953857421875" lon="108.937257640063762664794921875">
        <ele>407.399993896484375</ele>
        <time>2026-03-10T12:15:46.000Z</time>
        <extensions>
          <ns3:TrackPointExtension>
            <ns3:hr>151</ns3:hr>
            <ns3:cad>99</ns3:cad>
          </ns3:TrackPointExtension>
        </extensions>
      </trkpt>
      <trkpt lat="34.2333308793604373931884765625" lon="108.93730692565441131591796875">
        <ele>407.399993896484375</ele>
        <time>2026-03-10T12:15:47.000Z</time>
        <extensions>
          <ns3:TrackPointExtension>
            <ns3:hr>151</ns3:hr>
            <ns3:cad>99</ns3:cad>
          </ns3:TrackPointExtension>
        </extensions>
      </trkpt>
      <trkpt lat="34.233310930430889129638671875" lon="108.9373426325619220733642578125">
        <ele>407.399993896484375</ele>
        <time>2026-03-10T12:15:48.000Z</time>
        <extensions>
          <ns3:TrackPointExtension>
            <ns3:hr>151</ns3:hr>
            <ns3:cad>100</ns3:cad>
          </ns3:TrackPointExtension>
        </extensions>
      </trkpt>
      <trkpt lat="34.23329743556678295135498046875" lon="108.937378339469432830810546875">
        <ele>407.399993896484375</ele>
        <time>2026-03-10T12:15:49.000Z</time>
        <extensions>
          <ns3:TrackPointExtension>
            <ns3:hr>150</ns3:hr>
            <ns3:cad>99</ns3:cad>
          </ns3:TrackPointExtension>
        </extensions>
      </trkpt>
      <trkpt lat="34.2332896403968334197998046875" lon="108.9374277926981449127197265625">
        <ele>407.399993896484375</ele>
        <time>2026-03-10T12:15:50.000Z</time>
        <extensions>
          <ns3:TrackPointExtension>
            <ns3:hr>151</ns3:hr>
            <ns3:cad>99</ns3:cad>
          </ns3:TrackPointExtension>
        </extensions>
      </trkpt>
      <trkpt lat="34.2332792468369007110595703125" lon="108.937460817396640777587890625">
        <ele>407.399993896484375</ele>
        <time>2026-03-10T12:15:51.000Z</time>
        <extensions>
          <ns3:TrackPointExtension>
            <ns3:hr>151</ns3:hr>
            <ns3:cad>99</ns3:cad>
          </ns3:TrackPointExtension>
        </extensions>
      </trkpt>
      <trkpt lat="34.23328100703656673431396484375" lon="108.9374955184757709503173828125">
        <ele>407.399993896484375</ele>
        <time>2026-03-10T12:15:52.000Z</time>
        <extensions>
          <ns3:TrackPointExtension>
            <ns3:hr>151</ns3:hr>
            <ns3:cad>99</ns3:cad>
          </ns3:TrackPointExtension>
        </extensions>
      </trkpt>
      <trkpt lat="34.23328536562621593475341796875" lon="108.93754027783870697021484375">
        <ele>407.399993896484375</ele>
        <time>2026-03-10T12:15:53.000Z</time>
        <extensions>
          <ns3:TrackPointExtension>
            <ns3:hr>151</ns3:hr>
            <ns3:cad>99</ns3:cad>
          </ns3:TrackPointExtension>
        </extensions>
      </trkpt>
      <trkpt lat="34.23328419215977191925048828125" lon="108.93757338635623455047607421875">
        <ele>407.399993896484375</ele>
        <time>2026-03-10T12:15:54.000Z</time>
        <extensions>
          <ns3:TrackPointExtension>
            <ns3:hr>152</ns3:hr>
            <ns3:cad>99</ns3:cad>
          </ns3:TrackPointExtension>
        </extensions>
      </trkpt>
      <trkpt lat="34.23329508863389492034912109375" lon="108.9376105181872844696044921875">
        <ele>407.399993896484375</ele>
        <time>2026-03-10T12:15:55.000Z</time>
        <extensions>
          <ns3:TrackPointExtension>
            <ns3:hr>152</ns3:hr>
            <ns3:cad>99</ns3:cad>
          </ns3:TrackPointExtension>
        </extensions>
      </trkpt>
      <trkpt lat="34.23331570811569690704345703125" lon="108.937656618654727935791015625">
        <ele>407.399993896484375</ele>
        <time>2026-03-10T12:15:56.000Z</time>
        <extensions>
          <ns3:TrackPointExtension>
            <ns3:hr>152</ns3:hr>
            <ns3:cad>99</ns3:cad>
          </ns3:TrackPointExtension>
        </extensions>
      </trkpt>
      <trkpt lat="34.23332660458981990814208984375" lon="108.93769291229546070098876953125">
        <ele>407.399993896484375</ele>
        <time>2026-03-10T12:15:57.000Z</time>
        <extensions>
          <ns3:TrackPointExtension>
            <ns3:hr>151</ns3:hr>
            <ns3:cad>99</ns3:cad>
          </ns3:TrackPointExtension>
        </extensions>
      </trkpt>
      <trkpt lat="34.23334018327295780181884765625" lon="108.9377295412123203277587890625">
        <ele>407.399993896484375</ele>
        <time>2026-03-10T12:15:58.000Z</time>
        <extensions>
          <ns3:TrackPointExtension>
            <ns3:hr>152</ns3:hr>
            <ns3:cad>99</ns3:cad>
          </ns3:TrackPointExtension>
        </extensions>
      </trkpt>
      <trkpt lat="34.233367927372455596923828125" lon="108.9377670921385288238525390625">
        <ele>407.399993896484375</ele>
        <time>2026-03-10T12:15:59.000Z</time>
        <extensions>
          <ns3:TrackPointExtension>
            <ns3:hr>152</ns3:hr>
            <ns3:cad>100</ns3:cad>
          </ns3:TrackPointExtension>
        </extensions>
      </trkpt>
      <trkpt lat="34.2333875410258769989013671875" lon="108.93779366277158260345458984375">
        <ele>407.399993896484375</ele>
        <time>2026-03-10T12:16:00.000Z</time>
        <extensions>
          <ns3:TrackPointExtension>
            <ns3:hr>151</ns3:hr>
            <ns3:cad>100</ns3:cad>
          </ns3:TrackPointExtension>
        </extensions>
      </trkpt>
      <trkpt lat="34.23341494984924793243408203125" lon="108.93781914375722408294677734375">
        <ele>407.399993896484375</ele>
        <time>2026-03-10T12:16:01.000Z</time>
        <extensions>
          <ns3:TrackPointExtension>
            <ns3:hr>152</ns3:hr>
            <ns3:cad>100</ns3:cad>
          </ns3:TrackPointExtension>
        </extensions>
      </trkpt>
      <trkpt lat="34.233449064195156097412109375" lon="108.9378455467522144317626953125">
        <ele>407.399993896484375</ele>
        <time>2026-03-10T12:16:02.000Z</time>
        <extensions>
          <ns3:TrackPointExtension>
            <ns3:hr>152</ns3:hr>
            <ns3:cad>100</ns3:cad>
          </ns3:TrackPointExtension>
        </extensions>
      </trkpt>
      <trkpt lat="34.233472533524036407470703125" lon="108.93786658532917499542236328125">
        <ele>407.399993896484375</ele>
        <time>2026-03-10T12:16:03.000Z</time>
        <extensions>
          <ns3:TrackPointExtension>
            <ns3:hr>152</ns3:hr>
            <ns3:cad>100</ns3:cad>
          </ns3:TrackPointExtension>
        </extensions>
      </trkpt>
      <trkpt lat="34.23349910415709018707275390625" lon="108.937884271144866943359375">
        <ele>407.399993896484375</ele>
        <time>2026-03-10T12:16:04.000Z</time>
        <extensions>
          <ns3:TrackPointExtension>
            <ns3:hr>151</ns3:hr>
            <ns3:cad>100</ns3:cad>
          </ns3:TrackPointExtension>
        </extensions>
      </trkpt>
      <trkpt lat="34.2335367389023303985595703125" lon="108.937900364398956298828125">
        <ele>407.399993896484375</ele>
        <time>2026-03-10T12:16:05.000Z</time>
        <extensions>
          <ns3:TrackPointExtension>
            <ns3:hr>152</ns3:hr>
            <ns3:cad>100</ns3:cad>
          </ns3:TrackPointExtension>
        </extensions>
      </trkpt>
      <trkpt lat="34.2335628904402256011962890625" lon="108.9379112608730792999267578125">
        <ele>407.399993896484375</ele>
        <time>2026-03-10T12:16:06.000Z</time>
        <extensions>
          <ns3:TrackPointExtension>
            <ns3:hr>152</ns3:hr>
            <ns3:cad>100</ns3:cad>
          </ns3:TrackPointExtension>
        </extensions>
      </trkpt>
      <trkpt lat="34.2335950769484043121337890625" lon="108.9379206486046314239501953125">
        <ele>407.399993896484375</ele>
        <time>2026-03-10T12:16:07.000Z</time>
        <extensions>
          <ns3:TrackPointExtension>
            <ns3:hr>153</ns3:hr>
            <ns3:cad>100</ns3:cad>
          </ns3:TrackPointExtension>
        </extensions>
      </trkpt>
      <trkpt lat="34.23363204114139080047607421875" lon="108.9379266835749149322509765625">
        <ele>407.399993896484375</ele>
        <time>2026-03-10T12:16:08.000Z</time>
        <extensions>
          <ns3:TrackPointExtension>
            <ns3:hr>153</ns3:hr>
            <ns3:cad>100</ns3:cad>
          </ns3:TrackPointExtension>
        </extensions>
      </trkpt>
      <trkpt lat="34.2336591146886348724365234375" lon="108.93792408518493175506591796875">
        <ele>407.399993896484375</ele>
        <time>2026-03-10T12:16:09.000Z</time>
        <extensions>
          <ns3:TrackPointExtension>
            <ns3:hr>153</ns3:hr>
            <ns3:cad>101</ns3:cad>
          </ns3:TrackPointExtension>
        </extensions>
      </trkpt>
      <trkpt lat="34.23369792290031909942626953125" lon="108.93792525865137577056884765625">
        <ele>407.399993896484375</ele>
        <time>2026-03-10T12:16:10.000Z</time>
        <extensions>
          <ns3:TrackPointExtension>
            <ns3:hr>152</ns3:hr>
            <ns3:cad>101</ns3:cad>
          </ns3:TrackPointExtension>
        </extensions>
      </trkpt>
      <trkpt lat="34.2337295226752758026123046875" lon="108.9379270188510417938232421875">
        <ele>407.399993896484375</ele>
        <time>2026-03-10T12:16:11.000Z</time>
        <extensions>
          <ns3:TrackPointExtension>
            <ns3:hr>152</ns3:hr>
            <ns3:cad>98</ns3:cad>
          </ns3:TrackPointExtension>
        </extensions>
      </trkpt>
      <trkpt lat="34.2337511479854583740234375" lon="108.93793146125972270965576171875">
        <ele>407.399993896484375</ele>
        <time>2026-03-10T12:16:12.000Z</time>
        <extensions>
          <ns3:TrackPointExtension>
            <ns3:hr>152</ns3:hr>
            <ns3:cad>98</ns3:cad>
          </ns3:TrackPointExtension>
        </extensions>
      </trkpt>
      <trkpt lat="34.2337902076542377471923828125" lon="108.93793364055454730987548828125">
        <ele>407.399993896484375</ele>
        <time>2026-03-10T12:16:13.000Z</time>
        <extensions>
          <ns3:TrackPointExtension>
            <ns3:hr>152</ns3:hr>
            <ns3:cad>97</ns3:cad>
          </ns3:TrackPointExtension>
        </extensions>
      </trkpt>
      <trkpt lat="34.2338163591921329498291015625" lon="108.93793883733451366424560546875">
        <ele>407.399993896484375</ele>
        <time>2026-03-10T12:16:14.000Z</time>
        <extensions>
          <ns3:TrackPointExtension>
            <ns3:hr>153</ns3:hr>
            <ns3:cad>97</ns3:cad>
          </ns3:TrackPointExtension>
        </extensions>
      </trkpt>
      <trkpt lat="34.23384242691099643707275390625" lon="108.9379384182393550872802734375">
        <ele>407.399993896484375</ele>
        <time>2026-03-10T12:16:15.000Z</time>
        <extensions>
          <ns3:TrackPointExtension>
            <ns3:hr>153</ns3:hr>
            <ns3:cad>97</ns3:cad>
          </ns3:TrackPointExtension>
        </extensions>
      </trkpt>
      <trkpt lat="34.23387654125690460205078125" lon="108.937938250601291656494140625">
        <ele>407.399993896484375</ele>
        <time>2026-03-10T12:16:16.000Z</time>
        <extensions>
          <ns3:TrackPointExtension>
            <ns3:hr>153</ns3:hr>
            <ns3:cad>97</ns3:cad>
          </ns3:TrackPointExtension>
        </extensions>
      </trkpt>
      <trkpt lat="34.23390277661383152008056640625" lon="108.9379407651722431182861328125">
        <ele>407.399993896484375</ele>
        <time>2026-03-10T12:16:17.000Z</time>
        <extensions>
          <ns3:TrackPointExtension>
            <ns3:hr>153</ns3:hr>
            <ns3:cad>99</ns3:cad>
          </ns3:TrackPointExtension>
        </extensions>
      </trkpt>
      <trkpt lat="34.233932197093963623046875" lon="108.93793649040162563323974609375">
        <ele>407.600006103515625</ele>
        <time>2026-03-10T12:16:18.000Z</time>
        <extensions>
          <ns3:TrackPointExtension>
            <ns3:hr>153</ns3:hr>
            <ns3:cad>99</ns3:cad>
          </ns3:TrackPointExtension>
        </extensions>
      </trkpt>
      <trkpt lat="34.23396195285022258758544921875" lon="108.9379338920116424560546875">
        <ele>407.600006103515625</ele>
        <time>2026-03-10T12:16:19.000Z</time>
        <extensions>
          <ns3:TrackPointExtension>
            <ns3:hr>153</ns3:hr>
            <ns3:cad>99</ns3:cad>
          </ns3:TrackPointExtension>
        </extensions>
      </trkpt>
      <trkpt lat="34.23398760147392749786376953125" lon="108.93793213181197643280029296875">
        <ele>407.600006103515625</ele>
        <time>2026-03-10T12:16:20.000Z</time>
        <extensions>
          <ns3:TrackPointExtension>
            <ns3:hr>153</ns3:hr>
            <ns3:cad>98</ns3:cad>
          </ns3:TrackPointExtension>
        </extensions>
      </trkpt>
      <trkpt lat="34.2340249009430408477783203125" lon="108.93792743794620037078857421875">
        <ele>407.600006103515625</ele>
        <time>2026-03-10T12:16:21.000Z</time>
        <extensions>
          <ns3:TrackPointExtension>
            <ns3:hr>153</ns3:hr>
            <ns3:cad>98</ns3:cad>
          </ns3:TrackPointExtension>
        </extensions>
      </trkpt>
      <trkpt lat="34.2340517230331897735595703125" lon="108.93792475573718547821044921875">
        <ele>407.399993896484375</ele>
        <time>2026-03-10T12:16:22.000Z</time>
        <extensions>
          <ns3:TrackPointExtension>
            <ns3:hr>153</ns3:hr>
            <ns3:cad>97</ns3:cad>
          </ns3:TrackPointExtension>
        </extensions>
      </trkpt>
      <trkpt lat="34.2340728454291820526123046875" lon="108.93792919814586639404296875">
        <ele>407.399993896484375</ele>
        <time>2026-03-10T12:16:23.000Z</time>
        <extensions>
          <ns3:TrackPointExtension>
            <ns3:hr>153</ns3:hr>
            <ns3:cad>95</ns3:cad>
          </ns3:TrackPointExtension>
        </extensions>
      </trkpt>
      <trkpt lat="34.23411081545054912567138671875" lon="108.93793079070746898651123046875">
        <ele>407.399993896484375</ele>
        <time>2026-03-10T12:16:24.000Z</time>
        <extensions>
          <ns3:TrackPointExtension>
            <ns3:hr>153</ns3:hr>
            <ns3:cad>95</ns3:cad>
          </ns3:TrackPointExtension>
        </extensions>
      </trkpt>
      <trkpt lat="34.23413746990263462066650390625" lon="108.93793313764035701751708984375">
        <ele>407.399993896484375</ele>
        <time>2026-03-10T12:16:25.000Z</time>
        <extensions>
          <ns3:TrackPointExtension>
            <ns3:hr>153</ns3:hr>
            <ns3:cad>97</ns3:cad>
          </ns3:TrackPointExtension>
        </extensions>
      </trkpt>
      <trkpt lat="34.23416781239211559295654296875" lon="108.9379303716123104095458984375">
        <ele>407.399993896484375</ele>
        <time>2026-03-10T12:16:26.000Z</time>
        <extensions>
          <ns3:TrackPointExtension>
            <ns3:hr>153</ns3:hr>
            <ns3:cad>97</ns3:cad>
          </ns3:TrackPointExtension>
        </extensions>
      </trkpt>
      <trkpt lat="34.2342042736709117889404296875" lon="108.93792408518493175506591796875">
        <ele>407.399993896484375</ele>
        <time>2026-03-10T12:16:27.000Z</time>
        <extensions>
          <ns3:TrackPointExtension>
            <ns3:hr>154</ns3:hr>
            <ns3:cad>98</ns3:cad>
          </ns3:TrackPointExtension>
        </extensions>
      </trkpt>
      <trkpt lat="34.23423101194202899932861328125" lon="108.93792810849845409393310546875">
        <ele>407.399993896484375</ele>
        <time>2026-03-10T12:16:28.000Z</time>
        <extensions>
          <ns3:TrackPointExtension>
            <ns3:hr>154</ns3:hr>
            <ns3:cad>98</ns3:cad>
          </ns3:TrackPointExtension>
        </extensions>
      </trkpt>
      <trkpt lat="34.23426680266857147216796875" lon="108.93792324699461460113525390625">
        <ele>407.399993896484375</ele>
        <time>2026-03-10T12:16:29.000Z</time>
        <extensions>
          <ns3:TrackPointExtension>
            <ns3:hr>154</ns3:hr>
            <ns3:cad>98</ns3:cad>
          </ns3:TrackPointExtension>
        </extensions>
      </trkpt>
      <trkpt lat="34.234297312796115875244140625" lon="108.93792425282299518585205078125">
        <ele>407.399993896484375</ele>
        <time>2026-03-10T12:16:30.000Z</time>
        <extensions>
          <ns3:TrackPointExtension>
            <ns3:hr>154</ns3:hr>
            <ns3:cad>98</ns3:cad>
          </ns3:TrackPointExtension>
        </extensions>
      </trkpt>
      <trkpt lat="34.2343229614198207855224609375" lon="108.93792651593685150146484375">
        <ele>407.399993896484375</ele>
        <time>2026-03-10T12:16:31.000Z</time>
        <extensions>
          <ns3:TrackPointExtension>
            <ns3:hr>154</ns3:hr>
            <ns3:cad>98</ns3:cad>
          </ns3:TrackPointExtension>
        </extensions>
      </trkpt>
      <trkpt lat="34.2343585006892681121826171875" lon="108.9379243366420269012451171875">
        <ele>407.399993896484375</ele>
        <time>2026-03-10T12:16:32.000Z</time>
        <extensions>
          <ns3:TrackPointExtension>
            <ns3:hr>155</ns3:hr>
            <ns3:cad>98</ns3:cad>
          </ns3:TrackPointExtension>
        </extensions>
      </trkpt>
      <trkpt lat="34.23438808880746364593505859375" lon="108.9379216544330120086669921875">
        <ele>407.399993896484375</ele>
        <time>2026-03-10T12:16:33.000Z</time>
        <extensions>
          <ns3:TrackPointExtension>
            <ns3:hr>154</ns3:hr>
            <ns3:cad>98</ns3:cad>
          </ns3:TrackPointExtension>
        </extensions>
      </trkpt>
      <trkpt lat="34.23441340215504169464111328125" lon="108.93792643211781978607177734375">
        <ele>407.399993896484375</ele>
        <time>2026-03-10T12:16:34.000Z</time>
        <extensions>
          <ns3:TrackPointExtension>
            <ns3:hr>154</ns3:hr>
            <ns3:cad>99</ns3:cad>
          </ns3:TrackPointExtension>
        </extensions>
      </trkpt>
      <trkpt lat="34.234451539814472198486328125" lon="108.93792894668877124786376953125">
        <ele>407.399993896484375</ele>
        <time>2026-03-10T12:16:35.000Z</time>
        <extensions>
          <ns3:TrackPointExtension>
            <ns3:hr>154</ns3:hr>
            <ns3:cad>99</ns3:cad>
          </ns3:TrackPointExtension>
        </extensions>
      </trkpt>
      <trkpt lat="34.23448112793266773223876953125" lon="108.93792475573718547821044921875">
        <ele>407.399993896484375</ele>
        <time>2026-03-10T12:16:36.000Z</time>
        <extensions>
          <ns3:TrackPointExtension>
            <ns3:hr>154</ns3:hr>
            <ns3:cad>99</ns3:cad>
          </ns3:TrackPointExtension>
        </extensions>
      </trkpt>
      <trkpt lat="34.23450795002281665802001953125" lon="108.9379151165485382080078125">
        <ele>407.399993896484375</ele>
        <time>2026-03-10T12:16:37.000Z</time>
        <extensions>
          <ns3:TrackPointExtension>
            <ns3:hr>155</ns3:hr>
            <ns3:cad>99</ns3:cad>
          </ns3:TrackPointExtension>
        </extensions>
      </trkpt>
      <trkpt lat="34.234541393816471099853515625" lon="108.93789768218994140625">
        <ele>407.399993896484375</ele>
        <time>2026-03-10T12:16:38.000Z</time>
        <extensions>
          <ns3:TrackPointExtension>
            <ns3:hr>154</ns3:hr>
            <ns3:cad>99</ns3:cad>
          </ns3:TrackPointExtension>
        </extensions>
      </trkpt>
      <trkpt lat="34.23456930555403232574462890625" lon="108.9378869533538818359375">
        <ele>407.399993896484375</ele>
        <time>2026-03-10T12:16:39.000Z</time>
        <extensions>
          <ns3:TrackPointExtension>
            <ns3:hr>154</ns3:hr>
            <ns3:cad>99</ns3:cad>
          </ns3:TrackPointExtension>
        </extensions>
      </trkpt>
      <trkpt lat="34.2345935292541980743408203125" lon="108.93786306492984294891357421875">
        <ele>407.600006103515625</ele>
        <time>2026-03-10T12:16:40.000Z</time>
        <extensions>
          <ns3:TrackPointExtension>
            <ns3:hr>154</ns3:hr>
            <ns3:cad>99</ns3:cad>
          </ns3:TrackPointExtension>
        </extensions>
      </trkpt>
      <trkpt lat="34.2346176691353321075439453125" lon="108.9378328062593936920166015625">
        <ele>407.600006103515625</ele>
        <time>2026-03-10T12:16:41.000Z</time>
        <extensions>
          <ns3:TrackPointExtension>
            <ns3:hr>154</ns3:hr>
            <ns3:cad>98</ns3:cad>
          </ns3:TrackPointExtension>
        </extensions>
      </trkpt>
      <trkpt lat="34.23464708961546421051025390625" lon="108.937816210091114044189453125">
        <ele>407.600006103515625</ele>
        <time>2026-03-10T12:16:42.000Z</time>
        <extensions>
          <ns3:TrackPointExtension>
            <ns3:hr>154</ns3:hr>
            <ns3:cad>98</ns3:cad>
          </ns3:TrackPointExtension>
        </extensions>
      </trkpt>
      <trkpt lat="34.23467542044818401336669921875" lon="108.93778829835355281829833984375">
        <ele>407.399993896484375</ele>
        <time>2026-03-10T12:16:43.000Z</time>
        <extensions>
          <ns3:TrackPointExtension>
            <ns3:hr>154</ns3:hr>
            <ns3:cad>97</ns3:cad>
          </ns3:TrackPointExtension>
        </extensions>
      </trkpt>
      <trkpt lat="34.2346971295773983001708984375" lon="108.9377583749592304229736328125">
        <ele>407.399993896484375</ele>
        <time>2026-03-10T12:16:44.000Z</time>
        <extensions>
          <ns3:TrackPointExtension>
            <ns3:hr>155</ns3:hr>
            <ns3:cad>99</ns3:cad>
          </ns3:TrackPointExtension>
        </extensions>
      </trkpt>
      <trkpt lat="34.23471783287823200225830078125" lon="108.9377292059361934661865234375">
        <ele>407.399993896484375</ele>
        <time>2026-03-10T12:16:45.000Z</time>
        <extensions>
          <ns3:TrackPointExtension>
            <ns3:hr>154</ns3:hr>
            <ns3:cad>99</ns3:cad>
          </ns3:TrackPointExtension>
        </extensions>
      </trkpt>
      <trkpt lat="34.23473996110260486602783203125" lon="108.93769207410514354705810546875">
        <ele>407.399993896484375</ele>
        <time>2026-03-10T12:16:46.000Z</time>
        <extensions>
          <ns3:TrackPointExtension>
            <ns3:hr>154</ns3:hr>
            <ns3:cad>99</ns3:cad>
          </ns3:TrackPointExtension>
        </extensions>
      </trkpt>
      <trkpt lat="34.2347581498324871063232421875" lon="108.93766407854855060577392578125">
        <ele>407.399993896484375</ele>
        <time>2026-03-10T12:16:47.000Z</time>
        <extensions>
          <ns3:TrackPointExtension>
            <ns3:hr>155</ns3:hr>
            <ns3:cad>98</ns3:cad>
          </ns3:TrackPointExtension>
        </extensions>
      </trkpt>
      <trkpt lat="34.23476695083081722259521484375" lon="108.93763189204037189483642578125">
        <ele>407.600006103515625</ele>
        <time>2026-03-10T12:16:48.000Z</time>
        <extensions>
          <ns3:TrackPointExtension>
            <ns3:hr>154</ns3:hr>
            <ns3:cad>98</ns3:cad>
          </ns3:TrackPointExtension>
        </extensions>
      </trkpt>
      <trkpt lat="34.23477248288691043853759765625" lon="108.93759392201900482177734375">
        <ele>407.399993896484375</ele>
        <time>2026-03-10T12:16:49.000Z</time>
        <extensions>
          <ns3:TrackPointExtension>
            <ns3:hr>154</ns3:hr>
            <ns3:cad>98</ns3:cad>
          </ns3:TrackPointExtension>
        </extensions>
      </trkpt>
      <trkpt lat="34.2347853071987628936767578125" lon="108.93756307661533355712890625">
        <ele>407.399993896484375</ele>
        <time>2026-03-10T12:16:50.000Z</time>
        <extensions>
          <ns3:TrackPointExtension>
            <ns3:hr>154</ns3:hr>
            <ns3:cad>97</ns3:cad>
          </ns3:TrackPointExtension>
        </extensions>
      </trkpt>
      <trkpt lat="34.2347866483032703399658203125" lon="108.9375290460884571075439453125">
        <ele>407.600006103515625</ele>
        <time>2026-03-10T12:16:51.000Z</time>
        <extensions>
          <ns3:TrackPointExtension>
            <ns3:hr>154</ns3:hr>
            <ns3:cad>98</ns3:cad>
          </ns3:TrackPointExtension>
        </extensions>
      </trkpt>
      <trkpt lat="34.234780780971050262451171875" lon="108.93748537637293338775634765625">
        <ele>407.399993896484375</ele>
        <time>2026-03-10T12:16:52.000Z</time>
        <extensions>
          <ns3:TrackPointExtension>
            <ns3:hr>154</ns3:hr>
            <ns3:cad>98</ns3:cad>
          </ns3:TrackPointExtension>
        </extensions>
      </trkpt>
      <trkpt lat="34.2347812838852405548095703125" lon="108.9374482445418834686279296875">
        <ele>407.399993896484375</ele>
        <time>2026-03-10T12:16:53.000Z</time>
        <extensions>
          <ns3:TrackPointExtension>
            <ns3:hr>153</ns3:hr>
            <ns3:cad>97</ns3:cad>
          </ns3:TrackPointExtension>
        </extensions>
      </trkpt>
      <trkpt lat="34.2347755841910839080810546875" lon="108.93740859813988208770751953125">
        <ele>407.600006103515625</ele>
        <time>2026-03-10T12:16:54.000Z</time>
        <extensions>
          <ns3:TrackPointExtension>
            <ns3:hr>153</ns3:hr>
            <ns3:cad>97</ns3:cad>
          </ns3:TrackPointExtension>
        </extensions>
      </trkpt>
      <trkpt lat="34.23476711846888065338134765625" lon="108.93737339414656162261962890625">
        <ele>407.600006103515625</ele>
        <time>2026-03-10T12:16:55.000Z</time>
        <extensions>
          <ns3:TrackPointExtension>
            <ns3:hr>153</ns3:hr>
            <ns3:cad>97</ns3:cad>
          </ns3:TrackPointExtension>
        </extensions>
      </trkpt>
      <trkpt lat="34.234764687716960906982421875" lon="108.93733567558228969573974609375">
        <ele>407.600006103515625</ele>
        <time>2026-03-10T12:16:56.000Z</time>
        <extensions>
          <ns3:TrackPointExtension>
            <ns3:hr>153</ns3:hr>
            <ns3:cad>98</ns3:cad>
          </ns3:TrackPointExtension>
        </extensions>
      </trkpt>
      <trkpt lat="34.2347467504441738128662109375" lon="108.93729343079030513763427734375">
        <ele>407.600006103515625</ele>
        <time>2026-03-10T12:16:57.000Z</time>
        <extensions>
          <ns3:TrackPointExtension>
            <ns3:hr>153</ns3:hr>
            <ns3:cad>98</ns3:cad>
          </ns3:TrackPointExtension>
        </extensions>
      </trkpt>
      <trkpt lat="34.23472939990460872650146484375" lon="108.9372507669031620025634765625">
        <ele>407.600006103515625</ele>
        <time>2026-03-10T12:16:58.000Z</time>
        <extensions>
          <ns3:TrackPointExtension>
            <ns3:hr>154</ns3:hr>
            <ns3:cad>99</ns3:cad>
          </ns3:TrackPointExtension>
        </extensions>
      </trkpt>
      <trkpt lat="34.23471649177372455596923828125" lon="108.93722486682236194610595703125">
        <ele>407.600006103515625</ele>
        <time>2026-03-10T12:16:59.000Z</time>
        <extensions>
          <ns3:TrackPointExtension>
            <ns3:hr>153</ns3:hr>
            <ns3:cad>100</ns3:cad>
          </ns3:TrackPointExtension>
        </extensions>
      </trkpt>
      <trkpt lat="34.23469050787389278411865234375" lon="108.93718488514423370361328125">
        <ele>407.600006103515625</ele>
        <time>2026-03-10T12:17:00.000Z</time>
        <extensions>
          <ns3:TrackPointExtension>
            <ns3:hr>153</ns3:hr>
            <ns3:cad>100</ns3:cad>
          </ns3:TrackPointExtension>
        </extensions>
      </trkpt>
      <trkpt lat="34.23466670326888561248779296875" lon="108.93715496174991130828857421875">
        <ele>407.600006103515625</ele>
        <time>2026-03-10T12:17:01.000Z</time>
        <extensions>
          <ns3:TrackPointExtension>
            <ns3:hr>153</ns3:hr>
            <ns3:cad>100</ns3:cad>
          </ns3:TrackPointExtension>
        </extensions>
      </trkpt>
      <trkpt lat="34.23464273102581501007080078125" lon="108.9371367730200290679931640625">
        <ele>407.600006103515625</ele>
        <time>2026-03-10T12:17:02.000Z</time>
        <extensions>
          <ns3:TrackPointExtension>
            <ns3:hr>153</ns3:hr>
            <ns3:cad>100</ns3:cad>
          </ns3:TrackPointExtension>
        </extensions>
      </trkpt>
      <trkpt lat="34.2346002347767353057861328125" lon="108.93710911273956298828125">
        <ele>407.600006103515625</ele>
        <time>2026-03-10T12:17:03.000Z</time>
        <extensions>
          <ns3:TrackPointExtension>
            <ns3:hr>154</ns3:hr>
            <ns3:cad>98</ns3:cad>
          </ns3:TrackPointExtension>
        </extensions>
      </trkpt>
      <trkpt lat="34.2345673777163028717041015625" lon="108.93708773888647556304931640625">
        <ele>407.600006103515625</ele>
        <time>2026-03-10T12:17:04.000Z</time>
        <extensions>
          <ns3:TrackPointExtension>
            <ns3:hr>153</ns3:hr>
            <ns3:cad>97</ns3:cad>
          </ns3:TrackPointExtension>
        </extensions>
      </trkpt>
      <trkpt lat="34.23453879542648792266845703125" lon="108.93707164563238620758056640625">
        <ele>407.600006103515625</ele>
        <time>2026-03-10T12:17:05.000Z</time>
        <extensions>
          <ns3:TrackPointExtension>
            <ns3:hr>153</ns3:hr>
            <ns3:cad>97</ns3:cad>
          </ns3:TrackPointExtension>
        </extensions>
      </trkpt>
      <trkpt lat="34.2345050163567066192626953125" lon="108.93706007860600948333740234375">
        <ele>407.600006103515625</ele>
        <time>2026-03-10T12:17:06.000Z</time>
        <extensions>
          <ns3:TrackPointExtension>
            <ns3:hr>154</ns3:hr>
            <ns3:cad>97</ns3:cad>
          </ns3:TrackPointExtension>
        </extensions>
      </trkpt>
      <trkpt lat="34.23447023145854473114013671875" lon="108.937047086656093597412109375">
        <ele>407.600006103515625</ele>
        <time>2026-03-10T12:17:07.000Z</time>
        <extensions>
          <ns3:TrackPointExtension>
            <ns3:hr>154</ns3:hr>
            <ns3:cad>97</ns3:cad>
          </ns3:TrackPointExtension>
        </extensions>
      </trkpt>
      <trkpt lat="34.2344404757022857666015625" lon="108.9370455779135227203369140625">
        <ele>407.600006103515625</ele>
        <time>2026-03-10T12:17:08.000Z</time>
        <extensions>
          <ns3:TrackPointExtension>
            <ns3:hr>154</ns3:hr>
            <ns3:cad>97</ns3:cad>
          </ns3:TrackPointExtension>
        </extensions>
      </trkpt>
      <trkpt lat="34.23440401442348957061767578125" lon="108.93704700283706188201904296875">
        <ele>407.600006103515625</ele>
        <time>2026-03-10T12:17:09.000Z</time>
        <extensions>
          <ns3:TrackPointExtension>
            <ns3:hr>154</ns3:hr>
            <ns3:cad>97</ns3:cad>
          </ns3:TrackPointExtension>
        </extensions>
      </trkpt>
      <trkpt lat="34.23437266610562801361083984375" lon="108.93704230897128582000732421875">
        <ele>407.600006103515625</ele>
        <time>2026-03-10T12:17:10.000Z</time>
        <extensions>
          <ns3:TrackPointExtension>
            <ns3:hr>154</ns3:hr>
            <ns3:cad>97</ns3:cad>
          </ns3:TrackPointExtension>
        </extensions>
      </trkpt>
      <trkpt lat="34.23434282653033733367919921875" lon="108.937045745551586151123046875">
        <ele>407.600006103515625</ele>
        <time>2026-03-10T12:17:11.000Z</time>
        <extensions>
          <ns3:TrackPointExtension>
            <ns3:hr>154</ns3:hr>
            <ns3:cad>99</ns3:cad>
          </ns3:TrackPointExtension>
        </extensions>
      </trkpt>
      <trkpt lat="34.23430225811898708343505859375" lon="108.93705002032220363616943359375">
        <ele>407.600006103515625</ele>
        <time>2026-03-10T12:17:12.000Z</time>
        <extensions>
          <ns3:TrackPointExtension>
            <ns3:hr>155</ns3:hr>
            <ns3:cad>99</ns3:cad>
          </ns3:TrackPointExtension>
        </extensions>
      </trkpt>
      <trkpt lat="34.23427258618175983428955078125" lon="108.937045745551586151123046875">
        <ele>407.600006103515625</ele>
        <time>2026-03-10T12:17:13.000Z</time>
        <extensions>
          <ns3:TrackPointExtension>
            <ns3:hr>154</ns3:hr>
            <ns3:cad>100</ns3:cad>
          </ns3:TrackPointExtension>
        </extensions>
      </trkpt>
      <trkpt lat="34.2342374660074710845947265625" lon="108.93705052323639392852783203125">
        <ele>407.600006103515625</ele>
        <time>2026-03-10T12:17:14.000Z</time>
        <extensions>
          <ns3:TrackPointExtension>
            <ns3:hr>154</ns3:hr>
            <ns3:cad>100</ns3:cad>
          </ns3:TrackPointExtension>
        </extensions>
      </trkpt>
      <trkpt lat="34.2342025972902774810791015625" lon="108.93705219961702823638916015625">
        <ele>407.600006103515625</ele>
        <time>2026-03-10T12:17:15.000Z</time>
        <extensions>
          <ns3:TrackPointExtension>
            <ns3:hr>154</ns3:hr>
            <ns3:cad>100</ns3:cad>
          </ns3:TrackPointExtension>
        </extensions>
      </trkpt>
      <trkpt lat="34.23417426645755767822265625" lon="108.9370433986186981201171875">
        <ele>407.600006103515625</ele>
        <time>2026-03-10T12:17:16.000Z</time>
        <extensions>
          <ns3:TrackPointExtension>
            <ns3:hr>154</ns3:hr>
            <ns3:cad>100</ns3:cad>
          </ns3:TrackPointExtension>
        </extensions>
      </trkpt>
      <trkpt lat="34.23413939774036407470703125" lon="108.93704834394156932830810546875">
        <ele>407.600006103515625</ele>
        <time>2026-03-10T12:17:17.000Z</time>
        <extensions>
          <ns3:TrackPointExtension>
            <ns3:hr>153</ns3:hr>
            <ns3:cad>100</ns3:cad>
          </ns3:TrackPointExtension>
        </extensions>
      </trkpt>
      <trkpt lat="34.23410612158477306365966796875" lon="108.93705639056861400604248046875">
        <ele>407.600006103515625</ele>
        <time>2026-03-10T12:17:18.000Z</time>
        <extensions>
          <ns3:TrackPointExtension>
            <ns3:hr>153</ns3:hr>
            <ns3:cad>99</ns3:cad>
          </ns3:TrackPointExtension>
        </extensions>
      </trkpt>
      <trkpt lat="34.234077371656894683837890625" lon="108.9370502717792987823486328125">
        <ele>407.600006103515625</ele>
        <time>2026-03-10T12:17:19.000Z</time>
        <extensions>
          <ns3:TrackPointExtension>
            <ns3:hr>153</ns3:hr>
            <ns3:cad>99</ns3:cad>
          </ns3:TrackPointExtension>
        </extensions>
      </trkpt>
      <trkpt lat="34.23404149711132049560546875" lon="108.93705119378864765167236328125">
        <ele>407.399993896484375</ele>
        <time>2026-03-10T12:17:20.000Z</time>
        <extensions>
          <ns3:TrackPointExtension>
            <ns3:hr>154</ns3:hr>
            <ns3:cad>99</ns3:cad>
          </ns3:TrackPointExtension>
        </extensions>
      </trkpt>
      <trkpt lat="34.234010316431522369384765625" lon="108.937054462730884552001953125">
        <ele>407.399993896484375</ele>
        <time>2026-03-10T12:17:21.000Z</time>
        <extensions>
          <ns3:TrackPointExtension>
            <ns3:hr>154</ns3:hr>
            <ns3:cad>99</ns3:cad>
          </ns3:TrackPointExtension>
        </extensions>
      </trkpt>
      <trkpt lat="34.23398382961750030517578125" lon="108.93705639056861400604248046875">
        <ele>407.399993896484375</ele>
        <time>2026-03-10T12:17:22.000Z</time>
        <extensions>
          <ns3:TrackPointExtension>
            <ns3:hr>154</ns3:hr>
            <ns3:cad>99</ns3:cad>
          </ns3:TrackPointExtension>
        </extensions>
      </trkpt>
      <trkpt lat="34.23394032754004001617431640625" lon="108.93706225790083408355712890625">
        <ele>407.399993896484375</ele>
        <time>2026-03-10T12:17:23.000Z</time>
        <extensions>
          <ns3:TrackPointExtension>
            <ns3:hr>154</ns3:hr>
            <ns3:cad>100</ns3:cad>
          </ns3:TrackPointExtension>
        </extensions>
      </trkpt>
      <trkpt lat="34.2339078895747661590576171875" lon="108.93706695176661014556884765625">
        <ele>407.399993896484375</ele>
        <time>2026-03-10T12:17:24.000Z</time>
        <extensions>
          <ns3:TrackPointExtension>
            <ns3:hr>154</ns3:hr>
            <ns3:cad>100</ns3:cad>
          </ns3:TrackPointExtension>
        </extensions>
      </trkpt>
      <trkpt lat="34.23387913964688777923583984375" lon="108.93706225790083408355712890625">
        <ele>407.399993896484375</ele>
        <time>2026-03-10T12:17:25.000Z</time>
        <extensions>
          <ns3:TrackPointExtension>
            <ns3:hr>154</ns3:hr>
            <ns3:cad>100</ns3:cad>
          </ns3:TrackPointExtension>
        </extensions>
      </trkpt>
      <trkpt lat="34.23384007997810840606689453125" lon="108.93706309609115123748779296875">
        <ele>407.399993896484375</ele>
        <time>2026-03-10T12:17:26.000Z</time>
        <extensions>
          <ns3:TrackPointExtension>
            <ns3:hr>154</ns3:hr>
            <ns3:cad>100</ns3:cad>
          </ns3:TrackPointExtension>
        </extensions>
      </trkpt>
      <trkpt lat="34.23381258733570575714111328125" lon="108.93706259317696094512939453125">
        <ele>407.399993896484375</ele>
        <time>2026-03-10T12:17:27.000Z</time>
        <extensions>
          <ns3:TrackPointExtension>
            <ns3:hr>154</ns3:hr>
            <ns3:cad>99</ns3:cad>
          </ns3:TrackPointExtension>
        </extensions>
      </trkpt>
      <trkpt lat="34.23378668725490570068359375" lon="108.93705882132053375244140625">
        <ele>407.399993896484375</ele>
        <time>2026-03-10T12:17:28.000Z</time>
        <extensions>
          <ns3:TrackPointExtension>
            <ns3:hr>154</ns3:hr>
            <ns3:cad>99</ns3:cad>
          </ns3:TrackPointExtension>
        </extensions>
      </trkpt>
      <trkpt lat="34.23374670557677745819091796875" lon="108.93705572001636028289794921875">
        <ele>407.399993896484375</ele>
        <time>2026-03-10T12:17:29.000Z</time>
        <extensions>
          <ns3:TrackPointExtension>
            <ns3:hr>154</ns3:hr>
            <ns3:cad>99</ns3:cad>
          </ns3:TrackPointExtension>
        </extensions>
      </trkpt>
      <trkpt lat="34.23371166922152042388916015625" lon="108.93705320544540882110595703125">
        <ele>407.399993896484375</ele>
        <time>2026-03-10T12:17:30.000Z</time>
        <extensions>
          <ns3:TrackPointExtension>
            <ns3:hr>154</ns3:hr>
            <ns3:cad>99</ns3:cad>
          </ns3:TrackPointExtension>
        </extensions>
      </trkpt>
      <trkpt lat="34.23367411829531192779541015625" lon="108.93705572001636028289794921875">
        <ele>407.399993896484375</ele>
        <time>2026-03-10T12:17:31.000Z</time>
        <extensions>
          <ns3:TrackPointExtension>
            <ns3:hr>155</ns3:hr>
            <ns3:cad>99</ns3:cad>
          </ns3:TrackPointExtension>
        </extensions>
      </trkpt>
      <trkpt lat="34.233635477721691131591796875" lon="108.9370553009212017059326171875">
        <ele>407.399993896484375</ele>
        <time>2026-03-10T12:17:32.000Z</time>
        <extensions>
          <ns3:TrackPointExtension>
            <ns3:hr>155</ns3:hr>
            <ns3:cad>99</ns3:cad>
          </ns3:TrackPointExtension>
        </extensions>
      </trkpt>
      <trkpt lat="34.2336037941277027130126953125" lon="108.93705169670283794403076171875">
        <ele>407.399993896484375</ele>
        <time>2026-03-10T12:17:33.000Z</time>
        <extensions>
          <ns3:TrackPointExtension>
            <ns3:hr>155</ns3:hr>
            <ns3:cad>99</ns3:cad>
          </ns3:TrackPointExtension>
        </extensions>
      </trkpt>
      <trkpt lat="34.23356817103922367095947265625" lon="108.93706091679632663726806640625">
        <ele>407.399993896484375</ele>
        <time>2026-03-10T12:17:34.000Z</time>
        <extensions>
          <ns3:TrackPointExtension>
            <ns3:hr>155</ns3:hr>
            <ns3:cad>99</ns3:cad>
          </ns3:TrackPointExtension>
        </extensions>
      </trkpt>
      <trkpt lat="34.2335273511707782745361328125" lon="108.9370784349739551544189453125">
        <ele>407.399993896484375</ele>
        <time>2026-03-10T12:17:35.000Z</time>
        <extensions>
          <ns3:TrackPointExtension>
            <ns3:hr>155</ns3:hr>
            <ns3:cad>99</ns3:cad>
          </ns3:TrackPointExtension>
        </extensions>
      </trkpt>
      <trkpt lat="34.233498685061931610107421875" lon="108.9370911754667758941650390625">
        <ele>407.600006103515625</ele>
        <time>2026-03-10T12:17:36.000Z</time>
        <extensions>
          <ns3:TrackPointExtension>
            <ns3:hr>155</ns3:hr>
            <ns3:cad>99</ns3:cad>
          </ns3:TrackPointExtension>
        </extensions>
      </trkpt>
      <trkpt lat="34.233467169106006622314453125" lon="108.93711523152887821197509765625">
        <ele>407.600006103515625</ele>
        <time>2026-03-10T12:17:37.000Z</time>
        <extensions>
          <ns3:TrackPointExtension>
            <ns3:hr>154</ns3:hr>
            <ns3:cad>99</ns3:cad>
          </ns3:TrackPointExtension>
        </extensions>
      </trkpt>
      <trkpt lat="34.2334341444075107574462890625" lon="108.93714188598096370697021484375">
        <ele>407.600006103515625</ele>
        <time>2026-03-10T12:17:38.000Z</time>
        <extensions>
          <ns3:TrackPointExtension>
            <ns3:hr>154</ns3:hr>
            <ns3:cad>99</ns3:cad>
          </ns3:TrackPointExtension>
        </extensions>
      </trkpt>
      <trkpt lat="34.23340438865125179290771484375" lon="108.93716351129114627838134765625">
        <ele>407.600006103515625</ele>
        <time>2026-03-10T12:17:39.000Z</time>
        <extensions>
          <ns3:TrackPointExtension>
            <ns3:hr>154</ns3:hr>
            <ns3:cad>99</ns3:cad>
          </ns3:TrackPointExtension>
        </extensions>
      </trkpt>
      <trkpt lat="34.2333794943988323211669921875" lon="108.9371909201145172119140625">
        <ele>407.600006103515625</ele>
        <time>2026-03-10T12:17:40.000Z</time>
        <extensions>
          <ns3:TrackPointExtension>
            <ns3:hr>155</ns3:hr>
            <ns3:cad>99</ns3:cad>
          </ns3:TrackPointExtension>
        </extensions>
      </trkpt>
      <trkpt lat="34.2333546839654445648193359375" lon="108.93723006360232830047607421875">
        <ele>407.600006103515625</ele>
        <time>2026-03-10T12:17:41.000Z</time>
        <extensions>
          <ns3:TrackPointExtension>
            <ns3:hr>155</ns3:hr>
            <ns3:cad>99</ns3:cad>
          </ns3:TrackPointExtension>
        </extensions>
      </trkpt>
      <trkpt lat="34.23333548940718173980712890625" lon="108.93725789152085781097412109375">
        <ele>407.600006103515625</ele>
        <time>2026-03-10T12:17:42.000Z</time>
        <extensions>
          <ns3:TrackPointExtension>
            <ns3:hr>155</ns3:hr>
            <ns3:cad>101</ns3:cad>
          </ns3:TrackPointExtension>
        </extensions>
      </trkpt>
      <trkpt lat="34.233321659266948699951171875" lon="108.93729276023805141448974609375">
        <ele>407.600006103515625</ele>
        <time>2026-03-10T12:17:43.000Z</time>
        <extensions>
          <ns3:TrackPointExtension>
            <ns3:hr>154</ns3:hr>
            <ns3:cad>101</ns3:cad>
          </ns3:TrackPointExtension>
        </extensions>
      </trkpt>
      <trkpt lat="34.23330967314541339874267578125" lon="108.9373342506587505340576171875">
        <ele>407.600006103515625</ele>
        <time>2026-03-10T12:17:44.000Z</time>
        <extensions>
          <ns3:TrackPointExtension>
            <ns3:hr>155</ns3:hr>
            <ns3:cad>101</ns3:cad>
          </ns3:TrackPointExtension>
        </extensions>
      </trkpt>
      <trkpt lat="34.23330095596611499786376953125" lon="108.937364257872104644775390625">
        <ele>407.600006103515625</ele>
        <time>2026-03-10T12:17:45.000Z</time>
        <extensions>
          <ns3:TrackPointExtension>
            <ns3:hr>154</ns3:hr>
            <ns3:cad>101</ns3:cad>
          </ns3:TrackPointExtension>
        </extensions>
      </trkpt>
      <trkpt lat="34.233296848833560943603515625" lon="108.93740524537861347198486328125">
        <ele>407.600006103515625</ele>
        <time>2026-03-10T12:17:46.000Z</time>
        <extensions>
          <ns3:TrackPointExtension>
            <ns3:hr>154</ns3:hr>
            <ns3:cad>101</ns3:cad>
          </ns3:TrackPointExtension>
        </extensions>
      </trkpt>
      <trkpt lat="34.2332898080348968505859375" lon="108.9374492503702640533447265625">
        <ele>407.600006103515625</ele>
        <time>2026-03-10T12:17:47.000Z</time>
        <extensions>
          <ns3:TrackPointExtension>
            <ns3:hr>155</ns3:hr>
            <ns3:cad>100</ns3:cad>
          </ns3:TrackPointExtension>
        </extensions>
      </trkpt>
      <trkpt lat="34.233282096683979034423828125" lon="108.937488310039043426513671875">
        <ele>407.600006103515625</ele>
        <time>2026-03-10T12:17:48.000Z</time>
        <extensions>
          <ns3:TrackPointExtension>
            <ns3:hr>155</ns3:hr>
            <ns3:cad>100</ns3:cad>
          </ns3:TrackPointExtension>
        </extensions>
      </trkpt>
      <trkpt lat="34.23328779637813568115234375" lon="108.93753700889647006988525390625">
        <ele>407.600006103515625</ele>
        <time>2026-03-10T12:17:49.000Z</time>
        <extensions>
          <ns3:TrackPointExtension>
            <ns3:hr>155</ns3:hr>
            <ns3:cad>100</ns3:cad>
          </ns3:TrackPointExtension>
        </extensions>
      </trkpt>
      <trkpt lat="34.23329173587262630462646484375" lon="108.93758160062134265899658203125">
        <ele>407.600006103515625</ele>
        <time>2026-03-10T12:17:50.000Z</time>
        <extensions>
          <ns3:TrackPointExtension>
            <ns3:hr>155</ns3:hr>
            <ns3:cad>100</ns3:cad>
          </ns3:TrackPointExtension>
        </extensions>
      </trkpt>
      <trkpt lat="34.2332978546619415283203125" lon="108.93761646933853626251220703125">
        <ele>407.600006103515625</ele>
        <time>2026-03-10T12:17:51.000Z</time>
        <extensions>
          <ns3:TrackPointExtension>
            <ns3:hr>154</ns3:hr>
            <ns3:cad>97</ns3:cad>
          </ns3:TrackPointExtension>
        </extensions>
      </trkpt>
      <trkpt lat="34.233314953744411468505859375" lon="108.93765670247375965118408203125">
        <ele>407.600006103515625</ele>
        <time>2026-03-10T12:17:52.000Z</time>
        <extensions>
          <ns3:TrackPointExtension>
            <ns3:hr>155</ns3:hr>
            <ns3:cad>97</ns3:cad>
          </ns3:TrackPointExtension>
        </extensions>
      </trkpt>
      <trkpt lat="34.23333163373172283172607421875" lon="108.9376966841518878936767578125">
        <ele>407.600006103515625</ele>
        <time>2026-03-10T12:17:53.000Z</time>
        <extensions>
          <ns3:TrackPointExtension>
            <ns3:hr>155</ns3:hr>
            <ns3:cad>98</ns3:cad>
          </ns3:TrackPointExtension>
        </extensions>
      </trkpt>
      <trkpt lat="34.23334051854908466339111328125" lon="108.93772744573652744293212890625">
        <ele>407.600006103515625</ele>
        <time>2026-03-10T12:17:54.000Z</time>
        <extensions>
          <ns3:TrackPointExtension>
            <ns3:hr>155</ns3:hr>
            <ns3:cad>99</ns3:cad>
          </ns3:TrackPointExtension>
        </extensions>
      </trkpt>
      <trkpt lat="34.2333684302866458892822265625" lon="108.937757201492786407470703125">
        <ele>407.79998779296875</ele>
        <time>2026-03-10T12:17:55.000Z</time>
        <extensions>
          <ns3:TrackPointExtension>
            <ns3:hr>155</ns3:hr>
            <ns3:cad>99</ns3:cad>
          </ns3:TrackPointExtension>
        </extensions>
      </trkpt>
      <trkpt lat="34.2333955876529216766357421875" lon="108.9377919025719165802001953125">
        <ele>407.600006103515625</ele>
        <time>2026-03-10T12:17:56.000Z</time>
        <extensions>
          <ns3:TrackPointExtension>
            <ns3:hr>155</ns3:hr>
            <ns3:cad>99</ns3:cad>
          </ns3:TrackPointExtension>
        </extensions>
      </trkpt>
      <trkpt lat="34.23341008834540843963623046875" lon="108.93781947903335094451904296875">
        <ele>407.600006103515625</ele>
        <time>2026-03-10T12:17:57.000Z</time>
        <extensions>
          <ns3:TrackPointExtension>
            <ns3:hr>156</ns3:hr>
            <ns3:cad>99</ns3:cad>
          </ns3:TrackPointExtension>
        </extensions>
      </trkpt>
      <trkpt lat="34.233440347015857696533203125" lon="108.9378448761999607086181640625">
        <ele>407.600006103515625</ele>
        <time>2026-03-10T12:17:58.000Z</time>
        <extensions>
          <ns3:TrackPointExtension>
            <ns3:hr>155</ns3:hr>
            <ns3:cad>99</ns3:cad>
          </ns3:TrackPointExtension>
        </extensions>
      </trkpt>
      <trkpt lat="34.2334721982479095458984375" lon="108.93787396140396595001220703125">
        <ele>407.600006103515625</ele>
        <time>2026-03-10T12:17:59.000Z</time>
        <extensions>
          <ns3:TrackPointExtension>
            <ns3:hr>155</ns3:hr>
            <ns3:cad>100</ns3:cad>
          </ns3:TrackPointExtension>
        </extensions>
      </trkpt>
      <trkpt lat="34.23349474556744098663330078125" lon="108.9378934912383556365966796875">
        <ele>407.600006103515625</ele>
        <time>2026-03-10T12:18:00.000Z</time>
        <extensions>
          <ns3:TrackPointExtension>
            <ns3:hr>156</ns3:hr>
            <ns3:cad>100</ns3:cad>
          </ns3:TrackPointExtension>
        </extensions>
      </trkpt>
      <trkpt lat="34.23353497870266437530517578125" lon="108.9379122667014598846435546875">
        <ele>407.600006103515625</ele>
        <time>2026-03-10T12:18:01.000Z</time>
        <extensions>
          <ns3:TrackPointExtension>
            <ns3:hr>156</ns3:hr>
            <ns3:cad>100</ns3:cad>
          </ns3:TrackPointExtension>
        </extensions>
      </trkpt>
      <trkpt lat="34.2335669137537479400634765625" lon="108.937922157347202301025390625">
        <ele>407.600006103515625</ele>
        <time>2026-03-10T12:18:02.000Z</time>
        <extensions>
          <ns3:TrackPointExtension>
            <ns3:hr>156</ns3:hr>
            <ns3:cad>100</ns3:cad>
          </ns3:TrackPointExtension>
        </extensions>
      </trkpt>
      <trkpt lat="34.23359918408095836639404296875" lon="108.9379300363361835479736328125">
        <ele>407.399993896484375</ele>
        <time>2026-03-10T12:18:03.000Z</time>
        <extensions>
          <ns3:TrackPointExtension>
            <ns3:hr>157</ns3:hr>
            <ns3:cad>100</ns3:cad>
          </ns3:TrackPointExtension>
        </extensions>
      </trkpt>
      <trkpt lat="34.23363321460783481597900390625" lon="108.9379206486046314239501953125">
        <ele>407.399993896484375</ele>
        <time>2026-03-10T12:18:04.000Z</time>
        <extensions>
          <ns3:TrackPointExtension>
            <ns3:hr>157</ns3:hr>
            <ns3:cad>100</ns3:cad>
          </ns3:TrackPointExtension>
        </extensions>
      </trkpt>
      <trkpt lat="34.2336679995059967041015625" lon="108.93791821785271167755126953125">
        <ele>407.399993896484375</ele>
        <time>2026-03-10T12:18:05.000Z</time>
        <extensions>
          <ns3:TrackPointExtension>
            <ns3:hr>157</ns3:hr>
            <ns3:cad>100</ns3:cad>
          </ns3:TrackPointExtension>
        </extensions>
      </trkpt>
      <trkpt lat="34.23369825817644596099853515625" lon="108.93792073242366313934326171875">
        <ele>407.399993896484375</ele>
        <time>2026-03-10T12:18:06.000Z</time>
        <extensions>
          <ns3:TrackPointExtension>
            <ns3:hr>158</ns3:hr>
            <ns3:cad>100</ns3:cad>
          </ns3:TrackPointExtension>
        </extensions>
      </trkpt>
      <trkpt lat="34.2337350547313690185546875" lon="108.93791821785271167755126953125">
        <ele>407.600006103515625</ele>
        <time>2026-03-10T12:18:07.000Z</time>
        <extensions>
          <ns3:TrackPointExtension>
            <ns3:hr>157</ns3:hr>
            <ns3:cad>100</ns3:cad>
          </ns3:TrackPointExtension>
        </extensions>
      </trkpt>
      <trkpt lat="34.2337684147059917449951171875" lon="108.93791939131915569305419921875">
        <ele>407.600006103515625</ele>
        <time>2026-03-10T12:18:08.000Z</time>
        <extensions>
          <ns3:TrackPointExtension>
            <ns3:hr>157</ns3:hr>
            <ns3:cad>100</ns3:cad>
          </ns3:TrackPointExtension>
        </extensions>
      </trkpt>
      <trkpt lat="34.23379850573837757110595703125" lon="108.93791888840496540069580078125">
        <ele>407.600006103515625</ele>
        <time>2026-03-10T12:18:09.000Z</time>
        <extensions>
          <ns3:TrackPointExtension>
            <ns3:hr>157</ns3:hr>
            <ns3:cad>100</ns3:cad>
          </ns3:TrackPointExtension>
        </extensions>
      </trkpt>
      <trkpt lat="34.23383739776909351348876953125" lon="108.93791872076690196990966796875">
        <ele>407.600006103515625</ele>
        <time>2026-03-10T12:18:10.000Z</time>
        <extensions>
          <ns3:TrackPointExtension>
            <ns3:hr>157</ns3:hr>
            <ns3:cad>100</ns3:cad>
          </ns3:TrackPointExtension>
        </extensions>
      </trkpt>
      <trkpt lat="34.23387126065790653228759765625" lon="108.93792073242366313934326171875">
        <ele>407.600006103515625</ele>
        <time>2026-03-10T12:18:11.000Z</time>
        <extensions>
          <ns3:TrackPointExtension>
            <ns3:hr>158</ns3:hr>
            <ns3:cad>100</ns3:cad>
          </ns3:TrackPointExtension>
        </extensions>
      </trkpt>
      <trkpt lat="34.23390076495707035064697265625" lon="108.9379260130226612091064453125">
        <ele>407.600006103515625</ele>
        <time>2026-03-10T12:18:12.000Z</time>
        <extensions>
          <ns3:TrackPointExtension>
            <ns3:hr>159</ns3:hr>
            <ns3:cad>100</ns3:cad>
          </ns3:TrackPointExtension>
        </extensions>
      </trkpt>
      <trkpt lat="34.23393689095973968505859375" lon="108.93792710267007350921630859375">
        <ele>407.600006103515625</ele>
        <time>2026-03-10T12:18:13.000Z</time>
        <extensions>
          <ns3:TrackPointExtension>
            <ns3:hr>159</ns3:hr>
            <ns3:cad>100</ns3:cad>
          </ns3:TrackPointExtension>
        </extensions>
      </trkpt>
      <trkpt lat="34.233966730535030364990234375" lon="108.9379285275936126708984375">
        <ele>407.600006103515625</ele>
        <time>2026-03-10T12:18:14.000Z</time>
        <extensions>
          <ns3:TrackPointExtension>
            <ns3:hr>159</ns3:hr>
            <ns3:cad>100</ns3:cad>
          </ns3:TrackPointExtension>
        </extensions>
      </trkpt>
      <trkpt lat="34.2339950613677501678466796875" lon="108.937931545078754425048828125">
        <ele>407.600006103515625</ele>
        <time>2026-03-10T12:18:15.000Z</time>
        <extensions>
          <ns3:TrackPointExtension>
            <ns3:hr>159</ns3:hr>
            <ns3:cad>100</ns3:cad>
          </ns3:TrackPointExtension>
        </extensions>
      </trkpt>
      <trkpt lat="34.23403219319880008697509765625" lon="108.93793330527842044830322265625">
        <ele>407.600006103515625</ele>
        <time>2026-03-10T12:18:16.000Z</time>
        <extensions>
          <ns3:TrackPointExtension>
            <ns3:hr>159</ns3:hr>
            <ns3:cad>100</ns3:cad>
          </ns3:TrackPointExtension>
        </extensions>
      </trkpt>
      <trkpt lat="34.23406505025923252105712890625" lon="108.9379354007542133331298828125">
        <ele>407.399993896484375</ele>
        <time>2026-03-10T12:18:17.000Z</time>
        <extensions>
          <ns3:TrackPointExtension>
            <ns3:hr>159</ns3:hr>
            <ns3:cad>100</ns3:cad>
          </ns3:TrackPointExtension>
        </extensions>
      </trkpt>
      <trkpt lat="34.23409086652100086212158203125" lon="108.93793682567775249481201171875">
        <ele>407.600006103515625</ele>
        <time>2026-03-10T12:18:18.000Z</time>
        <extensions>
          <ns3:TrackPointExtension>
            <ns3:hr>159</ns3:hr>
            <ns3:cad>100</ns3:cad>
          </ns3:TrackPointExtension>
        </extensions>
      </trkpt>
      <trkpt lat="34.2341261543333530426025390625" lon="108.9379347302019596099853515625">
        <ele>407.399993896484375</ele>
        <time>2026-03-10T12:18:19.000Z</time>
        <extensions>
          <ns3:TrackPointExtension>
            <ns3:hr>159</ns3:hr>
            <ns3:cad>99</ns3:cad>
          </ns3:TrackPointExtension>
        </extensions>
      </trkpt>
      <trkpt lat="34.23415943048894405364990234375" lon="108.93793246708810329437255859375">
        <ele>407.399993896484375</ele>
        <time>2026-03-10T12:18:20.000Z</time>
        <extensions>
          <ns3:TrackPointExtension>
            <ns3:hr>159</ns3:hr>
            <ns3:cad>99</ns3:cad>
          </ns3:TrackPointExtension>
        </extensions>
      </trkpt>
      <trkpt lat="34.23418876715004444122314453125" lon="108.93793682567775249481201171875">
        <ele>407.399993896484375</ele>
        <time>2026-03-10T12:18:21.000Z</time>
        <extensions>
          <ns3:TrackPointExtension>
            <ns3:hr>159</ns3:hr>
            <ns3:cad>100</ns3:cad>
          </ns3:TrackPointExtension>
        </extensions>
      </trkpt>
      <trkpt lat="34.23422447405755519866943359375" lon="108.93793330527842044830322265625">
        <ele>407.600006103515625</ele>
        <time>2026-03-10T12:18:22.000Z</time>
        <extensions>
          <ns3:TrackPointExtension>
            <ns3:hr>160</ns3:hr>
            <ns3:cad>101</ns3:cad>
          </ns3:TrackPointExtension>
        </extensions>
      </trkpt>
      <trkpt lat="34.23425816930830478668212890625" lon="108.9379347302019596099853515625">
        <ele>407.600006103515625</ele>
        <time>2026-03-10T12:18:23.000Z</time>
        <extensions>
          <ns3:TrackPointExtension>
            <ns3:hr>160</ns3:hr>
            <ns3:cad>101</ns3:cad>
          </ns3:TrackPointExtension>
        </extensions>
      </trkpt>
      <trkpt lat="34.23428750596940517425537109375" lon="108.9379354007542133331298828125">
        <ele>407.600006103515625</ele>
        <time>2026-03-10T12:18:24.000Z</time>
        <extensions>
          <ns3:TrackPointExtension>
            <ns3:hr>159</ns3:hr>
            <ns3:cad>101</ns3:cad>
          </ns3:TrackPointExtension>
        </extensions>
      </trkpt>
      <trkpt lat="34.234320782124996185302734375" lon="108.9379290305078029632568359375">
        <ele>407.600006103515625</ele>
        <time>2026-03-10T12:18:25.000Z</time>
        <extensions>
          <ns3:TrackPointExtension>
            <ns3:hr>159</ns3:hr>
            <ns3:cad>101</ns3:cad>
          </ns3:TrackPointExtension>
        </extensions>
      </trkpt>
      <trkpt lat="34.23435221426188945770263671875" lon="108.93792391754686832427978515625">
        <ele>407.600006103515625</ele>
        <time>2026-03-10T12:18:26.000Z</time>
        <extensions>
          <ns3:TrackPointExtension>
            <ns3:hr>159</ns3:hr>
            <ns3:cad>102</ns3:cad>
          </ns3:TrackPointExtension>
        </extensions>
      </trkpt>
      <trkpt lat="34.23437811434268951416015625" lon="108.9379327185451984405517578125">
        <ele>407.600006103515625</ele>
        <time>2026-03-10T12:18:27.000Z</time>
        <extensions>
          <ns3:TrackPointExtension>
            <ns3:hr>159</ns3:hr>
            <ns3:cad>100</ns3:cad>
          </ns3:TrackPointExtension>
        </extensions>
      </trkpt>
      <trkpt lat="34.23441122286021709442138671875" lon="108.9379312098026275634765625">
        <ele>407.79998779296875</ele>
        <time>2026-03-10T12:18:28.000Z</time>
        <extensions>
          <ns3:TrackPointExtension>
            <ns3:hr>160</ns3:hr>
            <ns3:cad>100</ns3:cad>
          </ns3:TrackPointExtension>
        </extensions>
      </trkpt>
      <trkpt lat="34.23444407992064952850341796875" lon="108.9379285275936126708984375">
        <ele>407.79998779296875</ele>
        <time>2026-03-10T12:18:29.000Z</time>
        <extensions>
          <ns3:TrackPointExtension>
            <ns3:hr>160</ns3:hr>
            <ns3:cad>100</ns3:cad>
          </ns3:TrackPointExtension>
        </extensions>
      </trkpt>
      <trkpt lat="34.23447576351463794708251953125" lon="108.9379283599555492401123046875">
        <ele>407.79998779296875</ele>
        <time>2026-03-10T12:18:30.000Z</time>
        <extensions>
          <ns3:TrackPointExtension>
            <ns3:hr>160</ns3:hr>
            <ns3:cad>100</ns3:cad>
          </ns3:TrackPointExtension>
        </extensions>
      </trkpt>
      <trkpt lat="34.23451197333633899688720703125" lon="108.93791989423334598541259765625">
        <ele>407.79998779296875</ele>
        <time>2026-03-10T12:18:31.000Z</time>
        <extensions>
          <ns3:TrackPointExtension>
            <ns3:hr>160</ns3:hr>
            <ns3:cad>100</ns3:cad>
          </ns3:TrackPointExtension>
        </extensions>
      </trkpt>
      <trkpt lat="34.23454499803483486175537109375" lon="108.937902711331844329833984375">
        <ele>407.600006103515625</ele>
        <time>2026-03-10T12:18:32.000Z</time>
        <extensions>
          <ns3:TrackPointExtension>
            <ns3:hr>160</ns3:hr>
            <ns3:cad>101</ns3:cad>
          </ns3:TrackPointExtension>
        </extensions>
      </trkpt>
      <trkpt lat="34.23457517288625240325927734375" lon="108.93788921646773815155029296875">
        <ele>407.600006103515625</ele>
        <time>2026-03-10T12:18:33.000Z</time>
        <extensions>
          <ns3:TrackPointExtension>
            <ns3:hr>160</ns3:hr>
            <ns3:cad>101</ns3:cad>
          </ns3:TrackPointExtension>
        </extensions>
      </trkpt>
      <trkpt lat="34.2346042580902576446533203125" lon="108.93786884844303131103515625">
        <ele>407.600006103515625</ele>
        <time>2026-03-10T12:18:34.000Z</time>
        <extensions>
          <ns3:TrackPointExtension>
            <ns3:hr>160</ns3:hr>
            <ns3:cad>101</ns3:cad>
          </ns3:TrackPointExtension>
        </extensions>
      </trkpt>
      <trkpt lat="34.23463284038007259368896484375" lon="108.9378371648490428924560546875">
        <ele>407.600006103515625</ele>
        <time>2026-03-10T12:18:35.000Z</time>
        <extensions>
          <ns3:TrackPointExtension>
            <ns3:hr>160</ns3:hr>
            <ns3:cad>101</ns3:cad>
          </ns3:TrackPointExtension>
        </extensions>
      </trkpt>
      <trkpt lat="34.234661422669887542724609375" lon="108.93781629391014575958251953125">
        <ele>407.600006103515625</ele>
        <time>2026-03-10T12:18:36.000Z</time>
        <extensions>
          <ns3:TrackPointExtension>
            <ns3:hr>160</ns3:hr>
            <ns3:cad>101</ns3:cad>
          </ns3:TrackPointExtension>
        </extensions>
      </trkpt>
      <trkpt lat="34.23468246124684810638427734375" lon="108.9377925731241703033447265625">
        <ele>407.79998779296875</ele>
        <time>2026-03-10T12:18:37.000Z</time>
        <extensions>
          <ns3:TrackPointExtension>
            <ns3:hr>160</ns3:hr>
            <ns3:cad>101</ns3:cad>
          </ns3:TrackPointExtension>
        </extensions>
      </trkpt>
      <trkpt lat="34.2347048409283161163330078125" lon="108.93775342963635921478271484375">
        <ele>407.79998779296875</ele>
        <time>2026-03-10T12:18:38.000Z</time>
        <extensions>
          <ns3:TrackPointExtension>
            <ns3:hr>160</ns3:hr>
            <ns3:cad>101</ns3:cad>
          </ns3:TrackPointExtension>
        </extensions>
      </trkpt>
      <trkpt lat="34.23472587950527667999267578125" lon="108.93772627227008342742919921875">
        <ele>407.79998779296875</ele>
        <time>2026-03-10T12:18:39.000Z</time>
        <extensions>
          <ns3:TrackPointExtension>
            <ns3:hr>160</ns3:hr>
            <ns3:cad>100</ns3:cad>
          </ns3:TrackPointExtension>
        </extensions>
      </trkpt>
      <trkpt lat="34.2347447387874126434326171875" lon="108.937698192894458770751953125">
        <ele>407.79998779296875</ele>
        <time>2026-03-10T12:18:40.000Z</time>
        <extensions>
          <ns3:TrackPointExtension>
            <ns3:hr>160</ns3:hr>
            <ns3:cad>100</ns3:cad>
          </ns3:TrackPointExtension>
        </extensions>
      </trkpt>
      <trkpt lat="34.234758652746677398681640625" lon="108.9376564510166645050048828125">
        <ele>407.79998779296875</ele>
        <time>2026-03-10T12:18:41.000Z</time>
        <extensions>
          <ns3:TrackPointExtension>
            <ns3:hr>159</ns3:hr>
            <ns3:cad>100</ns3:cad>
          </ns3:TrackPointExtension>
        </extensions>
      </trkpt>
      <trkpt lat="34.2347732372581958770751953125" lon="108.9376262761652469635009765625">
        <ele>407.79998779296875</ele>
        <time>2026-03-10T12:18:42.000Z</time>
        <extensions>
          <ns3:TrackPointExtension>
            <ns3:hr>159</ns3:hr>
            <ns3:cad>100</ns3:cad>
          </ns3:TrackPointExtension>
        </extensions>
      </trkpt>
      <trkpt lat="34.23478505574166774749755859375" lon="108.93759350292384624481201171875">
        <ele>407.79998779296875</ele>
        <time>2026-03-10T12:18:43.000Z</time>
        <extensions>
          <ns3:TrackPointExtension>
            <ns3:hr>159</ns3:hr>
            <ns3:cad>100</ns3:cad>
          </ns3:TrackPointExtension>
        </extensions>
      </trkpt>
      <trkpt lat="34.234792180359363555908203125" lon="108.93754807300865650177001953125">
        <ele>407.79998779296875</ele>
        <time>2026-03-10T12:18:44.000Z</time>
        <extensions>
          <ns3:TrackPointExtension>
            <ns3:hr>159</ns3:hr>
            <ns3:cad>100</ns3:cad>
          </ns3:TrackPointExtension>
        </extensions>
      </trkpt>
      <trkpt lat="34.2348007299005985260009765625" lon="108.93751152791082859039306640625">
        <ele>407.79998779296875</ele>
        <time>2026-03-10T12:18:45.000Z</time>
        <extensions>
          <ns3:TrackPointExtension>
            <ns3:hr>159</ns3:hr>
            <ns3:cad>100</ns3:cad>
          </ns3:TrackPointExtension>
        </extensions>
      </trkpt>
      <trkpt lat="34.23480181954801082611083984375" lon="108.937480263411998748779296875">
        <ele>407.79998779296875</ele>
        <time>2026-03-10T12:18:46.000Z</time>
        <extensions>
          <ns3:TrackPointExtension>
            <ns3:hr>160</ns3:hr>
            <ns3:cad>99</ns3:cad>
          </ns3:TrackPointExtension>
        </extensions>
      </trkpt>
      <trkpt lat="34.234802909195423126220703125" lon="108.93743441440165042877197265625">
        <ele>407.79998779296875</ele>
        <time>2026-03-10T12:18:47.000Z</time>
        <extensions>
          <ns3:TrackPointExtension>
            <ns3:hr>160</ns3:hr>
            <ns3:cad>100</ns3:cad>
          </ns3:TrackPointExtension>
        </extensions>
      </trkpt>
      <trkpt lat="34.23479855060577392578125" lon="108.9373946003615856170654296875">
        <ele>407.79998779296875</ele>
        <time>2026-03-10T12:18:48.000Z</time>
        <extensions>
          <ns3:TrackPointExtension>
            <ns3:hr>161</ns3:hr>
            <ns3:cad>100</ns3:cad>
          </ns3:TrackPointExtension>
        </extensions>
      </trkpt>
      <trkpt lat="34.2347873188555240631103515625" lon="108.93736082129180431365966796875">
        <ele>407.79998779296875</ele>
        <time>2026-03-10T12:18:49.000Z</time>
        <extensions>
          <ns3:TrackPointExtension>
            <ns3:hr>161</ns3:hr>
            <ns3:cad>100</ns3:cad>
          </ns3:TrackPointExtension>
        </extensions>
      </trkpt>
      <trkpt lat="34.23477097414433956146240234375" lon="108.9373171515762805938720703125">
        <ele>407.79998779296875</ele>
        <time>2026-03-10T12:18:50.000Z</time>
        <extensions>
          <ns3:TrackPointExtension>
            <ns3:hr>160</ns3:hr>
            <ns3:cad>100</ns3:cad>
          </ns3:TrackPointExtension>
        </extensions>
      </trkpt>
      <trkpt lat="34.2347561381757259368896484375" lon="108.937273733317852020263671875">
        <ele>407.79998779296875</ele>
        <time>2026-03-10T12:18:51.000Z</time>
        <extensions>
          <ns3:TrackPointExtension>
            <ns3:hr>160</ns3:hr>
            <ns3:cad>100</ns3:cad>
          </ns3:TrackPointExtension>
        </extensions>
      </trkpt>
      <trkpt lat="34.2347420565783977508544921875" lon="108.937242217361927032470703125">
        <ele>407.79998779296875</ele>
        <time>2026-03-10T12:18:52.000Z</time>
        <extensions>
          <ns3:TrackPointExtension>
            <ns3:hr>160</ns3:hr>
            <ns3:cad>101</ns3:cad>
          </ns3:TrackPointExtension>
        </extensions>
      </trkpt>
      <trkpt lat="34.2347086966037750244140625" lon="108.9371961168944835662841796875">
        <ele>407.79998779296875</ele>
        <time>2026-03-10T12:18:53.000Z</time>
        <extensions>
          <ns3:TrackPointExtension>
            <ns3:hr>160</ns3:hr>
            <ns3:cad>101</ns3:cad>
          </ns3:TrackPointExtension>
        </extensions>
      </trkpt>
      <trkpt lat="34.2346827127039432525634765625" lon="108.937161751091480255126953125">
        <ele>407.79998779296875</ele>
        <time>2026-03-10T12:18:54.000Z</time>
        <extensions>
          <ns3:TrackPointExtension>
            <ns3:hr>160</ns3:hr>
            <ns3:cad>100</ns3:cad>
          </ns3:TrackPointExtension>
        </extensions>
      </trkpt>
      <trkpt lat="34.234657399356365203857421875" lon="108.93714171834290027618408203125">
        <ele>407.600006103515625</ele>
        <time>2026-03-10T12:18:55.000Z</time>
        <extensions>
          <ns3:TrackPointExtension>
            <ns3:hr>160</ns3:hr>
            <ns3:cad>100</ns3:cad>
          </ns3:TrackPointExtension>
        </extensions>
      </trkpt>
      <trkpt lat="34.2346233688294887542724609375" lon="108.93711305223405361175537109375">
        <ele>407.600006103515625</ele>
        <time>2026-03-10T12:18:56.000Z</time>
        <extensions>
          <ns3:TrackPointExtension>
            <ns3:hr>160</ns3:hr>
            <ns3:cad>100</ns3:cad>
          </ns3:TrackPointExtension>
        </extensions>
      </trkpt>
      <trkpt lat="34.23459210433065891265869140625" lon="108.93709360621869564056396484375">
        <ele>407.600006103515625</ele>
        <time>2026-03-10T12:18:57.000Z</time>
        <extensions>
          <ns3:TrackPointExtension>
            <ns3:hr>161</ns3:hr>
            <ns3:cad>100</ns3:cad>
          </ns3:TrackPointExtension>
        </extensions>
      </trkpt>
      <trkpt lat="34.2345626838505268096923828125" lon="108.937084637582302093505859375">
        <ele>407.600006103515625</ele>
        <time>2026-03-10T12:18:58.000Z</time>
        <extensions>
          <ns3:TrackPointExtension>
            <ns3:hr>160</ns3:hr>
            <ns3:cad>100</ns3:cad>
          </ns3:TrackPointExtension>
        </extensions>
      </trkpt>
      <trkpt lat="34.23452052287757396697998046875" lon="108.9370767585933208465576171875">
        <ele>407.600006103515625</ele>
        <time>2026-03-10T12:18:59.000Z</time>
        <extensions>
          <ns3:TrackPointExtension>
            <ns3:hr>160</ns3:hr>
            <ns3:cad>101</ns3:cad>
          </ns3:TrackPointExtension>
        </extensions>
      </trkpt>
      <trkpt lat="34.23449235968291759490966796875" lon="108.937063850462436676025390625">
        <ele>407.600006103515625</ele>
        <time>2026-03-10T12:19:00.000Z</time>
        <extensions>
          <ns3:TrackPointExtension>
            <ns3:hr>160</ns3:hr>
            <ns3:cad>101</ns3:cad>
          </ns3:TrackPointExtension>
        </extensions>
      </trkpt>
      <trkpt lat="34.2344667948782444000244140625" lon="108.9370553009212017059326171875">
        <ele>407.600006103515625</ele>
        <time>2026-03-10T12:19:01.000Z</time>
        <extensions>
          <ns3:TrackPointExtension>
            <ns3:hr>160</ns3:hr>
            <ns3:cad>100</ns3:cad>
          </ns3:TrackPointExtension>
        </extensions>
      </trkpt>
      <trkpt lat="34.23442647792398929595947265625" lon="108.93705437891185283660888671875">
        <ele>407.600006103515625</ele>
        <time>2026-03-10T12:19:02.000Z</time>
        <extensions>
          <ns3:TrackPointExtension>
            <ns3:hr>160</ns3:hr>
            <ns3:cad>99</ns3:cad>
          </ns3:TrackPointExtension>
        </extensions>
      </trkpt>
      <trkpt lat="34.23439462669193744659423828125" lon="108.93704515881836414337158203125">
        <ele>407.79998779296875</ele>
        <time>2026-03-10T12:19:03.000Z</time>
        <extensions>
          <ns3:TrackPointExtension>
            <ns3:hr>160</ns3:hr>
            <ns3:cad>99</ns3:cad>
          </ns3:TrackPointExtension>
        </extensions>
      </trkpt>
      <trkpt lat="34.2343655414879322052001953125" lon="108.93704566173255443572998046875">
        <ele>407.79998779296875</ele>
        <time>2026-03-10T12:19:04.000Z</time>
        <extensions>
          <ns3:TrackPointExtension>
            <ns3:hr>160</ns3:hr>
            <ns3:cad>99</ns3:cad>
          </ns3:TrackPointExtension>
        </extensions>
      </trkpt>
      <trkpt lat="34.23432773910462856292724609375" lon="108.9370519481599330902099609375">
        <ele>407.79998779296875</ele>
        <time>2026-03-10T12:19:05.000Z</time>
        <extensions>
          <ns3:TrackPointExtension>
            <ns3:hr>161</ns3:hr>
            <ns3:cad>99</ns3:cad>
          </ns3:TrackPointExtension>
        </extensions>
      </trkpt>
      <trkpt lat="34.23430033028125762939453125" lon="108.937048427760601043701171875">
        <ele>407.79998779296875</ele>
        <time>2026-03-10T12:19:06.000Z</time>
        <extensions>
          <ns3:TrackPointExtension>
            <ns3:hr>160</ns3:hr>
            <ns3:cad>99</ns3:cad>
          </ns3:TrackPointExtension>
        </extensions>
      </trkpt>
      <trkpt lat="34.23427040688693523406982421875" lon="108.937051780521869659423828125">
        <ele>407.79998779296875</ele>
        <time>2026-03-10T12:19:07.000Z</time>
        <extensions>
          <ns3:TrackPointExtension>
            <ns3:hr>160</ns3:hr>
            <ns3:cad>99</ns3:cad>
          </ns3:TrackPointExtension>
        </extensions>
      </trkpt>
      <trkpt lat="34.234232604503631591796875" lon="108.9370568096637725830078125">
        <ele>407.79998779296875</ele>
        <time>2026-03-10T12:19:08.000Z</time>
        <extensions>
          <ns3:TrackPointExtension>
            <ns3:hr>160</ns3:hr>
            <ns3:cad>99</ns3:cad>
          </ns3:TrackPointExtension>
        </extensions>
      </trkpt>
      <trkpt lat="34.2342012561857700347900390625" lon="108.9370516128838062286376953125">
        <ele>407.79998779296875</ele>
        <time>2026-03-10T12:19:09.000Z</time>
        <extensions>
          <ns3:TrackPointExtension>
            <ns3:hr>159</ns3:hr>
            <ns3:cad>99</ns3:cad>
          </ns3:TrackPointExtension>
        </extensions>
      </trkpt>
      <trkpt lat="34.2341650463640689849853515625" lon="108.93705203197896480560302734375">
        <ele>407.79998779296875</ele>
        <time>2026-03-10T12:19:10.000Z</time>
        <extensions>
          <ns3:TrackPointExtension>
            <ns3:hr>159</ns3:hr>
            <ns3:cad>99</ns3:cad>
          </ns3:TrackPointExtension>
        </extensions>
      </trkpt>
      <trkpt lat="34.2341335304081439971923828125" lon="108.93705454654991626739501953125">
        <ele>407.79998779296875</ele>
        <time>2026-03-10T12:19:11.000Z</time>
        <extensions>
          <ns3:TrackPointExtension>
            <ns3:hr>159</ns3:hr>
            <ns3:cad>99</ns3:cad>
          </ns3:TrackPointExtension>
        </extensions>
      </trkpt>
      <trkpt lat="34.2341053672134876251220703125" lon="108.937052451074123382568359375">
        <ele>407.79998779296875</ele>
        <time>2026-03-10T12:19:12.000Z</time>
        <extensions>
          <ns3:TrackPointExtension>
            <ns3:hr>159</ns3:hr>
            <ns3:cad>99</ns3:cad>
          </ns3:TrackPointExtension>
        </extensions>
      </trkpt>
      <trkpt lat="34.23406831920146942138671875" lon="108.93705211579799652099609375">
        <ele>407.79998779296875</ele>
        <time>2026-03-10T12:19:13.000Z</time>
        <extensions>
          <ns3:TrackPointExtension>
            <ns3:hr>159</ns3:hr>
            <ns3:cad>98</ns3:cad>
          </ns3:TrackPointExtension>
        </extensions>
      </trkpt>
      <trkpt lat="34.234034121036529541015625" lon="108.937054462730884552001953125">
        <ele>407.600006103515625</ele>
        <time>2026-03-10T12:19:14.000Z</time>
        <extensions>
          <ns3:TrackPointExtension>
            <ns3:hr>159</ns3:hr>
            <ns3:cad>99</ns3:cad>
          </ns3:TrackPointExtension>
        </extensions>
      </trkpt>
      <trkpt lat="34.2340104840695858001708984375" lon="108.93705588765442371368408203125">
        <ele>407.79998779296875</ele>
        <time>2026-03-10T12:19:15.000Z</time>
        <extensions>
          <ns3:TrackPointExtension>
            <ns3:hr>159</ns3:hr>
            <ns3:cad>99</ns3:cad>
          </ns3:TrackPointExtension>
        </extensions>
      </trkpt>
      <trkpt lat="34.233978129923343658447265625" lon="108.93706150352954864501953125">
        <ele>407.79998779296875</ele>
        <time>2026-03-10T12:19:16.000Z</time>
        <extensions>
          <ns3:TrackPointExtension>
            <ns3:hr>160</ns3:hr>
            <ns3:cad>99</ns3:cad>
          </ns3:TrackPointExtension>
        </extensions>
      </trkpt>
      <trkpt lat="34.23395038582384586334228515625" lon="108.93706259317696094512939453125">
        <ele>407.79998779296875</ele>
        <time>2026-03-10T12:19:17.000Z</time>
        <extensions>
          <ns3:TrackPointExtension>
            <ns3:hr>159</ns3:hr>
            <ns3:cad>99</ns3:cad>
          </ns3:TrackPointExtension>
        </extensions>
      </trkpt>
      <trkpt lat="34.2339259944856166839599609375" lon="108.9370526187121868133544921875">
        <ele>407.79998779296875</ele>
        <time>2026-03-10T12:19:18.000Z</time>
        <extensions>
          <ns3:TrackPointExtension>
            <ns3:hr>159</ns3:hr>
            <ns3:cad>99</ns3:cad>
          </ns3:TrackPointExtension>
        </extensions>
      </trkpt>
      <trkpt lat="34.2338864319026470184326171875" lon="108.93704834394156932830810546875">
        <ele>407.79998779296875</ele>
        <time>2026-03-10T12:19:19.000Z</time>
        <extensions>
          <ns3:TrackPointExtension>
            <ns3:hr>159</ns3:hr>
            <ns3:cad>100</ns3:cad>
          </ns3:TrackPointExtension>
        </extensions>
      </trkpt>
      <trkpt lat="34.23385441303253173828125" lon="108.9370489306747913360595703125">
        <ele>407.79998779296875</ele>
        <time>2026-03-10T12:19:20.000Z</time>
        <extensions>
          <ns3:TrackPointExtension>
            <ns3:hr>159</ns3:hr>
            <ns3:cad>100</ns3:cad>
          </ns3:TrackPointExtension>
        </extensions>
      </trkpt>
      <trkpt lat="34.2338277585804462432861328125" lon="108.937041722238063812255859375">
        <ele>407.79998779296875</ele>
        <time>2026-03-10T12:19:21.000Z</time>
        <extensions>
          <ns3:TrackPointExtension>
            <ns3:hr>159</ns3:hr>
            <ns3:cad>100</ns3:cad>
          </ns3:TrackPointExtension>
        </extensions>
      </trkpt>
      <trkpt lat="34.23379029147326946258544921875" lon="108.93704541027545928955078125">
        <ele>407.79998779296875</ele>
        <time>2026-03-10T12:19:22.000Z</time>
        <extensions>
          <ns3:TrackPointExtension>
            <ns3:hr>158</ns3:hr>
            <ns3:cad>100</ns3:cad>
          </ns3:TrackPointExtension>
        </extensions>
      </trkpt>
      <trkpt lat="34.23375894315540790557861328125" lon="108.93705077469348907470703125">
        <ele>407.79998779296875</ele>
        <time>2026-03-10T12:19:23.000Z</time>
        <extensions>
          <ns3:TrackPointExtension>
            <ns3:hr>158</ns3:hr>
            <ns3:cad>100</ns3:cad>
          </ns3:TrackPointExtension>
        </extensions>
      </trkpt>
      <trkpt lat="34.233734048902988433837890625" lon="108.937045074999332427978515625">
        <ele>407.79998779296875</ele>
        <time>2026-03-10T12:19:24.000Z</time>
        <extensions>
          <ns3:TrackPointExtension>
            <ns3:hr>158</ns3:hr>
            <ns3:cad>100</ns3:cad>
          </ns3:TrackPointExtension>
        </extensions>
      </trkpt>
      <trkpt lat="34.2336956597864627838134765625" lon="108.93704943358898162841796875">
        <ele>407.600006103515625</ele>
        <time>2026-03-10T12:19:25.000Z</time>
        <extensions>
          <ns3:TrackPointExtension>
            <ns3:hr>158</ns3:hr>
            <ns3:cad>100</ns3:cad>
          </ns3:TrackPointExtension>
        </extensions>
      </trkpt>
      <trkpt lat="34.23366406001150608062744140625" lon="108.93705077469348907470703125">
        <ele>407.600006103515625</ele>
        <time>2026-03-10T12:19:26.000Z</time>
        <extensions>
          <ns3:TrackPointExtension>
            <ns3:hr>158</ns3:hr>
            <ns3:cad>100</ns3:cad>
          </ns3:TrackPointExtension>
        </extensions>
      </trkpt>
      <trkpt lat="34.23363782465457916259765625" lon="108.9370418898761272430419921875">
        <ele>407.600006103515625</ele>
        <time>2026-03-10T12:19:27.000Z</time>
        <extensions>
          <ns3:TrackPointExtension>
            <ns3:hr>157</ns3:hr>
            <ns3:cad>100</ns3:cad>
          </ns3:TrackPointExtension>
        </extensions>
      </trkpt>
      <trkpt lat="34.2336063086986541748046875" lon="108.93704834394156932830810546875">
        <ele>407.79998779296875</ele>
        <time>2026-03-10T12:19:28.000Z</time>
        <extensions>
          <ns3:TrackPointExtension>
            <ns3:hr>157</ns3:hr>
            <ns3:cad>100</ns3:cad>
          </ns3:TrackPointExtension>
        </extensions>
      </trkpt>
      <trkpt lat="34.2335746251046657562255859375" lon="108.937059827148914337158203125">
        <ele>407.79998779296875</ele>
        <time>2026-03-10T12:19:29.000Z</time>
        <extensions>
          <ns3:TrackPointExtension>
            <ns3:hr>157</ns3:hr>
            <ns3:cad>100</ns3:cad>
          </ns3:TrackPointExtension>
        </extensions>
      </trkpt>
      <trkpt lat="34.23354319296777248382568359375" lon="108.93706628121435642242431640625">
        <ele>407.79998779296875</ele>
        <time>2026-03-10T12:19:30.000Z</time>
        <extensions>
          <ns3:TrackPointExtension>
            <ns3:hr>157</ns3:hr>
            <ns3:cad>100</ns3:cad>
          </ns3:TrackPointExtension>
        </extensions>
      </trkpt>
      <trkpt lat="34.2335142754018306732177734375" lon="108.9370874874293804168701171875">
        <ele>407.79998779296875</ele>
        <time>2026-03-10T12:19:31.000Z</time>
        <extensions>
          <ns3:TrackPointExtension>
            <ns3:hr>157</ns3:hr>
            <ns3:cad>100</ns3:cad>
          </ns3:TrackPointExtension>
        </extensions>
      </trkpt>
      <trkpt lat="34.23348250798881053924560546875" lon="108.937116153538227081298828125">
        <ele>407.79998779296875</ele>
        <time>2026-03-10T12:19:32.000Z</time>
        <extensions>
          <ns3:TrackPointExtension>
            <ns3:hr>157</ns3:hr>
            <ns3:cad>100</ns3:cad>
          </ns3:TrackPointExtension>
        </extensions>
      </trkpt>
      <trkpt lat="34.23345317132771015167236328125" lon="108.9371307380497455596923828125">
        <ele>407.79998779296875</ele>
        <time>2026-03-10T12:19:33.000Z</time>
        <extensions>
          <ns3:TrackPointExtension>
            <ns3:hr>157</ns3:hr>
            <ns3:cad>100</ns3:cad>
          </ns3:TrackPointExtension>
        </extensions>
      </trkpt>
      <trkpt lat="34.23342525959014892578125" lon="108.9371587336063385009765625">
        <ele>407.79998779296875</ele>
        <time>2026-03-10T12:19:34.000Z</time>
        <extensions>
          <ns3:TrackPointExtension>
            <ns3:hr>157</ns3:hr>
            <ns3:cad>101</ns3:cad>
          </ns3:TrackPointExtension>
        </extensions>
      </trkpt>
      <trkpt lat="34.233396761119365692138671875" lon="108.93718765117228031158447265625">
        <ele>407.79998779296875</ele>
        <time>2026-03-10T12:19:35.000Z</time>
        <extensions>
          <ns3:TrackPointExtension>
            <ns3:hr>157</ns3:hr>
            <ns3:cad>101</ns3:cad>
          </ns3:TrackPointExtension>
        </extensions>
      </trkpt>
      <trkpt lat="34.2333729565143585205078125" lon="108.937214724719524383544921875">
        <ele>407.79998779296875</ele>
        <time>2026-03-10T12:19:36.000Z</time>
        <extensions>
          <ns3:TrackPointExtension>
            <ns3:hr>158</ns3:hr>
            <ns3:cad>101</ns3:cad>
          </ns3:TrackPointExtension>
        </extensions>
      </trkpt>
      <trkpt lat="34.233351834118366241455078125" lon="108.93725252710282802581787109375">
        <ele>407.79998779296875</ele>
        <time>2026-03-10T12:19:37.000Z</time>
        <extensions>
          <ns3:TrackPointExtension>
            <ns3:hr>157</ns3:hr>
            <ns3:cad>101</ns3:cad>
          </ns3:TrackPointExtension>
        </extensions>
      </trkpt>
      <trkpt lat="34.23333414830267429351806640625" lon="108.9372950233519077301025390625">
        <ele>407.79998779296875</ele>
        <time>2026-03-10T12:19:38.000Z</time>
        <extensions>
          <ns3:TrackPointExtension>
            <ns3:hr>157</ns3:hr>
            <ns3:cad>101</ns3:cad>
          </ns3:TrackPointExtension>
        </extensions>
      </trkpt>
      <trkpt lat="34.23331621102988719940185546875" lon="108.93732578493654727935791015625">
        <ele>407.79998779296875</ele>
        <time>2026-03-10T12:19:39.000Z</time>
        <extensions>
          <ns3:TrackPointExtension>
            <ns3:hr>157</ns3:hr>
            <ns3:cad>100</ns3:cad>
          </ns3:TrackPointExtension>
        </extensions>
      </trkpt>
      <trkpt lat="34.23330632038414478302001953125" lon="108.9373681135475635528564453125">
        <ele>407.79998779296875</ele>
        <time>2026-03-10T12:19:40.000Z</time>
        <extensions>
          <ns3:TrackPointExtension>
            <ns3:hr>157</ns3:hr>
            <ns3:cad>100</ns3:cad>
          </ns3:TrackPointExtension>
        </extensions>
      </trkpt>
      <trkpt lat="34.23329760320484638214111328125" lon="108.93741547130048274993896484375">
        <ele>407.79998779296875</ele>
        <time>2026-03-10T12:19:41.000Z</time>
        <extensions>
          <ns3:TrackPointExtension>
            <ns3:hr>157</ns3:hr>
            <ns3:cad>100</ns3:cad>
          </ns3:TrackPointExtension>
        </extensions>
      </trkpt>
      <trkpt lat="34.23328377306461334228515625" lon="108.93744531087577342987060546875">
        <ele>407.79998779296875</ele>
        <time>2026-03-10T12:19:42.000Z</time>
        <extensions>
          <ns3:TrackPointExtension>
            <ns3:hr>157</ns3:hr>
            <ns3:cad>100</ns3:cad>
          </ns3:TrackPointExtension>
        </extensions>
      </trkpt>
      <trkpt lat="34.23327631317079067230224609375" lon="108.937488310039043426513671875">
        <ele>407.600006103515625</ele>
        <time>2026-03-10T12:19:43.000Z</time>
        <extensions>
          <ns3:TrackPointExtension>
            <ns3:hr>157</ns3:hr>
            <ns3:cad>100</ns3:cad>
          </ns3:TrackPointExtension>
        </extensions>
      </trkpt>
      <trkpt lat="34.23327530734241008758544921875" lon="108.93752728588879108428955078125">
        <ele>407.600006103515625</ele>
        <time>2026-03-10T12:19:44.000Z</time>
        <extensions>
          <ns3:TrackPointExtension>
            <ns3:hr>157</ns3:hr>
            <ns3:cad>100</ns3:cad>
          </ns3:TrackPointExtension>
        </extensions>
      </trkpt>
      <trkpt lat="34.23327178694307804107666015625" lon="108.93755980767309665679931640625">
        <ele>407.600006103515625</ele>
        <time>2026-03-10T12:19:45.000Z</time>
        <extensions>
          <ns3:TrackPointExtension>
            <ns3:hr>157</ns3:hr>
            <ns3:cad>100</ns3:cad>
          </ns3:TrackPointExtension>
        </extensions>
      </trkpt>
      <trkpt lat="34.23328234814107418060302734375" lon="108.9376021362841129302978515625">
        <ele>407.399993896484375</ele>
        <time>2026-03-10T12:19:46.000Z</time>
        <extensions>
          <ns3:TrackPointExtension>
            <ns3:hr>157</ns3:hr>
            <ns3:cad>100</ns3:cad>
          </ns3:TrackPointExtension>
        </extensions>
      </trkpt>
      <trkpt lat="34.23329223878681659698486328125" lon="108.937645219266414642333984375">
        <ele>407.399993896484375</ele>
        <time>2026-03-10T12:19:47.000Z</time>
        <extensions>
          <ns3:TrackPointExtension>
            <ns3:hr>156</ns3:hr>
            <ns3:cad>100</ns3:cad>
          </ns3:TrackPointExtension>
        </extensions>
      </trkpt>
      <trkpt lat="34.23329710029065608978271484375" lon="108.93767514266073703765869140625">
        <ele>407.600006103515625</ele>
        <time>2026-03-10T12:19:48.000Z</time>
        <extensions>
          <ns3:TrackPointExtension>
            <ns3:hr>157</ns3:hr>
            <ns3:cad>100</ns3:cad>
          </ns3:TrackPointExtension>
        </extensions>
      </trkpt>
      <trkpt lat="34.23331319354474544525146484375" lon="108.93771369941532611846923828125">
        <ele>407.600006103515625</ele>
        <time>2026-03-10T12:19:49.000Z</time>
        <extensions>
          <ns3:TrackPointExtension>
            <ns3:hr>157</ns3:hr>
            <ns3:cad>100</ns3:cad>
          </ns3:TrackPointExtension>
        </extensions>
      </trkpt>
      <trkpt lat="34.23332777805626392364501953125" lon="108.93774949014186859130859375">
        <ele>407.600006103515625</ele>
        <time>2026-03-10T12:19:50.000Z</time>
        <extensions>
          <ns3:TrackPointExtension>
            <ns3:hr>157</ns3:hr>
            <ns3:cad>99</ns3:cad>
          </ns3:TrackPointExtension>
        </extensions>
      </trkpt>
      <trkpt lat="34.2333473078906536102294921875" lon="108.93778008408844470977783203125">
        <ele>407.600006103515625</ele>
        <time>2026-03-10T12:19:51.000Z</time>
        <extensions>
          <ns3:TrackPointExtension>
            <ns3:hr>157</ns3:hr>
            <ns3:cad>99</ns3:cad>
          </ns3:TrackPointExtension>
        </extensions>
      </trkpt>
      <trkpt lat="34.2333761416375637054443359375" lon="108.93781847320497035980224609375">
        <ele>407.600006103515625</ele>
        <time>2026-03-10T12:19:52.000Z</time>
        <extensions>
          <ns3:TrackPointExtension>
            <ns3:hr>156</ns3:hr>
            <ns3:cad>99</ns3:cad>
          </ns3:TrackPointExtension>
        </extensions>
      </trkpt>
      <trkpt lat="34.2333945818245410919189453125" lon="108.93784646876156330108642578125">
        <ele>407.600006103515625</ele>
        <time>2026-03-10T12:19:53.000Z</time>
        <extensions>
          <ns3:TrackPointExtension>
            <ns3:hr>156</ns3:hr>
            <ns3:cad>98</ns3:cad>
          </ns3:TrackPointExtension>
        </extensions>
      </trkpt>
      <trkpt lat="34.233430959284305572509765625" lon="108.937866501510143280029296875">
        <ele>407.600006103515625</ele>
        <time>2026-03-10T12:19:54.000Z</time>
        <extensions>
          <ns3:TrackPointExtension>
            <ns3:hr>156</ns3:hr>
            <ns3:cad>98</ns3:cad>
          </ns3:TrackPointExtension>
        </extensions>
      </trkpt>
      <trkpt lat="34.23346356488764286041259765625" lon="108.9378882944583892822265625">
        <ele>407.600006103515625</ele>
        <time>2026-03-10T12:19:55.000Z</time>
        <extensions>
          <ns3:TrackPointExtension>
            <ns3:hr>156</ns3:hr>
            <ns3:cad>97</ns3:cad>
          </ns3:TrackPointExtension>
        </extensions>
      </trkpt>
      <trkpt lat="34.23348653130233287811279296875" lon="108.937904052436351776123046875">
        <ele>407.600006103515625</ele>
        <time>2026-03-10T12:19:56.000Z</time>
        <extensions>
          <ns3:TrackPointExtension>
            <ns3:hr>155</ns3:hr>
            <ns3:cad>97</ns3:cad>
          </ns3:TrackPointExtension>
        </extensions>
      </trkpt>
      <trkpt lat="34.23352114856243133544921875" lon="108.93792106769979000091552734375">
        <ele>407.600006103515625</ele>
        <time>2026-03-10T12:19:57.000Z</time>
        <extensions>
          <ns3:TrackPointExtension>
            <ns3:hr>154</ns3:hr>
            <ns3:cad>97</ns3:cad>
          </ns3:TrackPointExtension>
        </extensions>
      </trkpt>
      <trkpt lat="34.233549647033214569091796875" lon="108.93793732859194278717041015625">
        <ele>407.79998779296875</ele>
        <time>2026-03-10T12:19:58.000Z</time>
        <extensions>
          <ns3:TrackPointExtension>
            <ns3:hr>153</ns3:hr>
            <ns3:cad>98</ns3:cad>
          </ns3:TrackPointExtension>
        </extensions>
      </trkpt>
      <trkpt lat="34.23357345163822174072265625" lon="108.9379427768290042877197265625">
        <ele>407.79998779296875</ele>
        <time>2026-03-10T12:19:59.000Z</time>
        <extensions>
          <ns3:TrackPointExtension>
            <ns3:hr>153</ns3:hr>
            <ns3:cad>98</ns3:cad>
          </ns3:TrackPointExtension>
        </extensions>
      </trkpt>
      <trkpt lat="34.23361158929765224456787109375" lon="108.9379498176276683807373046875">
        <ele>407.79998779296875</ele>
        <time>2026-03-10T12:20:00.000Z</time>
        <extensions>
          <ns3:TrackPointExtension>
            <ns3:hr>153</ns3:hr>
            <ns3:cad>98</ns3:cad>
          </ns3:TrackPointExtension>
        </extensions>
      </trkpt>
      <trkpt lat="34.23364050686359405517578125" lon="108.93795157782733440399169921875">
        <ele>407.79998779296875</ele>
        <time>2026-03-10T12:20:01.000Z</time>
        <extensions>
          <ns3:TrackPointExtension>
            <ns3:hr>153</ns3:hr>
            <ns3:cad>98</ns3:cad>
          </ns3:TrackPointExtension>
        </extensions>
      </trkpt>
      <trkpt lat="34.23367059789597988128662109375" lon="108.93794503994286060333251953125">
        <ele>407.79998779296875</ele>
        <time>2026-03-10T12:20:02.000Z</time>
        <extensions>
          <ns3:TrackPointExtension>
            <ns3:hr>154</ns3:hr>
            <ns3:cad>99</ns3:cad>
          </ns3:TrackPointExtension>
        </extensions>
      </trkpt>
      <trkpt lat="34.23370412550866603851318359375" lon="108.9379424415528774261474609375">
        <ele>407.79998779296875</ele>
        <time>2026-03-10T12:20:03.000Z</time>
        <extensions>
          <ns3:TrackPointExtension>
            <ns3:hr>154</ns3:hr>
            <ns3:cad>99</ns3:cad>
          </ns3:TrackPointExtension>
        </extensions>
      </trkpt>
      <trkpt lat="34.2337342165410518646240234375" lon="108.93794185481965541839599609375">
        <ele>407.79998779296875</ele>
        <time>2026-03-10T12:20:04.000Z</time>
        <extensions>
          <ns3:TrackPointExtension>
            <ns3:hr>155</ns3:hr>
            <ns3:cad>99</ns3:cad>
          </ns3:TrackPointExtension>
        </extensions>
      </trkpt>
      <trkpt lat="34.2337690852582454681396484375" lon="108.93793950788676738739013671875">
        <ele>407.600006103515625</ele>
        <time>2026-03-10T12:20:05.000Z</time>
        <extensions>
          <ns3:TrackPointExtension>
            <ns3:hr>155</ns3:hr>
            <ns3:cad>99</ns3:cad>
          </ns3:TrackPointExtension>
        </extensions>
      </trkpt>
      <trkpt lat="34.23380269668996334075927734375" lon="108.93793967552483081817626953125">
        <ele>407.600006103515625</ele>
        <time>2026-03-10T12:20:06.000Z</time>
        <extensions>
          <ns3:TrackPointExtension>
            <ns3:hr>155</ns3:hr>
            <ns3:cad>98</ns3:cad>
          </ns3:TrackPointExtension>
        </extensions>
      </trkpt>
      <trkpt lat="34.23382935114204883575439453125" lon="108.9379424415528774261474609375">
        <ele>407.600006103515625</ele>
        <time>2026-03-10T12:20:07.000Z</time>
        <extensions>
          <ns3:TrackPointExtension>
            <ns3:hr>154</ns3:hr>
            <ns3:cad>98</ns3:cad>
          </ns3:TrackPointExtension>
        </extensions>
      </trkpt>
      <trkpt lat="34.23386807553470134735107421875" lon="108.93793984316289424896240234375">
        <ele>407.600006103515625</ele>
        <time>2026-03-10T12:20:08.000Z</time>
        <extensions>
          <ns3:TrackPointExtension>
            <ns3:hr>155</ns3:hr>
            <ns3:cad>97</ns3:cad>
          </ns3:TrackPointExtension>
        </extensions>
      </trkpt>
      <trkpt lat="34.23389741219580173492431640625" lon="108.93794453702867031097412109375">
        <ele>407.600006103515625</ele>
        <time>2026-03-10T12:20:09.000Z</time>
        <extensions>
          <ns3:TrackPointExtension>
            <ns3:hr>155</ns3:hr>
            <ns3:cad>97</ns3:cad>
          </ns3:TrackPointExtension>
        </extensions>
      </trkpt>
      <trkpt lat="34.23392406664788722991943359375" lon="108.93794353120028972625732421875">
        <ele>407.600006103515625</ele>
        <time>2026-03-10T12:20:10.000Z</time>
        <extensions>
          <ns3:TrackPointExtension>
            <ns3:hr>154</ns3:hr>
            <ns3:cad>97</ns3:cad>
          </ns3:TrackPointExtension>
        </extensions>
      </trkpt>
      <trkpt lat="34.23395843245089054107666015625" lon="108.937940932810306549072265625">
        <ele>407.79998779296875</ele>
        <time>2026-03-10T12:20:11.000Z</time>
        <extensions>
          <ns3:TrackPointExtension>
            <ns3:hr>154</ns3:hr>
            <ns3:cad>97</ns3:cad>
          </ns3:TrackPointExtension>
        </extensions>
      </trkpt>
      <trkpt lat="34.23398626036942005157470703125" lon="108.93794126808643341064453125">
        <ele>407.79998779296875</ele>
        <time>2026-03-10T12:20:12.000Z</time>
        <extensions>
          <ns3:TrackPointExtension>
            <ns3:hr>154</ns3:hr>
            <ns3:cad>98</ns3:cad>
          </ns3:TrackPointExtension>
        </extensions>
      </trkpt>
      <trkpt lat="34.2340128310024738311767578125" lon="108.937944956123828887939453125">
        <ele>407.79998779296875</ele>
        <time>2026-03-10T12:20:13.000Z</time>
        <extensions>
          <ns3:TrackPointExtension>
            <ns3:hr>154</ns3:hr>
            <ns3:cad>98</ns3:cad>
          </ns3:TrackPointExtension>
        </extensions>
      </trkpt>
      <trkpt lat="34.2340490408241748809814453125" lon="108.93794235773384571075439453125">
        <ele>407.79998779296875</ele>
        <time>2026-03-10T12:20:14.000Z</time>
        <extensions>
          <ns3:TrackPointExtension>
            <ns3:hr>155</ns3:hr>
            <ns3:cad>99</ns3:cad>
          </ns3:TrackPointExtension>
        </extensions>
      </trkpt>
      <trkpt lat="34.23407594673335552215576171875" lon="108.9379424415528774261474609375">
        <ele>407.79998779296875</ele>
        <time>2026-03-10T12:20:15.000Z</time>
        <extensions>
          <ns3:TrackPointExtension>
            <ns3:hr>155</ns3:hr>
            <ns3:cad>99</ns3:cad>
          </ns3:TrackPointExtension>
        </extensions>
      </trkpt>
      <trkpt lat="34.23410260118544101715087890625" lon="108.93793095834553241729736328125">
        <ele>407.79998779296875</ele>
        <time>2026-03-10T12:20:16.000Z</time>
        <extensions>
          <ns3:TrackPointExtension>
            <ns3:hr>155</ns3:hr>
            <ns3:cad>99</ns3:cad>
          </ns3:TrackPointExtension>
        </extensions>
      </trkpt>
      <trkpt lat="34.23413830809295177459716796875" lon="108.93792651593685150146484375">
        <ele>407.600006103515625</ele>
        <time>2026-03-10T12:20:17.000Z</time>
        <extensions>
          <ns3:TrackPointExtension>
            <ns3:hr>154</ns3:hr>
            <ns3:cad>99</ns3:cad>
          </ns3:TrackPointExtension>
        </extensions>
      </trkpt>
      <trkpt lat="34.2341637052595615386962890625" lon="108.9379260130226612091064453125">
        <ele>407.600006103515625</ele>
        <time>2026-03-10T12:20:18.000Z</time>
        <extensions>
          <ns3:TrackPointExtension>
            <ns3:hr>155</ns3:hr>
            <ns3:cad>100</ns3:cad>
          </ns3:TrackPointExtension>
        </extensions>
      </trkpt>
      <trkpt lat="34.234192371368408203125" lon="108.93792374990880489349365234375">
        <ele>407.79998779296875</ele>
        <time>2026-03-10T12:20:19.000Z</time>
        <extensions>
          <ns3:TrackPointExtension>
            <ns3:hr>155</ns3:hr>
            <ns3:cad>100</ns3:cad>
          </ns3:TrackPointExtension>
        </extensions>
      </trkpt>
      <trkpt lat="34.234226234257221221923828125" lon="108.93791981041431427001953125">
        <ele>407.600006103515625</ele>
        <time>2026-03-10T12:20:20.000Z</time>
        <extensions>
          <ns3:TrackPointExtension>
            <ns3:hr>154</ns3:hr>
            <ns3:cad>100</ns3:cad>
          </ns3:TrackPointExtension>
        </extensions>
      </trkpt>
      <trkpt lat="34.23425498418509960174560546875" lon="108.9379213191568851470947265625">
        <ele>407.600006103515625</ele>
        <time>2026-03-10T12:20:21.000Z</time>
        <extensions>
          <ns3:TrackPointExtension>
            <ns3:hr>154</ns3:hr>
            <ns3:cad>99</ns3:cad>
          </ns3:TrackPointExtension>
        </extensions>
      </trkpt>
      <trkpt lat="34.23428918235003948211669921875" lon="108.937916457653045654296875">
        <ele>407.79998779296875</ele>
        <time>2026-03-10T12:20:22.000Z</time>
        <extensions>
          <ns3:TrackPointExtension>
            <ns3:hr>154</ns3:hr>
            <ns3:cad>99</ns3:cad>
          </ns3:TrackPointExtension>
        </extensions>
      </trkpt>
      <trkpt lat="34.2343186028301715850830078125" lon="108.93791578710079193115234375">
        <ele>407.600006103515625</ele>
        <time>2026-03-10T12:20:23.000Z</time>
        <extensions>
          <ns3:TrackPointExtension>
            <ns3:hr>154</ns3:hr>
            <ns3:cad>99</ns3:cad>
          </ns3:TrackPointExtension>
        </extensions>
      </trkpt>
      <trkpt lat="34.2343464307487010955810546875" lon="108.93791603855788707733154296875">
        <ele>407.600006103515625</ele>
        <time>2026-03-10T12:20:24.000Z</time>
        <extensions>
          <ns3:TrackPointExtension>
            <ns3:hr>154</ns3:hr>
            <ns3:cad>99</ns3:cad>
          </ns3:TrackPointExtension>
        </extensions>
      </trkpt>
      <trkpt lat="34.23437786288559436798095703125" lon="108.93791469745337963104248046875">
        <ele>407.600006103515625</ele>
        <time>2026-03-10T12:20:25.000Z</time>
        <extensions>
          <ns3:TrackPointExtension>
            <ns3:hr>154</ns3:hr>
            <ns3:cad>99</ns3:cad>
          </ns3:TrackPointExtension>
        </extensions>
      </trkpt>
      <trkpt lat="34.2344004102051258087158203125" lon="108.9379166252911090850830078125">
        <ele>407.600006103515625</ele>
        <time>2026-03-10T12:20:26.000Z</time>
        <extensions>
          <ns3:TrackPointExtension>
            <ns3:hr>154</ns3:hr>
            <ns3:cad>99</ns3:cad>
          </ns3:TrackPointExtension>
        </extensions>
      </trkpt>
      <trkpt lat="34.2344289086759090423583984375" lon="108.93791754730045795440673828125">
        <ele>407.600006103515625</ele>
        <time>2026-03-10T12:20:27.000Z</time>
        <extensions>
          <ns3:TrackPointExtension>
            <ns3:hr>155</ns3:hr>
            <ns3:cad>98</ns3:cad>
          </ns3:TrackPointExtension>
        </extensions>
      </trkpt>
      <trkpt lat="34.234458915889263153076171875" lon="108.93791452981531620025634765625">
        <ele>407.600006103515625</ele>
        <time>2026-03-10T12:20:28.000Z</time>
        <extensions>
          <ns3:TrackPointExtension>
            <ns3:hr>155</ns3:hr>
            <ns3:cad>98</ns3:cad>
          </ns3:TrackPointExtension>
        </extensions>
      </trkpt>
      <trkpt lat="34.23448816873133182525634765625" lon="108.93791176378726959228515625">
        <ele>407.600006103515625</ele>
        <time>2026-03-10T12:20:29.000Z</time>
        <extensions>
          <ns3:TrackPointExtension>
            <ns3:hr>155</ns3:hr>
            <ns3:cad>99</ns3:cad>
          </ns3:TrackPointExtension>
        </extensions>
      </trkpt>
      <trkpt lat="34.23451499082148075103759765625" lon="108.93789659254252910614013671875">
        <ele>407.600006103515625</ele>
        <time>2026-03-10T12:20:30.000Z</time>
        <extensions>
          <ns3:TrackPointExtension>
            <ns3:hr>155</ns3:hr>
            <ns3:cad>99</ns3:cad>
          </ns3:TrackPointExtension>
        </extensions>
      </trkpt>
      <trkpt lat="34.23454315401613712310791015625" lon="108.93788100220263004302978515625">
        <ele>407.600006103515625</ele>
        <time>2026-03-10T12:20:31.000Z</time>
        <extensions>
          <ns3:TrackPointExtension>
            <ns3:hr>154</ns3:hr>
            <ns3:cad>99</ns3:cad>
          </ns3:TrackPointExtension>
        </extensions>
      </trkpt>
      <trkpt lat="34.234569557011127471923828125" lon="108.93786759115755558013916015625">
        <ele>407.600006103515625</ele>
        <time>2026-03-10T12:20:32.000Z</time>
        <extensions>
          <ns3:TrackPointExtension>
            <ns3:hr>154</ns3:hr>
            <ns3:cad>99</ns3:cad>
          </ns3:TrackPointExtension>
        </extensions>
      </trkpt>
      <trkpt lat="34.234596379101276397705078125" lon="108.9378435350954532623291015625">
        <ele>407.600006103515625</ele>
        <time>2026-03-10T12:20:33.000Z</time>
        <extensions>
          <ns3:TrackPointExtension>
            <ns3:hr>154</ns3:hr>
            <ns3:cad>99</ns3:cad>
          </ns3:TrackPointExtension>
        </extensions>
      </trkpt>
      <trkpt lat="34.23462479375302791595458984375" lon="108.9378187246620655059814453125">
        <ele>407.79998779296875</ele>
        <time>2026-03-10T12:20:34.000Z</time>
        <extensions>
          <ns3:TrackPointExtension>
            <ns3:hr>154</ns3:hr>
            <ns3:cad>99</ns3:cad>
          </ns3:TrackPointExtension>
        </extensions>
      </trkpt>
      <trkpt lat="34.23465144820511341094970703125" lon="108.93779852427542209625244140625">
        <ele>407.79998779296875</ele>
        <time>2026-03-10T12:20:35.000Z</time>
        <extensions>
          <ns3:TrackPointExtension>
            <ns3:hr>154</ns3:hr>
            <ns3:cad>99</ns3:cad>
          </ns3:TrackPointExtension>
        </extensions>
      </trkpt>
      <trkpt lat="34.23467977903783321380615234375" lon="108.93776558339595794677734375">
        <ele>407.79998779296875</ele>
        <time>2026-03-10T12:20:36.000Z</time>
        <extensions>
          <ns3:TrackPointExtension>
            <ns3:hr>154</ns3:hr>
            <ns3:cad>99</ns3:cad>
          </ns3:TrackPointExtension>
        </extensions>
      </trkpt>
      <trkpt lat="34.23470123670995235443115234375" lon="108.937734402716159820556640625">
        <ele>407.600006103515625</ele>
        <time>2026-03-10T12:20:37.000Z</time>
        <extensions>
          <ns3:TrackPointExtension>
            <ns3:hr>154</ns3:hr>
            <ns3:cad>99</ns3:cad>
          </ns3:TrackPointExtension>
        </extensions>
      </trkpt>
      <trkpt lat="34.2347199283540248870849609375" lon="108.9377074129879474639892578125">
        <ele>407.600006103515625</ele>
        <time>2026-03-10T12:20:38.000Z</time>
        <extensions>
          <ns3:TrackPointExtension>
            <ns3:hr>153</ns3:hr>
            <ns3:cad>99</ns3:cad>
          </ns3:TrackPointExtension>
        </extensions>
      </trkpt>
      <trkpt lat="34.23473593778908252716064453125" lon="108.9376656711101531982421875">
        <ele>407.600006103515625</ele>
        <time>2026-03-10T12:20:39.000Z</time>
        <extensions>
          <ns3:TrackPointExtension>
            <ns3:hr>153</ns3:hr>
            <ns3:cad>99</ns3:cad>
          </ns3:TrackPointExtension>
        </extensions>
      </trkpt>
      <trkpt lat="34.23474566079676151275634765625" lon="108.93762870691716670989990234375">
        <ele>407.600006103515625</ele>
        <time>2026-03-10T12:20:40.000Z</time>
        <extensions>
          <ns3:TrackPointExtension>
            <ns3:hr>152</ns3:hr>
            <ns3:cad>99</ns3:cad>
          </ns3:TrackPointExtension>
        </extensions>
      </trkpt>
      <trkpt lat="34.234753288328647613525390625" lon="108.93759517930448055267333984375">
        <ele>407.600006103515625</ele>
        <time>2026-03-10T12:20:41.000Z</time>
        <extensions>
          <ns3:TrackPointExtension>
            <ns3:hr>152</ns3:hr>
            <ns3:cad>99</ns3:cad>
          </ns3:TrackPointExtension>
        </extensions>
      </trkpt>
      <trkpt lat="34.2347623407840728759765625" lon="108.9375498332083225250244140625">
        <ele>407.600006103515625</ele>
        <time>2026-03-10T12:20:42.000Z</time>
        <extensions>
          <ns3:TrackPointExtension>
            <ns3:hr>151</ns3:hr>
            <ns3:cad>99</ns3:cad>
          </ns3:TrackPointExtension>
        </extensions>
      </trkpt>
      <trkpt lat="34.2347705550491809844970703125" lon="108.93751605413854122161865234375">
        <ele>407.600006103515625</ele>
        <time>2026-03-10T12:20:43.000Z</time>
        <extensions>
          <ns3:TrackPointExtension>
            <ns3:hr>151</ns3:hr>
            <ns3:cad>99</ns3:cad>
          </ns3:TrackPointExtension>
        </extensions>
      </trkpt>
      <trkpt lat="34.2347762547433376312255859375" lon="108.9374888129532337188720703125">
        <ele>407.600006103515625</ele>
        <time>2026-03-10T12:20:44.000Z</time>
        <extensions>
          <ns3:TrackPointExtension>
            <ns3:hr>151</ns3:hr>
            <ns3:cad>99</ns3:cad>
          </ns3:TrackPointExtension>
        </extensions>
      </trkpt>
      <trkpt lat="34.2347779311239719390869140625" lon="108.93744430504739284515380859375">
        <ele>407.600006103515625</ele>
        <time>2026-03-10T12:20:45.000Z</time>
        <extensions>
          <ns3:TrackPointExtension>
            <ns3:hr>151</ns3:hr>
            <ns3:cad>99</ns3:cad>
          </ns3:TrackPointExtension>
        </extensions>
      </trkpt>
      <trkpt lat="34.234780780971050262451171875" lon="108.937414549291133880615234375">
        <ele>407.600006103515625</ele>
        <time>2026-03-10T12:20:46.000Z</time>
        <extensions>
          <ns3:TrackPointExtension>
            <ns3:hr>151</ns3:hr>
            <ns3:cad>98</ns3:cad>
          </ns3:TrackPointExtension>
        </extensions>
      </trkpt>
      <trkpt lat="34.2347745783627033233642578125" lon="108.9373808540403842926025390625">
        <ele>407.600006103515625</ele>
        <time>2026-03-10T12:20:47.000Z</time>
        <extensions>
          <ns3:TrackPointExtension>
            <ns3:hr>151</ns3:hr>
            <ns3:cad>98</ns3:cad>
          </ns3:TrackPointExtension>
        </extensions>
      </trkpt>
      <trkpt lat="34.23476435244083404541015625" lon="108.9373419620096683502197265625">
        <ele>407.600006103515625</ele>
        <time>2026-03-10T12:20:48.000Z</time>
        <extensions>
          <ns3:TrackPointExtension>
            <ns3:hr>150</ns3:hr>
            <ns3:cad>98</ns3:cad>
          </ns3:TrackPointExtension>
        </extensions>
      </trkpt>
      <trkpt lat="34.23475563526153564453125" lon="108.9373040758073329925537109375">
        <ele>407.600006103515625</ele>
        <time>2026-03-10T12:20:49.000Z</time>
        <extensions>
          <ns3:TrackPointExtension>
            <ns3:hr>150</ns3:hr>
            <ns3:cad>99</ns3:cad>
          </ns3:TrackPointExtension>
        </extensions>
      </trkpt>
      <trkpt lat="34.234737865626811981201171875" lon="108.93727012909948825836181640625">
        <ele>407.600006103515625</ele>
        <time>2026-03-10T12:20:50.000Z</time>
        <extensions>
          <ns3:TrackPointExtension>
            <ns3:hr>150</ns3:hr>
            <ns3:cad>99</ns3:cad>
          </ns3:TrackPointExtension>
        </extensions>
      </trkpt>
      <trkpt lat="34.2347212694585323333740234375" lon="108.9372316561639308929443359375">
        <ele>407.600006103515625</ele>
        <time>2026-03-10T12:20:51.000Z</time>
        <extensions>
          <ns3:TrackPointExtension>
            <ns3:hr>150</ns3:hr>
            <ns3:cad>99</ns3:cad>
          </ns3:TrackPointExtension>
        </extensions>
      </trkpt>
      <trkpt lat="34.23470090143382549285888671875" lon="108.937201984226703643798828125">
        <ele>407.600006103515625</ele>
        <time>2026-03-10T12:20:52.000Z</time>
        <extensions>
          <ns3:TrackPointExtension>
            <ns3:hr>150</ns3:hr>
            <ns3:cad>98</ns3:cad>
          </ns3:TrackPointExtension>
        </extensions>
      </trkpt>
      <trkpt lat="34.2346713133156299591064453125" lon="108.9371635951101779937744140625">
        <ele>407.600006103515625</ele>
        <time>2026-03-10T12:20:53.000Z</time>
        <extensions>
          <ns3:TrackPointExtension>
            <ns3:hr>150</ns3:hr>
            <ns3:cad>98</ns3:cad>
          </ns3:TrackPointExtension>
        </extensions>
      </trkpt>
      <trkpt lat="34.23464608378708362579345703125" lon="108.93713400699198246002197265625">
        <ele>407.600006103515625</ele>
        <time>2026-03-10T12:20:54.000Z</time>
        <extensions>
          <ns3:TrackPointExtension>
            <ns3:hr>151</ns3:hr>
            <ns3:cad>98</ns3:cad>
          </ns3:TrackPointExtension>
        </extensions>
      </trkpt>
      <trkpt lat="34.23461624421179294586181640625" lon="108.9371104538440704345703125">
        <ele>407.600006103515625</ele>
        <time>2026-03-10T12:20:55.000Z</time>
        <extensions>
          <ns3:TrackPointExtension>
            <ns3:hr>150</ns3:hr>
            <ns3:cad>98</ns3:cad>
          </ns3:TrackPointExtension>
        </extensions>
      </trkpt>
      <trkpt lat="34.23458288423717021942138671875" lon="108.93708539195358753204345703125">
        <ele>407.600006103515625</ele>
        <time>2026-03-10T12:20:56.000Z</time>
        <extensions>
          <ns3:TrackPointExtension>
            <ns3:hr>150</ns3:hr>
            <ns3:cad>98</ns3:cad>
          </ns3:TrackPointExtension>
        </extensions>
      </trkpt>
      <trkpt lat="34.23455220647156238555908203125" lon="108.9370697177946567535400390625">
        <ele>407.600006103515625</ele>
        <time>2026-03-10T12:20:57.000Z</time>
        <extensions>
          <ns3:TrackPointExtension>
            <ns3:hr>150</ns3:hr>
            <ns3:cad>98</ns3:cad>
          </ns3:TrackPointExtension>
        </extensions>
      </trkpt>
      <trkpt lat="34.2345120571553707122802734375" lon="108.93705773167312145233154296875">
        <ele>407.600006103515625</ele>
        <time>2026-03-10T12:20:58.000Z</time>
        <extensions>
          <ns3:TrackPointExtension>
            <ns3:hr>150</ns3:hr>
            <ns3:cad>98</ns3:cad>
          </ns3:TrackPointExtension>
        </extensions>
      </trkpt>
      <trkpt lat="34.234480373561382293701171875" lon="108.9370487630367279052734375">
        <ele>407.600006103515625</ele>
        <time>2026-03-10T12:20:59.000Z</time>
        <extensions>
          <ns3:TrackPointExtension>
            <ns3:hr>150</ns3:hr>
            <ns3:cad>97</ns3:cad>
          </ns3:TrackPointExtension>
        </extensions>
      </trkpt>
      <trkpt lat="34.23445045016705989837646484375" lon="108.93704582937061786651611328125">
        <ele>407.600006103515625</ele>
        <time>2026-03-10T12:21:00.000Z</time>
        <extensions>
          <ns3:TrackPointExtension>
            <ns3:hr>150</ns3:hr>
            <ns3:cad>97</ns3:cad>
          </ns3:TrackPointExtension>
        </extensions>
      </trkpt>
      <trkpt lat="34.23441675491631031036376953125" lon="108.93704473972320556640625">
        <ele>407.600006103515625</ele>
        <time>2026-03-10T12:21:01.000Z</time>
        <extensions>
          <ns3:TrackPointExtension>
            <ns3:hr>150</ns3:hr>
            <ns3:cad>97</ns3:cad>
          </ns3:TrackPointExtension>
        </extensions>
      </trkpt>
      <trkpt lat="34.23438859172165393829345703125" lon="108.9370415546000003814697265625">
        <ele>407.600006103515625</ele>
        <time>2026-03-10T12:21:02.000Z</time>
        <extensions>
          <ns3:TrackPointExtension>
            <ns3:hr>150</ns3:hr>
            <ns3:cad>97</ns3:cad>
          </ns3:TrackPointExtension>
        </extensions>
      </trkpt>
      <trkpt lat="34.2343548126518726348876953125" lon="108.93705002032220363616943359375">
        <ele>407.600006103515625</ele>
        <time>2026-03-10T12:21:03.000Z</time>
        <extensions>
          <ns3:TrackPointExtension>
            <ns3:hr>150</ns3:hr>
            <ns3:cad>97</ns3:cad>
          </ns3:TrackPointExtension>
        </extensions>
      </trkpt>
      <trkpt lat="34.2343226261436939239501953125" lon="108.937051109969615936279296875">
        <ele>407.79998779296875</ele>
        <time>2026-03-10T12:21:04.000Z</time>
        <extensions>
          <ns3:TrackPointExtension>
            <ns3:hr>150</ns3:hr>
            <ns3:cad>97</ns3:cad>
          </ns3:TrackPointExtension>
        </extensions>
      </trkpt>
      <trkpt lat="34.23429630696773529052734375" lon="108.9370475895702838897705078125">
        <ele>407.79998779296875</ele>
        <time>2026-03-10T12:21:05.000Z</time>
        <extensions>
          <ns3:TrackPointExtension>
            <ns3:hr>150</ns3:hr>
            <ns3:cad>97</ns3:cad>
          </ns3:TrackPointExtension>
        </extensions>
      </trkpt>
      <trkpt lat="34.2342549003660678863525390625" lon="108.93704901449382305145263671875">
        <ele>407.79998779296875</ele>
        <time>2026-03-10T12:21:06.000Z</time>
        <extensions>
          <ns3:TrackPointExtension>
            <ns3:hr>150</ns3:hr>
            <ns3:cad>97</ns3:cad>
          </ns3:TrackPointExtension>
        </extensions>
      </trkpt>
      <trkpt lat="34.23422028310596942901611328125" lon="108.93705219961702823638916015625">
        <ele>407.79998779296875</ele>
        <time>2026-03-10T12:21:07.000Z</time>
        <extensions>
          <ns3:TrackPointExtension>
            <ns3:hr>150</ns3:hr>
            <ns3:cad>97</ns3:cad>
          </ns3:TrackPointExtension>
        </extensions>
      </trkpt>
      <trkpt lat="34.23419178463518619537353515625" lon="108.9370532892644405364990234375">
        <ele>407.79998779296875</ele>
        <time>2026-03-10T12:21:08.000Z</time>
        <extensions>
          <ns3:TrackPointExtension>
            <ns3:hr>151</ns3:hr>
            <ns3:cad>97</ns3:cad>
          </ns3:TrackPointExtension>
        </extensions>
      </trkpt>
      <trkpt lat="34.23415071330964565277099609375" lon="108.937049098312854766845703125">
        <ele>407.600006103515625</ele>
        <time>2026-03-10T12:21:09.000Z</time>
        <extensions>
          <ns3:TrackPointExtension>
            <ns3:hr>151</ns3:hr>
            <ns3:cad>97</ns3:cad>
          </ns3:TrackPointExtension>
        </extensions>
      </trkpt>
      <trkpt lat="34.23411852680146694183349609375" lon="108.9370459131896495819091796875">
        <ele>407.600006103515625</ele>
        <time>2026-03-10T12:21:10.000Z</time>
        <extensions>
          <ns3:TrackPointExtension>
            <ns3:hr>151</ns3:hr>
            <ns3:cad>97</ns3:cad>
          </ns3:TrackPointExtension>
        </extensions>
      </trkpt>
      <trkpt lat="34.2340891063213348388671875" lon="108.937043063342571258544921875">
        <ele>407.600006103515625</ele>
        <time>2026-03-10T12:21:11.000Z</time>
        <extensions>
          <ns3:TrackPointExtension>
            <ns3:hr>151</ns3:hr>
            <ns3:cad>97</ns3:cad>
          </ns3:TrackPointExtension>
        </extensions>
      </trkpt>
      <trkpt lat="34.23405088484287261962890625" lon="108.937038369476795196533203125">
        <ele>407.600006103515625</ele>
        <time>2026-03-10T12:21:12.000Z</time>
        <extensions>
          <ns3:TrackPointExtension>
            <ns3:hr>152</ns3:hr>
            <ns3:cad>99</ns3:cad>
          </ns3:TrackPointExtension>
        </extensions>
      </trkpt>
      <trkpt lat="34.23402129672467708587646484375" lon="108.9370353519916534423828125">
        <ele>407.600006103515625</ele>
        <time>2026-03-10T12:21:13.000Z</time>
        <extensions>
          <ns3:TrackPointExtension>
            <ns3:hr>152</ns3:hr>
            <ns3:cad>100</ns3:cad>
          </ns3:TrackPointExtension>
        </extensions>
      </trkpt>
      <trkpt lat="34.233995564281940460205078125" lon="108.9370335079729557037353515625">
        <ele>407.600006103515625</ele>
        <time>2026-03-10T12:21:14.000Z</time>
        <extensions>
          <ns3:TrackPointExtension>
            <ns3:hr>152</ns3:hr>
            <ns3:cad>100</ns3:cad>
          </ns3:TrackPointExtension>
        </extensions>
      </trkpt>
      <trkpt lat="34.23395424149930477142333984375" lon="108.9370365254580974578857421875">
        <ele>407.600006103515625</ele>
        <time>2026-03-10T12:21:15.000Z</time>
        <extensions>
          <ns3:TrackPointExtension>
            <ns3:hr>153</ns3:hr>
            <ns3:cad>100</ns3:cad>
          </ns3:TrackPointExtension>
        </extensions>
      </trkpt>
      <trkpt lat="34.233924485743045806884765625" lon="108.93703007139265537261962890625">
        <ele>407.600006103515625</ele>
        <time>2026-03-10T12:21:16.000Z</time>
        <extensions>
          <ns3:TrackPointExtension>
            <ns3:hr>153</ns3:hr>
            <ns3:cad>100</ns3:cad>
          </ns3:TrackPointExtension>
        </extensions>
      </trkpt>
      <trkpt lat="34.233891963958740234375" lon="108.93703510053455829620361328125">
        <ele>407.600006103515625</ele>
        <time>2026-03-10T12:21:17.000Z</time>
        <extensions>
          <ns3:TrackPointExtension>
            <ns3:hr>153</ns3:hr>
            <ns3:cad>100</ns3:cad>
          </ns3:TrackPointExtension>
        </extensions>
      </trkpt>
      <trkpt lat="34.23385114409029483795166015625" lon="108.93703962676227092742919921875">
        <ele>407.600006103515625</ele>
        <time>2026-03-10T12:21:18.000Z</time>
        <extensions>
          <ns3:TrackPointExtension>
            <ns3:hr>153</ns3:hr>
            <ns3:cad>99</ns3:cad>
          </ns3:TrackPointExtension>
        </extensions>
      </trkpt>
      <trkpt lat="34.23382298089563846588134765625" lon="108.9370326697826385498046875">
        <ele>407.600006103515625</ele>
        <time>2026-03-10T12:21:19.000Z</time>
        <extensions>
          <ns3:TrackPointExtension>
            <ns3:hr>153</ns3:hr>
            <ns3:cad>98</ns3:cad>
          </ns3:TrackPointExtension>
        </extensions>
      </trkpt>
      <trkpt lat="34.23378542996942996978759765625" lon="108.93703727982938289642333984375">
        <ele>407.600006103515625</ele>
        <time>2026-03-10T12:21:20.000Z</time>
        <extensions>
          <ns3:TrackPointExtension>
            <ns3:hr>152</ns3:hr>
            <ns3:cad>98</ns3:cad>
          </ns3:TrackPointExtension>
        </extensions>
      </trkpt>
      <trkpt lat="34.2337516508996486663818359375" lon="108.93704448826611042022705078125">
        <ele>407.79998779296875</ele>
        <time>2026-03-10T12:21:21.000Z</time>
        <extensions>
          <ns3:TrackPointExtension>
            <ns3:hr>152</ns3:hr>
            <ns3:cad>98</ns3:cad>
          </ns3:TrackPointExtension>
        </extensions>
      </trkpt>
      <trkpt lat="34.23372390680015087127685546875" lon="108.9370378665626049041748046875">
        <ele>407.600006103515625</ele>
        <time>2026-03-10T12:21:22.000Z</time>
        <extensions>
          <ns3:TrackPointExtension>
            <ns3:hr>152</ns3:hr>
            <ns3:cad>98</ns3:cad>
          </ns3:TrackPointExtension>
        </extensions>
      </trkpt>
      <trkpt lat="34.2336819134652614593505859375" lon="108.93704046495258808135986328125">
        <ele>407.600006103515625</ele>
        <time>2026-03-10T12:21:23.000Z</time>
        <extensions>
          <ns3:TrackPointExtension>
            <ns3:hr>153</ns3:hr>
            <ns3:cad>98</ns3:cad>
          </ns3:TrackPointExtension>
        </extensions>
      </trkpt>
      <trkpt lat="34.233650229871273040771484375" lon="108.937042392790317535400390625">
        <ele>407.79998779296875</ele>
        <time>2026-03-10T12:21:24.000Z</time>
        <extensions>
          <ns3:TrackPointExtension>
            <ns3:hr>153</ns3:hr>
            <ns3:cad>99</ns3:cad>
          </ns3:TrackPointExtension>
        </extensions>
      </trkpt>
      <trkpt lat="34.2336259223520755767822265625" lon="108.93705270253121852874755859375">
        <ele>407.79998779296875</ele>
        <time>2026-03-10T12:21:25.000Z</time>
        <extensions>
          <ns3:TrackPointExtension>
            <ns3:hr>153</ns3:hr>
            <ns3:cad>99</ns3:cad>
          </ns3:TrackPointExtension>
        </extensions>
      </trkpt>
      <trkpt lat="34.23359080217778682708740234375" lon="108.9370579831302165985107421875">
        <ele>407.79998779296875</ele>
        <time>2026-03-10T12:21:26.000Z</time>
        <extensions>
          <ns3:TrackPointExtension>
            <ns3:hr>153</ns3:hr>
            <ns3:cad>99</ns3:cad>
          </ns3:TrackPointExtension>
        </extensions>
      </trkpt>
      <trkpt lat="34.23356029205024242401123046875" lon="108.9370656944811344146728515625">
        <ele>407.600006103515625</ele>
        <time>2026-03-10T12:21:27.000Z</time>
        <extensions>
          <ns3:TrackPointExtension>
            <ns3:hr>153</ns3:hr>
            <ns3:cad>99</ns3:cad>
          </ns3:TrackPointExtension>
        </extensions>
      </trkpt>
      <trkpt lat="34.23353548161685466766357421875" lon="108.937081284821033477783203125">
        <ele>407.600006103515625</ele>
        <time>2026-03-10T12:21:28.000Z</time>
        <extensions>
          <ns3:TrackPointExtension>
            <ns3:hr>153</ns3:hr>
            <ns3:cad>99</ns3:cad>
          </ns3:TrackPointExtension>
        </extensions>
      </trkpt>
      <trkpt lat="34.23349658958613872528076171875" lon="108.93709913827478885650634765625">
        <ele>407.79998779296875</ele>
        <time>2026-03-10T12:21:29.000Z</time>
        <extensions>
          <ns3:TrackPointExtension>
            <ns3:hr>153</ns3:hr>
            <ns3:cad>99</ns3:cad>
          </ns3:TrackPointExtension>
        </extensions>
      </trkpt>
      <trkpt lat="34.23346792347729206085205078125" lon="108.9371099509298801422119140625">
        <ele>407.79998779296875</ele>
        <time>2026-03-10T12:21:30.000Z</time>
        <extensions>
          <ns3:TrackPointExtension>
            <ns3:hr>154</ns3:hr>
            <ns3:cad>99</ns3:cad>
          </ns3:TrackPointExtension>
        </extensions>
      </trkpt>
      <trkpt lat="34.23344311304390430450439453125" lon="108.93713585101068019866943359375">
        <ele>407.79998779296875</ele>
        <time>2026-03-10T12:21:31.000Z</time>
        <extensions>
          <ns3:TrackPointExtension>
            <ns3:hr>154</ns3:hr>
            <ns3:cad>99</ns3:cad>
          </ns3:TrackPointExtension>
        </extensions>
      </trkpt>
      <trkpt lat="34.2334100045263767242431640625" lon="108.937165439128875732421875">
        <ele>407.79998779296875</ele>
        <time>2026-03-10T12:21:32.000Z</time>
        <extensions>
          <ns3:TrackPointExtension>
            <ns3:hr>154</ns3:hr>
            <ns3:cad>99</ns3:cad>
          </ns3:TrackPointExtension>
        </extensions>
      </trkpt>
      <trkpt lat="34.233382008969783782958984375" lon="108.93718597479164600372314453125">
        <ele>407.79998779296875</ele>
        <time>2026-03-10T12:21:33.000Z</time>
        <extensions>
          <ns3:TrackPointExtension>
            <ns3:hr>155</ns3:hr>
            <ns3:cad>99</ns3:cad>
          </ns3:TrackPointExtension>
        </extensions>
      </trkpt>
      <trkpt lat="34.23336155712604522705078125" lon="108.93722034059464931488037109375">
        <ele>407.79998779296875</ele>
        <time>2026-03-10T12:21:34.000Z</time>
        <extensions>
          <ns3:TrackPointExtension>
            <ns3:hr>155</ns3:hr>
            <ns3:cad>98</ns3:cad>
          </ns3:TrackPointExtension>
        </extensions>
      </trkpt>
      <trkpt lat="34.2333406023681163787841796875" lon="108.93726325593888759613037109375">
        <ele>407.600006103515625</ele>
        <time>2026-03-10T12:21:35.000Z</time>
        <extensions>
          <ns3:TrackPointExtension>
            <ns3:hr>155</ns3:hr>
            <ns3:cad>98</ns3:cad>
          </ns3:TrackPointExtension>
        </extensions>
      </trkpt>
      <trkpt lat="34.23332576639950275421142578125" lon="108.937295190989971160888671875">
        <ele>407.79998779296875</ele>
        <time>2026-03-10T12:21:36.000Z</time>
        <extensions>
          <ns3:TrackPointExtension>
            <ns3:hr>155</ns3:hr>
            <ns3:cad>98</ns3:cad>
          </ns3:TrackPointExtension>
        </extensions>
      </trkpt>
      <trkpt lat="34.2333059012889862060546875" lon="108.93734171055257320404052734375">
        <ele>407.600006103515625</ele>
        <time>2026-03-10T12:21:37.000Z</time>
        <extensions>
          <ns3:TrackPointExtension>
            <ns3:hr>154</ns3:hr>
            <ns3:cad>98</ns3:cad>
          </ns3:TrackPointExtension>
        </extensions>
      </trkpt>
      <trkpt lat="34.23329475335776805877685546875" lon="108.9373840391635894775390625">
        <ele>407.79998779296875</ele>
        <time>2026-03-10T12:21:38.000Z</time>
        <extensions>
          <ns3:TrackPointExtension>
            <ns3:hr>154</ns3:hr>
            <ns3:cad>99</ns3:cad>
          </ns3:TrackPointExtension>
        </extensions>
      </trkpt>
      <trkpt lat="34.23328586854040622711181640625" lon="108.9374214224517345428466796875">
        <ele>407.600006103515625</ele>
        <time>2026-03-10T12:21:39.000Z</time>
        <extensions>
          <ns3:TrackPointExtension>
            <ns3:hr>154</ns3:hr>
            <ns3:cad>98</ns3:cad>
          </ns3:TrackPointExtension>
        </extensions>
      </trkpt>
      <trkpt lat="34.23327782191336154937744140625" lon="108.9374686963856220245361328125">
        <ele>407.600006103515625</ele>
        <time>2026-03-10T12:21:40.000Z</time>
        <extensions>
          <ns3:TrackPointExtension>
            <ns3:hr>155</ns3:hr>
            <ns3:cad>98</ns3:cad>
          </ns3:TrackPointExtension>
        </extensions>
      </trkpt>
      <trkpt lat="34.23327329568564891815185546875" lon="108.93750649876892566680908203125">
        <ele>407.600006103515625</ele>
        <time>2026-03-10T12:21:41.000Z</time>
        <extensions>
          <ns3:TrackPointExtension>
            <ns3:hr>155</ns3:hr>
            <ns3:cad>98</ns3:cad>
          </ns3:TrackPointExtension>
        </extensions>
      </trkpt>
      <trkpt lat="34.23328117467463016510009765625" lon="108.9375421218574047088623046875">
        <ele>407.600006103515625</ele>
        <time>2026-03-10T12:21:42.000Z</time>
        <extensions>
          <ns3:TrackPointExtension>
            <ns3:hr>155</ns3:hr>
            <ns3:cad>99</ns3:cad>
          </ns3:TrackPointExtension>
        </extensions>
      </trkpt>
      <trkpt lat="34.23329190351068973541259765625" lon="108.93758914433419704437255859375">
        <ele>407.600006103515625</ele>
        <time>2026-03-10T12:21:43.000Z</time>
        <extensions>
          <ns3:TrackPointExtension>
            <ns3:hr>156</ns3:hr>
            <ns3:cad>99</ns3:cad>
          </ns3:TrackPointExtension>
        </extensions>
      </trkpt>
      <trkpt lat="34.2332978546619415283203125" lon="108.9376245997846126556396484375">
        <ele>407.600006103515625</ele>
        <time>2026-03-10T12:21:44.000Z</time>
        <extensions>
          <ns3:TrackPointExtension>
            <ns3:hr>157</ns3:hr>
            <ns3:cad>100</ns3:cad>
          </ns3:TrackPointExtension>
        </extensions>
      </trkpt>
      <trkpt lat="34.23330724239349365234375" lon="108.9376591332256793975830078125">
        <ele>407.600006103515625</ele>
        <time>2026-03-10T12:21:45.000Z</time>
        <extensions>
          <ns3:TrackPointExtension>
            <ns3:hr>157</ns3:hr>
            <ns3:cad>100</ns3:cad>
          </ns3:TrackPointExtension>
        </extensions>
      </trkpt>
      <trkpt lat="34.2333292029798030853271484375" lon="108.9376980252563953399658203125">
        <ele>407.600006103515625</ele>
        <time>2026-03-10T12:21:46.000Z</time>
        <extensions>
          <ns3:TrackPointExtension>
            <ns3:hr>158</ns3:hr>
            <ns3:cad>99</ns3:cad>
          </ns3:TrackPointExtension>
        </extensions>
      </trkpt>
      <trkpt lat="34.2333426140248775482177734375" lon="108.937729708850383758544921875">
        <ele>407.600006103515625</ele>
        <time>2026-03-10T12:21:47.000Z</time>
        <extensions>
          <ns3:TrackPointExtension>
            <ns3:hr>159</ns3:hr>
            <ns3:cad>99</ns3:cad>
          </ns3:TrackPointExtension>
        </extensions>
      </trkpt>
      <trkpt lat="34.233366586267948150634765625" lon="108.93776231445372104644775390625">
        <ele>407.600006103515625</ele>
        <time>2026-03-10T12:21:48.000Z</time>
        <extensions>
          <ns3:TrackPointExtension>
            <ns3:hr>159</ns3:hr>
            <ns3:cad>99</ns3:cad>
          </ns3:TrackPointExtension>
        </extensions>
      </trkpt>
      <trkpt lat="34.23339634202420711517333984375" lon="108.9377972669899463653564453125">
        <ele>407.600006103515625</ele>
        <time>2026-03-10T12:21:49.000Z</time>
        <extensions>
          <ns3:TrackPointExtension>
            <ns3:hr>159</ns3:hr>
            <ns3:cad>99</ns3:cad>
          </ns3:TrackPointExtension>
        </extensions>
      </trkpt>
      <trkpt lat="34.2334158718585968017578125" lon="108.9378254301846027374267578125">
        <ele>407.79998779296875</ele>
        <time>2026-03-10T12:21:50.000Z</time>
        <extensions>
          <ns3:TrackPointExtension>
            <ns3:hr>159</ns3:hr>
            <ns3:cad>99</ns3:cad>
          </ns3:TrackPointExtension>
        </extensions>
      </trkpt>
      <trkpt lat="34.23344126902520656585693359375" lon="108.937852084636688232421875">
        <ele>407.79998779296875</ele>
        <time>2026-03-10T12:21:51.000Z</time>
        <extensions>
          <ns3:TrackPointExtension>
            <ns3:hr>160</ns3:hr>
            <ns3:cad>100</ns3:cad>
          </ns3:TrackPointExtension>
        </extensions>
      </trkpt>
      <trkpt lat="34.2334710247814655303955078125" lon="108.93787865526974201202392578125">
        <ele>407.79998779296875</ele>
        <time>2026-03-10T12:21:52.000Z</time>
        <extensions>
          <ns3:TrackPointExtension>
            <ns3:hr>160</ns3:hr>
            <ns3:cad>100</ns3:cad>
          </ns3:TrackPointExtension>
        </extensions>
      </trkpt>
      <trkpt lat="34.2334934882819652557373046875" lon="108.93789709545671939849853515625">
        <ele>407.79998779296875</ele>
        <time>2026-03-10T12:21:53.000Z</time>
        <extensions>
          <ns3:TrackPointExtension>
            <ns3:hr>160</ns3:hr>
            <ns3:cad>99</ns3:cad>
          </ns3:TrackPointExtension>
        </extensions>
      </trkpt>
      <trkpt lat="34.2335273511707782745361328125" lon="108.9379052259027957916259765625">
        <ele>407.79998779296875</ele>
        <time>2026-03-10T12:21:54.000Z</time>
        <extensions>
          <ns3:TrackPointExtension>
            <ns3:hr>160</ns3:hr>
            <ns3:cad>99</ns3:cad>
          </ns3:TrackPointExtension>
        </extensions>
      </trkpt>
      <trkpt lat="34.23356406390666961669921875" lon="108.9379162900149822235107421875">
        <ele>407.600006103515625</ele>
        <time>2026-03-10T12:21:55.000Z</time>
        <extensions>
          <ns3:TrackPointExtension>
            <ns3:hr>160</ns3:hr>
            <ns3:cad>99</ns3:cad>
          </ns3:TrackPointExtension>
        </extensions>
      </trkpt>
      <trkpt lat="34.23359164036810398101806640625" lon="108.9379233308136463165283203125">
        <ele>407.79998779296875</ele>
        <time>2026-03-10T12:21:56.000Z</time>
        <extensions>
          <ns3:TrackPointExtension>
            <ns3:hr>159</ns3:hr>
            <ns3:cad>99</ns3:cad>
          </ns3:TrackPointExtension>
        </extensions>
      </trkpt>
      <trkpt lat="34.23363354988396167755126953125" lon="108.93792039714753627777099609375">
        <ele>407.79998779296875</ele>
        <time>2026-03-10T12:21:57.000Z</time>
        <extensions>
          <ns3:TrackPointExtension>
            <ns3:hr>160</ns3:hr>
            <ns3:cad>99</ns3:cad>
          </ns3:TrackPointExtension>
        </extensions>
      </trkpt>
      <trkpt lat="34.233673028647899627685546875" lon="108.9379216544330120086669921875">
        <ele>407.79998779296875</ele>
        <time>2026-03-10T12:21:58.000Z</time>
        <extensions>
          <ns3:TrackPointExtension>
            <ns3:hr>160</ns3:hr>
            <ns3:cad>100</ns3:cad>
          </ns3:TrackPointExtension>
        </extensions>
      </trkpt>
      <trkpt lat="34.2336996830999851226806640625" lon="108.93792257644236087799072265625">
        <ele>407.79998779296875</ele>
        <time>2026-03-10T12:21:59.000Z</time>
        <extensions>
          <ns3:TrackPointExtension>
            <ns3:hr>160</ns3:hr>
            <ns3:cad>100</ns3:cad>
          </ns3:TrackPointExtension>
        </extensions>
      </trkpt>
      <trkpt lat="34.23374108970165252685546875" lon="108.9379243366420269012451171875">
        <ele>407.79998779296875</ele>
        <time>2026-03-10T12:22:00.000Z</time>
        <extensions>
          <ns3:TrackPointExtension>
            <ns3:hr>160</ns3:hr>
            <ns3:cad>100</ns3:cad>
          </ns3:TrackPointExtension>
        </extensions>
      </trkpt>
      <trkpt lat="34.23377503640949726104736328125" lon="108.93792643211781978607177734375">
        <ele>407.79998779296875</ele>
        <time>2026-03-10T12:22:01.000Z</time>
        <extensions>
          <ns3:TrackPointExtension>
            <ns3:hr>160</ns3:hr>
            <ns3:cad>98</ns3:cad>
          </ns3:TrackPointExtension>
        </extensions>
      </trkpt>
      <trkpt lat="34.23380546271800994873046875" lon="108.93792006187140941619873046875">
        <ele>407.79998779296875</ele>
        <time>2026-03-10T12:22:02.000Z</time>
        <extensions>
          <ns3:TrackPointExtension>
            <ns3:hr>160</ns3:hr>
            <ns3:cad>98</ns3:cad>
          </ns3:TrackPointExtension>
        </extensions>
      </trkpt>
      <trkpt lat="34.23384091816842555999755859375" lon="108.937921486794948577880859375">
        <ele>407.79998779296875</ele>
        <time>2026-03-10T12:22:03.000Z</time>
        <extensions>
          <ns3:TrackPointExtension>
            <ns3:hr>161</ns3:hr>
            <ns3:cad>98</ns3:cad>
          </ns3:TrackPointExtension>
        </extensions>
      </trkpt>
      <trkpt lat="34.2338703386485576629638671875" lon="108.93792425282299518585205078125">
        <ele>407.79998779296875</ele>
        <time>2026-03-10T12:22:04.000Z</time>
        <extensions>
          <ns3:TrackPointExtension>
            <ns3:hr>161</ns3:hr>
            <ns3:cad>99</ns3:cad>
          </ns3:TrackPointExtension>
        </extensions>
      </trkpt>
      <trkpt lat="34.2338974960148334503173828125" lon="108.9379159547388553619384765625">
        <ele>407.79998779296875</ele>
        <time>2026-03-10T12:22:05.000Z</time>
        <extensions>
          <ns3:TrackPointExtension>
            <ns3:hr>161</ns3:hr>
            <ns3:cad>99</ns3:cad>
          </ns3:TrackPointExtension>
        </extensions>
      </trkpt>
      <trkpt lat="34.233935214579105377197265625" lon="108.93791117705404758453369140625">
        <ele>407.79998779296875</ele>
        <time>2026-03-10T12:22:06.000Z</time>
        <extensions>
          <ns3:TrackPointExtension>
            <ns3:hr>161</ns3:hr>
            <ns3:cad>99</ns3:cad>
          </ns3:TrackPointExtension>
        </extensions>
      </trkpt>
      <trkpt lat="34.23396782018244266510009765625" lon="108.9379126019775867462158203125">
        <ele>407.79998779296875</ele>
        <time>2026-03-10T12:22:07.000Z</time>
        <extensions>
          <ns3:TrackPointExtension>
            <ns3:hr>161</ns3:hr>
            <ns3:cad>99</ns3:cad>
          </ns3:TrackPointExtension>
        </extensions>
      </trkpt>
      <trkpt lat="34.23399480991065502166748046875" lon="108.93791385926306247711181640625">
        <ele>407.79998779296875</ele>
        <time>2026-03-10T12:22:08.000Z</time>
        <extensions>
          <ns3:TrackPointExtension>
            <ns3:hr>161</ns3:hr>
            <ns3:cad>100</ns3:cad>
          </ns3:TrackPointExtension>
        </extensions>
      </trkpt>
      <trkpt lat="34.2340359650552272796630859375" lon="108.93791603855788707733154296875">
        <ele>407.79998779296875</ele>
        <time>2026-03-10T12:22:09.000Z</time>
        <extensions>
          <ns3:TrackPointExtension>
            <ns3:hr>160</ns3:hr>
            <ns3:cad>100</ns3:cad>
          </ns3:TrackPointExtension>
        </extensions>
      </trkpt>
      <trkpt lat="34.2340703308582305908203125" lon="108.93791855312883853912353515625">
        <ele>407.79998779296875</ele>
        <time>2026-03-10T12:22:10.000Z</time>
        <extensions>
          <ns3:TrackPointExtension>
            <ns3:hr>161</ns3:hr>
            <ns3:cad>100</ns3:cad>
          </ns3:TrackPointExtension>
        </extensions>
      </trkpt>
      <trkpt lat="34.2341030202805995941162109375" lon="108.9379250071942806243896484375">
        <ele>407.79998779296875</ele>
        <time>2026-03-10T12:22:11.000Z</time>
        <extensions>
          <ns3:TrackPointExtension>
            <ns3:hr>160</ns3:hr>
            <ns3:cad>100</ns3:cad>
          </ns3:TrackPointExtension>
        </extensions>
      </trkpt>
      <trkpt lat="34.2341442592442035675048828125" lon="108.93792509101331233978271484375">
        <ele>407.79998779296875</ele>
        <time>2026-03-10T12:22:12.000Z</time>
        <extensions>
          <ns3:TrackPointExtension>
            <ns3:hr>161</ns3:hr>
            <ns3:cad>100</ns3:cad>
          </ns3:TrackPointExtension>
        </extensions>
      </trkpt>
      <trkpt lat="34.234176613390445709228515625" lon="108.9379263482987880706787109375">
        <ele>407.600006103515625</ele>
        <time>2026-03-10T12:22:13.000Z</time>
        <extensions>
          <ns3:TrackPointExtension>
            <ns3:hr>161</ns3:hr>
            <ns3:cad>100</ns3:cad>
          </ns3:TrackPointExtension>
        </extensions>
      </trkpt>
      <trkpt lat="34.23420301638543605804443359375" lon="108.9379273541271686553955078125">
        <ele>407.600006103515625</ele>
        <time>2026-03-10T12:22:14.000Z</time>
        <extensions>
          <ns3:TrackPointExtension>
            <ns3:hr>161</ns3:hr>
            <ns3:cad>99</ns3:cad>
          </ns3:TrackPointExtension>
        </extensions>
      </trkpt>
      <trkpt lat="34.2342431657016277313232421875" lon="108.937926180660724639892578125">
        <ele>407.600006103515625</ele>
        <time>2026-03-10T12:22:15.000Z</time>
        <extensions>
          <ns3:TrackPointExtension>
            <ns3:hr>160</ns3:hr>
            <ns3:cad>99</ns3:cad>
          </ns3:TrackPointExtension>
        </extensions>
      </trkpt>
      <trkpt lat="34.23427216708660125732421875" lon="108.93793045543134212493896484375">
        <ele>407.600006103515625</ele>
        <time>2026-03-10T12:22:16.000Z</time>
        <extensions>
          <ns3:TrackPointExtension>
            <ns3:hr>161</ns3:hr>
            <ns3:cad>99</ns3:cad>
          </ns3:TrackPointExtension>
        </extensions>
      </trkpt>
      <trkpt lat="34.2342991568148136138916015625" lon="108.9379374124109745025634765625">
        <ele>407.600006103515625</ele>
        <time>2026-03-10T12:22:17.000Z</time>
        <extensions>
          <ns3:TrackPointExtension>
            <ns3:hr>161</ns3:hr>
            <ns3:cad>100</ns3:cad>
          </ns3:TrackPointExtension>
        </extensions>
      </trkpt>
      <trkpt lat="34.23433913849294185638427734375" lon="108.937942273914813995361328125">
        <ele>407.600006103515625</ele>
        <time>2026-03-10T12:22:18.000Z</time>
        <extensions>
          <ns3:TrackPointExtension>
            <ns3:hr>160</ns3:hr>
            <ns3:cad>100</ns3:cad>
          </ns3:TrackPointExtension>
        </extensions>
      </trkpt>
      <trkpt lat="34.23436529003083705902099609375" lon="108.9379437826573848724365234375">
        <ele>407.600006103515625</ele>
        <time>2026-03-10T12:22:19.000Z</time>
        <extensions>
          <ns3:TrackPointExtension>
            <ns3:hr>160</ns3:hr>
            <ns3:cad>99</ns3:cad>
          </ns3:TrackPointExtension>
        </extensions>
      </trkpt>
      <trkpt lat="34.2344002425670623779296875" lon="108.93794319592416286468505859375">
        <ele>407.600006103515625</ele>
        <time>2026-03-10T12:22:20.000Z</time>
        <extensions>
          <ns3:TrackPointExtension>
            <ns3:hr>160</ns3:hr>
            <ns3:cad>99</ns3:cad>
          </ns3:TrackPointExtension>
        </extensions>
      </trkpt>
      <trkpt lat="34.234434776008129119873046875" lon="108.9379380829632282257080078125">
        <ele>407.600006103515625</ele>
        <time>2026-03-10T12:22:21.000Z</time>
        <extensions>
          <ns3:TrackPointExtension>
            <ns3:hr>160</ns3:hr>
            <ns3:cad>99</ns3:cad>
          </ns3:TrackPointExtension>
        </extensions>
      </trkpt>
      <trkpt lat="34.23446218483150005340576171875" lon="108.9379347302019596099853515625">
        <ele>407.600006103515625</ele>
        <time>2026-03-10T12:22:22.000Z</time>
        <extensions>
          <ns3:TrackPointExtension>
            <ns3:hr>160</ns3:hr>
            <ns3:cad>99</ns3:cad>
          </ns3:TrackPointExtension>
        </extensions>
      </trkpt>
      <trkpt lat="34.23449504189193248748779296875" lon="108.9379236660897731781005859375">
        <ele>407.600006103515625</ele>
        <time>2026-03-10T12:22:23.000Z</time>
        <extensions>
          <ns3:TrackPointExtension>
            <ns3:hr>161</ns3:hr>
            <ns3:cad>99</ns3:cad>
          </ns3:TrackPointExtension>
        </extensions>
      </trkpt>
      <trkpt lat="34.23452773131430149078369140625" lon="108.93791318871080875396728515625">
        <ele>407.600006103515625</ele>
        <time>2026-03-10T12:22:24.000Z</time>
        <extensions>
          <ns3:TrackPointExtension>
            <ns3:hr>161</ns3:hr>
            <ns3:cad>100</ns3:cad>
          </ns3:TrackPointExtension>
        </extensions>
      </trkpt>
      <trkpt lat="34.2345546372234821319580078125" lon="108.93789994530379772186279296875">
        <ele>407.600006103515625</ele>
        <time>2026-03-10T12:22:25.000Z</time>
        <extensions>
          <ns3:TrackPointExtension>
            <ns3:hr>161</ns3:hr>
            <ns3:cad>100</ns3:cad>
          </ns3:TrackPointExtension>
        </extensions>
      </trkpt>
      <trkpt lat="34.23458791337907314300537109375" lon="108.93787513487040996551513671875">
        <ele>407.600006103515625</ele>
        <time>2026-03-10T12:22:26.000Z</time>
        <extensions>
          <ns3:TrackPointExtension>
            <ns3:hr>161</ns3:hr>
            <ns3:cad>100</ns3:cad>
          </ns3:TrackPointExtension>
        </extensions>
      </trkpt>
      <trkpt lat="34.234613813459873199462890625" lon="108.93785149790346622467041015625">
        <ele>407.600006103515625</ele>
        <time>2026-03-10T12:22:27.000Z</time>
        <extensions>
          <ns3:TrackPointExtension>
            <ns3:hr>160</ns3:hr>
            <ns3:cad>100</ns3:cad>
          </ns3:TrackPointExtension>
        </extensions>
      </trkpt>
      <trkpt lat="34.23463602550327777862548828125" lon="108.937824256718158721923828125">
        <ele>407.600006103515625</ele>
        <time>2026-03-10T12:22:28.000Z</time>
        <extensions>
          <ns3:TrackPointExtension>
            <ns3:hr>161</ns3:hr>
            <ns3:cad>100</ns3:cad>
          </ns3:TrackPointExtension>
        </extensions>
      </trkpt>
      <trkpt lat="34.23466242849826812744140625" lon="108.93778561614453792572021484375">
        <ele>407.600006103515625</ele>
        <time>2026-03-10T12:22:29.000Z</time>
        <extensions>
          <ns3:TrackPointExtension>
            <ns3:hr>161</ns3:hr>
            <ns3:cad>100</ns3:cad>
          </ns3:TrackPointExtension>
        </extensions>
      </trkpt>
      <trkpt lat="34.23468614928424358367919921875" lon="108.937755860388278961181640625">
        <ele>407.600006103515625</ele>
        <time>2026-03-10T12:22:30.000Z</time>
        <extensions>
          <ns3:TrackPointExtension>
            <ns3:hr>160</ns3:hr>
            <ns3:cad>99</ns3:cad>
          </ns3:TrackPointExtension>
        </extensions>
      </trkpt>
      <trkpt lat="34.23470526002347469329833984375" lon="108.93772141076624393463134765625">
        <ele>407.600006103515625</ele>
        <time>2026-03-10T12:22:31.000Z</time>
        <extensions>
          <ns3:TrackPointExtension>
            <ns3:hr>160</ns3:hr>
            <ns3:cad>99</ns3:cad>
          </ns3:TrackPointExtension>
        </extensions>
      </trkpt>
      <trkpt lat="34.234726130962371826171875" lon="108.93768033944070339202880859375">
        <ele>407.600006103515625</ele>
        <time>2026-03-10T12:22:32.000Z</time>
        <extensions>
          <ns3:TrackPointExtension>
            <ns3:hr>160</ns3:hr>
            <ns3:cad>99</ns3:cad>
          </ns3:TrackPointExtension>
        </extensions>
      </trkpt>
      <trkpt lat="34.234745241701602935791015625" lon="108.9376410283148288726806640625">
        <ele>407.600006103515625</ele>
        <time>2026-03-10T12:22:33.000Z</time>
        <extensions>
          <ns3:TrackPointExtension>
            <ns3:hr>160</ns3:hr>
            <ns3:cad>99</ns3:cad>
          </ns3:TrackPointExtension>
        </extensions>
      </trkpt>
      <trkpt lat="34.234759993851184844970703125" lon="108.93760540522634983062744140625">
        <ele>407.600006103515625</ele>
        <time>2026-03-10T12:22:34.000Z</time>
        <extensions>
          <ns3:TrackPointExtension>
            <ns3:hr>160</ns3:hr>
            <ns3:cad>99</ns3:cad>
          </ns3:TrackPointExtension>
        </extensions>
      </trkpt>
      <trkpt lat="34.23476695083081722259521484375" lon="108.93755679018795490264892578125">
        <ele>407.399993896484375</ele>
        <time>2026-03-10T12:22:35.000Z</time>
        <extensions>
          <ns3:TrackPointExtension>
            <ns3:hr>161</ns3:hr>
            <ns3:cad>98</ns3:cad>
          </ns3:TrackPointExtension>
        </extensions>
      </trkpt>
      <trkpt lat="34.2347762547433376312255859375" lon="108.93750985153019428253173828125">
        <ele>407.600006103515625</ele>
        <time>2026-03-10T12:22:36.000Z</time>
        <extensions>
          <ns3:TrackPointExtension>
            <ns3:hr>160</ns3:hr>
            <ns3:cad>98</ns3:cad>
          </ns3:TrackPointExtension>
        </extensions>
      </trkpt>
      <trkpt lat="34.234782792627811431884765625" lon="108.93747188150882720947265625">
        <ele>407.399993896484375</ele>
        <time>2026-03-10T12:22:37.000Z</time>
        <extensions>
          <ns3:TrackPointExtension>
            <ns3:hr>160</ns3:hr>
            <ns3:cad>98</ns3:cad>
          </ns3:TrackPointExtension>
        </extensions>
      </trkpt>
      <trkpt lat="34.2347802780568599700927734375" lon="108.93742896616458892822265625">
        <ele>407.600006103515625</ele>
        <time>2026-03-10T12:22:38.000Z</time>
        <extensions>
          <ns3:TrackPointExtension>
            <ns3:hr>161</ns3:hr>
            <ns3:cad>98</ns3:cad>
          </ns3:TrackPointExtension>
        </extensions>
      </trkpt>
      <trkpt lat="34.2347742430865764617919921875" lon="108.93738781102001667022705078125">
        <ele>407.600006103515625</ele>
        <time>2026-03-10T12:22:39.000Z</time>
        <extensions>
          <ns3:TrackPointExtension>
            <ns3:hr>160</ns3:hr>
            <ns3:cad>98</ns3:cad>
          </ns3:TrackPointExtension>
        </extensions>
      </trkpt>
      <trkpt lat="34.234770052134990692138671875" lon="108.9373543672263622283935546875">
        <ele>407.600006103515625</ele>
        <time>2026-03-10T12:22:40.000Z</time>
        <extensions>
          <ns3:TrackPointExtension>
            <ns3:hr>160</ns3:hr>
            <ns3:cad>98</ns3:cad>
          </ns3:TrackPointExtension>
        </extensions>
      </trkpt>
      <trkpt lat="34.2347558028995990753173828125" lon="108.9373087696731090545654296875">
        <ele>407.600006103515625</ele>
        <time>2026-03-10T12:22:41.000Z</time>
        <extensions>
          <ns3:TrackPointExtension>
            <ns3:hr>160</ns3:hr>
            <ns3:cad>98</ns3:cad>
          </ns3:TrackPointExtension>
        </extensions>
      </trkpt>
      <trkpt lat="34.23474289476871490478515625" lon="108.93726459704339504241943359375">
        <ele>407.600006103515625</ele>
        <time>2026-03-10T12:22:42.000Z</time>
        <extensions>
          <ns3:TrackPointExtension>
            <ns3:hr>161</ns3:hr>
            <ns3:cad>98</ns3:cad>
          </ns3:TrackPointExtension>
        </extensions>
      </trkpt>
      <trkpt lat="34.234725125133991241455078125" lon="108.9372366853058338165283203125">
        <ele>407.600006103515625</ele>
        <time>2026-03-10T12:22:43.000Z</time>
        <extensions>
          <ns3:TrackPointExtension>
            <ns3:hr>160</ns3:hr>
            <ns3:cad>99</ns3:cad>
          </ns3:TrackPointExtension>
        </extensions>
      </trkpt>
      <trkpt lat="34.2346979677677154541015625" lon="108.9371967874467372894287109375">
        <ele>407.600006103515625</ele>
        <time>2026-03-10T12:22:44.000Z</time>
        <extensions>
          <ns3:TrackPointExtension>
            <ns3:hr>160</ns3:hr>
            <ns3:cad>99</ns3:cad>
          </ns3:TrackPointExtension>
        </extensions>
      </trkpt>
      <trkpt lat="34.23467525281012058258056640625" lon="108.93716284073889255523681640625">
        <ele>407.600006103515625</ele>
        <time>2026-03-10T12:22:45.000Z</time>
        <extensions>
          <ns3:TrackPointExtension>
            <ns3:hr>160</ns3:hr>
            <ns3:cad>99</ns3:cad>
          </ns3:TrackPointExtension>
        </extensions>
      </trkpt>
      <trkpt lat="34.23465027473866939544677734375" lon="108.937136270105838775634765625">
        <ele>407.600006103515625</ele>
        <time>2026-03-10T12:22:46.000Z</time>
        <extensions>
          <ns3:TrackPointExtension>
            <ns3:hr>160</ns3:hr>
            <ns3:cad>99</ns3:cad>
          </ns3:TrackPointExtension>
        </extensions>
      </trkpt>
      <trkpt lat="34.23460786230862140655517578125" lon="108.93710869364440441131591796875">
        <ele>407.600006103515625</ele>
        <time>2026-03-10T12:22:47.000Z</time>
        <extensions>
          <ns3:TrackPointExtension>
            <ns3:hr>160</ns3:hr>
            <ns3:cad>99</ns3:cad>
          </ns3:TrackPointExtension>
        </extensions>
      </trkpt>
      <trkpt lat="34.23457659780979156494140625" lon="108.93708187155425548553466796875">
        <ele>407.600006103515625</ele>
        <time>2026-03-10T12:22:48.000Z</time>
        <extensions>
          <ns3:TrackPointExtension>
            <ns3:hr>161</ns3:hr>
            <ns3:cad>99</ns3:cad>
          </ns3:TrackPointExtension>
        </extensions>
      </trkpt>
      <trkpt lat="34.23454600386321544647216796875" lon="108.93707332201302051544189453125">
        <ele>407.600006103515625</ele>
        <time>2026-03-10T12:22:49.000Z</time>
        <extensions>
          <ns3:TrackPointExtension>
            <ns3:hr>161</ns3:hr>
            <ns3:cad>99</ns3:cad>
          </ns3:TrackPointExtension>
        </extensions>
      </trkpt>
      <trkpt lat="34.23450627364218235015869140625" lon="108.9370633475482463836669921875">
        <ele>407.600006103515625</ele>
        <time>2026-03-10T12:22:50.000Z</time>
        <extensions>
          <ns3:TrackPointExtension>
            <ns3:hr>161</ns3:hr>
            <ns3:cad>98</ns3:cad>
          </ns3:TrackPointExtension>
        </extensions>
      </trkpt>
      <trkpt lat="34.23447492532432079315185546875" lon="108.937052451074123382568359375">
        <ele>407.600006103515625</ele>
        <time>2026-03-10T12:22:51.000Z</time>
        <extensions>
          <ns3:TrackPointExtension>
            <ns3:hr>161</ns3:hr>
            <ns3:cad>98</ns3:cad>
          </ns3:TrackPointExtension>
        </extensions>
      </trkpt>
      <trkpt lat="34.2344413138926029205322265625" lon="108.9370496012270450592041015625">
        <ele>407.600006103515625</ele>
        <time>2026-03-10T12:22:52.000Z</time>
        <extensions>
          <ns3:TrackPointExtension>
            <ns3:hr>161</ns3:hr>
            <ns3:cad>99</ns3:cad>
          </ns3:TrackPointExtension>
        </extensions>
      </trkpt>
      <trkpt lat="34.23440619371831417083740234375" lon="108.93705077469348907470703125">
        <ele>407.600006103515625</ele>
        <time>2026-03-10T12:22:53.000Z</time>
        <extensions>
          <ns3:TrackPointExtension>
            <ns3:hr>162</ns3:hr>
            <ns3:cad>100</ns3:cad>
          </ns3:TrackPointExtension>
        </extensions>
      </trkpt>
      <trkpt lat="34.23437484540045261383056640625" lon="108.9370460808277130126953125">
        <ele>407.600006103515625</ele>
        <time>2026-03-10T12:22:54.000Z</time>
        <extensions>
          <ns3:TrackPointExtension>
            <ns3:hr>162</ns3:hr>
            <ns3:cad>100</ns3:cad>
          </ns3:TrackPointExtension>
        </extensions>
      </trkpt>
      <trkpt lat="34.23433628864586353302001953125" lon="108.93704867921769618988037109375">
        <ele>407.600006103515625</ele>
        <time>2026-03-10T12:22:55.000Z</time>
        <extensions>
          <ns3:TrackPointExtension>
            <ns3:hr>162</ns3:hr>
            <ns3:cad>100</ns3:cad>
          </ns3:TrackPointExtension>
        </extensions>
      </trkpt>
      <trkpt lat="34.2343001626431941986083984375" lon="108.93704884685575962066650390625">
        <ele>407.600006103515625</ele>
        <time>2026-03-10T12:22:56.000Z</time>
        <extensions>
          <ns3:TrackPointExtension>
            <ns3:hr>162</ns3:hr>
            <ns3:cad>100</ns3:cad>
          </ns3:TrackPointExtension>
        </extensions>
      </trkpt>
      <trkpt lat="34.2342716641724109649658203125" lon="108.9370433986186981201171875">
        <ele>407.600006103515625</ele>
        <time>2026-03-10T12:22:57.000Z</time>
        <extensions>
          <ns3:TrackPointExtension>
            <ns3:hr>162</ns3:hr>
            <ns3:cad>100</ns3:cad>
          </ns3:TrackPointExtension>
        </extensions>
      </trkpt>
      <trkpt lat="34.2342398129403591156005859375" lon="108.93704901449382305145263671875">
        <ele>407.600006103515625</ele>
        <time>2026-03-10T12:22:58.000Z</time>
        <extensions>
          <ns3:TrackPointExtension>
            <ns3:hr>162</ns3:hr>
            <ns3:cad>100</ns3:cad>
          </ns3:TrackPointExtension>
        </extensions>
      </trkpt>
      <trkpt lat="34.23420402221381664276123046875" lon="108.93705655820667743682861328125">
        <ele>407.399993896484375</ele>
        <time>2026-03-10T12:22:59.000Z</time>
        <extensions>
          <ns3:TrackPointExtension>
            <ns3:hr>162</ns3:hr>
            <ns3:cad>100</ns3:cad>
          </ns3:TrackPointExtension>
        </extensions>
      </trkpt>
      <trkpt lat="34.23417518846690654754638671875" lon="108.93705404363572597503662109375">
        <ele>407.399993896484375</ele>
        <time>2026-03-10T12:23:00.000Z</time>
        <extensions>
          <ns3:TrackPointExtension>
            <ns3:hr>162</ns3:hr>
            <ns3:cad>100</ns3:cad>
          </ns3:TrackPointExtension>
        </extensions>
      </trkpt>
      <trkpt lat="34.23413579352200031280517578125" lon="108.93705739639699459075927734375">
        <ele>407.399993896484375</ele>
        <time>2026-03-10T12:23:01.000Z</time>
        <extensions>
          <ns3:TrackPointExtension>
            <ns3:hr>162</ns3:hr>
            <ns3:cad>100</ns3:cad>
          </ns3:TrackPointExtension>
        </extensions>
      </trkpt>
      <trkpt lat="34.23410193063318729400634765625" lon="108.93705907277762889862060546875">
        <ele>407.399993896484375</ele>
        <time>2026-03-10T12:23:02.000Z</time>
        <extensions>
          <ns3:TrackPointExtension>
            <ns3:hr>162</ns3:hr>
            <ns3:cad>100</ns3:cad>
          </ns3:TrackPointExtension>
        </extensions>
      </trkpt>
      <trkpt lat="34.23407770693302154541015625" lon="108.93705823458731174468994140625">
        <ele>407.399993896484375</ele>
        <time>2026-03-10T12:23:03.000Z</time>
        <extensions>
          <ns3:TrackPointExtension>
            <ns3:hr>163</ns3:hr>
            <ns3:cad>99</ns3:cad>
          </ns3:TrackPointExtension>
        </extensions>
      </trkpt>
      <trkpt lat="34.23403856344521045684814453125" lon="108.93706225790083408355712890625">
        <ele>407.399993896484375</ele>
        <time>2026-03-10T12:23:04.000Z</time>
        <extensions>
          <ns3:TrackPointExtension>
            <ns3:hr>163</ns3:hr>
            <ns3:cad>98</ns3:cad>
          </ns3:TrackPointExtension>
        </extensions>
      </trkpt>
      <trkpt lat="34.2340104840695858001708984375" lon="108.9370616711676120758056640625">
        <ele>407.399993896484375</ele>
        <time>2026-03-10T12:23:05.000Z</time>
        <extensions>
          <ns3:TrackPointExtension>
            <ns3:hr>163</ns3:hr>
            <ns3:cad>99</ns3:cad>
          </ns3:TrackPointExtension>
        </extensions>
      </trkpt>
      <trkpt lat="34.233984835445880889892578125" lon="108.93706326372921466827392578125">
        <ele>407.399993896484375</ele>
        <time>2026-03-10T12:23:06.000Z</time>
        <extensions>
          <ns3:TrackPointExtension>
            <ns3:hr>163</ns3:hr>
            <ns3:cad>99</ns3:cad>
          </ns3:TrackPointExtension>
        </extensions>
      </trkpt>
      <trkpt lat="34.2339444346725940704345703125" lon="108.9370568096637725830078125">
        <ele>407.399993896484375</ele>
        <time>2026-03-10T12:23:07.000Z</time>
        <extensions>
          <ns3:TrackPointExtension>
            <ns3:hr>163</ns3:hr>
            <ns3:cad>99</ns3:cad>
          </ns3:TrackPointExtension>
        </extensions>
      </trkpt>
      <trkpt lat="34.2339095659554004669189453125" lon="108.937049768865108489990234375">
        <ele>407.399993896484375</ele>
        <time>2026-03-10T12:23:08.000Z</time>
        <extensions>
          <ns3:TrackPointExtension>
            <ns3:hr>164</ns3:hr>
            <ns3:cad>99</ns3:cad>
          </ns3:TrackPointExtension>
        </extensions>
      </trkpt>
      <trkpt lat="34.23388215713202953338623046875" lon="108.93705169670283794403076171875">
        <ele>407.399993896484375</ele>
        <time>2026-03-10T12:23:09.000Z</time>
        <extensions>
          <ns3:TrackPointExtension>
            <ns3:hr>163</ns3:hr>
            <ns3:cad>99</ns3:cad>
          </ns3:TrackPointExtension>
        </extensions>
      </trkpt>
      <trkpt lat="34.233836643397808074951171875" lon="108.9370506070554256439208984375">
        <ele>407.399993896484375</ele>
        <time>2026-03-10T12:23:10.000Z</time>
        <extensions>
          <ns3:TrackPointExtension>
            <ns3:hr>163</ns3:hr>
            <ns3:cad>99</ns3:cad>
          </ns3:TrackPointExtension>
        </extensions>
      </trkpt>
      <trkpt lat="34.2338047921657562255859375" lon="108.93704515881836414337158203125">
        <ele>407.399993896484375</ele>
        <time>2026-03-10T12:23:11.000Z</time>
        <extensions>
          <ns3:TrackPointExtension>
            <ns3:hr>164</ns3:hr>
            <ns3:cad>99</ns3:cad>
          </ns3:TrackPointExtension>
        </extensions>
      </trkpt>
      <trkpt lat="34.23377738334238529205322265625" lon="108.93705504946410655975341796875">
        <ele>407.399993896484375</ele>
        <time>2026-03-10T12:23:12.000Z</time>
        <extensions>
          <ns3:TrackPointExtension>
            <ns3:hr>163</ns3:hr>
            <ns3:cad>99</ns3:cad>
          </ns3:TrackPointExtension>
        </extensions>
      </trkpt>
      <trkpt lat="34.23374117352068424224853515625" lon="108.93705605529248714447021484375">
        <ele>407.600006103515625</ele>
        <time>2026-03-10T12:23:13.000Z</time>
        <extensions>
          <ns3:TrackPointExtension>
            <ns3:hr>163</ns3:hr>
            <ns3:cad>99</ns3:cad>
          </ns3:TrackPointExtension>
        </extensions>
      </trkpt>
      <trkpt lat="34.2337100766599178314208984375" lon="108.937057815492153167724609375">
        <ele>407.600006103515625</ele>
        <time>2026-03-10T12:23:14.000Z</time>
        <extensions>
          <ns3:TrackPointExtension>
            <ns3:hr>163</ns3:hr>
            <ns3:cad>100</ns3:cad>
          </ns3:TrackPointExtension>
        </extensions>
      </trkpt>
      <trkpt lat="34.233685769140720367431640625" lon="108.9370568096637725830078125">
        <ele>407.79998779296875</ele>
        <time>2026-03-10T12:23:15.000Z</time>
        <extensions>
          <ns3:TrackPointExtension>
            <ns3:hr>163</ns3:hr>
            <ns3:cad>100</ns3:cad>
          </ns3:TrackPointExtension>
        </extensions>
      </trkpt>
      <trkpt lat="34.2336480505764484405517578125" lon="108.93705840222537517547607421875">
        <ele>407.79998779296875</ele>
        <time>2026-03-10T12:23:16.000Z</time>
        <extensions>
          <ns3:TrackPointExtension>
            <ns3:hr>162</ns3:hr>
            <ns3:cad>100</ns3:cad>
          </ns3:TrackPointExtension>
        </extensions>
      </trkpt>
      <trkpt lat="34.23361712135374546051025390625" lon="108.93705924041569232940673828125">
        <ele>407.79998779296875</ele>
        <time>2026-03-10T12:23:17.000Z</time>
        <extensions>
          <ns3:TrackPointExtension>
            <ns3:hr>162</ns3:hr>
            <ns3:cad>100</ns3:cad>
          </ns3:TrackPointExtension>
        </extensions>
      </trkpt>
      <trkpt lat="34.23359113745391368865966796875" lon="108.93706527538597583770751953125">
        <ele>407.600006103515625</ele>
        <time>2026-03-10T12:23:18.000Z</time>
        <extensions>
          <ns3:TrackPointExtension>
            <ns3:hr>162</ns3:hr>
            <ns3:cad>99</ns3:cad>
          </ns3:TrackPointExtension>
        </extensions>
      </trkpt>
      <trkpt lat="34.2335548438131809234619140625" lon="108.93707198090851306915283203125">
        <ele>407.399993896484375</ele>
        <time>2026-03-10T12:23:19.000Z</time>
        <extensions>
          <ns3:TrackPointExtension>
            <ns3:hr>162</ns3:hr>
            <ns3:cad>99</ns3:cad>
          </ns3:TrackPointExtension>
        </extensions>
      </trkpt>
      <trkpt lat="34.2335243336856365203857421875" lon="108.9370774291455745697021484375">
        <ele>407.399993896484375</ele>
        <time>2026-03-10T12:23:20.000Z</time>
        <extensions>
          <ns3:TrackPointExtension>
            <ns3:hr>163</ns3:hr>
            <ns3:cad>99</ns3:cad>
          </ns3:TrackPointExtension>
        </extensions>
      </trkpt>
      <trkpt lat="34.2335011996328830718994140625" lon="108.93708698451519012451171875">
        <ele>407.399993896484375</ele>
        <time>2026-03-10T12:23:21.000Z</time>
        <extensions>
          <ns3:TrackPointExtension>
            <ns3:hr>162</ns3:hr>
            <ns3:cad>99</ns3:cad>
          </ns3:TrackPointExtension>
        </extensions>
      </trkpt>
      <trkpt lat="34.233465157449245452880859375" lon="108.93710844218730926513671875">
        <ele>407.399993896484375</ele>
        <time>2026-03-10T12:23:22.000Z</time>
        <extensions>
          <ns3:TrackPointExtension>
            <ns3:hr>162</ns3:hr>
            <ns3:cad>99</ns3:cad>
          </ns3:TrackPointExtension>
        </extensions>
      </trkpt>
      <trkpt lat="34.23343531787395477294921875" lon="108.9371257089078426361083984375">
        <ele>407.399993896484375</ele>
        <time>2026-03-10T12:23:23.000Z</time>
        <extensions>
          <ns3:TrackPointExtension>
            <ns3:hr>162</ns3:hr>
            <ns3:cad>99</ns3:cad>
          </ns3:TrackPointExtension>
        </extensions>
      </trkpt>
      <trkpt lat="34.23340983688831329345703125" lon="108.937153704464435577392578125">
        <ele>407.399993896484375</ele>
        <time>2026-03-10T12:23:24.000Z</time>
        <extensions>
          <ns3:TrackPointExtension>
            <ns3:hr>162</ns3:hr>
            <ns3:cad>99</ns3:cad>
          </ns3:TrackPointExtension>
        </extensions>
      </trkpt>
      <trkpt lat="34.233380667865276336669921875" lon="108.93719133920967578887939453125">
        <ele>407.600006103515625</ele>
        <time>2026-03-10T12:23:25.000Z</time>
        <extensions>
          <ns3:TrackPointExtension>
            <ns3:hr>162</ns3:hr>
            <ns3:cad>99</ns3:cad>
          </ns3:TrackPointExtension>
        </extensions>
      </trkpt>
      <trkpt lat="34.23335359431803226470947265625" lon="108.93722184933722019195556640625">
        <ele>407.600006103515625</ele>
        <time>2026-03-10T12:23:26.000Z</time>
        <extensions>
          <ns3:TrackPointExtension>
            <ns3:hr>162</ns3:hr>
            <ns3:cad>100</ns3:cad>
          </ns3:TrackPointExtension>
        </extensions>
      </trkpt>
      <trkpt lat="34.23333364538848400115966796875" lon="108.937255628407001495361328125">
        <ele>407.600006103515625</ele>
        <time>2026-03-10T12:23:27.000Z</time>
        <extensions>
          <ns3:TrackPointExtension>
            <ns3:hr>162</ns3:hr>
            <ns3:cad>100</ns3:cad>
          </ns3:TrackPointExtension>
        </extensions>
      </trkpt>
      <trkpt lat="34.23330883495509624481201171875" lon="108.93730198033154010772705078125">
        <ele>407.600006103515625</ele>
        <time>2026-03-10T12:23:28.000Z</time>
        <extensions>
          <ns3:TrackPointExtension>
            <ns3:hr>162</ns3:hr>
            <ns3:cad>100</ns3:cad>
          </ns3:TrackPointExtension>
        </extensions>
      </trkpt>
      <trkpt lat="34.233291149139404296875" lon="108.937346152961254119873046875">
        <ele>407.600006103515625</ele>
        <time>2026-03-10T12:23:29.000Z</time>
        <extensions>
          <ns3:TrackPointExtension>
            <ns3:hr>162</ns3:hr>
            <ns3:cad>100</ns3:cad>
          </ns3:TrackPointExtension>
        </extensions>
      </trkpt>
      <trkpt lat="34.23328519798815250396728515625" lon="108.93738211132586002349853515625">
        <ele>407.600006103515625</ele>
        <time>2026-03-10T12:23:30.000Z</time>
        <extensions>
          <ns3:TrackPointExtension>
            <ns3:hr>161</ns3:hr>
            <ns3:cad>100</ns3:cad>
          </ns3:TrackPointExtension>
        </extensions>
      </trkpt>
      <trkpt lat="34.23328318633139133453369140625" lon="108.93742720596492290496826171875">
        <ele>407.399993896484375</ele>
        <time>2026-03-10T12:23:31.000Z</time>
        <extensions>
          <ns3:TrackPointExtension>
            <ns3:hr>161</ns3:hr>
            <ns3:cad>101</ns3:cad>
          </ns3:TrackPointExtension>
        </extensions>
      </trkpt>
      <trkpt lat="34.2332829348742961883544921875" lon="108.9374697022140026092529296875">
        <ele>407.399993896484375</ele>
        <time>2026-03-10T12:23:32.000Z</time>
        <extensions>
          <ns3:TrackPointExtension>
            <ns3:hr>160</ns3:hr>
            <ns3:cad>101</ns3:cad>
          </ns3:TrackPointExtension>
        </extensions>
      </trkpt>
      <trkpt lat="34.2332822643220424652099609375" lon="108.937502391636371612548828125">
        <ele>407.399993896484375</ele>
        <time>2026-03-10T12:23:33.000Z</time>
        <extensions>
          <ns3:TrackPointExtension>
            <ns3:hr>160</ns3:hr>
            <ns3:cad>101</ns3:cad>
          </ns3:TrackPointExtension>
        </extensions>
      </trkpt>
      <trkpt lat="34.23329039476811885833740234375" lon="108.9375503361225128173828125">
        <ele>407.399993896484375</ele>
        <time>2026-03-10T12:23:34.000Z</time>
        <extensions>
          <ns3:TrackPointExtension>
            <ns3:hr>160</ns3:hr>
            <ns3:cad>100</ns3:cad>
          </ns3:TrackPointExtension>
        </extensions>
      </trkpt>
      <trkpt lat="34.23329223878681659698486328125" lon="108.93758855760097503662109375">
        <ele>407.399993896484375</ele>
        <time>2026-03-10T12:23:35.000Z</time>
        <extensions>
          <ns3:TrackPointExtension>
            <ns3:hr>160</ns3:hr>
            <ns3:cad>100</ns3:cad>
          </ns3:TrackPointExtension>
        </extensions>
      </trkpt>
      <trkpt lat="34.23329307697713375091552734375" lon="108.93762317486107349395751953125">
        <ele>407.399993896484375</ele>
        <time>2026-03-10T12:23:36.000Z</time>
        <extensions>
          <ns3:TrackPointExtension>
            <ns3:hr>160</ns3:hr>
            <ns3:cad>100</ns3:cad>
          </ns3:TrackPointExtension>
        </extensions>
      </trkpt>
      <trkpt lat="34.233311600983142852783203125" lon="108.93766609020531177520751953125">
        <ele>407.399993896484375</ele>
        <time>2026-03-10T12:23:37.000Z</time>
        <extensions>
          <ns3:TrackPointExtension>
            <ns3:hr>160</ns3:hr>
            <ns3:cad>100</ns3:cad>
          </ns3:TrackPointExtension>
        </extensions>
      </trkpt>
      <trkpt lat="34.2333188094198703765869140625" lon="108.93770129419863224029541015625">
        <ele>407.399993896484375</ele>
        <time>2026-03-10T12:23:38.000Z</time>
        <extensions>
          <ns3:TrackPointExtension>
            <ns3:hr>159</ns3:hr>
            <ns3:cad>99</ns3:cad>
          </ns3:TrackPointExtension>
        </extensions>
      </trkpt>
      <trkpt lat="34.2333385907113552093505859375" lon="108.93773532472550868988037109375">
        <ele>407.399993896484375</ele>
        <time>2026-03-10T12:23:39.000Z</time>
        <extensions>
          <ns3:TrackPointExtension>
            <ns3:hr>159</ns3:hr>
            <ns3:cad>99</ns3:cad>
          </ns3:TrackPointExtension>
        </extensions>
      </trkpt>
      <trkpt lat="34.23336088657379150390625" lon="108.9377702772617340087890625">
        <ele>407.399993896484375</ele>
        <time>2026-03-10T12:23:40.000Z</time>
        <extensions>
          <ns3:TrackPointExtension>
            <ns3:hr>158</ns3:hr>
            <ns3:cad>98</ns3:cad>
          </ns3:TrackPointExtension>
        </extensions>
      </trkpt>
      <trkpt lat="34.23337765038013458251953125" lon="108.937799446284770965576171875">
        <ele>407.399993896484375</ele>
        <time>2026-03-10T12:23:41.000Z</time>
        <extensions>
          <ns3:TrackPointExtension>
            <ns3:hr>158</ns3:hr>
            <ns3:cad>98</ns3:cad>
          </ns3:TrackPointExtension>
        </extensions>
      </trkpt>
      <trkpt lat="34.2334059812128543853759765625" lon="108.93782501108944416046142578125">
        <ele>407.399993896484375</ele>
        <time>2026-03-10T12:23:42.000Z</time>
        <extensions>
          <ns3:TrackPointExtension>
            <ns3:hr>158</ns3:hr>
            <ns3:cad>98</ns3:cad>
          </ns3:TrackPointExtension>
        </extensions>
      </trkpt>
      <trkpt lat="34.233435653150081634521484375" lon="108.93785116262733936309814453125">
        <ele>407.399993896484375</ele>
        <time>2026-03-10T12:23:43.000Z</time>
        <extensions>
          <ns3:TrackPointExtension>
            <ns3:hr>158</ns3:hr>
            <ns3:cad>97</ns3:cad>
          </ns3:TrackPointExtension>
        </extensions>
      </trkpt>
      <trkpt lat="34.23345518298447132110595703125" lon="108.9378668367862701416015625">
        <ele>407.399993896484375</ele>
        <time>2026-03-10T12:23:44.000Z</time>
        <extensions>
          <ns3:TrackPointExtension>
            <ns3:hr>158</ns3:hr>
            <ns3:cad>98</ns3:cad>
          </ns3:TrackPointExtension>
        </extensions>
      </trkpt>
      <trkpt lat="34.23348896205425262451171875" lon="108.93788435496389865875244140625">
        <ele>407.399993896484375</ele>
        <time>2026-03-10T12:23:45.000Z</time>
        <extensions>
          <ns3:TrackPointExtension>
            <ns3:hr>158</ns3:hr>
            <ns3:cad>98</ns3:cad>
          </ns3:TrackPointExtension>
        </extensions>
      </trkpt>
      <trkpt lat="34.233519472181797027587890625" lon="108.9379017055034637451171875">
        <ele>407.399993896484375</ele>
        <time>2026-03-10T12:23:46.000Z</time>
        <extensions>
          <ns3:TrackPointExtension>
            <ns3:hr>159</ns3:hr>
            <ns3:cad>98</ns3:cad>
          </ns3:TrackPointExtension>
        </extensions>
      </trkpt>
      <trkpt lat="34.23354939557611942291259765625" lon="108.93790950067341327667236328125">
        <ele>407.399993896484375</ele>
        <time>2026-03-10T12:23:47.000Z</time>
        <extensions>
          <ns3:TrackPointExtension>
            <ns3:hr>160</ns3:hr>
            <ns3:cad>98</ns3:cad>
          </ns3:TrackPointExtension>
        </extensions>
      </trkpt>
      <trkpt lat="34.23358946107327938079833984375" lon="108.93791955895721912384033203125">
        <ele>407.399993896484375</ele>
        <time>2026-03-10T12:23:48.000Z</time>
        <extensions>
          <ns3:TrackPointExtension>
            <ns3:hr>160</ns3:hr>
            <ns3:cad>99</ns3:cad>
          </ns3:TrackPointExtension>
        </extensions>
      </trkpt>
      <trkpt lat="34.23362173140048980712890625" lon="108.93792651593685150146484375">
        <ele>407.399993896484375</ele>
        <time>2026-03-10T12:23:49.000Z</time>
        <extensions>
          <ns3:TrackPointExtension>
            <ns3:hr>160</ns3:hr>
            <ns3:cad>99</ns3:cad>
          </ns3:TrackPointExtension>
        </extensions>
      </trkpt>
      <trkpt lat="34.233651570975780487060546875" lon="108.93793095834553241729736328125">
        <ele>407.399993896484375</ele>
        <time>2026-03-10T12:23:50.000Z</time>
        <extensions>
          <ns3:TrackPointExtension>
            <ns3:hr>160</ns3:hr>
            <ns3:cad>99</ns3:cad>
          </ns3:TrackPointExtension>
        </extensions>
      </trkpt>
      <trkpt lat="34.23369222320616245269775390625" lon="108.93792894668877124786376953125">
        <ele>407.399993896484375</ele>
        <time>2026-03-10T12:23:51.000Z</time>
        <extensions>
          <ns3:TrackPointExtension>
            <ns3:hr>159</ns3:hr>
            <ns3:cad>99</ns3:cad>
          </ns3:TrackPointExtension>
        </extensions>
      </trkpt>
      <trkpt lat="34.23372055403888225555419921875" lon="108.9379303716123104095458984375">
        <ele>407.399993896484375</ele>
        <time>2026-03-10T12:23:52.000Z</time>
        <extensions>
          <ns3:TrackPointExtension>
            <ns3:hr>159</ns3:hr>
            <ns3:cad>99</ns3:cad>
          </ns3:TrackPointExtension>
        </extensions>
      </trkpt>
      <trkpt lat="34.2337550036609172821044921875" lon="108.93792651593685150146484375">
        <ele>407.600006103515625</ele>
        <time>2026-03-10T12:23:53.000Z</time>
        <extensions>
          <ns3:TrackPointExtension>
            <ns3:hr>159</ns3:hr>
            <ns3:cad>99</ns3:cad>
          </ns3:TrackPointExtension>
        </extensions>
      </trkpt>
      <trkpt lat="34.23379180021584033966064453125" lon="108.9379177987575531005859375">
        <ele>407.600006103515625</ele>
        <time>2026-03-10T12:23:54.000Z</time>
        <extensions>
          <ns3:TrackPointExtension>
            <ns3:hr>159</ns3:hr>
            <ns3:cad>99</ns3:cad>
          </ns3:TrackPointExtension>
        </extensions>
      </trkpt>
      <trkpt lat="34.2338233999907970428466796875" lon="108.93791989423334598541259765625">
        <ele>407.399993896484375</ele>
        <time>2026-03-10T12:23:55.000Z</time>
        <extensions>
          <ns3:TrackPointExtension>
            <ns3:hr>160</ns3:hr>
            <ns3:cad>99</ns3:cad>
          </ns3:TrackPointExtension>
        </extensions>
      </trkpt>
      <trkpt lat="34.233857430517673492431640625" lon="108.93791268579661846160888671875">
        <ele>407.399993896484375</ele>
        <time>2026-03-10T12:23:56.000Z</time>
        <extensions>
          <ns3:TrackPointExtension>
            <ns3:hr>160</ns3:hr>
            <ns3:cad>99</ns3:cad>
          </ns3:TrackPointExtension>
        </extensions>
      </trkpt>
      <trkpt lat="34.23389422707259654998779296875" lon="108.937908746302127838134765625">
        <ele>407.399993896484375</ele>
        <time>2026-03-10T12:23:57.000Z</time>
        <extensions>
          <ns3:TrackPointExtension>
            <ns3:hr>160</ns3:hr>
            <ns3:cad>100</ns3:cad>
          </ns3:TrackPointExtension>
        </extensions>
      </trkpt>
      <trkpt lat="34.2339228093624114990234375" lon="108.93791855312883853912353515625">
        <ele>407.399993896484375</ele>
        <time>2026-03-10T12:23:58.000Z</time>
        <extensions>
          <ns3:TrackPointExtension>
            <ns3:hr>160</ns3:hr>
            <ns3:cad>100</ns3:cad>
          </ns3:TrackPointExtension>
        </extensions>
      </trkpt>
      <trkpt lat="34.2339618690311908721923828125" lon="108.93791503272950649261474609375">
        <ele>407.399993896484375</ele>
        <time>2026-03-10T12:23:59.000Z</time>
        <extensions>
          <ns3:TrackPointExtension>
            <ns3:hr>160</ns3:hr>
            <ns3:cad>100</ns3:cad>
          </ns3:TrackPointExtension>
        </extensions>
      </trkpt>
      <trkpt lat="34.23399514518678188323974609375" lon="108.93791704438626766204833984375">
        <ele>407.399993896484375</ele>
        <time>2026-03-10T12:24:00.000Z</time>
        <extensions>
          <ns3:TrackPointExtension>
            <ns3:hr>160</ns3:hr>
            <ns3:cad>100</ns3:cad>
          </ns3:TrackPointExtension>
        </extensions>
      </trkpt>
      <trkpt lat="34.23402464948594570159912109375" lon="108.93791989423334598541259765625">
        <ele>407.399993896484375</ele>
        <time>2026-03-10T12:24:01.000Z</time>
        <extensions>
          <ns3:TrackPointExtension>
            <ns3:hr>160</ns3:hr>
            <ns3:cad>99</ns3:cad>
          </ns3:TrackPointExtension>
        </extensions>
      </trkpt>
      <trkpt lat="34.2340584285557270050048828125" lon="108.9379152841866016387939453125">
        <ele>407.399993896484375</ele>
        <time>2026-03-10T12:24:02.000Z</time>
        <extensions>
          <ns3:TrackPointExtension>
            <ns3:hr>160</ns3:hr>
            <ns3:cad>99</ns3:cad>
          </ns3:TrackPointExtension>
        </extensions>
      </trkpt>
      <trkpt lat="34.2340917885303497314453125" lon="108.9379149489104747772216796875">
        <ele>407.399993896484375</ele>
        <time>2026-03-10T12:24:03.000Z</time>
        <extensions>
          <ns3:TrackPointExtension>
            <ns3:hr>160</ns3:hr>
            <ns3:cad>99</ns3:cad>
          </ns3:TrackPointExtension>
        </extensions>
      </trkpt>
      <trkpt lat="34.23412137664854526519775390625" lon="108.93791905604302883148193359375">
        <ele>407.399993896484375</ele>
        <time>2026-03-10T12:24:04.000Z</time>
        <extensions>
          <ns3:TrackPointExtension>
            <ns3:hr>160</ns3:hr>
            <ns3:cad>100</ns3:cad>
          </ns3:TrackPointExtension>
        </extensions>
      </trkpt>
      <trkpt lat="34.234159179031848907470703125" lon="108.93791377544403076171875">
        <ele>407.399993896484375</ele>
        <time>2026-03-10T12:24:05.000Z</time>
        <extensions>
          <ns3:TrackPointExtension>
            <ns3:hr>160</ns3:hr>
            <ns3:cad>100</ns3:cad>
          </ns3:TrackPointExtension>
        </extensions>
      </trkpt>
      <trkpt lat="34.23419144935905933380126953125" lon="108.93791201524436473846435546875">
        <ele>407.399993896484375</ele>
        <time>2026-03-10T12:24:06.000Z</time>
        <extensions>
          <ns3:TrackPointExtension>
            <ns3:hr>160</ns3:hr>
            <ns3:cad>100</ns3:cad>
          </ns3:TrackPointExtension>
        </extensions>
      </trkpt>
      <trkpt lat="34.2342232167720794677734375" lon="108.93791603855788707733154296875">
        <ele>407.399993896484375</ele>
        <time>2026-03-10T12:24:07.000Z</time>
        <extensions>
          <ns3:TrackPointExtension>
            <ns3:hr>161</ns3:hr>
            <ns3:cad>100</ns3:cad>
          </ns3:TrackPointExtension>
        </extensions>
      </trkpt>
      <trkpt lat="34.23426118679344654083251953125" lon="108.9379122667014598846435546875">
        <ele>407.399993896484375</ele>
        <time>2026-03-10T12:24:08.000Z</time>
        <extensions>
          <ns3:TrackPointExtension>
            <ns3:hr>161</ns3:hr>
            <ns3:cad>100</ns3:cad>
          </ns3:TrackPointExtension>
        </extensions>
      </trkpt>
      <trkpt lat="34.23429219983518123626708984375" lon="108.93791377544403076171875">
        <ele>407.399993896484375</ele>
        <time>2026-03-10T12:24:09.000Z</time>
        <extensions>
          <ns3:TrackPointExtension>
            <ns3:hr>162</ns3:hr>
            <ns3:cad>99</ns3:cad>
          </ns3:TrackPointExtension>
        </extensions>
      </trkpt>
      <trkpt lat="34.23432086594402790069580078125" lon="108.93791486509144306182861328125">
        <ele>407.20001220703125</ele>
        <time>2026-03-10T12:24:10.000Z</time>
        <extensions>
          <ns3:TrackPointExtension>
            <ns3:hr>162</ns3:hr>
            <ns3:cad>99</ns3:cad>
          </ns3:TrackPointExtension>
        </extensions>
      </trkpt>
      <trkpt lat="34.2343521304428577423095703125" lon="108.9379112608730792999267578125">
        <ele>407.20001220703125</ele>
        <time>2026-03-10T12:24:11.000Z</time>
        <extensions>
          <ns3:TrackPointExtension>
            <ns3:hr>162</ns3:hr>
            <ns3:cad>99</ns3:cad>
          </ns3:TrackPointExtension>
        </extensions>
      </trkpt>
      <trkpt lat="34.2343853227794170379638671875" lon="108.93790899775922298431396484375">
        <ele>407.399993896484375</ele>
        <time>2026-03-10T12:24:12.000Z</time>
        <extensions>
          <ns3:TrackPointExtension>
            <ns3:hr>162</ns3:hr>
            <ns3:cad>99</ns3:cad>
          </ns3:TrackPointExtension>
        </extensions>
      </trkpt>
      <trkpt lat="34.2344082891941070556640625" lon="108.93791846930980682373046875">
        <ele>407.399993896484375</ele>
        <time>2026-03-10T12:24:13.000Z</time>
        <extensions>
          <ns3:TrackPointExtension>
            <ns3:hr>162</ns3:hr>
            <ns3:cad>99</ns3:cad>
          </ns3:TrackPointExtension>
        </extensions>
      </trkpt>
      <trkpt lat="34.234440810978412628173828125" lon="108.93791167996823787689208984375">
        <ele>407.399993896484375</ele>
        <time>2026-03-10T12:24:14.000Z</time>
        <extensions>
          <ns3:TrackPointExtension>
            <ns3:hr>162</ns3:hr>
            <ns3:cad>99</ns3:cad>
          </ns3:TrackPointExtension>
        </extensions>
      </trkpt>
      <trkpt lat="34.234479367733001708984375" lon="108.937907405197620391845703125">
        <ele>407.399993896484375</ele>
        <time>2026-03-10T12:24:15.000Z</time>
        <extensions>
          <ns3:TrackPointExtension>
            <ns3:hr>161</ns3:hr>
            <ns3:cad>99</ns3:cad>
          </ns3:TrackPointExtension>
        </extensions>
      </trkpt>
      <trkpt lat="34.2345100454986095428466796875" lon="108.9379005320370197296142578125">
        <ele>407.399993896484375</ele>
        <time>2026-03-10T12:24:16.000Z</time>
        <extensions>
          <ns3:TrackPointExtension>
            <ns3:hr>161</ns3:hr>
            <ns3:cad>100</ns3:cad>
          </ns3:TrackPointExtension>
        </extensions>
      </trkpt>
      <trkpt lat="34.23454265110194683074951171875" lon="108.93788251094520092010498046875">
        <ele>407.399993896484375</ele>
        <time>2026-03-10T12:24:17.000Z</time>
        <extensions>
          <ns3:TrackPointExtension>
            <ns3:hr>161</ns3:hr>
            <ns3:cad>100</ns3:cad>
          </ns3:TrackPointExtension>
        </extensions>
      </trkpt>
      <trkpt lat="34.234570562839508056640625" lon="108.9378619752824306488037109375">
        <ele>407.399993896484375</ele>
        <time>2026-03-10T12:24:18.000Z</time>
        <extensions>
          <ns3:TrackPointExtension>
            <ns3:hr>161</ns3:hr>
            <ns3:cad>100</ns3:cad>
          </ns3:TrackPointExtension>
        </extensions>
      </trkpt>
      <trkpt lat="34.2345978878438472747802734375" lon="108.937845714390277862548828125">
        <ele>407.399993896484375</ele>
        <time>2026-03-10T12:24:19.000Z</time>
        <extensions>
          <ns3:TrackPointExtension>
            <ns3:hr>161</ns3:hr>
            <ns3:cad>100</ns3:cad>
          </ns3:TrackPointExtension>
        </extensions>
      </trkpt>
      <trkpt lat="34.23462814651429653167724609375" lon="108.9378225803375244140625">
        <ele>407.399993896484375</ele>
        <time>2026-03-10T12:24:20.000Z</time>
        <extensions>
          <ns3:TrackPointExtension>
            <ns3:hr>162</ns3:hr>
            <ns3:cad>100</ns3:cad>
          </ns3:TrackPointExtension>
        </extensions>
      </trkpt>
      <trkpt lat="34.2346552200615406036376953125" lon="108.937794081866741180419921875">
        <ele>407.399993896484375</ele>
        <time>2026-03-10T12:24:21.000Z</time>
        <extensions>
          <ns3:TrackPointExtension>
            <ns3:hr>162</ns3:hr>
            <ns3:cad>100</ns3:cad>
          </ns3:TrackPointExtension>
        </extensions>
      </trkpt>
      <trkpt lat="34.23468128778040409088134765625" lon="108.93777354620397090911865234375">
        <ele>407.399993896484375</ele>
        <time>2026-03-10T12:24:22.000Z</time>
        <extensions>
          <ns3:TrackPointExtension>
            <ns3:hr>162</ns3:hr>
            <ns3:cad>100</ns3:cad>
          </ns3:TrackPointExtension>
        </extensions>
      </trkpt>
      <trkpt lat="34.2347006499767303466796875" lon="108.93773515708744525909423828125">
        <ele>407.399993896484375</ele>
        <time>2026-03-10T12:24:23.000Z</time>
        <extensions>
          <ns3:TrackPointExtension>
            <ns3:hr>162</ns3:hr>
            <ns3:cad>100</ns3:cad>
          </ns3:TrackPointExtension>
        </extensions>
      </trkpt>
      <trkpt lat="34.2347162403166294097900390625" lon="108.937697522342205047607421875">
        <ele>407.399993896484375</ele>
        <time>2026-03-10T12:24:24.000Z</time>
        <extensions>
          <ns3:TrackPointExtension>
            <ns3:hr>162</ns3:hr>
            <ns3:cad>99</ns3:cad>
          </ns3:TrackPointExtension>
        </extensions>
      </trkpt>
      <trkpt lat="34.2347340099513530731201171875" lon="108.9376698620617389678955078125">
        <ele>407.399993896484375</ele>
        <time>2026-03-10T12:24:25.000Z</time>
        <extensions>
          <ns3:TrackPointExtension>
            <ns3:hr>162</ns3:hr>
            <ns3:cad>99</ns3:cad>
          </ns3:TrackPointExtension>
        </extensions>
      </trkpt>
      <trkpt lat="34.2347474209964275360107421875" lon="108.9376294612884521484375">
        <ele>407.399993896484375</ele>
        <time>2026-03-10T12:24:26.000Z</time>
        <extensions>
          <ns3:TrackPointExtension>
            <ns3:hr>162</ns3:hr>
            <ns3:cad>99</ns3:cad>
          </ns3:TrackPointExtension>
        </extensions>
      </trkpt>
      <trkpt lat="34.23475957475602626800537109375" lon="108.93759031780064105987548828125">
        <ele>407.399993896484375</ele>
        <time>2026-03-10T12:24:27.000Z</time>
        <extensions>
          <ns3:TrackPointExtension>
            <ns3:hr>162</ns3:hr>
            <ns3:cad>100</ns3:cad>
          </ns3:TrackPointExtension>
        </extensions>
      </trkpt>
      <trkpt lat="34.2347732372581958770751953125" lon="108.9375565387308597564697265625">
        <ele>407.399993896484375</ele>
        <time>2026-03-10T12:24:28.000Z</time>
        <extensions>
          <ns3:TrackPointExtension>
            <ns3:hr>162</ns3:hr>
            <ns3:cad>100</ns3:cad>
          </ns3:TrackPointExtension>
        </extensions>
      </trkpt>
      <trkpt lat="34.2347752489149570465087890625" lon="108.9375102706253528594970703125">
        <ele>407.399993896484375</ele>
        <time>2026-03-10T12:24:29.000Z</time>
        <extensions>
          <ns3:TrackPointExtension>
            <ns3:hr>162</ns3:hr>
            <ns3:cad>100</ns3:cad>
          </ns3:TrackPointExtension>
        </extensions>
      </trkpt>
      <trkpt lat="34.23477583564817905426025390625" lon="108.93746509216725826263427734375">
        <ele>407.399993896484375</ele>
        <time>2026-03-10T12:24:30.000Z</time>
        <extensions>
          <ns3:TrackPointExtension>
            <ns3:hr>162</ns3:hr>
            <ns3:cad>100</ns3:cad>
          </ns3:TrackPointExtension>
        </extensions>
      </trkpt>
      <trkpt lat="34.23477533273398876190185546875" lon="108.93742972053587436676025390625">
        <ele>407.399993896484375</ele>
        <time>2026-03-10T12:24:31.000Z</time>
        <extensions>
          <ns3:TrackPointExtension>
            <ns3:hr>162</ns3:hr>
            <ns3:cad>99</ns3:cad>
          </ns3:TrackPointExtension>
        </extensions>
      </trkpt>
      <trkpt lat="34.23476435244083404541015625" lon="108.93738269805908203125">
        <ele>407.399993896484375</ele>
        <time>2026-03-10T12:24:32.000Z</time>
        <extensions>
          <ns3:TrackPointExtension>
            <ns3:hr>163</ns3:hr>
            <ns3:cad>99</ns3:cad>
          </ns3:TrackPointExtension>
        </extensions>
      </trkpt>
      <trkpt lat="34.23474918119609355926513671875" lon="108.93733768723905086517333984375">
        <ele>407.399993896484375</ele>
        <time>2026-03-10T12:24:33.000Z</time>
        <extensions>
          <ns3:TrackPointExtension>
            <ns3:hr>162</ns3:hr>
            <ns3:cad>99</ns3:cad>
          </ns3:TrackPointExtension>
        </extensions>
      </trkpt>
      <trkpt lat="34.234743230044841766357421875" lon="108.9373060874640941619873046875">
        <ele>407.399993896484375</ele>
        <time>2026-03-10T12:24:34.000Z</time>
        <extensions>
          <ns3:TrackPointExtension>
            <ns3:hr>162</ns3:hr>
            <ns3:cad>99</ns3:cad>
          </ns3:TrackPointExtension>
        </extensions>
      </trkpt>
      <trkpt lat="34.23471699468791484832763671875" lon="108.93726560287177562713623046875">
        <ele>407.399993896484375</ele>
        <time>2026-03-10T12:24:35.000Z</time>
        <extensions>
          <ns3:TrackPointExtension>
            <ns3:hr>162</ns3:hr>
            <ns3:cad>99</ns3:cad>
          </ns3:TrackPointExtension>
        </extensions>
      </trkpt>
      <trkpt lat="34.23469620756804943084716796875" lon="108.93722905777394771575927734375">
        <ele>407.399993896484375</ele>
        <time>2026-03-10T12:24:36.000Z</time>
        <extensions>
          <ns3:TrackPointExtension>
            <ns3:hr>162</ns3:hr>
            <ns3:cad>99</ns3:cad>
          </ns3:TrackPointExtension>
        </extensions>
      </trkpt>
      <trkpt lat="34.23468313179910182952880859375" lon="108.937197625637054443359375">
        <ele>407.399993896484375</ele>
        <time>2026-03-10T12:24:37.000Z</time>
        <extensions>
          <ns3:TrackPointExtension>
            <ns3:hr>162</ns3:hr>
            <ns3:cad>99</ns3:cad>
          </ns3:TrackPointExtension>
        </extensions>
      </trkpt>
      <trkpt lat="34.2346528731286525726318359375" lon="108.937165774405002593994140625">
        <ele>407.399993896484375</ele>
        <time>2026-03-10T12:24:38.000Z</time>
        <extensions>
          <ns3:TrackPointExtension>
            <ns3:hr>162</ns3:hr>
            <ns3:cad>99</ns3:cad>
          </ns3:TrackPointExtension>
        </extensions>
      </trkpt>
      <trkpt lat="34.2346243746578693389892578125" lon="108.9371394552290439605712890625">
        <ele>407.399993896484375</ele>
        <time>2026-03-10T12:24:39.000Z</time>
        <extensions>
          <ns3:TrackPointExtension>
            <ns3:hr>162</ns3:hr>
            <ns3:cad>100</ns3:cad>
          </ns3:TrackPointExtension>
        </extensions>
      </trkpt>
      <trkpt lat="34.2345988936722278594970703125" lon="108.9371144771575927734375">
        <ele>407.399993896484375</ele>
        <time>2026-03-10T12:24:40.000Z</time>
        <extensions>
          <ns3:TrackPointExtension>
            <ns3:hr>162</ns3:hr>
            <ns3:cad>100</ns3:cad>
          </ns3:TrackPointExtension>
        </extensions>
      </trkpt>
      <trkpt lat="34.23456058837473392486572265625" lon="108.93709243275225162506103515625">
        <ele>407.20001220703125</ele>
        <time>2026-03-10T12:24:41.000Z</time>
        <extensions>
          <ns3:TrackPointExtension>
            <ns3:hr>162</ns3:hr>
            <ns3:cad>100</ns3:cad>
          </ns3:TrackPointExtension>
        </extensions>
      </trkpt>
      <trkpt lat="34.234525971114635467529296875" lon="108.93707617186009883880615234375">
        <ele>407.399993896484375</ele>
        <time>2026-03-10T12:24:42.000Z</time>
        <extensions>
          <ns3:TrackPointExtension>
            <ns3:hr>162</ns3:hr>
            <ns3:cad>100</ns3:cad>
          </ns3:TrackPointExtension>
        </extensions>
      </trkpt>
      <trkpt lat="34.23449805937707424163818359375" lon="108.93706812523305416107177734375">
        <ele>407.399993896484375</ele>
        <time>2026-03-10T12:24:43.000Z</time>
        <extensions>
          <ns3:TrackPointExtension>
            <ns3:hr>162</ns3:hr>
            <ns3:cad>100</ns3:cad>
          </ns3:TrackPointExtension>
        </extensions>
      </trkpt>
      <trkpt lat="34.2344592511653900146484375" lon="108.93706628121435642242431640625">
        <ele>407.399993896484375</ele>
        <time>2026-03-10T12:24:44.000Z</time>
        <extensions>
          <ns3:TrackPointExtension>
            <ns3:hr>162</ns3:hr>
            <ns3:cad>100</ns3:cad>
          </ns3:TrackPointExtension>
        </extensions>
      </trkpt>
      <trkpt lat="34.2344272322952747344970703125" lon="108.9370717294514179229736328125">
        <ele>407.20001220703125</ele>
        <time>2026-03-10T12:24:45.000Z</time>
        <extensions>
          <ns3:TrackPointExtension>
            <ns3:hr>162</ns3:hr>
            <ns3:cad>100</ns3:cad>
          </ns3:TrackPointExtension>
        </extensions>
      </trkpt>
      <trkpt lat="34.23439730890095233917236328125" lon="108.937066532671451568603515625">
        <ele>407.399993896484375</ele>
        <time>2026-03-10T12:24:46.000Z</time>
        <extensions>
          <ns3:TrackPointExtension>
            <ns3:hr>162</ns3:hr>
            <ns3:cad>100</ns3:cad>
          </ns3:TrackPointExtension>
        </extensions>
      </trkpt>
      <trkpt lat="34.23435959033668041229248046875" lon="108.93706611357629299163818359375">
        <ele>407.20001220703125</ele>
        <time>2026-03-10T12:24:47.000Z</time>
        <extensions>
          <ns3:TrackPointExtension>
            <ns3:hr>162</ns3:hr>
            <ns3:cad>100</ns3:cad>
          </ns3:TrackPointExtension>
        </extensions>
      </trkpt>
      <trkpt lat="34.23432824201881885528564453125" lon="108.93706695176661014556884765625">
        <ele>407.20001220703125</ele>
        <time>2026-03-10T12:24:48.000Z</time>
        <extensions>
          <ns3:TrackPointExtension>
            <ns3:hr>163</ns3:hr>
            <ns3:cad>100</ns3:cad>
          </ns3:TrackPointExtension>
        </extensions>
      </trkpt>
      <trkpt lat="34.23430024646222591400146484375" lon="108.9370667003095149993896484375">
        <ele>407.20001220703125</ele>
        <time>2026-03-10T12:24:49.000Z</time>
        <extensions>
          <ns3:TrackPointExtension>
            <ns3:hr>163</ns3:hr>
            <ns3:cad>99</ns3:cad>
          </ns3:TrackPointExtension>
        </extensions>
      </trkpt>
      <trkpt lat="34.23426152206957340240478515625" lon="108.93706762231886386871337890625">
        <ele>407.20001220703125</ele>
        <time>2026-03-10T12:24:50.000Z</time>
        <extensions>
          <ns3:TrackPointExtension>
            <ns3:hr>163</ns3:hr>
            <ns3:cad>100</ns3:cad>
          </ns3:TrackPointExtension>
        </extensions>
      </trkpt>
      <trkpt lat="34.23422983847558498382568359375" lon="108.93707114271819591522216796875">
        <ele>407.20001220703125</ele>
        <time>2026-03-10T12:24:51.000Z</time>
        <extensions>
          <ns3:TrackPointExtension>
            <ns3:hr>163</ns3:hr>
            <ns3:cad>100</ns3:cad>
          </ns3:TrackPointExtension>
        </extensions>
      </trkpt>
      <trkpt lat="34.23420351929962635040283203125" lon="108.9370697177946567535400390625">
        <ele>407.20001220703125</ele>
        <time>2026-03-10T12:24:52.000Z</time>
        <extensions>
          <ns3:TrackPointExtension>
            <ns3:hr>163</ns3:hr>
            <ns3:cad>100</ns3:cad>
          </ns3:TrackPointExtension>
        </extensions>
      </trkpt>
      <trkpt lat="34.23416647128760814666748046875" lon="108.93706460483372211456298828125">
        <ele>407.20001220703125</ele>
        <time>2026-03-10T12:24:53.000Z</time>
        <extensions>
          <ns3:TrackPointExtension>
            <ns3:hr>163</ns3:hr>
            <ns3:cad>100</ns3:cad>
          </ns3:TrackPointExtension>
        </extensions>
      </trkpt>
      <trkpt lat="34.23413361422717571258544921875" lon="108.937065862119197845458984375">
        <ele>407.20001220703125</ele>
        <time>2026-03-10T12:24:54.000Z</time>
        <extensions>
          <ns3:TrackPointExtension>
            <ns3:hr>163</ns3:hr>
            <ns3:cad>100</ns3:cad>
          </ns3:TrackPointExtension>
        </extensions>
      </trkpt>
      <trkpt lat="34.23410126008093357086181640625" lon="108.9370656944811344146728515625">
        <ele>407.20001220703125</ele>
        <time>2026-03-10T12:24:55.000Z</time>
        <extensions>
          <ns3:TrackPointExtension>
            <ns3:hr>164</ns3:hr>
            <ns3:cad>100</ns3:cad>
          </ns3:TrackPointExtension>
        </extensions>
      </trkpt>
      <trkpt lat="34.2340641282498836517333984375" lon="108.9370648562908172607421875">
        <ele>407.20001220703125</ele>
        <time>2026-03-10T12:24:56.000Z</time>
        <extensions>
          <ns3:TrackPointExtension>
            <ns3:hr>164</ns3:hr>
            <ns3:cad>100</ns3:cad>
          </ns3:TrackPointExtension>
        </extensions>
      </trkpt>
      <trkpt lat="34.23402951098978519439697265625" lon="108.93706510774791240692138671875">
        <ele>407.20001220703125</ele>
        <time>2026-03-10T12:24:57.000Z</time>
        <extensions>
          <ns3:TrackPointExtension>
            <ns3:hr>164</ns3:hr>
            <ns3:cad>100</ns3:cad>
          </ns3:TrackPointExtension>
        </extensions>
      </trkpt>
      <trkpt lat="34.23399950377643108367919921875" lon="108.93707223236560821533203125">
        <ele>407.20001220703125</ele>
        <time>2026-03-10T12:24:58.000Z</time>
        <extensions>
          <ns3:TrackPointExtension>
            <ns3:hr>163</ns3:hr>
            <ns3:cad>100</ns3:cad>
          </ns3:TrackPointExtension>
        </extensions>
      </trkpt>
      <trkpt lat="34.23396312631666660308837890625" lon="108.937071226537227630615234375">
        <ele>407.399993896484375</ele>
        <time>2026-03-10T12:24:59.000Z</time>
        <extensions>
          <ns3:TrackPointExtension>
            <ns3:hr>163</ns3:hr>
            <ns3:cad>100</ns3:cad>
          </ns3:TrackPointExtension>
        </extensions>
      </trkpt>
      <trkpt lat="34.233932197093963623046875" lon="108.9370724000036716461181640625">
        <ele>407.399993896484375</ele>
        <time>2026-03-10T12:25:00.000Z</time>
        <extensions>
          <ns3:TrackPointExtension>
            <ns3:hr>163</ns3:hr>
            <ns3:cad>100</ns3:cad>
          </ns3:TrackPointExtension>
        </extensions>
      </trkpt>
      <trkpt lat="34.233907051384449005126953125" lon="108.9370734058320522308349609375">
        <ele>407.399993896484375</ele>
        <time>2026-03-10T12:25:01.000Z</time>
        <extensions>
          <ns3:TrackPointExtension>
            <ns3:hr>164</ns3:hr>
            <ns3:cad>100</ns3:cad>
          </ns3:TrackPointExtension>
        </extensions>
      </trkpt>
      <trkpt lat="34.233867824077606201171875" lon="108.9370720647275447845458984375">
        <ele>407.399993896484375</ele>
        <time>2026-03-10T12:25:02.000Z</time>
        <extensions>
          <ns3:TrackPointExtension>
            <ns3:hr>164</ns3:hr>
            <ns3:cad>100</ns3:cad>
          </ns3:TrackPointExtension>
        </extensions>
      </trkpt>
      <trkpt lat="34.2338364757597446441650390625" lon="108.93707089126110076904296875">
        <ele>407.399993896484375</ele>
        <time>2026-03-10T12:25:03.000Z</time>
        <extensions>
          <ns3:TrackPointExtension>
            <ns3:hr>164</ns3:hr>
            <ns3:cad>100</ns3:cad>
          </ns3:TrackPointExtension>
        </extensions>
      </trkpt>
      <trkpt lat="34.23380990512669086456298828125" lon="108.93706644885241985321044921875">
        <ele>407.399993896484375</ele>
        <time>2026-03-10T12:25:04.000Z</time>
        <extensions>
          <ns3:TrackPointExtension>
            <ns3:hr>164</ns3:hr>
            <ns3:cad>100</ns3:cad>
          </ns3:TrackPointExtension>
        </extensions>
      </trkpt>
      <trkpt lat="34.23377729952335357666015625" lon="108.93706820905208587646484375">
        <ele>407.399993896484375</ele>
        <time>2026-03-10T12:25:05.000Z</time>
        <extensions>
          <ns3:TrackPointExtension>
            <ns3:hr>164</ns3:hr>
            <ns3:cad>100</ns3:cad>
          </ns3:TrackPointExtension>
        </extensions>
      </trkpt>
      <trkpt lat="34.23374184407293796539306640625" lon="108.93707097508013248443603515625">
        <ele>407.399993896484375</ele>
        <time>2026-03-10T12:25:06.000Z</time>
        <extensions>
          <ns3:TrackPointExtension>
            <ns3:hr>163</ns3:hr>
            <ns3:cad>100</ns3:cad>
          </ns3:TrackPointExtension>
        </extensions>
      </trkpt>
      <trkpt lat="34.23371502198278903961181640625" lon="108.9370636828243732452392578125">
        <ele>407.399993896484375</ele>
        <time>2026-03-10T12:25:07.000Z</time>
        <extensions>
          <ns3:TrackPointExtension>
            <ns3:hr>163</ns3:hr>
            <ns3:cad>100</ns3:cad>
          </ns3:TrackPointExtension>
        </extensions>
      </trkpt>
      <trkpt lat="34.23368342220783233642578125" lon="108.9370643533766269683837890625">
        <ele>407.20001220703125</ele>
        <time>2026-03-10T12:25:08.000Z</time>
        <extensions>
          <ns3:TrackPointExtension>
            <ns3:hr>163</ns3:hr>
            <ns3:cad>101</ns3:cad>
          </ns3:TrackPointExtension>
        </extensions>
      </trkpt>
      <trkpt lat="34.233650229871273040771484375" lon="108.93706619739532470703125">
        <ele>407.20001220703125</ele>
        <time>2026-03-10T12:25:09.000Z</time>
        <extensions>
          <ns3:TrackPointExtension>
            <ns3:hr>163</ns3:hr>
            <ns3:cad>101</ns3:cad>
          </ns3:TrackPointExtension>
        </extensions>
      </trkpt>
      <trkpt lat="34.23361913301050662994384765625" lon="108.93706141971051692962646484375">
        <ele>407.20001220703125</ele>
        <time>2026-03-10T12:25:10.000Z</time>
        <extensions>
          <ns3:TrackPointExtension>
            <ns3:hr>163</ns3:hr>
            <ns3:cad>100</ns3:cad>
          </ns3:TrackPointExtension>
        </extensions>
      </trkpt>
      <trkpt lat="34.2335877008736133575439453125" lon="108.93707365728914737701416015625">
        <ele>407.20001220703125</ele>
        <time>2026-03-10T12:25:11.000Z</time>
        <extensions>
          <ns3:TrackPointExtension>
            <ns3:hr>163</ns3:hr>
            <ns3:cad>100</ns3:cad>
          </ns3:TrackPointExtension>
        </extensions>
      </trkpt>
      <trkpt lat="34.23354989849030971527099609375" lon="108.93708966672420501708984375">
        <ele>407.20001220703125</ele>
        <time>2026-03-10T12:25:12.000Z</time>
        <extensions>
          <ns3:TrackPointExtension>
            <ns3:hr>163</ns3:hr>
            <ns3:cad>100</ns3:cad>
          </ns3:TrackPointExtension>
        </extensions>
      </trkpt>
      <trkpt lat="34.23351955600082874298095703125" lon="108.9370941929519176483154296875">
        <ele>407.20001220703125</ele>
        <time>2026-03-10T12:25:13.000Z</time>
        <extensions>
          <ns3:TrackPointExtension>
            <ns3:hr>163</ns3:hr>
            <ns3:cad>100</ns3:cad>
          </ns3:TrackPointExtension>
        </extensions>
      </trkpt>
      <trkpt lat="34.23349038697779178619384765625" lon="108.93711389042437076568603515625">
        <ele>407.20001220703125</ele>
        <time>2026-03-10T12:25:14.000Z</time>
        <extensions>
          <ns3:TrackPointExtension>
            <ns3:hr>163</ns3:hr>
            <ns3:cad>100</ns3:cad>
          </ns3:TrackPointExtension>
        </extensions>
      </trkpt>
      <trkpt lat="34.23345769755542278289794921875" lon="108.93713568337261676788330078125">
        <ele>407.20001220703125</ele>
        <time>2026-03-10T12:25:15.000Z</time>
        <extensions>
          <ns3:TrackPointExtension>
            <ns3:hr>163</ns3:hr>
            <ns3:cad>100</ns3:cad>
          </ns3:TrackPointExtension>
        </extensions>
      </trkpt>
      <trkpt lat="34.2334314621984958648681640625" lon="108.93715127371251583099365234375">
        <ele>407.20001220703125</ele>
        <time>2026-03-10T12:25:16.000Z</time>
        <extensions>
          <ns3:TrackPointExtension>
            <ns3:hr>163</ns3:hr>
            <ns3:cad>100</ns3:cad>
          </ns3:TrackPointExtension>
        </extensions>
      </trkpt>
      <trkpt lat="34.23340908251702785491943359375" lon="108.93717952072620391845703125">
        <ele>407.20001220703125</ele>
        <time>2026-03-10T12:25:17.000Z</time>
        <extensions>
          <ns3:TrackPointExtension>
            <ns3:hr>163</ns3:hr>
            <ns3:cad>100</ns3:cad>
          </ns3:TrackPointExtension>
        </extensions>
      </trkpt>
      <trkpt lat="34.23337957821786403656005859375" lon="108.93721397034823894500732421875">
        <ele>407.20001220703125</ele>
        <time>2026-03-10T12:25:18.000Z</time>
        <extensions>
          <ns3:TrackPointExtension>
            <ns3:hr>163</ns3:hr>
            <ns3:cad>100</ns3:cad>
          </ns3:TrackPointExtension>
        </extensions>
      </trkpt>
      <trkpt lat="34.23335543833673000335693359375" lon="108.937238864600658416748046875">
        <ele>407.20001220703125</ele>
        <time>2026-03-10T12:25:19.000Z</time>
        <extensions>
          <ns3:TrackPointExtension>
            <ns3:hr>163</ns3:hr>
            <ns3:cad>101</ns3:cad>
          </ns3:TrackPointExtension>
        </extensions>
      </trkpt>
      <trkpt lat="34.23333800397813320159912109375" lon="108.93727800808846950531005859375">
        <ele>407.20001220703125</ele>
        <time>2026-03-10T12:25:20.000Z</time>
        <extensions>
          <ns3:TrackPointExtension>
            <ns3:hr>163</ns3:hr>
            <ns3:cad>101</ns3:cad>
          </ns3:TrackPointExtension>
        </extensions>
      </trkpt>
      <trkpt lat="34.2333208210766315460205078125" lon="108.93732159398496150970458984375">
        <ele>407.20001220703125</ele>
        <time>2026-03-10T12:25:21.000Z</time>
        <extensions>
          <ns3:TrackPointExtension>
            <ns3:hr>163</ns3:hr>
            <ns3:cad>101</ns3:cad>
          </ns3:TrackPointExtension>
        </extensions>
      </trkpt>
      <trkpt lat="34.2333059012889862060546875" lon="108.937356211245059967041015625">
        <ele>407.399993896484375</ele>
        <time>2026-03-10T12:25:22.000Z</time>
        <extensions>
          <ns3:TrackPointExtension>
            <ns3:hr>163</ns3:hr>
            <ns3:cad>100</ns3:cad>
          </ns3:TrackPointExtension>
        </extensions>
      </trkpt>
      <trkpt lat="34.2332983575761318206787109375" lon="108.937401808798313140869140625">
        <ele>407.399993896484375</ele>
        <time>2026-03-10T12:25:23.000Z</time>
        <extensions>
          <ns3:TrackPointExtension>
            <ns3:hr>163</ns3:hr>
            <ns3:cad>100</ns3:cad>
          </ns3:TrackPointExtension>
        </extensions>
      </trkpt>
      <trkpt lat="34.23329777084290981292724609375" lon="108.93745000474154949188232421875">
        <ele>407.399993896484375</ele>
        <time>2026-03-10T12:25:24.000Z</time>
        <extensions>
          <ns3:TrackPointExtension>
            <ns3:hr>163</ns3:hr>
            <ns3:cad>100</ns3:cad>
          </ns3:TrackPointExtension>
        </extensions>
      </trkpt>
      <trkpt lat="34.2332933284342288970947265625" lon="108.93748705275356769561767578125">
        <ele>407.399993896484375</ele>
        <time>2026-03-10T12:25:25.000Z</time>
        <extensions>
          <ns3:TrackPointExtension>
            <ns3:hr>162</ns3:hr>
            <ns3:cad>99</ns3:cad>
          </ns3:TrackPointExtension>
        </extensions>
      </trkpt>
      <trkpt lat="34.23329609446227550506591796875" lon="108.937531895935535430908203125">
        <ele>407.399993896484375</ele>
        <time>2026-03-10T12:25:26.000Z</time>
        <extensions>
          <ns3:TrackPointExtension>
            <ns3:hr>162</ns3:hr>
            <ns3:cad>99</ns3:cad>
          </ns3:TrackPointExtension>
        </extensions>
      </trkpt>
      <trkpt lat="34.2333032190799713134765625" lon="108.93757908605039119720458984375">
        <ele>407.20001220703125</ele>
        <time>2026-03-10T12:25:27.000Z</time>
        <extensions>
          <ns3:TrackPointExtension>
            <ns3:hr>162</ns3:hr>
            <ns3:cad>99</ns3:cad>
          </ns3:TrackPointExtension>
        </extensions>
      </trkpt>
      <trkpt lat="34.23330531455576419830322265625" lon="108.9376173913478851318359375">
        <ele>407.20001220703125</ele>
        <time>2026-03-10T12:25:28.000Z</time>
        <extensions>
          <ns3:TrackPointExtension>
            <ns3:hr>163</ns3:hr>
            <ns3:cad>99</ns3:cad>
          </ns3:TrackPointExtension>
        </extensions>
      </trkpt>
      <trkpt lat="34.23331721685826778411865234375" lon="108.93765703774988651275634765625">
        <ele>407.399993896484375</ele>
        <time>2026-03-10T12:25:29.000Z</time>
        <extensions>
          <ns3:TrackPointExtension>
            <ns3:hr>162</ns3:hr>
            <ns3:cad>100</ns3:cad>
          </ns3:TrackPointExtension>
        </extensions>
      </trkpt>
      <trkpt lat="34.233336411416530609130859375" lon="108.93769995309412479400634765625">
        <ele>407.399993896484375</ele>
        <time>2026-03-10T12:25:30.000Z</time>
        <extensions>
          <ns3:TrackPointExtension>
            <ns3:hr>162</ns3:hr>
            <ns3:cad>100</ns3:cad>
          </ns3:TrackPointExtension>
        </extensions>
      </trkpt>
      <trkpt lat="34.2333449609577655792236328125" lon="108.93773364834487438201904296875">
        <ele>407.399993896484375</ele>
        <time>2026-03-10T12:25:31.000Z</time>
        <extensions>
          <ns3:TrackPointExtension>
            <ns3:hr>162</ns3:hr>
            <ns3:cad>100</ns3:cad>
          </ns3:TrackPointExtension>
        </extensions>
      </trkpt>
      <trkpt lat="34.233363904058933258056640625" lon="108.9377630688250064849853515625">
        <ele>407.399993896484375</ele>
        <time>2026-03-10T12:25:32.000Z</time>
        <extensions>
          <ns3:TrackPointExtension>
            <ns3:hr>162</ns3:hr>
            <ns3:cad>101</ns3:cad>
          </ns3:TrackPointExtension>
        </extensions>
      </trkpt>
      <trkpt lat="34.2333982698619365692138671875" lon="108.93779818899929523468017578125">
        <ele>407.399993896484375</ele>
        <time>2026-03-10T12:25:33.000Z</time>
        <extensions>
          <ns3:TrackPointExtension>
            <ns3:hr>162</ns3:hr>
            <ns3:cad>101</ns3:cad>
          </ns3:TrackPointExtension>
        </extensions>
      </trkpt>
      <trkpt lat="34.233419559895992279052734375" lon="108.93782987259328365325927734375">
        <ele>407.399993896484375</ele>
        <time>2026-03-10T12:25:34.000Z</time>
        <extensions>
          <ns3:TrackPointExtension>
            <ns3:hr>162</ns3:hr>
            <ns3:cad>101</ns3:cad>
          </ns3:TrackPointExtension>
        </extensions>
      </trkpt>
      <trkpt lat="34.23343992792069911956787109375" lon="108.9378542639315128326416015625">
        <ele>407.399993896484375</ele>
        <time>2026-03-10T12:25:35.000Z</time>
        <extensions>
          <ns3:TrackPointExtension>
            <ns3:hr>162</ns3:hr>
            <ns3:cad>101</ns3:cad>
          </ns3:TrackPointExtension>
        </extensions>
      </trkpt>
      <trkpt lat="34.23347513191401958465576171875" lon="108.9378770627081394195556640625">
        <ele>407.399993896484375</ele>
        <time>2026-03-10T12:25:36.000Z</time>
        <extensions>
          <ns3:TrackPointExtension>
            <ns3:hr>162</ns3:hr>
            <ns3:cad>100</ns3:cad>
          </ns3:TrackPointExtension>
        </extensions>
      </trkpt>
      <trkpt lat="34.23349675722420215606689453125" lon="108.93789835274219512939453125">
        <ele>407.20001220703125</ele>
        <time>2026-03-10T12:25:37.000Z</time>
        <extensions>
          <ns3:TrackPointExtension>
            <ns3:hr>162</ns3:hr>
            <ns3:cad>100</ns3:cad>
          </ns3:TrackPointExtension>
        </extensions>
      </trkpt>
      <trkpt lat="34.2335270158946514129638671875" lon="108.9379092492163181304931640625">
        <ele>407.20001220703125</ele>
        <time>2026-03-10T12:25:38.000Z</time>
        <extensions>
          <ns3:TrackPointExtension>
            <ns3:hr>162</ns3:hr>
            <ns3:cad>100</ns3:cad>
          </ns3:TrackPointExtension>
        </extensions>
      </trkpt>
      <trkpt lat="34.23356347717344760894775390625" lon="108.937923498451709747314453125">
        <ele>407.20001220703125</ele>
        <time>2026-03-10T12:25:39.000Z</time>
        <extensions>
          <ns3:TrackPointExtension>
            <ns3:hr>161</ns3:hr>
            <ns3:cad>100</ns3:cad>
          </ns3:TrackPointExtension>
        </extensions>
      </trkpt>
      <trkpt lat="34.2335907183587551116943359375" lon="108.93793514929711818695068359375">
        <ele>407.20001220703125</ele>
        <time>2026-03-10T12:25:40.000Z</time>
        <extensions>
          <ns3:TrackPointExtension>
            <ns3:hr>161</ns3:hr>
            <ns3:cad>100</ns3:cad>
          </ns3:TrackPointExtension>
        </extensions>
      </trkpt>
      <trkpt lat="34.23362332396209239959716796875" lon="108.93793364055454730987548828125">
        <ele>407.20001220703125</ele>
        <time>2026-03-10T12:25:41.000Z</time>
        <extensions>
          <ns3:TrackPointExtension>
            <ns3:hr>161</ns3:hr>
            <ns3:cad>100</ns3:cad>
          </ns3:TrackPointExtension>
        </extensions>
      </trkpt>
      <trkpt lat="34.2336597852408885955810546875" lon="108.9379414357244968414306640625">
        <ele>407.20001220703125</ele>
        <time>2026-03-10T12:25:42.000Z</time>
        <extensions>
          <ns3:TrackPointExtension>
            <ns3:hr>161</ns3:hr>
            <ns3:cad>100</ns3:cad>
          </ns3:TrackPointExtension>
        </extensions>
      </trkpt>
      <trkpt lat="34.233689792454242706298828125" lon="108.93794587813317775726318359375">
        <ele>407.20001220703125</ele>
        <time>2026-03-10T12:25:43.000Z</time>
        <extensions>
          <ns3:TrackPointExtension>
            <ns3:hr>161</ns3:hr>
            <ns3:cad>100</ns3:cad>
          </ns3:TrackPointExtension>
        </extensions>
      </trkpt>
      <trkpt lat="34.23372776247560977935791015625" lon="108.93793665803968906402587890625">
        <ele>407.20001220703125</ele>
        <time>2026-03-10T12:25:44.000Z</time>
        <extensions>
          <ns3:TrackPointExtension>
            <ns3:hr>160</ns3:hr>
            <ns3:cad>100</ns3:cad>
          </ns3:TrackPointExtension>
        </extensions>
      </trkpt>
      <trkpt lat="34.233764223754405975341796875" lon="108.9379330538213253021240234375">
        <ele>407.20001220703125</ele>
        <time>2026-03-10T12:25:45.000Z</time>
        <extensions>
          <ns3:TrackPointExtension>
            <ns3:hr>160</ns3:hr>
            <ns3:cad>100</ns3:cad>
          </ns3:TrackPointExtension>
        </extensions>
      </trkpt>
      <trkpt lat="34.2337967455387115478515625" lon="108.9379333890974521636962890625">
        <ele>407.20001220703125</ele>
        <time>2026-03-10T12:25:46.000Z</time>
        <extensions>
          <ns3:TrackPointExtension>
            <ns3:hr>160</ns3:hr>
            <ns3:cad>100</ns3:cad>
          </ns3:TrackPointExtension>
        </extensions>
      </trkpt>
      <trkpt lat="34.2338342964649200439453125" lon="108.9379317127168178558349609375">
        <ele>407.20001220703125</ele>
        <time>2026-03-10T12:25:47.000Z</time>
        <extensions>
          <ns3:TrackPointExtension>
            <ns3:hr>161</ns3:hr>
            <ns3:cad>100</ns3:cad>
          </ns3:TrackPointExtension>
        </extensions>
      </trkpt>
      <trkpt lat="34.2338716797530651092529296875" lon="108.93792911432683467864990234375">
        <ele>407.20001220703125</ele>
        <time>2026-03-10T12:25:48.000Z</time>
        <extensions>
          <ns3:TrackPointExtension>
            <ns3:hr>161</ns3:hr>
            <ns3:cad>100</ns3:cad>
          </ns3:TrackPointExtension>
        </extensions>
      </trkpt>
      <trkpt lat="34.23390059731900691986083984375" lon="108.93793162889778614044189453125">
        <ele>407.20001220703125</ele>
        <time>2026-03-10T12:25:49.000Z</time>
        <extensions>
          <ns3:TrackPointExtension>
            <ns3:hr>161</ns3:hr>
            <ns3:cad>100</ns3:cad>
          </ns3:TrackPointExtension>
        </extensions>
      </trkpt>
      <trkpt lat="34.23393412493169307708740234375" lon="108.93792710267007350921630859375">
        <ele>407.20001220703125</ele>
        <time>2026-03-10T12:25:50.000Z</time>
        <extensions>
          <ns3:TrackPointExtension>
            <ns3:hr>161</ns3:hr>
            <ns3:cad>101</ns3:cad>
          </ns3:TrackPointExtension>
        </extensions>
      </trkpt>
      <trkpt lat="34.2339710891246795654296875" lon="108.93792727030813694000244140625">
        <ele>407.20001220703125</ele>
        <time>2026-03-10T12:25:51.000Z</time>
        <extensions>
          <ns3:TrackPointExtension>
            <ns3:hr>161</ns3:hr>
            <ns3:cad>101</ns3:cad>
          </ns3:TrackPointExtension>
        </extensions>
      </trkpt>
      <trkpt lat="34.23400185070931911468505859375" lon="108.93793079070746898651123046875">
        <ele>407.20001220703125</ele>
        <time>2026-03-10T12:25:52.000Z</time>
        <extensions>
          <ns3:TrackPointExtension>
            <ns3:hr>161</ns3:hr>
            <ns3:cad>101</ns3:cad>
          </ns3:TrackPointExtension>
        </extensions>
      </trkpt>
      <trkpt lat="34.23403202556073665618896484375" lon="108.937929533421993255615234375">
        <ele>407.20001220703125</ele>
        <time>2026-03-10T12:25:53.000Z</time>
        <extensions>
          <ns3:TrackPointExtension>
            <ns3:hr>160</ns3:hr>
            <ns3:cad>101</ns3:cad>
          </ns3:TrackPointExtension>
        </extensions>
      </trkpt>
      <trkpt lat="34.234067983925342559814453125" lon="108.93792450428009033203125">
        <ele>407.20001220703125</ele>
        <time>2026-03-10T12:25:54.000Z</time>
        <extensions>
          <ns3:TrackPointExtension>
            <ns3:hr>161</ns3:hr>
            <ns3:cad>101</ns3:cad>
          </ns3:TrackPointExtension>
        </extensions>
      </trkpt>
      <trkpt lat="34.23410042189061641693115234375" lon="108.93792559392750263214111328125">
        <ele>407.20001220703125</ele>
        <time>2026-03-10T12:25:55.000Z</time>
        <extensions>
          <ns3:TrackPointExtension>
            <ns3:hr>161</ns3:hr>
            <ns3:cad>100</ns3:cad>
          </ns3:TrackPointExtension>
        </extensions>
      </trkpt>
      <trkpt lat="34.23413462005555629730224609375" lon="108.93792383372783660888671875">
        <ele>407.20001220703125</ele>
        <time>2026-03-10T12:25:56.000Z</time>
        <extensions>
          <ns3:TrackPointExtension>
            <ns3:hr>161</ns3:hr>
            <ns3:cad>100</ns3:cad>
          </ns3:TrackPointExtension>
        </extensions>
      </trkpt>
      <trkpt lat="34.2341700755059719085693359375" lon="108.9379216544330120086669921875">
        <ele>407.20001220703125</ele>
        <time>2026-03-10T12:25:57.000Z</time>
        <extensions>
          <ns3:TrackPointExtension>
            <ns3:hr>161</ns3:hr>
            <ns3:cad>100</ns3:cad>
          </ns3:TrackPointExtension>
        </extensions>
      </trkpt>
      <trkpt lat="34.2341992445290088653564453125" lon="108.93792173825204372406005859375">
        <ele>407.20001220703125</ele>
        <time>2026-03-10T12:25:58.000Z</time>
        <extensions>
          <ns3:TrackPointExtension>
            <ns3:hr>162</ns3:hr>
            <ns3:cad>100</ns3:cad>
          </ns3:TrackPointExtension>
        </extensions>
      </trkpt>
      <trkpt lat="34.23423503525555133819580078125" lon="108.9379172958433628082275390625">
        <ele>407.20001220703125</ele>
        <time>2026-03-10T12:25:59.000Z</time>
        <extensions>
          <ns3:TrackPointExtension>
            <ns3:hr>161</ns3:hr>
            <ns3:cad>101</ns3:cad>
          </ns3:TrackPointExtension>
        </extensions>
      </trkpt>
      <trkpt lat="34.2342706583440303802490234375" lon="108.93791570328176021575927734375">
        <ele>407.20001220703125</ele>
        <time>2026-03-10T12:26:00.000Z</time>
        <extensions>
          <ns3:TrackPointExtension>
            <ns3:hr>161</ns3:hr>
            <ns3:cad>101</ns3:cad>
          </ns3:TrackPointExtension>
        </extensions>
      </trkpt>
      <trkpt lat="34.23430041410028934478759765625" lon="108.93791578710079193115234375">
        <ele>407.20001220703125</ele>
        <time>2026-03-10T12:26:01.000Z</time>
        <extensions>
          <ns3:TrackPointExtension>
            <ns3:hr>161</ns3:hr>
            <ns3:cad>101</ns3:cad>
          </ns3:TrackPointExtension>
        </extensions>
      </trkpt>
      <trkpt lat="34.23433695919811725616455078125" lon="108.9379112608730792999267578125">
        <ele>407.20001220703125</ele>
        <time>2026-03-10T12:26:02.000Z</time>
        <extensions>
          <ns3:TrackPointExtension>
            <ns3:hr>161</ns3:hr>
            <ns3:cad>99</ns3:cad>
          </ns3:TrackPointExtension>
        </extensions>
      </trkpt>
      <trkpt lat="34.2343675531446933746337890625" lon="108.9379142783582210540771484375">
        <ele>407.20001220703125</ele>
        <time>2026-03-10T12:26:03.000Z</time>
        <extensions>
          <ns3:TrackPointExtension>
            <ns3:hr>162</ns3:hr>
            <ns3:cad>99</ns3:cad>
          </ns3:TrackPointExtension>
        </extensions>
      </trkpt>
      <trkpt lat="34.23440200276672840118408203125" lon="108.937914110720157623291015625">
        <ele>407.20001220703125</ele>
        <time>2026-03-10T12:26:04.000Z</time>
        <extensions>
          <ns3:TrackPointExtension>
            <ns3:hr>161</ns3:hr>
            <ns3:cad>99</ns3:cad>
          </ns3:TrackPointExtension>
        </extensions>
      </trkpt>
      <trkpt lat="34.23443846404552459716796875" lon="108.93791444599628448486328125">
        <ele>407.20001220703125</ele>
        <time>2026-03-10T12:26:05.000Z</time>
        <extensions>
          <ns3:TrackPointExtension>
            <ns3:hr>161</ns3:hr>
            <ns3:cad>98</ns3:cad>
          </ns3:TrackPointExtension>
        </extensions>
      </trkpt>
      <trkpt lat="34.23446972854435443878173828125" lon="108.9379099197685718536376953125">
        <ele>407.20001220703125</ele>
        <time>2026-03-10T12:26:06.000Z</time>
        <extensions>
          <ns3:TrackPointExtension>
            <ns3:hr>161</ns3:hr>
            <ns3:cad>98</ns3:cad>
          </ns3:TrackPointExtension>
        </extensions>
      </trkpt>
      <trkpt lat="34.2345046810805797576904296875" lon="108.93789692781865596771240234375">
        <ele>407.399993896484375</ele>
        <time>2026-03-10T12:26:07.000Z</time>
        <extensions>
          <ns3:TrackPointExtension>
            <ns3:hr>162</ns3:hr>
            <ns3:cad>98</ns3:cad>
          </ns3:TrackPointExtension>
        </extensions>
      </trkpt>
      <trkpt lat="34.23453678376972675323486328125" lon="108.9378827624022960662841796875">
        <ele>407.399993896484375</ele>
        <time>2026-03-10T12:26:08.000Z</time>
        <extensions>
          <ns3:TrackPointExtension>
            <ns3:hr>162</ns3:hr>
            <ns3:cad>98</ns3:cad>
          </ns3:TrackPointExtension>
        </extensions>
      </trkpt>
      <trkpt lat="34.2345673777163028717041015625" lon="108.9378695189952850341796875">
        <ele>407.399993896484375</ele>
        <time>2026-03-10T12:26:09.000Z</time>
        <extensions>
          <ns3:TrackPointExtension>
            <ns3:hr>162</ns3:hr>
            <ns3:cad>98</ns3:cad>
          </ns3:TrackPointExtension>
        </extensions>
      </trkpt>
      <trkpt lat="34.234601743519306182861328125" lon="108.93783875741064548492431640625">
        <ele>407.20001220703125</ele>
        <time>2026-03-10T12:26:10.000Z</time>
        <extensions>
          <ns3:TrackPointExtension>
            <ns3:hr>162</ns3:hr>
            <ns3:cad>98</ns3:cad>
          </ns3:TrackPointExtension>
        </extensions>
      </trkpt>
      <trkpt lat="34.2346357740461826324462890625" lon="108.93780925311148166656494140625">
        <ele>407.20001220703125</ele>
        <time>2026-03-10T12:26:11.000Z</time>
        <extensions>
          <ns3:TrackPointExtension>
            <ns3:hr>161</ns3:hr>
            <ns3:cad>98</ns3:cad>
          </ns3:TrackPointExtension>
        </extensions>
      </trkpt>
      <trkpt lat="34.2346669547259807586669921875" lon="108.93778595142066478729248046875">
        <ele>407.20001220703125</ele>
        <time>2026-03-10T12:26:12.000Z</time>
        <extensions>
          <ns3:TrackPointExtension>
            <ns3:hr>161</ns3:hr>
            <ns3:cad>98</ns3:cad>
          </ns3:TrackPointExtension>
        </extensions>
      </trkpt>
      <trkpt lat="34.23469302244484424591064453125" lon="108.93774907104671001434326171875">
        <ele>407.20001220703125</ele>
        <time>2026-03-10T12:26:13.000Z</time>
        <extensions>
          <ns3:TrackPointExtension>
            <ns3:hr>162</ns3:hr>
            <ns3:cad>98</ns3:cad>
          </ns3:TrackPointExtension>
        </extensions>
      </trkpt>
      <trkpt lat="34.23470961861312389373779296875" lon="108.93770665861666202545166015625">
        <ele>407.20001220703125</ele>
        <time>2026-03-10T12:26:14.000Z</time>
        <extensions>
          <ns3:TrackPointExtension>
            <ns3:hr>162</ns3:hr>
            <ns3:cad>99</ns3:cad>
          </ns3:TrackPointExtension>
        </extensions>
      </trkpt>
      <trkpt lat="34.2347316630184650421142578125" lon="108.93767547793686389923095703125">
        <ele>407.20001220703125</ele>
        <time>2026-03-10T12:26:15.000Z</time>
        <extensions>
          <ns3:TrackPointExtension>
            <ns3:hr>162</ns3:hr>
            <ns3:cad>101</ns3:cad>
          </ns3:TrackPointExtension>
        </extensions>
      </trkpt>
      <trkpt lat="34.23474683426320552825927734375" lon="108.93764086067676544189453125">
        <ele>407</ele>
        <time>2026-03-10T12:26:16.000Z</time>
        <extensions>
          <ns3:TrackPointExtension>
            <ns3:hr>162</ns3:hr>
            <ns3:cad>101</ns3:cad>
          </ns3:TrackPointExtension>
        </extensions>
      </trkpt>
      <trkpt lat="34.23475739546120166778564453125" lon="108.93759232945740222930908203125">
        <ele>407</ele>
        <time>2026-03-10T12:26:17.000Z</time>
        <extensions>
          <ns3:TrackPointExtension>
            <ns3:hr>162</ns3:hr>
            <ns3:cad>101</ns3:cad>
          </ns3:TrackPointExtension>
        </extensions>
      </trkpt>
      <trkpt lat="34.23477114178240299224853515625" lon="108.93755595199763774871826171875">
        <ele>407</ele>
        <time>2026-03-10T12:26:18.000Z</time>
        <extensions>
          <ns3:TrackPointExtension>
            <ns3:hr>162</ns3:hr>
            <ns3:cad>101</ns3:cad>
          </ns3:TrackPointExtension>
        </extensions>
      </trkpt>
      <trkpt lat="34.23477835021913051605224609375" lon="108.93751680850982666015625">
        <ele>407</ele>
        <time>2026-03-10T12:26:19.000Z</time>
        <extensions>
          <ns3:TrackPointExtension>
            <ns3:hr>162</ns3:hr>
            <ns3:cad>101</ns3:cad>
          </ns3:TrackPointExtension>
        </extensions>
      </trkpt>
      <trkpt lat="34.23477717675268650054931640625" lon="108.93746676854789257049560546875">
        <ele>407</ele>
        <time>2026-03-10T12:26:20.000Z</time>
        <extensions>
          <ns3:TrackPointExtension>
            <ns3:hr>162</ns3:hr>
            <ns3:cad>101</ns3:cad>
          </ns3:TrackPointExtension>
        </extensions>
      </trkpt>
      <trkpt lat="34.2347812838852405548095703125" lon="108.93742469139397144317626953125">
        <ele>407.20001220703125</ele>
        <time>2026-03-10T12:26:21.000Z</time>
        <extensions>
          <ns3:TrackPointExtension>
            <ns3:hr>163</ns3:hr>
            <ns3:cad>101</ns3:cad>
          </ns3:TrackPointExtension>
        </extensions>
      </trkpt>
      <trkpt lat="34.23477818258106708526611328125" lon="108.93738663755357265472412109375">
        <ele>407.20001220703125</ele>
        <time>2026-03-10T12:26:22.000Z</time>
        <extensions>
          <ns3:TrackPointExtension>
            <ns3:hr>163</ns3:hr>
            <ns3:cad>101</ns3:cad>
          </ns3:TrackPointExtension>
        </extensions>
      </trkpt>
      <trkpt lat="34.2347685433924198150634765625" lon="108.93734187819063663482666015625">
        <ele>407.20001220703125</ele>
        <time>2026-03-10T12:26:23.000Z</time>
        <extensions>
          <ns3:TrackPointExtension>
            <ns3:hr>163</ns3:hr>
            <ns3:cad>101</ns3:cad>
          </ns3:TrackPointExtension>
        </extensions>
      </trkpt>
      <trkpt lat="34.234759323298931121826171875" lon="108.93730013631284236907958984375">
        <ele>407.20001220703125</ele>
        <time>2026-03-10T12:26:24.000Z</time>
        <extensions>
          <ns3:TrackPointExtension>
            <ns3:hr>163</ns3:hr>
            <ns3:cad>101</ns3:cad>
          </ns3:TrackPointExtension>
        </extensions>
      </trkpt>
      <trkpt lat="34.23474800772964954376220703125" lon="108.937265016138553619384765625">
        <ele>407.20001220703125</ele>
        <time>2026-03-10T12:26:25.000Z</time>
        <extensions>
          <ns3:TrackPointExtension>
            <ns3:hr>164</ns3:hr>
            <ns3:cad>101</ns3:cad>
          </ns3:TrackPointExtension>
        </extensions>
      </trkpt>
      <trkpt lat="34.2347273044288158416748046875" lon="108.9372257888317108154296875">
        <ele>407.20001220703125</ele>
        <time>2026-03-10T12:26:26.000Z</time>
        <extensions>
          <ns3:TrackPointExtension>
            <ns3:hr>164</ns3:hr>
            <ns3:cad>101</ns3:cad>
          </ns3:TrackPointExtension>
        </extensions>
      </trkpt>
      <trkpt lat="34.2346998117864131927490234375" lon="108.93718631006777286529541015625">
        <ele>407.20001220703125</ele>
        <time>2026-03-10T12:26:27.000Z</time>
        <extensions>
          <ns3:TrackPointExtension>
            <ns3:hr>164</ns3:hr>
            <ns3:cad>101</ns3:cad>
          </ns3:TrackPointExtension>
        </extensions>
      </trkpt>
      <trkpt lat="34.2346719838678836822509765625" lon="108.937158398330211639404296875">
        <ele>407.20001220703125</ele>
        <time>2026-03-10T12:26:28.000Z</time>
        <extensions>
          <ns3:TrackPointExtension>
            <ns3:hr>164</ns3:hr>
            <ns3:cad>101</ns3:cad>
          </ns3:TrackPointExtension>
        </extensions>
      </trkpt>
      <trkpt lat="34.23464088700711727142333984375" lon="108.9371345937252044677734375">
        <ele>407.20001220703125</ele>
        <time>2026-03-10T12:26:29.000Z</time>
        <extensions>
          <ns3:TrackPointExtension>
            <ns3:hr>164</ns3:hr>
            <ns3:cad>101</ns3:cad>
          </ns3:TrackPointExtension>
        </extensions>
      </trkpt>
      <trkpt lat="34.2346042580902576446533203125" lon="108.937108106911182403564453125">
        <ele>407.20001220703125</ele>
        <time>2026-03-10T12:26:30.000Z</time>
        <extensions>
          <ns3:TrackPointExtension>
            <ns3:hr>164</ns3:hr>
            <ns3:cad>101</ns3:cad>
          </ns3:TrackPointExtension>
        </extensions>
      </trkpt>
      <trkpt lat="34.23457601107656955718994140625" lon="108.9370811171829700469970703125">
        <ele>407.20001220703125</ele>
        <time>2026-03-10T12:26:31.000Z</time>
        <extensions>
          <ns3:TrackPointExtension>
            <ns3:hr>165</ns3:hr>
            <ns3:cad>101</ns3:cad>
          </ns3:TrackPointExtension>
        </extensions>
      </trkpt>
      <trkpt lat="34.2345445789396762847900390625" lon="108.937067203223705291748046875">
        <ele>407.20001220703125</ele>
        <time>2026-03-10T12:26:32.000Z</time>
        <extensions>
          <ns3:TrackPointExtension>
            <ns3:hr>165</ns3:hr>
            <ns3:cad>101</ns3:cad>
          </ns3:TrackPointExtension>
        </extensions>
      </trkpt>
      <trkpt lat="34.23450778238475322723388671875" lon="108.937058486044406890869140625">
        <ele>407.20001220703125</ele>
        <time>2026-03-10T12:26:33.000Z</time>
        <extensions>
          <ns3:TrackPointExtension>
            <ns3:hr>165</ns3:hr>
            <ns3:cad>101</ns3:cad>
          </ns3:TrackPointExtension>
        </extensions>
      </trkpt>
      <trkpt lat="34.234475679695606231689453125" lon="108.937047421932220458984375">
        <ele>407</ele>
        <time>2026-03-10T12:26:34.000Z</time>
        <extensions>
          <ns3:TrackPointExtension>
            <ns3:hr>165</ns3:hr>
            <ns3:cad>101</ns3:cad>
          </ns3:TrackPointExtension>
        </extensions>
      </trkpt>
      <trkpt lat="34.23444391228258609771728515625" lon="108.93704834394156932830810546875">
        <ele>407</ele>
        <time>2026-03-10T12:26:35.000Z</time>
        <extensions>
          <ns3:TrackPointExtension>
            <ns3:hr>165</ns3:hr>
            <ns3:cad>94</ns3:cad>
          </ns3:TrackPointExtension>
        </extensions>
      </trkpt>
      <trkpt lat="34.2344054393470287322998046875" lon="108.93705203197896480560302734375">
        <ele>407.20001220703125</ele>
        <time>2026-03-10T12:26:36.000Z</time>
        <extensions>
          <ns3:TrackPointExtension>
            <ns3:hr>166</ns3:hr>
            <ns3:cad>94</ns3:cad>
          </ns3:TrackPointExtension>
        </extensions>
      </trkpt>
      <trkpt lat="34.2343769408762454986572265625" lon="108.9370487630367279052734375">
        <ele>407.20001220703125</ele>
        <time>2026-03-10T12:26:37.000Z</time>
        <extensions>
          <ns3:TrackPointExtension>
            <ns3:hr>165</ns3:hr>
            <ns3:cad>101</ns3:cad>
          </ns3:TrackPointExtension>
        </extensions>
      </trkpt>
      <trkpt lat="34.23434651456773281097412109375" lon="108.93705479800701141357421875">
        <ele>407.20001220703125</ele>
        <time>2026-03-10T12:26:38.000Z</time>
        <extensions>
          <ns3:TrackPointExtension>
            <ns3:hr>166</ns3:hr>
            <ns3:cad>101</ns3:cad>
          </ns3:TrackPointExtension>
        </extensions>
      </trkpt>
      <trkpt lat="34.23430745489895343780517578125" lon="108.93706343136727809906005859375">
        <ele>407.20001220703125</ele>
        <time>2026-03-10T12:26:39.000Z</time>
        <extensions>
          <ns3:TrackPointExtension>
            <ns3:hr>166</ns3:hr>
            <ns3:cad>101</ns3:cad>
          </ns3:TrackPointExtension>
        </extensions>
      </trkpt>
      <trkpt lat="34.234277866780757904052734375" lon="108.93705345690250396728515625">
        <ele>407.20001220703125</ele>
        <time>2026-03-10T12:26:40.000Z</time>
        <extensions>
          <ns3:TrackPointExtension>
            <ns3:hr>166</ns3:hr>
            <ns3:cad>101</ns3:cad>
          </ns3:TrackPointExtension>
        </extensions>
      </trkpt>
      <trkpt lat="34.23424065113067626953125" lon="108.93705404363572597503662109375">
        <ele>407.20001220703125</ele>
        <time>2026-03-10T12:26:41.000Z</time>
        <extensions>
          <ns3:TrackPointExtension>
            <ns3:hr>166</ns3:hr>
            <ns3:cad>100</ns3:cad>
          </ns3:TrackPointExtension>
        </extensions>
      </trkpt>
      <trkpt lat="34.23420536331832408905029296875" lon="108.9370522834360599517822265625">
        <ele>407.20001220703125</ele>
        <time>2026-03-10T12:26:42.000Z</time>
        <extensions>
          <ns3:TrackPointExtension>
            <ns3:hr>166</ns3:hr>
            <ns3:cad>99</ns3:cad>
          </ns3:TrackPointExtension>
        </extensions>
      </trkpt>
      <trkpt lat="34.23417560756206512451171875" lon="108.93704700283706188201904296875">
        <ele>407.20001220703125</ele>
        <time>2026-03-10T12:26:43.000Z</time>
        <extensions>
          <ns3:TrackPointExtension>
            <ns3:hr>166</ns3:hr>
            <ns3:cad>99</ns3:cad>
          </ns3:TrackPointExtension>
        </extensions>
      </trkpt>
      <trkpt lat="34.2341372184455394744873046875" lon="108.93705270253121852874755859375">
        <ele>407.20001220703125</ele>
        <time>2026-03-10T12:26:44.000Z</time>
        <extensions>
          <ns3:TrackPointExtension>
            <ns3:hr>166</ns3:hr>
            <ns3:cad>99</ns3:cad>
          </ns3:TrackPointExtension>
        </extensions>
      </trkpt>
      <trkpt lat="34.234101511538028717041015625" lon="108.93705404363572597503662109375">
        <ele>407.20001220703125</ele>
        <time>2026-03-10T12:26:45.000Z</time>
        <extensions>
          <ns3:TrackPointExtension>
            <ns3:hr>165</ns3:hr>
            <ns3:cad>100</ns3:cad>
          </ns3:TrackPointExtension>
        </extensions>
      </trkpt>
      <trkpt lat="34.2340756952762603759765625" lon="108.93704918213188648223876953125">
        <ele>407.20001220703125</ele>
        <time>2026-03-10T12:26:46.000Z</time>
        <extensions>
          <ns3:TrackPointExtension>
            <ns3:hr>165</ns3:hr>
            <ns3:cad>100</ns3:cad>
          </ns3:TrackPointExtension>
        </extensions>
      </trkpt>
      <trkpt lat="34.23404308967292308807373046875" lon="108.9370579831302165985107421875">
        <ele>407.399993896484375</ele>
        <time>2026-03-10T12:26:47.000Z</time>
        <extensions>
          <ns3:TrackPointExtension>
            <ns3:hr>165</ns3:hr>
            <ns3:cad>100</ns3:cad>
          </ns3:TrackPointExtension>
        </extensions>
      </trkpt>
      <trkpt lat="34.23401090316474437713623046875" lon="108.9370616711676120758056640625">
        <ele>407.399993896484375</ele>
        <time>2026-03-10T12:26:48.000Z</time>
        <extensions>
          <ns3:TrackPointExtension>
            <ns3:hr>165</ns3:hr>
            <ns3:cad>99</ns3:cad>
          </ns3:TrackPointExtension>
        </extensions>
      </trkpt>
      <trkpt lat="34.233985505998134613037109375" lon="108.937060832977294921875">
        <ele>407.20001220703125</ele>
        <time>2026-03-10T12:26:49.000Z</time>
        <extensions>
          <ns3:TrackPointExtension>
            <ns3:hr>165</ns3:hr>
            <ns3:cad>99</ns3:cad>
          </ns3:TrackPointExtension>
        </extensions>
      </trkpt>
      <trkpt lat="34.2339461110532283782958984375" lon="108.93706879578530788421630859375">
        <ele>407.20001220703125</ele>
        <time>2026-03-10T12:26:50.000Z</time>
        <extensions>
          <ns3:TrackPointExtension>
            <ns3:hr>165</ns3:hr>
            <ns3:cad>99</ns3:cad>
          </ns3:TrackPointExtension>
        </extensions>
      </trkpt>
      <trkpt lat="34.23391082324087619781494140625" lon="108.93706862814724445343017578125">
        <ele>407.20001220703125</ele>
        <time>2026-03-10T12:26:51.000Z</time>
        <extensions>
          <ns3:TrackPointExtension>
            <ns3:hr>164</ns3:hr>
            <ns3:cad>100</ns3:cad>
          </ns3:TrackPointExtension>
        </extensions>
      </trkpt>
      <trkpt lat="34.23388433642685413360595703125" lon="108.93706611357629299163818359375">
        <ele>407.20001220703125</ele>
        <time>2026-03-10T12:26:52.000Z</time>
        <extensions>
          <ns3:TrackPointExtension>
            <ns3:hr>165</ns3:hr>
            <ns3:cad>100</ns3:cad>
          </ns3:TrackPointExtension>
        </extensions>
      </trkpt>
      <trkpt lat="34.23384703695774078369140625" lon="108.9370702207088470458984375">
        <ele>407.20001220703125</ele>
        <time>2026-03-10T12:26:53.000Z</time>
        <extensions>
          <ns3:TrackPointExtension>
            <ns3:hr>165</ns3:hr>
            <ns3:cad>100</ns3:cad>
          </ns3:TrackPointExtension>
        </extensions>
      </trkpt>
      <trkpt lat="34.23381526954472064971923828125" lon="108.93707198090851306915283203125">
        <ele>407.20001220703125</ele>
        <time>2026-03-10T12:26:54.000Z</time>
        <extensions>
          <ns3:TrackPointExtension>
            <ns3:hr>164</ns3:hr>
            <ns3:cad>100</ns3:cad>
          </ns3:TrackPointExtension>
        </extensions>
      </trkpt>
      <trkpt lat="34.23378978855907917022705078125" lon="108.9370636828243732452392578125">
        <ele>407.20001220703125</ele>
        <time>2026-03-10T12:26:55.000Z</time>
        <extensions>
          <ns3:TrackPointExtension>
            <ns3:hr>164</ns3:hr>
            <ns3:cad>99</ns3:cad>
          </ns3:TrackPointExtension>
        </extensions>
      </trkpt>
      <trkpt lat="34.2337523214519023895263671875" lon="108.93706074915826320648193359375">
        <ele>407.20001220703125</ele>
        <time>2026-03-10T12:26:56.000Z</time>
        <extensions>
          <ns3:TrackPointExtension>
            <ns3:hr>164</ns3:hr>
            <ns3:cad>99</ns3:cad>
          </ns3:TrackPointExtension>
        </extensions>
      </trkpt>
      <trkpt lat="34.23372021876275539398193359375" lon="108.93705957569181919097900390625">
        <ele>407</ele>
        <time>2026-03-10T12:26:57.000Z</time>
        <extensions>
          <ns3:TrackPointExtension>
            <ns3:hr>164</ns3:hr>
            <ns3:cad>99</ns3:cad>
          </ns3:TrackPointExtension>
        </extensions>
      </trkpt>
      <trkpt lat="34.23369138501584529876708984375" lon="108.937056474387645721435546875">
        <ele>407</ele>
        <time>2026-03-10T12:26:58.000Z</time>
        <extensions>
          <ns3:TrackPointExtension>
            <ns3:hr>165</ns3:hr>
            <ns3:cad>100</ns3:cad>
          </ns3:TrackPointExtension>
        </extensions>
      </trkpt>
      <trkpt lat="34.23365232534706592559814453125" lon="108.9370594918727874755859375">
        <ele>407</ele>
        <time>2026-03-10T12:26:59.000Z</time>
        <extensions>
          <ns3:TrackPointExtension>
            <ns3:hr>164</ns3:hr>
            <ns3:cad>100</ns3:cad>
          </ns3:TrackPointExtension>
        </extensions>
      </trkpt>
      <trkpt lat="34.23361930064857006072998046875" lon="108.9370656944811344146728515625">
        <ele>407.20001220703125</ele>
        <time>2026-03-10T12:27:00.000Z</time>
        <extensions>
          <ns3:TrackPointExtension>
            <ns3:hr>164</ns3:hr>
            <ns3:cad>100</ns3:cad>
          </ns3:TrackPointExtension>
        </extensions>
      </trkpt>
      <trkpt lat="34.23359356820583343505859375" lon="108.93705890513956546783447265625">
        <ele>407.20001220703125</ele>
        <time>2026-03-10T12:27:01.000Z</time>
        <extensions>
          <ns3:TrackPointExtension>
            <ns3:hr>164</ns3:hr>
            <ns3:cad>100</ns3:cad>
          </ns3:TrackPointExtension>
        </extensions>
      </trkpt>
      <trkpt lat="34.23355911858379840850830078125" lon="108.93706695176661014556884765625">
        <ele>407.20001220703125</ele>
        <time>2026-03-10T12:27:02.000Z</time>
        <extensions>
          <ns3:TrackPointExtension>
            <ns3:hr>165</ns3:hr>
            <ns3:cad>100</ns3:cad>
          </ns3:TrackPointExtension>
        </extensions>
      </trkpt>
      <trkpt lat="34.2335266806185245513916015625" lon="108.9370814524590969085693359375">
        <ele>407.20001220703125</ele>
        <time>2026-03-10T12:27:03.000Z</time>
        <extensions>
          <ns3:TrackPointExtension>
            <ns3:hr>164</ns3:hr>
            <ns3:cad>100</ns3:cad>
          </ns3:TrackPointExtension>
        </extensions>
      </trkpt>
      <trkpt lat="34.23349994234740734100341796875" lon="108.9370916783809661865234375">
        <ele>407.20001220703125</ele>
        <time>2026-03-10T12:27:04.000Z</time>
        <extensions>
          <ns3:TrackPointExtension>
            <ns3:hr>164</ns3:hr>
            <ns3:cad>100</ns3:cad>
          </ns3:TrackPointExtension>
        </extensions>
      </trkpt>
      <trkpt lat="34.2334646545350551605224609375" lon="108.93711606971919536590576171875">
        <ele>407.20001220703125</ele>
        <time>2026-03-10T12:27:05.000Z</time>
        <extensions>
          <ns3:TrackPointExtension>
            <ns3:hr>164</ns3:hr>
            <ns3:cad>100</ns3:cad>
          </ns3:TrackPointExtension>
        </extensions>
      </trkpt>
      <trkpt lat="34.23343992792069911956787109375" lon="108.937136270105838775634765625">
        <ele>407.20001220703125</ele>
        <time>2026-03-10T12:27:06.000Z</time>
        <extensions>
          <ns3:TrackPointExtension>
            <ns3:hr>164</ns3:hr>
            <ns3:cad>100</ns3:cad>
          </ns3:TrackPointExtension>
        </extensions>
      </trkpt>
      <trkpt lat="34.23341981135308742523193359375" lon="108.937157057225704193115234375">
        <ele>407.20001220703125</ele>
        <time>2026-03-10T12:27:07.000Z</time>
        <extensions>
          <ns3:TrackPointExtension>
            <ns3:hr>164</ns3:hr>
            <ns3:cad>100</ns3:cad>
          </ns3:TrackPointExtension>
        </extensions>
      </trkpt>
      <trkpt lat="34.23339240252971649169921875" lon="108.93719452433288097381591796875">
        <ele>407.20001220703125</ele>
        <time>2026-03-10T12:27:08.000Z</time>
        <extensions>
          <ns3:TrackPointExtension>
            <ns3:hr>164</ns3:hr>
            <ns3:cad>100</ns3:cad>
          </ns3:TrackPointExtension>
        </extensions>
      </trkpt>
      <trkpt lat="34.23337220214307308197021484375" lon="108.93722184933722019195556640625">
        <ele>407.20001220703125</ele>
        <time>2026-03-10T12:27:09.000Z</time>
        <extensions>
          <ns3:TrackPointExtension>
            <ns3:hr>164</ns3:hr>
            <ns3:cad>100</ns3:cad>
          </ns3:TrackPointExtension>
        </extensions>
      </trkpt>
      <trkpt lat="34.2333543486893177032470703125" lon="108.9372527785599231719970703125">
        <ele>407.20001220703125</ele>
        <time>2026-03-10T12:27:10.000Z</time>
        <extensions>
          <ns3:TrackPointExtension>
            <ns3:hr>164</ns3:hr>
            <ns3:cad>99</ns3:cad>
          </ns3:TrackPointExtension>
        </extensions>
      </trkpt>
      <trkpt lat="34.23333599232137203216552734375" lon="108.9372926764190196990966796875">
        <ele>407.20001220703125</ele>
        <time>2026-03-10T12:27:11.000Z</time>
        <extensions>
          <ns3:TrackPointExtension>
            <ns3:hr>164</ns3:hr>
            <ns3:cad>99</ns3:cad>
          </ns3:TrackPointExtension>
        </extensions>
      </trkpt>
      <trkpt lat="34.23331755213439464569091796875" lon="108.93731974996626377105712890625">
        <ele>407.20001220703125</ele>
        <time>2026-03-10T12:27:12.000Z</time>
        <extensions>
          <ns3:TrackPointExtension>
            <ns3:hr>164</ns3:hr>
            <ns3:cad>99</ns3:cad>
          </ns3:TrackPointExtension>
        </extensions>
      </trkpt>
      <trkpt lat="34.233308918774127960205078125" lon="108.93735679797828197479248046875">
        <ele>407.20001220703125</ele>
        <time>2026-03-10T12:27:13.000Z</time>
        <extensions>
          <ns3:TrackPointExtension>
            <ns3:hr>165</ns3:hr>
            <ns3:cad>99</ns3:cad>
          </ns3:TrackPointExtension>
        </extensions>
      </trkpt>
      <trkpt lat="34.2332996986806392669677734375" lon="108.93740340135991573333740234375">
        <ele>407.20001220703125</ele>
        <time>2026-03-10T12:27:14.000Z</time>
        <extensions>
          <ns3:TrackPointExtension>
            <ns3:hr>165</ns3:hr>
            <ns3:cad>99</ns3:cad>
          </ns3:TrackPointExtension>
        </extensions>
      </trkpt>
      <trkpt lat="34.23328553326427936553955078125" lon="108.9374388568103313446044921875">
        <ele>407.20001220703125</ele>
        <time>2026-03-10T12:27:15.000Z</time>
        <extensions>
          <ns3:TrackPointExtension>
            <ns3:hr>165</ns3:hr>
            <ns3:cad>99</ns3:cad>
          </ns3:TrackPointExtension>
        </extensions>
      </trkpt>
      <trkpt lat="34.2332849465310573577880859375" lon="108.93748051486909389495849609375">
        <ele>407.20001220703125</ele>
        <time>2026-03-10T12:27:16.000Z</time>
        <extensions>
          <ns3:TrackPointExtension>
            <ns3:hr>165</ns3:hr>
            <ns3:cad>99</ns3:cad>
          </ns3:TrackPointExtension>
        </extensions>
      </trkpt>
      <trkpt lat="34.23328519798815250396728515625" lon="108.93752778880298137664794921875">
        <ele>407.20001220703125</ele>
        <time>2026-03-10T12:27:17.000Z</time>
        <extensions>
          <ns3:TrackPointExtension>
            <ns3:hr>166</ns3:hr>
            <ns3:cad>98</ns3:cad>
          </ns3:TrackPointExtension>
        </extensions>
      </trkpt>
      <trkpt lat="34.23328016884624958038330078125" lon="108.93756014294922351837158203125">
        <ele>407.20001220703125</ele>
        <time>2026-03-10T12:27:18.000Z</time>
        <extensions>
          <ns3:TrackPointExtension>
            <ns3:hr>165</ns3:hr>
            <ns3:cad>98</ns3:cad>
          </ns3:TrackPointExtension>
        </extensions>
      </trkpt>
      <trkpt lat="34.23328645527362823486328125" lon="108.9375987835228443145751953125">
        <ele>407.20001220703125</ele>
        <time>2026-03-10T12:27:19.000Z</time>
        <extensions>
          <ns3:TrackPointExtension>
            <ns3:hr>165</ns3:hr>
            <ns3:cad>98</ns3:cad>
          </ns3:TrackPointExtension>
        </extensions>
      </trkpt>
      <trkpt lat="34.23330078832805156707763671875" lon="108.93764077685773372650146484375">
        <ele>407.20001220703125</ele>
        <time>2026-03-10T12:27:20.000Z</time>
        <extensions>
          <ns3:TrackPointExtension>
            <ns3:hr>165</ns3:hr>
            <ns3:cad>98</ns3:cad>
          </ns3:TrackPointExtension>
        </extensions>
      </trkpt>
      <trkpt lat="34.23330849967896938323974609375" lon="108.9376718737185001373291015625">
        <ele>407.20001220703125</ele>
        <time>2026-03-10T12:27:21.000Z</time>
        <extensions>
          <ns3:TrackPointExtension>
            <ns3:hr>165</ns3:hr>
            <ns3:cad>98</ns3:cad>
          </ns3:TrackPointExtension>
        </extensions>
      </trkpt>
      <trkpt lat="34.23332677222788333892822265625" lon="108.93770833499729633331298828125">
        <ele>407.20001220703125</ele>
        <time>2026-03-10T12:27:22.000Z</time>
        <extensions>
          <ns3:TrackPointExtension>
            <ns3:hr>165</ns3:hr>
            <ns3:cad>100</ns3:cad>
          </ns3:TrackPointExtension>
        </extensions>
      </trkpt>
      <trkpt lat="34.23334923572838306427001953125" lon="108.93774420954287052154541015625">
        <ele>407.20001220703125</ele>
        <time>2026-03-10T12:27:23.000Z</time>
        <extensions>
          <ns3:TrackPointExtension>
            <ns3:hr>165</ns3:hr>
            <ns3:cad>100</ns3:cad>
          </ns3:TrackPointExtension>
        </extensions>
      </trkpt>
      <trkpt lat="34.23336197622120380401611328125" lon="108.93777354620397090911865234375">
        <ele>407.20001220703125</ele>
        <time>2026-03-10T12:27:24.000Z</time>
        <extensions>
          <ns3:TrackPointExtension>
            <ns3:hr>165</ns3:hr>
            <ns3:cad>100</ns3:cad>
          </ns3:TrackPointExtension>
        </extensions>
      </trkpt>
      <trkpt lat="34.2333905585110187530517578125" lon="108.937802128493785858154296875">
        <ele>407.20001220703125</ele>
        <time>2026-03-10T12:27:25.000Z</time>
        <extensions>
          <ns3:TrackPointExtension>
            <ns3:hr>165</ns3:hr>
            <ns3:cad>100</ns3:cad>
          </ns3:TrackPointExtension>
        </extensions>
      </trkpt>
      <trkpt lat="34.2334146983921527862548828125" lon="108.937828950583934783935546875">
        <ele>407.20001220703125</ele>
        <time>2026-03-10T12:27:26.000Z</time>
        <extensions>
          <ns3:TrackPointExtension>
            <ns3:hr>165</ns3:hr>
            <ns3:cad>99</ns3:cad>
          </ns3:TrackPointExtension>
        </extensions>
      </trkpt>
      <trkpt lat="34.23343657515943050384521484375" lon="108.93784848041832447052001953125">
        <ele>407.20001220703125</ele>
        <time>2026-03-10T12:27:27.000Z</time>
        <extensions>
          <ns3:TrackPointExtension>
            <ns3:hr>165</ns3:hr>
            <ns3:cad>98</ns3:cad>
          </ns3:TrackPointExtension>
        </extensions>
      </trkpt>
      <trkpt lat="34.23347412608563899993896484375" lon="108.93787027336657047271728515625">
        <ele>407.20001220703125</ele>
        <time>2026-03-10T12:27:28.000Z</time>
        <extensions>
          <ns3:TrackPointExtension>
            <ns3:hr>165</ns3:hr>
            <ns3:cad>99</ns3:cad>
          </ns3:TrackPointExtension>
        </extensions>
      </trkpt>
      <trkpt lat="34.23350178636610507965087890625" lon="108.93788770772516727447509765625">
        <ele>407</ele>
        <time>2026-03-10T12:27:29.000Z</time>
        <extensions>
          <ns3:TrackPointExtension>
            <ns3:hr>165</ns3:hr>
            <ns3:cad>99</ns3:cad>
          </ns3:TrackPointExtension>
        </extensions>
      </trkpt>
      <trkpt lat="34.2335296981036663055419921875" lon="108.93790028057992458343505859375">
        <ele>407</ele>
        <time>2026-03-10T12:27:30.000Z</time>
        <extensions>
          <ns3:TrackPointExtension>
            <ns3:hr>165</ns3:hr>
            <ns3:cad>99</ns3:cad>
          </ns3:TrackPointExtension>
        </extensions>
      </trkpt>
      <trkpt lat="34.2335687577724456787109375" lon="108.93791369162499904632568359375">
        <ele>407</ele>
        <time>2026-03-10T12:27:31.000Z</time>
        <extensions>
          <ns3:TrackPointExtension>
            <ns3:hr>164</ns3:hr>
            <ns3:cad>99</ns3:cad>
          </ns3:TrackPointExtension>
        </extensions>
      </trkpt>
      <trkpt lat="34.233599938452243804931640625" lon="108.93792257644236087799072265625">
        <ele>407</ele>
        <time>2026-03-10T12:27:32.000Z</time>
        <extensions>
          <ns3:TrackPointExtension>
            <ns3:hr>164</ns3:hr>
            <ns3:cad>99</ns3:cad>
          </ns3:TrackPointExtension>
        </extensions>
      </trkpt>
      <trkpt lat="34.23362885601818561553955078125" lon="108.93793112598359584808349609375">
        <ele>407</ele>
        <time>2026-03-10T12:27:33.000Z</time>
        <extensions>
          <ns3:TrackPointExtension>
            <ns3:hr>164</ns3:hr>
            <ns3:cad>99</ns3:cad>
          </ns3:TrackPointExtension>
        </extensions>
      </trkpt>
      <trkpt lat="34.2336701788008213043212890625" lon="108.937938921153545379638671875">
        <ele>407.20001220703125</ele>
        <time>2026-03-10T12:27:34.000Z</time>
        <extensions>
          <ns3:TrackPointExtension>
            <ns3:hr>164</ns3:hr>
            <ns3:cad>99</ns3:cad>
          </ns3:TrackPointExtension>
        </extensions>
      </trkpt>
      <trkpt lat="34.233699180185794830322265625" lon="108.9379464648663997650146484375">
        <ele>407.20001220703125</ele>
        <time>2026-03-10T12:27:35.000Z</time>
        <extensions>
          <ns3:TrackPointExtension>
            <ns3:hr>164</ns3:hr>
            <ns3:cad>99</ns3:cad>
          </ns3:TrackPointExtension>
        </extensions>
      </trkpt>
      <trkpt lat="34.23372977413237094879150390625" lon="108.93795073963701725006103515625">
        <ele>407</ele>
        <time>2026-03-10T12:27:36.000Z</time>
        <extensions>
          <ns3:TrackPointExtension>
            <ns3:hr>163</ns3:hr>
            <ns3:cad>99</ns3:cad>
          </ns3:TrackPointExtension>
        </extensions>
      </trkpt>
      <trkpt lat="34.2337670736014842987060546875" lon="108.93795308656990528106689453125">
        <ele>407.20001220703125</ele>
        <time>2026-03-10T12:27:37.000Z</time>
        <extensions>
          <ns3:TrackPointExtension>
            <ns3:hr>164</ns3:hr>
            <ns3:cad>99</ns3:cad>
          </ns3:TrackPointExtension>
        </extensions>
      </trkpt>
      <trkpt lat="34.2337955720722675323486328125" lon="108.937954343855381011962890625">
        <ele>407.20001220703125</ele>
        <time>2026-03-10T12:27:38.000Z</time>
        <extensions>
          <ns3:TrackPointExtension>
            <ns3:hr>164</ns3:hr>
            <ns3:cad>99</ns3:cad>
          </ns3:TrackPointExtension>
        </extensions>
      </trkpt>
      <trkpt lat="34.23382717184722423553466796875" lon="108.9379518292844295501708984375">
        <ele>407</ele>
        <time>2026-03-10T12:27:39.000Z</time>
        <extensions>
          <ns3:TrackPointExtension>
            <ns3:hr>163</ns3:hr>
            <ns3:cad>100</ns3:cad>
          </ns3:TrackPointExtension>
        </extensions>
      </trkpt>
      <trkpt lat="34.23386472277343273162841796875" lon="108.93795241601765155792236328125">
        <ele>407.20001220703125</ele>
        <time>2026-03-10T12:27:40.000Z</time>
        <extensions>
          <ns3:TrackPointExtension>
            <ns3:hr>164</ns3:hr>
            <ns3:cad>100</ns3:cad>
          </ns3:TrackPointExtension>
        </extensions>
      </trkpt>
      <trkpt lat="34.233894310891628265380859375" lon="108.93795576877892017364501953125">
        <ele>407.20001220703125</ele>
        <time>2026-03-10T12:27:41.000Z</time>
        <extensions>
          <ns3:TrackPointExtension>
            <ns3:hr>164</ns3:hr>
            <ns3:cad>100</ns3:cad>
          </ns3:TrackPointExtension>
        </extensions>
      </trkpt>
      <trkpt lat="34.23392674885690212249755859375" lon="108.937957026064395904541015625">
        <ele>407.20001220703125</ele>
        <time>2026-03-10T12:27:42.000Z</time>
        <extensions>
          <ns3:TrackPointExtension>
            <ns3:hr>163</ns3:hr>
            <ns3:cad>100</ns3:cad>
          </ns3:TrackPointExtension>
        </extensions>
      </trkpt>
      <trkpt lat="34.23396295867860317230224609375" lon="108.93795342184603214263916015625">
        <ele>407.20001220703125</ele>
        <time>2026-03-10T12:27:43.000Z</time>
        <extensions>
          <ns3:TrackPointExtension>
            <ns3:hr>163</ns3:hr>
            <ns3:cad>100</ns3:cad>
          </ns3:TrackPointExtension>
        </extensions>
      </trkpt>
      <trkpt lat="34.2339917086064815521240234375" lon="108.9379558525979518890380859375">
        <ele>407.20001220703125</ele>
        <time>2026-03-10T12:27:44.000Z</time>
        <extensions>
          <ns3:TrackPointExtension>
            <ns3:hr>163</ns3:hr>
            <ns3:cad>100</ns3:cad>
          </ns3:TrackPointExtension>
        </extensions>
      </trkpt>
      <trkpt lat="34.23402364365756511688232421875" lon="108.937953002750873565673828125">
        <ele>407.20001220703125</ele>
        <time>2026-03-10T12:27:45.000Z</time>
        <extensions>
          <ns3:TrackPointExtension>
            <ns3:hr>164</ns3:hr>
            <ns3:cad>100</ns3:cad>
          </ns3:TrackPointExtension>
        </extensions>
      </trkpt>
      <trkpt lat="34.23405901528894901275634765625" lon="108.93795191310346126556396484375">
        <ele>407.20001220703125</ele>
        <time>2026-03-10T12:27:46.000Z</time>
        <extensions>
          <ns3:TrackPointExtension>
            <ns3:hr>163</ns3:hr>
            <ns3:cad>100</ns3:cad>
          </ns3:TrackPointExtension>
        </extensions>
      </trkpt>
      <trkpt lat="34.23408634029328823089599609375" lon="108.93795392476022243499755859375">
        <ele>407.20001220703125</ele>
        <time>2026-03-10T12:27:47.000Z</time>
        <extensions>
          <ns3:TrackPointExtension>
            <ns3:hr>163</ns3:hr>
            <ns3:cad>99</ns3:cad>
          </ns3:TrackPointExtension>
        </extensions>
      </trkpt>
      <trkpt lat="34.23411634750664234161376953125" lon="108.93794906325638294219970703125">
        <ele>407.20001220703125</ele>
        <time>2026-03-10T12:27:48.000Z</time>
        <extensions>
          <ns3:TrackPointExtension>
            <ns3:hr>164</ns3:hr>
            <ns3:cad>98</ns3:cad>
          </ns3:TrackPointExtension>
        </extensions>
      </trkpt>
      <trkpt lat="34.2341516353189945220947265625" lon="108.937944956123828887939453125">
        <ele>407</ele>
        <time>2026-03-10T12:27:49.000Z</time>
        <extensions>
          <ns3:TrackPointExtension>
            <ns3:hr>164</ns3:hr>
            <ns3:cad>99</ns3:cad>
          </ns3:TrackPointExtension>
        </extensions>
      </trkpt>
      <trkpt lat="34.2341858334839344024658203125" lon="108.9379488117992877960205078125">
        <ele>407</ele>
        <time>2026-03-10T12:27:50.000Z</time>
        <extensions>
          <ns3:TrackPointExtension>
            <ns3:hr>164</ns3:hr>
            <ns3:cad>99</ns3:cad>
          </ns3:TrackPointExtension>
        </extensions>
      </trkpt>
      <trkpt lat="34.23421927727758884429931640625" lon="108.93794068135321140289306640625">
        <ele>407</ele>
        <time>2026-03-10T12:27:51.000Z</time>
        <extensions>
          <ns3:TrackPointExtension>
            <ns3:hr>164</ns3:hr>
            <ns3:cad>99</ns3:cad>
          </ns3:TrackPointExtension>
        </extensions>
      </trkpt>
      <trkpt lat="34.2342545650899410247802734375" lon="108.9379365742206573486328125">
        <ele>407</ele>
        <time>2026-03-10T12:27:52.000Z</time>
        <extensions>
          <ns3:TrackPointExtension>
            <ns3:hr>163</ns3:hr>
            <ns3:cad>100</ns3:cad>
          </ns3:TrackPointExtension>
        </extensions>
      </trkpt>
      <trkpt lat="34.23428297974169254302978515625" lon="108.9379377476871013641357421875">
        <ele>407</ele>
        <time>2026-03-10T12:27:53.000Z</time>
        <extensions>
          <ns3:TrackPointExtension>
            <ns3:hr>163</ns3:hr>
            <ns3:cad>100</ns3:cad>
          </ns3:TrackPointExtension>
        </extensions>
      </trkpt>
      <trkpt lat="34.2343179322779178619384765625" lon="108.9379354007542133331298828125">
        <ele>407</ele>
        <time>2026-03-10T12:27:54.000Z</time>
        <extensions>
          <ns3:TrackPointExtension>
            <ns3:hr>163</ns3:hr>
            <ns3:cad>100</ns3:cad>
          </ns3:TrackPointExtension>
        </extensions>
      </trkpt>
      <trkpt lat="34.234351627528667449951171875" lon="108.93793229945003986358642578125">
        <ele>407</ele>
        <time>2026-03-10T12:27:55.000Z</time>
        <extensions>
          <ns3:TrackPointExtension>
            <ns3:hr>164</ns3:hr>
            <ns3:cad>100</ns3:cad>
          </ns3:TrackPointExtension>
        </extensions>
      </trkpt>
      <trkpt lat="34.2343787848949432373046875" lon="108.93793447874486446380615234375">
        <ele>407</ele>
        <time>2026-03-10T12:27:56.000Z</time>
        <extensions>
          <ns3:TrackPointExtension>
            <ns3:hr>163</ns3:hr>
            <ns3:cad>100</ns3:cad>
          </ns3:TrackPointExtension>
        </extensions>
      </trkpt>
      <trkpt lat="34.23441239632666110992431640625" lon="108.93792877905070781707763671875">
        <ele>407</ele>
        <time>2026-03-10T12:27:57.000Z</time>
        <extensions>
          <ns3:TrackPointExtension>
            <ns3:hr>163</ns3:hr>
            <ns3:cad>100</ns3:cad>
          </ns3:TrackPointExtension>
        </extensions>
      </trkpt>
      <trkpt lat="34.23444726504385471343994140625" lon="108.9379285275936126708984375">
        <ele>407</ele>
        <time>2026-03-10T12:27:58.000Z</time>
        <extensions>
          <ns3:TrackPointExtension>
            <ns3:hr>163</ns3:hr>
            <ns3:cad>100</ns3:cad>
          </ns3:TrackPointExtension>
        </extensions>
      </trkpt>
      <trkpt lat="34.23447878099977970123291015625" lon="108.93793313764035701751708984375">
        <ele>407</ele>
        <time>2026-03-10T12:27:59.000Z</time>
        <extensions>
          <ns3:TrackPointExtension>
            <ns3:hr>163</ns3:hr>
            <ns3:cad>100</ns3:cad>
          </ns3:TrackPointExtension>
        </extensions>
      </trkpt>
      <trkpt lat="34.23451214097440242767333984375" lon="108.937916457653045654296875">
        <ele>407</ele>
        <time>2026-03-10T12:28:00.000Z</time>
        <extensions>
          <ns3:TrackPointExtension>
            <ns3:hr>163</ns3:hr>
            <ns3:cad>101</ns3:cad>
          </ns3:TrackPointExtension>
        </extensions>
      </trkpt>
      <trkpt lat="34.2345435731112957000732421875" lon="108.937895335257053375244140625">
        <ele>407</ele>
        <time>2026-03-10T12:28:01.000Z</time>
        <extensions>
          <ns3:TrackPointExtension>
            <ns3:hr>163</ns3:hr>
            <ns3:cad>101</ns3:cad>
          </ns3:TrackPointExtension>
        </extensions>
      </trkpt>
      <trkpt lat="34.23457768745720386505126953125" lon="108.93788200803101062774658203125">
        <ele>407.20001220703125</ele>
        <time>2026-03-10T12:28:02.000Z</time>
        <extensions>
          <ns3:TrackPointExtension>
            <ns3:hr>164</ns3:hr>
            <ns3:cad>101</ns3:cad>
          </ns3:TrackPointExtension>
        </extensions>
      </trkpt>
      <trkpt lat="34.2346079461276531219482421875" lon="108.937857449054718017578125">
        <ele>407.20001220703125</ele>
        <time>2026-03-10T12:28:03.000Z</time>
        <extensions>
          <ns3:TrackPointExtension>
            <ns3:hr>163</ns3:hr>
            <ns3:cad>101</ns3:cad>
          </ns3:TrackPointExtension>
        </extensions>
      </trkpt>
      <trkpt lat="34.23463552258908748626708984375" lon="108.93782551400363445281982421875">
        <ele>407.20001220703125</ele>
        <time>2026-03-10T12:28:04.000Z</time>
        <extensions>
          <ns3:TrackPointExtension>
            <ns3:hr>163</ns3:hr>
            <ns3:cad>100</ns3:cad>
          </ns3:TrackPointExtension>
        </extensions>
      </trkpt>
      <trkpt lat="34.23466284759342670440673828125" lon="108.9378063194453716278076171875">
        <ele>407.20001220703125</ele>
        <time>2026-03-10T12:28:05.000Z</time>
        <extensions>
          <ns3:TrackPointExtension>
            <ns3:hr>163</ns3:hr>
            <ns3:cad>100</ns3:cad>
          </ns3:TrackPointExtension>
        </extensions>
      </trkpt>
      <trkpt lat="34.2346867360174655914306640625" lon="108.9377791620790958404541015625">
        <ele>407.20001220703125</ele>
        <time>2026-03-10T12:28:06.000Z</time>
        <extensions>
          <ns3:TrackPointExtension>
            <ns3:hr>163</ns3:hr>
            <ns3:cad>100</ns3:cad>
          </ns3:TrackPointExtension>
        </extensions>
      </trkpt>
      <trkpt lat="34.23470475710928440093994140625" lon="108.93773700110614299774169921875">
        <ele>407.20001220703125</ele>
        <time>2026-03-10T12:28:07.000Z</time>
        <extensions>
          <ns3:TrackPointExtension>
            <ns3:hr>162</ns3:hr>
            <ns3:cad>100</ns3:cad>
          </ns3:TrackPointExtension>
        </extensions>
      </trkpt>
      <trkpt lat="34.2347259633243083953857421875" lon="108.93770783208310604095458984375">
        <ele>407</ele>
        <time>2026-03-10T12:28:08.000Z</time>
        <extensions>
          <ns3:TrackPointExtension>
            <ns3:hr>162</ns3:hr>
            <ns3:cad>100</ns3:cad>
          </ns3:TrackPointExtension>
        </extensions>
      </trkpt>
      <trkpt lat="34.234743900597095489501953125" lon="108.93767765723168849945068359375">
        <ele>407</ele>
        <time>2026-03-10T12:28:09.000Z</time>
        <extensions>
          <ns3:TrackPointExtension>
            <ns3:hr>162</ns3:hr>
            <ns3:cad>100</ns3:cad>
          </ns3:TrackPointExtension>
        </extensions>
      </trkpt>
      <trkpt lat="34.23475655727088451385498046875" lon="108.93763340078294277191162109375">
        <ele>407</ele>
        <time>2026-03-10T12:28:10.000Z</time>
        <extensions>
          <ns3:TrackPointExtension>
            <ns3:hr>162</ns3:hr>
            <ns3:cad>100</ns3:cad>
          </ns3:TrackPointExtension>
        </extensions>
      </trkpt>
      <trkpt lat="34.2347755841910839080810546875" lon="108.9375991187989711761474609375">
        <ele>407</ele>
        <time>2026-03-10T12:28:11.000Z</time>
        <extensions>
          <ns3:TrackPointExtension>
            <ns3:hr>162</ns3:hr>
            <ns3:cad>100</ns3:cad>
          </ns3:TrackPointExtension>
        </extensions>
      </trkpt>
      <trkpt lat="34.234789498150348663330078125" lon="108.93755796365439891815185546875">
        <ele>407</ele>
        <time>2026-03-10T12:28:12.000Z</time>
        <extensions>
          <ns3:TrackPointExtension>
            <ns3:hr>162</ns3:hr>
            <ns3:cad>100</ns3:cad>
          </ns3:TrackPointExtension>
        </extensions>
      </trkpt>
      <trkpt lat="34.23478983342647552490234375" lon="108.9375129528343677520751953125">
        <ele>407</ele>
        <time>2026-03-10T12:28:13.000Z</time>
        <extensions>
          <ns3:TrackPointExtension>
            <ns3:hr>162</ns3:hr>
            <ns3:cad>100</ns3:cad>
          </ns3:TrackPointExtension>
        </extensions>
      </trkpt>
      <trkpt lat="34.234796874225139617919921875" lon="108.93747347407042980194091796875">
        <ele>407</ele>
        <time>2026-03-10T12:28:14.000Z</time>
        <extensions>
          <ns3:TrackPointExtension>
            <ns3:hr>162</ns3:hr>
            <ns3:cad>100</ns3:cad>
          </ns3:TrackPointExtension>
        </extensions>
      </trkpt>
      <trkpt lat="34.234795868396759033203125" lon="108.93743575550615787506103515625">
        <ele>407</ele>
        <time>2026-03-10T12:28:15.000Z</time>
        <extensions>
          <ns3:TrackPointExtension>
            <ns3:hr>162</ns3:hr>
            <ns3:cad>100</ns3:cad>
          </ns3:TrackPointExtension>
        </extensions>
      </trkpt>
      <trkpt lat="34.23478522337973117828369140625" lon="108.93738512881100177764892578125">
        <ele>407</ele>
        <time>2026-03-10T12:28:16.000Z</time>
        <extensions>
          <ns3:TrackPointExtension>
            <ns3:hr>163</ns3:hr>
            <ns3:cad>100</ns3:cad>
          </ns3:TrackPointExtension>
        </extensions>
      </trkpt>
      <trkpt lat="34.234784133732318878173828125" lon="108.93734456039965152740478515625">
        <ele>407</ele>
        <time>2026-03-10T12:28:17.000Z</time>
        <extensions>
          <ns3:TrackPointExtension>
            <ns3:hr>163</ns3:hr>
            <ns3:cad>100</ns3:cad>
          </ns3:TrackPointExtension>
        </extensions>
      </trkpt>
      <trkpt lat="34.2347712256014347076416015625" lon="108.93730533309280872344970703125">
        <ele>407.20001220703125</ele>
        <time>2026-03-10T12:28:18.000Z</time>
        <extensions>
          <ns3:TrackPointExtension>
            <ns3:hr>164</ns3:hr>
            <ns3:cad>100</ns3:cad>
          </ns3:TrackPointExtension>
        </extensions>
      </trkpt>
      <trkpt lat="34.23475068993866443634033203125" lon="108.9372561313211917877197265625">
        <ele>407.20001220703125</ele>
        <time>2026-03-10T12:28:19.000Z</time>
        <extensions>
          <ns3:TrackPointExtension>
            <ns3:hr>164</ns3:hr>
            <ns3:cad>100</ns3:cad>
          </ns3:TrackPointExtension>
        </extensions>
      </trkpt>
      <trkpt lat="34.23473560251295566558837890625" lon="108.937218748033046722412109375">
        <ele>407</ele>
        <time>2026-03-10T12:28:20.000Z</time>
        <extensions>
          <ns3:TrackPointExtension>
            <ns3:hr>164</ns3:hr>
            <ns3:cad>100</ns3:cad>
          </ns3:TrackPointExtension>
        </extensions>
      </trkpt>
      <trkpt lat="34.234711043536663055419921875" lon="108.93718815408647060394287109375">
        <ele>407</ele>
        <time>2026-03-10T12:28:21.000Z</time>
        <extensions>
          <ns3:TrackPointExtension>
            <ns3:hr>164</ns3:hr>
            <ns3:cad>100</ns3:cad>
          </ns3:TrackPointExtension>
        </extensions>
      </trkpt>
      <trkpt lat="34.23467810265719890594482421875" lon="108.93715060316026210784912109375">
        <ele>407</ele>
        <time>2026-03-10T12:28:22.000Z</time>
        <extensions>
          <ns3:TrackPointExtension>
            <ns3:hr>164</ns3:hr>
            <ns3:cad>100</ns3:cad>
          </ns3:TrackPointExtension>
        </extensions>
      </trkpt>
      <trkpt lat="34.2346508614718914031982421875" lon="108.9371183328330516815185546875">
        <ele>407</ele>
        <time>2026-03-10T12:28:23.000Z</time>
        <extensions>
          <ns3:TrackPointExtension>
            <ns3:hr>164</ns3:hr>
            <ns3:cad>100</ns3:cad>
          </ns3:TrackPointExtension>
        </extensions>
      </trkpt>
      <trkpt lat="34.2346228659152984619140625" lon="108.93709846772253513336181640625">
        <ele>407</ele>
        <time>2026-03-10T12:28:24.000Z</time>
        <extensions>
          <ns3:TrackPointExtension>
            <ns3:hr>164</ns3:hr>
            <ns3:cad>100</ns3:cad>
          </ns3:TrackPointExtension>
        </extensions>
      </trkpt>
      <trkpt lat="34.234581626951694488525390625" lon="108.9370720647275447845458984375">
        <ele>407</ele>
        <time>2026-03-10T12:28:25.000Z</time>
        <extensions>
          <ns3:TrackPointExtension>
            <ns3:hr>164</ns3:hr>
            <ns3:cad>100</ns3:cad>
          </ns3:TrackPointExtension>
        </extensions>
      </trkpt>
      <trkpt lat="34.2345502786338329315185546875" lon="108.93705069087445735931396484375">
        <ele>407.20001220703125</ele>
        <time>2026-03-10T12:28:26.000Z</time>
        <extensions>
          <ns3:TrackPointExtension>
            <ns3:hr>164</ns3:hr>
            <ns3:cad>100</ns3:cad>
          </ns3:TrackPointExtension>
        </extensions>
      </trkpt>
      <trkpt lat="34.234521947801113128662109375" lon="108.9370432309806346893310546875">
        <ele>407</ele>
        <time>2026-03-10T12:28:27.000Z</time>
        <extensions>
          <ns3:TrackPointExtension>
            <ns3:hr>164</ns3:hr>
            <ns3:cad>101</ns3:cad>
          </ns3:TrackPointExtension>
        </extensions>
      </trkpt>
      <trkpt lat="34.23448028974235057830810546875" lon="108.93704046495258808135986328125">
        <ele>407</ele>
        <time>2026-03-10T12:28:28.000Z</time>
        <extensions>
          <ns3:TrackPointExtension>
            <ns3:hr>164</ns3:hr>
            <ns3:cad>101</ns3:cad>
          </ns3:TrackPointExtension>
        </extensions>
      </trkpt>
      <trkpt lat="34.23444843851029872894287109375" lon="108.93703065812587738037109375">
        <ele>407.20001220703125</ele>
        <time>2026-03-10T12:28:29.000Z</time>
        <extensions>
          <ns3:TrackPointExtension>
            <ns3:hr>164</ns3:hr>
            <ns3:cad>101</ns3:cad>
          </ns3:TrackPointExtension>
        </extensions>
      </trkpt>
      <trkpt lat="34.2344168387353420257568359375" lon="108.93702755682170391082763671875">
        <ele>407.20001220703125</ele>
        <time>2026-03-10T12:28:30.000Z</time>
        <extensions>
          <ns3:TrackPointExtension>
            <ns3:hr>164</ns3:hr>
            <ns3:cad>101</ns3:cad>
          </ns3:TrackPointExtension>
        </extensions>
      </trkpt>
      <trkpt lat="34.23437300138175487518310546875" lon="108.93703593872487545013427734375">
        <ele>407.20001220703125</ele>
        <time>2026-03-10T12:28:31.000Z</time>
        <extensions>
          <ns3:TrackPointExtension>
            <ns3:hr>164</ns3:hr>
            <ns3:cad>100</ns3:cad>
          </ns3:TrackPointExtension>
        </extensions>
      </trkpt>
      <trkpt lat="34.234336875379085540771484375" lon="108.9370351843535900115966796875">
        <ele>407.20001220703125</ele>
        <time>2026-03-10T12:28:32.000Z</time>
        <extensions>
          <ns3:TrackPointExtension>
            <ns3:hr>165</ns3:hr>
            <ns3:cad>100</ns3:cad>
          </ns3:TrackPointExtension>
        </extensions>
      </trkpt>
      <trkpt lat="34.2343061976134777069091796875" lon="108.93704113550484180450439453125">
        <ele>407</ele>
        <time>2026-03-10T12:28:33.000Z</time>
        <extensions>
          <ns3:TrackPointExtension>
            <ns3:hr>165</ns3:hr>
            <ns3:cad>100</ns3:cad>
          </ns3:TrackPointExtension>
        </extensions>
      </trkpt>
      <trkpt lat="34.23426554538309574127197265625" lon="108.93705152906477451324462890625">
        <ele>407</ele>
        <time>2026-03-10T12:28:34.000Z</time>
        <extensions>
          <ns3:TrackPointExtension>
            <ns3:hr>165</ns3:hr>
            <ns3:cad>100</ns3:cad>
          </ns3:TrackPointExtension>
        </extensions>
      </trkpt>
      <trkpt lat="34.23423369415104389190673828125" lon="108.93704934976994991302490234375">
        <ele>406.79998779296875</ele>
        <time>2026-03-10T12:28:35.000Z</time>
        <extensions>
          <ns3:TrackPointExtension>
            <ns3:hr>165</ns3:hr>
            <ns3:cad>100</ns3:cad>
          </ns3:TrackPointExtension>
        </extensions>
      </trkpt>
      <trkpt lat="34.234198741614818572998046875" lon="108.9370509423315525054931640625">
        <ele>406.79998779296875</ele>
        <time>2026-03-10T12:28:36.000Z</time>
        <extensions>
          <ns3:TrackPointExtension>
            <ns3:hr>164</ns3:hr>
            <ns3:cad>100</ns3:cad>
          </ns3:TrackPointExtension>
        </extensions>
      </trkpt>
      <trkpt lat="34.234161190688610076904296875" lon="108.937052786350250244140625">
        <ele>406.79998779296875</ele>
        <time>2026-03-10T12:28:37.000Z</time>
        <extensions>
          <ns3:TrackPointExtension>
            <ns3:hr>165</ns3:hr>
            <ns3:cad>100</ns3:cad>
          </ns3:TrackPointExtension>
        </extensions>
      </trkpt>
      <trkpt lat="34.23413143493235111236572265625" lon="108.937047757208347320556640625">
        <ele>407</ele>
        <time>2026-03-10T12:28:38.000Z</time>
        <extensions>
          <ns3:TrackPointExtension>
            <ns3:hr>165</ns3:hr>
            <ns3:cad>99</ns3:cad>
          </ns3:TrackPointExtension>
        </extensions>
      </trkpt>
      <trkpt lat="34.2340956442058086395263671875" lon="108.93705102615058422088623046875">
        <ele>407</ele>
        <time>2026-03-10T12:28:39.000Z</time>
        <extensions>
          <ns3:TrackPointExtension>
            <ns3:hr>165</ns3:hr>
            <ns3:cad>99</ns3:cad>
          </ns3:TrackPointExtension>
        </extensions>
      </trkpt>
      <trkpt lat="34.234060943126678466796875" lon="108.93705739639699459075927734375">
        <ele>407</ele>
        <time>2026-03-10T12:28:40.000Z</time>
        <extensions>
          <ns3:TrackPointExtension>
            <ns3:hr>165</ns3:hr>
            <ns3:cad>99</ns3:cad>
          </ns3:TrackPointExtension>
        </extensions>
      </trkpt>
      <trkpt lat="34.23403437249362468719482421875" lon="108.93705169670283794403076171875">
        <ele>407</ele>
        <time>2026-03-10T12:28:41.000Z</time>
        <extensions>
          <ns3:TrackPointExtension>
            <ns3:hr>165</ns3:hr>
            <ns3:cad>99</ns3:cad>
          </ns3:TrackPointExtension>
        </extensions>
      </trkpt>
      <trkpt lat="34.2339960671961307525634765625" lon="108.93705303780734539031982421875">
        <ele>407</ele>
        <time>2026-03-10T12:28:42.000Z</time>
        <extensions>
          <ns3:TrackPointExtension>
            <ns3:hr>165</ns3:hr>
            <ns3:cad>98</ns3:cad>
          </ns3:TrackPointExtension>
        </extensions>
      </trkpt>
      <trkpt lat="34.2339605279266834259033203125" lon="108.9370566420257091522216796875">
        <ele>406.79998779296875</ele>
        <time>2026-03-10T12:28:43.000Z</time>
        <extensions>
          <ns3:TrackPointExtension>
            <ns3:hr>165</ns3:hr>
            <ns3:cad>98</ns3:cad>
          </ns3:TrackPointExtension>
        </extensions>
      </trkpt>
      <trkpt lat="34.2339323647320270538330078125" lon="108.93705152906477451324462890625">
        <ele>407</ele>
        <time>2026-03-10T12:28:44.000Z</time>
        <extensions>
          <ns3:TrackPointExtension>
            <ns3:hr>165</ns3:hr>
            <ns3:cad>98</ns3:cad>
          </ns3:TrackPointExtension>
        </extensions>
      </trkpt>
      <trkpt lat="34.23389489762485027313232421875" lon="108.937055803835391998291015625">
        <ele>407</ele>
        <time>2026-03-10T12:28:45.000Z</time>
        <extensions>
          <ns3:TrackPointExtension>
            <ns3:hr>165</ns3:hr>
            <ns3:cad>98</ns3:cad>
          </ns3:TrackPointExtension>
        </extensions>
      </trkpt>
      <trkpt lat="34.233862124383449554443359375" lon="108.937061838805675506591796875">
        <ele>407</ele>
        <time>2026-03-10T12:28:46.000Z</time>
        <extensions>
          <ns3:TrackPointExtension>
            <ns3:hr>165</ns3:hr>
            <ns3:cad>98</ns3:cad>
          </ns3:TrackPointExtension>
        </extensions>
      </trkpt>
      <trkpt lat="34.23383639194071292877197265625" lon="108.93705655820667743682861328125">
        <ele>407</ele>
        <time>2026-03-10T12:28:47.000Z</time>
        <extensions>
          <ns3:TrackPointExtension>
            <ns3:hr>165</ns3:hr>
            <ns3:cad>100</ns3:cad>
          </ns3:TrackPointExtension>
        </extensions>
      </trkpt>
      <trkpt lat="34.23380370251834392547607421875" lon="108.93705856986343860626220703125">
        <ele>407</ele>
        <time>2026-03-10T12:28:48.000Z</time>
        <extensions>
          <ns3:TrackPointExtension>
            <ns3:hr>165</ns3:hr>
            <ns3:cad>100</ns3:cad>
          </ns3:TrackPointExtension>
        </extensions>
      </trkpt>
      <trkpt lat="34.23377386294305324554443359375" lon="108.9370596595108509063720703125">
        <ele>406.79998779296875</ele>
        <time>2026-03-10T12:28:49.000Z</time>
        <extensions>
          <ns3:TrackPointExtension>
            <ns3:hr>165</ns3:hr>
            <ns3:cad>100</ns3:cad>
          </ns3:TrackPointExtension>
        </extensions>
      </trkpt>
      <trkpt lat="34.23374871723353862762451171875" lon="108.93705639056861400604248046875">
        <ele>406.79998779296875</ele>
        <time>2026-03-10T12:28:50.000Z</time>
        <extensions>
          <ns3:TrackPointExtension>
            <ns3:hr>166</ns3:hr>
            <ns3:cad>100</ns3:cad>
          </ns3:TrackPointExtension>
        </extensions>
      </trkpt>
      <trkpt lat="34.23371829092502593994140625" lon="108.93705471418797969818115234375">
        <ele>406.79998779296875</ele>
        <time>2026-03-10T12:28:51.000Z</time>
        <extensions>
          <ns3:TrackPointExtension>
            <ns3:hr>165</ns3:hr>
            <ns3:cad>100</ns3:cad>
          </ns3:TrackPointExtension>
        </extensions>
      </trkpt>
      <trkpt lat="34.23368275165557861328125" lon="108.93705856986343860626220703125">
        <ele>406.79998779296875</ele>
        <time>2026-03-10T12:28:52.000Z</time>
        <extensions>
          <ns3:TrackPointExtension>
            <ns3:hr>165</ns3:hr>
            <ns3:cad>100</ns3:cad>
          </ns3:TrackPointExtension>
        </extensions>
      </trkpt>
      <trkpt lat="34.233649559319019317626953125" lon="108.93705370835959911346435546875">
        <ele>406.79998779296875</ele>
        <time>2026-03-10T12:28:53.000Z</time>
        <extensions>
          <ns3:TrackPointExtension>
            <ns3:hr>165</ns3:hr>
            <ns3:cad>100</ns3:cad>
          </ns3:TrackPointExtension>
        </extensions>
      </trkpt>
      <trkpt lat="34.2336143553256988525390625" lon="108.9370549656450748443603515625">
        <ele>406.79998779296875</ele>
        <time>2026-03-10T12:28:54.000Z</time>
        <extensions>
          <ns3:TrackPointExtension>
            <ns3:hr>165</ns3:hr>
            <ns3:cad>100</ns3:cad>
          </ns3:TrackPointExtension>
        </extensions>
      </trkpt>
      <trkpt lat="34.23358015716075897216796875" lon="108.93706158734858036041259765625">
        <ele>406.79998779296875</ele>
        <time>2026-03-10T12:28:55.000Z</time>
        <extensions>
          <ns3:TrackPointExtension>
            <ns3:hr>165</ns3:hr>
            <ns3:cad>100</ns3:cad>
          </ns3:TrackPointExtension>
        </extensions>
      </trkpt>
      <trkpt lat="34.23355023376643657684326171875" lon="108.93706192262470722198486328125">
        <ele>406.79998779296875</ele>
        <time>2026-03-10T12:28:56.000Z</time>
        <extensions>
          <ns3:TrackPointExtension>
            <ns3:hr>164</ns3:hr>
            <ns3:cad>100</ns3:cad>
          </ns3:TrackPointExtension>
        </extensions>
      </trkpt>
      <trkpt lat="34.23351720906794071197509765625" lon="108.93707701005041599273681640625">
        <ele>406.79998779296875</ele>
        <time>2026-03-10T12:28:57.000Z</time>
        <extensions>
          <ns3:TrackPointExtension>
            <ns3:hr>163</ns3:hr>
            <ns3:cad>100</ns3:cad>
          </ns3:TrackPointExtension>
        </extensions>
      </trkpt>
      <trkpt lat="34.233481585979461669921875" lon="108.9370978809893131256103515625">
        <ele>406.79998779296875</ele>
        <time>2026-03-10T12:28:58.000Z</time>
        <extensions>
          <ns3:TrackPointExtension>
            <ns3:hr>162</ns3:hr>
            <ns3:cad>101</ns3:cad>
          </ns3:TrackPointExtension>
        </extensions>
      </trkpt>
      <trkpt lat="34.2334522493183612823486328125" lon="108.93711405806243419647216796875">
        <ele>406.79998779296875</ele>
        <time>2026-03-10T12:28:59.000Z</time>
        <extensions>
          <ns3:TrackPointExtension>
            <ns3:hr>162</ns3:hr>
            <ns3:cad>101</ns3:cad>
          </ns3:TrackPointExtension>
        </extensions>
      </trkpt>
      <trkpt lat="34.23342333175241947174072265625" lon="108.93714305944740772247314453125">
        <ele>406.79998779296875</ele>
        <time>2026-03-10T12:29:00.000Z</time>
        <extensions>
          <ns3:TrackPointExtension>
            <ns3:hr>163</ns3:hr>
            <ns3:cad>100</ns3:cad>
          </ns3:TrackPointExtension>
        </extensions>
      </trkpt>
      <trkpt lat="34.23339097760617733001708984375" lon="108.9371810294687747955322265625">
        <ele>406.79998779296875</ele>
        <time>2026-03-10T12:29:01.000Z</time>
        <extensions>
          <ns3:TrackPointExtension>
            <ns3:hr>164</ns3:hr>
            <ns3:cad>100</ns3:cad>
          </ns3:TrackPointExtension>
        </extensions>
      </trkpt>
      <trkpt lat="34.23336566425859928131103515625" lon="108.93720625899732112884521484375">
        <ele>406.79998779296875</ele>
        <time>2026-03-10T12:29:02.000Z</time>
        <extensions>
          <ns3:TrackPointExtension>
            <ns3:hr>164</ns3:hr>
            <ns3:cad>100</ns3:cad>
          </ns3:TrackPointExtension>
        </extensions>
      </trkpt>
      <trkpt lat="34.2333426140248775482177734375" lon="108.937244229018688201904296875">
        <ele>407</ele>
        <time>2026-03-10T12:29:03.000Z</time>
        <extensions>
          <ns3:TrackPointExtension>
            <ns3:hr>164</ns3:hr>
            <ns3:cad>100</ns3:cad>
          </ns3:TrackPointExtension>
        </extensions>
      </trkpt>
      <trkpt lat="34.23332400619983673095703125" lon="108.93728739582002162933349609375">
        <ele>407</ele>
        <time>2026-03-10T12:29:04.000Z</time>
        <extensions>
          <ns3:TrackPointExtension>
            <ns3:hr>164</ns3:hr>
            <ns3:cad>100</ns3:cad>
          </ns3:TrackPointExtension>
        </extensions>
      </trkpt>
      <trkpt lat="34.2333126068115234375" lon="108.93731522373855113983154296875">
        <ele>407</ele>
        <time>2026-03-10T12:29:05.000Z</time>
        <extensions>
          <ns3:TrackPointExtension>
            <ns3:hr>163</ns3:hr>
            <ns3:cad>100</ns3:cad>
          </ns3:TrackPointExtension>
        </extensions>
      </trkpt>
      <trkpt lat="34.23329860903322696685791015625" lon="108.937361240386962890625">
        <ele>407</ele>
        <time>2026-03-10T12:29:06.000Z</time>
        <extensions>
          <ns3:TrackPointExtension>
            <ns3:hr>163</ns3:hr>
            <ns3:cad>100</ns3:cad>
          </ns3:TrackPointExtension>
        </extensions>
      </trkpt>
      <trkpt lat="34.2332903109490871429443359375" lon="108.93740021623671054840087890625">
        <ele>407</ele>
        <time>2026-03-10T12:29:07.000Z</time>
        <extensions>
          <ns3:TrackPointExtension>
            <ns3:hr>163</ns3:hr>
            <ns3:cad>100</ns3:cad>
          </ns3:TrackPointExtension>
        </extensions>
      </trkpt>
      <trkpt lat="34.23328419215977191925048828125" lon="108.9374331571161746978759765625">
        <ele>407</ele>
        <time>2026-03-10T12:29:08.000Z</time>
        <extensions>
          <ns3:TrackPointExtension>
            <ns3:hr>164</ns3:hr>
            <ns3:cad>98</ns3:cad>
          </ns3:TrackPointExtension>
        </extensions>
      </trkpt>
      <trkpt lat="34.233279414474964141845703125" lon="108.93748126924037933349609375">
        <ele>407</ele>
        <time>2026-03-10T12:29:09.000Z</time>
        <extensions>
          <ns3:TrackPointExtension>
            <ns3:hr>163</ns3:hr>
            <ns3:cad>98</ns3:cad>
          </ns3:TrackPointExtension>
        </extensions>
      </trkpt>
      <trkpt lat="34.2332799173891544342041015625" lon="108.937524855136871337890625">
        <ele>407</ele>
        <time>2026-03-10T12:29:10.000Z</time>
        <extensions>
          <ns3:TrackPointExtension>
            <ns3:hr>163</ns3:hr>
            <ns3:cad>98</ns3:cad>
          </ns3:TrackPointExtension>
        </extensions>
      </trkpt>
      <trkpt lat="34.2332805879414081573486328125" lon="108.93756282515823841094970703125">
        <ele>407</ele>
        <time>2026-03-10T12:29:11.000Z</time>
        <extensions>
          <ns3:TrackPointExtension>
            <ns3:hr>164</ns3:hr>
            <ns3:cad>98</ns3:cad>
          </ns3:TrackPointExtension>
        </extensions>
      </trkpt>
      <trkpt lat="34.23328435979783535003662109375" lon="108.93760825507342815399169921875">
        <ele>407</ele>
        <time>2026-03-10T12:29:12.000Z</time>
        <extensions>
          <ns3:TrackPointExtension>
            <ns3:hr>163</ns3:hr>
            <ns3:cad>99</ns3:cad>
          </ns3:TrackPointExtension>
        </extensions>
      </trkpt>
      <trkpt lat="34.2332926578819751739501953125" lon="108.93764966167509555816650390625">
        <ele>407</ele>
        <time>2026-03-10T12:29:13.000Z</time>
        <extensions>
          <ns3:TrackPointExtension>
            <ns3:hr>163</ns3:hr>
            <ns3:cad>99</ns3:cad>
          </ns3:TrackPointExtension>
        </extensions>
      </trkpt>
      <trkpt lat="34.23330212943255901336669921875" lon="108.937678746879100799560546875">
        <ele>407</ele>
        <time>2026-03-10T12:29:14.000Z</time>
        <extensions>
          <ns3:TrackPointExtension>
            <ns3:hr>162</ns3:hr>
            <ns3:cad>99</ns3:cad>
          </ns3:TrackPointExtension>
        </extensions>
      </trkpt>
      <trkpt lat="34.23331822268664836883544921875" lon="108.9377191476523876190185546875">
        <ele>407</ele>
        <time>2026-03-10T12:29:15.000Z</time>
        <extensions>
          <ns3:TrackPointExtension>
            <ns3:hr>162</ns3:hr>
            <ns3:cad>100</ns3:cad>
          </ns3:TrackPointExtension>
        </extensions>
      </trkpt>
      <trkpt lat="34.23333867453038692474365234375" lon="108.93775728531181812286376953125">
        <ele>407</ele>
        <time>2026-03-10T12:29:16.000Z</time>
        <extensions>
          <ns3:TrackPointExtension>
            <ns3:hr>161</ns3:hr>
            <ns3:cad>100</ns3:cad>
          </ns3:TrackPointExtension>
        </extensions>
      </trkpt>
      <trkpt lat="34.233363568782806396484375" lon="108.93778226338326930999755859375">
        <ele>407</ele>
        <time>2026-03-10T12:29:17.000Z</time>
        <extensions>
          <ns3:TrackPointExtension>
            <ns3:hr>161</ns3:hr>
            <ns3:cad>100</ns3:cad>
          </ns3:TrackPointExtension>
        </extensions>
      </trkpt>
      <trkpt lat="34.23339550383388996124267578125" lon="108.9378140307962894439697265625">
        <ele>407</ele>
        <time>2026-03-10T12:29:18.000Z</time>
        <extensions>
          <ns3:TrackPointExtension>
            <ns3:hr>160</ns3:hr>
            <ns3:cad>100</ns3:cad>
          </ns3:TrackPointExtension>
        </extensions>
      </trkpt>
      <trkpt lat="34.23341520130634307861328125" lon="108.937843702733516693115234375">
        <ele>407</ele>
        <time>2026-03-10T12:29:19.000Z</time>
        <extensions>
          <ns3:TrackPointExtension>
            <ns3:hr>159</ns3:hr>
            <ns3:cad>100</ns3:cad>
          </ns3:TrackPointExtension>
        </extensions>
      </trkpt>
      <trkpt lat="34.23344445414841175079345703125" lon="108.93786407075822353363037109375">
        <ele>407</ele>
        <time>2026-03-10T12:29:20.000Z</time>
        <extensions>
          <ns3:TrackPointExtension>
            <ns3:hr>159</ns3:hr>
            <ns3:cad>99</ns3:cad>
          </ns3:TrackPointExtension>
        </extensions>
      </trkpt>
      <trkpt lat="34.23347429372370243072509765625" lon="108.93788435496389865875244140625">
        <ele>407</ele>
        <time>2026-03-10T12:29:21.000Z</time>
        <extensions>
          <ns3:TrackPointExtension>
            <ns3:hr>158</ns3:hr>
            <ns3:cad>99</ns3:cad>
          </ns3:TrackPointExtension>
        </extensions>
      </trkpt>
      <trkpt lat="34.23350036144256591796875" lon="108.93790480680763721466064453125">
        <ele>407</ele>
        <time>2026-03-10T12:29:22.000Z</time>
        <extensions>
          <ns3:TrackPointExtension>
            <ns3:hr>158</ns3:hr>
            <ns3:cad>99</ns3:cad>
          </ns3:TrackPointExtension>
        </extensions>
      </trkpt>
      <trkpt lat="34.233535230159759521484375" lon="108.93791151233017444610595703125">
        <ele>407</ele>
        <time>2026-03-10T12:29:23.000Z</time>
        <extensions>
          <ns3:TrackPointExtension>
            <ns3:hr>157</ns3:hr>
            <ns3:cad>99</ns3:cad>
          </ns3:TrackPointExtension>
        </extensions>
      </trkpt>
      <trkpt lat="34.233568422496318817138671875" lon="108.9379233308136463165283203125">
        <ele>407</ele>
        <time>2026-03-10T12:29:24.000Z</time>
        <extensions>
          <ns3:TrackPointExtension>
            <ns3:hr>157</ns3:hr>
            <ns3:cad>99</ns3:cad>
          </ns3:TrackPointExtension>
        </extensions>
      </trkpt>
      <trkpt lat="34.23359834589064121246337890625" lon="108.93793330527842044830322265625">
        <ele>407</ele>
        <time>2026-03-10T12:29:25.000Z</time>
        <extensions>
          <ns3:TrackPointExtension>
            <ns3:hr>157</ns3:hr>
            <ns3:cad>99</ns3:cad>
          </ns3:TrackPointExtension>
        </extensions>
      </trkpt>
      <trkpt lat="34.2336353100836277008056640625" lon="108.93793162889778614044189453125">
        <ele>407</ele>
        <time>2026-03-10T12:29:26.000Z</time>
        <extensions>
          <ns3:TrackPointExtension>
            <ns3:hr>156</ns3:hr>
            <ns3:cad>99</ns3:cad>
          </ns3:TrackPointExtension>
        </extensions>
      </trkpt>
      <trkpt lat="34.2336733639240264892578125" lon="108.93793146125972270965576171875">
        <ele>407</ele>
        <time>2026-03-10T12:29:27.000Z</time>
        <extensions>
          <ns3:TrackPointExtension>
            <ns3:hr>157</ns3:hr>
            <ns3:cad>99</ns3:cad>
          </ns3:TrackPointExtension>
        </extensions>
      </trkpt>
      <trkpt lat="34.23370194621384143829345703125" lon="108.9379203133285045623779296875">
        <ele>407</ele>
        <time>2026-03-10T12:29:28.000Z</time>
        <extensions>
          <ns3:TrackPointExtension>
            <ns3:hr>157</ns3:hr>
            <ns3:cad>99</ns3:cad>
          </ns3:TrackPointExtension>
        </extensions>
      </trkpt>
      <trkpt lat="34.23374301753938198089599609375" lon="108.9379132725298404693603515625">
        <ele>407</ele>
        <time>2026-03-10T12:29:29.000Z</time>
        <extensions>
          <ns3:TrackPointExtension>
            <ns3:hr>158</ns3:hr>
            <ns3:cad>99</ns3:cad>
          </ns3:TrackPointExtension>
        </extensions>
      </trkpt>
      <trkpt lat="34.23377822153270244598388671875" lon="108.93791176378726959228515625">
        <ele>407</ele>
        <time>2026-03-10T12:29:30.000Z</time>
        <extensions>
          <ns3:TrackPointExtension>
            <ns3:hr>159</ns3:hr>
            <ns3:cad>99</ns3:cad>
          </ns3:TrackPointExtension>
        </extensions>
      </trkpt>
      <trkpt lat="34.23380521126091480255126953125" lon="108.93791654147207736968994140625">
        <ele>407</ele>
        <time>2026-03-10T12:29:31.000Z</time>
        <extensions>
          <ns3:TrackPointExtension>
            <ns3:hr>159</ns3:hr>
            <ns3:cad>99</ns3:cad>
          </ns3:TrackPointExtension>
        </extensions>
      </trkpt>
      <trkpt lat="34.2338448576629161834716796875" lon="108.9379229955375194549560546875">
        <ele>407</ele>
        <time>2026-03-10T12:29:32.000Z</time>
        <extensions>
          <ns3:TrackPointExtension>
            <ns3:hr>160</ns3:hr>
            <ns3:cad>99</ns3:cad>
          </ns3:TrackPointExtension>
        </extensions>
      </trkpt>
      <trkpt lat="34.2338773794472217559814453125" lon="108.93793012015521526336669921875">
        <ele>407</ele>
        <time>2026-03-10T12:29:33.000Z</time>
        <extensions>
          <ns3:TrackPointExtension>
            <ns3:hr>160</ns3:hr>
            <ns3:cad>99</ns3:cad>
          </ns3:TrackPointExtension>
        </extensions>
      </trkpt>
      <trkpt lat="34.2339085601270198822021484375" lon="108.9379293657839298248291015625">
        <ele>407</ele>
        <time>2026-03-10T12:29:34.000Z</time>
        <extensions>
          <ns3:TrackPointExtension>
            <ns3:hr>161</ns3:hr>
            <ns3:cad>99</ns3:cad>
          </ns3:TrackPointExtension>
        </extensions>
      </trkpt>
      <trkpt lat="34.23395139165222644805908203125" lon="108.93793188035488128662109375">
        <ele>407</ele>
        <time>2026-03-10T12:29:35.000Z</time>
        <extensions>
          <ns3:TrackPointExtension>
            <ns3:hr>161</ns3:hr>
            <ns3:cad>99</ns3:cad>
          </ns3:TrackPointExtension>
        </extensions>
      </trkpt>
      <trkpt lat="34.233980812132358551025390625" lon="108.93793498165905475616455078125">
        <ele>407</ele>
        <time>2026-03-10T12:29:36.000Z</time>
        <extensions>
          <ns3:TrackPointExtension>
            <ns3:hr>161</ns3:hr>
            <ns3:cad>99</ns3:cad>
          </ns3:TrackPointExtension>
        </extensions>
      </trkpt>
      <trkpt lat="34.234012663364410400390625" lon="108.9379354007542133331298828125">
        <ele>406.79998779296875</ele>
        <time>2026-03-10T12:29:37.000Z</time>
        <extensions>
          <ns3:TrackPointExtension>
            <ns3:hr>161</ns3:hr>
            <ns3:cad>100</ns3:cad>
          </ns3:TrackPointExtension>
        </extensions>
      </trkpt>
      <trkpt lat="34.23404929228127002716064453125" lon="108.93793590366840362548828125">
        <ele>406.79998779296875</ele>
        <time>2026-03-10T12:29:38.000Z</time>
        <extensions>
          <ns3:TrackPointExtension>
            <ns3:hr>161</ns3:hr>
            <ns3:cad>100</ns3:cad>
          </ns3:TrackPointExtension>
        </extensions>
      </trkpt>
      <trkpt lat="34.23407762311398983001708984375" lon="108.93793732859194278717041015625">
        <ele>407</ele>
        <time>2026-03-10T12:29:39.000Z</time>
        <extensions>
          <ns3:TrackPointExtension>
            <ns3:hr>161</ns3:hr>
            <ns3:cad>99</ns3:cad>
          </ns3:TrackPointExtension>
        </extensions>
      </trkpt>
      <trkpt lat="34.23410109244287014007568359375" lon="108.93793950788676738739013671875">
        <ele>407</ele>
        <time>2026-03-10T12:29:40.000Z</time>
        <extensions>
          <ns3:TrackPointExtension>
            <ns3:hr>161</ns3:hr>
            <ns3:cad>99</ns3:cad>
          </ns3:TrackPointExtension>
        </extensions>
      </trkpt>
      <trkpt lat="34.2341402359306812286376953125" lon="108.93794252537190914154052734375">
        <ele>407</ele>
        <time>2026-03-10T12:29:41.000Z</time>
        <extensions>
          <ns3:TrackPointExtension>
            <ns3:hr>161</ns3:hr>
            <ns3:cad>99</ns3:cad>
          </ns3:TrackPointExtension>
        </extensions>
      </trkpt>
      <trkpt lat="34.2341722548007965087890625" lon="108.9379457943141460418701171875">
        <ele>407</ele>
        <time>2026-03-10T12:29:42.000Z</time>
        <extensions>
          <ns3:TrackPointExtension>
            <ns3:hr>161</ns3:hr>
            <ns3:cad>99</ns3:cad>
          </ns3:TrackPointExtension>
        </extensions>
      </trkpt>
      <trkpt lat="34.23420201055705547332763671875" lon="108.9379340596497058868408203125">
        <ele>407</ele>
        <time>2026-03-10T12:29:43.000Z</time>
        <extensions>
          <ns3:TrackPointExtension>
            <ns3:hr>161</ns3:hr>
            <ns3:cad>100</ns3:cad>
          </ns3:TrackPointExtension>
        </extensions>
      </trkpt>
      <trkpt lat="34.23424257896840572357177734375" lon="108.93793523311614990234375">
        <ele>407</ele>
        <time>2026-03-10T12:29:44.000Z</time>
        <extensions>
          <ns3:TrackPointExtension>
            <ns3:hr>162</ns3:hr>
            <ns3:cad>100</ns3:cad>
          </ns3:TrackPointExtension>
        </extensions>
      </trkpt>
      <trkpt lat="34.23427619040012359619140625" lon="108.9379407651722431182861328125">
        <ele>407</ele>
        <time>2026-03-10T12:29:45.000Z</time>
        <extensions>
          <ns3:TrackPointExtension>
            <ns3:hr>163</ns3:hr>
            <ns3:cad>100</ns3:cad>
          </ns3:TrackPointExtension>
        </extensions>
      </trkpt>
      <trkpt lat="34.2343063652515411376953125" lon="108.93793984316289424896240234375">
        <ele>407</ele>
        <time>2026-03-10T12:29:46.000Z</time>
        <extensions>
          <ns3:TrackPointExtension>
            <ns3:hr>163</ns3:hr>
            <ns3:cad>100</ns3:cad>
          </ns3:TrackPointExtension>
        </extensions>
      </trkpt>
      <trkpt lat="34.234350621700286865234375" lon="108.9379303716123104095458984375">
        <ele>407</ele>
        <time>2026-03-10T12:29:47.000Z</time>
        <extensions>
          <ns3:TrackPointExtension>
            <ns3:hr>164</ns3:hr>
            <ns3:cad>100</ns3:cad>
          </ns3:TrackPointExtension>
        </extensions>
      </trkpt>
      <trkpt lat="34.23438758589327335357666015625" lon="108.937930874526500701904296875">
        <ele>407</ele>
        <time>2026-03-10T12:29:48.000Z</time>
        <extensions>
          <ns3:TrackPointExtension>
            <ns3:hr>165</ns3:hr>
            <ns3:cad>100</ns3:cad>
          </ns3:TrackPointExtension>
        </extensions>
      </trkpt>
      <trkpt lat="34.23441968858242034912109375" lon="108.9379340596497058868408203125">
        <ele>407</ele>
        <time>2026-03-10T12:29:49.000Z</time>
        <extensions>
          <ns3:TrackPointExtension>
            <ns3:hr>165</ns3:hr>
            <ns3:cad>100</ns3:cad>
          </ns3:TrackPointExtension>
        </extensions>
      </trkpt>
      <trkpt lat="34.23445346765220165252685546875" lon="108.93792425282299518585205078125">
        <ele>407</ele>
        <time>2026-03-10T12:29:50.000Z</time>
        <extensions>
          <ns3:TrackPointExtension>
            <ns3:hr>165</ns3:hr>
            <ns3:cad>100</ns3:cad>
          </ns3:TrackPointExtension>
        </extensions>
      </trkpt>
      <trkpt lat="34.2344895936548709869384765625" lon="108.9379139430820941925048828125">
        <ele>407</ele>
        <time>2026-03-10T12:29:51.000Z</time>
        <extensions>
          <ns3:TrackPointExtension>
            <ns3:hr>166</ns3:hr>
            <ns3:cad>100</ns3:cad>
          </ns3:TrackPointExtension>
        </extensions>
      </trkpt>
      <trkpt lat="34.234521947801113128662109375" lon="108.93790178932249546051025390625">
        <ele>407</ele>
        <time>2026-03-10T12:29:52.000Z</time>
        <extensions>
          <ns3:TrackPointExtension>
            <ns3:hr>165</ns3:hr>
            <ns3:cad>100</ns3:cad>
          </ns3:TrackPointExtension>
        </extensions>
      </trkpt>
      <trkpt lat="34.23455555923283100128173828125" lon="108.93787915818393230438232421875">
        <ele>406.79998779296875</ele>
        <time>2026-03-10T12:29:53.000Z</time>
        <extensions>
          <ns3:TrackPointExtension>
            <ns3:hr>165</ns3:hr>
            <ns3:cad>100</ns3:cad>
          </ns3:TrackPointExtension>
        </extensions>
      </trkpt>
      <trkpt lat="34.23458606936037540435791015625" lon="108.93786214292049407958984375">
        <ele>406.79998779296875</ele>
        <time>2026-03-10T12:29:54.000Z</time>
        <extensions>
          <ns3:TrackPointExtension>
            <ns3:hr>165</ns3:hr>
            <ns3:cad>100</ns3:cad>
          </ns3:TrackPointExtension>
        </extensions>
      </trkpt>
      <trkpt lat="34.23461305908858776092529296875" lon="108.93784261308610439300537109375">
        <ele>406.79998779296875</ele>
        <time>2026-03-10T12:29:55.000Z</time>
        <extensions>
          <ns3:TrackPointExtension>
            <ns3:hr>164</ns3:hr>
            <ns3:cad>100</ns3:cad>
          </ns3:TrackPointExtension>
        </extensions>
      </trkpt>
      <trkpt lat="34.2346475087106227874755859375" lon="108.93780539743602275848388671875">
        <ele>406.79998779296875</ele>
        <time>2026-03-10T12:29:56.000Z</time>
        <extensions>
          <ns3:TrackPointExtension>
            <ns3:hr>165</ns3:hr>
            <ns3:cad>100</ns3:cad>
          </ns3:TrackPointExtension>
        </extensions>
      </trkpt>
      <trkpt lat="34.23467374406754970550537109375" lon="108.93777337856590747833251953125">
        <ele>406.79998779296875</ele>
        <time>2026-03-10T12:29:57.000Z</time>
        <extensions>
          <ns3:TrackPointExtension>
            <ns3:hr>165</ns3:hr>
            <ns3:cad>100</ns3:cad>
          </ns3:TrackPointExtension>
        </extensions>
      </trkpt>
      <trkpt lat="34.23469738103449344635009765625" lon="108.93774270080029964447021484375">
        <ele>406.79998779296875</ele>
        <time>2026-03-10T12:29:58.000Z</time>
        <extensions>
          <ns3:TrackPointExtension>
            <ns3:hr>165</ns3:hr>
            <ns3:cad>100</ns3:cad>
          </ns3:TrackPointExtension>
        </extensions>
      </trkpt>
      <trkpt lat="34.23471665941178798675537109375" lon="108.9376963488757610321044921875">
        <ele>406.79998779296875</ele>
        <time>2026-03-10T12:29:59.000Z</time>
        <extensions>
          <ns3:TrackPointExtension>
            <ns3:hr>166</ns3:hr>
            <ns3:cad>99</ns3:cad>
          </ns3:TrackPointExtension>
        </extensions>
      </trkpt>
      <trkpt lat="34.2347373627126216888427734375" lon="108.93766189925372600555419921875">
        <ele>406.79998779296875</ele>
        <time>2026-03-10T12:30:00.000Z</time>
        <extensions>
          <ns3:TrackPointExtension>
            <ns3:hr>165</ns3:hr>
            <ns3:cad>99</ns3:cad>
          </ns3:TrackPointExtension>
        </extensions>
      </trkpt>
      <trkpt lat="34.2347551323473453521728515625" lon="108.9376256056129932403564453125">
        <ele>407</ele>
        <time>2026-03-10T12:30:01.000Z</time>
        <extensions>
          <ns3:TrackPointExtension>
            <ns3:hr>165</ns3:hr>
            <ns3:cad>99</ns3:cad>
          </ns3:TrackPointExtension>
        </extensions>
      </trkpt>
      <trkpt lat="34.23476158641278743743896484375" lon="108.937572129070758819580078125">
        <ele>407</ele>
        <time>2026-03-10T12:30:02.000Z</time>
        <extensions>
          <ns3:TrackPointExtension>
            <ns3:hr>165</ns3:hr>
            <ns3:cad>99</ns3:cad>
          </ns3:TrackPointExtension>
        </extensions>
      </trkpt>
      <trkpt lat="34.2347715608775615692138671875" lon="108.9375313930213451385498046875">
        <ele>407</ele>
        <time>2026-03-10T12:30:03.000Z</time>
        <extensions>
          <ns3:TrackPointExtension>
            <ns3:hr>165</ns3:hr>
            <ns3:cad>98</ns3:cad>
          </ns3:TrackPointExtension>
        </extensions>
      </trkpt>
      <trkpt lat="34.2347757518291473388671875" lon="108.93744078464806079864501953125">
        <ele>407</ele>
        <time>2026-03-10T12:30:04.000Z</time>
        <extensions>
          <ns3:TrackPointExtension>
            <ns3:hr>165</ns3:hr>
            <ns3:cad>98</ns3:cad>
          </ns3:TrackPointExtension>
        </extensions>
      </trkpt>
      <trkpt lat="34.2347749136388301849365234375" lon="108.93740071915090084075927734375">
        <ele>407</ele>
        <time>2026-03-10T12:30:05.000Z</time>
        <extensions>
          <ns3:TrackPointExtension>
            <ns3:hr>165</ns3:hr>
            <ns3:cad>100</ns3:cad>
          </ns3:TrackPointExtension>
        </extensions>
      </trkpt>
      <trkpt lat="34.234766699373722076416015625" lon="108.9373587258160114288330078125">
        <ele>407</ele>
        <time>2026-03-10T12:30:06.000Z</time>
        <extensions>
          <ns3:TrackPointExtension>
            <ns3:hr>165</ns3:hr>
            <ns3:cad>100</ns3:cad>
          </ns3:TrackPointExtension>
        </extensions>
      </trkpt>
      <trkpt lat="34.23475052230060100555419921875" lon="108.937314637005329132080078125">
        <ele>407</ele>
        <time>2026-03-10T12:30:07.000Z</time>
        <extensions>
          <ns3:TrackPointExtension>
            <ns3:hr>165</ns3:hr>
            <ns3:cad>100</ns3:cad>
          </ns3:TrackPointExtension>
        </extensions>
      </trkpt>
      <trkpt lat="34.23473845236003398895263671875" lon="108.93728354014456272125244140625">
        <ele>407</ele>
        <time>2026-03-10T12:30:08.000Z</time>
        <extensions>
          <ns3:TrackPointExtension>
            <ns3:hr>165</ns3:hr>
            <ns3:cad>100</ns3:cad>
          </ns3:TrackPointExtension>
        </extensions>
      </trkpt>
      <trkpt lat="34.23471967689692974090576171875" lon="108.93724196590483188629150390625">
        <ele>407</ele>
        <time>2026-03-10T12:30:09.000Z</time>
        <extensions>
          <ns3:TrackPointExtension>
            <ns3:hr>165</ns3:hr>
            <ns3:cad>100</ns3:cad>
          </ns3:TrackPointExtension>
        </extensions>
      </trkpt>
      <trkpt lat="34.2347014881670475006103515625" lon="108.93721112050116062164306640625">
        <ele>407</ele>
        <time>2026-03-10T12:30:10.000Z</time>
        <extensions>
          <ns3:TrackPointExtension>
            <ns3:hr>165</ns3:hr>
            <ns3:cad>100</ns3:cad>
          </ns3:TrackPointExtension>
        </extensions>
      </trkpt>
      <trkpt lat="34.234680198132991790771484375" lon="108.93718421459197998046875">
        <ele>407</ele>
        <time>2026-03-10T12:30:11.000Z</time>
        <extensions>
          <ns3:TrackPointExtension>
            <ns3:hr>165</ns3:hr>
            <ns3:cad>99</ns3:cad>
          </ns3:TrackPointExtension>
        </extensions>
      </trkpt>
      <trkpt lat="34.2346711456775665283203125" lon="108.9371723122894763946533203125">
        <ele>407</ele>
        <time>2026-03-10T12:30:12.000Z</time>
        <extensions>
          <ns3:TrackPointExtension>
            <ns3:hr>165</ns3:hr>
            <ns3:cad>99</ns3:cad>
          </ns3:TrackPointExtension>
        </extensions>
      </trkpt>
    </trkseg>
  </trk>
</gpx>
