<gpx xmlns:ns3="http://www.garmin.com/xmlschemas/TrackPointExtension/v1" xmlns="http://www.topografix.com/GPX/1/1" xmlns:xsi="http://www.w3.org/2001/XMLSchema-instance" xmlns:ns2="http://www.garmin.com/xmlschemas/GpxExtensions/v3" creator="Garmin Connect" version="1.1" xsi:schemaLocation="http://www.topografix.com/GPX/1/1 http://www.topografix.com/GPX/11.xsd">
  <extensions>
<distance>3665.8</distance>
<average_hr>152.0</average_hr>
<average_speed>3.190000057220459</average_speed>
<start_time>2026-03-17T13:06:08+00:00</start_time>
<end_time>2026-03-17T13:25:17.083000+00:00</end_time>
<moving_time>1140.214</moving_time>
<elapsed_time>1150.512</elapsed_time>
</extensions>
<metadata>
    <link href="connect.garmin.com">
      <text>Garmin Connect</text>
    </link>
    <time>2026-03-17T13:06:08.000Z</time>
  </metadata>
  <trk>
    <name>西安市 跑步</name>
    <type>running</type>
    <trkseg>
      <trkpt lat="34.2346253804862499237060546875" lon="108.936812393367290496826171875">
        <ele>406.20001220703125</ele>
        <time>2026-03-17T13:06:34.000Z</time>
        <extensions>
          <ns3:TrackPointExtension>
            <ns3:hr>124</ns3:hr>
            <ns3:cad>97</ns3:cad>
          </ns3:TrackPointExtension>
        </extensions>
      </trkpt>
      <trkpt lat="34.2346005700528621673583984375" lon="108.93680929206311702728271484375">
        <ele>406.20001220703125</ele>
        <time>2026-03-17T13:06:35.000Z</time>
        <extensions>
          <ns3:TrackPointExtension>
            <ns3:hr>125</ns3:hr>
            <ns3:cad>97</ns3:cad>
          </ns3:TrackPointExtension>
        </extensions>
      </trkpt>
      <trkpt lat="34.23455321229994297027587890625" lon="108.93682320602238178253173828125">
        <ele>406.20001220703125</ele>
        <time>2026-03-17T13:06:36.000Z</time>
        <extensions>
          <ns3:TrackPointExtension>
            <ns3:hr>128</ns3:hr>
            <ns3:cad>98</ns3:cad>
          </ns3:TrackPointExtension>
        </extensions>
      </trkpt>
      <trkpt lat="34.23454441130161285400390625" lon="108.936824798583984375">
        <ele>406.20001220703125</ele>
        <time>2026-03-17T13:06:37.000Z</time>
        <extensions>
          <ns3:TrackPointExtension>
            <ns3:hr>129</ns3:hr>
            <ns3:cad>98</ns3:cad>
          </ns3:TrackPointExtension>
        </extensions>
      </trkpt>
      <trkpt lat="34.23453460447490215301513671875" lon="108.93690166063606739044189453125">
        <ele>406.20001220703125</ele>
        <time>2026-03-17T13:06:38.000Z</time>
        <extensions>
          <ns3:TrackPointExtension>
            <ns3:hr>130</ns3:hr>
            <ns3:cad>99</ns3:cad>
          </ns3:TrackPointExtension>
        </extensions>
      </trkpt>
      <trkpt lat="34.23451314680278301239013671875" lon="108.9369332604110240936279296875">
        <ele>406.20001220703125</ele>
        <time>2026-03-17T13:06:39.000Z</time>
        <extensions>
          <ns3:TrackPointExtension>
            <ns3:hr>131</ns3:hr>
            <ns3:cad>99</ns3:cad>
          </ns3:TrackPointExtension>
        </extensions>
      </trkpt>
      <trkpt lat="34.23448615707457065582275390625" lon="108.93694742582738399505615234375">
        <ele>406.20001220703125</ele>
        <time>2026-03-17T13:06:40.000Z</time>
        <extensions>
          <ns3:TrackPointExtension>
            <ns3:hr>131</ns3:hr>
            <ns3:cad>99</ns3:cad>
          </ns3:TrackPointExtension>
        </extensions>
      </trkpt>
      <trkpt lat="34.23446201719343662261962890625" lon="108.936959914863109588623046875">
        <ele>406.20001220703125</ele>
        <time>2026-03-17T13:06:41.000Z</time>
        <extensions>
          <ns3:TrackPointExtension>
            <ns3:hr>133</ns3:hr>
            <ns3:cad>99</ns3:cad>
          </ns3:TrackPointExtension>
        </extensions>
      </trkpt>
      <trkpt lat="34.23443578183650970458984375" lon="108.93698397092521190643310546875">
        <ele>406.20001220703125</ele>
        <time>2026-03-17T13:06:42.000Z</time>
        <extensions>
          <ns3:TrackPointExtension>
            <ns3:hr>134</ns3:hr>
            <ns3:cad>98</ns3:cad>
          </ns3:TrackPointExtension>
        </extensions>
      </trkpt>
      <trkpt lat="34.23441675491631031036376953125" lon="108.93701012246310710906982421875">
        <ele>406.20001220703125</ele>
        <time>2026-03-17T13:06:43.000Z</time>
        <extensions>
          <ns3:TrackPointExtension>
            <ns3:hr>135</ns3:hr>
            <ns3:cad>97</ns3:cad>
          </ns3:TrackPointExtension>
        </extensions>
      </trkpt>
      <trkpt lat="34.23438406549394130706787109375" lon="108.93703878857195377349853515625">
        <ele>406.20001220703125</ele>
        <time>2026-03-17T13:06:44.000Z</time>
        <extensions>
          <ns3:TrackPointExtension>
            <ns3:hr>136</ns3:hr>
            <ns3:cad>97</ns3:cad>
          </ns3:TrackPointExtension>
        </extensions>
      </trkpt>
      <trkpt lat="34.23435606993734836578369140625" lon="108.9370663650333881378173828125">
        <ele>406.20001220703125</ele>
        <time>2026-03-17T13:06:45.000Z</time>
        <extensions>
          <ns3:TrackPointExtension>
            <ns3:hr>137</ns3:hr>
            <ns3:cad>98</ns3:cad>
          </ns3:TrackPointExtension>
        </extensions>
      </trkpt>
      <trkpt lat="34.23433427698910236358642578125" lon="108.9370797760784626007080078125">
        <ele>406.20001220703125</ele>
        <time>2026-03-17T13:06:46.000Z</time>
        <extensions>
          <ns3:TrackPointExtension>
            <ns3:hr>137</ns3:hr>
            <ns3:cad>99</ns3:cad>
          </ns3:TrackPointExtension>
        </extensions>
      </trkpt>
      <trkpt lat="34.2342944629490375518798828125" lon="108.93711774609982967376708984375">
        <ele>406.20001220703125</ele>
        <time>2026-03-17T13:06:47.000Z</time>
        <extensions>
          <ns3:TrackPointExtension>
            <ns3:hr>138</ns3:hr>
            <ns3:cad>99</ns3:cad>
          </ns3:TrackPointExtension>
        </extensions>
      </trkpt>
      <trkpt lat="34.23427023924887180328369140625" lon="108.93714909441769123077392578125">
        <ele>406.20001220703125</ele>
        <time>2026-03-17T13:06:48.000Z</time>
        <extensions>
          <ns3:TrackPointExtension>
            <ns3:hr>139</ns3:hr>
            <ns3:cad>99</ns3:cad>
          </ns3:TrackPointExtension>
        </extensions>
      </trkpt>
      <trkpt lat="34.2342465184628963470458984375" lon="108.93716619350016117095947265625">
        <ele>406.20001220703125</ele>
        <time>2026-03-17T13:06:49.000Z</time>
        <extensions>
          <ns3:TrackPointExtension>
            <ns3:hr>139</ns3:hr>
            <ns3:cad>99</ns3:cad>
          </ns3:TrackPointExtension>
        </extensions>
      </trkpt>
      <trkpt lat="34.23421592451632022857666015625" lon="108.93718480132520198822021484375">
        <ele>406.20001220703125</ele>
        <time>2026-03-17T13:06:50.000Z</time>
        <extensions>
          <ns3:TrackPointExtension>
            <ns3:hr>140</ns3:hr>
            <ns3:cad>99</ns3:cad>
          </ns3:TrackPointExtension>
        </extensions>
      </trkpt>
      <trkpt lat="34.23419530503451824188232421875" lon="108.9372051693499088287353515625">
        <ele>406.20001220703125</ele>
        <time>2026-03-17T13:06:51.000Z</time>
        <extensions>
          <ns3:TrackPointExtension>
            <ns3:hr>141</ns3:hr>
            <ns3:cad>98</ns3:cad>
          </ns3:TrackPointExtension>
        </extensions>
      </trkpt>
      <trkpt lat="34.23416077159345149993896484375" lon="108.937197625637054443359375">
        <ele>406.20001220703125</ele>
        <time>2026-03-17T13:06:52.000Z</time>
        <extensions>
          <ns3:TrackPointExtension>
            <ns3:hr>141</ns3:hr>
            <ns3:cad>97</ns3:cad>
          </ns3:TrackPointExtension>
        </extensions>
      </trkpt>
      <trkpt lat="34.23413361422717571258544921875" lon="108.93720508553087711334228515625">
        <ele>406.20001220703125</ele>
        <time>2026-03-17T13:06:53.000Z</time>
        <extensions>
          <ns3:TrackPointExtension>
            <ns3:hr>142</ns3:hr>
            <ns3:cad>97</ns3:cad>
          </ns3:TrackPointExtension>
        </extensions>
      </trkpt>
      <trkpt lat="34.23410712741315364837646484375" lon="108.93720902502536773681640625">
        <ele>406.20001220703125</ele>
        <time>2026-03-17T13:06:54.000Z</time>
        <extensions>
          <ns3:TrackPointExtension>
            <ns3:hr>142</ns3:hr>
            <ns3:cad>98</ns3:cad>
          </ns3:TrackPointExtension>
        </extensions>
      </trkpt>
      <trkpt lat="34.234069325029850006103515625" lon="108.93723458983004093170166015625">
        <ele>406.20001220703125</ele>
        <time>2026-03-17T13:06:55.000Z</time>
        <extensions>
          <ns3:TrackPointExtension>
            <ns3:hr>143</ns3:hr>
            <ns3:cad>99</ns3:cad>
          </ns3:TrackPointExtension>
        </extensions>
      </trkpt>
      <trkpt lat="34.23403923399746417999267578125" lon="108.93725353293120861053466796875">
        <ele>406.20001220703125</ele>
        <time>2026-03-17T13:06:56.000Z</time>
        <extensions>
          <ns3:TrackPointExtension>
            <ns3:hr>143</ns3:hr>
            <ns3:cad>99</ns3:cad>
          </ns3:TrackPointExtension>
        </extensions>
      </trkpt>
      <trkpt lat="34.23401040025055408477783203125" lon="108.93725738860666751861572265625">
        <ele>406.20001220703125</ele>
        <time>2026-03-17T13:06:57.000Z</time>
        <extensions>
          <ns3:TrackPointExtension>
            <ns3:hr>144</ns3:hr>
            <ns3:cad>99</ns3:cad>
          </ns3:TrackPointExtension>
        </extensions>
      </trkpt>
      <trkpt lat="34.23397670499980449676513671875" lon="108.937267363071441650390625">
        <ele>406.20001220703125</ele>
        <time>2026-03-17T13:06:58.000Z</time>
        <extensions>
          <ns3:TrackPointExtension>
            <ns3:hr>145</ns3:hr>
            <ns3:cad>99</ns3:cad>
          </ns3:TrackPointExtension>
        </extensions>
      </trkpt>
      <trkpt lat="34.233943261206150054931640625" lon="108.93726660870015621185302734375">
        <ele>406.20001220703125</ele>
        <time>2026-03-17T13:06:59.000Z</time>
        <extensions>
          <ns3:TrackPointExtension>
            <ns3:hr>145</ns3:hr>
            <ns3:cad>99</ns3:cad>
          </ns3:TrackPointExtension>
        </extensions>
      </trkpt>
      <trkpt lat="34.2339068837463855743408203125" lon="108.93725856207311153411865234375">
        <ele>406.20001220703125</ele>
        <time>2026-03-17T13:07:00.000Z</time>
        <extensions>
          <ns3:TrackPointExtension>
            <ns3:hr>147</ns3:hr>
            <ns3:cad>99</ns3:cad>
          </ns3:TrackPointExtension>
        </extensions>
      </trkpt>
      <trkpt lat="34.233880899846553802490234375" lon="108.93725353293120861053466796875">
        <ele>406.399993896484375</ele>
        <time>2026-03-17T13:07:01.000Z</time>
        <extensions>
          <ns3:TrackPointExtension>
            <ns3:hr>148</ns3:hr>
            <ns3:cad>99</ns3:cad>
          </ns3:TrackPointExtension>
        </extensions>
      </trkpt>
      <trkpt lat="34.233862794935703277587890625" lon="108.93724766559898853302001953125">
        <ele>406.399993896484375</ele>
        <time>2026-03-17T13:07:02.000Z</time>
        <extensions>
          <ns3:TrackPointExtension>
            <ns3:hr>149</ns3:hr>
            <ns3:cad>98</ns3:cad>
          </ns3:TrackPointExtension>
        </extensions>
      </trkpt>
      <trkpt lat="34.23382968641817569732666015625" lon="108.93723995424807071685791015625">
        <ele>406.399993896484375</ele>
        <time>2026-03-17T13:07:03.000Z</time>
        <extensions>
          <ns3:TrackPointExtension>
            <ns3:hr>150</ns3:hr>
            <ns3:cad>98</ns3:cad>
          </ns3:TrackPointExtension>
        </extensions>
      </trkpt>
      <trkpt lat="34.2337969131767749786376953125" lon="108.93723106943070888519287109375">
        <ele>406.399993896484375</ele>
        <time>2026-03-17T13:07:04.000Z</time>
        <extensions>
          <ns3:TrackPointExtension>
            <ns3:hr>152</ns3:hr>
            <ns3:cad>97</ns3:cad>
          </ns3:TrackPointExtension>
        </extensions>
      </trkpt>
      <trkpt lat="34.2337747849524021148681640625" lon="108.93722050823271274566650390625">
        <ele>406.399993896484375</ele>
        <time>2026-03-17T13:07:05.000Z</time>
        <extensions>
          <ns3:TrackPointExtension>
            <ns3:hr>153</ns3:hr>
            <ns3:cad>97</ns3:cad>
          </ns3:TrackPointExtension>
        </extensions>
      </trkpt>
      <trkpt lat="34.23373782075941562652587890625" lon="108.9372192509472370147705078125">
        <ele>406.399993896484375</ele>
        <time>2026-03-17T13:07:06.000Z</time>
        <extensions>
          <ns3:TrackPointExtension>
            <ns3:hr>154</ns3:hr>
            <ns3:cad>98</ns3:cad>
          </ns3:TrackPointExtension>
        </extensions>
      </trkpt>
      <trkpt lat="34.23370496369898319244384765625" lon="108.93721514381468296051025390625">
        <ele>406.399993896484375</ele>
        <time>2026-03-17T13:07:07.000Z</time>
        <extensions>
          <ns3:TrackPointExtension>
            <ns3:hr>154</ns3:hr>
            <ns3:cad>98</ns3:cad>
          </ns3:TrackPointExtension>
        </extensions>
      </trkpt>
      <trkpt lat="34.23367931507527828216552734375" lon="108.9372071810066699981689453125">
        <ele>406.399993896484375</ele>
        <time>2026-03-17T13:07:08.000Z</time>
        <extensions>
          <ns3:TrackPointExtension>
            <ns3:hr>155</ns3:hr>
            <ns3:cad>98</ns3:cad>
          </ns3:TrackPointExtension>
        </extensions>
      </trkpt>
      <trkpt lat="34.2336534149944782257080078125" lon="108.937204666435718536376953125">
        <ele>406.399993896484375</ele>
        <time>2026-03-17T13:07:09.000Z</time>
        <extensions>
          <ns3:TrackPointExtension>
            <ns3:hr>156</ns3:hr>
            <ns3:cad>98</ns3:cad>
          </ns3:TrackPointExtension>
        </extensions>
      </trkpt>
      <trkpt lat="34.23362215049564838409423828125" lon="108.937203325331211090087890625">
        <ele>406.20001220703125</ele>
        <time>2026-03-17T13:07:10.000Z</time>
        <extensions>
          <ns3:TrackPointExtension>
            <ns3:hr>157</ns3:hr>
            <ns3:cad>98</ns3:cad>
          </ns3:TrackPointExtension>
        </extensions>
      </trkpt>
      <trkpt lat="34.23360035754740238189697265625" lon="108.93720257095992565155029296875">
        <ele>406.20001220703125</ele>
        <time>2026-03-17T13:07:11.000Z</time>
        <extensions>
          <ns3:TrackPointExtension>
            <ns3:hr>157</ns3:hr>
            <ns3:cad>99</ns3:cad>
          </ns3:TrackPointExtension>
        </extensions>
      </trkpt>
      <trkpt lat="34.2335799895226955413818359375" lon="108.9372034929692745208740234375">
        <ele>406.20001220703125</ele>
        <time>2026-03-17T13:07:12.000Z</time>
        <extensions>
          <ns3:TrackPointExtension>
            <ns3:hr>158</ns3:hr>
            <ns3:cad>99</ns3:cad>
          </ns3:TrackPointExtension>
        </extensions>
      </trkpt>
      <trkpt lat="34.23355945385992527008056640625" lon="108.93720827065408229827880859375">
        <ele>406.399993896484375</ele>
        <time>2026-03-17T13:07:13.000Z</time>
        <extensions>
          <ns3:TrackPointExtension>
            <ns3:hr>158</ns3:hr>
            <ns3:cad>99</ns3:cad>
          </ns3:TrackPointExtension>
        </extensions>
      </trkpt>
      <trkpt lat="34.2335043847560882568359375" lon="108.937250934541225433349609375">
        <ele>406.399993896484375</ele>
        <time>2026-03-17T13:07:14.000Z</time>
        <extensions>
          <ns3:TrackPointExtension>
            <ns3:hr>159</ns3:hr>
            <ns3:cad>99</ns3:cad>
          </ns3:TrackPointExtension>
        </extensions>
      </trkpt>
      <trkpt lat="34.23345568589866161346435546875" lon="108.9372685365378856658935546875">
        <ele>406.399993896484375</ele>
        <time>2026-03-17T13:07:15.000Z</time>
        <extensions>
          <ns3:TrackPointExtension>
            <ns3:hr>159</ns3:hr>
            <ns3:cad>99</ns3:cad>
          </ns3:TrackPointExtension>
        </extensions>
      </trkpt>
      <trkpt lat="34.23341528512537479400634765625" lon="108.9372812770307064056396484375">
        <ele>406.399993896484375</ele>
        <time>2026-03-17T13:07:16.000Z</time>
        <extensions>
          <ns3:TrackPointExtension>
            <ns3:hr>160</ns3:hr>
            <ns3:cad>98</ns3:cad>
          </ns3:TrackPointExtension>
        </extensions>
      </trkpt>
      <trkpt lat="34.2333338968455791473388671875" lon="108.9373062551021575927734375">
        <ele>406.20001220703125</ele>
        <time>2026-03-17T13:07:17.000Z</time>
        <extensions>
          <ns3:TrackPointExtension>
            <ns3:hr>161</ns3:hr>
            <ns3:cad>98</ns3:cad>
          </ns3:TrackPointExtension>
        </extensions>
      </trkpt>
      <trkpt lat="34.2332487367093563079833984375" lon="108.9373617433011531829833984375">
        <ele>406.20001220703125</ele>
        <time>2026-03-17T13:07:18.000Z</time>
        <extensions>
          <ns3:TrackPointExtension>
            <ns3:hr>161</ns3:hr>
            <ns3:cad>98</ns3:cad>
          </ns3:TrackPointExtension>
        </extensions>
      </trkpt>
      <trkpt lat="34.2331905663013458251953125" lon="108.93741027452051639556884765625">
        <ele>406.20001220703125</ele>
        <time>2026-03-17T13:07:19.000Z</time>
        <extensions>
          <ns3:TrackPointExtension>
            <ns3:hr>162</ns3:hr>
            <ns3:cad>98</ns3:cad>
          </ns3:TrackPointExtension>
        </extensions>
      </trkpt>
      <trkpt lat="34.2331369221210479736328125" lon="108.937446065247058868408203125">
        <ele>406.20001220703125</ele>
        <time>2026-03-17T13:07:20.000Z</time>
        <extensions>
          <ns3:TrackPointExtension>
            <ns3:hr>162</ns3:hr>
            <ns3:cad>98</ns3:cad>
          </ns3:TrackPointExtension>
        </extensions>
      </trkpt>
      <trkpt lat="34.23309761099517345428466796875" lon="108.9374774135649204254150390625">
        <ele>406.20001220703125</ele>
        <time>2026-03-17T13:07:21.000Z</time>
        <extensions>
          <ns3:TrackPointExtension>
            <ns3:hr>163</ns3:hr>
            <ns3:cad>97</ns3:cad>
          </ns3:TrackPointExtension>
        </extensions>
      </trkpt>
      <trkpt lat="34.23305603675544261932373046875" lon="108.93750649876892566680908203125">
        <ele>406.20001220703125</ele>
        <time>2026-03-17T13:07:22.000Z</time>
        <extensions>
          <ns3:TrackPointExtension>
            <ns3:hr>163</ns3:hr>
            <ns3:cad>97</ns3:cad>
          </ns3:TrackPointExtension>
        </extensions>
      </trkpt>
      <trkpt lat="34.23301697708666324615478515625" lon="108.937529884278774261474609375">
        <ele>406.399993896484375</ele>
        <time>2026-03-17T13:07:23.000Z</time>
        <extensions>
          <ns3:TrackPointExtension>
            <ns3:hr>164</ns3:hr>
            <ns3:cad>97</ns3:cad>
          </ns3:TrackPointExtension>
        </extensions>
      </trkpt>
      <trkpt lat="34.232991747558116912841796875" lon="108.93754698336124420166015625">
        <ele>406.399993896484375</ele>
        <time>2026-03-17T13:07:24.000Z</time>
        <extensions>
          <ns3:TrackPointExtension>
            <ns3:hr>164</ns3:hr>
            <ns3:cad>99</ns3:cad>
          </ns3:TrackPointExtension>
        </extensions>
      </trkpt>
      <trkpt lat="34.23299275338649749755859375" lon="108.93756575882434844970703125">
        <ele>406.20001220703125</ele>
        <time>2026-03-17T13:07:25.000Z</time>
        <extensions>
          <ns3:TrackPointExtension>
            <ns3:hr>165</ns3:hr>
            <ns3:cad>99</ns3:cad>
          </ns3:TrackPointExtension>
        </extensions>
      </trkpt>
      <trkpt lat="34.23299484886229038238525390625" lon="108.93759450875222682952880859375">
        <ele>406.20001220703125</ele>
        <time>2026-03-17T13:07:26.000Z</time>
        <extensions>
          <ns3:TrackPointExtension>
            <ns3:hr>165</ns3:hr>
            <ns3:cad>98</ns3:cad>
          </ns3:TrackPointExtension>
        </extensions>
      </trkpt>
      <trkpt lat="34.23296920023858547210693359375" lon="108.93762250430881977081298828125">
        <ele>406.20001220703125</ele>
        <time>2026-03-17T13:07:27.000Z</time>
        <extensions>
          <ns3:TrackPointExtension>
            <ns3:hr>165</ns3:hr>
            <ns3:cad>98</ns3:cad>
          </ns3:TrackPointExtension>
        </extensions>
      </trkpt>
      <trkpt lat="34.23290482722222805023193359375" lon="108.9377077482640743255615234375">
        <ele>406.20001220703125</ele>
        <time>2026-03-17T13:07:28.000Z</time>
        <extensions>
          <ns3:TrackPointExtension>
            <ns3:hr>165</ns3:hr>
            <ns3:cad>98</ns3:cad>
          </ns3:TrackPointExtension>
        </extensions>
      </trkpt>
      <trkpt lat="34.23287448473274707794189453125" lon="108.93776231445372104644775390625">
        <ele>406.20001220703125</ele>
        <time>2026-03-17T13:07:29.000Z</time>
        <extensions>
          <ns3:TrackPointExtension>
            <ns3:hr>166</ns3:hr>
            <ns3:cad>98</ns3:cad>
          </ns3:TrackPointExtension>
        </extensions>
      </trkpt>
      <trkpt lat="34.232868365943431854248046875" lon="108.9378002844750881195068359375">
        <ele>406.20001220703125</ele>
        <time>2026-03-17T13:07:30.000Z</time>
        <extensions>
          <ns3:TrackPointExtension>
            <ns3:hr>166</ns3:hr>
            <ns3:cad>98</ns3:cad>
          </ns3:TrackPointExtension>
        </extensions>
      </trkpt>
      <trkpt lat="34.23280742950737476348876953125" lon="108.93786407075822353363037109375">
        <ele>406.399993896484375</ele>
        <time>2026-03-17T13:07:31.000Z</time>
        <extensions>
          <ns3:TrackPointExtension>
            <ns3:hr>166</ns3:hr>
            <ns3:cad>98</ns3:cad>
          </ns3:TrackPointExtension>
        </extensions>
      </trkpt>
      <trkpt lat="34.23275269567966461181640625" lon="108.9379548467695713043212890625">
        <ele>406.399993896484375</ele>
        <time>2026-03-17T13:07:32.000Z</time>
        <extensions>
          <ns3:TrackPointExtension>
            <ns3:hr>166</ns3:hr>
            <ns3:cad>98</ns3:cad>
          </ns3:TrackPointExtension>
        </extensions>
      </trkpt>
      <trkpt lat="34.23269905149936676025390625" lon="108.9380497299134731292724609375">
        <ele>406.399993896484375</ele>
        <time>2026-03-17T13:07:33.000Z</time>
        <extensions>
          <ns3:TrackPointExtension>
            <ns3:hr>167</ns3:hr>
            <ns3:cad>98</ns3:cad>
          </ns3:TrackPointExtension>
        </extensions>
      </trkpt>
      <trkpt lat="34.2326750792562961578369140625" lon="108.9381047151982784271240234375">
        <ele>406.399993896484375</ele>
        <time>2026-03-17T13:07:34.000Z</time>
        <extensions>
          <ns3:TrackPointExtension>
            <ns3:hr>167</ns3:hr>
            <ns3:cad>98</ns3:cad>
          </ns3:TrackPointExtension>
        </extensions>
      </trkpt>
      <trkpt lat="34.23264750279486179351806640625" lon="108.93816657364368438720703125">
        <ele>406.20001220703125</ele>
        <time>2026-03-17T13:07:35.000Z</time>
        <extensions>
          <ns3:TrackPointExtension>
            <ns3:hr>167</ns3:hr>
            <ns3:cad>98</ns3:cad>
          </ns3:TrackPointExtension>
        </extensions>
      </trkpt>
      <trkpt lat="34.23265001736581325531005859375" lon="108.9382103271782398223876953125">
        <ele>406.20001220703125</ele>
        <time>2026-03-17T13:07:36.000Z</time>
        <extensions>
          <ns3:TrackPointExtension>
            <ns3:hr>167</ns3:hr>
            <ns3:cad>98</ns3:cad>
          </ns3:TrackPointExtension>
        </extensions>
      </trkpt>
      <trkpt lat="34.2326512746512889862060546875" lon="108.93825097940862178802490234375">
        <ele>406.399993896484375</ele>
        <time>2026-03-17T13:07:37.000Z</time>
        <extensions>
          <ns3:TrackPointExtension>
            <ns3:hr>168</ns3:hr>
            <ns3:cad>98</ns3:cad>
          </ns3:TrackPointExtension>
        </extensions>
      </trkpt>
      <trkpt lat="34.232651107013225555419921875" lon="108.93827746622264385223388671875">
        <ele>406.399993896484375</ele>
        <time>2026-03-17T13:07:38.000Z</time>
        <extensions>
          <ns3:TrackPointExtension>
            <ns3:hr>168</ns3:hr>
            <ns3:cad>99</ns3:cad>
          </ns3:TrackPointExtension>
        </extensions>
      </trkpt>
      <trkpt lat="34.2326512746512889862060546875" lon="108.93830931745469570159912109375">
        <ele>406.20001220703125</ele>
        <time>2026-03-17T13:07:39.000Z</time>
        <extensions>
          <ns3:TrackPointExtension>
            <ns3:hr>168</ns3:hr>
            <ns3:cad>99</ns3:cad>
          </ns3:TrackPointExtension>
        </extensions>
      </trkpt>
      <trkpt lat="34.2326563037931919097900390625" lon="108.93833228386938571929931640625">
        <ele>406.399993896484375</ele>
        <time>2026-03-17T13:07:40.000Z</time>
        <extensions>
          <ns3:TrackPointExtension>
            <ns3:hr>169</ns3:hr>
            <ns3:cad>99</ns3:cad>
          </ns3:TrackPointExtension>
        </extensions>
      </trkpt>
      <trkpt lat="34.23266326077282428741455078125" lon="108.9383481256663799285888671875">
        <ele>406.20001220703125</ele>
        <time>2026-03-17T13:07:41.000Z</time>
        <extensions>
          <ns3:TrackPointExtension>
            <ns3:hr>169</ns3:hr>
            <ns3:cad>99</ns3:cad>
          </ns3:TrackPointExtension>
        </extensions>
      </trkpt>
      <trkpt lat="34.23267952166497707366943359375" lon="108.93834837712347507476806640625">
        <ele>406.20001220703125</ele>
        <time>2026-03-17T13:07:42.000Z</time>
        <extensions>
          <ns3:TrackPointExtension>
            <ns3:hr>170</ns3:hr>
            <ns3:cad>99</ns3:cad>
          </ns3:TrackPointExtension>
        </extensions>
      </trkpt>
      <trkpt lat="34.232688657939434051513671875" lon="108.938355334103107452392578125">
        <ele>406.20001220703125</ele>
        <time>2026-03-17T13:07:43.000Z</time>
        <extensions>
          <ns3:TrackPointExtension>
            <ns3:hr>170</ns3:hr>
            <ns3:cad>99</ns3:cad>
          </ns3:TrackPointExtension>
        </extensions>
      </trkpt>
      <trkpt lat="34.2326809465885162353515625" lon="108.9383276738226413726806640625">
        <ele>406.399993896484375</ele>
        <time>2026-03-17T13:07:44.000Z</time>
        <extensions>
          <ns3:TrackPointExtension>
            <ns3:hr>171</ns3:hr>
            <ns3:cad>99</ns3:cad>
          </ns3:TrackPointExtension>
        </extensions>
      </trkpt>
      <trkpt lat="34.232712127268314361572265625" lon="108.938323147594928741455078125">
        <ele>406.399993896484375</ele>
        <time>2026-03-17T13:07:45.000Z</time>
        <extensions>
          <ns3:TrackPointExtension>
            <ns3:hr>171</ns3:hr>
            <ns3:cad>99</ns3:cad>
          </ns3:TrackPointExtension>
        </extensions>
      </trkpt>
      <trkpt lat="34.23283240757882595062255859375" lon="108.93822248093783855438232421875">
        <ele>406.399993896484375</ele>
        <time>2026-03-17T13:07:46.000Z</time>
        <extensions>
          <ns3:TrackPointExtension>
            <ns3:hr>172</ns3:hr>
            <ns3:cad>99</ns3:cad>
          </ns3:TrackPointExtension>
        </extensions>
      </trkpt>
      <trkpt lat="34.23286962322890758514404296875" lon="108.938221894204616546630859375">
        <ele>406.399993896484375</ele>
        <time>2026-03-17T13:07:47.000Z</time>
        <extensions>
          <ns3:TrackPointExtension>
            <ns3:hr>172</ns3:hr>
            <ns3:cad>99</ns3:cad>
          </ns3:TrackPointExtension>
        </extensions>
      </trkpt>
      <trkpt lat="34.2328879795968532562255859375" lon="108.93824142403900623321533203125">
        <ele>406.399993896484375</ele>
        <time>2026-03-17T13:07:48.000Z</time>
        <extensions>
          <ns3:TrackPointExtension>
            <ns3:hr>173</ns3:hr>
            <ns3:cad>99</ns3:cad>
          </ns3:TrackPointExtension>
        </extensions>
      </trkpt>
      <trkpt lat="34.23290180973708629608154296875" lon="108.938265144824981689453125">
        <ele>406.399993896484375</ele>
        <time>2026-03-17T13:07:49.000Z</time>
        <extensions>
          <ns3:TrackPointExtension>
            <ns3:hr>173</ns3:hr>
            <ns3:cad>99</ns3:cad>
          </ns3:TrackPointExtension>
        </extensions>
      </trkpt>
      <trkpt lat="34.23291991464793682098388671875" lon="108.93826573155820369720458984375">
        <ele>406.399993896484375</ele>
        <time>2026-03-17T13:07:50.000Z</time>
        <extensions>
          <ns3:TrackPointExtension>
            <ns3:hr>174</ns3:hr>
            <ns3:cad>99</ns3:cad>
          </ns3:TrackPointExtension>
        </extensions>
      </trkpt>
      <trkpt lat="34.2329479940235614776611328125" lon="108.93823455087840557098388671875">
        <ele>406.399993896484375</ele>
        <time>2026-03-17T13:07:51.000Z</time>
        <extensions>
          <ns3:TrackPointExtension>
            <ns3:hr>175</ns3:hr>
            <ns3:cad>99</ns3:cad>
          </ns3:TrackPointExtension>
        </extensions>
      </trkpt>
      <trkpt lat="34.23295981250703334808349609375" lon="108.9382220618426799774169921875">
        <ele>406.399993896484375</ele>
        <time>2026-03-17T13:07:52.000Z</time>
        <extensions>
          <ns3:TrackPointExtension>
            <ns3:hr>175</ns3:hr>
            <ns3:cad>97</ns3:cad>
          </ns3:TrackPointExtension>
        </extensions>
      </trkpt>
      <trkpt lat="34.232974983751773834228515625" lon="108.9382101595401763916015625">
        <ele>406.399993896484375</ele>
        <time>2026-03-17T13:07:53.000Z</time>
        <extensions>
          <ns3:TrackPointExtension>
            <ns3:hr>176</ns3:hr>
            <ns3:cad>94</ns3:cad>
          </ns3:TrackPointExtension>
        </extensions>
      </trkpt>
      <trkpt lat="34.23298981972038745880126953125" lon="108.93820278346538543701171875">
        <ele>406.399993896484375</ele>
        <time>2026-03-17T13:07:54.000Z</time>
        <extensions>
          <ns3:TrackPointExtension>
            <ns3:hr>176</ns3:hr>
            <ns3:cad>94</ns3:cad>
          </ns3:TrackPointExtension>
        </extensions>
      </trkpt>
      <trkpt lat="34.23299853689968585968017578125" lon="108.93818627111613750457763671875">
        <ele>406.399993896484375</ele>
        <time>2026-03-17T13:07:55.000Z</time>
        <extensions>
          <ns3:TrackPointExtension>
            <ns3:hr>176</ns3:hr>
            <ns3:cad>93</ns3:cad>
          </ns3:TrackPointExtension>
        </extensions>
      </trkpt>
      <trkpt lat="34.23301479779183864593505859375" lon="108.93818576820194721221923828125">
        <ele>406.399993896484375</ele>
        <time>2026-03-17T13:07:56.000Z</time>
        <extensions>
          <ns3:TrackPointExtension>
            <ns3:hr>176</ns3:hr>
            <ns3:cad>93</ns3:cad>
          </ns3:TrackPointExtension>
        </extensions>
      </trkpt>
      <trkpt lat="34.23303005285561084747314453125" lon="108.9381865225732326507568359375">
        <ele>406.399993896484375</ele>
        <time>2026-03-17T13:07:57.000Z</time>
        <extensions>
          <ns3:TrackPointExtension>
            <ns3:hr>176</ns3:hr>
            <ns3:cad>93</ns3:cad>
          </ns3:TrackPointExtension>
        </extensions>
      </trkpt>
      <trkpt lat="34.233055450022220611572265625" lon="108.93818459473550319671630859375">
        <ele>406.399993896484375</ele>
        <time>2026-03-17T13:07:58.000Z</time>
        <extensions>
          <ns3:TrackPointExtension>
            <ns3:hr>176</ns3:hr>
            <ns3:cad>97</ns3:cad>
          </ns3:TrackPointExtension>
        </extensions>
      </trkpt>
      <trkpt lat="34.233087636530399322509765625" lon="108.93818199634552001953125">
        <ele>406.399993896484375</ele>
        <time>2026-03-17T13:07:59.000Z</time>
        <extensions>
          <ns3:TrackPointExtension>
            <ns3:hr>176</ns3:hr>
            <ns3:cad>97</ns3:cad>
          </ns3:TrackPointExtension>
        </extensions>
      </trkpt>
      <trkpt lat="34.2330993711948394775390625" lon="108.9381873607635498046875">
        <ele>406.399993896484375</ele>
        <time>2026-03-17T13:08:00.000Z</time>
        <extensions>
          <ns3:TrackPointExtension>
            <ns3:hr>176</ns3:hr>
            <ns3:cad>96</ns3:cad>
          </ns3:TrackPointExtension>
        </extensions>
      </trkpt>
      <trkpt lat="34.2331208288669586181640625" lon="108.93819297663867473602294921875">
        <ele>406.399993896484375</ele>
        <time>2026-03-17T13:08:01.000Z</time>
        <extensions>
          <ns3:TrackPointExtension>
            <ns3:hr>177</ns3:hr>
            <ns3:cad>96</ns3:cad>
          </ns3:TrackPointExtension>
        </extensions>
      </trkpt>
      <trkpt lat="34.23313558101654052734375" lon="108.93820068798959255218505859375">
        <ele>406.20001220703125</ele>
        <time>2026-03-17T13:08:02.000Z</time>
        <extensions>
          <ns3:TrackPointExtension>
            <ns3:hr>177</ns3:hr>
            <ns3:cad>96</ns3:cad>
          </ns3:TrackPointExtension>
        </extensions>
      </trkpt>
      <trkpt lat="34.23314723186194896697998046875" lon="108.9382063038647174835205078125">
        <ele>406.20001220703125</ele>
        <time>2026-03-17T13:08:03.000Z</time>
        <extensions>
          <ns3:TrackPointExtension>
            <ns3:hr>177</ns3:hr>
            <ns3:cad>96</ns3:cad>
          </ns3:TrackPointExtension>
        </extensions>
      </trkpt>
      <trkpt lat="34.2331615649163722991943359375" lon="108.93821418285369873046875">
        <ele>406.20001220703125</ele>
        <time>2026-03-17T13:08:04.000Z</time>
        <extensions>
          <ns3:TrackPointExtension>
            <ns3:hr>177</ns3:hr>
            <ns3:cad>96</ns3:cad>
          </ns3:TrackPointExtension>
        </extensions>
      </trkpt>
      <trkpt lat="34.23317472450435161590576171875" lon="108.93822549842298030853271484375">
        <ele>406.20001220703125</ele>
        <time>2026-03-17T13:08:05.000Z</time>
        <extensions>
          <ns3:TrackPointExtension>
            <ns3:hr>177</ns3:hr>
            <ns3:cad>96</ns3:cad>
          </ns3:TrackPointExtension>
        </extensions>
      </trkpt>
      <trkpt lat="34.2331863753497600555419921875" lon="108.93823153339326381683349609375">
        <ele>406.20001220703125</ele>
        <time>2026-03-17T13:08:06.000Z</time>
        <extensions>
          <ns3:TrackPointExtension>
            <ns3:hr>176</ns3:hr>
            <ns3:cad>99</ns3:cad>
          </ns3:TrackPointExtension>
        </extensions>
      </trkpt>
      <trkpt lat="34.23320992849767208099365234375" lon="108.9382351376116275787353515625">
        <ele>406.20001220703125</ele>
        <time>2026-03-17T13:08:07.000Z</time>
        <extensions>
          <ns3:TrackPointExtension>
            <ns3:hr>177</ns3:hr>
            <ns3:cad>99</ns3:cad>
          </ns3:TrackPointExtension>
        </extensions>
      </trkpt>
      <trkpt lat="34.2332081682980060577392578125" lon="108.9382297731935977935791015625">
        <ele>406.399993896484375</ele>
        <time>2026-03-17T13:08:08.000Z</time>
        <extensions>
          <ns3:TrackPointExtension>
            <ns3:hr>177</ns3:hr>
            <ns3:cad>99</ns3:cad>
          </ns3:TrackPointExtension>
        </extensions>
      </trkpt>
      <trkpt lat="34.23320875503122806549072265625" lon="108.93823086284101009368896484375">
        <ele>406.399993896484375</ele>
        <time>2026-03-17T13:08:09.000Z</time>
        <extensions>
          <ns3:TrackPointExtension>
            <ns3:hr>177</ns3:hr>
            <ns3:cad>99</ns3:cad>
          </ns3:TrackPointExtension>
        </extensions>
      </trkpt>
      <trkpt lat="34.23322568647563457489013671875" lon="108.938234634697437286376953125">
        <ele>406.399993896484375</ele>
        <time>2026-03-17T13:08:10.000Z</time>
        <extensions>
          <ns3:TrackPointExtension>
            <ns3:hr>177</ns3:hr>
            <ns3:cad>99</ns3:cad>
          </ns3:TrackPointExtension>
        </extensions>
      </trkpt>
      <trkpt lat="34.233235158026218414306640625" lon="108.93823220394551753997802734375">
        <ele>406.399993896484375</ele>
        <time>2026-03-17T13:08:11.000Z</time>
        <extensions>
          <ns3:TrackPointExtension>
            <ns3:hr>177</ns3:hr>
            <ns3:cad>99</ns3:cad>
          </ns3:TrackPointExtension>
        </extensions>
      </trkpt>
      <trkpt lat="34.233244545757770538330078125" lon="108.9382331259548664093017578125">
        <ele>406.399993896484375</ele>
        <time>2026-03-17T13:08:12.000Z</time>
        <extensions>
          <ns3:TrackPointExtension>
            <ns3:hr>177</ns3:hr>
            <ns3:cad>99</ns3:cad>
          </ns3:TrackPointExtension>
        </extensions>
      </trkpt>
      <trkpt lat="34.2332564480602741241455078125" lon="108.93823589198291301727294921875">
        <ele>406.399993896484375</ele>
        <time>2026-03-17T13:08:13.000Z</time>
        <extensions>
          <ns3:TrackPointExtension>
            <ns3:hr>178</ns3:hr>
            <ns3:cad>100</ns3:cad>
          </ns3:TrackPointExtension>
        </extensions>
      </trkpt>
      <trkpt lat="34.23326893709599971771240234375" lon="108.93824293278157711029052734375">
        <ele>406.399993896484375</ele>
        <time>2026-03-17T13:08:14.000Z</time>
        <extensions>
          <ns3:TrackPointExtension>
            <ns3:hr>178</ns3:hr>
            <ns3:cad>100</ns3:cad>
          </ns3:TrackPointExtension>
        </extensions>
      </trkpt>
      <trkpt lat="34.2332804203033447265625" lon="108.9382535777986049652099609375">
        <ele>406.399993896484375</ele>
        <time>2026-03-17T13:08:15.000Z</time>
        <extensions>
          <ns3:TrackPointExtension>
            <ns3:hr>179</ns3:hr>
            <ns3:cad>99</ns3:cad>
          </ns3:TrackPointExtension>
        </extensions>
      </trkpt>
      <trkpt lat="34.233288131654262542724609375" lon="108.93825550563633441925048828125">
        <ele>406.399993896484375</ele>
        <time>2026-03-17T13:08:16.000Z</time>
        <extensions>
          <ns3:TrackPointExtension>
            <ns3:hr>179</ns3:hr>
            <ns3:cad>99</ns3:cad>
          </ns3:TrackPointExtension>
        </extensions>
      </trkpt>
      <trkpt lat="34.23328922130167484283447265625" lon="108.93824762664735317230224609375">
        <ele>406.399993896484375</ele>
        <time>2026-03-17T13:08:17.000Z</time>
        <extensions>
          <ns3:TrackPointExtension>
            <ns3:hr>179</ns3:hr>
            <ns3:cad>99</ns3:cad>
          </ns3:TrackPointExtension>
        </extensions>
      </trkpt>
      <trkpt lat="34.23329450190067291259765625" lon="108.93821476958692073822021484375">
        <ele>406.399993896484375</ele>
        <time>2026-03-17T13:08:18.000Z</time>
        <extensions>
          <ns3:TrackPointExtension>
            <ns3:hr>178</ns3:hr>
            <ns3:cad>99</ns3:cad>
          </ns3:TrackPointExtension>
        </extensions>
      </trkpt>
      <trkpt lat="34.23330615274608135223388671875" lon="108.93818291835486888885498046875">
        <ele>406.399993896484375</ele>
        <time>2026-03-17T13:08:19.000Z</time>
        <extensions>
          <ns3:TrackPointExtension>
            <ns3:hr>179</ns3:hr>
            <ns3:cad>98</ns3:cad>
          </ns3:TrackPointExtension>
        </extensions>
      </trkpt>
      <trkpt lat="34.233327023684978485107421875" lon="108.938174955546855926513671875">
        <ele>406.399993896484375</ele>
        <time>2026-03-17T13:08:20.000Z</time>
        <extensions>
          <ns3:TrackPointExtension>
            <ns3:hr>179</ns3:hr>
            <ns3:cad>98</ns3:cad>
          </ns3:TrackPointExtension>
        </extensions>
      </trkpt>
      <trkpt lat="34.23334973864257335662841796875" lon="108.9381761290132999420166015625">
        <ele>406.399993896484375</ele>
        <time>2026-03-17T13:08:21.000Z</time>
        <extensions>
          <ns3:TrackPointExtension>
            <ns3:hr>178</ns3:hr>
            <ns3:cad>98</ns3:cad>
          </ns3:TrackPointExtension>
        </extensions>
      </trkpt>
      <trkpt lat="34.23337622545659542083740234375" lon="108.9381731115281581878662109375">
        <ele>406.399993896484375</ele>
        <time>2026-03-17T13:08:22.000Z</time>
        <extensions>
          <ns3:TrackPointExtension>
            <ns3:hr>178</ns3:hr>
            <ns3:cad>98</ns3:cad>
          </ns3:TrackPointExtension>
        </extensions>
      </trkpt>
      <trkpt lat="34.2333932407200336456298828125" lon="108.9381429366767406463623046875">
        <ele>406.399993896484375</ele>
        <time>2026-03-17T13:08:23.000Z</time>
        <extensions>
          <ns3:TrackPointExtension>
            <ns3:hr>178</ns3:hr>
            <ns3:cad>100</ns3:cad>
          </ns3:TrackPointExtension>
        </extensions>
      </trkpt>
      <trkpt lat="34.23341629095375537872314453125" lon="108.93811016343533992767333984375">
        <ele>406.399993896484375</ele>
        <time>2026-03-17T13:08:24.000Z</time>
        <extensions>
          <ns3:TrackPointExtension>
            <ns3:hr>178</ns3:hr>
            <ns3:cad>100</ns3:cad>
          </ns3:TrackPointExtension>
        </extensions>
      </trkpt>
      <trkpt lat="34.23345266841351985931396484375" lon="108.93810982815921306610107421875">
        <ele>406.399993896484375</ele>
        <time>2026-03-17T13:08:25.000Z</time>
        <extensions>
          <ns3:TrackPointExtension>
            <ns3:hr>178</ns3:hr>
            <ns3:cad>99</ns3:cad>
          </ns3:TrackPointExtension>
        </extensions>
      </trkpt>
      <trkpt lat="34.23348225653171539306640625" lon="108.93809759058058261871337890625">
        <ele>406.399993896484375</ele>
        <time>2026-03-17T13:08:26.000Z</time>
        <extensions>
          <ns3:TrackPointExtension>
            <ns3:hr>177</ns3:hr>
            <ns3:cad>99</ns3:cad>
          </ns3:TrackPointExtension>
        </extensions>
      </trkpt>
      <trkpt lat="34.2335062287747859954833984375" lon="108.93808853812515735626220703125">
        <ele>406.399993896484375</ele>
        <time>2026-03-17T13:08:27.000Z</time>
        <extensions>
          <ns3:TrackPointExtension>
            <ns3:hr>177</ns3:hr>
            <ns3:cad>99</ns3:cad>
          </ns3:TrackPointExtension>
        </extensions>
      </trkpt>
      <trkpt lat="34.23353430815041065216064453125" lon="108.93807412125170230865478515625">
        <ele>406.399993896484375</ele>
        <time>2026-03-17T13:08:28.000Z</time>
        <extensions>
          <ns3:TrackPointExtension>
            <ns3:hr>177</ns3:hr>
            <ns3:cad>99</ns3:cad>
          </ns3:TrackPointExtension>
        </extensions>
      </trkpt>
      <trkpt lat="34.233556352555751800537109375" lon="108.93806523643434047698974609375">
        <ele>406.399993896484375</ele>
        <time>2026-03-17T13:08:29.000Z</time>
        <extensions>
          <ns3:TrackPointExtension>
            <ns3:hr>176</ns3:hr>
            <ns3:cad>99</ns3:cad>
          </ns3:TrackPointExtension>
        </extensions>
      </trkpt>
      <trkpt lat="34.23358409665524959564208984375" lon="108.93805123865604400634765625">
        <ele>406.399993896484375</ele>
        <time>2026-03-17T13:08:30.000Z</time>
        <extensions>
          <ns3:TrackPointExtension>
            <ns3:hr>176</ns3:hr>
            <ns3:cad>98</ns3:cad>
          </ns3:TrackPointExtension>
        </extensions>
      </trkpt>
      <trkpt lat="34.23361125402152538299560546875" lon="108.93802709877490997314453125">
        <ele>406.399993896484375</ele>
        <time>2026-03-17T13:08:31.000Z</time>
        <extensions>
          <ns3:TrackPointExtension>
            <ns3:hr>176</ns3:hr>
            <ns3:cad>98</ns3:cad>
          </ns3:TrackPointExtension>
        </extensions>
      </trkpt>
      <trkpt lat="34.23363916575908660888671875" lon="108.9380170404911041259765625">
        <ele>406.399993896484375</ele>
        <time>2026-03-17T13:08:32.000Z</time>
        <extensions>
          <ns3:TrackPointExtension>
            <ns3:hr>175</ns3:hr>
            <ns3:cad>98</ns3:cad>
          </ns3:TrackPointExtension>
        </extensions>
      </trkpt>
      <trkpt lat="34.23366825096309185028076171875" lon="108.93800186924636363983154296875">
        <ele>406.399993896484375</ele>
        <time>2026-03-17T13:08:33.000Z</time>
        <extensions>
          <ns3:TrackPointExtension>
            <ns3:hr>175</ns3:hr>
            <ns3:cad>99</ns3:cad>
          </ns3:TrackPointExtension>
        </extensions>
      </trkpt>
      <trkpt lat="34.23369348049163818359375" lon="108.93798175267875194549560546875">
        <ele>406.399993896484375</ele>
        <time>2026-03-17T13:08:34.000Z</time>
        <extensions>
          <ns3:TrackPointExtension>
            <ns3:hr>174</ns3:hr>
            <ns3:cad>99</ns3:cad>
          </ns3:TrackPointExtension>
        </extensions>
      </trkpt>
      <trkpt lat="34.23371535725891590118408203125" lon="108.9379709400236606597900390625">
        <ele>406.399993896484375</ele>
        <time>2026-03-17T13:08:35.000Z</time>
        <extensions>
          <ns3:TrackPointExtension>
            <ns3:hr>174</ns3:hr>
            <ns3:cad>100</ns3:cad>
          </ns3:TrackPointExtension>
        </extensions>
      </trkpt>
      <trkpt lat="34.23374318517744541168212890625" lon="108.9379595406353473663330078125">
        <ele>406.399993896484375</ele>
        <time>2026-03-17T13:08:36.000Z</time>
        <extensions>
          <ns3:TrackPointExtension>
            <ns3:hr>174</ns3:hr>
            <ns3:cad>100</ns3:cad>
          </ns3:TrackPointExtension>
        </extensions>
      </trkpt>
      <trkpt lat="34.2337684147059917449951171875" lon="108.93794319592416286468505859375">
        <ele>406.399993896484375</ele>
        <time>2026-03-17T13:08:37.000Z</time>
        <extensions>
          <ns3:TrackPointExtension>
            <ns3:hr>174</ns3:hr>
            <ns3:cad>100</ns3:cad>
          </ns3:TrackPointExtension>
        </extensions>
      </trkpt>
      <trkpt lat="34.23379532061517238616943359375" lon="108.93792676739394664764404296875">
        <ele>406.399993896484375</ele>
        <time>2026-03-17T13:08:38.000Z</time>
        <extensions>
          <ns3:TrackPointExtension>
            <ns3:hr>174</ns3:hr>
            <ns3:cad>98</ns3:cad>
          </ns3:TrackPointExtension>
        </extensions>
      </trkpt>
      <trkpt lat="34.233823902904987335205078125" lon="108.93791788257658481597900390625">
        <ele>406.399993896484375</ele>
        <time>2026-03-17T13:08:39.000Z</time>
        <extensions>
          <ns3:TrackPointExtension>
            <ns3:hr>174</ns3:hr>
            <ns3:cad>98</ns3:cad>
          </ns3:TrackPointExtension>
        </extensions>
      </trkpt>
      <trkpt lat="34.23384846188127994537353515625" lon="108.93789709545671939849853515625">
        <ele>406.399993896484375</ele>
        <time>2026-03-17T13:08:40.000Z</time>
        <extensions>
          <ns3:TrackPointExtension>
            <ns3:hr>174</ns3:hr>
            <ns3:cad>100</ns3:cad>
          </ns3:TrackPointExtension>
        </extensions>
      </trkpt>
      <trkpt lat="34.233875535428524017333984375" lon="108.93788552843034267425537109375">
        <ele>406.399993896484375</ele>
        <time>2026-03-17T13:08:41.000Z</time>
        <extensions>
          <ns3:TrackPointExtension>
            <ns3:hr>174</ns3:hr>
            <ns3:cad>100</ns3:cad>
          </ns3:TrackPointExtension>
        </extensions>
      </trkpt>
      <trkpt lat="34.23389825038611888885498046875" lon="108.9378750510513782501220703125">
        <ele>406.399993896484375</ele>
        <time>2026-03-17T13:08:42.000Z</time>
        <extensions>
          <ns3:TrackPointExtension>
            <ns3:hr>174</ns3:hr>
            <ns3:cad>100</ns3:cad>
          </ns3:TrackPointExtension>
        </extensions>
      </trkpt>
      <trkpt lat="34.233925826847553253173828125" lon="108.93786591477692127227783203125">
        <ele>406.399993896484375</ele>
        <time>2026-03-17T13:08:43.000Z</time>
        <extensions>
          <ns3:TrackPointExtension>
            <ns3:hr>174</ns3:hr>
            <ns3:cad>100</ns3:cad>
          </ns3:TrackPointExtension>
        </extensions>
      </trkpt>
      <trkpt lat="34.23395575024187564849853515625" lon="108.93786105327308177947998046875">
        <ele>406.399993896484375</ele>
        <time>2026-03-17T13:08:44.000Z</time>
        <extensions>
          <ns3:TrackPointExtension>
            <ns3:hr>174</ns3:hr>
            <ns3:cad>99</ns3:cad>
          </ns3:TrackPointExtension>
        </extensions>
      </trkpt>
      <trkpt lat="34.23398374579846858978271484375" lon="108.937853761017322540283203125">
        <ele>406.399993896484375</ele>
        <time>2026-03-17T13:08:45.000Z</time>
        <extensions>
          <ns3:TrackPointExtension>
            <ns3:hr>173</ns3:hr>
            <ns3:cad>99</ns3:cad>
          </ns3:TrackPointExtension>
        </extensions>
      </trkpt>
      <trkpt lat="34.234012328088283538818359375" lon="108.93783490173518657684326171875">
        <ele>406.399993896484375</ele>
        <time>2026-03-17T13:08:46.000Z</time>
        <extensions>
          <ns3:TrackPointExtension>
            <ns3:hr>174</ns3:hr>
            <ns3:cad>99</ns3:cad>
          </ns3:TrackPointExtension>
        </extensions>
      </trkpt>
      <trkpt lat="34.2340406589210033416748046875" lon="108.937830291688442230224609375">
        <ele>406.399993896484375</ele>
        <time>2026-03-17T13:08:47.000Z</time>
        <extensions>
          <ns3:TrackPointExtension>
            <ns3:hr>174</ns3:hr>
            <ns3:cad>98</ns3:cad>
          </ns3:TrackPointExtension>
        </extensions>
      </trkpt>
      <trkpt lat="34.23406555317342281341552734375" lon="108.9378304593265056610107421875">
        <ele>406.399993896484375</ele>
        <time>2026-03-17T13:08:48.000Z</time>
        <extensions>
          <ns3:TrackPointExtension>
            <ns3:hr>173</ns3:hr>
            <ns3:cad>98</ns3:cad>
          </ns3:TrackPointExtension>
        </extensions>
      </trkpt>
      <trkpt lat="34.23409170471131801605224609375" lon="108.93781143240630626678466796875">
        <ele>406.399993896484375</ele>
        <time>2026-03-17T13:08:49.000Z</time>
        <extensions>
          <ns3:TrackPointExtension>
            <ns3:hr>174</ns3:hr>
            <ns3:cad>98</ns3:cad>
          </ns3:TrackPointExtension>
        </extensions>
      </trkpt>
      <trkpt lat="34.2341212928295135498046875" lon="108.93781243823468685150146484375">
        <ele>406.399993896484375</ele>
        <time>2026-03-17T13:08:50.000Z</time>
        <extensions>
          <ns3:TrackPointExtension>
            <ns3:hr>173</ns3:hr>
            <ns3:cad>98</ns3:cad>
          </ns3:TrackPointExtension>
        </extensions>
      </trkpt>
      <trkpt lat="34.23414920456707477569580078125" lon="108.93780975602567195892333984375">
        <ele>406.399993896484375</ele>
        <time>2026-03-17T13:08:51.000Z</time>
        <extensions>
          <ns3:TrackPointExtension>
            <ns3:hr>173</ns3:hr>
            <ns3:cad>99</ns3:cad>
          </ns3:TrackPointExtension>
        </extensions>
      </trkpt>
      <trkpt lat="34.234163872897624969482421875" lon="108.9377888850867748260498046875">
        <ele>406.399993896484375</ele>
        <time>2026-03-17T13:08:52.000Z</time>
        <extensions>
          <ns3:TrackPointExtension>
            <ns3:hr>173</ns3:hr>
            <ns3:cad>99</ns3:cad>
          </ns3:TrackPointExtension>
        </extensions>
      </trkpt>
      <trkpt lat="34.23418792895972728729248046875" lon="108.9377888850867748260498046875">
        <ele>406.399993896484375</ele>
        <time>2026-03-17T13:08:53.000Z</time>
        <extensions>
          <ns3:TrackPointExtension>
            <ns3:hr>173</ns3:hr>
            <ns3:cad>99</ns3:cad>
          </ns3:TrackPointExtension>
        </extensions>
      </trkpt>
      <trkpt lat="34.23421257175505161285400390625" lon="108.93778980709612369537353515625">
        <ele>406.399993896484375</ele>
        <time>2026-03-17T13:08:54.000Z</time>
        <extensions>
          <ns3:TrackPointExtension>
            <ns3:hr>173</ns3:hr>
            <ns3:cad>99</ns3:cad>
          </ns3:TrackPointExtension>
        </extensions>
      </trkpt>
      <trkpt lat="34.23423822037875652313232421875" lon="108.93778393976390361785888671875">
        <ele>406.399993896484375</ele>
        <time>2026-03-17T13:08:55.000Z</time>
        <extensions>
          <ns3:TrackPointExtension>
            <ns3:hr>172</ns3:hr>
            <ns3:cad>100</ns3:cad>
          </ns3:TrackPointExtension>
        </extensions>
      </trkpt>
      <trkpt lat="34.23426621593534946441650390625" lon="108.9377675950527191162109375">
        <ele>406.399993896484375</ele>
        <time>2026-03-17T13:08:56.000Z</time>
        <extensions>
          <ns3:TrackPointExtension>
            <ns3:hr>172</ns3:hr>
            <ns3:cad>100</ns3:cad>
          </ns3:TrackPointExtension>
        </extensions>
      </trkpt>
      <trkpt lat="34.23429119400680065155029296875" lon="108.93775745294988155364990234375">
        <ele>406.399993896484375</ele>
        <time>2026-03-17T13:08:57.000Z</time>
        <extensions>
          <ns3:TrackPointExtension>
            <ns3:hr>172</ns3:hr>
            <ns3:cad>100</ns3:cad>
          </ns3:TrackPointExtension>
        </extensions>
      </trkpt>
      <trkpt lat="34.2343186028301715850830078125" lon="108.9377328939735889434814453125">
        <ele>406.399993896484375</ele>
        <time>2026-03-17T13:08:58.000Z</time>
        <extensions>
          <ns3:TrackPointExtension>
            <ns3:hr>171</ns3:hr>
            <ns3:cad>100</ns3:cad>
          </ns3:TrackPointExtension>
        </extensions>
      </trkpt>
      <trkpt lat="34.23434668220579624176025390625" lon="108.937702216207981109619140625">
        <ele>406.399993896484375</ele>
        <time>2026-03-17T13:08:59.000Z</time>
        <extensions>
          <ns3:TrackPointExtension>
            <ns3:hr>171</ns3:hr>
            <ns3:cad>99</ns3:cad>
          </ns3:TrackPointExtension>
        </extensions>
      </trkpt>
      <trkpt lat="34.23437132500112056732177734375" lon="108.93768570385873317718505859375">
        <ele>406.399993896484375</ele>
        <time>2026-03-17T13:09:00.000Z</time>
        <extensions>
          <ns3:TrackPointExtension>
            <ns3:hr>171</ns3:hr>
            <ns3:cad>97</ns3:cad>
          </ns3:TrackPointExtension>
        </extensions>
      </trkpt>
      <trkpt lat="34.23439781181514263153076171875" lon="108.93768369220197200775146484375">
        <ele>406.399993896484375</ele>
        <time>2026-03-17T13:09:01.000Z</time>
        <extensions>
          <ns3:TrackPointExtension>
            <ns3:hr>171</ns3:hr>
            <ns3:cad>97</ns3:cad>
          </ns3:TrackPointExtension>
        </extensions>
      </trkpt>
      <trkpt lat="34.23442278988659381866455078125" lon="108.93766407854855060577392578125">
        <ele>406.399993896484375</ele>
        <time>2026-03-17T13:09:02.000Z</time>
        <extensions>
          <ns3:TrackPointExtension>
            <ns3:hr>170</ns3:hr>
            <ns3:cad>98</ns3:cad>
          </ns3:TrackPointExtension>
        </extensions>
      </trkpt>
      <trkpt lat="34.2344496957957744598388671875" lon="108.9376416988670825958251953125">
        <ele>406.399993896484375</ele>
        <time>2026-03-17T13:09:03.000Z</time>
        <extensions>
          <ns3:TrackPointExtension>
            <ns3:hr>170</ns3:hr>
            <ns3:cad>98</ns3:cad>
          </ns3:TrackPointExtension>
        </extensions>
      </trkpt>
      <trkpt lat="34.234483726322650909423828125" lon="108.93763340078294277191162109375">
        <ele>406.399993896484375</ele>
        <time>2026-03-17T13:09:04.000Z</time>
        <extensions>
          <ns3:TrackPointExtension>
            <ns3:hr>170</ns3:hr>
            <ns3:cad>99</ns3:cad>
          </ns3:TrackPointExtension>
        </extensions>
      </trkpt>
      <trkpt lat="34.2345117218792438507080078125" lon="108.93762074410915374755859375">
        <ele>406.399993896484375</ele>
        <time>2026-03-17T13:09:05.000Z</time>
        <extensions>
          <ns3:TrackPointExtension>
            <ns3:hr>170</ns3:hr>
            <ns3:cad>99</ns3:cad>
          </ns3:TrackPointExtension>
        </extensions>
      </trkpt>
      <trkpt lat="34.23453359864652156829833984375" lon="108.93761931918561458587646484375">
        <ele>406.399993896484375</ele>
        <time>2026-03-17T13:09:06.000Z</time>
        <extensions>
          <ns3:TrackPointExtension>
            <ns3:hr>170</ns3:hr>
            <ns3:cad>99</ns3:cad>
          </ns3:TrackPointExtension>
        </extensions>
      </trkpt>
      <trkpt lat="34.23456142656505107879638671875" lon="108.9376081712543964385986328125">
        <ele>406.399993896484375</ele>
        <time>2026-03-17T13:09:07.000Z</time>
        <extensions>
          <ns3:TrackPointExtension>
            <ns3:hr>171</ns3:hr>
            <ns3:cad>99</ns3:cad>
          </ns3:TrackPointExtension>
        </extensions>
      </trkpt>
      <trkpt lat="34.2345858179032802581787109375" lon="108.93759501166641712188720703125">
        <ele>406.399993896484375</ele>
        <time>2026-03-17T13:09:08.000Z</time>
        <extensions>
          <ns3:TrackPointExtension>
            <ns3:hr>170</ns3:hr>
            <ns3:cad>99</ns3:cad>
          </ns3:TrackPointExtension>
        </extensions>
      </trkpt>
      <trkpt lat="34.2346092872321605682373046875" lon="108.937591575086116790771484375">
        <ele>406.399993896484375</ele>
        <time>2026-03-17T13:09:09.000Z</time>
        <extensions>
          <ns3:TrackPointExtension>
            <ns3:hr>170</ns3:hr>
            <ns3:cad>99</ns3:cad>
          </ns3:TrackPointExtension>
        </extensions>
      </trkpt>
      <trkpt lat="34.234634600579738616943359375" lon="108.937593586742877960205078125">
        <ele>406.399993896484375</ele>
        <time>2026-03-17T13:09:10.000Z</time>
        <extensions>
          <ns3:TrackPointExtension>
            <ns3:hr>170</ns3:hr>
            <ns3:cad>98</ns3:cad>
          </ns3:TrackPointExtension>
        </extensions>
      </trkpt>
      <trkpt lat="34.23466184176504611968994140625" lon="108.93758864142000675201416015625">
        <ele>406.399993896484375</ele>
        <time>2026-03-17T13:09:11.000Z</time>
        <extensions>
          <ns3:TrackPointExtension>
            <ns3:hr>170</ns3:hr>
            <ns3:cad>98</ns3:cad>
          </ns3:TrackPointExtension>
        </extensions>
      </trkpt>
      <trkpt lat="34.23468790948390960693359375" lon="108.93757992424070835113525390625">
        <ele>406.399993896484375</ele>
        <time>2026-03-17T13:09:12.000Z</time>
        <extensions>
          <ns3:TrackPointExtension>
            <ns3:hr>170</ns3:hr>
            <ns3:cad>98</ns3:cad>
          </ns3:TrackPointExtension>
        </extensions>
      </trkpt>
      <trkpt lat="34.2347145639359951019287109375" lon="108.937562406063079833984375">
        <ele>406.399993896484375</ele>
        <time>2026-03-17T13:09:13.000Z</time>
        <extensions>
          <ns3:TrackPointExtension>
            <ns3:hr>170</ns3:hr>
            <ns3:cad>98</ns3:cad>
          </ns3:TrackPointExtension>
        </extensions>
      </trkpt>
      <trkpt lat="34.2347340099513530731201171875" lon="108.93754455260932445526123046875">
        <ele>406.399993896484375</ele>
        <time>2026-03-17T13:09:14.000Z</time>
        <extensions>
          <ns3:TrackPointExtension>
            <ns3:hr>169</ns3:hr>
            <ns3:cad>98</ns3:cad>
          </ns3:TrackPointExtension>
        </extensions>
      </trkpt>
      <trkpt lat="34.23475068993866443634033203125" lon="108.93753298558294773101806640625">
        <ele>406.399993896484375</ele>
        <time>2026-03-17T13:09:15.000Z</time>
        <extensions>
          <ns3:TrackPointExtension>
            <ns3:hr>170</ns3:hr>
            <ns3:cad>98</ns3:cad>
          </ns3:TrackPointExtension>
        </extensions>
      </trkpt>
      <trkpt lat="34.23477315343916416168212890625" lon="108.9375216700136661529541015625">
        <ele>406.399993896484375</ele>
        <time>2026-03-17T13:09:16.000Z</time>
        <extensions>
          <ns3:TrackPointExtension>
            <ns3:hr>169</ns3:hr>
            <ns3:cad>99</ns3:cad>
          </ns3:TrackPointExtension>
        </extensions>
      </trkpt>
      <trkpt lat="34.23479645512998104095458984375" lon="108.93750951625406742095947265625">
        <ele>406.399993896484375</ele>
        <time>2026-03-17T13:09:17.000Z</time>
        <extensions>
          <ns3:TrackPointExtension>
            <ns3:hr>169</ns3:hr>
            <ns3:cad>99</ns3:cad>
          </ns3:TrackPointExtension>
        </extensions>
      </trkpt>
      <trkpt lat="34.2348174937069416046142578125" lon="108.93750633113086223602294921875">
        <ele>406.399993896484375</ele>
        <time>2026-03-17T13:09:18.000Z</time>
        <extensions>
          <ns3:TrackPointExtension>
            <ns3:hr>169</ns3:hr>
            <ns3:cad>100</ns3:cad>
          </ns3:TrackPointExtension>
        </extensions>
      </trkpt>
      <trkpt lat="34.2348401248455047607421875" lon="108.9374982006847858428955078125">
        <ele>406.399993896484375</ele>
        <time>2026-03-17T13:09:19.000Z</time>
        <extensions>
          <ns3:TrackPointExtension>
            <ns3:hr>169</ns3:hr>
            <ns3:cad>100</ns3:cad>
          </ns3:TrackPointExtension>
        </extensions>
      </trkpt>
      <trkpt lat="34.234858565032482147216796875" lon="108.93749459646642208099365234375">
        <ele>406.399993896484375</ele>
        <time>2026-03-17T13:09:20.000Z</time>
        <extensions>
          <ns3:TrackPointExtension>
            <ns3:hr>170</ns3:hr>
            <ns3:cad>100</ns3:cad>
          </ns3:TrackPointExtension>
        </extensions>
      </trkpt>
      <trkpt lat="34.2348795197904109954833984375" lon="108.9374891482293605804443359375">
        <ele>406.399993896484375</ele>
        <time>2026-03-17T13:09:21.000Z</time>
        <extensions>
          <ns3:TrackPointExtension>
            <ns3:hr>169</ns3:hr>
            <ns3:cad>100</ns3:cad>
          </ns3:TrackPointExtension>
        </extensions>
      </trkpt>
      <trkpt lat="34.2348905839025974273681640625" lon="108.9374703727662563323974609375">
        <ele>406.399993896484375</ele>
        <time>2026-03-17T13:09:22.000Z</time>
        <extensions>
          <ns3:TrackPointExtension>
            <ns3:hr>169</ns3:hr>
            <ns3:cad>99</ns3:cad>
          </ns3:TrackPointExtension>
        </extensions>
      </trkpt>
      <trkpt lat="34.23489452339708805084228515625" lon="108.93741865642368793487548828125">
        <ele>406.399993896484375</ele>
        <time>2026-03-17T13:09:23.000Z</time>
        <extensions>
          <ns3:TrackPointExtension>
            <ns3:hr>169</ns3:hr>
            <ns3:cad>99</ns3:cad>
          </ns3:TrackPointExtension>
        </extensions>
      </trkpt>
      <trkpt lat="34.23487943597137928009033203125" lon="108.93734875135123729705810546875">
        <ele>406.399993896484375</ele>
        <time>2026-03-17T13:09:24.000Z</time>
        <extensions>
          <ns3:TrackPointExtension>
            <ns3:hr>169</ns3:hr>
            <ns3:cad>99</ns3:cad>
          </ns3:TrackPointExtension>
        </extensions>
      </trkpt>
      <trkpt lat="34.2348728142678737640380859375" lon="108.9373050816357135772705078125">
        <ele>406.399993896484375</ele>
        <time>2026-03-17T13:09:25.000Z</time>
        <extensions>
          <ns3:TrackPointExtension>
            <ns3:hr>169</ns3:hr>
            <ns3:cad>99</ns3:cad>
          </ns3:TrackPointExtension>
        </extensions>
      </trkpt>
      <trkpt lat="34.23487055115401744842529296875" lon="108.937279768288135528564453125">
        <ele>406.399993896484375</ele>
        <time>2026-03-17T13:09:26.000Z</time>
        <extensions>
          <ns3:TrackPointExtension>
            <ns3:hr>169</ns3:hr>
            <ns3:cad>100</ns3:cad>
          </ns3:TrackPointExtension>
        </extensions>
      </trkpt>
      <trkpt lat="34.23487155698239803314208984375" lon="108.937255628407001495361328125">
        <ele>406.399993896484375</ele>
        <time>2026-03-17T13:09:27.000Z</time>
        <extensions>
          <ns3:TrackPointExtension>
            <ns3:hr>170</ns3:hr>
            <ns3:cad>100</ns3:cad>
          </ns3:TrackPointExtension>
        </extensions>
      </trkpt>
      <trkpt lat="34.234873317182064056396484375" lon="108.9372296445071697235107421875">
        <ele>406.20001220703125</ele>
        <time>2026-03-17T13:09:28.000Z</time>
        <extensions>
          <ns3:TrackPointExtension>
            <ns3:hr>169</ns3:hr>
            <ns3:cad>100</ns3:cad>
          </ns3:TrackPointExtension>
        </extensions>
      </trkpt>
      <trkpt lat="34.23486853949725627899169921875" lon="108.937195949256420135498046875">
        <ele>406.20001220703125</ele>
        <time>2026-03-17T13:09:29.000Z</time>
        <extensions>
          <ns3:TrackPointExtension>
            <ns3:hr>169</ns3:hr>
            <ns3:cad>100</ns3:cad>
          </ns3:TrackPointExtension>
        </extensions>
      </trkpt>
      <trkpt lat="34.2348657734692096710205078125" lon="108.93716418184340000152587890625">
        <ele>406.20001220703125</ele>
        <time>2026-03-17T13:09:30.000Z</time>
        <extensions>
          <ns3:TrackPointExtension>
            <ns3:hr>169</ns3:hr>
            <ns3:cad>100</ns3:cad>
          </ns3:TrackPointExtension>
        </extensions>
      </trkpt>
      <trkpt lat="34.23486200161278247833251953125" lon="108.93713124096393585205078125">
        <ele>406.399993896484375</ele>
        <time>2026-03-17T13:09:31.000Z</time>
        <extensions>
          <ns3:TrackPointExtension>
            <ns3:hr>169</ns3:hr>
            <ns3:cad>100</ns3:cad>
          </ns3:TrackPointExtension>
        </extensions>
      </trkpt>
      <trkpt lat="34.23485848121345043182373046875" lon="108.937097378075122833251953125">
        <ele>406.399993896484375</ele>
        <time>2026-03-17T13:09:32.000Z</time>
        <extensions>
          <ns3:TrackPointExtension>
            <ns3:hr>170</ns3:hr>
            <ns3:cad>98</ns3:cad>
          </ns3:TrackPointExtension>
        </extensions>
      </trkpt>
      <trkpt lat="34.23485630191862583160400390625" lon="108.9370710588991641998291015625">
        <ele>406.399993896484375</ele>
        <time>2026-03-17T13:09:33.000Z</time>
        <extensions>
          <ns3:TrackPointExtension>
            <ns3:hr>169</ns3:hr>
            <ns3:cad>98</ns3:cad>
          </ns3:TrackPointExtension>
        </extensions>
      </trkpt>
      <trkpt lat="34.23484825529158115386962890625" lon="108.9370325021445751190185546875">
        <ele>406.399993896484375</ele>
        <time>2026-03-17T13:09:34.000Z</time>
        <extensions>
          <ns3:TrackPointExtension>
            <ns3:hr>169</ns3:hr>
            <ns3:cad>98</ns3:cad>
          </ns3:TrackPointExtension>
        </extensions>
      </trkpt>
      <trkpt lat="34.23484205268323421478271484375" lon="108.9370207674801349639892578125">
        <ele>406.399993896484375</ele>
        <time>2026-03-17T13:09:35.000Z</time>
        <extensions>
          <ns3:TrackPointExtension>
            <ns3:hr>169</ns3:hr>
            <ns3:cad>98</ns3:cad>
          </ns3:TrackPointExtension>
        </extensions>
      </trkpt>
      <trkpt lat="34.23483165912330150604248046875" lon="108.9370194263756275177001953125">
        <ele>406.399993896484375</ele>
        <time>2026-03-17T13:09:36.000Z</time>
        <extensions>
          <ns3:TrackPointExtension>
            <ns3:hr>169</ns3:hr>
            <ns3:cad>98</ns3:cad>
          </ns3:TrackPointExtension>
        </extensions>
      </trkpt>
      <trkpt lat="34.23481640405952930450439453125" lon="108.93700324930250644683837890625">
        <ele>406.399993896484375</ele>
        <time>2026-03-17T13:09:37.000Z</time>
        <extensions>
          <ns3:TrackPointExtension>
            <ns3:hr>169</ns3:hr>
            <ns3:cad>97</ns3:cad>
          </ns3:TrackPointExtension>
        </extensions>
      </trkpt>
      <trkpt lat="34.23480366356670856475830078125" lon="108.93699838779866695404052734375">
        <ele>406.399993896484375</ele>
        <time>2026-03-17T13:09:38.000Z</time>
        <extensions>
          <ns3:TrackPointExtension>
            <ns3:hr>168</ns3:hr>
            <ns3:cad>97</ns3:cad>
          </ns3:TrackPointExtension>
        </extensions>
      </trkpt>
      <trkpt lat="34.2347936891019344329833984375" lon="108.93700207583606243133544921875">
        <ele>406.20001220703125</ele>
        <time>2026-03-17T13:09:39.000Z</time>
        <extensions>
          <ns3:TrackPointExtension>
            <ns3:hr>168</ns3:hr>
            <ns3:cad>98</ns3:cad>
          </ns3:TrackPointExtension>
        </extensions>
      </trkpt>
      <trkpt lat="34.23477985896170139312744140625" lon="108.936998806893825531005859375">
        <ele>406.20001220703125</ele>
        <time>2026-03-17T13:09:40.000Z</time>
        <extensions>
          <ns3:TrackPointExtension>
            <ns3:hr>168</ns3:hr>
            <ns3:cad>98</ns3:cad>
          </ns3:TrackPointExtension>
        </extensions>
      </trkpt>
      <trkpt lat="34.2347650229930877685546875" lon="108.9370112121105194091796875">
        <ele>406.20001220703125</ele>
        <time>2026-03-17T13:09:41.000Z</time>
        <extensions>
          <ns3:TrackPointExtension>
            <ns3:hr>168</ns3:hr>
            <ns3:cad>98</ns3:cad>
          </ns3:TrackPointExtension>
        </extensions>
      </trkpt>
      <trkpt lat="34.234745241701602935791015625" lon="108.937020935118198394775390625">
        <ele>406.20001220703125</ele>
        <time>2026-03-17T13:09:42.000Z</time>
        <extensions>
          <ns3:TrackPointExtension>
            <ns3:hr>168</ns3:hr>
            <ns3:cad>96</ns3:cad>
          </ns3:TrackPointExtension>
        </extensions>
      </trkpt>
      <trkpt lat="34.23473107628524303436279296875" lon="108.93702839501202106475830078125">
        <ele>406.20001220703125</ele>
        <time>2026-03-17T13:09:43.000Z</time>
        <extensions>
          <ns3:TrackPointExtension>
            <ns3:hr>168</ns3:hr>
            <ns3:cad>96</ns3:cad>
          </ns3:TrackPointExtension>
        </extensions>
      </trkpt>
      <trkpt lat="34.2347112111747264862060546875" lon="108.9370506070554256439208984375">
        <ele>406.20001220703125</ele>
        <time>2026-03-17T13:09:44.000Z</time>
        <extensions>
          <ns3:TrackPointExtension>
            <ns3:hr>168</ns3:hr>
            <ns3:cad>98</ns3:cad>
          </ns3:TrackPointExtension>
        </extensions>
      </trkpt>
      <trkpt lat="34.23468799330294132232666015625" lon="108.93707030452787876129150390625">
        <ele>406.20001220703125</ele>
        <time>2026-03-17T13:09:45.000Z</time>
        <extensions>
          <ns3:TrackPointExtension>
            <ns3:hr>168</ns3:hr>
            <ns3:cad>98</ns3:cad>
          </ns3:TrackPointExtension>
        </extensions>
      </trkpt>
      <trkpt lat="34.23467173241078853607177734375" lon="108.93709628842771053314208984375">
        <ele>406.20001220703125</ele>
        <time>2026-03-17T13:09:46.000Z</time>
        <extensions>
          <ns3:TrackPointExtension>
            <ns3:hr>167</ns3:hr>
            <ns3:cad>97</ns3:cad>
          </ns3:TrackPointExtension>
        </extensions>
      </trkpt>
      <trkpt lat="34.234650023281574249267578125" lon="108.93711380660533905029296875">
        <ele>406.20001220703125</ele>
        <time>2026-03-17T13:09:47.000Z</time>
        <extensions>
          <ns3:TrackPointExtension>
            <ns3:hr>167</ns3:hr>
            <ns3:cad>97</ns3:cad>
          </ns3:TrackPointExtension>
        </extensions>
      </trkpt>
      <trkpt lat="34.23463569022715091705322265625" lon="108.9371049217879772186279296875">
        <ele>406.20001220703125</ele>
        <time>2026-03-17T13:09:48.000Z</time>
        <extensions>
          <ns3:TrackPointExtension>
            <ns3:hr>167</ns3:hr>
            <ns3:cad>96</ns3:cad>
          </ns3:TrackPointExtension>
        </extensions>
      </trkpt>
      <trkpt lat="34.23461339436471462249755859375" lon="108.937102071940898895263671875">
        <ele>406.20001220703125</ele>
        <time>2026-03-17T13:09:49.000Z</time>
        <extensions>
          <ns3:TrackPointExtension>
            <ns3:hr>167</ns3:hr>
            <ns3:cad>97</ns3:cad>
          </ns3:TrackPointExtension>
        </extensions>
      </trkpt>
      <trkpt lat="34.2345888353884220123291015625" lon="108.93708740361034870147705078125">
        <ele>406.20001220703125</ele>
        <time>2026-03-17T13:09:50.000Z</time>
        <extensions>
          <ns3:TrackPointExtension>
            <ns3:hr>167</ns3:hr>
            <ns3:cad>98</ns3:cad>
          </ns3:TrackPointExtension>
        </extensions>
      </trkpt>
      <trkpt lat="34.234551452100276947021484375" lon="108.93709176219999790191650390625">
        <ele>406.20001220703125</ele>
        <time>2026-03-17T13:09:51.000Z</time>
        <extensions>
          <ns3:TrackPointExtension>
            <ns3:hr>167</ns3:hr>
            <ns3:cad>98</ns3:cad>
          </ns3:TrackPointExtension>
        </extensions>
      </trkpt>
      <trkpt lat="34.2345231212675571441650390625" lon="108.93708430230617523193359375">
        <ele>406.20001220703125</ele>
        <time>2026-03-17T13:09:52.000Z</time>
        <extensions>
          <ns3:TrackPointExtension>
            <ns3:hr>167</ns3:hr>
            <ns3:cad>100</ns3:cad>
          </ns3:TrackPointExtension>
        </extensions>
      </trkpt>
      <trkpt lat="34.23449504189193248748779296875" lon="108.9371015690267086029052734375">
        <ele>406.20001220703125</ele>
        <time>2026-03-17T13:09:53.000Z</time>
        <extensions>
          <ns3:TrackPointExtension>
            <ns3:hr>166</ns3:hr>
            <ns3:cad>100</ns3:cad>
          </ns3:TrackPointExtension>
        </extensions>
      </trkpt>
      <trkpt lat="34.2344699800014495849609375" lon="108.93708840943872928619384765625">
        <ele>406.399993896484375</ele>
        <time>2026-03-17T13:09:54.000Z</time>
        <extensions>
          <ns3:TrackPointExtension>
            <ns3:hr>166</ns3:hr>
            <ns3:cad>100</ns3:cad>
          </ns3:TrackPointExtension>
        </extensions>
      </trkpt>
      <trkpt lat="34.23443921841681003570556640625" lon="108.9371119625866413116455078125">
        <ele>406.399993896484375</ele>
        <time>2026-03-17T13:09:55.000Z</time>
        <extensions>
          <ns3:TrackPointExtension>
            <ns3:hr>166</ns3:hr>
            <ns3:cad>100</ns3:cad>
          </ns3:TrackPointExtension>
        </extensions>
      </trkpt>
      <trkpt lat="34.23441038466989994049072265625" lon="108.93710148520767688751220703125">
        <ele>406.399993896484375</ele>
        <time>2026-03-17T13:09:56.000Z</time>
        <extensions>
          <ns3:TrackPointExtension>
            <ns3:hr>167</ns3:hr>
            <ns3:cad>100</ns3:cad>
          </ns3:TrackPointExtension>
        </extensions>
      </trkpt>
      <trkpt lat="34.23436948098242282867431640625" lon="108.9371304027736186981201171875">
        <ele>406.20001220703125</ele>
        <time>2026-03-17T13:09:57.000Z</time>
        <extensions>
          <ns3:TrackPointExtension>
            <ns3:hr>166</ns3:hr>
            <ns3:cad>99</ns3:cad>
          </ns3:TrackPointExtension>
        </extensions>
      </trkpt>
      <trkpt lat="34.23433494754135608673095703125" lon="108.9371461607515811920166015625">
        <ele>406.20001220703125</ele>
        <time>2026-03-17T13:09:58.000Z</time>
        <extensions>
          <ns3:TrackPointExtension>
            <ns3:hr>167</ns3:hr>
            <ns3:cad>99</ns3:cad>
          </ns3:TrackPointExtension>
        </extensions>
      </trkpt>
      <trkpt lat="34.23429186455905437469482421875" lon="108.937165103852748870849609375">
        <ele>406.20001220703125</ele>
        <time>2026-03-17T13:09:59.000Z</time>
        <extensions>
          <ns3:TrackPointExtension>
            <ns3:hr>167</ns3:hr>
            <ns3:cad>99</ns3:cad>
          </ns3:TrackPointExtension>
        </extensions>
      </trkpt>
      <trkpt lat="34.23426168970763683319091796875" lon="108.937165774405002593994140625">
        <ele>406.20001220703125</ele>
        <time>2026-03-17T13:10:00.000Z</time>
        <extensions>
          <ns3:TrackPointExtension>
            <ns3:hr>167</ns3:hr>
            <ns3:cad>98</ns3:cad>
          </ns3:TrackPointExtension>
        </extensions>
      </trkpt>
      <trkpt lat="34.23422112129628658294677734375" lon="108.93717943690717220306396484375">
        <ele>406.20001220703125</ele>
        <time>2026-03-17T13:10:01.000Z</time>
        <extensions>
          <ns3:TrackPointExtension>
            <ns3:hr>167</ns3:hr>
            <ns3:cad>98</ns3:cad>
          </ns3:TrackPointExtension>
        </extensions>
      </trkpt>
      <trkpt lat="34.23418004997074604034423828125" lon="108.9371828734874725341796875">
        <ele>406.20001220703125</ele>
        <time>2026-03-17T13:10:02.000Z</time>
        <extensions>
          <ns3:TrackPointExtension>
            <ns3:hr>167</ns3:hr>
            <ns3:cad>98</ns3:cad>
          </ns3:TrackPointExtension>
        </extensions>
      </trkpt>
      <trkpt lat="34.23414534889161586761474609375" lon="108.93718932755291461944580078125">
        <ele>406.20001220703125</ele>
        <time>2026-03-17T13:10:03.000Z</time>
        <extensions>
          <ns3:TrackPointExtension>
            <ns3:hr>168</ns3:hr>
            <ns3:cad>98</ns3:cad>
          </ns3:TrackPointExtension>
        </extensions>
      </trkpt>
      <trkpt lat="34.2341177724301815032958984375" lon="108.93719402141869068145751953125">
        <ele>406.20001220703125</ele>
        <time>2026-03-17T13:10:04.000Z</time>
        <extensions>
          <ns3:TrackPointExtension>
            <ns3:hr>168</ns3:hr>
            <ns3:cad>98</ns3:cad>
          </ns3:TrackPointExtension>
        </extensions>
      </trkpt>
      <trkpt lat="34.23408751375973224639892578125" lon="108.93719695508480072021484375">
        <ele>406.20001220703125</ele>
        <time>2026-03-17T13:10:05.000Z</time>
        <extensions>
          <ns3:TrackPointExtension>
            <ns3:hr>168</ns3:hr>
            <ns3:cad>98</ns3:cad>
          </ns3:TrackPointExtension>
        </extensions>
      </trkpt>
      <trkpt lat="34.23406437970697879791259765625" lon="108.93720089457929134368896484375">
        <ele>406.20001220703125</ele>
        <time>2026-03-17T13:10:06.000Z</time>
        <extensions>
          <ns3:TrackPointExtension>
            <ns3:hr>169</ns3:hr>
            <ns3:cad>98</ns3:cad>
          </ns3:TrackPointExtension>
        </extensions>
      </trkpt>
      <trkpt lat="34.2340396530926227569580078125" lon="108.9372058399021625518798828125">
        <ele>406.20001220703125</ele>
        <time>2026-03-17T13:10:07.000Z</time>
        <extensions>
          <ns3:TrackPointExtension>
            <ns3:hr>169</ns3:hr>
            <ns3:cad>99</ns3:cad>
          </ns3:TrackPointExtension>
        </extensions>
      </trkpt>
      <trkpt lat="34.23400838859379291534423828125" lon="108.93721162341535091400146484375">
        <ele>406.20001220703125</ele>
        <time>2026-03-17T13:10:08.000Z</time>
        <extensions>
          <ns3:TrackPointExtension>
            <ns3:hr>170</ns3:hr>
            <ns3:cad>98</ns3:cad>
          </ns3:TrackPointExtension>
        </extensions>
      </trkpt>
      <trkpt lat="34.23397310078144073486328125" lon="108.93724012188613414764404296875">
        <ele>406.399993896484375</ele>
        <time>2026-03-17T13:10:09.000Z</time>
        <extensions>
          <ns3:TrackPointExtension>
            <ns3:hr>170</ns3:hr>
            <ns3:cad>98</ns3:cad>
          </ns3:TrackPointExtension>
        </extensions>
      </trkpt>
      <trkpt lat="34.2339410819113254547119140625" lon="108.937248922884464263916015625">
        <ele>406.399993896484375</ele>
        <time>2026-03-17T13:10:10.000Z</time>
        <extensions>
          <ns3:TrackPointExtension>
            <ns3:hr>170</ns3:hr>
            <ns3:cad>98</ns3:cad>
          </ns3:TrackPointExtension>
        </extensions>
      </trkpt>
      <trkpt lat="34.2339139245450496673583984375" lon="108.93724925816059112548828125">
        <ele>406.399993896484375</ele>
        <time>2026-03-17T13:10:11.000Z</time>
        <extensions>
          <ns3:TrackPointExtension>
            <ns3:hr>170</ns3:hr>
            <ns3:cad>98</ns3:cad>
          </ns3:TrackPointExtension>
        </extensions>
      </trkpt>
      <trkpt lat="34.2338894493877887725830078125" lon="108.93724380992352962493896484375">
        <ele>406.399993896484375</ele>
        <time>2026-03-17T13:10:12.000Z</time>
        <extensions>
          <ns3:TrackPointExtension>
            <ns3:hr>170</ns3:hr>
            <ns3:cad>98</ns3:cad>
          </ns3:TrackPointExtension>
        </extensions>
      </trkpt>
      <trkpt lat="34.23385776579380035400390625" lon="108.93724665977060794830322265625">
        <ele>406.399993896484375</ele>
        <time>2026-03-17T13:10:13.000Z</time>
        <extensions>
          <ns3:TrackPointExtension>
            <ns3:hr>171</ns3:hr>
            <ns3:cad>98</ns3:cad>
          </ns3:TrackPointExtension>
        </extensions>
      </trkpt>
      <trkpt lat="34.23382365144789218902587890625" lon="108.937261663377285003662109375">
        <ele>406.20001220703125</ele>
        <time>2026-03-17T13:10:14.000Z</time>
        <extensions>
          <ns3:TrackPointExtension>
            <ns3:hr>171</ns3:hr>
            <ns3:cad>98</ns3:cad>
          </ns3:TrackPointExtension>
        </extensions>
      </trkpt>
      <trkpt lat="34.23380001448094844818115234375" lon="108.93725973553955554962158203125">
        <ele>406.399993896484375</ele>
        <time>2026-03-17T13:10:15.000Z</time>
        <extensions>
          <ns3:TrackPointExtension>
            <ns3:hr>171</ns3:hr>
            <ns3:cad>98</ns3:cad>
          </ns3:TrackPointExtension>
        </extensions>
      </trkpt>
      <trkpt lat="34.23376900143921375274658203125" lon="108.9372606575489044189453125">
        <ele>406.399993896484375</ele>
        <time>2026-03-17T13:10:16.000Z</time>
        <extensions>
          <ns3:TrackPointExtension>
            <ns3:hr>172</ns3:hr>
            <ns3:cad>98</ns3:cad>
          </ns3:TrackPointExtension>
        </extensions>
      </trkpt>
      <trkpt lat="34.23374502919614315032958984375" lon="108.93726526759564876556396484375">
        <ele>406.600006103515625</ele>
        <time>2026-03-17T13:10:17.000Z</time>
        <extensions>
          <ns3:TrackPointExtension>
            <ns3:hr>172</ns3:hr>
            <ns3:cad>98</ns3:cad>
          </ns3:TrackPointExtension>
        </extensions>
      </trkpt>
      <trkpt lat="34.2337162792682647705078125" lon="108.93728354014456272125244140625">
        <ele>406.600006103515625</ele>
        <time>2026-03-17T13:10:18.000Z</time>
        <extensions>
          <ns3:TrackPointExtension>
            <ns3:hr>172</ns3:hr>
            <ns3:cad>98</ns3:cad>
          </ns3:TrackPointExtension>
        </extensions>
      </trkpt>
      <trkpt lat="34.23368719406425952911376953125" lon="108.937306590378284454345703125">
        <ele>406.399993896484375</ele>
        <time>2026-03-17T13:10:19.000Z</time>
        <extensions>
          <ns3:TrackPointExtension>
            <ns3:hr>172</ns3:hr>
            <ns3:cad>98</ns3:cad>
          </ns3:TrackPointExtension>
        </extensions>
      </trkpt>
      <trkpt lat="34.233661629259586334228515625" lon="108.93732410855591297149658203125">
        <ele>406.399993896484375</ele>
        <time>2026-03-17T13:10:20.000Z</time>
        <extensions>
          <ns3:TrackPointExtension>
            <ns3:hr>172</ns3:hr>
            <ns3:cad>98</ns3:cad>
          </ns3:TrackPointExtension>
        </extensions>
      </trkpt>
      <trkpt lat="34.23363857902586460113525390625" lon="108.937337100505828857421875">
        <ele>406.399993896484375</ele>
        <time>2026-03-17T13:10:21.000Z</time>
        <extensions>
          <ns3:TrackPointExtension>
            <ns3:hr>172</ns3:hr>
            <ns3:cad>98</ns3:cad>
          </ns3:TrackPointExtension>
        </extensions>
      </trkpt>
      <trkpt lat="34.23360538668930530548095703125" lon="108.9373382739722728729248046875">
        <ele>406.20001220703125</ele>
        <time>2026-03-17T13:10:22.000Z</time>
        <extensions>
          <ns3:TrackPointExtension>
            <ns3:hr>172</ns3:hr>
            <ns3:cad>98</ns3:cad>
          </ns3:TrackPointExtension>
        </extensions>
      </trkpt>
      <trkpt lat="34.2335796542465686798095703125" lon="108.937346152961254119873046875">
        <ele>406.20001220703125</ele>
        <time>2026-03-17T13:10:23.000Z</time>
        <extensions>
          <ns3:TrackPointExtension>
            <ns3:hr>172</ns3:hr>
            <ns3:cad>98</ns3:cad>
          </ns3:TrackPointExtension>
        </extensions>
      </trkpt>
      <trkpt lat="34.2335501499474048614501953125" lon="108.937358222901821136474609375">
        <ele>406.20001220703125</ele>
        <time>2026-03-17T13:10:24.000Z</time>
        <extensions>
          <ns3:TrackPointExtension>
            <ns3:hr>171</ns3:hr>
            <ns3:cad>98</ns3:cad>
          </ns3:TrackPointExtension>
        </extensions>
      </trkpt>
      <trkpt lat="34.23351670615375041961669921875" lon="108.9373818598687648773193359375">
        <ele>406.20001220703125</ele>
        <time>2026-03-17T13:10:25.000Z</time>
        <extensions>
          <ns3:TrackPointExtension>
            <ns3:hr>171</ns3:hr>
            <ns3:cad>99</ns3:cad>
          </ns3:TrackPointExtension>
        </extensions>
      </trkpt>
      <trkpt lat="34.2334820888936519622802734375" lon="108.93740423955023288726806640625">
        <ele>406.20001220703125</ele>
        <time>2026-03-17T13:10:26.000Z</time>
        <extensions>
          <ns3:TrackPointExtension>
            <ns3:hr>170</ns3:hr>
            <ns3:cad>99</ns3:cad>
          </ns3:TrackPointExtension>
        </extensions>
      </trkpt>
      <trkpt lat="34.23344763927161693572998046875" lon="108.9374113641679286956787109375">
        <ele>406.20001220703125</ele>
        <time>2026-03-17T13:10:27.000Z</time>
        <extensions>
          <ns3:TrackPointExtension>
            <ns3:hr>170</ns3:hr>
            <ns3:cad>99</ns3:cad>
          </ns3:TrackPointExtension>
        </extensions>
      </trkpt>
      <trkpt lat="34.2334131896495819091796875" lon="108.9374334923923015594482421875">
        <ele>406.20001220703125</ele>
        <time>2026-03-17T13:10:28.000Z</time>
        <extensions>
          <ns3:TrackPointExtension>
            <ns3:hr>169</ns3:hr>
            <ns3:cad>99</ns3:cad>
          </ns3:TrackPointExtension>
        </extensions>
      </trkpt>
      <trkpt lat="34.23337890766561031341552734375" lon="108.93745017237961292266845703125">
        <ele>406.20001220703125</ele>
        <time>2026-03-17T13:10:29.000Z</time>
        <extensions>
          <ns3:TrackPointExtension>
            <ns3:hr>169</ns3:hr>
            <ns3:cad>99</ns3:cad>
          </ns3:TrackPointExtension>
        </extensions>
      </trkpt>
      <trkpt lat="34.23334454186260700225830078125" lon="108.9374623261392116546630859375">
        <ele>406.20001220703125</ele>
        <time>2026-03-17T13:10:30.000Z</time>
        <extensions>
          <ns3:TrackPointExtension>
            <ns3:hr>168</ns3:hr>
            <ns3:cad>99</ns3:cad>
          </ns3:TrackPointExtension>
        </extensions>
      </trkpt>
      <trkpt lat="34.23331327736377716064453125" lon="108.9374640025198459625244140625">
        <ele>406.20001220703125</ele>
        <time>2026-03-17T13:10:31.000Z</time>
        <extensions>
          <ns3:TrackPointExtension>
            <ns3:hr>168</ns3:hr>
            <ns3:cad>99</ns3:cad>
          </ns3:TrackPointExtension>
        </extensions>
      </trkpt>
      <trkpt lat="34.23327765427529811859130859375" lon="108.9374673552811145782470703125">
        <ele>406.20001220703125</ele>
        <time>2026-03-17T13:10:32.000Z</time>
        <extensions>
          <ns3:TrackPointExtension>
            <ns3:hr>167</ns3:hr>
            <ns3:cad>99</ns3:cad>
          </ns3:TrackPointExtension>
        </extensions>
      </trkpt>
      <trkpt lat="34.233244545757770538330078125" lon="108.9374747313559055328369140625">
        <ele>406.20001220703125</ele>
        <time>2026-03-17T13:10:33.000Z</time>
        <extensions>
          <ns3:TrackPointExtension>
            <ns3:hr>167</ns3:hr>
            <ns3:cad>99</ns3:cad>
          </ns3:TrackPointExtension>
        </extensions>
      </trkpt>
      <trkpt lat="34.2332095094025135040283203125" lon="108.937482275068759918212890625">
        <ele>406.20001220703125</ele>
        <time>2026-03-17T13:10:34.000Z</time>
        <extensions>
          <ns3:TrackPointExtension>
            <ns3:hr>166</ns3:hr>
            <ns3:cad>99</ns3:cad>
          </ns3:TrackPointExtension>
        </extensions>
      </trkpt>
      <trkpt lat="34.233175478875637054443359375" lon="108.9374945126473903656005859375">
        <ele>406.20001220703125</ele>
        <time>2026-03-17T13:10:35.000Z</time>
        <extensions>
          <ns3:TrackPointExtension>
            <ns3:hr>166</ns3:hr>
            <ns3:cad>99</ns3:cad>
          </ns3:TrackPointExtension>
        </extensions>
      </trkpt>
      <trkpt lat="34.23314304091036319732666015625" lon="108.9375193230807781219482421875">
        <ele>406.20001220703125</ele>
        <time>2026-03-17T13:10:36.000Z</time>
        <extensions>
          <ns3:TrackPointExtension>
            <ns3:hr>165</ns3:hr>
            <ns3:cad>99</ns3:cad>
          </ns3:TrackPointExtension>
        </extensions>
      </trkpt>
      <trkpt lat="34.23310833983123302459716796875" lon="108.93755109049379825592041015625">
        <ele>406</ele>
        <time>2026-03-17T13:10:37.000Z</time>
        <extensions>
          <ns3:TrackPointExtension>
            <ns3:hr>165</ns3:hr>
            <ns3:cad>98</ns3:cad>
          </ns3:TrackPointExtension>
        </extensions>
      </trkpt>
      <trkpt lat="34.2330733872950077056884765625" lon="108.93758721649646759033203125">
        <ele>406</ele>
        <time>2026-03-17T13:10:38.000Z</time>
        <extensions>
          <ns3:TrackPointExtension>
            <ns3:hr>164</ns3:hr>
            <ns3:cad>99</ns3:cad>
          </ns3:TrackPointExtension>
        </extensions>
      </trkpt>
      <trkpt lat="34.23303843475878238677978515625" lon="108.93761445768177509307861328125">
        <ele>406</ele>
        <time>2026-03-17T13:10:39.000Z</time>
        <extensions>
          <ns3:TrackPointExtension>
            <ns3:hr>164</ns3:hr>
            <ns3:cad>97</ns3:cad>
          </ns3:TrackPointExtension>
        </extensions>
      </trkpt>
      <trkpt lat="34.2330013029277324676513671875" lon="108.93763960339128971099853515625">
        <ele>406</ele>
        <time>2026-03-17T13:10:40.000Z</time>
        <extensions>
          <ns3:TrackPointExtension>
            <ns3:hr>164</ns3:hr>
            <ns3:cad>98</ns3:cad>
          </ns3:TrackPointExtension>
        </extensions>
      </trkpt>
      <trkpt lat="34.23296785913407802581787109375" lon="108.93766072578728199005126953125">
        <ele>406</ele>
        <time>2026-03-17T13:10:41.000Z</time>
        <extensions>
          <ns3:TrackPointExtension>
            <ns3:hr>163</ns3:hr>
            <ns3:cad>98</ns3:cad>
          </ns3:TrackPointExtension>
        </extensions>
      </trkpt>
      <trkpt lat="34.23293315805494785308837890625" lon="108.93768670968711376190185546875">
        <ele>406</ele>
        <time>2026-03-17T13:10:42.000Z</time>
        <extensions>
          <ns3:TrackPointExtension>
            <ns3:hr>162</ns3:hr>
            <ns3:cad>98</ns3:cad>
          </ns3:TrackPointExtension>
        </extensions>
      </trkpt>
      <trkpt lat="34.2329037375748157501220703125" lon="108.9377067424356937408447265625">
        <ele>406</ele>
        <time>2026-03-17T13:10:43.000Z</time>
        <extensions>
          <ns3:TrackPointExtension>
            <ns3:hr>162</ns3:hr>
            <ns3:cad>99</ns3:cad>
          </ns3:TrackPointExtension>
        </extensions>
      </trkpt>
      <trkpt lat="34.232885800302028656005859375" lon="108.9377406053245067596435546875">
        <ele>406.20001220703125</ele>
        <time>2026-03-17T13:10:44.000Z</time>
        <extensions>
          <ns3:TrackPointExtension>
            <ns3:hr>162</ns3:hr>
            <ns3:cad>99</ns3:cad>
          </ns3:TrackPointExtension>
        </extensions>
      </trkpt>
      <trkpt lat="34.232852272689342498779296875" lon="108.937747813761234283447265625">
        <ele>406.20001220703125</ele>
        <time>2026-03-17T13:10:45.000Z</time>
        <extensions>
          <ns3:TrackPointExtension>
            <ns3:hr>161</ns3:hr>
            <ns3:cad>99</ns3:cad>
          </ns3:TrackPointExtension>
        </extensions>
      </trkpt>
      <trkpt lat="34.232851602137088775634765625" lon="108.93776415847241878509521484375">
        <ele>406.20001220703125</ele>
        <time>2026-03-17T13:10:46.000Z</time>
        <extensions>
          <ns3:TrackPointExtension>
            <ns3:hr>160</ns3:hr>
            <ns3:cad>99</ns3:cad>
          </ns3:TrackPointExtension>
        </extensions>
      </trkpt>
      <trkpt lat="34.2328199185431003570556640625" lon="108.9377744682133197784423828125">
        <ele>406.20001220703125</ele>
        <time>2026-03-17T13:10:47.000Z</time>
        <extensions>
          <ns3:TrackPointExtension>
            <ns3:hr>161</ns3:hr>
            <ns3:cad>99</ns3:cad>
          </ns3:TrackPointExtension>
        </extensions>
      </trkpt>
      <trkpt lat="34.2327897436916828155517578125" lon="108.9377888850867748260498046875">
        <ele>406.20001220703125</ele>
        <time>2026-03-17T13:10:48.000Z</time>
        <extensions>
          <ns3:TrackPointExtension>
            <ns3:hr>161</ns3:hr>
            <ns3:cad>99</ns3:cad>
          </ns3:TrackPointExtension>
        </extensions>
      </trkpt>
      <trkpt lat="34.2327605746686458587646484375" lon="108.93781629391014575958251953125">
        <ele>406.20001220703125</ele>
        <time>2026-03-17T13:10:49.000Z</time>
        <extensions>
          <ns3:TrackPointExtension>
            <ns3:hr>162</ns3:hr>
            <ns3:cad>98</ns3:cad>
          </ns3:TrackPointExtension>
        </extensions>
      </trkpt>
      <trkpt lat="34.232736267149448394775390625" lon="108.937845043838024139404296875">
        <ele>406.20001220703125</ele>
        <time>2026-03-17T13:10:50.000Z</time>
        <extensions>
          <ns3:TrackPointExtension>
            <ns3:hr>162</ns3:hr>
            <ns3:cad>98</ns3:cad>
          </ns3:TrackPointExtension>
        </extensions>
      </trkpt>
      <trkpt lat="34.23272260464727878570556640625" lon="108.937859795987606048583984375">
        <ele>406.20001220703125</ele>
        <time>2026-03-17T13:10:51.000Z</time>
        <extensions>
          <ns3:TrackPointExtension>
            <ns3:hr>163</ns3:hr>
            <ns3:cad>98</ns3:cad>
          </ns3:TrackPointExtension>
        </extensions>
      </trkpt>
      <trkpt lat="34.23269771039485931396484375" lon="108.93788586370646953582763671875">
        <ele>406.20001220703125</ele>
        <time>2026-03-17T13:10:52.000Z</time>
        <extensions>
          <ns3:TrackPointExtension>
            <ns3:hr>164</ns3:hr>
            <ns3:cad>99</ns3:cad>
          </ns3:TrackPointExtension>
        </extensions>
      </trkpt>
      <trkpt lat="34.2326841317117214202880859375" lon="108.937904052436351776123046875">
        <ele>406.20001220703125</ele>
        <time>2026-03-17T13:10:53.000Z</time>
        <extensions>
          <ns3:TrackPointExtension>
            <ns3:hr>164</ns3:hr>
            <ns3:cad>99</ns3:cad>
          </ns3:TrackPointExtension>
        </extensions>
      </trkpt>
      <trkpt lat="34.2326827906072139739990234375" lon="108.9379166252911090850830078125">
        <ele>406.20001220703125</ele>
        <time>2026-03-17T13:10:54.000Z</time>
        <extensions>
          <ns3:TrackPointExtension>
            <ns3:hr>165</ns3:hr>
            <ns3:cad>99</ns3:cad>
          </ns3:TrackPointExtension>
        </extensions>
      </trkpt>
      <trkpt lat="34.23267516307532787322998046875" lon="108.9379340596497058868408203125">
        <ele>406.20001220703125</ele>
        <time>2026-03-17T13:10:55.000Z</time>
        <extensions>
          <ns3:TrackPointExtension>
            <ns3:hr>165</ns3:hr>
            <ns3:cad>99</ns3:cad>
          </ns3:TrackPointExtension>
        </extensions>
      </trkpt>
      <trkpt lat="34.232668541371822357177734375" lon="108.93795576877892017364501953125">
        <ele>406.20001220703125</ele>
        <time>2026-03-17T13:10:56.000Z</time>
        <extensions>
          <ns3:TrackPointExtension>
            <ns3:hr>166</ns3:hr>
            <ns3:cad>99</ns3:cad>
          </ns3:TrackPointExtension>
        </extensions>
      </trkpt>
      <trkpt lat="34.23266694881021976470947265625" lon="108.93796515651047229766845703125">
        <ele>406.20001220703125</ele>
        <time>2026-03-17T13:10:57.000Z</time>
        <extensions>
          <ns3:TrackPointExtension>
            <ns3:hr>166</ns3:hr>
            <ns3:cad>99</ns3:cad>
          </ns3:TrackPointExtension>
        </extensions>
      </trkpt>
      <trkpt lat="34.23266678117215633392333984375" lon="108.93796951510012149810791015625">
        <ele>406.20001220703125</ele>
        <time>2026-03-17T13:10:58.000Z</time>
        <extensions>
          <ns3:TrackPointExtension>
            <ns3:hr>166</ns3:hr>
            <ns3:cad>99</ns3:cad>
          </ns3:TrackPointExtension>
        </extensions>
      </trkpt>
      <trkpt lat="34.23268706537783145904541015625" lon="108.93797219730913639068603515625">
        <ele>406.399993896484375</ele>
        <time>2026-03-17T13:10:59.000Z</time>
        <extensions>
          <ns3:TrackPointExtension>
            <ns3:hr>166</ns3:hr>
            <ns3:cad>100</ns3:cad>
          </ns3:TrackPointExtension>
        </extensions>
      </trkpt>
      <trkpt lat="34.23274255357682704925537109375" lon="108.937991224229335784912109375">
        <ele>406.20001220703125</ele>
        <time>2026-03-17T13:11:00.000Z</time>
        <extensions>
          <ns3:TrackPointExtension>
            <ns3:hr>167</ns3:hr>
            <ns3:cad>100</ns3:cad>
          </ns3:TrackPointExtension>
        </extensions>
      </trkpt>
      <trkpt lat="34.2327480018138885498046875" lon="108.937997259199619293212890625">
        <ele>406.399993896484375</ele>
        <time>2026-03-17T13:11:01.000Z</time>
        <extensions>
          <ns3:TrackPointExtension>
            <ns3:hr>167</ns3:hr>
            <ns3:cad>100</ns3:cad>
          </ns3:TrackPointExtension>
        </extensions>
      </trkpt>
      <trkpt lat="34.232746660709381103515625" lon="108.93800203688442707061767578125">
        <ele>406.399993896484375</ele>
        <time>2026-03-17T13:11:02.000Z</time>
        <extensions>
          <ns3:TrackPointExtension>
            <ns3:hr>167</ns3:hr>
            <ns3:cad>100</ns3:cad>
          </ns3:TrackPointExtension>
        </extensions>
      </trkpt>
      <trkpt lat="34.23273065127432346343994140625" lon="108.9380061440169811248779296875">
        <ele>406.20001220703125</ele>
        <time>2026-03-17T13:11:03.000Z</time>
        <extensions>
          <ns3:TrackPointExtension>
            <ns3:hr>168</ns3:hr>
            <ns3:cad>100</ns3:cad>
          </ns3:TrackPointExtension>
        </extensions>
      </trkpt>
      <trkpt lat="34.23273316584527492523193359375" lon="108.93803589977324008941650390625">
        <ele>406.20001220703125</ele>
        <time>2026-03-17T13:11:04.000Z</time>
        <extensions>
          <ns3:TrackPointExtension>
            <ns3:hr>168</ns3:hr>
            <ns3:cad>100</ns3:cad>
          </ns3:TrackPointExtension>
        </extensions>
      </trkpt>
      <trkpt lat="34.2327652685344219207763671875" lon="108.9380544237792491912841796875">
        <ele>406.20001220703125</ele>
        <time>2026-03-17T13:11:05.000Z</time>
        <extensions>
          <ns3:TrackPointExtension>
            <ns3:hr>168</ns3:hr>
            <ns3:cad>97</ns3:cad>
          </ns3:TrackPointExtension>
        </extensions>
      </trkpt>
      <trkpt lat="34.2327726446092128753662109375" lon="108.9380800724029541015625">
        <ele>406.20001220703125</ele>
        <time>2026-03-17T13:11:06.000Z</time>
        <extensions>
          <ns3:TrackPointExtension>
            <ns3:hr>168</ns3:hr>
            <ns3:cad>97</ns3:cad>
          </ns3:TrackPointExtension>
        </extensions>
      </trkpt>
      <trkpt lat="34.2327766679227352142333984375" lon="108.93809071741998195648193359375">
        <ele>406.20001220703125</ele>
        <time>2026-03-17T13:11:07.000Z</time>
        <extensions>
          <ns3:TrackPointExtension>
            <ns3:hr>168</ns3:hr>
            <ns3:cad>97</ns3:cad>
          </ns3:TrackPointExtension>
        </extensions>
      </trkpt>
      <trkpt lat="34.23282033763825893402099609375" lon="108.938089795410633087158203125">
        <ele>406.20001220703125</ele>
        <time>2026-03-17T13:11:08.000Z</time>
        <extensions>
          <ns3:TrackPointExtension>
            <ns3:hr>168</ns3:hr>
            <ns3:cad>97</ns3:cad>
          </ns3:TrackPointExtension>
        </extensions>
      </trkpt>
      <trkpt lat="34.23283240757882595062255859375" lon="108.93810245208442211151123046875">
        <ele>406.20001220703125</ele>
        <time>2026-03-17T13:11:09.000Z</time>
        <extensions>
          <ns3:TrackPointExtension>
            <ns3:hr>169</ns3:hr>
            <ns3:cad>97</ns3:cad>
          </ns3:TrackPointExtension>
        </extensions>
      </trkpt>
      <trkpt lat="34.2328373529016971588134765625" lon="108.93810882233083248138427734375">
        <ele>406.20001220703125</ele>
        <time>2026-03-17T13:11:10.000Z</time>
        <extensions>
          <ns3:TrackPointExtension>
            <ns3:hr>168</ns3:hr>
            <ns3:cad>97</ns3:cad>
          </ns3:TrackPointExtension>
        </extensions>
      </trkpt>
      <trkpt lat="34.23286979086697101593017578125" lon="108.93810689449310302734375">
        <ele>406.20001220703125</ele>
        <time>2026-03-17T13:11:11.000Z</time>
        <extensions>
          <ns3:TrackPointExtension>
            <ns3:hr>168</ns3:hr>
            <ns3:cad>94</ns3:cad>
          </ns3:TrackPointExtension>
        </extensions>
      </trkpt>
      <trkpt lat="34.23289543949067592620849609375" lon="108.93809993751347064971923828125">
        <ele>406.20001220703125</ele>
        <time>2026-03-17T13:11:12.000Z</time>
        <extensions>
          <ns3:TrackPointExtension>
            <ns3:hr>168</ns3:hr>
            <ns3:cad>94</ns3:cad>
          </ns3:TrackPointExtension>
        </extensions>
      </trkpt>
      <trkpt lat="34.23291421495378017425537109375" lon="108.93806640990078449249267578125">
        <ele>406.20001220703125</ele>
        <time>2026-03-17T13:11:13.000Z</time>
        <extensions>
          <ns3:TrackPointExtension>
            <ns3:hr>168</ns3:hr>
            <ns3:cad>94</ns3:cad>
          </ns3:TrackPointExtension>
        </extensions>
      </trkpt>
      <trkpt lat="34.2329379357397556304931640625" lon="108.93804444931447505950927734375">
        <ele>406.20001220703125</ele>
        <time>2026-03-17T13:11:14.000Z</time>
        <extensions>
          <ns3:TrackPointExtension>
            <ns3:hr>167</ns3:hr>
            <ns3:cad>98</ns3:cad>
          </ns3:TrackPointExtension>
        </extensions>
      </trkpt>
      <trkpt lat="34.23293516971170902252197265625" lon="108.93803782761096954345703125">
        <ele>406.20001220703125</ele>
        <time>2026-03-17T13:11:15.000Z</time>
        <extensions>
          <ns3:TrackPointExtension>
            <ns3:hr>167</ns3:hr>
            <ns3:cad>98</ns3:cad>
          </ns3:TrackPointExtension>
        </extensions>
      </trkpt>
      <trkpt lat="34.232948832213878631591796875" lon="108.93802885897457599639892578125">
        <ele>406.20001220703125</ele>
        <time>2026-03-17T13:11:16.000Z</time>
        <extensions>
          <ns3:TrackPointExtension>
            <ns3:hr>167</ns3:hr>
            <ns3:cad>98</ns3:cad>
          </ns3:TrackPointExtension>
        </extensions>
      </trkpt>
      <trkpt lat="34.232955873012542724609375" lon="108.938017375767230987548828125">
        <ele>406.20001220703125</ele>
        <time>2026-03-17T13:11:17.000Z</time>
        <extensions>
          <ns3:TrackPointExtension>
            <ns3:hr>167</ns3:hr>
            <ns3:cad>98</ns3:cad>
          </ns3:TrackPointExtension>
        </extensions>
      </trkpt>
      <trkpt lat="34.2329513467848300933837890625" lon="108.938014693558216094970703125">
        <ele>406.20001220703125</ele>
        <time>2026-03-17T13:11:18.000Z</time>
        <extensions>
          <ns3:TrackPointExtension>
            <ns3:hr>168</ns3:hr>
            <ns3:cad>98</ns3:cad>
          </ns3:TrackPointExtension>
        </extensions>
      </trkpt>
      <trkpt lat="34.23295578919351100921630859375" lon="108.93800036050379276275634765625">
        <ele>406.20001220703125</ele>
        <time>2026-03-17T13:11:19.000Z</time>
        <extensions>
          <ns3:TrackPointExtension>
            <ns3:hr>168</ns3:hr>
            <ns3:cad>98</ns3:cad>
          </ns3:TrackPointExtension>
        </extensions>
      </trkpt>
      <trkpt lat="34.2329536937177181243896484375" lon="108.9379977621138095855712890625">
        <ele>406.20001220703125</ele>
        <time>2026-03-17T13:11:20.000Z</time>
        <extensions>
          <ns3:TrackPointExtension>
            <ns3:hr>168</ns3:hr>
            <ns3:cad>97</ns3:cad>
          </ns3:TrackPointExtension>
        </extensions>
      </trkpt>
      <trkpt lat="34.23294179141521453857421875" lon="108.9379944093525409698486328125">
        <ele>406.20001220703125</ele>
        <time>2026-03-17T13:11:21.000Z</time>
        <extensions>
          <ns3:TrackPointExtension>
            <ns3:hr>167</ns3:hr>
            <ns3:cad>97</ns3:cad>
          </ns3:TrackPointExtension>
        </extensions>
      </trkpt>
      <trkpt lat="34.23295612446963787078857421875" lon="108.937988542020320892333984375">
        <ele>406.20001220703125</ele>
        <time>2026-03-17T13:11:22.000Z</time>
        <extensions>
          <ns3:TrackPointExtension>
            <ns3:hr>167</ns3:hr>
            <ns3:cad>98</ns3:cad>
          </ns3:TrackPointExtension>
        </extensions>
      </trkpt>
      <trkpt lat="34.2329557053744792938232421875" lon="108.93798309378325939178466796875">
        <ele>406.20001220703125</ele>
        <time>2026-03-17T13:11:23.000Z</time>
        <extensions>
          <ns3:TrackPointExtension>
            <ns3:hr>166</ns3:hr>
            <ns3:cad>99</ns3:cad>
          </ns3:TrackPointExtension>
        </extensions>
      </trkpt>
      <trkpt lat="34.2329553700983524322509765625" lon="108.93798208795487880706787109375">
        <ele>406.20001220703125</ele>
        <time>2026-03-17T13:11:24.000Z</time>
        <extensions>
          <ns3:TrackPointExtension>
            <ns3:hr>165</ns3:hr>
            <ns3:cad>99</ns3:cad>
          </ns3:TrackPointExtension>
        </extensions>
      </trkpt>
      <trkpt lat="34.232971630990505218505859375" lon="108.93798426724970340728759765625">
        <ele>406.20001220703125</ele>
        <time>2026-03-17T13:11:25.000Z</time>
        <extensions>
          <ns3:TrackPointExtension>
            <ns3:hr>164</ns3:hr>
            <ns3:cad>99</ns3:cad>
          </ns3:TrackPointExtension>
        </extensions>
      </trkpt>
      <trkpt lat="34.232990406453609466552734375" lon="108.9379846863448619842529296875">
        <ele>406.20001220703125</ele>
        <time>2026-03-17T13:11:26.000Z</time>
        <extensions>
          <ns3:TrackPointExtension>
            <ns3:hr>163</ns3:hr>
            <ns3:cad>99</ns3:cad>
          </ns3:TrackPointExtension>
        </extensions>
      </trkpt>
      <trkpt lat="34.23301286995410919189453125" lon="108.93798711709678173065185546875">
        <ele>406.20001220703125</ele>
        <time>2026-03-17T13:11:27.000Z</time>
        <extensions>
          <ns3:TrackPointExtension>
            <ns3:hr>162</ns3:hr>
            <ns3:cad>97</ns3:cad>
          </ns3:TrackPointExtension>
        </extensions>
      </trkpt>
      <trkpt lat="34.2330247722566127777099609375" lon="108.93798946402966976165771484375">
        <ele>406.20001220703125</ele>
        <time>2026-03-17T13:11:28.000Z</time>
        <extensions>
          <ns3:TrackPointExtension>
            <ns3:hr>162</ns3:hr>
            <ns3:cad>97</ns3:cad>
          </ns3:TrackPointExtension>
        </extensions>
      </trkpt>
      <trkpt lat="34.233056791126728057861328125" lon="108.9379880391061305999755859375">
        <ele>406.20001220703125</ele>
        <time>2026-03-17T13:11:29.000Z</time>
        <extensions>
          <ns3:TrackPointExtension>
            <ns3:hr>161</ns3:hr>
            <ns3:cad>98</ns3:cad>
          </ns3:TrackPointExtension>
        </extensions>
      </trkpt>
      <trkpt lat="34.23306458629667758941650390625" lon="108.937993235886096954345703125">
        <ele>406.20001220703125</ele>
        <time>2026-03-17T13:11:30.000Z</time>
        <extensions>
          <ns3:TrackPointExtension>
            <ns3:hr>161</ns3:hr>
            <ns3:cad>99</ns3:cad>
          </ns3:TrackPointExtension>
        </extensions>
      </trkpt>
      <trkpt lat="34.233076572418212890625" lon="108.93799600191414356231689453125">
        <ele>406.20001220703125</ele>
        <time>2026-03-17T13:11:31.000Z</time>
        <extensions>
          <ns3:TrackPointExtension>
            <ns3:hr>161</ns3:hr>
            <ns3:cad>100</ns3:cad>
          </ns3:TrackPointExtension>
        </extensions>
      </trkpt>
      <trkpt lat="34.23308939673006534576416015625" lon="108.93799734301865100860595703125">
        <ele>406.20001220703125</ele>
        <time>2026-03-17T13:11:32.000Z</time>
        <extensions>
          <ns3:TrackPointExtension>
            <ns3:hr>162</ns3:hr>
            <ns3:cad>100</ns3:cad>
          </ns3:TrackPointExtension>
        </extensions>
      </trkpt>
      <trkpt lat="34.2331223376095294952392578125" lon="108.93801008351147174835205078125">
        <ele>406.20001220703125</ele>
        <time>2026-03-17T13:11:33.000Z</time>
        <extensions>
          <ns3:TrackPointExtension>
            <ns3:hr>161</ns3:hr>
            <ns3:cad>100</ns3:cad>
          </ns3:TrackPointExtension>
        </extensions>
      </trkpt>
      <trkpt lat="34.2331449687480926513671875" lon="108.93800488673150539398193359375">
        <ele>406.20001220703125</ele>
        <time>2026-03-17T13:11:34.000Z</time>
        <extensions>
          <ns3:TrackPointExtension>
            <ns3:hr>160</ns3:hr>
            <ns3:cad>98</ns3:cad>
          </ns3:TrackPointExtension>
        </extensions>
      </trkpt>
      <trkpt lat="34.23316064290702342987060546875" lon="108.93801041878759860992431640625">
        <ele>406.20001220703125</ele>
        <time>2026-03-17T13:11:35.000Z</time>
        <extensions>
          <ns3:TrackPointExtension>
            <ns3:hr>160</ns3:hr>
            <ns3:cad>98</ns3:cad>
          </ns3:TrackPointExtension>
        </extensions>
      </trkpt>
      <trkpt lat="34.2332064919173717498779296875" lon="108.93801502883434295654296875">
        <ele>406.20001220703125</ele>
        <time>2026-03-17T13:11:36.000Z</time>
        <extensions>
          <ns3:TrackPointExtension>
            <ns3:hr>159</ns3:hr>
            <ns3:cad>98</ns3:cad>
          </ns3:TrackPointExtension>
        </extensions>
      </trkpt>
      <trkpt lat="34.233229123055934906005859375" lon="108.93801779486238956451416015625">
        <ele>406.20001220703125</ele>
        <time>2026-03-17T13:11:37.000Z</time>
        <extensions>
          <ns3:TrackPointExtension>
            <ns3:hr>159</ns3:hr>
            <ns3:cad>98</ns3:cad>
          </ns3:TrackPointExtension>
        </extensions>
      </trkpt>
      <trkpt lat="34.2332564480602741241455078125" lon="108.9380277693271636962890625">
        <ele>406.20001220703125</ele>
        <time>2026-03-17T13:11:38.000Z</time>
        <extensions>
          <ns3:TrackPointExtension>
            <ns3:hr>159</ns3:hr>
            <ns3:cad>99</ns3:cad>
          </ns3:TrackPointExtension>
        </extensions>
      </trkpt>
      <trkpt lat="34.23326944001019001007080078125" lon="108.9380333013832569122314453125">
        <ele>406.20001220703125</ele>
        <time>2026-03-17T13:11:39.000Z</time>
        <extensions>
          <ns3:TrackPointExtension>
            <ns3:hr>158</ns3:hr>
            <ns3:cad>99</ns3:cad>
          </ns3:TrackPointExtension>
        </extensions>
      </trkpt>
      <trkpt lat="34.23328318633139133453369140625" lon="108.938042186200618743896484375">
        <ele>406.20001220703125</ele>
        <time>2026-03-17T13:11:40.000Z</time>
        <extensions>
          <ns3:TrackPointExtension>
            <ns3:hr>159</ns3:hr>
            <ns3:cad>99</ns3:cad>
          </ns3:TrackPointExtension>
        </extensions>
      </trkpt>
      <trkpt lat="34.2332978546619415283203125" lon="108.93804981373250484466552734375">
        <ele>406.20001220703125</ele>
        <time>2026-03-17T13:11:41.000Z</time>
        <extensions>
          <ns3:TrackPointExtension>
            <ns3:hr>159</ns3:hr>
            <ns3:cad>99</ns3:cad>
          </ns3:TrackPointExtension>
        </extensions>
      </trkpt>
      <trkpt lat="34.23331453464925289154052734375" lon="108.93805366940796375274658203125">
        <ele>406.20001220703125</ele>
        <time>2026-03-17T13:11:42.000Z</time>
        <extensions>
          <ns3:TrackPointExtension>
            <ns3:hr>159</ns3:hr>
            <ns3:cad>97</ns3:cad>
          </ns3:TrackPointExtension>
        </extensions>
      </trkpt>
      <trkpt lat="34.23332040198147296905517578125" lon="108.938066326081752777099609375">
        <ele>406.20001220703125</ele>
        <time>2026-03-17T13:11:43.000Z</time>
        <extensions>
          <ns3:TrackPointExtension>
            <ns3:hr>158</ns3:hr>
            <ns3:cad>97</ns3:cad>
          </ns3:TrackPointExtension>
        </extensions>
      </trkpt>
      <trkpt lat="34.23334001563489437103271484375" lon="108.938066661357879638671875">
        <ele>406.20001220703125</ele>
        <time>2026-03-17T13:11:44.000Z</time>
        <extensions>
          <ns3:TrackPointExtension>
            <ns3:hr>158</ns3:hr>
            <ns3:cad>97</ns3:cad>
          </ns3:TrackPointExtension>
        </extensions>
      </trkpt>
      <trkpt lat="34.2333701066672801971435546875" lon="108.93806934356689453125">
        <ele>406.20001220703125</ele>
        <time>2026-03-17T13:11:45.000Z</time>
        <extensions>
          <ns3:TrackPointExtension>
            <ns3:hr>157</ns3:hr>
            <ns3:cad>97</ns3:cad>
          </ns3:TrackPointExtension>
        </extensions>
      </trkpt>
      <trkpt lat="34.2333836853504180908203125" lon="108.9380799047648906707763671875">
        <ele>406.20001220703125</ele>
        <time>2026-03-17T13:11:46.000Z</time>
        <extensions>
          <ns3:TrackPointExtension>
            <ns3:hr>157</ns3:hr>
            <ns3:cad>99</ns3:cad>
          </ns3:TrackPointExtension>
        </extensions>
      </trkpt>
      <trkpt lat="34.23339508473873138427734375" lon="108.9380745403468608856201171875">
        <ele>406.20001220703125</ele>
        <time>2026-03-17T13:11:47.000Z</time>
        <extensions>
          <ns3:TrackPointExtension>
            <ns3:hr>156</ns3:hr>
            <ns3:cad>100</ns3:cad>
          </ns3:TrackPointExtension>
        </extensions>
      </trkpt>
      <trkpt lat="34.23340983688831329345703125" lon="108.93807847984135150909423828125">
        <ele>406</ele>
        <time>2026-03-17T13:11:48.000Z</time>
        <extensions>
          <ns3:TrackPointExtension>
            <ns3:hr>156</ns3:hr>
            <ns3:cad>100</ns3:cad>
          </ns3:TrackPointExtension>
        </extensions>
      </trkpt>
      <trkpt lat="34.233434982597827911376953125" lon="108.938081078231334686279296875">
        <ele>406.20001220703125</ele>
        <time>2026-03-17T13:11:49.000Z</time>
        <extensions>
          <ns3:TrackPointExtension>
            <ns3:hr>155</ns3:hr>
            <ns3:cad>100</ns3:cad>
          </ns3:TrackPointExtension>
        </extensions>
      </trkpt>
      <trkpt lat="34.2334626428782939910888671875" lon="108.9380852691829204559326171875">
        <ele>406.20001220703125</ele>
        <time>2026-03-17T13:11:50.000Z</time>
        <extensions>
          <ns3:TrackPointExtension>
            <ns3:hr>155</ns3:hr>
            <ns3:cad>100</ns3:cad>
          </ns3:TrackPointExtension>
        </extensions>
      </trkpt>
      <trkpt lat="34.2334842681884765625" lon="108.93809122033417224884033203125">
        <ele>406.20001220703125</ele>
        <time>2026-03-17T13:11:51.000Z</time>
        <extensions>
          <ns3:TrackPointExtension>
            <ns3:hr>155</ns3:hr>
            <ns3:cad>100</ns3:cad>
          </ns3:TrackPointExtension>
        </extensions>
      </trkpt>
      <trkpt lat="34.233493991196155548095703125" lon="108.9380929805338382720947265625">
        <ele>406.20001220703125</ele>
        <time>2026-03-17T13:11:52.000Z</time>
        <extensions>
          <ns3:TrackPointExtension>
            <ns3:hr>154</ns3:hr>
            <ns3:cad>100</ns3:cad>
          </ns3:TrackPointExtension>
        </extensions>
      </trkpt>
      <trkpt lat="34.23351519741117954254150390625" lon="108.93809675239026546478271484375">
        <ele>406.20001220703125</ele>
        <time>2026-03-17T13:11:53.000Z</time>
        <extensions>
          <ns3:TrackPointExtension>
            <ns3:hr>153</ns3:hr>
            <ns3:cad>100</ns3:cad>
          </ns3:TrackPointExtension>
        </extensions>
      </trkpt>
      <trkpt lat="34.23353011719882488250732421875" lon="108.93809415400028228759765625">
        <ele>406.20001220703125</ele>
        <time>2026-03-17T13:11:54.000Z</time>
        <extensions>
          <ns3:TrackPointExtension>
            <ns3:hr>153</ns3:hr>
            <ns3:cad>100</ns3:cad>
          </ns3:TrackPointExtension>
        </extensions>
      </trkpt>
      <trkpt lat="34.23355626873672008514404296875" lon="108.938095830380916595458984375">
        <ele>406.20001220703125</ele>
        <time>2026-03-17T13:11:55.000Z</time>
        <extensions>
          <ns3:TrackPointExtension>
            <ns3:hr>151</ns3:hr>
            <ns3:cad>99</ns3:cad>
          </ns3:TrackPointExtension>
        </extensions>
      </trkpt>
      <trkpt lat="34.23356297425925731658935546875" lon="108.93810463137924671173095703125">
        <ele>406.20001220703125</ele>
        <time>2026-03-17T13:11:56.000Z</time>
        <extensions>
          <ns3:TrackPointExtension>
            <ns3:hr>149</ns3:hr>
            <ns3:cad>98</ns3:cad>
          </ns3:TrackPointExtension>
        </extensions>
      </trkpt>
      <trkpt lat="34.23357269726693630218505859375" lon="108.93810546956956386566162109375">
        <ele>406.20001220703125</ele>
        <time>2026-03-17T13:11:57.000Z</time>
        <extensions>
          <ns3:TrackPointExtension>
            <ns3:hr>147</ns3:hr>
            <ns3:cad>98</ns3:cad>
          </ns3:TrackPointExtension>
        </extensions>
      </trkpt>
      <trkpt lat="34.23358552157878875732421875" lon="108.93810429610311985015869140625">
        <ele>406.20001220703125</ele>
        <time>2026-03-17T13:11:58.000Z</time>
        <extensions>
          <ns3:TrackPointExtension>
            <ns3:hr>147</ns3:hr>
            <ns3:cad>98</ns3:cad>
          </ns3:TrackPointExtension>
        </extensions>
      </trkpt>
      <trkpt lat="34.2336051352322101593017578125" lon="108.9381027035415172576904296875">
        <ele>406.20001220703125</ele>
        <time>2026-03-17T13:11:59.000Z</time>
        <extensions>
          <ns3:TrackPointExtension>
            <ns3:hr>146</ns3:hr>
            <ns3:cad>98</ns3:cad>
          </ns3:TrackPointExtension>
        </extensions>
      </trkpt>
      <trkpt lat="34.23360706306993961334228515625" lon="108.938098512589931488037109375">
        <ele>406.20001220703125</ele>
        <time>2026-03-17T13:12:00.000Z</time>
        <extensions>
          <ns3:TrackPointExtension>
            <ns3:hr>146</ns3:hr>
            <ns3:cad>98</ns3:cad>
          </ns3:TrackPointExtension>
        </extensions>
      </trkpt>
      <trkpt lat="34.233615696430206298828125" lon="108.93809692002832889556884765625">
        <ele>406.20001220703125</ele>
        <time>2026-03-17T13:12:01.000Z</time>
        <extensions>
          <ns3:TrackPointExtension>
            <ns3:hr>146</ns3:hr>
            <ns3:cad>98</ns3:cad>
          </ns3:TrackPointExtension>
        </extensions>
      </trkpt>
      <trkpt lat="34.2336215637624263763427734375" lon="108.93810161389410495758056640625">
        <ele>406.20001220703125</ele>
        <time>2026-03-17T13:12:02.000Z</time>
        <extensions>
          <ns3:TrackPointExtension>
            <ns3:hr>146</ns3:hr>
            <ns3:cad>98</ns3:cad>
          </ns3:TrackPointExtension>
        </extensions>
      </trkpt>
      <trkpt lat="34.23363472335040569305419921875" lon="108.93811217509210109710693359375">
        <ele>406.20001220703125</ele>
        <time>2026-03-17T13:12:03.000Z</time>
        <extensions>
          <ns3:TrackPointExtension>
            <ns3:hr>145</ns3:hr>
            <ns3:cad>98</ns3:cad>
          </ns3:TrackPointExtension>
        </extensions>
      </trkpt>
      <trkpt lat="34.23364696092903614044189453125" lon="108.9381243288516998291015625">
        <ele>406.20001220703125</ele>
        <time>2026-03-17T13:12:04.000Z</time>
        <extensions>
          <ns3:TrackPointExtension>
            <ns3:hr>146</ns3:hr>
            <ns3:cad>99</ns3:cad>
          </ns3:TrackPointExtension>
        </extensions>
      </trkpt>
      <trkpt lat="34.23365031369030475616455078125" lon="108.93812340684235095977783203125">
        <ele>406.20001220703125</ele>
        <time>2026-03-17T13:12:05.000Z</time>
        <extensions>
          <ns3:TrackPointExtension>
            <ns3:hr>146</ns3:hr>
            <ns3:cad>99</ns3:cad>
          </ns3:TrackPointExtension>
        </extensions>
      </trkpt>
      <trkpt lat="34.23365131951868534088134765625" lon="108.93813162110745906829833984375">
        <ele>406.20001220703125</ele>
        <time>2026-03-17T13:12:06.000Z</time>
        <extensions>
          <ns3:TrackPointExtension>
            <ns3:hr>148</ns3:hr>
            <ns3:cad>99</ns3:cad>
          </ns3:TrackPointExtension>
        </extensions>
      </trkpt>
      <trkpt lat="34.23364846967160701751708984375" lon="108.93812944181263446807861328125">
        <ele>406.20001220703125</ele>
        <time>2026-03-17T13:12:07.000Z</time>
        <extensions>
          <ns3:TrackPointExtension>
            <ns3:hr>149</ns3:hr>
            <ns3:cad>99</ns3:cad>
          </ns3:TrackPointExtension>
        </extensions>
      </trkpt>
      <trkpt lat="34.23364578746259212493896484375" lon="108.938130699098110198974609375">
        <ele>406.20001220703125</ele>
        <time>2026-03-17T13:12:08.000Z</time>
        <extensions>
          <ns3:TrackPointExtension>
            <ns3:hr>150</ns3:hr>
            <ns3:cad>100</ns3:cad>
          </ns3:TrackPointExtension>
        </extensions>
      </trkpt>
      <trkpt lat="34.23364779911935329437255859375" lon="108.9381218142807483673095703125">
        <ele>406.20001220703125</ele>
        <time>2026-03-17T13:12:09.000Z</time>
        <extensions>
          <ns3:TrackPointExtension>
            <ns3:hr>151</ns3:hr>
            <ns3:cad>100</ns3:cad>
          </ns3:TrackPointExtension>
        </extensions>
      </trkpt>
      <trkpt lat="34.233648888766765594482421875" lon="108.93811016343533992767333984375">
        <ele>406.20001220703125</ele>
        <time>2026-03-17T13:12:10.000Z</time>
        <extensions>
          <ns3:TrackPointExtension>
            <ns3:hr>151</ns3:hr>
            <ns3:cad>100</ns3:cad>
          </ns3:TrackPointExtension>
        </extensions>
      </trkpt>
      <trkpt lat="34.23365333117544651031494140625" lon="108.93810882233083248138427734375">
        <ele>406.20001220703125</ele>
        <time>2026-03-17T13:12:11.000Z</time>
        <extensions>
          <ns3:TrackPointExtension>
            <ns3:hr>151</ns3:hr>
            <ns3:cad>100</ns3:cad>
          </ns3:TrackPointExtension>
        </extensions>
      </trkpt>
      <trkpt lat="34.23365525901317596435546875" lon="108.938101865351200103759765625">
        <ele>406.20001220703125</ele>
        <time>2026-03-17T13:12:12.000Z</time>
        <extensions>
          <ns3:TrackPointExtension>
            <ns3:hr>150</ns3:hr>
            <ns3:cad>98</ns3:cad>
          </ns3:TrackPointExtension>
        </extensions>
      </trkpt>
      <trkpt lat="34.23367529176175594329833984375" lon="108.9380919747054576873779296875">
        <ele>406.20001220703125</ele>
        <time>2026-03-17T13:12:13.000Z</time>
        <extensions>
          <ns3:TrackPointExtension>
            <ns3:hr>150</ns3:hr>
            <ns3:cad>98</ns3:cad>
          </ns3:TrackPointExtension>
        </extensions>
      </trkpt>
      <trkpt lat="34.2336872778832912445068359375" lon="108.938103206455707550048828125">
        <ele>406.20001220703125</ele>
        <time>2026-03-17T13:12:14.000Z</time>
        <extensions>
          <ns3:TrackPointExtension>
            <ns3:hr>150</ns3:hr>
            <ns3:cad>98</ns3:cad>
          </ns3:TrackPointExtension>
        </extensions>
      </trkpt>
      <trkpt lat="34.23369683325290679931640625" lon="108.9381104148924350738525390625">
        <ele>406.20001220703125</ele>
        <time>2026-03-17T13:12:15.000Z</time>
        <extensions>
          <ns3:TrackPointExtension>
            <ns3:hr>150</ns3:hr>
            <ns3:cad>98</ns3:cad>
          </ns3:TrackPointExtension>
        </extensions>
      </trkpt>
      <trkpt lat="34.2337372340261936187744140625" lon="108.93812105990946292877197265625">
        <ele>406.20001220703125</ele>
        <time>2026-03-17T13:12:16.000Z</time>
        <extensions>
          <ns3:TrackPointExtension>
            <ns3:hr>151</ns3:hr>
            <ns3:cad>98</ns3:cad>
          </ns3:TrackPointExtension>
        </extensions>
      </trkpt>
      <trkpt lat="34.23375123180449008941650390625" lon="108.93807831220328807830810546875">
        <ele>406.20001220703125</ele>
        <time>2026-03-17T13:12:17.000Z</time>
        <extensions>
          <ns3:TrackPointExtension>
            <ns3:hr>150</ns3:hr>
            <ns3:cad>98</ns3:cad>
          </ns3:TrackPointExtension>
        </extensions>
      </trkpt>
      <trkpt lat="34.2337630502879619598388671875" lon="108.93807671964168548583984375">
        <ele>406.20001220703125</ele>
        <time>2026-03-17T13:12:18.000Z</time>
        <extensions>
          <ns3:TrackPointExtension>
            <ns3:hr>150</ns3:hr>
            <ns3:cad>98</ns3:cad>
          </ns3:TrackPointExtension>
        </extensions>
      </trkpt>
      <trkpt lat="34.23377595841884613037109375" lon="108.9380621351301670074462890625">
        <ele>406.20001220703125</ele>
        <time>2026-03-17T13:12:19.000Z</time>
        <extensions>
          <ns3:TrackPointExtension>
            <ns3:hr>149</ns3:hr>
            <ns3:cad>98</ns3:cad>
          </ns3:TrackPointExtension>
        </extensions>
      </trkpt>
      <trkpt lat="34.2337955720722675323486328125" lon="108.9380436949431896209716796875">
        <ele>406.399993896484375</ele>
        <time>2026-03-17T13:12:20.000Z</time>
        <extensions>
          <ns3:TrackPointExtension>
            <ns3:hr>149</ns3:hr>
            <ns3:cad>98</ns3:cad>
          </ns3:TrackPointExtension>
        </extensions>
      </trkpt>
      <trkpt lat="34.23381828702986240386962890625" lon="108.9380326308310031890869140625">
        <ele>406.399993896484375</ele>
        <time>2026-03-17T13:12:21.000Z</time>
        <extensions>
          <ns3:TrackPointExtension>
            <ns3:hr>149</ns3:hr>
            <ns3:cad>98</ns3:cad>
          </ns3:TrackPointExtension>
        </extensions>
      </trkpt>
      <trkpt lat="34.23384443856775760650634765625" lon="108.93802751787006855010986328125">
        <ele>406.399993896484375</ele>
        <time>2026-03-17T13:12:22.000Z</time>
        <extensions>
          <ns3:TrackPointExtension>
            <ns3:hr>149</ns3:hr>
            <ns3:cad>98</ns3:cad>
          </ns3:TrackPointExtension>
        </extensions>
      </trkpt>
      <trkpt lat="34.2338557541370391845703125" lon="108.93802986480295658111572265625">
        <ele>406.600006103515625</ele>
        <time>2026-03-17T13:12:23.000Z</time>
        <extensions>
          <ns3:TrackPointExtension>
            <ns3:hr>148</ns3:hr>
            <ns3:cad>98</ns3:cad>
          </ns3:TrackPointExtension>
        </extensions>
      </trkpt>
      <trkpt lat="34.23387997783720493316650390625" lon="108.93801008351147174835205078125">
        <ele>406.399993896484375</ele>
        <time>2026-03-17T13:12:24.000Z</time>
        <extensions>
          <ns3:TrackPointExtension>
            <ns3:hr>148</ns3:hr>
            <ns3:cad>98</ns3:cad>
          </ns3:TrackPointExtension>
        </extensions>
      </trkpt>
      <trkpt lat="34.23391384072601795196533203125" lon="108.93796943128108978271484375">
        <ele>406.399993896484375</ele>
        <time>2026-03-17T13:12:25.000Z</time>
        <extensions>
          <ns3:TrackPointExtension>
            <ns3:hr>148</ns3:hr>
            <ns3:cad>0</ns3:cad>
          </ns3:TrackPointExtension>
        </extensions>
      </trkpt>
      <trkpt lat="34.23393479548394680023193359375" lon="108.93793649040162563323974609375">
        <ele>406.20001220703125</ele>
        <time>2026-03-17T13:12:26.000Z</time>
        <extensions>
          <ns3:TrackPointExtension>
            <ns3:hr>147</ns3:hr>
            <ns3:cad>0</ns3:cad>
          </ns3:TrackPointExtension>
        </extensions>
      </trkpt>
      <trkpt lat="34.2339685745537281036376953125" lon="108.9378991909325122833251953125">
        <ele>406.20001220703125</ele>
        <time>2026-03-17T13:12:27.000Z</time>
        <extensions>
          <ns3:TrackPointExtension>
            <ns3:hr>147</ns3:hr>
            <ns3:cad>0</ns3:cad>
          </ns3:TrackPointExtension>
        </extensions>
      </trkpt>
      <trkpt lat="34.233980812132358551025390625" lon="108.9378247596323490142822265625">
        <ele>406</ele>
        <time>2026-03-17T13:12:28.000Z</time>
        <extensions>
          <ns3:TrackPointExtension>
            <ns3:hr>146</ns3:hr>
            <ns3:cad>0</ns3:cad>
          </ns3:TrackPointExtension>
        </extensions>
      </trkpt>
      <trkpt lat="34.23399263061583042144775390625" lon="108.9377568662166595458984375">
        <ele>406</ele>
        <time>2026-03-17T13:12:29.000Z</time>
        <extensions>
          <ns3:TrackPointExtension>
            <ns3:hr>146</ns3:hr>
            <ns3:cad>0</ns3:cad>
          </ns3:TrackPointExtension>
        </extensions>
      </trkpt>
      <trkpt lat="34.234012663364410400390625" lon="108.93770364113152027130126953125">
        <ele>406.20001220703125</ele>
        <time>2026-03-17T13:12:30.000Z</time>
        <extensions>
          <ns3:TrackPointExtension>
            <ns3:hr>146</ns3:hr>
            <ns3:cad>99</ns3:cad>
          </ns3:TrackPointExtension>
        </extensions>
      </trkpt>
      <trkpt lat="34.23405566252768039703369140625" lon="108.93763842992484569549560546875">
        <ele>406.20001220703125</ele>
        <time>2026-03-17T13:12:31.000Z</time>
        <extensions>
          <ns3:TrackPointExtension>
            <ns3:hr>145</ns3:hr>
            <ns3:cad>99</ns3:cad>
          </ns3:TrackPointExtension>
        </extensions>
      </trkpt>
      <trkpt lat="34.23408784903585910797119140625" lon="108.937589228153228759765625">
        <ele>406.20001220703125</ele>
        <time>2026-03-17T13:12:32.000Z</time>
        <extensions>
          <ns3:TrackPointExtension>
            <ns3:hr>147</ns3:hr>
            <ns3:cad>99</ns3:cad>
          </ns3:TrackPointExtension>
        </extensions>
      </trkpt>
      <trkpt lat="34.234161190688610076904296875" lon="108.93755092285573482513427734375">
        <ele>406.20001220703125</ele>
        <time>2026-03-17T13:12:33.000Z</time>
        <extensions>
          <ns3:TrackPointExtension>
            <ns3:hr>149</ns3:hr>
            <ns3:cad>99</ns3:cad>
          </ns3:TrackPointExtension>
        </extensions>
      </trkpt>
      <trkpt lat="34.23421609215438365936279296875" lon="108.93753298558294773101806640625">
        <ele>406.20001220703125</ele>
        <time>2026-03-17T13:12:34.000Z</time>
        <extensions>
          <ns3:TrackPointExtension>
            <ns3:hr>150</ns3:hr>
            <ns3:cad>99</ns3:cad>
          </ns3:TrackPointExtension>
        </extensions>
      </trkpt>
      <trkpt lat="34.2342307604849338531494140625" lon="108.93747590482234954833984375">
        <ele>406.20001220703125</ele>
        <time>2026-03-17T13:12:35.000Z</time>
        <extensions>
          <ns3:TrackPointExtension>
            <ns3:hr>152</ns3:hr>
            <ns3:cad>99</ns3:cad>
          </ns3:TrackPointExtension>
        </extensions>
      </trkpt>
      <trkpt lat="34.234243333339691162109375" lon="108.93742284737527370452880859375">
        <ele>406.20001220703125</ele>
        <time>2026-03-17T13:12:36.000Z</time>
        <extensions>
          <ns3:TrackPointExtension>
            <ns3:hr>152</ns3:hr>
            <ns3:cad>99</ns3:cad>
          </ns3:TrackPointExtension>
        </extensions>
      </trkpt>
      <trkpt lat="34.23426018096506595611572265625" lon="108.93736517988145351409912109375">
        <ele>406.20001220703125</ele>
        <time>2026-03-17T13:12:37.000Z</time>
        <extensions>
          <ns3:TrackPointExtension>
            <ns3:hr>153</ns3:hr>
            <ns3:cad>99</ns3:cad>
          </ns3:TrackPointExtension>
        </extensions>
      </trkpt>
      <trkpt lat="34.23428499139845371246337890625" lon="108.93732997588813304901123046875">
        <ele>406.20001220703125</ele>
        <time>2026-03-17T13:12:38.000Z</time>
        <extensions>
          <ns3:TrackPointExtension>
            <ns3:hr>154</ns3:hr>
            <ns3:cad>99</ns3:cad>
          </ns3:TrackPointExtension>
        </extensions>
      </trkpt>
      <trkpt lat="34.23429722897708415985107421875" lon="108.93728521652519702911376953125">
        <ele>406.20001220703125</ele>
        <time>2026-03-17T13:12:39.000Z</time>
        <extensions>
          <ns3:TrackPointExtension>
            <ns3:hr>155</ns3:hr>
            <ns3:cad>99</ns3:cad>
          </ns3:TrackPointExtension>
        </extensions>
      </trkpt>
      <trkpt lat="34.2343139089643955230712890625" lon="108.93722939305007457733154296875">
        <ele>406.20001220703125</ele>
        <time>2026-03-17T13:12:40.000Z</time>
        <extensions>
          <ns3:TrackPointExtension>
            <ns3:hr>156</ns3:hr>
            <ns3:cad>99</ns3:cad>
          </ns3:TrackPointExtension>
        </extensions>
      </trkpt>
      <trkpt lat="34.23432254232466220855712890625" lon="108.9371682889759540557861328125">
        <ele>406.20001220703125</ele>
        <time>2026-03-17T13:12:41.000Z</time>
        <extensions>
          <ns3:TrackPointExtension>
            <ns3:hr>157</ns3:hr>
            <ns3:cad>99</ns3:cad>
          </ns3:TrackPointExtension>
        </extensions>
      </trkpt>
      <trkpt lat="34.23433109186589717864990234375" lon="108.937116824090480804443359375">
        <ele>406.20001220703125</ele>
        <time>2026-03-17T13:12:42.000Z</time>
        <extensions>
          <ns3:TrackPointExtension>
            <ns3:hr>158</ns3:hr>
            <ns3:cad>99</ns3:cad>
          </ns3:TrackPointExtension>
        </extensions>
      </trkpt>
      <trkpt lat="34.23433779738843441009521484375" lon="108.9370656944811344146728515625">
        <ele>406.399993896484375</ele>
        <time>2026-03-17T13:12:43.000Z</time>
        <extensions>
          <ns3:TrackPointExtension>
            <ns3:hr>159</ns3:hr>
            <ns3:cad>99</ns3:cad>
          </ns3:TrackPointExtension>
        </extensions>
      </trkpt>
      <trkpt lat="34.23434349708259105682373046875" lon="108.93701322376728057861328125">
        <ele>406.20001220703125</ele>
        <time>2026-03-17T13:12:44.000Z</time>
        <extensions>
          <ns3:TrackPointExtension>
            <ns3:hr>160</ns3:hr>
            <ns3:cad>99</ns3:cad>
          </ns3:TrackPointExtension>
        </extensions>
      </trkpt>
      <trkpt lat="34.23435891978442668914794921875" lon="108.9369527064263820648193359375">
        <ele>406.20001220703125</ele>
        <time>2026-03-17T13:12:45.000Z</time>
        <extensions>
          <ns3:TrackPointExtension>
            <ns3:hr>161</ns3:hr>
            <ns3:cad>96</ns3:cad>
          </ns3:TrackPointExtension>
        </extensions>
      </trkpt>
      <trkpt lat="34.23437065444886684417724609375" lon="108.93690057098865509033203125">
        <ele>406.20001220703125</ele>
        <time>2026-03-17T13:12:46.000Z</time>
        <extensions>
          <ns3:TrackPointExtension>
            <ns3:hr>162</ns3:hr>
            <ns3:cad>96</ns3:cad>
          </ns3:TrackPointExtension>
        </extensions>
      </trkpt>
      <trkpt lat="34.2344044335186481475830078125" lon="108.936862684786319732666015625">
        <ele>406.20001220703125</ele>
        <time>2026-03-17T13:12:47.000Z</time>
        <extensions>
          <ns3:TrackPointExtension>
            <ns3:hr>163</ns3:hr>
            <ns3:cad>96</ns3:cad>
          </ns3:TrackPointExtension>
        </extensions>
      </trkpt>
      <trkpt lat="34.234433434903621673583984375" lon="108.93683829344809055328369140625">
        <ele>406.20001220703125</ele>
        <time>2026-03-17T13:12:48.000Z</time>
        <extensions>
          <ns3:TrackPointExtension>
            <ns3:hr>163</ns3:hr>
            <ns3:cad>96</ns3:cad>
          </ns3:TrackPointExtension>
        </extensions>
      </trkpt>
      <trkpt lat="34.23443184234201908111572265625" lon="108.936791606247425079345703125">
        <ele>406.20001220703125</ele>
        <time>2026-03-17T13:12:49.000Z</time>
        <extensions>
          <ns3:TrackPointExtension>
            <ns3:hr>164</ns3:hr>
            <ns3:cad>98</ns3:cad>
          </ns3:TrackPointExtension>
        </extensions>
      </trkpt>
      <trkpt lat="34.23444525338709354400634765625" lon="108.93676000647246837615966796875">
        <ele>406.20001220703125</ele>
        <time>2026-03-17T13:12:50.000Z</time>
        <extensions>
          <ns3:TrackPointExtension>
            <ns3:hr>165</ns3:hr>
            <ns3:cad>98</ns3:cad>
          </ns3:TrackPointExtension>
        </extensions>
      </trkpt>
      <trkpt lat="34.234437458217144012451171875" lon="108.93672513775527477264404296875">
        <ele>406.20001220703125</ele>
        <time>2026-03-17T13:12:51.000Z</time>
        <extensions>
          <ns3:TrackPointExtension>
            <ns3:hr>165</ns3:hr>
            <ns3:cad>98</ns3:cad>
          </ns3:TrackPointExtension>
        </extensions>
      </trkpt>
      <trkpt lat="34.2344433255493640899658203125" lon="108.93670921213924884796142578125">
        <ele>406.20001220703125</ele>
        <time>2026-03-17T13:12:52.000Z</time>
        <extensions>
          <ns3:TrackPointExtension>
            <ns3:hr>166</ns3:hr>
            <ns3:cad>98</ns3:cad>
          </ns3:TrackPointExtension>
        </extensions>
      </trkpt>
      <trkpt lat="34.234472326934337615966796875" lon="108.93667803145945072174072265625">
        <ele>406.20001220703125</ele>
        <time>2026-03-17T13:12:53.000Z</time>
        <extensions>
          <ns3:TrackPointExtension>
            <ns3:hr>166</ns3:hr>
            <ns3:cad>98</ns3:cad>
          </ns3:TrackPointExtension>
        </extensions>
      </trkpt>
      <trkpt lat="34.23450308851897716522216796875" lon="108.93665271811187267303466796875">
        <ele>406.20001220703125</ele>
        <time>2026-03-17T13:12:54.000Z</time>
        <extensions>
          <ns3:TrackPointExtension>
            <ns3:hr>166</ns3:hr>
            <ns3:cad>97</ns3:cad>
          </ns3:TrackPointExtension>
        </extensions>
      </trkpt>
      <trkpt lat="34.23450392670929431915283203125" lon="108.93662706948816776275634765625">
        <ele>406.20001220703125</ele>
        <time>2026-03-17T13:12:55.000Z</time>
        <extensions>
          <ns3:TrackPointExtension>
            <ns3:hr>167</ns3:hr>
            <ns3:cad>97</ns3:cad>
          </ns3:TrackPointExtension>
        </extensions>
      </trkpt>
      <trkpt lat="34.2345035076141357421875" lon="108.9366040192544460296630859375">
        <ele>406.20001220703125</ele>
        <time>2026-03-17T13:12:56.000Z</time>
        <extensions>
          <ns3:TrackPointExtension>
            <ns3:hr>167</ns3:hr>
            <ns3:cad>97</ns3:cad>
          </ns3:TrackPointExtension>
        </extensions>
      </trkpt>
      <trkpt lat="34.23451348207890987396240234375" lon="108.93658381886780261993408203125">
        <ele>406.20001220703125</ele>
        <time>2026-03-17T13:12:57.000Z</time>
        <extensions>
          <ns3:TrackPointExtension>
            <ns3:hr>167</ns3:hr>
            <ns3:cad>97</ns3:cad>
          </ns3:TrackPointExtension>
        </extensions>
      </trkpt>
      <trkpt lat="34.23450744710862636566162109375" lon="108.93657468259334564208984375">
        <ele>406.20001220703125</ele>
        <time>2026-03-17T13:12:58.000Z</time>
        <extensions>
          <ns3:TrackPointExtension>
            <ns3:hr>168</ns3:hr>
            <ns3:cad>98</ns3:cad>
          </ns3:TrackPointExtension>
        </extensions>
      </trkpt>
      <trkpt lat="34.23450141213834285736083984375" lon="108.93657677806913852691650390625">
        <ele>406.20001220703125</ele>
        <time>2026-03-17T13:12:59.000Z</time>
        <extensions>
          <ns3:TrackPointExtension>
            <ns3:hr>168</ns3:hr>
            <ns3:cad>98</ns3:cad>
          </ns3:TrackPointExtension>
        </extensions>
      </trkpt>
      <trkpt lat="34.23449303023517131805419921875" lon="108.93656504340469837188720703125">
        <ele>406.20001220703125</ele>
        <time>2026-03-17T13:13:00.000Z</time>
        <extensions>
          <ns3:TrackPointExtension>
            <ns3:hr>168</ns3:hr>
            <ns3:cad>98</ns3:cad>
          </ns3:TrackPointExtension>
        </extensions>
      </trkpt>
      <trkpt lat="34.23448230139911174774169921875" lon="108.936568312346935272216796875">
        <ele>406.20001220703125</ele>
        <time>2026-03-17T13:13:01.000Z</time>
        <extensions>
          <ns3:TrackPointExtension>
            <ns3:hr>168</ns3:hr>
            <ns3:cad>98</ns3:cad>
          </ns3:TrackPointExtension>
        </extensions>
      </trkpt>
      <trkpt lat="34.2344688065350055694580078125" lon="108.93657158128917217254638671875">
        <ele>406.20001220703125</ele>
        <time>2026-03-17T13:13:02.000Z</time>
        <extensions>
          <ns3:TrackPointExtension>
            <ns3:hr>169</ns3:hr>
            <ns3:cad>98</ns3:cad>
          </ns3:TrackPointExtension>
        </extensions>
      </trkpt>
      <trkpt lat="34.23445531167089939117431640625" lon="108.9365735091269016265869140625">
        <ele>406.20001220703125</ele>
        <time>2026-03-17T13:13:03.000Z</time>
        <extensions>
          <ns3:TrackPointExtension>
            <ns3:hr>169</ns3:hr>
            <ns3:cad>99</ns3:cad>
          </ns3:TrackPointExtension>
        </extensions>
      </trkpt>
      <trkpt lat="34.234444834291934967041015625" lon="108.9366036839783191680908203125">
        <ele>406.20001220703125</ele>
        <time>2026-03-17T13:13:04.000Z</time>
        <extensions>
          <ns3:TrackPointExtension>
            <ns3:hr>169</ns3:hr>
            <ns3:cad>99</ns3:cad>
          </ns3:TrackPointExtension>
        </extensions>
      </trkpt>
      <trkpt lat="34.23444190062582492828369140625" lon="108.9366234652698040008544921875">
        <ele>406.20001220703125</ele>
        <time>2026-03-17T13:13:05.000Z</time>
        <extensions>
          <ns3:TrackPointExtension>
            <ns3:hr>169</ns3:hr>
            <ns3:cad>98</ns3:cad>
          </ns3:TrackPointExtension>
        </extensions>
      </trkpt>
      <trkpt lat="34.2344352789223194122314453125" lon="108.93665322102606296539306640625">
        <ele>406.20001220703125</ele>
        <time>2026-03-17T13:13:06.000Z</time>
        <extensions>
          <ns3:TrackPointExtension>
            <ns3:hr>169</ns3:hr>
            <ns3:cad>98</ns3:cad>
          </ns3:TrackPointExtension>
        </extensions>
      </trkpt>
      <trkpt lat="34.2344198562204837799072265625" lon="108.93666747026145458221435546875">
        <ele>406.399993896484375</ele>
        <time>2026-03-17T13:13:07.000Z</time>
        <extensions>
          <ns3:TrackPointExtension>
            <ns3:hr>169</ns3:hr>
            <ns3:cad>98</ns3:cad>
          </ns3:TrackPointExtension>
        </extensions>
      </trkpt>
      <trkpt lat="34.23437970690429210662841796875" lon="108.936761431396007537841796875">
        <ele>406.399993896484375</ele>
        <time>2026-03-17T13:13:08.000Z</time>
        <extensions>
          <ns3:TrackPointExtension>
            <ns3:hr>168</ns3:hr>
            <ns3:cad>98</ns3:cad>
          </ns3:TrackPointExtension>
        </extensions>
      </trkpt>
      <trkpt lat="34.234361015260219573974609375" lon="108.93677643500268459320068359375">
        <ele>406.399993896484375</ele>
        <time>2026-03-17T13:13:09.000Z</time>
        <extensions>
          <ns3:TrackPointExtension>
            <ns3:hr>168</ns3:hr>
            <ns3:cad>98</ns3:cad>
          </ns3:TrackPointExtension>
        </extensions>
      </trkpt>
      <trkpt lat="34.2343397252261638641357421875" lon="108.93678146414458751678466796875">
        <ele>406.399993896484375</ele>
        <time>2026-03-17T13:13:10.000Z</time>
        <extensions>
          <ns3:TrackPointExtension>
            <ns3:hr>168</ns3:hr>
            <ns3:cad>98</ns3:cad>
          </ns3:TrackPointExtension>
        </extensions>
      </trkpt>
      <trkpt lat="34.2343129031360149383544921875" lon="108.93679001368582248687744140625">
        <ele>406.399993896484375</ele>
        <time>2026-03-17T13:13:11.000Z</time>
        <extensions>
          <ns3:TrackPointExtension>
            <ns3:hr>167</ns3:hr>
            <ns3:cad>98</ns3:cad>
          </ns3:TrackPointExtension>
        </extensions>
      </trkpt>
      <trkpt lat="34.23428423702716827392578125" lon="108.9367951266467571258544921875">
        <ele>406.20001220703125</ele>
        <time>2026-03-17T13:13:12.000Z</time>
        <extensions>
          <ns3:TrackPointExtension>
            <ns3:hr>167</ns3:hr>
            <ns3:cad>98</ns3:cad>
          </ns3:TrackPointExtension>
        </extensions>
      </trkpt>
      <trkpt lat="34.23425741493701934814453125" lon="108.936806358397006988525390625">
        <ele>406.20001220703125</ele>
        <time>2026-03-17T13:13:13.000Z</time>
        <extensions>
          <ns3:TrackPointExtension>
            <ns3:hr>167</ns3:hr>
            <ns3:cad>98</ns3:cad>
          </ns3:TrackPointExtension>
        </extensions>
      </trkpt>
      <trkpt lat="34.23421693034470081329345703125" lon="108.93682756461203098297119140625">
        <ele>406.20001220703125</ele>
        <time>2026-03-17T13:13:14.000Z</time>
        <extensions>
          <ns3:TrackPointExtension>
            <ns3:hr>168</ns3:hr>
            <ns3:cad>98</ns3:cad>
          </ns3:TrackPointExtension>
        </extensions>
      </trkpt>
      <trkpt lat="34.234186671674251556396484375" lon="108.93683753907680511474609375">
        <ele>406.20001220703125</ele>
        <time>2026-03-17T13:13:15.000Z</time>
        <extensions>
          <ns3:TrackPointExtension>
            <ns3:hr>168</ns3:hr>
            <ns3:cad>98</ns3:cad>
          </ns3:TrackPointExtension>
        </extensions>
      </trkpt>
      <trkpt lat="34.23415121622383594512939453125" lon="108.9368440769612789154052734375">
        <ele>406.20001220703125</ele>
        <time>2026-03-17T13:13:16.000Z</time>
        <extensions>
          <ns3:TrackPointExtension>
            <ns3:hr>168</ns3:hr>
            <ns3:cad>98</ns3:cad>
          </ns3:TrackPointExtension>
        </extensions>
      </trkpt>
      <trkpt lat="34.234120287001132965087890625" lon="108.93685170449316501617431640625">
        <ele>406.20001220703125</ele>
        <time>2026-03-17T13:13:17.000Z</time>
        <extensions>
          <ns3:TrackPointExtension>
            <ns3:hr>168</ns3:hr>
            <ns3:cad>98</ns3:cad>
          </ns3:TrackPointExtension>
        </extensions>
      </trkpt>
      <trkpt lat="34.2341003380715847015380859375" lon="108.93686092458665370941162109375">
        <ele>406.20001220703125</ele>
        <time>2026-03-17T13:13:18.000Z</time>
        <extensions>
          <ns3:TrackPointExtension>
            <ns3:hr>169</ns3:hr>
            <ns3:cad>98</ns3:cad>
          </ns3:TrackPointExtension>
        </extensions>
      </trkpt>
      <trkpt lat="34.234074018895626068115234375" lon="108.93688137643039226531982421875">
        <ele>406.20001220703125</ele>
        <time>2026-03-17T13:13:19.000Z</time>
        <extensions>
          <ns3:TrackPointExtension>
            <ns3:hr>169</ns3:hr>
            <ns3:cad>97</ns3:cad>
          </ns3:TrackPointExtension>
        </extensions>
      </trkpt>
      <trkpt lat="34.23403747379779815673828125" lon="108.9368967153131961822509765625">
        <ele>406.20001220703125</ele>
        <time>2026-03-17T13:13:20.000Z</time>
        <extensions>
          <ns3:TrackPointExtension>
            <ns3:hr>169</ns3:hr>
            <ns3:cad>97</ns3:cad>
          </ns3:TrackPointExtension>
        </extensions>
      </trkpt>
      <trkpt lat="34.2340121604502201080322265625" lon="108.93690082244575023651123046875">
        <ele>406.20001220703125</ele>
        <time>2026-03-17T13:13:21.000Z</time>
        <extensions>
          <ns3:TrackPointExtension>
            <ns3:hr>169</ns3:hr>
            <ns3:cad>98</ns3:cad>
          </ns3:TrackPointExtension>
        </extensions>
      </trkpt>
      <trkpt lat="34.2339819855988025665283203125" lon="108.93692739307880401611328125">
        <ele>406.399993896484375</ele>
        <time>2026-03-17T13:13:22.000Z</time>
        <extensions>
          <ns3:TrackPointExtension>
            <ns3:hr>169</ns3:hr>
            <ns3:cad>98</ns3:cad>
          </ns3:TrackPointExtension>
        </extensions>
      </trkpt>
      <trkpt lat="34.23395960591733455657958984375" lon="108.936932086944580078125">
        <ele>406.399993896484375</ele>
        <time>2026-03-17T13:13:23.000Z</time>
        <extensions>
          <ns3:TrackPointExtension>
            <ns3:hr>169</ns3:hr>
            <ns3:cad>97</ns3:cad>
          </ns3:TrackPointExtension>
        </extensions>
      </trkpt>
      <trkpt lat="34.23393865115940570831298828125" lon="108.9369436539709568023681640625">
        <ele>406.399993896484375</ele>
        <time>2026-03-17T13:13:24.000Z</time>
        <extensions>
          <ns3:TrackPointExtension>
            <ns3:hr>169</ns3:hr>
            <ns3:cad>97</ns3:cad>
          </ns3:TrackPointExtension>
        </extensions>
      </trkpt>
      <trkpt lat="34.23390696756541728973388671875" lon="108.93695346079766750335693359375">
        <ele>406.399993896484375</ele>
        <time>2026-03-17T13:13:25.000Z</time>
        <extensions>
          <ns3:TrackPointExtension>
            <ns3:hr>169</ns3:hr>
            <ns3:cad>97</ns3:cad>
          </ns3:TrackPointExtension>
        </extensions>
      </trkpt>
      <trkpt lat="34.2338840849697589874267578125" lon="108.9369642734527587890625">
        <ele>406.399993896484375</ele>
        <time>2026-03-17T13:13:26.000Z</time>
        <extensions>
          <ns3:TrackPointExtension>
            <ns3:hr>169</ns3:hr>
            <ns3:cad>98</ns3:cad>
          </ns3:TrackPointExtension>
        </extensions>
      </trkpt>
      <trkpt lat="34.23386271111667156219482421875" lon="108.9369642734527587890625">
        <ele>406.20001220703125</ele>
        <time>2026-03-17T13:13:27.000Z</time>
        <extensions>
          <ns3:TrackPointExtension>
            <ns3:hr>169</ns3:hr>
            <ns3:cad>98</ns3:cad>
          </ns3:TrackPointExtension>
        </extensions>
      </trkpt>
      <trkpt lat="34.2338301055133342742919921875" lon="108.93697206862270832061767578125">
        <ele>406.20001220703125</ele>
        <time>2026-03-17T13:13:28.000Z</time>
        <extensions>
          <ns3:TrackPointExtension>
            <ns3:hr>169</ns3:hr>
            <ns3:cad>98</ns3:cad>
          </ns3:TrackPointExtension>
        </extensions>
      </trkpt>
      <trkpt lat="34.233803115785121917724609375" lon="108.93696854822337627410888671875">
        <ele>406.20001220703125</ele>
        <time>2026-03-17T13:13:29.000Z</time>
        <extensions>
          <ns3:TrackPointExtension>
            <ns3:hr>169</ns3:hr>
            <ns3:cad>98</ns3:cad>
          </ns3:TrackPointExtension>
        </extensions>
      </trkpt>
      <trkpt lat="34.23378090374171733856201171875" lon="108.93697374500334262847900390625">
        <ele>406.20001220703125</ele>
        <time>2026-03-17T13:13:30.000Z</time>
        <extensions>
          <ns3:TrackPointExtension>
            <ns3:hr>170</ns3:hr>
            <ns3:cad>98</ns3:cad>
          </ns3:TrackPointExtension>
        </extensions>
      </trkpt>
      <trkpt lat="34.2337570153176784515380859375" lon="108.93697156570851802825927734375">
        <ele>406.399993896484375</ele>
        <time>2026-03-17T13:13:31.000Z</time>
        <extensions>
          <ns3:TrackPointExtension>
            <ns3:hr>169</ns3:hr>
            <ns3:cad>98</ns3:cad>
          </ns3:TrackPointExtension>
        </extensions>
      </trkpt>
      <trkpt lat="34.23373430036008358001708984375" lon="108.93696720711886882781982421875">
        <ele>406.399993896484375</ele>
        <time>2026-03-17T13:13:32.000Z</time>
        <extensions>
          <ns3:TrackPointExtension>
            <ns3:hr>169</ns3:hr>
            <ns3:cad>98</ns3:cad>
          </ns3:TrackPointExtension>
        </extensions>
      </trkpt>
      <trkpt lat="34.233713261783123016357421875" lon="108.93696016632020473480224609375">
        <ele>406.399993896484375</ele>
        <time>2026-03-17T13:13:33.000Z</time>
        <extensions>
          <ns3:TrackPointExtension>
            <ns3:hr>169</ns3:hr>
            <ns3:cad>98</ns3:cad>
          </ns3:TrackPointExtension>
        </extensions>
      </trkpt>
      <trkpt lat="34.23369121737778186798095703125" lon="108.9369570650160312652587890625">
        <ele>406.399993896484375</ele>
        <time>2026-03-17T13:13:34.000Z</time>
        <extensions>
          <ns3:TrackPointExtension>
            <ns3:hr>169</ns3:hr>
            <ns3:cad>99</ns3:cad>
          </ns3:TrackPointExtension>
        </extensions>
      </trkpt>
      <trkpt lat="34.23367143608629703521728515625" lon="108.9369575679302215576171875">
        <ele>406.399993896484375</ele>
        <time>2026-03-17T13:13:35.000Z</time>
        <extensions>
          <ns3:TrackPointExtension>
            <ns3:hr>169</ns3:hr>
            <ns3:cad>99</ns3:cad>
          </ns3:TrackPointExtension>
        </extensions>
      </trkpt>
      <trkpt lat="34.2336500622332096099853515625" lon="108.93696083687245845794677734375">
        <ele>406.399993896484375</ele>
        <time>2026-03-17T13:13:36.000Z</time>
        <extensions>
          <ns3:TrackPointExtension>
            <ns3:hr>169</ns3:hr>
            <ns3:cad>99</ns3:cad>
          </ns3:TrackPointExtension>
        </extensions>
      </trkpt>
      <trkpt lat="34.23362701199948787689208984375" lon="108.93695949576795101165771484375">
        <ele>406.399993896484375</ele>
        <time>2026-03-17T13:13:37.000Z</time>
        <extensions>
          <ns3:TrackPointExtension>
            <ns3:hr>168</ns3:hr>
            <ns3:cad>99</ns3:cad>
          </ns3:TrackPointExtension>
        </extensions>
      </trkpt>
      <trkpt lat="34.2336071468889713287353515625" lon="108.93695547245442867279052734375">
        <ele>406.399993896484375</ele>
        <time>2026-03-17T13:13:38.000Z</time>
        <extensions>
          <ns3:TrackPointExtension>
            <ns3:hr>168</ns3:hr>
            <ns3:cad>98</ns3:cad>
          </ns3:TrackPointExtension>
        </extensions>
      </trkpt>
      <trkpt lat="34.23358208499848842620849609375" lon="108.9369533769786357879638671875">
        <ele>406.399993896484375</ele>
        <time>2026-03-17T13:13:39.000Z</time>
        <extensions>
          <ns3:TrackPointExtension>
            <ns3:hr>168</ns3:hr>
            <ns3:cad>98</ns3:cad>
          </ns3:TrackPointExtension>
        </extensions>
      </trkpt>
      <trkpt lat="34.23355794511735439300537109375" lon="108.93695329315960407257080078125">
        <ele>406.399993896484375</ele>
        <time>2026-03-17T13:13:40.000Z</time>
        <extensions>
          <ns3:TrackPointExtension>
            <ns3:hr>168</ns3:hr>
            <ns3:cad>97</ns3:cad>
          </ns3:TrackPointExtension>
        </extensions>
      </trkpt>
      <trkpt lat="34.23353397287428379058837890625" lon="108.9369600825011730194091796875">
        <ele>406.399993896484375</ele>
        <time>2026-03-17T13:13:41.000Z</time>
        <extensions>
          <ns3:TrackPointExtension>
            <ns3:hr>168</ns3:hr>
            <ns3:cad>97</ns3:cad>
          </ns3:TrackPointExtension>
        </extensions>
      </trkpt>
      <trkpt lat="34.2335035465657711029052734375" lon="108.93695698119699954986572265625">
        <ele>406.399993896484375</ele>
        <time>2026-03-17T13:13:42.000Z</time>
        <extensions>
          <ns3:TrackPointExtension>
            <ns3:hr>168</ns3:hr>
            <ns3:cad>98</ns3:cad>
          </ns3:TrackPointExtension>
        </extensions>
      </trkpt>
      <trkpt lat="34.2334780655801296234130859375" lon="108.9369634352624416351318359375">
        <ele>406.399993896484375</ele>
        <time>2026-03-17T13:13:43.000Z</time>
        <extensions>
          <ns3:TrackPointExtension>
            <ns3:hr>167</ns3:hr>
            <ns3:cad>98</ns3:cad>
          </ns3:TrackPointExtension>
        </extensions>
      </trkpt>
      <trkpt lat="34.23344864509999752044677734375" lon="108.9369734935462474822998046875">
        <ele>406.399993896484375</ele>
        <time>2026-03-17T13:13:44.000Z</time>
        <extensions>
          <ns3:TrackPointExtension>
            <ns3:hr>167</ns3:hr>
            <ns3:cad>99</ns3:cad>
          </ns3:TrackPointExtension>
        </extensions>
      </trkpt>
      <trkpt lat="34.2334177158772945404052734375" lon="108.93697709776461124420166015625">
        <ele>406.399993896484375</ele>
        <time>2026-03-17T13:13:45.000Z</time>
        <extensions>
          <ns3:TrackPointExtension>
            <ns3:hr>166</ns3:hr>
            <ns3:cad>99</ns3:cad>
          </ns3:TrackPointExtension>
        </extensions>
      </trkpt>
      <trkpt lat="34.23338024877011775970458984375" lon="108.9369897544384002685546875">
        <ele>406.399993896484375</ele>
        <time>2026-03-17T13:13:46.000Z</time>
        <extensions>
          <ns3:TrackPointExtension>
            <ns3:hr>166</ns3:hr>
            <ns3:cad>99</ns3:cad>
          </ns3:TrackPointExtension>
        </extensions>
      </trkpt>
      <trkpt lat="34.23335015773773193359375" lon="108.93700693733990192413330078125">
        <ele>406.399993896484375</ele>
        <time>2026-03-17T13:13:47.000Z</time>
        <extensions>
          <ns3:TrackPointExtension>
            <ns3:hr>166</ns3:hr>
            <ns3:cad>99</ns3:cad>
          </ns3:TrackPointExtension>
        </extensions>
      </trkpt>
      <trkpt lat="34.2333204858005046844482421875" lon="108.93701548688113689422607421875">
        <ele>406.20001220703125</ele>
        <time>2026-03-17T13:13:48.000Z</time>
        <extensions>
          <ns3:TrackPointExtension>
            <ns3:hr>166</ns3:hr>
            <ns3:cad>98</ns3:cad>
          </ns3:TrackPointExtension>
        </extensions>
      </trkpt>
      <trkpt lat="34.23329575918614864349365234375" lon="108.93702705390751361846923828125">
        <ele>406.20001220703125</ele>
        <time>2026-03-17T13:13:49.000Z</time>
        <extensions>
          <ns3:TrackPointExtension>
            <ns3:hr>165</ns3:hr>
            <ns3:cad>98</ns3:cad>
          </ns3:TrackPointExtension>
        </extensions>
      </trkpt>
      <trkpt lat="34.2332671768963336944580078125" lon="108.9370408840477466583251953125">
        <ele>406.20001220703125</ele>
        <time>2026-03-17T13:13:50.000Z</time>
        <extensions>
          <ns3:TrackPointExtension>
            <ns3:hr>165</ns3:hr>
            <ns3:cad>98</ns3:cad>
          </ns3:TrackPointExtension>
        </extensions>
      </trkpt>
      <trkpt lat="34.23323624767363071441650390625" lon="108.93706125207245349884033203125">
        <ele>406.20001220703125</ele>
        <time>2026-03-17T13:13:51.000Z</time>
        <extensions>
          <ns3:TrackPointExtension>
            <ns3:hr>165</ns3:hr>
            <ns3:cad>98</ns3:cad>
          </ns3:TrackPointExtension>
        </extensions>
      </trkpt>
      <trkpt lat="34.23320808447897434234619140625" lon="108.93707348965108394622802734375">
        <ele>406.20001220703125</ele>
        <time>2026-03-17T13:13:52.000Z</time>
        <extensions>
          <ns3:TrackPointExtension>
            <ns3:hr>165</ns3:hr>
            <ns3:cad>98</ns3:cad>
          </ns3:TrackPointExtension>
        </extensions>
      </trkpt>
      <trkpt lat="34.233176149427890777587890625" lon="108.9370861463248729705810546875">
        <ele>406.20001220703125</ele>
        <time>2026-03-17T13:13:53.000Z</time>
        <extensions>
          <ns3:TrackPointExtension>
            <ns3:hr>165</ns3:hr>
            <ns3:cad>98</ns3:cad>
          </ns3:TrackPointExtension>
        </extensions>
      </trkpt>
      <trkpt lat="34.2331367544829845428466796875" lon="108.9371086098253726959228515625">
        <ele>406.20001220703125</ele>
        <time>2026-03-17T13:13:54.000Z</time>
        <extensions>
          <ns3:TrackPointExtension>
            <ns3:hr>164</ns3:hr>
            <ns3:cad>98</ns3:cad>
          </ns3:TrackPointExtension>
        </extensions>
      </trkpt>
      <trkpt lat="34.23310146667063236236572265625" lon="108.93712663091719150543212890625">
        <ele>406.20001220703125</ele>
        <time>2026-03-17T13:13:55.000Z</time>
        <extensions>
          <ns3:TrackPointExtension>
            <ns3:hr>164</ns3:hr>
            <ns3:cad>98</ns3:cad>
          </ns3:TrackPointExtension>
        </extensions>
      </trkpt>
      <trkpt lat="34.23307028599083423614501953125" lon="108.93714238889515399932861328125">
        <ele>406.20001220703125</ele>
        <time>2026-03-17T13:13:56.000Z</time>
        <extensions>
          <ns3:TrackPointExtension>
            <ns3:hr>164</ns3:hr>
            <ns3:cad>98</ns3:cad>
          </ns3:TrackPointExtension>
        </extensions>
      </trkpt>
      <trkpt lat="34.23303575254976749420166015625" lon="108.9371699653565883636474609375">
        <ele>406.20001220703125</ele>
        <time>2026-03-17T13:13:57.000Z</time>
        <extensions>
          <ns3:TrackPointExtension>
            <ns3:hr>163</ns3:hr>
            <ns3:cad>97</ns3:cad>
          </ns3:TrackPointExtension>
        </extensions>
      </trkpt>
      <trkpt lat="34.2330162227153778076171875" lon="108.9371987991034984588623046875">
        <ele>406.20001220703125</ele>
        <time>2026-03-17T13:13:58.000Z</time>
        <extensions>
          <ns3:TrackPointExtension>
            <ns3:hr>163</ns3:hr>
            <ns3:cad>97</ns3:cad>
          </ns3:TrackPointExtension>
        </extensions>
      </trkpt>
      <trkpt lat="34.233014546334743499755859375" lon="108.93723626621067523956298828125">
        <ele>406.20001220703125</ele>
        <time>2026-03-17T13:13:59.000Z</time>
        <extensions>
          <ns3:TrackPointExtension>
            <ns3:hr>162</ns3:hr>
            <ns3:cad>97</ns3:cad>
          </ns3:TrackPointExtension>
        </extensions>
      </trkpt>
      <trkpt lat="34.23300356604158878326416015625" lon="108.937280438840389251708984375">
        <ele>406.399993896484375</ele>
        <time>2026-03-17T13:14:00.000Z</time>
        <extensions>
          <ns3:TrackPointExtension>
            <ns3:hr>161</ns3:hr>
            <ns3:cad>97</ns3:cad>
          </ns3:TrackPointExtension>
        </extensions>
      </trkpt>
      <trkpt lat="34.2330001294612884521484375" lon="108.93731094896793365478515625">
        <ele>406.399993896484375</ele>
        <time>2026-03-17T13:14:01.000Z</time>
        <extensions>
          <ns3:TrackPointExtension>
            <ns3:hr>160</ns3:hr>
            <ns3:cad>97</ns3:cad>
          </ns3:TrackPointExtension>
        </extensions>
      </trkpt>
      <trkpt lat="34.232983030378818511962890625" lon="108.93734305165708065032958984375">
        <ele>406.399993896484375</ele>
        <time>2026-03-17T13:14:02.000Z</time>
        <extensions>
          <ns3:TrackPointExtension>
            <ns3:hr>159</ns3:hr>
            <ns3:cad>97</ns3:cad>
          </ns3:TrackPointExtension>
        </extensions>
      </trkpt>
      <trkpt lat="34.232971966266632080078125" lon="108.937368951737880706787109375">
        <ele>406.399993896484375</ele>
        <time>2026-03-17T13:14:03.000Z</time>
        <extensions>
          <ns3:TrackPointExtension>
            <ns3:hr>157</ns3:hr>
            <ns3:cad>97</ns3:cad>
          </ns3:TrackPointExtension>
        </extensions>
      </trkpt>
      <trkpt lat="34.232956878840923309326171875" lon="108.9373912476003170013427734375">
        <ele>406.399993896484375</ele>
        <time>2026-03-17T13:14:04.000Z</time>
        <extensions>
          <ns3:TrackPointExtension>
            <ns3:hr>154</ns3:hr>
            <ns3:cad>97</ns3:cad>
          </ns3:TrackPointExtension>
        </extensions>
      </trkpt>
      <trkpt lat="34.23295495100319385528564453125" lon="108.93742217682301998138427734375">
        <ele>406.399993896484375</ele>
        <time>2026-03-17T13:14:05.000Z</time>
        <extensions>
          <ns3:TrackPointExtension>
            <ns3:hr>152</ns3:hr>
            <ns3:cad>97</ns3:cad>
          </ns3:TrackPointExtension>
        </extensions>
      </trkpt>
      <trkpt lat="34.23294246196746826171875" lon="108.9374479092657566070556640625">
        <ele>406.399993896484375</ele>
        <time>2026-03-17T13:14:06.000Z</time>
        <extensions>
          <ns3:TrackPointExtension>
            <ns3:hr>149</ns3:hr>
            <ns3:cad>98</ns3:cad>
          </ns3:TrackPointExtension>
        </extensions>
      </trkpt>
      <trkpt lat="34.2329288832843303680419921875" lon="108.9374720491468906402587890625">
        <ele>406.399993896484375</ele>
        <time>2026-03-17T13:14:07.000Z</time>
        <extensions>
          <ns3:TrackPointExtension>
            <ns3:hr>147</ns3:hr>
            <ns3:cad>98</ns3:cad>
          </ns3:TrackPointExtension>
        </extensions>
      </trkpt>
      <trkpt lat="34.232925362884998321533203125" lon="108.93752477131783962249755859375">
        <ele>406.399993896484375</ele>
        <time>2026-03-17T13:14:08.000Z</time>
        <extensions>
          <ns3:TrackPointExtension>
            <ns3:hr>146</ns3:hr>
            <ns3:cad>98</ns3:cad>
          </ns3:TrackPointExtension>
        </extensions>
      </trkpt>
      <trkpt lat="34.23291890881955623626708984375" lon="108.93755980767309665679931640625">
        <ele>406.399993896484375</ele>
        <time>2026-03-17T13:14:09.000Z</time>
        <extensions>
          <ns3:TrackPointExtension>
            <ns3:hr>146</ns3:hr>
            <ns3:cad>97</ns3:cad>
          </ns3:TrackPointExtension>
        </extensions>
      </trkpt>
      <trkpt lat="34.23292276449501514434814453125" lon="108.9376080036163330078125">
        <ele>406.399993896484375</ele>
        <time>2026-03-17T13:14:10.000Z</time>
        <extensions>
          <ns3:TrackPointExtension>
            <ns3:hr>146</ns3:hr>
            <ns3:cad>97</ns3:cad>
          </ns3:TrackPointExtension>
        </extensions>
      </trkpt>
      <trkpt lat="34.23291186802089214324951171875" lon="108.9376396872103214263916015625">
        <ele>406.399993896484375</ele>
        <time>2026-03-17T13:14:11.000Z</time>
        <extensions>
          <ns3:TrackPointExtension>
            <ns3:hr>146</ns3:hr>
            <ns3:cad>96</ns3:cad>
          </ns3:TrackPointExtension>
        </extensions>
      </trkpt>
      <trkpt lat="34.2328956909477710723876953125" lon="108.93765502609312534332275390625">
        <ele>406.399993896484375</ele>
        <time>2026-03-17T13:14:12.000Z</time>
        <extensions>
          <ns3:TrackPointExtension>
            <ns3:hr>146</ns3:hr>
            <ns3:cad>96</ns3:cad>
          </ns3:TrackPointExtension>
        </extensions>
      </trkpt>
      <trkpt lat="34.23288906924426555633544921875" lon="108.93766097724437713623046875">
        <ele>406.399993896484375</ele>
        <time>2026-03-17T13:14:13.000Z</time>
        <extensions>
          <ns3:TrackPointExtension>
            <ns3:hr>146</ns3:hr>
            <ns3:cad>97</ns3:cad>
          </ns3:TrackPointExtension>
        </extensions>
      </trkpt>
      <trkpt lat="34.23288722522556781768798828125" lon="108.93767966888844966888427734375">
        <ele>406.399993896484375</ele>
        <time>2026-03-17T13:14:14.000Z</time>
        <extensions>
          <ns3:TrackPointExtension>
            <ns3:hr>145</ns3:hr>
            <ns3:cad>97</ns3:cad>
          </ns3:TrackPointExtension>
        </extensions>
      </trkpt>
      <trkpt lat="34.23287867568433284759521484375" lon="108.9376950077712535858154296875">
        <ele>406.399993896484375</ele>
        <time>2026-03-17T13:14:15.000Z</time>
        <extensions>
          <ns3:TrackPointExtension>
            <ns3:hr>146</ns3:hr>
            <ns3:cad>96</ns3:cad>
          </ns3:TrackPointExtension>
        </extensions>
      </trkpt>
      <trkpt lat="34.232872389256954193115234375" lon="108.93771537579596042633056640625">
        <ele>406.399993896484375</ele>
        <time>2026-03-17T13:14:16.000Z</time>
        <extensions>
          <ns3:TrackPointExtension>
            <ns3:hr>146</ns3:hr>
            <ns3:cad>96</ns3:cad>
          </ns3:TrackPointExtension>
        </extensions>
      </trkpt>
      <trkpt lat="34.232874400913715362548828125" lon="108.93773281015455722808837890625">
        <ele>406.399993896484375</ele>
        <time>2026-03-17T13:14:17.000Z</time>
        <extensions>
          <ns3:TrackPointExtension>
            <ns3:hr>146</ns3:hr>
            <ns3:cad>97</ns3:cad>
          </ns3:TrackPointExtension>
        </extensions>
      </trkpt>
      <trkpt lat="34.23287230543792247772216796875" lon="108.93774856813251972198486328125">
        <ele>406.399993896484375</ele>
        <time>2026-03-17T13:14:18.000Z</time>
        <extensions>
          <ns3:TrackPointExtension>
            <ns3:hr>146</ns3:hr>
            <ns3:cad>98</ns3:cad>
          </ns3:TrackPointExtension>
        </extensions>
      </trkpt>
      <trkpt lat="34.23287339508533477783203125" lon="108.9377649128437042236328125">
        <ele>406.399993896484375</ele>
        <time>2026-03-17T13:14:19.000Z</time>
        <extensions>
          <ns3:TrackPointExtension>
            <ns3:hr>145</ns3:hr>
            <ns3:cad>98</ns3:cad>
          </ns3:TrackPointExtension>
        </extensions>
      </trkpt>
      <trkpt lat="34.23287381418049335479736328125" lon="108.93778176046907901763916015625">
        <ele>406.399993896484375</ele>
        <time>2026-03-17T13:14:20.000Z</time>
        <extensions>
          <ns3:TrackPointExtension>
            <ns3:hr>145</ns3:hr>
            <ns3:cad>96</ns3:cad>
          </ns3:TrackPointExtension>
        </extensions>
      </trkpt>
      <trkpt lat="34.2328839562833309173583984375" lon="108.9377997815608978271484375">
        <ele>406.399993896484375</ele>
        <time>2026-03-17T13:14:21.000Z</time>
        <extensions>
          <ns3:TrackPointExtension>
            <ns3:hr>145</ns3:hr>
            <ns3:cad>96</ns3:cad>
          </ns3:TrackPointExtension>
        </extensions>
      </trkpt>
      <trkpt lat="34.232899211347103118896484375" lon="108.93781646154820919036865234375">
        <ele>406.20001220703125</ele>
        <time>2026-03-17T13:14:22.000Z</time>
        <extensions>
          <ns3:TrackPointExtension>
            <ns3:hr>144</ns3:hr>
            <ns3:cad>96</ns3:cad>
          </ns3:TrackPointExtension>
        </extensions>
      </trkpt>
      <trkpt lat="34.23290021717548370361328125" lon="108.93783641047775745391845703125">
        <ele>406.20001220703125</ele>
        <time>2026-03-17T13:14:23.000Z</time>
        <extensions>
          <ns3:TrackPointExtension>
            <ns3:hr>144</ns3:hr>
            <ns3:cad>96</ns3:cad>
          </ns3:TrackPointExtension>
        </extensions>
      </trkpt>
      <trkpt lat="34.23290197737514972686767578125" lon="108.9378592930734157562255859375">
        <ele>406.20001220703125</ele>
        <time>2026-03-17T13:14:24.000Z</time>
        <extensions>
          <ns3:TrackPointExtension>
            <ns3:hr>144</ns3:hr>
            <ns3:cad>96</ns3:cad>
          </ns3:TrackPointExtension>
        </extensions>
      </trkpt>
      <trkpt lat="34.23290197737514972686767578125" lon="108.93788653425872325897216796875">
        <ele>406.20001220703125</ele>
        <time>2026-03-17T13:14:25.000Z</time>
        <extensions>
          <ns3:TrackPointExtension>
            <ns3:hr>144</ns3:hr>
            <ns3:cad>96</ns3:cad>
          </ns3:TrackPointExtension>
        </extensions>
      </trkpt>
      <trkpt lat="34.232906587421894073486328125" lon="108.93790078349411487579345703125">
        <ele>406.399993896484375</ele>
        <time>2026-03-17T13:14:26.000Z</time>
        <extensions>
          <ns3:TrackPointExtension>
            <ns3:hr>144</ns3:hr>
            <ns3:cad>96</ns3:cad>
          </ns3:TrackPointExtension>
        </extensions>
      </trkpt>
      <trkpt lat="34.23291069455444812774658203125" lon="108.93791620619595050811767578125">
        <ele>406.399993896484375</ele>
        <time>2026-03-17T13:14:27.000Z</time>
        <extensions>
          <ns3:TrackPointExtension>
            <ns3:hr>143</ns3:hr>
            <ns3:cad>97</ns3:cad>
          </ns3:TrackPointExtension>
        </extensions>
      </trkpt>
      <trkpt lat="34.2329168133437633514404296875" lon="108.93792944960296154022216796875">
        <ele>406.399993896484375</ele>
        <time>2026-03-17T13:14:28.000Z</time>
        <extensions>
          <ns3:TrackPointExtension>
            <ns3:hr>143</ns3:hr>
            <ns3:cad>97</ns3:cad>
          </ns3:TrackPointExtension>
        </extensions>
      </trkpt>
      <trkpt lat="34.2329154722392559051513671875" lon="108.93794470466673374176025390625">
        <ele>406.399993896484375</ele>
        <time>2026-03-17T13:14:29.000Z</time>
        <extensions>
          <ns3:TrackPointExtension>
            <ns3:hr>143</ns3:hr>
            <ns3:cad>97</ns3:cad>
          </ns3:TrackPointExtension>
        </extensions>
      </trkpt>
      <trkpt lat="34.2329094372689723968505859375" lon="108.9379561878740787506103515625">
        <ele>406.399993896484375</ele>
        <time>2026-03-17T13:14:30.000Z</time>
        <extensions>
          <ns3:TrackPointExtension>
            <ns3:hr>143</ns3:hr>
            <ns3:cad>97</ns3:cad>
          </ns3:TrackPointExtension>
        </extensions>
      </trkpt>
      <trkpt lat="34.23291387967765331268310546875" lon="108.93796565942466259002685546875">
        <ele>406.399993896484375</ele>
        <time>2026-03-17T13:14:31.000Z</time>
        <extensions>
          <ns3:TrackPointExtension>
            <ns3:hr>142</ns3:hr>
            <ns3:cad>99</ns3:cad>
          </ns3:TrackPointExtension>
        </extensions>
      </trkpt>
      <trkpt lat="34.23292167484760284423828125" lon="108.93797202967107295989990234375">
        <ele>406.20001220703125</ele>
        <time>2026-03-17T13:14:32.000Z</time>
        <extensions>
          <ns3:TrackPointExtension>
            <ns3:hr>142</ns3:hr>
            <ns3:cad>99</ns3:cad>
          </ns3:TrackPointExtension>
        </extensions>
      </trkpt>
      <trkpt lat="34.2329295538365840911865234375" lon="108.9379982650279998779296875">
        <ele>406.399993896484375</ele>
        <time>2026-03-17T13:14:33.000Z</time>
        <extensions>
          <ns3:TrackPointExtension>
            <ns3:hr>141</ns3:hr>
            <ns3:cad>99</ns3:cad>
          </ns3:TrackPointExtension>
        </extensions>
      </trkpt>
      <trkpt lat="34.23294849693775177001953125" lon="108.9380198903381824493408203125">
        <ele>406.399993896484375</ele>
        <time>2026-03-17T13:14:34.000Z</time>
        <extensions>
          <ns3:TrackPointExtension>
            <ns3:hr>141</ns3:hr>
            <ns3:cad>99</ns3:cad>
          </ns3:TrackPointExtension>
        </extensions>
      </trkpt>
      <trkpt lat="34.232990741729736328125" lon="108.9380373246967792510986328125">
        <ele>406.399993896484375</ele>
        <time>2026-03-17T13:14:35.000Z</time>
        <extensions>
          <ns3:TrackPointExtension>
            <ns3:hr>141</ns3:hr>
            <ns3:cad>98</ns3:cad>
          </ns3:TrackPointExtension>
        </extensions>
      </trkpt>
      <trkpt lat="34.23301898874342441558837890625" lon="108.93805869854986667633056640625">
        <ele>406.399993896484375</ele>
        <time>2026-03-17T13:14:36.000Z</time>
        <extensions>
          <ns3:TrackPointExtension>
            <ns3:hr>141</ns3:hr>
            <ns3:cad>98</ns3:cad>
          </ns3:TrackPointExtension>
        </extensions>
      </trkpt>
      <trkpt lat="34.2330267839133739471435546875" lon="108.938080407679080963134765625">
        <ele>406.600006103515625</ele>
        <time>2026-03-17T13:14:38.000Z</time>
        <extensions>
          <ns3:TrackPointExtension>
            <ns3:hr>141</ns3:hr>
            <ns3:cad>98</ns3:cad>
          </ns3:TrackPointExtension>
        </extensions>
      </trkpt>
      <trkpt lat="34.23304195515811443328857421875" lon="108.93809440545737743377685546875">
        <ele>406.600006103515625</ele>
        <time>2026-03-17T13:14:39.000Z</time>
        <extensions>
          <ns3:TrackPointExtension>
            <ns3:hr>140</ns3:hr>
            <ns3:cad>98</ns3:cad>
          </ns3:TrackPointExtension>
        </extensions>
      </trkpt>
      <trkpt lat="34.2330690287053585052490234375" lon="108.93810647539794445037841796875">
        <ele>406.600006103515625</ele>
        <time>2026-03-17T13:14:40.000Z</time>
        <extensions>
          <ns3:TrackPointExtension>
            <ns3:hr>140</ns3:hr>
            <ns3:cad>98</ns3:cad>
          </ns3:TrackPointExtension>
        </extensions>
      </trkpt>
      <trkpt lat="34.23309006728231906890869140625" lon="108.938115946948528289794921875">
        <ele>406.600006103515625</ele>
        <time>2026-03-17T13:14:41.000Z</time>
        <extensions>
          <ns3:TrackPointExtension>
            <ns3:hr>140</ns3:hr>
            <ns3:cad>98</ns3:cad>
          </ns3:TrackPointExtension>
        </extensions>
      </trkpt>
      <trkpt lat="34.23310942947864532470703125" lon="108.93812709487974643707275390625">
        <ele>406.399993896484375</ele>
        <time>2026-03-17T13:14:42.000Z</time>
        <extensions>
          <ns3:TrackPointExtension>
            <ns3:hr>140</ns3:hr>
            <ns3:cad>98</ns3:cad>
          </ns3:TrackPointExtension>
        </extensions>
      </trkpt>
      <trkpt lat="34.2331307195127010345458984375" lon="108.93813748843967914581298828125">
        <ele>406.399993896484375</ele>
        <time>2026-03-17T13:14:43.000Z</time>
        <extensions>
          <ns3:TrackPointExtension>
            <ns3:hr>140</ns3:hr>
            <ns3:cad>98</ns3:cad>
          </ns3:TrackPointExtension>
        </extensions>
      </trkpt>
      <trkpt lat="34.2331491596996784210205078125" lon="108.93815140239894390106201171875">
        <ele>406.399993896484375</ele>
        <time>2026-03-17T13:14:44.000Z</time>
        <extensions>
          <ns3:TrackPointExtension>
            <ns3:hr>141</ns3:hr>
            <ns3:cad>98</ns3:cad>
          </ns3:TrackPointExtension>
        </extensions>
      </trkpt>
      <trkpt lat="34.23317648470401763916015625" lon="108.93815039657056331634521484375">
        <ele>406.399993896484375</ele>
        <time>2026-03-17T13:14:45.000Z</time>
        <extensions>
          <ns3:TrackPointExtension>
            <ns3:hr>142</ns3:hr>
            <ns3:cad>96</ns3:cad>
          </ns3:TrackPointExtension>
        </extensions>
      </trkpt>
      <trkpt lat="34.23319517634809017181396484375" lon="108.93815073184669017791748046875">
        <ele>406.399993896484375</ele>
        <time>2026-03-17T13:14:46.000Z</time>
        <extensions>
          <ns3:TrackPointExtension>
            <ns3:hr>143</ns3:hr>
            <ns3:cad>96</ns3:cad>
          </ns3:TrackPointExtension>
        </extensions>
      </trkpt>
      <trkpt lat="34.2332066595554351806640625" lon="108.9381586946547031402587890625">
        <ele>406.399993896484375</ele>
        <time>2026-03-17T13:14:47.000Z</time>
        <extensions>
          <ns3:TrackPointExtension>
            <ns3:hr>143</ns3:hr>
            <ns3:cad>98</ns3:cad>
          </ns3:TrackPointExtension>
        </extensions>
      </trkpt>
      <trkpt lat="34.23322082497179508209228515625" lon="108.93813815899193286895751953125">
        <ele>406.399993896484375</ele>
        <time>2026-03-17T13:14:48.000Z</time>
        <extensions>
          <ns3:TrackPointExtension>
            <ns3:hr>144</ns3:hr>
            <ns3:cad>98</ns3:cad>
          </ns3:TrackPointExtension>
        </extensions>
      </trkpt>
      <trkpt lat="34.23323976807296276092529296875" lon="108.93815391696989536285400390625">
        <ele>406.399993896484375</ele>
        <time>2026-03-17T13:14:49.000Z</time>
        <extensions>
          <ns3:TrackPointExtension>
            <ns3:hr>144</ns3:hr>
            <ns3:cad>98</ns3:cad>
          </ns3:TrackPointExtension>
        </extensions>
      </trkpt>
      <trkpt lat="34.2332587949931621551513671875" lon="108.9381586946547031402587890625">
        <ele>406.399993896484375</ele>
        <time>2026-03-17T13:14:50.000Z</time>
        <extensions>
          <ns3:TrackPointExtension>
            <ns3:hr>144</ns3:hr>
            <ns3:cad>98</ns3:cad>
          </ns3:TrackPointExtension>
        </extensions>
      </trkpt>
      <trkpt lat="34.23327681608498096466064453125" lon="108.938163220882415771484375">
        <ele>406.399993896484375</ele>
        <time>2026-03-17T13:14:51.000Z</time>
        <extensions>
          <ns3:TrackPointExtension>
            <ns3:hr>144</ns3:hr>
            <ns3:cad>98</ns3:cad>
          </ns3:TrackPointExtension>
        </extensions>
      </trkpt>
      <trkpt lat="34.23330145888030529022216796875" lon="108.93817235715687274932861328125">
        <ele>406.399993896484375</ele>
        <time>2026-03-17T13:14:52.000Z</time>
        <extensions>
          <ns3:TrackPointExtension>
            <ns3:hr>144</ns3:hr>
            <ns3:cad>98</ns3:cad>
          </ns3:TrackPointExtension>
        </extensions>
      </trkpt>
      <trkpt lat="34.23333347775042057037353515625" lon="108.93815794028341770172119140625">
        <ele>406.399993896484375</ele>
        <time>2026-03-17T13:14:53.000Z</time>
        <extensions>
          <ns3:TrackPointExtension>
            <ns3:hr>144</ns3:hr>
            <ns3:cad>98</ns3:cad>
          </ns3:TrackPointExtension>
        </extensions>
      </trkpt>
      <trkpt lat="34.233353845775127410888671875" lon="108.93815986812114715576171875">
        <ele>406.399993896484375</ele>
        <time>2026-03-17T13:14:54.000Z</time>
        <extensions>
          <ns3:TrackPointExtension>
            <ns3:hr>143</ns3:hr>
            <ns3:cad>98</ns3:cad>
          </ns3:TrackPointExtension>
        </extensions>
      </trkpt>
      <trkpt lat="34.2333729565143585205078125" lon="108.93816380761563777923583984375">
        <ele>406.399993896484375</ele>
        <time>2026-03-17T13:14:55.000Z</time>
        <extensions>
          <ns3:TrackPointExtension>
            <ns3:hr>143</ns3:hr>
            <ns3:cad>98</ns3:cad>
          </ns3:TrackPointExtension>
        </extensions>
      </trkpt>
      <trkpt lat="34.23340153880417346954345703125" lon="108.93815894611179828643798828125">
        <ele>406.399993896484375</ele>
        <time>2026-03-17T13:14:56.000Z</time>
        <extensions>
          <ns3:TrackPointExtension>
            <ns3:hr>142</ns3:hr>
            <ns3:cad>97</ns3:cad>
          </ns3:TrackPointExtension>
        </extensions>
      </trkpt>
      <trkpt lat="34.23344428651034832000732421875" lon="108.93815592862665653228759765625">
        <ele>406.399993896484375</ele>
        <time>2026-03-17T13:14:57.000Z</time>
        <extensions>
          <ns3:TrackPointExtension>
            <ns3:hr>142</ns3:hr>
            <ns3:cad>97</ns3:cad>
          </ns3:TrackPointExtension>
        </extensions>
      </trkpt>
      <trkpt lat="34.23346876166760921478271484375" lon="108.93815718591213226318359375">
        <ele>406.20001220703125</ele>
        <time>2026-03-17T13:14:58.000Z</time>
        <extensions>
          <ns3:TrackPointExtension>
            <ns3:hr>141</ns3:hr>
            <ns3:cad>98</ns3:cad>
          </ns3:TrackPointExtension>
        </extensions>
      </trkpt>
      <trkpt lat="34.23349658958613872528076171875" lon="108.93815777264535427093505859375">
        <ele>406.399993896484375</ele>
        <time>2026-03-17T13:14:59.000Z</time>
        <extensions>
          <ns3:TrackPointExtension>
            <ns3:hr>141</ns3:hr>
            <ns3:cad>98</ns3:cad>
          </ns3:TrackPointExtension>
        </extensions>
      </trkpt>
      <trkpt lat="34.23354956321418285369873046875" lon="108.93815240822732448577880859375">
        <ele>406.399993896484375</ele>
        <time>2026-03-17T13:15:00.000Z</time>
        <extensions>
          <ns3:TrackPointExtension>
            <ns3:hr>141</ns3:hr>
            <ns3:cad>99</ns3:cad>
          </ns3:TrackPointExtension>
        </extensions>
      </trkpt>
      <trkpt lat="34.233583845198154449462890625" lon="108.93815391696989536285400390625">
        <ele>406.399993896484375</ele>
        <time>2026-03-17T13:15:01.000Z</time>
        <extensions>
          <ns3:TrackPointExtension>
            <ns3:hr>141</ns3:hr>
            <ns3:cad>99</ns3:cad>
          </ns3:TrackPointExtension>
        </extensions>
      </trkpt>
      <trkpt lat="34.233631789684295654296875" lon="108.93815358169376850128173828125">
        <ele>406.399993896484375</ele>
        <time>2026-03-17T13:15:02.000Z</time>
        <extensions>
          <ns3:TrackPointExtension>
            <ns3:hr>141</ns3:hr>
            <ns3:cad>97</ns3:cad>
          </ns3:TrackPointExtension>
        </extensions>
      </trkpt>
      <trkpt lat="34.2336787283420562744140625" lon="108.93815207295119762420654296875">
        <ele>406.399993896484375</ele>
        <time>2026-03-17T13:15:03.000Z</time>
        <extensions>
          <ns3:TrackPointExtension>
            <ns3:hr>142</ns3:hr>
            <ns3:cad>97</ns3:cad>
          </ns3:TrackPointExtension>
        </extensions>
      </trkpt>
      <trkpt lat="34.2337261699140071868896484375" lon="108.9381670765578746795654296875">
        <ele>406.399993896484375</ele>
        <time>2026-03-17T13:15:04.000Z</time>
        <extensions>
          <ns3:TrackPointExtension>
            <ns3:hr>142</ns3:hr>
            <ns3:cad>98</ns3:cad>
          </ns3:TrackPointExtension>
        </extensions>
      </trkpt>
      <trkpt lat="34.2337848432362079620361328125" lon="108.93816531635820865631103515625">
        <ele>406.399993896484375</ele>
        <time>2026-03-17T13:15:05.000Z</time>
        <extensions>
          <ns3:TrackPointExtension>
            <ns3:hr>143</ns3:hr>
            <ns3:cad>98</ns3:cad>
          </ns3:TrackPointExtension>
        </extensions>
      </trkpt>
      <trkpt lat="34.23382214270532131195068359375" lon="108.93817436881363391876220703125">
        <ele>406.399993896484375</ele>
        <time>2026-03-17T13:15:06.000Z</time>
        <extensions>
          <ns3:TrackPointExtension>
            <ns3:hr>144</ns3:hr>
            <ns3:cad>98</ns3:cad>
          </ns3:TrackPointExtension>
        </extensions>
      </trkpt>
      <trkpt lat="34.23386757262051105499267578125" lon="108.93817855976521968841552734375">
        <ele>406.399993896484375</ele>
        <time>2026-03-17T13:15:07.000Z</time>
        <extensions>
          <ns3:TrackPointExtension>
            <ns3:hr>145</ns3:hr>
            <ns3:cad>98</ns3:cad>
          </ns3:TrackPointExtension>
        </extensions>
      </trkpt>
      <trkpt lat="34.23391275107860565185546875" lon="108.93817554228007793426513671875">
        <ele>406.399993896484375</ele>
        <time>2026-03-17T13:15:08.000Z</time>
        <extensions>
          <ns3:TrackPointExtension>
            <ns3:hr>145</ns3:hr>
            <ns3:cad>98</ns3:cad>
          </ns3:TrackPointExtension>
        </extensions>
      </trkpt>
      <trkpt lat="34.233952648937702178955078125" lon="108.938183672726154327392578125">
        <ele>406.399993896484375</ele>
        <time>2026-03-17T13:15:09.000Z</time>
        <extensions>
          <ns3:TrackPointExtension>
            <ns3:hr>146</ns3:hr>
            <ns3:cad>99</ns3:cad>
          </ns3:TrackPointExtension>
        </extensions>
      </trkpt>
      <trkpt lat="34.234004952013492584228515625" lon="108.93819012679159641265869140625">
        <ele>406.399993896484375</ele>
        <time>2026-03-17T13:15:10.000Z</time>
        <extensions>
          <ns3:TrackPointExtension>
            <ns3:hr>146</ns3:hr>
            <ns3:cad>99</ns3:cad>
          </ns3:TrackPointExtension>
        </extensions>
      </trkpt>
      <trkpt lat="34.23405029810965061187744140625" lon="108.93819314427673816680908203125">
        <ele>406.399993896484375</ele>
        <time>2026-03-17T13:15:11.000Z</time>
        <extensions>
          <ns3:TrackPointExtension>
            <ns3:hr>147</ns3:hr>
            <ns3:cad>99</ns3:cad>
          </ns3:TrackPointExtension>
        </extensions>
      </trkpt>
      <trkpt lat="34.23408835195004940032958984375" lon="108.9381972514092922210693359375">
        <ele>406.399993896484375</ele>
        <time>2026-03-17T13:15:12.000Z</time>
        <extensions>
          <ns3:TrackPointExtension>
            <ns3:hr>147</ns3:hr>
            <ns3:cad>99</ns3:cad>
          </ns3:TrackPointExtension>
        </extensions>
      </trkpt>
      <trkpt lat="34.23412908799946308135986328125" lon="108.93818308599293231964111328125">
        <ele>406.399993896484375</ele>
        <time>2026-03-17T13:15:13.000Z</time>
        <extensions>
          <ns3:TrackPointExtension>
            <ns3:hr>147</ns3:hr>
            <ns3:cad>99</ns3:cad>
          </ns3:TrackPointExtension>
        </extensions>
      </trkpt>
      <trkpt lat="34.23417099751532077789306640625" lon="108.93817503936588764190673828125">
        <ele>406.399993896484375</ele>
        <time>2026-03-17T13:15:14.000Z</time>
        <extensions>
          <ns3:TrackPointExtension>
            <ns3:hr>148</ns3:hr>
            <ns3:cad>99</ns3:cad>
          </ns3:TrackPointExtension>
        </extensions>
      </trkpt>
      <trkpt lat="34.23422397114336490631103515625" lon="108.9381633885204792022705078125">
        <ele>406.399993896484375</ele>
        <time>2026-03-17T13:15:15.000Z</time>
        <extensions>
          <ns3:TrackPointExtension>
            <ns3:hr>148</ns3:hr>
            <ns3:cad>99</ns3:cad>
          </ns3:TrackPointExtension>
        </extensions>
      </trkpt>
      <trkpt lat="34.23426940105855464935302734375" lon="108.9381457865238189697265625">
        <ele>406.399993896484375</ele>
        <time>2026-03-17T13:15:16.000Z</time>
        <extensions>
          <ns3:TrackPointExtension>
            <ns3:hr>148</ns3:hr>
            <ns3:cad>99</ns3:cad>
          </ns3:TrackPointExtension>
        </extensions>
      </trkpt>
      <trkpt lat="34.2343105562031269073486328125" lon="108.93813312985002994537353515625">
        <ele>406.399993896484375</ele>
        <time>2026-03-17T13:15:17.000Z</time>
        <extensions>
          <ns3:TrackPointExtension>
            <ns3:hr>148</ns3:hr>
            <ns3:cad>99</ns3:cad>
          </ns3:TrackPointExtension>
        </extensions>
      </trkpt>
      <trkpt lat="34.23435556702315807342529296875" lon="108.938120640814304351806640625">
        <ele>406.399993896484375</ele>
        <time>2026-03-17T13:15:18.000Z</time>
        <extensions>
          <ns3:TrackPointExtension>
            <ns3:hr>149</ns3:hr>
            <ns3:cad>99</ns3:cad>
          </ns3:TrackPointExtension>
        </extensions>
      </trkpt>
      <trkpt lat="34.2343973927199840545654296875" lon="108.93811267800629138946533203125">
        <ele>406.399993896484375</ele>
        <time>2026-03-17T13:15:19.000Z</time>
        <extensions>
          <ns3:TrackPointExtension>
            <ns3:hr>149</ns3:hr>
            <ns3:cad>99</ns3:cad>
          </ns3:TrackPointExtension>
        </extensions>
      </trkpt>
      <trkpt lat="34.2344359494745731353759765625" lon="108.938096500933170318603515625">
        <ele>406.399993896484375</ele>
        <time>2026-03-17T13:15:20.000Z</time>
        <extensions>
          <ns3:TrackPointExtension>
            <ns3:hr>149</ns3:hr>
            <ns3:cad>99</ns3:cad>
          </ns3:TrackPointExtension>
        </extensions>
      </trkpt>
      <trkpt lat="34.234474003314971923828125" lon="108.93807127140462398529052734375">
        <ele>406.399993896484375</ele>
        <time>2026-03-17T13:15:21.000Z</time>
        <extensions>
          <ns3:TrackPointExtension>
            <ns3:hr>149</ns3:hr>
            <ns3:cad>98</ns3:cad>
          </ns3:TrackPointExtension>
        </extensions>
      </trkpt>
      <trkpt lat="34.234511889517307281494140625" lon="108.9380490593612194061279296875">
        <ele>406.399993896484375</ele>
        <time>2026-03-17T13:15:22.000Z</time>
        <extensions>
          <ns3:TrackPointExtension>
            <ns3:hr>150</ns3:hr>
            <ns3:cad>98</ns3:cad>
          </ns3:TrackPointExtension>
        </extensions>
      </trkpt>
      <trkpt lat="34.23454885371029376983642578125" lon="108.93802131526172161102294921875">
        <ele>406.600006103515625</ele>
        <time>2026-03-17T13:15:23.000Z</time>
        <extensions>
          <ns3:TrackPointExtension>
            <ns3:hr>149</ns3:hr>
            <ns3:cad>98</ns3:cad>
          </ns3:TrackPointExtension>
        </extensions>
      </trkpt>
      <trkpt lat="34.2345858179032802581787109375" lon="108.937991224229335784912109375">
        <ele>406.600006103515625</ele>
        <time>2026-03-17T13:15:24.000Z</time>
        <extensions>
          <ns3:TrackPointExtension>
            <ns3:hr>149</ns3:hr>
            <ns3:cad>98</ns3:cad>
          </ns3:TrackPointExtension>
        </extensions>
      </trkpt>
      <trkpt lat="34.23462529666721820831298828125" lon="108.9379716105759143829345703125">
        <ele>406.600006103515625</ele>
        <time>2026-03-17T13:15:25.000Z</time>
        <extensions>
          <ns3:TrackPointExtension>
            <ns3:hr>149</ns3:hr>
            <ns3:cad>97</ns3:cad>
          </ns3:TrackPointExtension>
        </extensions>
      </trkpt>
      <trkpt lat="34.23466234467923641204833984375" lon="108.93795057199895381927490234375">
        <ele>406.600006103515625</ele>
        <time>2026-03-17T13:15:26.000Z</time>
        <extensions>
          <ns3:TrackPointExtension>
            <ns3:hr>149</ns3:hr>
            <ns3:cad>97</ns3:cad>
          </ns3:TrackPointExtension>
        </extensions>
      </trkpt>
      <trkpt lat="34.23469637520611286163330078125" lon="108.93792785704135894775390625">
        <ele>406.600006103515625</ele>
        <time>2026-03-17T13:15:27.000Z</time>
        <extensions>
          <ns3:TrackPointExtension>
            <ns3:hr>149</ns3:hr>
            <ns3:cad>97</ns3:cad>
          </ns3:TrackPointExtension>
        </extensions>
      </trkpt>
      <trkpt lat="34.23472839407622814178466796875" lon="108.93789793364703655242919921875">
        <ele>406.399993896484375</ele>
        <time>2026-03-17T13:15:28.000Z</time>
        <extensions>
          <ns3:TrackPointExtension>
            <ns3:hr>149</ns3:hr>
            <ns3:cad>97</ns3:cad>
          </ns3:TrackPointExtension>
        </extensions>
      </trkpt>
      <trkpt lat="34.23476393334567546844482421875" lon="108.9378747157752513885498046875">
        <ele>406.399993896484375</ele>
        <time>2026-03-17T13:15:29.000Z</time>
        <extensions>
          <ns3:TrackPointExtension>
            <ns3:hr>150</ns3:hr>
            <ns3:cad>97</ns3:cad>
          </ns3:TrackPointExtension>
        </extensions>
      </trkpt>
      <trkpt lat="34.2347879894077777862548828125" lon="108.93784546293318271636962890625">
        <ele>406.399993896484375</ele>
        <time>2026-03-17T13:15:30.000Z</time>
        <extensions>
          <ns3:TrackPointExtension>
            <ns3:hr>150</ns3:hr>
            <ns3:cad>97</ns3:cad>
          </ns3:TrackPointExtension>
        </extensions>
      </trkpt>
      <trkpt lat="34.2348144762217998504638671875" lon="108.93780581653118133544921875">
        <ele>406.399993896484375</ele>
        <time>2026-03-17T13:15:31.000Z</time>
        <extensions>
          <ns3:TrackPointExtension>
            <ns3:hr>150</ns3:hr>
            <ns3:cad>97</ns3:cad>
          </ns3:TrackPointExtension>
        </extensions>
      </trkpt>
      <trkpt lat="34.23483869992196559906005859375" lon="108.93777321092784404754638671875">
        <ele>406.399993896484375</ele>
        <time>2026-03-17T13:15:32.000Z</time>
        <extensions>
          <ns3:TrackPointExtension>
            <ns3:hr>150</ns3:hr>
            <ns3:cad>97</ns3:cad>
          </ns3:TrackPointExtension>
        </extensions>
      </trkpt>
      <trkpt lat="34.2348604090511798858642578125" lon="108.93774337135255336761474609375">
        <ele>406.399993896484375</ele>
        <time>2026-03-17T13:15:33.000Z</time>
        <extensions>
          <ns3:TrackPointExtension>
            <ns3:hr>150</ns3:hr>
            <ns3:cad>97</ns3:cad>
          </ns3:TrackPointExtension>
        </extensions>
      </trkpt>
      <trkpt lat="34.234878011047840118408203125" lon="108.93770582042634487152099609375">
        <ele>406.399993896484375</ele>
        <time>2026-03-17T13:15:34.000Z</time>
        <extensions>
          <ns3:TrackPointExtension>
            <ns3:hr>150</ns3:hr>
            <ns3:cad>97</ns3:cad>
          </ns3:TrackPointExtension>
        </extensions>
      </trkpt>
      <trkpt lat="34.2348964512348175048828125" lon="108.93766977824270725250244140625">
        <ele>406.399993896484375</ele>
        <time>2026-03-17T13:15:35.000Z</time>
        <extensions>
          <ns3:TrackPointExtension>
            <ns3:hr>149</ns3:hr>
            <ns3:cad>98</ns3:cad>
          </ns3:TrackPointExtension>
        </extensions>
      </trkpt>
      <trkpt lat="34.2349127121269702911376953125" lon="108.937639184296131134033203125">
        <ele>406.399993896484375</ele>
        <time>2026-03-17T13:15:36.000Z</time>
        <extensions>
          <ns3:TrackPointExtension>
            <ns3:hr>148</ns3:hr>
            <ns3:cad>98</ns3:cad>
          </ns3:TrackPointExtension>
        </extensions>
      </trkpt>
      <trkpt lat="34.234926961362361907958984375" lon="108.93760926090180873870849609375">
        <ele>406.399993896484375</ele>
        <time>2026-03-17T13:15:37.000Z</time>
        <extensions>
          <ns3:TrackPointExtension>
            <ns3:hr>147</ns3:hr>
            <ns3:cad>98</ns3:cad>
          </ns3:TrackPointExtension>
        </extensions>
      </trkpt>
      <trkpt lat="34.23493827693164348602294921875" lon="108.9375766552984714508056640625">
        <ele>406.600006103515625</ele>
        <time>2026-03-17T13:15:38.000Z</time>
        <extensions>
          <ns3:TrackPointExtension>
            <ns3:hr>146</ns3:hr>
            <ns3:cad>98</ns3:cad>
          </ns3:TrackPointExtension>
        </extensions>
      </trkpt>
      <trkpt lat="34.2349482513964176177978515625" lon="108.93754757009446620941162109375">
        <ele>406.600006103515625</ele>
        <time>2026-03-17T13:15:39.000Z</time>
        <extensions>
          <ns3:TrackPointExtension>
            <ns3:hr>145</ns3:hr>
            <ns3:cad>99</ns3:cad>
          </ns3:TrackPointExtension>
        </extensions>
      </trkpt>
      <trkpt lat="34.23495688475668430328369140625" lon="108.93751789815723896026611328125">
        <ele>406.600006103515625</ele>
        <time>2026-03-17T13:15:40.000Z</time>
        <extensions>
          <ns3:TrackPointExtension>
            <ns3:hr>145</ns3:hr>
            <ns3:cad>100</ns3:cad>
          </ns3:TrackPointExtension>
        </extensions>
      </trkpt>
      <trkpt lat="34.23496057279407978057861328125" lon="108.93748437054455280303955078125">
        <ele>406.600006103515625</ele>
        <time>2026-03-17T13:15:41.000Z</time>
        <extensions>
          <ns3:TrackPointExtension>
            <ns3:hr>145</ns3:hr>
            <ns3:cad>100</ns3:cad>
          </ns3:TrackPointExtension>
        </extensions>
      </trkpt>
      <trkpt lat="34.23496727831661701202392578125" lon="108.93745067529380321502685546875">
        <ele>406.600006103515625</ele>
        <time>2026-03-17T13:15:42.000Z</time>
        <extensions>
          <ns3:TrackPointExtension>
            <ns3:hr>144</ns3:hr>
            <ns3:cad>100</ns3:cad>
          </ns3:TrackPointExtension>
        </extensions>
      </trkpt>
      <trkpt lat="34.23495210707187652587890625" lon="108.93739216960966587066650390625">
        <ele>406.600006103515625</ele>
        <time>2026-03-17T13:15:43.000Z</time>
        <extensions>
          <ns3:TrackPointExtension>
            <ns3:hr>144</ns3:hr>
            <ns3:cad>100</ns3:cad>
          </ns3:TrackPointExtension>
        </extensions>
      </trkpt>
      <trkpt lat="34.23494615592062473297119140625" lon="108.937345482409000396728515625">
        <ele>406.600006103515625</ele>
        <time>2026-03-17T13:15:44.000Z</time>
        <extensions>
          <ns3:TrackPointExtension>
            <ns3:hr>144</ns3:hr>
            <ns3:cad>97</ns3:cad>
          </ns3:TrackPointExtension>
        </extensions>
      </trkpt>
      <trkpt lat="34.234942384064197540283203125" lon="108.93731974996626377105712890625">
        <ele>406.600006103515625</ele>
        <time>2026-03-17T13:15:45.000Z</time>
        <extensions>
          <ns3:TrackPointExtension>
            <ns3:hr>144</ns3:hr>
            <ns3:cad>97</ns3:cad>
          </ns3:TrackPointExtension>
        </extensions>
      </trkpt>
      <trkpt lat="34.23493844456970691680908203125" lon="108.9372953586280345916748046875">
        <ele>406.600006103515625</ele>
        <time>2026-03-17T13:15:46.000Z</time>
        <extensions>
          <ns3:TrackPointExtension>
            <ns3:hr>143</ns3:hr>
            <ns3:cad>97</ns3:cad>
          </ns3:TrackPointExtension>
        </extensions>
      </trkpt>
      <trkpt lat="34.23494297079741954803466796875" lon="108.9372571371495723724365234375">
        <ele>406.600006103515625</ele>
        <time>2026-03-17T13:15:47.000Z</time>
        <extensions>
          <ns3:TrackPointExtension>
            <ns3:hr>143</ns3:hr>
            <ns3:cad>97</ns3:cad>
          </ns3:TrackPointExtension>
        </extensions>
      </trkpt>
      <trkpt lat="34.2349412105977535247802734375" lon="108.93722620792686939239501953125">
        <ele>406.600006103515625</ele>
        <time>2026-03-17T13:15:48.000Z</time>
        <extensions>
          <ns3:TrackPointExtension>
            <ns3:hr>144</ns3:hr>
            <ns3:cad>98</ns3:cad>
          </ns3:TrackPointExtension>
        </extensions>
      </trkpt>
      <trkpt lat="34.234937690198421478271484375" lon="108.9371840469539165496826171875">
        <ele>406.600006103515625</ele>
        <time>2026-03-17T13:15:49.000Z</time>
        <extensions>
          <ns3:TrackPointExtension>
            <ns3:hr>144</ns3:hr>
            <ns3:cad>98</ns3:cad>
          </ns3:TrackPointExtension>
        </extensions>
      </trkpt>
      <trkpt lat="34.234935007989406585693359375" lon="108.93714607693254947662353515625">
        <ele>406.600006103515625</ele>
        <time>2026-03-17T13:15:50.000Z</time>
        <extensions>
          <ns3:TrackPointExtension>
            <ns3:hr>144</ns3:hr>
            <ns3:cad>98</ns3:cad>
          </ns3:TrackPointExtension>
        </extensions>
      </trkpt>
      <trkpt lat="34.23492922447621822357177734375" lon="108.9371005631983280181884765625">
        <ele>406.600006103515625</ele>
        <time>2026-03-17T13:15:51.000Z</time>
        <extensions>
          <ns3:TrackPointExtension>
            <ns3:hr>143</ns3:hr>
            <ns3:cad>98</ns3:cad>
          </ns3:TrackPointExtension>
        </extensions>
      </trkpt>
      <trkpt lat="34.2349234409630298614501953125" lon="108.93706192262470722198486328125">
        <ele>406.600006103515625</ele>
        <time>2026-03-17T13:15:52.000Z</time>
        <extensions>
          <ns3:TrackPointExtension>
            <ns3:hr>144</ns3:hr>
            <ns3:cad>98</ns3:cad>
          </ns3:TrackPointExtension>
        </extensions>
      </trkpt>
      <trkpt lat="34.23491816036403179168701171875" lon="108.9370170794427394866943359375">
        <ele>406.600006103515625</ele>
        <time>2026-03-17T13:15:53.000Z</time>
        <extensions>
          <ns3:TrackPointExtension>
            <ns3:hr>144</ns3:hr>
            <ns3:cad>98</ns3:cad>
          </ns3:TrackPointExtension>
        </extensions>
      </trkpt>
      <trkpt lat="34.2349127121269702911376953125" lon="108.93697760067880153656005859375">
        <ele>406.600006103515625</ele>
        <time>2026-03-17T13:15:54.000Z</time>
        <extensions>
          <ns3:TrackPointExtension>
            <ns3:hr>143</ns3:hr>
            <ns3:cad>98</ns3:cad>
          </ns3:TrackPointExtension>
        </extensions>
      </trkpt>
      <trkpt lat="34.23490877263247966766357421875" lon="108.93694155849516391754150390625">
        <ele>406.600006103515625</ele>
        <time>2026-03-17T13:15:55.000Z</time>
        <extensions>
          <ns3:TrackPointExtension>
            <ns3:hr>143</ns3:hr>
            <ns3:cad>98</ns3:cad>
          </ns3:TrackPointExtension>
        </extensions>
      </trkpt>
      <trkpt lat="34.234901480376720428466796875" lon="108.9369017444550991058349609375">
        <ele>406.600006103515625</ele>
        <time>2026-03-17T13:15:56.000Z</time>
        <extensions>
          <ns3:TrackPointExtension>
            <ns3:hr>143</ns3:hr>
            <ns3:cad>98</ns3:cad>
          </ns3:TrackPointExtension>
        </extensions>
      </trkpt>
      <trkpt lat="34.23489309847354888916015625" lon="108.936860673129558563232421875">
        <ele>406.600006103515625</ele>
        <time>2026-03-17T13:15:57.000Z</time>
        <extensions>
          <ns3:TrackPointExtension>
            <ns3:hr>144</ns3:hr>
            <ns3:cad>98</ns3:cad>
          </ns3:TrackPointExtension>
        </extensions>
      </trkpt>
      <trkpt lat="34.234885387122631072998046875" lon="108.93681918270885944366455078125">
        <ele>406.399993896484375</ele>
        <time>2026-03-17T13:15:58.000Z</time>
        <extensions>
          <ns3:TrackPointExtension>
            <ns3:hr>143</ns3:hr>
            <ns3:cad>98</ns3:cad>
          </ns3:TrackPointExtension>
        </extensions>
      </trkpt>
      <trkpt lat="34.23487365245819091796875" lon="108.93678498454391956329345703125">
        <ele>406.399993896484375</ele>
        <time>2026-03-17T13:15:59.000Z</time>
        <extensions>
          <ns3:TrackPointExtension>
            <ns3:hr>143</ns3:hr>
            <ns3:cad>98</ns3:cad>
          </ns3:TrackPointExtension>
        </extensions>
      </trkpt>
      <trkpt lat="34.2348590679466724395751953125" lon="108.93674902617931365966796875">
        <ele>406.399993896484375</ele>
        <time>2026-03-17T13:16:00.000Z</time>
        <extensions>
          <ns3:TrackPointExtension>
            <ns3:hr>143</ns3:hr>
            <ns3:cad>98</ns3:cad>
          </ns3:TrackPointExtension>
        </extensions>
      </trkpt>
      <trkpt lat="34.23484213650226593017578125" lon="108.9367223717272281646728515625">
        <ele>406.399993896484375</ele>
        <time>2026-03-17T13:16:01.000Z</time>
        <extensions>
          <ns3:TrackPointExtension>
            <ns3:hr>144</ns3:hr>
            <ns3:cad>98</ns3:cad>
          </ns3:TrackPointExtension>
        </extensions>
      </trkpt>
      <trkpt lat="34.2348272167146205902099609375" lon="108.93671005032956600189208984375">
        <ele>406.399993896484375</ele>
        <time>2026-03-17T13:16:02.000Z</time>
        <extensions>
          <ns3:TrackPointExtension>
            <ns3:hr>143</ns3:hr>
            <ns3:cad>98</ns3:cad>
          </ns3:TrackPointExtension>
        </extensions>
      </trkpt>
      <trkpt lat="34.2348134703934192657470703125" lon="108.9366989023983478546142578125">
        <ele>406.399993896484375</ele>
        <time>2026-03-17T13:16:03.000Z</time>
        <extensions>
          <ns3:TrackPointExtension>
            <ns3:hr>143</ns3:hr>
            <ns3:cad>98</ns3:cad>
          </ns3:TrackPointExtension>
        </extensions>
      </trkpt>
      <trkpt lat="34.2347769252955913543701171875" lon="108.93668523989617824554443359375">
        <ele>406.600006103515625</ele>
        <time>2026-03-17T13:16:04.000Z</time>
        <extensions>
          <ns3:TrackPointExtension>
            <ns3:hr>143</ns3:hr>
            <ns3:cad>98</ns3:cad>
          </ns3:TrackPointExtension>
        </extensions>
      </trkpt>
      <trkpt lat="34.23475588671863079071044921875" lon="108.93666663207113742828369140625">
        <ele>406.600006103515625</ele>
        <time>2026-03-17T13:16:05.000Z</time>
        <extensions>
          <ns3:TrackPointExtension>
            <ns3:hr>143</ns3:hr>
            <ns3:cad>97</ns3:cad>
          </ns3:TrackPointExtension>
        </extensions>
      </trkpt>
      <trkpt lat="34.23473560251295566558837890625" lon="108.93665825016796588897705078125">
        <ele>406.600006103515625</ele>
        <time>2026-03-17T13:16:06.000Z</time>
        <extensions>
          <ns3:TrackPointExtension>
            <ns3:hr>144</ns3:hr>
            <ns3:cad>97</ns3:cad>
          </ns3:TrackPointExtension>
        </extensions>
      </trkpt>
      <trkpt lat="34.23471070826053619384765625" lon="108.93664299510419368743896484375">
        <ele>406.600006103515625</ele>
        <time>2026-03-17T13:16:07.000Z</time>
        <extensions>
          <ns3:TrackPointExtension>
            <ns3:hr>143</ns3:hr>
            <ns3:cad>98</ns3:cad>
          </ns3:TrackPointExtension>
        </extensions>
      </trkpt>
      <trkpt lat="34.234683215618133544921875" lon="108.93664039671421051025390625">
        <ele>406.600006103515625</ele>
        <time>2026-03-17T13:16:08.000Z</time>
        <extensions>
          <ns3:TrackPointExtension>
            <ns3:hr>143</ns3:hr>
            <ns3:cad>98</ns3:cad>
          </ns3:TrackPointExtension>
        </extensions>
      </trkpt>
      <trkpt lat="34.23465413041412830352783203125" lon="108.9366408996284008026123046875">
        <ele>406.600006103515625</ele>
        <time>2026-03-17T13:16:09.000Z</time>
        <extensions>
          <ns3:TrackPointExtension>
            <ns3:hr>144</ns3:hr>
            <ns3:cad>98</ns3:cad>
          </ns3:TrackPointExtension>
        </extensions>
      </trkpt>
      <trkpt lat="34.2346304096281528472900390625" lon="108.936631344258785247802734375">
        <ele>406.600006103515625</ele>
        <time>2026-03-17T13:16:10.000Z</time>
        <extensions>
          <ns3:TrackPointExtension>
            <ns3:hr>143</ns3:hr>
            <ns3:cad>99</ns3:cad>
          </ns3:TrackPointExtension>
        </extensions>
      </trkpt>
      <trkpt lat="34.23460341989994049072265625" lon="108.9366278238594532012939453125">
        <ele>406.600006103515625</ele>
        <time>2026-03-17T13:16:11.000Z</time>
        <extensions>
          <ns3:TrackPointExtension>
            <ns3:hr>143</ns3:hr>
            <ns3:cad>99</ns3:cad>
          </ns3:TrackPointExtension>
        </extensions>
      </trkpt>
      <trkpt lat="34.23457936383783817291259765625" lon="108.936619274318218231201171875">
        <ele>406.600006103515625</ele>
        <time>2026-03-17T13:16:12.000Z</time>
        <extensions>
          <ns3:TrackPointExtension>
            <ns3:hr>144</ns3:hr>
            <ns3:cad>99</ns3:cad>
          </ns3:TrackPointExtension>
        </extensions>
      </trkpt>
      <trkpt lat="34.23456293530762195587158203125" lon="108.936609886586666107177734375">
        <ele>406.600006103515625</ele>
        <time>2026-03-17T13:16:13.000Z</time>
        <extensions>
          <ns3:TrackPointExtension>
            <ns3:hr>143</ns3:hr>
            <ns3:cad>98</ns3:cad>
          </ns3:TrackPointExtension>
        </extensions>
      </trkpt>
      <trkpt lat="34.23454432748258113861083984375" lon="108.93659471534192562103271484375">
        <ele>406.600006103515625</ele>
        <time>2026-03-17T13:16:14.000Z</time>
        <extensions>
          <ns3:TrackPointExtension>
            <ns3:hr>143</ns3:hr>
            <ns3:cad>98</ns3:cad>
          </ns3:TrackPointExtension>
        </extensions>
      </trkpt>
      <trkpt lat="34.2345263063907623291015625" lon="108.93658599816262722015380859375">
        <ele>406.600006103515625</ele>
        <time>2026-03-17T13:16:15.000Z</time>
        <extensions>
          <ns3:TrackPointExtension>
            <ns3:hr>143</ns3:hr>
            <ns3:cad>100</ns3:cad>
          </ns3:TrackPointExtension>
        </extensions>
      </trkpt>
      <trkpt lat="34.234512560069561004638671875" lon="108.93661114387214183807373046875">
        <ele>406.600006103515625</ele>
        <time>2026-03-17T13:16:16.000Z</time>
        <extensions>
          <ns3:TrackPointExtension>
            <ns3:hr>143</ns3:hr>
            <ns3:cad>100</ns3:cad>
          </ns3:TrackPointExtension>
        </extensions>
      </trkpt>
      <trkpt lat="34.23449135385453701019287109375" lon="108.93663025461137294769287109375">
        <ele>406.600006103515625</ele>
        <time>2026-03-17T13:16:17.000Z</time>
        <extensions>
          <ns3:TrackPointExtension>
            <ns3:hr>143</ns3:hr>
            <ns3:cad>100</ns3:cad>
          </ns3:TrackPointExtension>
        </extensions>
      </trkpt>
      <trkpt lat="34.23446805216372013092041015625" lon="108.936629332602024078369140625">
        <ele>406.600006103515625</ele>
        <time>2026-03-17T13:16:18.000Z</time>
        <extensions>
          <ns3:TrackPointExtension>
            <ns3:hr>142</ns3:hr>
            <ns3:cad>100</ns3:cad>
          </ns3:TrackPointExtension>
        </extensions>
      </trkpt>
      <trkpt lat="34.234444834291934967041015625" lon="108.93662690185010433197021484375">
        <ele>406.600006103515625</ele>
        <time>2026-03-17T13:16:19.000Z</time>
        <extensions>
          <ns3:TrackPointExtension>
            <ns3:hr>143</ns3:hr>
            <ns3:cad>98</ns3:cad>
          </ns3:TrackPointExtension>
        </extensions>
      </trkpt>
      <trkpt lat="34.23442815430462360382080078125" lon="108.93665187992155551910400390625">
        <ele>406.600006103515625</ele>
        <time>2026-03-17T13:16:20.000Z</time>
        <extensions>
          <ns3:TrackPointExtension>
            <ns3:hr>143</ns3:hr>
            <ns3:cad>98</ns3:cad>
          </ns3:TrackPointExtension>
        </extensions>
      </trkpt>
      <trkpt lat="34.234397225081920623779296875" lon="108.93665154464542865753173828125">
        <ele>406.600006103515625</ele>
        <time>2026-03-17T13:16:21.000Z</time>
        <extensions>
          <ns3:TrackPointExtension>
            <ns3:hr>142</ns3:hr>
            <ns3:cad>98</ns3:cad>
          </ns3:TrackPointExtension>
        </extensions>
      </trkpt>
      <trkpt lat="34.23436981625854969024658203125" lon="108.9366536401212215423583984375">
        <ele>406.600006103515625</ele>
        <time>2026-03-17T13:16:22.000Z</time>
        <extensions>
          <ns3:TrackPointExtension>
            <ns3:hr>142</ns3:hr>
            <ns3:cad>98</ns3:cad>
          </ns3:TrackPointExtension>
        </extensions>
      </trkpt>
      <trkpt lat="34.2343501187860965728759765625" lon="108.9366502873599529266357421875">
        <ele>406.600006103515625</ele>
        <time>2026-03-17T13:16:23.000Z</time>
        <extensions>
          <ns3:TrackPointExtension>
            <ns3:hr>142</ns3:hr>
            <ns3:cad>98</ns3:cad>
          </ns3:TrackPointExtension>
        </extensions>
      </trkpt>
      <trkpt lat="34.2343256436288356781005859375" lon="108.936640731990337371826171875">
        <ele>406.600006103515625</ele>
        <time>2026-03-17T13:16:24.000Z</time>
        <extensions>
          <ns3:TrackPointExtension>
            <ns3:hr>142</ns3:hr>
            <ns3:cad>97</ns3:cad>
          </ns3:TrackPointExtension>
        </extensions>
      </trkpt>
      <trkpt lat="34.2343031801283359527587890625" lon="108.9366348646581172943115234375">
        <ele>406.600006103515625</ele>
        <time>2026-03-17T13:16:25.000Z</time>
        <extensions>
          <ns3:TrackPointExtension>
            <ns3:hr>142</ns3:hr>
            <ns3:cad>97</ns3:cad>
          </ns3:TrackPointExtension>
        </extensions>
      </trkpt>
      <trkpt lat="34.23427828587591648101806640625" lon="108.93663058988749980926513671875">
        <ele>406.600006103515625</ele>
        <time>2026-03-17T13:16:26.000Z</time>
        <extensions>
          <ns3:TrackPointExtension>
            <ns3:hr>142</ns3:hr>
            <ns3:cad>98</ns3:cad>
          </ns3:TrackPointExtension>
        </extensions>
      </trkpt>
      <trkpt lat="34.2342502065002918243408203125" lon="108.93663595430552959442138671875">
        <ele>406.600006103515625</ele>
        <time>2026-03-17T13:16:27.000Z</time>
        <extensions>
          <ns3:TrackPointExtension>
            <ns3:hr>142</ns3:hr>
            <ns3:cad>98</ns3:cad>
          </ns3:TrackPointExtension>
        </extensions>
      </trkpt>
      <trkpt lat="34.23422112129628658294677734375" lon="108.93664064817130565643310546875">
        <ele>406.600006103515625</ele>
        <time>2026-03-17T13:16:28.000Z</time>
        <extensions>
          <ns3:TrackPointExtension>
            <ns3:hr>142</ns3:hr>
            <ns3:cad>97</ns3:cad>
          </ns3:TrackPointExtension>
        </extensions>
      </trkpt>
      <trkpt lat="34.23419614322483539581298828125" lon="108.936645425856113433837890625">
        <ele>406.600006103515625</ele>
        <time>2026-03-17T13:16:29.000Z</time>
        <extensions>
          <ns3:TrackPointExtension>
            <ns3:hr>142</ns3:hr>
            <ns3:cad>97</ns3:cad>
          </ns3:TrackPointExtension>
        </extensions>
      </trkpt>
      <trkpt lat="34.2341694049537181854248046875" lon="108.93664550967514514923095703125">
        <ele>406.600006103515625</ele>
        <time>2026-03-17T13:16:30.000Z</time>
        <extensions>
          <ns3:TrackPointExtension>
            <ns3:hr>142</ns3:hr>
            <ns3:cad>99</ns3:cad>
          </ns3:TrackPointExtension>
        </extensions>
      </trkpt>
      <trkpt lat="34.23414501361548900604248046875" lon="108.93665288574993610382080078125">
        <ele>406.79998779296875</ele>
        <time>2026-03-17T13:16:31.000Z</time>
        <extensions>
          <ns3:TrackPointExtension>
            <ns3:hr>142</ns3:hr>
            <ns3:cad>99</ns3:cad>
          </ns3:TrackPointExtension>
        </extensions>
      </trkpt>
      <trkpt lat="34.2341172695159912109375" lon="108.9366553165018558502197265625">
        <ele>406.79998779296875</ele>
        <time>2026-03-17T13:16:32.000Z</time>
        <extensions>
          <ns3:TrackPointExtension>
            <ns3:hr>141</ns3:hr>
            <ns3:cad>99</ns3:cad>
          </ns3:TrackPointExtension>
        </extensions>
      </trkpt>
      <trkpt lat="34.23409044742584228515625" lon="108.93665355630218982696533203125">
        <ele>406.600006103515625</ele>
        <time>2026-03-17T13:16:33.000Z</time>
        <extensions>
          <ns3:TrackPointExtension>
            <ns3:hr>141</ns3:hr>
            <ns3:cad>97</ns3:cad>
          </ns3:TrackPointExtension>
        </extensions>
      </trkpt>
      <trkpt lat="34.23406706191599369049072265625" lon="108.9366519637405872344970703125">
        <ele>406.79998779296875</ele>
        <time>2026-03-17T13:16:34.000Z</time>
        <extensions>
          <ns3:TrackPointExtension>
            <ns3:hr>141</ns3:hr>
            <ns3:cad>97</ns3:cad>
          </ns3:TrackPointExtension>
        </extensions>
      </trkpt>
      <trkpt lat="34.23403420485556125640869140625" lon="108.93666076473891735076904296875">
        <ele>406.600006103515625</ele>
        <time>2026-03-17T13:16:35.000Z</time>
        <extensions>
          <ns3:TrackPointExtension>
            <ns3:hr>142</ns3:hr>
            <ns3:cad>98</ns3:cad>
          </ns3:TrackPointExtension>
        </extensions>
      </trkpt>
      <trkpt lat="34.2340114898979663848876953125" lon="108.9366586692631244659423828125">
        <ele>406.600006103515625</ele>
        <time>2026-03-17T13:16:36.000Z</time>
        <extensions>
          <ns3:TrackPointExtension>
            <ns3:hr>141</ns3:hr>
            <ns3:cad>98</ns3:cad>
          </ns3:TrackPointExtension>
        </extensions>
      </trkpt>
      <trkpt lat="34.23398257233202457427978515625" lon="108.93666411750018596649169921875">
        <ele>406.600006103515625</ele>
        <time>2026-03-17T13:16:37.000Z</time>
        <extensions>
          <ns3:TrackPointExtension>
            <ns3:hr>141</ns3:hr>
            <ns3:cad>98</ns3:cad>
          </ns3:TrackPointExtension>
        </extensions>
      </trkpt>
      <trkpt lat="34.23395709134638309478759765625" lon="108.93666453659534454345703125">
        <ele>406.600006103515625</ele>
        <time>2026-03-17T13:16:38.000Z</time>
        <extensions>
          <ns3:TrackPointExtension>
            <ns3:hr>141</ns3:hr>
            <ns3:cad>98</ns3:cad>
          </ns3:TrackPointExtension>
        </extensions>
      </trkpt>
      <trkpt lat="34.2339283414185047149658203125" lon="108.936669565737247467041015625">
        <ele>406.79998779296875</ele>
        <time>2026-03-17T13:16:39.000Z</time>
        <extensions>
          <ns3:TrackPointExtension>
            <ns3:hr>142</ns3:hr>
            <ns3:cad>98</ns3:cad>
          </ns3:TrackPointExtension>
        </extensions>
      </trkpt>
      <trkpt lat="34.2338985018432140350341796875" lon="108.9366781152784824371337890625">
        <ele>406.79998779296875</ele>
        <time>2026-03-17T13:16:40.000Z</time>
        <extensions>
          <ns3:TrackPointExtension>
            <ns3:hr>141</ns3:hr>
            <ns3:cad>99</ns3:cad>
          </ns3:TrackPointExtension>
        </extensions>
      </trkpt>
      <trkpt lat="34.233872182667255401611328125" lon="108.93668733537197113037109375">
        <ele>406.79998779296875</ele>
        <time>2026-03-17T13:16:41.000Z</time>
        <extensions>
          <ns3:TrackPointExtension>
            <ns3:hr>141</ns3:hr>
            <ns3:cad>99</ns3:cad>
          </ns3:TrackPointExtension>
        </extensions>
      </trkpt>
      <trkpt lat="34.23384192399680614471435546875" lon="108.9367081224918365478515625">
        <ele>406.79998779296875</ele>
        <time>2026-03-17T13:16:42.000Z</time>
        <extensions>
          <ns3:TrackPointExtension>
            <ns3:hr>141</ns3:hr>
            <ns3:cad>99</ns3:cad>
          </ns3:TrackPointExtension>
        </extensions>
      </trkpt>
      <trkpt lat="34.2338182032108306884765625" lon="108.936717845499515533447265625">
        <ele>406.79998779296875</ele>
        <time>2026-03-17T13:16:43.000Z</time>
        <extensions>
          <ns3:TrackPointExtension>
            <ns3:hr>141</ns3:hr>
            <ns3:cad>99</ns3:cad>
          </ns3:TrackPointExtension>
        </extensions>
      </trkpt>
      <trkpt lat="34.23379666171967983245849609375" lon="108.93672698177397251129150390625">
        <ele>406.79998779296875</ele>
        <time>2026-03-17T13:16:44.000Z</time>
        <extensions>
          <ns3:TrackPointExtension>
            <ns3:hr>141</ns3:hr>
            <ns3:cad>97</ns3:cad>
          </ns3:TrackPointExtension>
        </extensions>
      </trkpt>
      <trkpt lat="34.23377922736108303070068359375" lon="108.93672865815460681915283203125">
        <ele>406.79998779296875</ele>
        <time>2026-03-17T13:16:45.000Z</time>
        <extensions>
          <ns3:TrackPointExtension>
            <ns3:hr>142</ns3:hr>
            <ns3:cad>97</ns3:cad>
          </ns3:TrackPointExtension>
        </extensions>
      </trkpt>
      <trkpt lat="34.233759529888629913330078125" lon="108.93673704005777835845947265625">
        <ele>406.79998779296875</ele>
        <time>2026-03-17T13:16:46.000Z</time>
        <extensions>
          <ns3:TrackPointExtension>
            <ns3:hr>142</ns3:hr>
            <ns3:cad>97</ns3:cad>
          </ns3:TrackPointExtension>
        </extensions>
      </trkpt>
      <trkpt lat="34.23373765312135219573974609375" lon="108.93675078637897968292236328125">
        <ele>406.79998779296875</ele>
        <time>2026-03-17T13:16:47.000Z</time>
        <extensions>
          <ns3:TrackPointExtension>
            <ns3:hr>142</ns3:hr>
            <ns3:cad>97</ns3:cad>
          </ns3:TrackPointExtension>
        </extensions>
      </trkpt>
      <trkpt lat="34.23371250741183757781982421875" lon="108.9367646165192127227783203125">
        <ele>406.79998779296875</ele>
        <time>2026-03-17T13:16:48.000Z</time>
        <extensions>
          <ns3:TrackPointExtension>
            <ns3:hr>142</ns3:hr>
            <ns3:cad>97</ns3:cad>
          </ns3:TrackPointExtension>
        </extensions>
      </trkpt>
      <trkpt lat="34.23368719406425952911376953125" lon="108.93677006475627422332763671875">
        <ele>406.79998779296875</ele>
        <time>2026-03-17T13:16:49.000Z</time>
        <extensions>
          <ns3:TrackPointExtension>
            <ns3:hr>141</ns3:hr>
            <ns3:cad>97</ns3:cad>
          </ns3:TrackPointExtension>
        </extensions>
      </trkpt>
      <trkpt lat="34.233656935393810272216796875" lon="108.936778865754604339599609375">
        <ele>406.79998779296875</ele>
        <time>2026-03-17T13:16:50.000Z</time>
        <extensions>
          <ns3:TrackPointExtension>
            <ns3:hr>142</ns3:hr>
            <ns3:cad>97</ns3:cad>
          </ns3:TrackPointExtension>
        </extensions>
      </trkpt>
      <trkpt lat="34.2336188815534114837646484375" lon="108.93679453991353511810302734375">
        <ele>406.79998779296875</ele>
        <time>2026-03-17T13:16:51.000Z</time>
        <extensions>
          <ns3:TrackPointExtension>
            <ns3:hr>142</ns3:hr>
            <ns3:cad>97</ns3:cad>
          </ns3:TrackPointExtension>
        </extensions>
      </trkpt>
      <trkpt lat="34.23358258791267871856689453125" lon="108.93681432120501995086669921875">
        <ele>406.79998779296875</ele>
        <time>2026-03-17T13:16:52.000Z</time>
        <extensions>
          <ns3:TrackPointExtension>
            <ns3:hr>141</ns3:hr>
            <ns3:cad>97</ns3:cad>
          </ns3:TrackPointExtension>
        </extensions>
      </trkpt>
      <trkpt lat="34.233548305928707122802734375" lon="108.936833180487155914306640625">
        <ele>406.79998779296875</ele>
        <time>2026-03-17T13:16:53.000Z</time>
        <extensions>
          <ns3:TrackPointExtension>
            <ns3:hr>142</ns3:hr>
            <ns3:cad>99</ns3:cad>
          </ns3:TrackPointExtension>
        </extensions>
      </trkpt>
      <trkpt lat="34.23351578414440155029296875" lon="108.93684701062738895416259765625">
        <ele>406.79998779296875</ele>
        <time>2026-03-17T13:16:54.000Z</time>
        <extensions>
          <ns3:TrackPointExtension>
            <ns3:hr>142</ns3:hr>
            <ns3:cad>99</ns3:cad>
          </ns3:TrackPointExtension>
        </extensions>
      </trkpt>
      <trkpt lat="34.2334802448749542236328125" lon="108.9368732459843158721923828125">
        <ele>406.79998779296875</ele>
        <time>2026-03-17T13:16:55.000Z</time>
        <extensions>
          <ns3:TrackPointExtension>
            <ns3:hr>141</ns3:hr>
            <ns3:cad>99</ns3:cad>
          </ns3:TrackPointExtension>
        </extensions>
      </trkpt>
      <trkpt lat="34.23344227485358715057373046875" lon="108.93690668977797031402587890625">
        <ele>406.79998779296875</ele>
        <time>2026-03-17T13:16:56.000Z</time>
        <extensions>
          <ns3:TrackPointExtension>
            <ns3:hr>142</ns3:hr>
            <ns3:cad>99</ns3:cad>
          </ns3:TrackPointExtension>
        </extensions>
      </trkpt>
      <trkpt lat="34.23340908251702785491943359375" lon="108.9369262196123600006103515625">
        <ele>406.79998779296875</ele>
        <time>2026-03-17T13:16:57.000Z</time>
        <extensions>
          <ns3:TrackPointExtension>
            <ns3:hr>142</ns3:hr>
            <ns3:cad>97</ns3:cad>
          </ns3:TrackPointExtension>
        </extensions>
      </trkpt>
      <trkpt lat="34.23337823711335659027099609375" lon="108.9369428157806396484375">
        <ele>406.79998779296875</ele>
        <time>2026-03-17T13:16:58.000Z</time>
        <extensions>
          <ns3:TrackPointExtension>
            <ns3:hr>142</ns3:hr>
            <ns3:cad>97</ns3:cad>
          </ns3:TrackPointExtension>
        </extensions>
      </trkpt>
      <trkpt lat="34.233349151909351348876953125" lon="108.936965279281139373779296875">
        <ele>406.79998779296875</ele>
        <time>2026-03-17T13:16:59.000Z</time>
        <extensions>
          <ns3:TrackPointExtension>
            <ns3:hr>142</ns3:hr>
            <ns3:cad>97</ns3:cad>
          </ns3:TrackPointExtension>
        </extensions>
      </trkpt>
      <trkpt lat="34.2333275265991687774658203125" lon="108.9369956217706203460693359375">
        <ele>406.79998779296875</ele>
        <time>2026-03-17T13:17:00.000Z</time>
        <extensions>
          <ns3:TrackPointExtension>
            <ns3:hr>142</ns3:hr>
            <ns3:cad>98</ns3:cad>
          </ns3:TrackPointExtension>
        </extensions>
      </trkpt>
      <trkpt lat="34.23330112360417842864990234375" lon="108.9370321668684482574462890625">
        <ele>406.79998779296875</ele>
        <time>2026-03-17T13:17:01.000Z</time>
        <extensions>
          <ns3:TrackPointExtension>
            <ns3:hr>142</ns3:hr>
            <ns3:cad>97</ns3:cad>
          </ns3:TrackPointExtension>
        </extensions>
      </trkpt>
      <trkpt lat="34.23327296040952205657958984375" lon="108.93706594593822956085205078125">
        <ele>406.79998779296875</ele>
        <time>2026-03-17T13:17:02.000Z</time>
        <extensions>
          <ns3:TrackPointExtension>
            <ns3:hr>142</ns3:hr>
            <ns3:cad>98</ns3:cad>
          </ns3:TrackPointExtension>
        </extensions>
      </trkpt>
      <trkpt lat="34.23325368203222751617431640625" lon="108.93708975054323673248291015625">
        <ele>406.79998779296875</ele>
        <time>2026-03-17T13:17:03.000Z</time>
        <extensions>
          <ns3:TrackPointExtension>
            <ns3:hr>142</ns3:hr>
            <ns3:cad>98</ns3:cad>
          </ns3:TrackPointExtension>
        </extensions>
      </trkpt>
      <trkpt lat="34.23322250135242938995361328125" lon="108.93711506389081478118896484375">
        <ele>407</ele>
        <time>2026-03-17T13:17:04.000Z</time>
        <extensions>
          <ns3:TrackPointExtension>
            <ns3:hr>142</ns3:hr>
            <ns3:cad>98</ns3:cad>
          </ns3:TrackPointExtension>
        </extensions>
      </trkpt>
      <trkpt lat="34.23320188187062740325927734375" lon="108.93713870085775852203369140625">
        <ele>407</ele>
        <time>2026-03-17T13:17:05.000Z</time>
        <extensions>
          <ns3:TrackPointExtension>
            <ns3:hr>142</ns3:hr>
            <ns3:cad>98</ns3:cad>
          </ns3:TrackPointExtension>
        </extensions>
      </trkpt>
      <trkpt lat="34.233180843293666839599609375" lon="108.93717155791819095611572265625">
        <ele>407</ele>
        <time>2026-03-17T13:17:06.000Z</time>
        <extensions>
          <ns3:TrackPointExtension>
            <ns3:hr>142</ns3:hr>
            <ns3:cad>98</ns3:cad>
          </ns3:TrackPointExtension>
        </extensions>
      </trkpt>
      <trkpt lat="34.23316483385860919952392578125" lon="108.937229476869106292724609375">
        <ele>407</ele>
        <time>2026-03-17T13:17:07.000Z</time>
        <extensions>
          <ns3:TrackPointExtension>
            <ns3:hr>142</ns3:hr>
            <ns3:cad>97</ns3:cad>
          </ns3:TrackPointExtension>
        </extensions>
      </trkpt>
      <trkpt lat="34.23314823769032955169677734375" lon="108.93726241774857044219970703125">
        <ele>406.79998779296875</ele>
        <time>2026-03-17T13:17:08.000Z</time>
        <extensions>
          <ns3:TrackPointExtension>
            <ns3:hr>142</ns3:hr>
            <ns3:cad>97</ns3:cad>
          </ns3:TrackPointExtension>
        </extensions>
      </trkpt>
      <trkpt lat="34.23313164152204990386962890625" lon="108.93730147741734981536865234375">
        <ele>406.79998779296875</ele>
        <time>2026-03-17T13:17:09.000Z</time>
        <extensions>
          <ns3:TrackPointExtension>
            <ns3:hr>142</ns3:hr>
            <ns3:cad>97</ns3:cad>
          </ns3:TrackPointExtension>
        </extensions>
      </trkpt>
      <trkpt lat="34.23311739228665828704833984375" lon="108.9373372681438922882080078125">
        <ele>407</ele>
        <time>2026-03-17T13:17:10.000Z</time>
        <extensions>
          <ns3:TrackPointExtension>
            <ns3:hr>142</ns3:hr>
            <ns3:cad>97</ns3:cad>
          </ns3:TrackPointExtension>
        </extensions>
      </trkpt>
      <trkpt lat="34.23310766927897930145263671875" lon="108.93736417405307292938232421875">
        <ele>407</ele>
        <time>2026-03-17T13:17:11.000Z</time>
        <extensions>
          <ns3:TrackPointExtension>
            <ns3:hr>142</ns3:hr>
            <ns3:cad>97</ns3:cad>
          </ns3:TrackPointExtension>
        </extensions>
      </trkpt>
      <trkpt lat="34.2330894805490970611572265625" lon="108.93739166669547557830810546875">
        <ele>407</ele>
        <time>2026-03-17T13:17:12.000Z</time>
        <extensions>
          <ns3:TrackPointExtension>
            <ns3:hr>143</ns3:hr>
            <ns3:cad>97</ns3:cad>
          </ns3:TrackPointExtension>
        </extensions>
      </trkpt>
      <trkpt lat="34.233069531619548797607421875" lon="108.93741681240499019622802734375">
        <ele>407</ele>
        <time>2026-03-17T13:17:13.000Z</time>
        <extensions>
          <ns3:TrackPointExtension>
            <ns3:hr>143</ns3:hr>
            <ns3:cad>98</ns3:cad>
          </ns3:TrackPointExtension>
        </extensions>
      </trkpt>
      <trkpt lat="34.23305519856512546539306640625" lon="108.93745134584605693817138671875">
        <ele>407</ele>
        <time>2026-03-17T13:17:14.000Z</time>
        <extensions>
          <ns3:TrackPointExtension>
            <ns3:hr>143</ns3:hr>
            <ns3:cad>98</ns3:cad>
          </ns3:TrackPointExtension>
        </extensions>
      </trkpt>
      <trkpt lat="34.23303843475878238677978515625" lon="108.93747498281300067901611328125">
        <ele>407</ele>
        <time>2026-03-17T13:17:15.000Z</time>
        <extensions>
          <ns3:TrackPointExtension>
            <ns3:hr>143</ns3:hr>
            <ns3:cad>98</ns3:cad>
          </ns3:TrackPointExtension>
        </extensions>
      </trkpt>
      <trkpt lat="34.23302921466529369354248046875" lon="108.93750733695924282073974609375">
        <ele>407</ele>
        <time>2026-03-17T13:17:16.000Z</time>
        <extensions>
          <ns3:TrackPointExtension>
            <ns3:hr>143</ns3:hr>
            <ns3:cad>99</ns3:cad>
          </ns3:TrackPointExtension>
        </extensions>
      </trkpt>
      <trkpt lat="34.2330184020102024078369140625" lon="108.937540613114833831787109375">
        <ele>407</ele>
        <time>2026-03-17T13:17:17.000Z</time>
        <extensions>
          <ns3:TrackPointExtension>
            <ns3:hr>143</ns3:hr>
            <ns3:cad>99</ns3:cad>
          </ns3:TrackPointExtension>
        </extensions>
      </trkpt>
      <trkpt lat="34.2330081760883331298828125" lon="108.93757288344204425811767578125">
        <ele>407</ele>
        <time>2026-03-17T13:17:18.000Z</time>
        <extensions>
          <ns3:TrackPointExtension>
            <ns3:hr>143</ns3:hr>
            <ns3:cad>99</ns3:cad>
          </ns3:TrackPointExtension>
        </extensions>
      </trkpt>
      <trkpt lat="34.23300490714609622955322265625" lon="108.937611021101474761962890625">
        <ele>407</ele>
        <time>2026-03-17T13:17:19.000Z</time>
        <extensions>
          <ns3:TrackPointExtension>
            <ns3:hr>143</ns3:hr>
            <ns3:cad>99</ns3:cad>
          </ns3:TrackPointExtension>
        </extensions>
      </trkpt>
      <trkpt lat="34.23299753107130527496337890625" lon="108.937646560370922088623046875">
        <ele>407</ele>
        <time>2026-03-17T13:17:20.000Z</time>
        <extensions>
          <ns3:TrackPointExtension>
            <ns3:hr>143</ns3:hr>
            <ns3:cad>98</ns3:cad>
          </ns3:TrackPointExtension>
        </extensions>
      </trkpt>
      <trkpt lat="34.23298311419785022735595703125" lon="108.937681429088115692138671875">
        <ele>407</ele>
        <time>2026-03-17T13:17:21.000Z</time>
        <extensions>
          <ns3:TrackPointExtension>
            <ns3:hr>144</ns3:hr>
            <ns3:cad>98</ns3:cad>
          </ns3:TrackPointExtension>
        </extensions>
      </trkpt>
      <trkpt lat="34.2329761572182178497314453125" lon="108.93771269358694553375244140625">
        <ele>407</ele>
        <time>2026-03-17T13:17:22.000Z</time>
        <extensions>
          <ns3:TrackPointExtension>
            <ns3:hr>144</ns3:hr>
            <ns3:cad>96</ns3:cad>
          </ns3:TrackPointExtension>
        </extensions>
      </trkpt>
      <trkpt lat="34.23296861350536346435546875" lon="108.9377419464290142059326171875">
        <ele>407</ele>
        <time>2026-03-17T13:17:23.000Z</time>
        <extensions>
          <ns3:TrackPointExtension>
            <ns3:hr>144</ns3:hr>
            <ns3:cad>96</ns3:cad>
          </ns3:TrackPointExtension>
        </extensions>
      </trkpt>
      <trkpt lat="34.232956208288669586181640625" lon="108.937770612537860870361328125">
        <ele>407</ele>
        <time>2026-03-17T13:17:24.000Z</time>
        <extensions>
          <ns3:TrackPointExtension>
            <ns3:hr>144</ns3:hr>
            <ns3:cad>96</ns3:cad>
          </ns3:TrackPointExtension>
        </extensions>
      </trkpt>
      <trkpt lat="34.2329610697925090789794921875" lon="108.9378002844750881195068359375">
        <ele>407</ele>
        <time>2026-03-17T13:17:25.000Z</time>
        <extensions>
          <ns3:TrackPointExtension>
            <ns3:hr>143</ns3:hr>
            <ns3:cad>97</ns3:cad>
          </ns3:TrackPointExtension>
        </extensions>
      </trkpt>
      <trkpt lat="34.23295252025127410888671875" lon="108.93782719038426876068115234375">
        <ele>407</ele>
        <time>2026-03-17T13:17:26.000Z</time>
        <extensions>
          <ns3:TrackPointExtension>
            <ns3:hr>144</ns3:hr>
            <ns3:cad>97</ns3:cad>
          </ns3:TrackPointExtension>
        </extensions>
      </trkpt>
      <trkpt lat="34.23295226879417896270751953125" lon="108.93785619176924228668212890625">
        <ele>407</ele>
        <time>2026-03-17T13:17:27.000Z</time>
        <extensions>
          <ns3:TrackPointExtension>
            <ns3:hr>144</ns3:hr>
            <ns3:cad>97</ns3:cad>
          </ns3:TrackPointExtension>
        </extensions>
      </trkpt>
      <trkpt lat="34.23296014778316020965576171875" lon="108.93788519315421581268310546875">
        <ele>407</ele>
        <time>2026-03-17T13:17:28.000Z</time>
        <extensions>
          <ns3:TrackPointExtension>
            <ns3:hr>144</ns3:hr>
            <ns3:cad>97</ns3:cad>
          </ns3:TrackPointExtension>
        </extensions>
      </trkpt>
      <trkpt lat="34.23296115361154079437255859375" lon="108.93791335634887218475341796875">
        <ele>407</ele>
        <time>2026-03-17T13:17:29.000Z</time>
        <extensions>
          <ns3:TrackPointExtension>
            <ns3:hr>144</ns3:hr>
            <ns3:cad>97</ns3:cad>
          </ns3:TrackPointExtension>
        </extensions>
      </trkpt>
      <trkpt lat="34.23299250192940235137939453125" lon="108.937942944467067718505859375">
        <ele>407</ele>
        <time>2026-03-17T13:17:30.000Z</time>
        <extensions>
          <ns3:TrackPointExtension>
            <ns3:hr>144</ns3:hr>
            <ns3:cad>97</ns3:cad>
          </ns3:TrackPointExtension>
        </extensions>
      </trkpt>
      <trkpt lat="34.2330053262412548065185546875" lon="108.93797387368977069854736328125">
        <ele>407</ele>
        <time>2026-03-17T13:17:31.000Z</time>
        <extensions>
          <ns3:TrackPointExtension>
            <ns3:hr>144</ns3:hr>
            <ns3:cad>96</ns3:cad>
          </ns3:TrackPointExtension>
        </extensions>
      </trkpt>
      <trkpt lat="34.2330160550773143768310546875" lon="108.93800505436956882476806640625">
        <ele>407</ele>
        <time>2026-03-17T13:17:32.000Z</time>
        <extensions>
          <ns3:TrackPointExtension>
            <ns3:hr>144</ns3:hr>
            <ns3:cad>96</ns3:cad>
          </ns3:TrackPointExtension>
        </extensions>
      </trkpt>
      <trkpt lat="34.2330267839133739471435546875" lon="108.93802952952682971954345703125">
        <ele>407</ele>
        <time>2026-03-17T13:17:33.000Z</time>
        <extensions>
          <ns3:TrackPointExtension>
            <ns3:hr>144</ns3:hr>
            <ns3:cad>96</ns3:cad>
          </ns3:TrackPointExtension>
        </extensions>
      </trkpt>
      <trkpt lat="34.2330274544656276702880859375" lon="108.93804696388542652130126953125">
        <ele>407</ele>
        <time>2026-03-17T13:17:34.000Z</time>
        <extensions>
          <ns3:TrackPointExtension>
            <ns3:hr>143</ns3:hr>
            <ns3:cad>97</ns3:cad>
          </ns3:TrackPointExtension>
        </extensions>
      </trkpt>
      <trkpt lat="34.23302586190402507781982421875" lon="108.93806238658726215362548828125">
        <ele>407</ele>
        <time>2026-03-17T13:17:35.000Z</time>
        <extensions>
          <ns3:TrackPointExtension>
            <ns3:hr>144</ns3:hr>
            <ns3:cad>97</ns3:cad>
          </ns3:TrackPointExtension>
        </extensions>
      </trkpt>
      <trkpt lat="34.233015887439250946044921875" lon="108.93806272186338901519775390625">
        <ele>407</ele>
        <time>2026-03-17T13:17:36.000Z</time>
        <extensions>
          <ns3:TrackPointExtension>
            <ns3:hr>144</ns3:hr>
            <ns3:cad>97</ns3:cad>
          </ns3:TrackPointExtension>
        </extensions>
      </trkpt>
      <trkpt lat="34.23300926573574542999267578125" lon="108.93806439824402332305908203125">
        <ele>407</ele>
        <time>2026-03-17T13:17:37.000Z</time>
        <extensions>
          <ns3:TrackPointExtension>
            <ns3:hr>144</ns3:hr>
            <ns3:cad>97</ns3:cad>
          </ns3:TrackPointExtension>
        </extensions>
      </trkpt>
      <trkpt lat="34.232997111976146697998046875" lon="108.93806942738592624664306640625">
        <ele>407</ele>
        <time>2026-03-17T13:17:38.000Z</time>
        <extensions>
          <ns3:TrackPointExtension>
            <ns3:hr>144</ns3:hr>
            <ns3:cad>97</ns3:cad>
          </ns3:TrackPointExtension>
        </extensions>
      </trkpt>
      <trkpt lat="34.23298194073140621185302734375" lon="108.938066326081752777099609375">
        <ele>407</ele>
        <time>2026-03-17T13:17:39.000Z</time>
        <extensions>
          <ns3:TrackPointExtension>
            <ns3:hr>144</ns3:hr>
            <ns3:cad>98</ns3:cad>
          </ns3:TrackPointExtension>
        </extensions>
      </trkpt>
      <trkpt lat="34.23296249471604824066162109375" lon="108.93806473352015018463134765625">
        <ele>407</ele>
        <time>2026-03-17T13:17:40.000Z</time>
        <extensions>
          <ns3:TrackPointExtension>
            <ns3:hr>144</ns3:hr>
            <ns3:cad>98</ns3:cad>
          </ns3:TrackPointExtension>
        </extensions>
      </trkpt>
      <trkpt lat="34.23294941894710063934326171875" lon="108.9380544237792491912841796875">
        <ele>407</ele>
        <time>2026-03-17T13:17:41.000Z</time>
        <extensions>
          <ns3:TrackPointExtension>
            <ns3:hr>144</ns3:hr>
            <ns3:cad>98</ns3:cad>
          </ns3:TrackPointExtension>
        </extensions>
      </trkpt>
      <trkpt lat="34.23295193351805210113525390625" lon="108.93805081956088542938232421875">
        <ele>407</ele>
        <time>2026-03-17T13:17:42.000Z</time>
        <extensions>
          <ns3:TrackPointExtension>
            <ns3:hr>144</ns3:hr>
            <ns3:cad>98</ns3:cad>
          </ns3:TrackPointExtension>
        </extensions>
      </trkpt>
      <trkpt lat="34.2329550348222255706787109375" lon="108.9380594529211521148681640625">
        <ele>407</ele>
        <time>2026-03-17T13:17:43.000Z</time>
        <extensions>
          <ns3:TrackPointExtension>
            <ns3:hr>144</ns3:hr>
            <ns3:cad>98</ns3:cad>
          </ns3:TrackPointExtension>
        </extensions>
      </trkpt>
      <trkpt lat="34.2329840362071990966796875" lon="108.938066661357879638671875">
        <ele>407</ele>
        <time>2026-03-17T13:17:44.000Z</time>
        <extensions>
          <ns3:TrackPointExtension>
            <ns3:hr>144</ns3:hr>
            <ns3:cad>98</ns3:cad>
          </ns3:TrackPointExtension>
        </extensions>
      </trkpt>
      <trkpt lat="34.23299945890903472900390625" lon="108.93807630054652690887451171875">
        <ele>407</ele>
        <time>2026-03-17T13:17:45.000Z</time>
        <extensions>
          <ns3:TrackPointExtension>
            <ns3:hr>143</ns3:hr>
            <ns3:cad>98</ns3:cad>
          </ns3:TrackPointExtension>
        </extensions>
      </trkpt>
      <trkpt lat="34.2330241017043590545654296875" lon="108.93808937631547451019287109375">
        <ele>407</ele>
        <time>2026-03-17T13:17:46.000Z</time>
        <extensions>
          <ns3:TrackPointExtension>
            <ns3:hr>143</ns3:hr>
            <ns3:cad>98</ns3:cad>
          </ns3:TrackPointExtension>
        </extensions>
      </trkpt>
      <trkpt lat="34.23303608782589435577392578125" lon="108.93809708766639232635498046875">
        <ele>407</ele>
        <time>2026-03-17T13:17:47.000Z</time>
        <extensions>
          <ns3:TrackPointExtension>
            <ns3:hr>143</ns3:hr>
            <ns3:cad>98</ns3:cad>
          </ns3:TrackPointExtension>
        </extensions>
      </trkpt>
      <trkpt lat="34.233051426708698272705078125" lon="108.9381047151982784271240234375">
        <ele>407</ele>
        <time>2026-03-17T13:17:48.000Z</time>
        <extensions>
          <ns3:TrackPointExtension>
            <ns3:hr>143</ns3:hr>
            <ns3:cad>98</ns3:cad>
          </ns3:TrackPointExtension>
        </extensions>
      </trkpt>
      <trkpt lat="34.23309392295777797698974609375" lon="108.9381130971014499664306640625">
        <ele>407.20001220703125</ele>
        <time>2026-03-17T13:17:49.000Z</time>
        <extensions>
          <ns3:TrackPointExtension>
            <ns3:hr>143</ns3:hr>
            <ns3:cad>98</ns3:cad>
          </ns3:TrackPointExtension>
        </extensions>
      </trkpt>
      <trkpt lat="34.23314052633941173553466796875" lon="108.938148133456707000732421875">
        <ele>407.20001220703125</ele>
        <time>2026-03-17T13:17:50.000Z</time>
        <extensions>
          <ns3:TrackPointExtension>
            <ns3:hr>143</ns3:hr>
            <ns3:cad>98</ns3:cad>
          </ns3:TrackPointExtension>
        </extensions>
      </trkpt>
      <trkpt lat="34.233186878263950347900390625" lon="108.93816716037690639495849609375">
        <ele>407.20001220703125</ele>
        <time>2026-03-17T13:17:51.000Z</time>
        <extensions>
          <ns3:TrackPointExtension>
            <ns3:hr>144</ns3:hr>
            <ns3:cad>98</ns3:cad>
          </ns3:TrackPointExtension>
        </extensions>
      </trkpt>
      <trkpt lat="34.23323591239750385284423828125" lon="108.9381887018680572509765625">
        <ele>407.20001220703125</ele>
        <time>2026-03-17T13:17:52.000Z</time>
        <extensions>
          <ns3:TrackPointExtension>
            <ns3:hr>144</ns3:hr>
            <ns3:cad>98</ns3:cad>
          </ns3:TrackPointExtension>
        </extensions>
      </trkpt>
      <trkpt lat="34.23328251577913761138916015625" lon="108.9382203854620456695556640625">
        <ele>407.20001220703125</ele>
        <time>2026-03-17T13:17:53.000Z</time>
        <extensions>
          <ns3:TrackPointExtension>
            <ns3:hr>144</ns3:hr>
            <ns3:cad>98</ns3:cad>
          </ns3:TrackPointExtension>
        </extensions>
      </trkpt>
      <trkpt lat="34.23331436701118946075439453125" lon="108.93822767771780490875244140625">
        <ele>407.20001220703125</ele>
        <time>2026-03-17T13:17:54.000Z</time>
        <extensions>
          <ns3:TrackPointExtension>
            <ns3:hr>144</ns3:hr>
            <ns3:cad>98</ns3:cad>
          </ns3:TrackPointExtension>
        </extensions>
      </trkpt>
      <trkpt lat="34.23334202729165554046630859375" lon="108.9382160268723964691162109375">
        <ele>407.20001220703125</ele>
        <time>2026-03-17T13:17:55.000Z</time>
        <extensions>
          <ns3:TrackPointExtension>
            <ns3:hr>144</ns3:hr>
            <ns3:cad>98</ns3:cad>
          </ns3:TrackPointExtension>
        </extensions>
      </trkpt>
      <trkpt lat="34.23336734063923358917236328125" lon="108.93822683952748775482177734375">
        <ele>407.20001220703125</ele>
        <time>2026-03-17T13:17:56.000Z</time>
        <extensions>
          <ns3:TrackPointExtension>
            <ns3:hr>144</ns3:hr>
            <ns3:cad>98</ns3:cad>
          </ns3:TrackPointExtension>
        </extensions>
      </trkpt>
      <trkpt lat="34.23339248634874820709228515625" lon="108.9382371492683887481689453125">
        <ele>407.20001220703125</ele>
        <time>2026-03-17T13:17:57.000Z</time>
        <extensions>
          <ns3:TrackPointExtension>
            <ns3:hr>145</ns3:hr>
            <ns3:cad>98</ns3:cad>
          </ns3:TrackPointExtension>
        </extensions>
      </trkpt>
      <trkpt lat="34.23342400230467319488525390625" lon="108.93825240433216094970703125">
        <ele>407.20001220703125</ele>
        <time>2026-03-17T13:17:58.000Z</time>
        <extensions>
          <ns3:TrackPointExtension>
            <ns3:hr>145</ns3:hr>
            <ns3:cad>98</ns3:cad>
          </ns3:TrackPointExtension>
        </extensions>
      </trkpt>
      <trkpt lat="34.233454763889312744140625" lon="108.93825567327439785003662109375">
        <ele>407.20001220703125</ele>
        <time>2026-03-17T13:17:59.000Z</time>
        <extensions>
          <ns3:TrackPointExtension>
            <ns3:hr>145</ns3:hr>
            <ns3:cad>98</ns3:cad>
          </ns3:TrackPointExtension>
        </extensions>
      </trkpt>
      <trkpt lat="34.2334857769310474395751953125" lon="108.93826992250978946685791015625">
        <ele>407.20001220703125</ele>
        <time>2026-03-17T13:18:00.000Z</time>
        <extensions>
          <ns3:TrackPointExtension>
            <ns3:hr>145</ns3:hr>
            <ns3:cad>98</ns3:cad>
          </ns3:TrackPointExtension>
        </extensions>
      </trkpt>
      <trkpt lat="34.2335231602191925048828125" lon="108.93826254643499851226806640625">
        <ele>407.20001220703125</ele>
        <time>2026-03-17T13:18:01.000Z</time>
        <extensions>
          <ns3:TrackPointExtension>
            <ns3:hr>145</ns3:hr>
            <ns3:cad>98</ns3:cad>
          </ns3:TrackPointExtension>
        </extensions>
      </trkpt>
      <trkpt lat="34.2335628904402256011962890625" lon="108.93826154060661792755126953125">
        <ele>407.20001220703125</ele>
        <time>2026-03-17T13:18:02.000Z</time>
        <extensions>
          <ns3:TrackPointExtension>
            <ns3:hr>145</ns3:hr>
            <ns3:cad>98</ns3:cad>
          </ns3:TrackPointExtension>
        </extensions>
      </trkpt>
      <trkpt lat="34.23360102809965610504150390625" lon="108.9382611215114593505859375">
        <ele>407.20001220703125</ele>
        <time>2026-03-17T13:18:03.000Z</time>
        <extensions>
          <ns3:TrackPointExtension>
            <ns3:hr>147</ns3:hr>
            <ns3:cad>98</ns3:cad>
          </ns3:TrackPointExtension>
        </extensions>
      </trkpt>
      <trkpt lat="34.23363539390265941619873046875" lon="108.93826170824468135833740234375">
        <ele>407.20001220703125</ele>
        <time>2026-03-17T13:18:04.000Z</time>
        <extensions>
          <ns3:TrackPointExtension>
            <ns3:hr>149</ns3:hr>
            <ns3:cad>98</ns3:cad>
          </ns3:TrackPointExtension>
        </extensions>
      </trkpt>
      <trkpt lat="34.2336706817150115966796875" lon="108.9382690005004405975341796875">
        <ele>407.20001220703125</ele>
        <time>2026-03-17T13:18:05.000Z</time>
        <extensions>
          <ns3:TrackPointExtension>
            <ns3:hr>150</ns3:hr>
            <ns3:cad>98</ns3:cad>
          </ns3:TrackPointExtension>
        </extensions>
      </trkpt>
      <trkpt lat="34.23371686600148677825927734375" lon="108.93824511207640171051025390625">
        <ele>407.20001220703125</ele>
        <time>2026-03-17T13:18:06.000Z</time>
        <extensions>
          <ns3:TrackPointExtension>
            <ns3:hr>150</ns3:hr>
            <ns3:cad>99</ns3:cad>
          </ns3:TrackPointExtension>
        </extensions>
      </trkpt>
      <trkpt lat="34.2337509803473949432373046875" lon="108.93824838101863861083984375">
        <ele>407.20001220703125</ele>
        <time>2026-03-17T13:18:07.000Z</time>
        <extensions>
          <ns3:TrackPointExtension>
            <ns3:hr>150</ns3:hr>
            <ns3:cad>99</ns3:cad>
          </ns3:TrackPointExtension>
        </extensions>
      </trkpt>
      <trkpt lat="34.23378576524555683135986328125" lon="108.93825014121830463409423828125">
        <ele>407.20001220703125</ele>
        <time>2026-03-17T13:18:08.000Z</time>
        <extensions>
          <ns3:TrackPointExtension>
            <ns3:hr>151</ns3:hr>
            <ns3:cad>98</ns3:cad>
          </ns3:TrackPointExtension>
        </extensions>
      </trkpt>
      <trkpt lat="34.23381828702986240386962890625" lon="108.9382498897612094879150390625">
        <ele>407.20001220703125</ele>
        <time>2026-03-17T13:18:09.000Z</time>
        <extensions>
          <ns3:TrackPointExtension>
            <ns3:hr>151</ns3:hr>
            <ns3:cad>98</ns3:cad>
          </ns3:TrackPointExtension>
        </extensions>
      </trkpt>
      <trkpt lat="34.233856089413166046142578125" lon="108.93825030885636806488037109375">
        <ele>407.20001220703125</ele>
        <time>2026-03-17T13:18:10.000Z</time>
        <extensions>
          <ns3:TrackPointExtension>
            <ns3:hr>151</ns3:hr>
            <ns3:cad>98</ns3:cad>
          </ns3:TrackPointExtension>
        </extensions>
      </trkpt>
      <trkpt lat="34.233894310891628265380859375" lon="108.93823924474418163299560546875">
        <ele>407.20001220703125</ele>
        <time>2026-03-17T13:18:11.000Z</time>
        <extensions>
          <ns3:TrackPointExtension>
            <ns3:hr>151</ns3:hr>
            <ns3:cad>98</ns3:cad>
          </ns3:TrackPointExtension>
        </extensions>
      </trkpt>
      <trkpt lat="34.23392976634204387664794921875" lon="108.93823589198291301727294921875">
        <ele>407</ele>
        <time>2026-03-17T13:18:12.000Z</time>
        <extensions>
          <ns3:TrackPointExtension>
            <ns3:hr>151</ns3:hr>
            <ns3:cad>98</ns3:cad>
          </ns3:TrackPointExtension>
        </extensions>
      </trkpt>
      <trkpt lat="34.23396161757409572601318359375" lon="108.93824360333383083343505859375">
        <ele>407</ele>
        <time>2026-03-17T13:18:13.000Z</time>
        <extensions>
          <ns3:TrackPointExtension>
            <ns3:hr>151</ns3:hr>
            <ns3:cad>98</ns3:cad>
          </ns3:TrackPointExtension>
        </extensions>
      </trkpt>
      <trkpt lat="34.23399967141449451446533203125" lon="108.93823320977389812469482421875">
        <ele>407.20001220703125</ele>
        <time>2026-03-17T13:18:14.000Z</time>
        <extensions>
          <ns3:TrackPointExtension>
            <ns3:hr>150</ns3:hr>
            <ns3:cad>96</ns3:cad>
          </ns3:TrackPointExtension>
        </extensions>
      </trkpt>
      <trkpt lat="34.23403219319880008697509765625" lon="108.93824242986738681793212890625">
        <ele>407.20001220703125</ele>
        <time>2026-03-17T13:18:15.000Z</time>
        <extensions>
          <ns3:TrackPointExtension>
            <ns3:hr>150</ns3:hr>
            <ns3:cad>96</ns3:cad>
          </ns3:TrackPointExtension>
        </extensions>
      </trkpt>
      <trkpt lat="34.2340651340782642364501953125" lon="108.938242681324481964111328125">
        <ele>407.20001220703125</ele>
        <time>2026-03-17T13:18:16.000Z</time>
        <extensions>
          <ns3:TrackPointExtension>
            <ns3:hr>150</ns3:hr>
            <ns3:cad>96</ns3:cad>
          </ns3:TrackPointExtension>
        </extensions>
      </trkpt>
      <trkpt lat="34.23409606330096721649169921875" lon="108.938249386847019195556640625">
        <ele>407.20001220703125</ele>
        <time>2026-03-17T13:18:17.000Z</time>
        <extensions>
          <ns3:TrackPointExtension>
            <ns3:hr>150</ns3:hr>
            <ns3:cad>97</ns3:cad>
          </ns3:TrackPointExtension>
        </extensions>
      </trkpt>
      <trkpt lat="34.23412464559078216552734375" lon="108.93825382925570011138916015625">
        <ele>407.20001220703125</ele>
        <time>2026-03-17T13:18:18.000Z</time>
        <extensions>
          <ns3:TrackPointExtension>
            <ns3:hr>151</ns3:hr>
            <ns3:cad>97</ns3:cad>
          </ns3:TrackPointExtension>
        </extensions>
      </trkpt>
      <trkpt lat="34.23415523953735828399658203125" lon="108.93825869075953960418701171875">
        <ele>407.20001220703125</ele>
        <time>2026-03-17T13:18:19.000Z</time>
        <extensions>
          <ns3:TrackPointExtension>
            <ns3:hr>150</ns3:hr>
            <ns3:cad>97</ns3:cad>
          </ns3:TrackPointExtension>
        </extensions>
      </trkpt>
      <trkpt lat="34.23419530503451824188232421875" lon="108.938264809548854827880859375">
        <ele>407.20001220703125</ele>
        <time>2026-03-17T13:18:20.000Z</time>
        <extensions>
          <ns3:TrackPointExtension>
            <ns3:hr>150</ns3:hr>
            <ns3:cad>98</ns3:cad>
          </ns3:TrackPointExtension>
        </extensions>
      </trkpt>
      <trkpt lat="34.23422346822917461395263671875" lon="108.93826958723366260528564453125">
        <ele>407.20001220703125</ele>
        <time>2026-03-17T13:18:21.000Z</time>
        <extensions>
          <ns3:TrackPointExtension>
            <ns3:hr>150</ns3:hr>
            <ns3:cad>98</ns3:cad>
          </ns3:TrackPointExtension>
        </extensions>
      </trkpt>
      <trkpt lat="34.23425498418509960174560546875" lon="108.93826891668140888214111328125">
        <ele>407.20001220703125</ele>
        <time>2026-03-17T13:18:22.000Z</time>
        <extensions>
          <ns3:TrackPointExtension>
            <ns3:hr>150</ns3:hr>
            <ns3:cad>98</ns3:cad>
          </ns3:TrackPointExtension>
        </extensions>
      </trkpt>
      <trkpt lat="34.23429287038743495941162109375" lon="108.9382337965071201324462890625">
        <ele>407.20001220703125</ele>
        <time>2026-03-17T13:18:23.000Z</time>
        <extensions>
          <ns3:TrackPointExtension>
            <ns3:hr>149</ns3:hr>
            <ns3:cad>98</ns3:cad>
          </ns3:TrackPointExtension>
        </extensions>
      </trkpt>
      <trkpt lat="34.23433276824653148651123046875" lon="108.93822549842298030853271484375">
        <ele>407.20001220703125</ele>
        <time>2026-03-17T13:18:24.000Z</time>
        <extensions>
          <ns3:TrackPointExtension>
            <ns3:hr>149</ns3:hr>
            <ns3:cad>98</ns3:cad>
          </ns3:TrackPointExtension>
        </extensions>
      </trkpt>
      <trkpt lat="34.2343655414879322052001953125" lon="108.93821560777723789215087890625">
        <ele>407.20001220703125</ele>
        <time>2026-03-17T13:18:25.000Z</time>
        <extensions>
          <ns3:TrackPointExtension>
            <ns3:hr>149</ns3:hr>
            <ns3:cad>98</ns3:cad>
          </ns3:TrackPointExtension>
        </extensions>
      </trkpt>
      <trkpt lat="34.234397225081920623779296875" lon="108.93821124918758869171142578125">
        <ele>407.20001220703125</ele>
        <time>2026-03-17T13:18:26.000Z</time>
        <extensions>
          <ns3:TrackPointExtension>
            <ns3:hr>149</ns3:hr>
            <ns3:cad>99</ns3:cad>
          </ns3:TrackPointExtension>
        </extensions>
      </trkpt>
      <trkpt lat="34.234431423246860504150390625" lon="108.93820219673216342926025390625">
        <ele>407.20001220703125</ele>
        <time>2026-03-17T13:18:27.000Z</time>
        <extensions>
          <ns3:TrackPointExtension>
            <ns3:hr>149</ns3:hr>
            <ns3:cad>99</ns3:cad>
          </ns3:TrackPointExtension>
        </extensions>
      </trkpt>
      <trkpt lat="34.2344684712588787078857421875" lon="108.93818912096321582794189453125">
        <ele>407.20001220703125</ele>
        <time>2026-03-17T13:18:28.000Z</time>
        <extensions>
          <ns3:TrackPointExtension>
            <ns3:hr>148</ns3:hr>
            <ns3:cad>99</ns3:cad>
          </ns3:TrackPointExtension>
        </extensions>
      </trkpt>
      <trkpt lat="34.23450761474668979644775390625" lon="108.93816900439560413360595703125">
        <ele>407.20001220703125</ele>
        <time>2026-03-17T13:18:29.000Z</time>
        <extensions>
          <ns3:TrackPointExtension>
            <ns3:hr>149</ns3:hr>
            <ns3:cad>99</ns3:cad>
          </ns3:TrackPointExtension>
        </extensions>
      </trkpt>
      <trkpt lat="34.23455111682415008544921875" lon="108.93814167939126491546630859375">
        <ele>407.20001220703125</ele>
        <time>2026-03-17T13:18:30.000Z</time>
        <extensions>
          <ns3:TrackPointExtension>
            <ns3:hr>149</ns3:hr>
            <ns3:cad>99</ns3:cad>
          </ns3:TrackPointExtension>
        </extensions>
      </trkpt>
      <trkpt lat="34.23458523117005825042724609375" lon="108.938123323023319244384765625">
        <ele>407.20001220703125</ele>
        <time>2026-03-17T13:18:31.000Z</time>
        <extensions>
          <ns3:TrackPointExtension>
            <ns3:hr>149</ns3:hr>
            <ns3:cad>98</ns3:cad>
          </ns3:TrackPointExtension>
        </extensions>
      </trkpt>
      <trkpt lat="34.234627224504947662353515625" lon="108.93809541128575801849365234375">
        <ele>407.20001220703125</ele>
        <time>2026-03-17T13:18:32.000Z</time>
        <extensions>
          <ns3:TrackPointExtension>
            <ns3:hr>149</ns3:hr>
            <ns3:cad>98</ns3:cad>
          </ns3:TrackPointExtension>
        </extensions>
      </trkpt>
      <trkpt lat="34.2346619255840778350830078125" lon="108.93808216787874698638916015625">
        <ele>407.20001220703125</ele>
        <time>2026-03-17T13:18:33.000Z</time>
        <extensions>
          <ns3:TrackPointExtension>
            <ns3:hr>149</ns3:hr>
            <ns3:cad>98</ns3:cad>
          </ns3:TrackPointExtension>
        </extensions>
      </trkpt>
      <trkpt lat="34.234694950282573699951171875" lon="108.93806356005370616912841796875">
        <ele>407.20001220703125</ele>
        <time>2026-03-17T13:18:34.000Z</time>
        <extensions>
          <ns3:TrackPointExtension>
            <ns3:hr>149</ns3:hr>
            <ns3:cad>98</ns3:cad>
          </ns3:TrackPointExtension>
        </extensions>
      </trkpt>
      <trkpt lat="34.23473174683749675750732421875" lon="108.938044868409633636474609375">
        <ele>407.20001220703125</ele>
        <time>2026-03-17T13:18:35.000Z</time>
        <extensions>
          <ns3:TrackPointExtension>
            <ns3:hr>149</ns3:hr>
            <ns3:cad>98</ns3:cad>
          </ns3:TrackPointExtension>
        </extensions>
      </trkpt>
      <trkpt lat="34.23476493917405605316162109375" lon="108.938028775155544281005859375">
        <ele>407.20001220703125</ele>
        <time>2026-03-17T13:18:36.000Z</time>
        <extensions>
          <ns3:TrackPointExtension>
            <ns3:hr>148</ns3:hr>
            <ns3:cad>98</ns3:cad>
          </ns3:TrackPointExtension>
        </extensions>
      </trkpt>
      <trkpt lat="34.23479595221579074859619140625" lon="108.93800027668476104736328125">
        <ele>407.20001220703125</ele>
        <time>2026-03-17T13:18:37.000Z</time>
        <extensions>
          <ns3:TrackPointExtension>
            <ns3:hr>147</ns3:hr>
            <ns3:cad>98</ns3:cad>
          </ns3:TrackPointExtension>
        </extensions>
      </trkpt>
      <trkpt lat="34.23483450897037982940673828125" lon="108.93797705881297588348388671875">
        <ele>407.20001220703125</ele>
        <time>2026-03-17T13:18:38.000Z</time>
        <extensions>
          <ns3:TrackPointExtension>
            <ns3:hr>147</ns3:hr>
            <ns3:cad>98</ns3:cad>
          </ns3:TrackPointExtension>
        </extensions>
      </trkpt>
      <trkpt lat="34.23486401326954364776611328125" lon="108.93794336356222629547119140625">
        <ele>407.20001220703125</ele>
        <time>2026-03-17T13:18:39.000Z</time>
        <extensions>
          <ns3:TrackPointExtension>
            <ns3:hr>146</ns3:hr>
            <ns3:cad>98</ns3:cad>
          </ns3:TrackPointExtension>
        </extensions>
      </trkpt>
      <trkpt lat="34.23488932661712169647216796875" lon="108.93792090006172657012939453125">
        <ele>407.20001220703125</ele>
        <time>2026-03-17T13:18:40.000Z</time>
        <extensions>
          <ns3:TrackPointExtension>
            <ns3:hr>146</ns3:hr>
            <ns3:cad>98</ns3:cad>
          </ns3:TrackPointExtension>
        </extensions>
      </trkpt>
      <trkpt lat="34.2349184118211269378662109375" lon="108.937893323600292205810546875">
        <ele>407.399993896484375</ele>
        <time>2026-03-17T13:18:41.000Z</time>
        <extensions>
          <ns3:TrackPointExtension>
            <ns3:hr>146</ns3:hr>
            <ns3:cad>98</ns3:cad>
          </ns3:TrackPointExtension>
        </extensions>
      </trkpt>
      <trkpt lat="34.23494162969291210174560546875" lon="108.93786591477692127227783203125">
        <ele>407.399993896484375</ele>
        <time>2026-03-17T13:18:42.000Z</time>
        <extensions>
          <ns3:TrackPointExtension>
            <ns3:hr>145</ns3:hr>
            <ns3:cad>98</ns3:cad>
          </ns3:TrackPointExtension>
        </extensions>
      </trkpt>
      <trkpt lat="34.234965853393077850341796875" lon="108.93783397972583770751953125">
        <ele>407.399993896484375</ele>
        <time>2026-03-17T13:18:43.000Z</time>
        <extensions>
          <ns3:TrackPointExtension>
            <ns3:hr>145</ns3:hr>
            <ns3:cad>98</ns3:cad>
          </ns3:TrackPointExtension>
        </extensions>
      </trkpt>
      <trkpt lat="34.2349849641323089599609375" lon="108.93780455924570560455322265625">
        <ele>407.399993896484375</ele>
        <time>2026-03-17T13:18:44.000Z</time>
        <extensions>
          <ns3:TrackPointExtension>
            <ns3:hr>145</ns3:hr>
            <ns3:cad>98</ns3:cad>
          </ns3:TrackPointExtension>
        </extensions>
      </trkpt>
      <trkpt lat="34.23500239849090576171875" lon="108.937780670821666717529296875">
        <ele>407.399993896484375</ele>
        <time>2026-03-17T13:18:45.000Z</time>
        <extensions>
          <ns3:TrackPointExtension>
            <ns3:hr>145</ns3:hr>
            <ns3:cad>98</ns3:cad>
          </ns3:TrackPointExtension>
        </extensions>
      </trkpt>
      <trkpt lat="34.23501673154532909393310546875" lon="108.9377543516457080841064453125">
        <ele>407.399993896484375</ele>
        <time>2026-03-17T13:18:46.000Z</time>
        <extensions>
          <ns3:TrackPointExtension>
            <ns3:hr>145</ns3:hr>
            <ns3:cad>98</ns3:cad>
          </ns3:TrackPointExtension>
        </extensions>
      </trkpt>
      <trkpt lat="34.23502393998205661773681640625" lon="108.93771906383335590362548828125">
        <ele>407.399993896484375</ele>
        <time>2026-03-17T13:18:47.000Z</time>
        <extensions>
          <ns3:TrackPointExtension>
            <ns3:hr>146</ns3:hr>
            <ns3:cad>98</ns3:cad>
          </ns3:TrackPointExtension>
        </extensions>
      </trkpt>
      <trkpt lat="34.23503181897103786468505859375" lon="108.93768989481031894683837890625">
        <ele>407.399993896484375</ele>
        <time>2026-03-17T13:18:48.000Z</time>
        <extensions>
          <ns3:TrackPointExtension>
            <ns3:hr>145</ns3:hr>
            <ns3:cad>98</ns3:cad>
          </ns3:TrackPointExtension>
        </extensions>
      </trkpt>
      <trkpt lat="34.2350394465029239654541015625" lon="108.9376608096063137054443359375">
        <ele>407.399993896484375</ele>
        <time>2026-03-17T13:18:49.000Z</time>
        <extensions>
          <ns3:TrackPointExtension>
            <ns3:hr>145</ns3:hr>
            <ns3:cad>98</ns3:cad>
          </ns3:TrackPointExtension>
        </extensions>
      </trkpt>
      <trkpt lat="34.2350441403687000274658203125" lon="108.937628455460071563720703125">
        <ele>407.399993896484375</ele>
        <time>2026-03-17T13:18:50.000Z</time>
        <extensions>
          <ns3:TrackPointExtension>
            <ns3:hr>145</ns3:hr>
            <ns3:cad>98</ns3:cad>
          </ns3:TrackPointExtension>
        </extensions>
      </trkpt>
      <trkpt lat="34.2350404523313045501708984375" lon="108.93758721649646759033203125">
        <ele>407.399993896484375</ele>
        <time>2026-03-17T13:18:51.000Z</time>
        <extensions>
          <ns3:TrackPointExtension>
            <ns3:hr>146</ns3:hr>
            <ns3:cad>98</ns3:cad>
          </ns3:TrackPointExtension>
        </extensions>
      </trkpt>
      <trkpt lat="34.23502041958272457122802734375" lon="108.93752527423202991485595703125">
        <ele>407.399993896484375</ele>
        <time>2026-03-17T13:18:52.000Z</time>
        <extensions>
          <ns3:TrackPointExtension>
            <ns3:hr>145</ns3:hr>
            <ns3:cad>97</ns3:cad>
          </ns3:TrackPointExtension>
        </extensions>
      </trkpt>
      <trkpt lat="34.235022179782390594482421875" lon="108.937489651143550872802734375">
        <ele>407.399993896484375</ele>
        <time>2026-03-17T13:18:53.000Z</time>
        <extensions>
          <ns3:TrackPointExtension>
            <ns3:hr>145</ns3:hr>
            <ns3:cad>97</ns3:cad>
          </ns3:TrackPointExtension>
        </extensions>
      </trkpt>
      <trkpt lat="34.23503114841878414154052734375" lon="108.93745469860732555389404296875">
        <ele>407.399993896484375</ele>
        <time>2026-03-17T13:18:54.000Z</time>
        <extensions>
          <ns3:TrackPointExtension>
            <ns3:hr>145</ns3:hr>
            <ns3:cad>97</ns3:cad>
          </ns3:TrackPointExtension>
        </extensions>
      </trkpt>
      <trkpt lat="34.23503483645617961883544921875" lon="108.9374257810413837432861328125">
        <ele>407.399993896484375</ele>
        <time>2026-03-17T13:18:55.000Z</time>
        <extensions>
          <ns3:TrackPointExtension>
            <ns3:hr>145</ns3:hr>
            <ns3:cad>97</ns3:cad>
          </ns3:TrackPointExtension>
        </extensions>
      </trkpt>
      <trkpt lat="34.23503081314265727996826171875" lon="108.9373858831822872161865234375">
        <ele>407.399993896484375</ele>
        <time>2026-03-17T13:18:56.000Z</time>
        <extensions>
          <ns3:TrackPointExtension>
            <ns3:hr>145</ns3:hr>
            <ns3:cad>97</ns3:cad>
          </ns3:TrackPointExtension>
        </extensions>
      </trkpt>
      <trkpt lat="34.23502896912395954132080078125" lon="108.93735587596893310546875">
        <ele>407.399993896484375</ele>
        <time>2026-03-17T13:18:57.000Z</time>
        <extensions>
          <ns3:TrackPointExtension>
            <ns3:hr>144</ns3:hr>
            <ns3:cad>98</ns3:cad>
          </ns3:TrackPointExtension>
        </extensions>
      </trkpt>
      <trkpt lat="34.2350290529429912567138671875" lon="108.93731991760432720184326171875">
        <ele>407.399993896484375</ele>
        <time>2026-03-17T13:18:58.000Z</time>
        <extensions>
          <ns3:TrackPointExtension>
            <ns3:hr>145</ns3:hr>
            <ns3:cad>98</ns3:cad>
          </ns3:TrackPointExtension>
        </extensions>
      </trkpt>
      <trkpt lat="34.23502720892429351806640625" lon="108.93728404305875301361083984375">
        <ele>407.399993896484375</ele>
        <time>2026-03-17T13:18:59.000Z</time>
        <extensions>
          <ns3:TrackPointExtension>
            <ns3:hr>144</ns3:hr>
            <ns3:cad>98</ns3:cad>
          </ns3:TrackPointExtension>
        </extensions>
      </trkpt>
      <trkpt lat="34.2350277118384838104248046875" lon="108.937256298959255218505859375">
        <ele>407.399993896484375</ele>
        <time>2026-03-17T13:19:00.000Z</time>
        <extensions>
          <ns3:TrackPointExtension>
            <ns3:hr>144</ns3:hr>
            <ns3:cad>98</ns3:cad>
          </ns3:TrackPointExtension>
        </extensions>
      </trkpt>
      <trkpt lat="34.2350260354578495025634765625" lon="108.93722570501267910003662109375">
        <ele>407.399993896484375</ele>
        <time>2026-03-17T13:19:01.000Z</time>
        <extensions>
          <ns3:TrackPointExtension>
            <ns3:hr>144</ns3:hr>
            <ns3:cad>97</ns3:cad>
          </ns3:TrackPointExtension>
        </extensions>
      </trkpt>
      <trkpt lat="34.23502326942980289459228515625" lon="108.93719737417995929718017578125">
        <ele>407.399993896484375</ele>
        <time>2026-03-17T13:19:02.000Z</time>
        <extensions>
          <ns3:TrackPointExtension>
            <ns3:hr>145</ns3:hr>
            <ns3:cad>97</ns3:cad>
          </ns3:TrackPointExtension>
        </extensions>
      </trkpt>
      <trkpt lat="34.23502058722078800201416015625" lon="108.9371699653565883636474609375">
        <ele>407.399993896484375</ele>
        <time>2026-03-17T13:19:03.000Z</time>
        <extensions>
          <ns3:TrackPointExtension>
            <ns3:hr>144</ns3:hr>
            <ns3:cad>97</ns3:cad>
          </ns3:TrackPointExtension>
        </extensions>
      </trkpt>
      <trkpt lat="34.23501471988856792449951171875" lon="108.937145657837390899658203125">
        <ele>407.399993896484375</ele>
        <time>2026-03-17T13:19:04.000Z</time>
        <extensions>
          <ns3:TrackPointExtension>
            <ns3:hr>144</ns3:hr>
            <ns3:cad>97</ns3:cad>
          </ns3:TrackPointExtension>
        </extensions>
      </trkpt>
      <trkpt lat="34.23500566743314266204833984375" lon="108.9371265470981597900390625">
        <ele>407.600006103515625</ele>
        <time>2026-03-17T13:19:05.000Z</time>
        <extensions>
          <ns3:TrackPointExtension>
            <ns3:hr>144</ns3:hr>
            <ns3:cad>98</ns3:cad>
          </ns3:TrackPointExtension>
        </extensions>
      </trkpt>
      <trkpt lat="34.2349898256361484527587890625" lon="108.937086649239063262939453125">
        <ele>407.600006103515625</ele>
        <time>2026-03-17T13:19:06.000Z</time>
        <extensions>
          <ns3:TrackPointExtension>
            <ns3:hr>143</ns3:hr>
            <ns3:cad>98</ns3:cad>
          </ns3:TrackPointExtension>
        </extensions>
      </trkpt>
      <trkpt lat="34.23495738767087459564208984375" lon="108.9370546303689479827880859375">
        <ele>407.600006103515625</ele>
        <time>2026-03-17T13:19:07.000Z</time>
        <extensions>
          <ns3:TrackPointExtension>
            <ns3:hr>143</ns3:hr>
            <ns3:cad>98</ns3:cad>
          </ns3:TrackPointExtension>
        </extensions>
      </trkpt>
      <trkpt lat="34.23493827693164348602294921875" lon="108.93702839501202106475830078125">
        <ele>407.600006103515625</ele>
        <time>2026-03-17T13:19:08.000Z</time>
        <extensions>
          <ns3:TrackPointExtension>
            <ns3:hr>143</ns3:hr>
            <ns3:cad>98</ns3:cad>
          </ns3:TrackPointExtension>
        </extensions>
      </trkpt>
      <trkpt lat="34.2349204234778881072998046875" lon="108.93700174055993556976318359375">
        <ele>407.600006103515625</ele>
        <time>2026-03-17T13:19:09.000Z</time>
        <extensions>
          <ns3:TrackPointExtension>
            <ns3:hr>143</ns3:hr>
            <ns3:cad>98</ns3:cad>
          </ns3:TrackPointExtension>
        </extensions>
      </trkpt>
      <trkpt lat="34.23490106128156185150146484375" lon="108.93697558902204036712646484375">
        <ele>407.600006103515625</ele>
        <time>2026-03-17T13:19:10.000Z</time>
        <extensions>
          <ns3:TrackPointExtension>
            <ns3:hr>143</ns3:hr>
            <ns3:cad>98</ns3:cad>
          </ns3:TrackPointExtension>
        </extensions>
      </trkpt>
      <trkpt lat="34.2348771728575229644775390625" lon="108.93695211969316005706787109375">
        <ele>407.600006103515625</ele>
        <time>2026-03-17T13:19:11.000Z</time>
        <extensions>
          <ns3:TrackPointExtension>
            <ns3:hr>143</ns3:hr>
            <ns3:cad>98</ns3:cad>
          </ns3:TrackPointExtension>
        </extensions>
      </trkpt>
      <trkpt lat="34.2348620854318141937255859375" lon="108.936929740011692047119140625">
        <ele>407.600006103515625</ele>
        <time>2026-03-17T13:19:12.000Z</time>
        <extensions>
          <ns3:TrackPointExtension>
            <ns3:hr>144</ns3:hr>
            <ns3:cad>98</ns3:cad>
          </ns3:TrackPointExtension>
        </extensions>
      </trkpt>
      <trkpt lat="34.2348319105803966522216796875" lon="108.936913646757602691650390625">
        <ele>407.600006103515625</ele>
        <time>2026-03-17T13:19:13.000Z</time>
        <extensions>
          <ns3:TrackPointExtension>
            <ns3:hr>143</ns3:hr>
            <ns3:cad>98</ns3:cad>
          </ns3:TrackPointExtension>
        </extensions>
      </trkpt>
      <trkpt lat="34.2348079383373260498046875" lon="108.93689931370317935943603515625">
        <ele>407.600006103515625</ele>
        <time>2026-03-17T13:19:14.000Z</time>
        <extensions>
          <ns3:TrackPointExtension>
            <ns3:hr>143</ns3:hr>
            <ns3:cad>99</ns3:cad>
          </ns3:TrackPointExtension>
        </extensions>
      </trkpt>
      <trkpt lat="34.234786815941333770751953125" lon="108.9368784427642822265625">
        <ele>407.600006103515625</ele>
        <time>2026-03-17T13:19:15.000Z</time>
        <extensions>
          <ns3:TrackPointExtension>
            <ns3:hr>143</ns3:hr>
            <ns3:cad>99</ns3:cad>
          </ns3:TrackPointExtension>
        </extensions>
      </trkpt>
      <trkpt lat="34.234763346612453460693359375" lon="108.9368569850921630859375">
        <ele>407.600006103515625</ele>
        <time>2026-03-17T13:19:16.000Z</time>
        <extensions>
          <ns3:TrackPointExtension>
            <ns3:hr>144</ns3:hr>
            <ns3:cad>99</ns3:cad>
          </ns3:TrackPointExtension>
        </extensions>
      </trkpt>
      <trkpt lat="34.2347363568842411041259765625" lon="108.9368410594761371612548828125">
        <ele>407.600006103515625</ele>
        <time>2026-03-17T13:19:17.000Z</time>
        <extensions>
          <ns3:TrackPointExtension>
            <ns3:hr>143</ns3:hr>
            <ns3:cad>99</ns3:cad>
          </ns3:TrackPointExtension>
        </extensions>
      </trkpt>
      <trkpt lat="34.23471263609826564788818359375" lon="108.9368246309459209442138671875">
        <ele>407.600006103515625</ele>
        <time>2026-03-17T13:19:18.000Z</time>
        <extensions>
          <ns3:TrackPointExtension>
            <ns3:hr>143</ns3:hr>
            <ns3:cad>98</ns3:cad>
          </ns3:TrackPointExtension>
        </extensions>
      </trkpt>
      <trkpt lat="34.2346857301890850067138671875" lon="108.9368092082440853118896484375">
        <ele>407.399993896484375</ele>
        <time>2026-03-17T13:19:19.000Z</time>
        <extensions>
          <ns3:TrackPointExtension>
            <ns3:hr>144</ns3:hr>
            <ns3:cad>98</ns3:cad>
          </ns3:TrackPointExtension>
        </extensions>
      </trkpt>
      <trkpt lat="34.2346575669944286346435546875" lon="108.93678867258131504058837890625">
        <ele>407.399993896484375</ele>
        <time>2026-03-17T13:19:20.000Z</time>
        <extensions>
          <ns3:TrackPointExtension>
            <ns3:hr>144</ns3:hr>
            <ns3:cad>98</ns3:cad>
          </ns3:TrackPointExtension>
        </extensions>
      </trkpt>
      <trkpt lat="34.23462831415235996246337890625" lon="108.93677727319300174713134765625">
        <ele>407.399993896484375</ele>
        <time>2026-03-17T13:19:21.000Z</time>
        <extensions>
          <ns3:TrackPointExtension>
            <ns3:hr>143</ns3:hr>
            <ns3:cad>98</ns3:cad>
          </ns3:TrackPointExtension>
        </extensions>
      </trkpt>
      <trkpt lat="34.23459998331964015960693359375" lon="108.9367649517953395843505859375">
        <ele>407.600006103515625</ele>
        <time>2026-03-17T13:19:22.000Z</time>
        <extensions>
          <ns3:TrackPointExtension>
            <ns3:hr>143</ns3:hr>
            <ns3:cad>98</ns3:cad>
          </ns3:TrackPointExtension>
        </extensions>
      </trkpt>
      <trkpt lat="34.2345724068582057952880859375" lon="108.93675480969250202178955078125">
        <ele>407.600006103515625</ele>
        <time>2026-03-17T13:19:23.000Z</time>
        <extensions>
          <ns3:TrackPointExtension>
            <ns3:hr>142</ns3:hr>
            <ns3:cad>99</ns3:cad>
          </ns3:TrackPointExtension>
        </extensions>
      </trkpt>
      <trkpt lat="34.2345338501036167144775390625" lon="108.93674458377063274383544921875">
        <ele>407.600006103515625</ele>
        <time>2026-03-17T13:19:24.000Z</time>
        <extensions>
          <ns3:TrackPointExtension>
            <ns3:hr>142</ns3:hr>
            <ns3:cad>99</ns3:cad>
          </ns3:TrackPointExtension>
        </extensions>
      </trkpt>
      <trkpt lat="34.2345043458044528961181640625" lon="108.9367401413619518280029296875">
        <ele>407.600006103515625</ele>
        <time>2026-03-17T13:19:25.000Z</time>
        <extensions>
          <ns3:TrackPointExtension>
            <ns3:hr>142</ns3:hr>
            <ns3:cad>99</ns3:cad>
          </ns3:TrackPointExtension>
        </extensions>
      </trkpt>
      <trkpt lat="34.234470985829830169677734375" lon="108.936740644276142120361328125">
        <ele>407.600006103515625</ele>
        <time>2026-03-17T13:19:26.000Z</time>
        <extensions>
          <ns3:TrackPointExtension>
            <ns3:hr>142</ns3:hr>
            <ns3:cad>99</ns3:cad>
          </ns3:TrackPointExtension>
        </extensions>
      </trkpt>
      <trkpt lat="34.234440810978412628173828125" lon="108.93674500286579132080078125">
        <ele>407.600006103515625</ele>
        <time>2026-03-17T13:19:27.000Z</time>
        <extensions>
          <ns3:TrackPointExtension>
            <ns3:hr>142</ns3:hr>
            <ns3:cad>98</ns3:cad>
          </ns3:TrackPointExtension>
        </extensions>
      </trkpt>
      <trkpt lat="34.23440971411764621734619140625" lon="108.93674575723707675933837890625">
        <ele>407.600006103515625</ele>
        <time>2026-03-17T13:19:28.000Z</time>
        <extensions>
          <ns3:TrackPointExtension>
            <ns3:hr>143</ns3:hr>
            <ns3:cad>98</ns3:cad>
          </ns3:TrackPointExtension>
        </extensions>
      </trkpt>
      <trkpt lat="34.2343799583613872528076171875" lon="108.93674232065677642822265625">
        <ele>407.600006103515625</ele>
        <time>2026-03-17T13:19:29.000Z</time>
        <extensions>
          <ns3:TrackPointExtension>
            <ns3:hr>142</ns3:hr>
            <ns3:cad>98</ns3:cad>
          </ns3:TrackPointExtension>
        </extensions>
      </trkpt>
      <trkpt lat="34.23435171134769916534423828125" lon="108.936729244887828826904296875">
        <ele>407.600006103515625</ele>
        <time>2026-03-17T13:19:30.000Z</time>
        <extensions>
          <ns3:TrackPointExtension>
            <ns3:hr>142</ns3:hr>
            <ns3:cad>98</ns3:cad>
          </ns3:TrackPointExtension>
        </extensions>
      </trkpt>
      <trkpt lat="34.234321452677249908447265625" lon="108.93672144971787929534912109375">
        <ele>407.600006103515625</ele>
        <time>2026-03-17T13:19:31.000Z</time>
        <extensions>
          <ns3:TrackPointExtension>
            <ns3:hr>142</ns3:hr>
            <ns3:cad>98</ns3:cad>
          </ns3:TrackPointExtension>
        </extensions>
      </trkpt>
      <trkpt lat="34.23429404385387897491455078125" lon="108.93670921213924884796142578125">
        <ele>407.600006103515625</ele>
        <time>2026-03-17T13:19:32.000Z</time>
        <extensions>
          <ns3:TrackPointExtension>
            <ns3:hr>142</ns3:hr>
            <ns3:cad>98</ns3:cad>
          </ns3:TrackPointExtension>
        </extensions>
      </trkpt>
      <trkpt lat="34.234268479049205780029296875" lon="108.93669605255126953125">
        <ele>407.600006103515625</ele>
        <time>2026-03-17T13:19:33.000Z</time>
        <extensions>
          <ns3:TrackPointExtension>
            <ns3:hr>142</ns3:hr>
            <ns3:cad>98</ns3:cad>
          </ns3:TrackPointExtension>
        </extensions>
      </trkpt>
      <trkpt lat="34.23424375243484973907470703125" lon="108.9366881735622882843017578125">
        <ele>407.600006103515625</ele>
        <time>2026-03-17T13:19:34.000Z</time>
        <extensions>
          <ns3:TrackPointExtension>
            <ns3:hr>143</ns3:hr>
            <ns3:cad>98</ns3:cad>
          </ns3:TrackPointExtension>
        </extensions>
      </trkpt>
      <trkpt lat="34.23421659506857395172119140625" lon="108.93668021075427532196044921875">
        <ele>407.600006103515625</ele>
        <time>2026-03-17T13:19:35.000Z</time>
        <extensions>
          <ns3:TrackPointExtension>
            <ns3:hr>142</ns3:hr>
            <ns3:cad>98</ns3:cad>
          </ns3:TrackPointExtension>
        </extensions>
      </trkpt>
      <trkpt lat="34.2341871745884418487548828125" lon="108.93667937256395816802978515625">
        <ele>407.600006103515625</ele>
        <time>2026-03-17T13:19:36.000Z</time>
        <extensions>
          <ns3:TrackPointExtension>
            <ns3:hr>142</ns3:hr>
            <ns3:cad>98</ns3:cad>
          </ns3:TrackPointExtension>
        </extensions>
      </trkpt>
      <trkpt lat="34.23416010104119777679443359375" lon="108.93667384050786495208740234375">
        <ele>407.600006103515625</ele>
        <time>2026-03-17T13:19:37.000Z</time>
        <extensions>
          <ns3:TrackPointExtension>
            <ns3:hr>143</ns3:hr>
            <ns3:cad>98</ns3:cad>
          </ns3:TrackPointExtension>
        </extensions>
      </trkpt>
      <trkpt lat="34.23413126729428768157958984375" lon="108.93667166121304035186767578125">
        <ele>407.600006103515625</ele>
        <time>2026-03-17T13:19:38.000Z</time>
        <extensions>
          <ns3:TrackPointExtension>
            <ns3:hr>143</ns3:hr>
            <ns3:cad>98</ns3:cad>
          </ns3:TrackPointExtension>
        </extensions>
      </trkpt>
      <trkpt lat="34.23410863615572452545166015625" lon="108.93667350523173809051513671875">
        <ele>407.600006103515625</ele>
        <time>2026-03-17T13:19:39.000Z</time>
        <extensions>
          <ns3:TrackPointExtension>
            <ns3:hr>143</ns3:hr>
            <ns3:cad>98</ns3:cad>
          </ns3:TrackPointExtension>
        </extensions>
      </trkpt>
      <trkpt lat="34.23407980240881443023681640625" lon="108.93668272532522678375244140625">
        <ele>407.600006103515625</ele>
        <time>2026-03-17T13:19:40.000Z</time>
        <extensions>
          <ns3:TrackPointExtension>
            <ns3:hr>143</ns3:hr>
            <ns3:cad>98</ns3:cad>
          </ns3:TrackPointExtension>
        </extensions>
      </trkpt>
      <trkpt lat="34.23405365087091922760009765625" lon="108.9366888441145420074462890625">
        <ele>407.600006103515625</ele>
        <time>2026-03-17T13:19:41.000Z</time>
        <extensions>
          <ns3:TrackPointExtension>
            <ns3:hr>143</ns3:hr>
            <ns3:cad>98</ns3:cad>
          </ns3:TrackPointExtension>
        </extensions>
      </trkpt>
      <trkpt lat="34.23402582295238971710205078125" lon="108.93668825738131999969482421875">
        <ele>407.600006103515625</ele>
        <time>2026-03-17T13:19:42.000Z</time>
        <extensions>
          <ns3:TrackPointExtension>
            <ns3:hr>143</ns3:hr>
            <ns3:cad>99</ns3:cad>
          </ns3:TrackPointExtension>
        </extensions>
      </trkpt>
      <trkpt lat="34.23399665392935276031494140625" lon="108.9366920292377471923828125">
        <ele>407.600006103515625</ele>
        <time>2026-03-17T13:19:43.000Z</time>
        <extensions>
          <ns3:TrackPointExtension>
            <ns3:hr>144</ns3:hr>
            <ns3:cad>99</ns3:cad>
          </ns3:TrackPointExtension>
        </extensions>
      </trkpt>
      <trkpt lat="34.23396999947726726531982421875" lon="108.93669135868549346923828125">
        <ele>407.600006103515625</ele>
        <time>2026-03-17T13:19:44.000Z</time>
        <extensions>
          <ns3:TrackPointExtension>
            <ns3:hr>144</ns3:hr>
            <ns3:cad>99</ns3:cad>
          </ns3:TrackPointExtension>
        </extensions>
      </trkpt>
      <trkpt lat="34.23394267447292804718017578125" lon="108.93669663928449153900146484375">
        <ele>407.600006103515625</ele>
        <time>2026-03-17T13:19:45.000Z</time>
        <extensions>
          <ns3:TrackPointExtension>
            <ns3:hr>144</ns3:hr>
            <ns3:cad>98</ns3:cad>
          </ns3:TrackPointExtension>
        </extensions>
      </trkpt>
      <trkpt lat="34.23391501419246196746826171875" lon="108.9366975612938404083251953125">
        <ele>407.600006103515625</ele>
        <time>2026-03-17T13:19:46.000Z</time>
        <extensions>
          <ns3:TrackPointExtension>
            <ns3:hr>144</ns3:hr>
            <ns3:cad>98</ns3:cad>
          </ns3:TrackPointExtension>
        </extensions>
      </trkpt>
      <trkpt lat="34.23388768918812274932861328125" lon="108.93669630400836467742919921875">
        <ele>407.600006103515625</ele>
        <time>2026-03-17T13:19:47.000Z</time>
        <extensions>
          <ns3:TrackPointExtension>
            <ns3:hr>144</ns3:hr>
            <ns3:cad>98</ns3:cad>
          </ns3:TrackPointExtension>
        </extensions>
      </trkpt>
      <trkpt lat="34.2338602803647518157958984375" lon="108.936702422797679901123046875">
        <ele>407.600006103515625</ele>
        <time>2026-03-17T13:19:48.000Z</time>
        <extensions>
          <ns3:TrackPointExtension>
            <ns3:hr>144</ns3:hr>
            <ns3:cad>98</ns3:cad>
          </ns3:TrackPointExtension>
        </extensions>
      </trkpt>
      <trkpt lat="34.2338341288268566131591796875" lon="108.93671021796762943267822265625">
        <ele>407.600006103515625</ele>
        <time>2026-03-17T13:19:49.000Z</time>
        <extensions>
          <ns3:TrackPointExtension>
            <ns3:hr>144</ns3:hr>
            <ns3:cad>97</ns3:cad>
          </ns3:TrackPointExtension>
        </extensions>
      </trkpt>
      <trkpt lat="34.2338073067367076873779296875" lon="108.93671323545277118682861328125">
        <ele>407.600006103515625</ele>
        <time>2026-03-17T13:19:50.000Z</time>
        <extensions>
          <ns3:TrackPointExtension>
            <ns3:hr>144</ns3:hr>
            <ns3:cad>97</ns3:cad>
          </ns3:TrackPointExtension>
        </extensions>
      </trkpt>
      <trkpt lat="34.2337794788181781768798828125" lon="108.93673620186746120452880859375">
        <ele>407.600006103515625</ele>
        <time>2026-03-17T13:19:51.000Z</time>
        <extensions>
          <ns3:TrackPointExtension>
            <ns3:hr>144</ns3:hr>
            <ns3:cad>99</ns3:cad>
          </ns3:TrackPointExtension>
        </extensions>
      </trkpt>
      <trkpt lat="34.2337538301944732666015625" lon="108.93674206919968128204345703125">
        <ele>407.600006103515625</ele>
        <time>2026-03-17T13:19:52.000Z</time>
        <extensions>
          <ns3:TrackPointExtension>
            <ns3:hr>144</ns3:hr>
            <ns3:cad>100</ns3:cad>
          </ns3:TrackPointExtension>
        </extensions>
      </trkpt>
      <trkpt lat="34.23372742719948291778564453125" lon="108.9367448352277278900146484375">
        <ele>407.600006103515625</ele>
        <time>2026-03-17T13:19:53.000Z</time>
        <extensions>
          <ns3:TrackPointExtension>
            <ns3:hr>144</ns3:hr>
            <ns3:cad>100</ns3:cad>
          </ns3:TrackPointExtension>
        </extensions>
      </trkpt>
      <trkpt lat="34.23370353877544403076171875" lon="108.93674994818866252899169921875">
        <ele>407.600006103515625</ele>
        <time>2026-03-17T13:19:54.000Z</time>
        <extensions>
          <ns3:TrackPointExtension>
            <ns3:hr>144</ns3:hr>
            <ns3:cad>100</ns3:cad>
          </ns3:TrackPointExtension>
        </extensions>
      </trkpt>
      <trkpt lat="34.23368149437010288238525390625" lon="108.9367562346160411834716796875">
        <ele>407.600006103515625</ele>
        <time>2026-03-17T13:19:55.000Z</time>
        <extensions>
          <ns3:TrackPointExtension>
            <ns3:hr>144</ns3:hr>
            <ns3:cad>100</ns3:cad>
          </ns3:TrackPointExtension>
        </extensions>
      </trkpt>
      <trkpt lat="34.23365660011768341064453125" lon="108.93676335923373699188232421875">
        <ele>407.600006103515625</ele>
        <time>2026-03-17T13:19:56.000Z</time>
        <extensions>
          <ns3:TrackPointExtension>
            <ns3:hr>144</ns3:hr>
            <ns3:cad>98</ns3:cad>
          </ns3:TrackPointExtension>
        </extensions>
      </trkpt>
      <trkpt lat="34.2336319573223590850830078125" lon="108.9367652870714664459228515625">
        <ele>407.600006103515625</ele>
        <time>2026-03-17T13:19:57.000Z</time>
        <extensions>
          <ns3:TrackPointExtension>
            <ns3:hr>144</ns3:hr>
            <ns3:cad>98</ns3:cad>
          </ns3:TrackPointExtension>
        </extensions>
      </trkpt>
      <trkpt lat="34.2336068116128444671630859375" lon="108.93676537089049816131591796875">
        <ele>407.600006103515625</ele>
        <time>2026-03-17T13:19:58.000Z</time>
        <extensions>
          <ns3:TrackPointExtension>
            <ns3:hr>144</ns3:hr>
            <ns3:cad>98</ns3:cad>
          </ns3:TrackPointExtension>
        </extensions>
      </trkpt>
      <trkpt lat="34.2335793189704418182373046875" lon="108.93678062595427036285400390625">
        <ele>407.600006103515625</ele>
        <time>2026-03-17T13:19:59.000Z</time>
        <extensions>
          <ns3:TrackPointExtension>
            <ns3:hr>144</ns3:hr>
            <ns3:cad>98</ns3:cad>
          </ns3:TrackPointExtension>
        </extensions>
      </trkpt>
      <trkpt lat="34.2335484735667705535888671875" lon="108.93680426292121410369873046875">
        <ele>407.600006103515625</ele>
        <time>2026-03-17T13:20:00.000Z</time>
        <extensions>
          <ns3:TrackPointExtension>
            <ns3:hr>144</ns3:hr>
            <ns3:cad>98</ns3:cad>
          </ns3:TrackPointExtension>
        </extensions>
      </trkpt>
      <trkpt lat="34.23351838253438472747802734375" lon="108.93682102672755718231201171875">
        <ele>407.600006103515625</ele>
        <time>2026-03-17T13:20:01.000Z</time>
        <extensions>
          <ns3:TrackPointExtension>
            <ns3:hr>144</ns3:hr>
            <ns3:cad>98</ns3:cad>
          </ns3:TrackPointExtension>
        </extensions>
      </trkpt>
      <trkpt lat="34.2334874533116817474365234375" lon="108.93683427013456821441650390625">
        <ele>407.600006103515625</ele>
        <time>2026-03-17T13:20:02.000Z</time>
        <extensions>
          <ns3:TrackPointExtension>
            <ns3:hr>143</ns3:hr>
            <ns3:cad>98</ns3:cad>
          </ns3:TrackPointExtension>
        </extensions>
      </trkpt>
      <trkpt lat="34.23345468007028102874755859375" lon="108.93686226569116115570068359375">
        <ele>407.600006103515625</ele>
        <time>2026-03-17T13:20:03.000Z</time>
        <extensions>
          <ns3:TrackPointExtension>
            <ns3:hr>143</ns3:hr>
            <ns3:cad>98</ns3:cad>
          </ns3:TrackPointExtension>
        </extensions>
      </trkpt>
      <trkpt lat="34.2334244213998317718505859375" lon="108.93689713440835475921630859375">
        <ele>407.600006103515625</ele>
        <time>2026-03-17T13:20:04.000Z</time>
        <extensions>
          <ns3:TrackPointExtension>
            <ns3:hr>143</ns3:hr>
            <ns3:cad>98</ns3:cad>
          </ns3:TrackPointExtension>
        </extensions>
      </trkpt>
      <trkpt lat="34.233397431671619415283203125" lon="108.93691825680434703826904296875">
        <ele>407.600006103515625</ele>
        <time>2026-03-17T13:20:05.000Z</time>
        <extensions>
          <ns3:TrackPointExtension>
            <ns3:hr>143</ns3:hr>
            <ns3:cad>98</ns3:cad>
          </ns3:TrackPointExtension>
        </extensions>
      </trkpt>
      <trkpt lat="34.23337069340050220489501953125" lon="108.93693317659199237823486328125">
        <ele>407.600006103515625</ele>
        <time>2026-03-17T13:20:06.000Z</time>
        <extensions>
          <ns3:TrackPointExtension>
            <ns3:hr>143</ns3:hr>
            <ns3:cad>99</ns3:cad>
          </ns3:TrackPointExtension>
        </extensions>
      </trkpt>
      <trkpt lat="34.2333422787487506866455078125" lon="108.93694457598030567169189453125">
        <ele>407.600006103515625</ele>
        <time>2026-03-17T13:20:07.000Z</time>
        <extensions>
          <ns3:TrackPointExtension>
            <ns3:hr>144</ns3:hr>
            <ns3:cad>99</ns3:cad>
          </ns3:TrackPointExtension>
        </extensions>
      </trkpt>
      <trkpt lat="34.2333117686212062835693359375" lon="108.93695446662604808807373046875">
        <ele>407.600006103515625</ele>
        <time>2026-03-17T13:20:08.000Z</time>
        <extensions>
          <ns3:TrackPointExtension>
            <ns3:hr>143</ns3:hr>
            <ns3:cad>99</ns3:cad>
          </ns3:TrackPointExtension>
        </extensions>
      </trkpt>
      <trkpt lat="34.23327974975109100341796875" lon="108.93696921877562999725341796875">
        <ele>407.600006103515625</ele>
        <time>2026-03-17T13:20:09.000Z</time>
        <extensions>
          <ns3:TrackPointExtension>
            <ns3:hr>143</ns3:hr>
            <ns3:cad>99</ns3:cad>
          </ns3:TrackPointExtension>
        </extensions>
      </trkpt>
      <trkpt lat="34.233249910175800323486328125" lon="108.936996795237064361572265625">
        <ele>407.600006103515625</ele>
        <time>2026-03-17T13:20:10.000Z</time>
        <extensions>
          <ns3:TrackPointExtension>
            <ns3:hr>143</ns3:hr>
            <ns3:cad>98</ns3:cad>
          </ns3:TrackPointExtension>
        </extensions>
      </trkpt>
      <trkpt lat="34.23321395181119441986083984375" lon="108.93701230175793170928955078125">
        <ele>407.600006103515625</ele>
        <time>2026-03-17T13:20:11.000Z</time>
        <extensions>
          <ns3:TrackPointExtension>
            <ns3:hr>143</ns3:hr>
            <ns3:cad>98</ns3:cad>
          </ns3:TrackPointExtension>
        </extensions>
      </trkpt>
      <trkpt lat="34.23319215886294841766357421875" lon="108.93702588044106960296630859375">
        <ele>407.600006103515625</ele>
        <time>2026-03-17T13:20:12.000Z</time>
        <extensions>
          <ns3:TrackPointExtension>
            <ns3:hr>143</ns3:hr>
            <ns3:cad>98</ns3:cad>
          </ns3:TrackPointExtension>
        </extensions>
      </trkpt>
      <trkpt lat="34.23315829597413539886474609375" lon="108.937051109969615936279296875">
        <ele>407.600006103515625</ele>
        <time>2026-03-17T13:20:13.000Z</time>
        <extensions>
          <ns3:TrackPointExtension>
            <ns3:hr>143</ns3:hr>
            <ns3:cad>98</ns3:cad>
          </ns3:TrackPointExtension>
        </extensions>
      </trkpt>
      <trkpt lat="34.23313558101654052734375" lon="108.93709461204707622528076171875">
        <ele>407.600006103515625</ele>
        <time>2026-03-17T13:20:14.000Z</time>
        <extensions>
          <ns3:TrackPointExtension>
            <ns3:hr>143</ns3:hr>
            <ns3:cad>98</ns3:cad>
          </ns3:TrackPointExtension>
        </extensions>
      </trkpt>
      <trkpt lat="34.23311336897313594818115234375" lon="108.93711523152887821197509765625">
        <ele>407.600006103515625</ele>
        <time>2026-03-17T13:20:15.000Z</time>
        <extensions>
          <ns3:TrackPointExtension>
            <ns3:hr>143</ns3:hr>
            <ns3:cad>98</ns3:cad>
          </ns3:TrackPointExtension>
        </extensions>
      </trkpt>
      <trkpt lat="34.23309124074876308441162109375" lon="108.937138617038726806640625">
        <ele>407.600006103515625</ele>
        <time>2026-03-17T13:20:16.000Z</time>
        <extensions>
          <ns3:TrackPointExtension>
            <ns3:hr>143</ns3:hr>
            <ns3:cad>98</ns3:cad>
          </ns3:TrackPointExtension>
        </extensions>
      </trkpt>
      <trkpt lat="34.2330693639814853668212890625" lon="108.93716854043304920196533203125">
        <ele>407.79998779296875</ele>
        <time>2026-03-17T13:20:17.000Z</time>
        <extensions>
          <ns3:TrackPointExtension>
            <ns3:hr>143</ns3:hr>
            <ns3:cad>98</ns3:cad>
          </ns3:TrackPointExtension>
        </extensions>
      </trkpt>
      <trkpt lat="34.2330448888242244720458984375" lon="108.93719217739999294281005859375">
        <ele>407.600006103515625</ele>
        <time>2026-03-17T13:20:18.000Z</time>
        <extensions>
          <ns3:TrackPointExtension>
            <ns3:hr>143</ns3:hr>
            <ns3:cad>98</ns3:cad>
          </ns3:TrackPointExtension>
        </extensions>
      </trkpt>
      <trkpt lat="34.2330331541597843170166015625" lon="108.93721899949014186859130859375">
        <ele>407.600006103515625</ele>
        <time>2026-03-17T13:20:19.000Z</time>
        <extensions>
          <ns3:TrackPointExtension>
            <ns3:hr>144</ns3:hr>
            <ns3:cad>97</ns3:cad>
          </ns3:TrackPointExtension>
        </extensions>
      </trkpt>
      <trkpt lat="34.2330187372863292694091796875" lon="108.93724523484706878662109375">
        <ele>407.600006103515625</ele>
        <time>2026-03-17T13:20:20.000Z</time>
        <extensions>
          <ns3:TrackPointExtension>
            <ns3:hr>144</ns3:hr>
            <ns3:cad>97</ns3:cad>
          </ns3:TrackPointExtension>
        </extensions>
      </trkpt>
      <trkpt lat="34.23300440423190593719482421875" lon="108.93727297894656658172607421875">
        <ele>407.600006103515625</ele>
        <time>2026-03-17T13:20:21.000Z</time>
        <extensions>
          <ns3:TrackPointExtension>
            <ns3:hr>144</ns3:hr>
            <ns3:cad>98</ns3:cad>
          </ns3:TrackPointExtension>
        </extensions>
      </trkpt>
      <trkpt lat="34.23299216665327548980712890625" lon="108.9373020641505718231201171875">
        <ele>407.79998779296875</ele>
        <time>2026-03-17T13:20:22.000Z</time>
        <extensions>
          <ns3:TrackPointExtension>
            <ns3:hr>145</ns3:hr>
            <ns3:cad>99</ns3:cad>
          </ns3:TrackPointExtension>
        </extensions>
      </trkpt>
      <trkpt lat="34.2329795099794864654541015625" lon="108.93732880242168903350830078125">
        <ele>407.79998779296875</ele>
        <time>2026-03-17T13:20:23.000Z</time>
        <extensions>
          <ns3:TrackPointExtension>
            <ns3:hr>145</ns3:hr>
            <ns3:cad>98</ns3:cad>
          </ns3:TrackPointExtension>
        </extensions>
      </trkpt>
      <trkpt lat="34.2329734750092029571533203125" lon="108.93736283294856548309326171875">
        <ele>407.79998779296875</ele>
        <time>2026-03-17T13:20:24.000Z</time>
        <extensions>
          <ns3:TrackPointExtension>
            <ns3:hr>145</ns3:hr>
            <ns3:cad>98</ns3:cad>
          </ns3:TrackPointExtension>
        </extensions>
      </trkpt>
      <trkpt lat="34.23296727240085601806640625" lon="108.93741496838629245758056640625">
        <ele>407.79998779296875</ele>
        <time>2026-03-17T13:20:25.000Z</time>
        <extensions>
          <ns3:TrackPointExtension>
            <ns3:hr>145</ns3:hr>
            <ns3:cad>98</ns3:cad>
          </ns3:TrackPointExtension>
        </extensions>
      </trkpt>
      <trkpt lat="34.2329664342105388641357421875" lon="108.93746383488178253173828125">
        <ele>407.79998779296875</ele>
        <time>2026-03-17T13:20:26.000Z</time>
        <extensions>
          <ns3:TrackPointExtension>
            <ns3:hr>145</ns3:hr>
            <ns3:cad>98</ns3:cad>
          </ns3:TrackPointExtension>
        </extensions>
      </trkpt>
      <trkpt lat="34.232955537736415863037109375" lon="108.93754907883703708648681640625">
        <ele>407.79998779296875</ele>
        <time>2026-03-17T13:20:27.000Z</time>
        <extensions>
          <ns3:TrackPointExtension>
            <ns3:hr>145</ns3:hr>
            <ns3:cad>98</ns3:cad>
          </ns3:TrackPointExtension>
        </extensions>
      </trkpt>
      <trkpt lat="34.23293584026396274566650390625" lon="108.9375863783061504364013671875">
        <ele>407.79998779296875</ele>
        <time>2026-03-17T13:20:28.000Z</time>
        <extensions>
          <ns3:TrackPointExtension>
            <ns3:hr>145</ns3:hr>
            <ns3:cad>98</ns3:cad>
          </ns3:TrackPointExtension>
        </extensions>
      </trkpt>
      <trkpt lat="34.23291874118149280548095703125" lon="108.93761311657726764678955078125">
        <ele>407.79998779296875</ele>
        <time>2026-03-17T13:20:29.000Z</time>
        <extensions>
          <ns3:TrackPointExtension>
            <ns3:hr>144</ns3:hr>
            <ns3:cad>98</ns3:cad>
          </ns3:TrackPointExtension>
        </extensions>
      </trkpt>
      <trkpt lat="34.23290289938449859619140625" lon="108.93763876520097255706787109375">
        <ele>407.79998779296875</ele>
        <time>2026-03-17T13:20:30.000Z</time>
        <extensions>
          <ns3:TrackPointExtension>
            <ns3:hr>145</ns3:hr>
            <ns3:cad>98</ns3:cad>
          </ns3:TrackPointExtension>
        </extensions>
      </trkpt>
      <trkpt lat="34.232885800302028656005859375" lon="108.93767447210848331451416015625">
        <ele>407.79998779296875</ele>
        <time>2026-03-17T13:20:31.000Z</time>
        <extensions>
          <ns3:TrackPointExtension>
            <ns3:hr>145</ns3:hr>
            <ns3:cad>98</ns3:cad>
          </ns3:TrackPointExtension>
        </extensions>
      </trkpt>
      <trkpt lat="34.2328718863427639007568359375" lon="108.93770364113152027130126953125">
        <ele>407.79998779296875</ele>
        <time>2026-03-17T13:20:32.000Z</time>
        <extensions>
          <ns3:TrackPointExtension>
            <ns3:hr>145</ns3:hr>
            <ns3:cad>98</ns3:cad>
          </ns3:TrackPointExtension>
        </extensions>
      </trkpt>
      <trkpt lat="34.23286710865795612335205078125" lon="108.93774010241031646728515625">
        <ele>407.79998779296875</ele>
        <time>2026-03-17T13:20:33.000Z</time>
        <extensions>
          <ns3:TrackPointExtension>
            <ns3:hr>145</ns3:hr>
            <ns3:cad>98</ns3:cad>
          </ns3:TrackPointExtension>
        </extensions>
      </trkpt>
      <trkpt lat="34.23285537399351596832275390625" lon="108.93777228891849517822265625">
        <ele>407.79998779296875</ele>
        <time>2026-03-17T13:20:34.000Z</time>
        <extensions>
          <ns3:TrackPointExtension>
            <ns3:hr>145</ns3:hr>
            <ns3:cad>98</ns3:cad>
          </ns3:TrackPointExtension>
        </extensions>
      </trkpt>
      <trkpt lat="34.23284389078617095947265625" lon="108.9378029666841030120849609375">
        <ele>407.600006103515625</ele>
        <time>2026-03-17T13:20:35.000Z</time>
        <extensions>
          <ns3:TrackPointExtension>
            <ns3:hr>145</ns3:hr>
            <ns3:cad>98</ns3:cad>
          </ns3:TrackPointExtension>
        </extensions>
      </trkpt>
      <trkpt lat="34.23284389078617095947265625" lon="108.93783372826874256134033203125">
        <ele>407.600006103515625</ele>
        <time>2026-03-17T13:20:36.000Z</time>
        <extensions>
          <ns3:TrackPointExtension>
            <ns3:hr>145</ns3:hr>
            <ns3:cad>98</ns3:cad>
          </ns3:TrackPointExtension>
        </extensions>
      </trkpt>
      <trkpt lat="34.23286559991538524627685546875" lon="108.93786214292049407958984375">
        <ele>407.600006103515625</ele>
        <time>2026-03-17T13:20:37.000Z</time>
        <extensions>
          <ns3:TrackPointExtension>
            <ns3:hr>145</ns3:hr>
            <ns3:cad>98</ns3:cad>
          </ns3:TrackPointExtension>
        </extensions>
      </trkpt>
      <trkpt lat="34.23288680613040924072265625" lon="108.9378944970667362213134765625">
        <ele>407.600006103515625</ele>
        <time>2026-03-17T13:20:38.000Z</time>
        <extensions>
          <ns3:TrackPointExtension>
            <ns3:hr>145</ns3:hr>
            <ns3:cad>98</ns3:cad>
          </ns3:TrackPointExtension>
        </extensions>
      </trkpt>
      <trkpt lat="34.23289862461388111114501953125" lon="108.93792374990880489349365234375">
        <ele>407.600006103515625</ele>
        <time>2026-03-17T13:20:39.000Z</time>
        <extensions>
          <ns3:TrackPointExtension>
            <ns3:hr>145</ns3:hr>
            <ns3:cad>98</ns3:cad>
          </ns3:TrackPointExtension>
        </extensions>
      </trkpt>
      <trkpt lat="34.23292033374309539794921875" lon="108.937956355512142181396484375">
        <ele>407.600006103515625</ele>
        <time>2026-03-17T13:20:40.000Z</time>
        <extensions>
          <ns3:TrackPointExtension>
            <ns3:hr>145</ns3:hr>
            <ns3:cad>98</ns3:cad>
          </ns3:TrackPointExtension>
        </extensions>
      </trkpt>
      <trkpt lat="34.2329369299113750457763671875" lon="108.9379836805164813995361328125">
        <ele>407.600006103515625</ele>
        <time>2026-03-17T13:20:41.000Z</time>
        <extensions>
          <ns3:TrackPointExtension>
            <ns3:hr>146</ns3:hr>
            <ns3:cad>98</ns3:cad>
          </ns3:TrackPointExtension>
        </extensions>
      </trkpt>
      <trkpt lat="34.2329268716275691986083984375" lon="108.93800488673150539398193359375">
        <ele>407.79998779296875</ele>
        <time>2026-03-17T13:20:42.000Z</time>
        <extensions>
          <ns3:TrackPointExtension>
            <ns3:hr>146</ns3:hr>
            <ns3:cad>98</ns3:cad>
          </ns3:TrackPointExtension>
        </extensions>
      </trkpt>
      <trkpt lat="34.2329459823668003082275390625" lon="108.9380299486219882965087890625">
        <ele>407.79998779296875</ele>
        <time>2026-03-17T13:20:43.000Z</time>
        <extensions>
          <ns3:TrackPointExtension>
            <ns3:hr>147</ns3:hr>
            <ns3:cad>97</ns3:cad>
          </ns3:TrackPointExtension>
        </extensions>
      </trkpt>
      <trkpt lat="34.23294841311872005462646484375" lon="108.9380413480103015899658203125">
        <ele>407.79998779296875</ele>
        <time>2026-03-17T13:20:44.000Z</time>
        <extensions>
          <ns3:TrackPointExtension>
            <ns3:hr>148</ns3:hr>
            <ns3:cad>97</ns3:cad>
          </ns3:TrackPointExtension>
        </extensions>
      </trkpt>
      <trkpt lat="34.23294791020452976226806640625" lon="108.93804780207574367523193359375">
        <ele>407.79998779296875</ele>
        <time>2026-03-17T13:20:45.000Z</time>
        <extensions>
          <ns3:TrackPointExtension>
            <ns3:hr>148</ns3:hr>
            <ns3:cad>97</ns3:cad>
          </ns3:TrackPointExtension>
        </extensions>
      </trkpt>
      <trkpt lat="34.23295645974576473236083984375" lon="108.9380561001598834991455078125">
        <ele>407.600006103515625</ele>
        <time>2026-03-17T13:20:46.000Z</time>
        <extensions>
          <ns3:TrackPointExtension>
            <ns3:hr>148</ns3:hr>
            <ns3:cad>99</ns3:cad>
          </ns3:TrackPointExtension>
        </extensions>
      </trkpt>
      <trkpt lat="34.23293064348399639129638671875" lon="108.93805601634085178375244140625">
        <ele>407.600006103515625</ele>
        <time>2026-03-17T13:20:47.000Z</time>
        <extensions>
          <ns3:TrackPointExtension>
            <ns3:hr>148</ns3:hr>
            <ns3:cad>99</ns3:cad>
          </ns3:TrackPointExtension>
        </extensions>
      </trkpt>
      <trkpt lat="34.232915975153446197509765625" lon="108.93807210959494113922119140625">
        <ele>407.600006103515625</ele>
        <time>2026-03-17T13:20:48.000Z</time>
        <extensions>
          <ns3:TrackPointExtension>
            <ns3:hr>148</ns3:hr>
            <ns3:cad>98</ns3:cad>
          </ns3:TrackPointExtension>
        </extensions>
      </trkpt>
      <trkpt lat="34.23288353718817234039306640625" lon="108.93808132968842983245849609375">
        <ele>407.79998779296875</ele>
        <time>2026-03-17T13:20:49.000Z</time>
        <extensions>
          <ns3:TrackPointExtension>
            <ns3:hr>147</ns3:hr>
            <ns3:cad>98</ns3:cad>
          </ns3:TrackPointExtension>
        </extensions>
      </trkpt>
      <trkpt lat="34.23286928795278072357177734375" lon="108.9380708523094654083251953125">
        <ele>407.79998779296875</ele>
        <time>2026-03-17T13:20:50.000Z</time>
        <extensions>
          <ns3:TrackPointExtension>
            <ns3:hr>147</ns3:hr>
            <ns3:cad>98</ns3:cad>
          </ns3:TrackPointExtension>
        </extensions>
      </trkpt>
      <trkpt lat="34.23289292491972446441650390625" lon="108.93807001411914825439453125">
        <ele>407.79998779296875</ele>
        <time>2026-03-17T13:20:51.000Z</time>
        <extensions>
          <ns3:TrackPointExtension>
            <ns3:hr>147</ns3:hr>
            <ns3:cad>99</ns3:cad>
          </ns3:TrackPointExtension>
        </extensions>
      </trkpt>
      <trkpt lat="34.23291287384927272796630859375" lon="108.9380792342126369476318359375">
        <ele>407.79998779296875</ele>
        <time>2026-03-17T13:20:52.000Z</time>
        <extensions>
          <ns3:TrackPointExtension>
            <ns3:hr>146</ns3:hr>
            <ns3:cad>99</ns3:cad>
          </ns3:TrackPointExtension>
        </extensions>
      </trkpt>
      <trkpt lat="34.2329248599708080291748046875" lon="108.93808887340128421783447265625">
        <ele>407.79998779296875</ele>
        <time>2026-03-17T13:20:53.000Z</time>
        <extensions>
          <ns3:TrackPointExtension>
            <ns3:hr>146</ns3:hr>
            <ns3:cad>99</ns3:cad>
          </ns3:TrackPointExtension>
        </extensions>
      </trkpt>
      <trkpt lat="34.232948161661624908447265625" lon="108.9380990155041217803955078125">
        <ele>407.79998779296875</ele>
        <time>2026-03-17T13:20:54.000Z</time>
        <extensions>
          <ns3:TrackPointExtension>
            <ns3:hr>146</ns3:hr>
            <ns3:cad>99</ns3:cad>
          </ns3:TrackPointExtension>
        </extensions>
      </trkpt>
      <trkpt lat="34.23296819441020488739013671875" lon="108.938108570873737335205078125">
        <ele>407.79998779296875</ele>
        <time>2026-03-17T13:20:55.000Z</time>
        <extensions>
          <ns3:TrackPointExtension>
            <ns3:hr>145</ns3:hr>
            <ns3:cad>99</ns3:cad>
          </ns3:TrackPointExtension>
        </extensions>
      </trkpt>
      <trkpt lat="34.23297640867531299591064453125" lon="108.9381171204149723052978515625">
        <ele>407.79998779296875</ele>
        <time>2026-03-17T13:20:56.000Z</time>
        <extensions>
          <ns3:TrackPointExtension>
            <ns3:hr>145</ns3:hr>
            <ns3:cad>99</ns3:cad>
          </ns3:TrackPointExtension>
        </extensions>
      </trkpt>
      <trkpt lat="34.23302921466529369354248046875" lon="108.9381375722587108612060546875">
        <ele>407.79998779296875</ele>
        <time>2026-03-17T13:20:57.000Z</time>
        <extensions>
          <ns3:TrackPointExtension>
            <ns3:hr>145</ns3:hr>
            <ns3:cad>99</ns3:cad>
          </ns3:TrackPointExtension>
        </extensions>
      </trkpt>
      <trkpt lat="34.23306844197213649749755859375" lon="108.9381479658186435699462890625">
        <ele>407.79998779296875</ele>
        <time>2026-03-17T13:20:58.000Z</time>
        <extensions>
          <ns3:TrackPointExtension>
            <ns3:hr>145</ns3:hr>
            <ns3:cad>99</ns3:cad>
          </ns3:TrackPointExtension>
        </extensions>
      </trkpt>
      <trkpt lat="34.23311236314475536346435546875" lon="108.93817059695720672607421875">
        <ele>407.79998779296875</ele>
        <time>2026-03-17T13:20:59.000Z</time>
        <extensions>
          <ns3:TrackPointExtension>
            <ns3:hr>145</ns3:hr>
            <ns3:cad>99</ns3:cad>
          </ns3:TrackPointExtension>
        </extensions>
      </trkpt>
      <trkpt lat="34.23314739950001239776611328125" lon="108.93817386589944362640380859375">
        <ele>407.79998779296875</ele>
        <time>2026-03-17T13:21:00.000Z</time>
        <extensions>
          <ns3:TrackPointExtension>
            <ns3:hr>144</ns3:hr>
            <ns3:cad>99</ns3:cad>
          </ns3:TrackPointExtension>
        </extensions>
      </trkpt>
      <trkpt lat="34.23317036591470241546630859375" lon="108.93819934688508510589599609375">
        <ele>407.79998779296875</ele>
        <time>2026-03-17T13:21:01.000Z</time>
        <extensions>
          <ns3:TrackPointExtension>
            <ns3:hr>144</ns3:hr>
            <ns3:cad>98</ns3:cad>
          </ns3:TrackPointExtension>
        </extensions>
      </trkpt>
      <trkpt lat="34.233192913234233856201171875" lon="108.93821225501596927642822265625">
        <ele>408</ele>
        <time>2026-03-17T13:21:02.000Z</time>
        <extensions>
          <ns3:TrackPointExtension>
            <ns3:hr>144</ns3:hr>
            <ns3:cad>98</ns3:cad>
          </ns3:TrackPointExtension>
        </extensions>
      </trkpt>
      <trkpt lat="34.23322568647563457489013671875" lon="108.93822650425136089324951171875">
        <ele>408</ele>
        <time>2026-03-17T13:21:03.000Z</time>
        <extensions>
          <ns3:TrackPointExtension>
            <ns3:hr>143</ns3:hr>
            <ns3:cad>98</ns3:cad>
          </ns3:TrackPointExtension>
        </extensions>
      </trkpt>
      <trkpt lat="34.233254604041576385498046875" lon="108.93823052756488323211669921875">
        <ele>408</ele>
        <time>2026-03-17T13:21:04.000Z</time>
        <extensions>
          <ns3:TrackPointExtension>
            <ns3:hr>143</ns3:hr>
            <ns3:cad>98</ns3:cad>
          </ns3:TrackPointExtension>
        </extensions>
      </trkpt>
      <trkpt lat="34.23331101424992084503173828125" lon="108.93823673017323017120361328125">
        <ele>408</ele>
        <time>2026-03-17T13:21:05.000Z</time>
        <extensions>
          <ns3:TrackPointExtension>
            <ns3:hr>143</ns3:hr>
            <ns3:cad>98</ns3:cad>
          </ns3:TrackPointExtension>
        </extensions>
      </trkpt>
      <trkpt lat="34.2333459667861461639404296875" lon="108.9382396638393402099609375">
        <ele>408</ele>
        <time>2026-03-17T13:21:06.000Z</time>
        <extensions>
          <ns3:TrackPointExtension>
            <ns3:hr>142</ns3:hr>
            <ns3:cad>98</ns3:cad>
          </ns3:TrackPointExtension>
        </extensions>
      </trkpt>
      <trkpt lat="34.2333778180181980133056640625" lon="108.93825701437890529632568359375">
        <ele>407.79998779296875</ele>
        <time>2026-03-17T13:21:07.000Z</time>
        <extensions>
          <ns3:TrackPointExtension>
            <ns3:hr>142</ns3:hr>
            <ns3:cad>98</ns3:cad>
          </ns3:TrackPointExtension>
        </extensions>
      </trkpt>
      <trkpt lat="34.23342785798013210296630859375" lon="108.93826036714017391204833984375">
        <ele>407.79998779296875</ele>
        <time>2026-03-17T13:21:08.000Z</time>
        <extensions>
          <ns3:TrackPointExtension>
            <ns3:hr>142</ns3:hr>
            <ns3:cad>98</ns3:cad>
          </ns3:TrackPointExtension>
        </extensions>
      </trkpt>
      <trkpt lat="34.2334757186472415924072265625" lon="108.938264138996601104736328125">
        <ele>407.79998779296875</ele>
        <time>2026-03-17T13:21:09.000Z</time>
        <extensions>
          <ns3:TrackPointExtension>
            <ns3:hr>142</ns3:hr>
            <ns3:cad>98</ns3:cad>
          </ns3:TrackPointExtension>
        </extensions>
      </trkpt>
      <trkpt lat="34.23352341167628765106201171875" lon="108.93825802020728588104248046875">
        <ele>407.79998779296875</ele>
        <time>2026-03-17T13:21:10.000Z</time>
        <extensions>
          <ns3:TrackPointExtension>
            <ns3:hr>142</ns3:hr>
            <ns3:cad>98</ns3:cad>
          </ns3:TrackPointExtension>
        </extensions>
      </trkpt>
      <trkpt lat="34.2335615493357181549072265625" lon="108.93827411346137523651123046875">
        <ele>407.79998779296875</ele>
        <time>2026-03-17T13:21:11.000Z</time>
        <extensions>
          <ns3:TrackPointExtension>
            <ns3:hr>142</ns3:hr>
            <ns3:cad>98</ns3:cad>
          </ns3:TrackPointExtension>
        </extensions>
      </trkpt>
      <trkpt lat="34.2336098290979862213134765625" lon="108.9382653124630451202392578125">
        <ele>407.600006103515625</ele>
        <time>2026-03-17T13:21:12.000Z</time>
        <extensions>
          <ns3:TrackPointExtension>
            <ns3:hr>142</ns3:hr>
            <ns3:cad>97</ns3:cad>
          </ns3:TrackPointExtension>
        </extensions>
      </trkpt>
      <trkpt lat="34.233653247356414794921875" lon="108.93827377818524837493896484375">
        <ele>407.600006103515625</ele>
        <time>2026-03-17T13:21:13.000Z</time>
        <extensions>
          <ns3:TrackPointExtension>
            <ns3:hr>142</ns3:hr>
            <ns3:cad>97</ns3:cad>
          </ns3:TrackPointExtension>
        </extensions>
      </trkpt>
      <trkpt lat="34.2336953245103359222412109375" lon="108.938271515071392059326171875">
        <ele>407.79998779296875</ele>
        <time>2026-03-17T13:21:14.000Z</time>
        <extensions>
          <ns3:TrackPointExtension>
            <ns3:hr>143</ns3:hr>
            <ns3:cad>97</ns3:cad>
          </ns3:TrackPointExtension>
        </extensions>
      </trkpt>
      <trkpt lat="34.2337352223694324493408203125" lon="108.9382683299481868743896484375">
        <ele>407.79998779296875</ele>
        <time>2026-03-17T13:21:15.000Z</time>
        <extensions>
          <ns3:TrackPointExtension>
            <ns3:hr>143</ns3:hr>
            <ns3:cad>97</ns3:cad>
          </ns3:TrackPointExtension>
        </extensions>
      </trkpt>
      <trkpt lat="34.233771264553070068359375" lon="108.93827193416655063629150390625">
        <ele>407.79998779296875</ele>
        <time>2026-03-17T13:21:16.000Z</time>
        <extensions>
          <ns3:TrackPointExtension>
            <ns3:hr>144</ns3:hr>
            <ns3:cad>97</ns3:cad>
          </ns3:TrackPointExtension>
        </extensions>
      </trkpt>
      <trkpt lat="34.23382063396275043487548828125" lon="108.93826204352080821990966796875">
        <ele>407.79998779296875</ele>
        <time>2026-03-17T13:21:17.000Z</time>
        <extensions>
          <ns3:TrackPointExtension>
            <ns3:hr>145</ns3:hr>
            <ns3:cad>99</ns3:cad>
          </ns3:TrackPointExtension>
        </extensions>
      </trkpt>
      <trkpt lat="34.233864806592464447021484375" lon="108.938266821205615997314453125">
        <ele>407.79998779296875</ele>
        <time>2026-03-17T13:21:18.000Z</time>
        <extensions>
          <ns3:TrackPointExtension>
            <ns3:hr>146</ns3:hr>
            <ns3:cad>99</ns3:cad>
          </ns3:TrackPointExtension>
        </extensions>
      </trkpt>
      <trkpt lat="34.2339040338993072509765625" lon="108.938265480101108551025390625">
        <ele>407.79998779296875</ele>
        <time>2026-03-17T13:21:19.000Z</time>
        <extensions>
          <ns3:TrackPointExtension>
            <ns3:hr>147</ns3:hr>
            <ns3:cad>99</ns3:cad>
          </ns3:TrackPointExtension>
        </extensions>
      </trkpt>
      <trkpt lat="34.2339442670345306396484375" lon="108.93825802020728588104248046875">
        <ele>407.79998779296875</ele>
        <time>2026-03-17T13:21:20.000Z</time>
        <extensions>
          <ns3:TrackPointExtension>
            <ns3:hr>148</ns3:hr>
            <ns3:cad>99</ns3:cad>
          </ns3:TrackPointExtension>
        </extensions>
      </trkpt>
      <trkpt lat="34.23398056067526340484619140625" lon="108.93825667910277843475341796875">
        <ele>407.79998779296875</ele>
        <time>2026-03-17T13:21:21.000Z</time>
        <extensions>
          <ns3:TrackPointExtension>
            <ns3:hr>148</ns3:hr>
            <ns3:cad>99</ns3:cad>
          </ns3:TrackPointExtension>
        </extensions>
      </trkpt>
      <trkpt lat="34.23401643522083759307861328125" lon="108.93824779428541660308837890625">
        <ele>407.79998779296875</ele>
        <time>2026-03-17T13:21:22.000Z</time>
        <extensions>
          <ns3:TrackPointExtension>
            <ns3:hr>148</ns3:hr>
            <ns3:cad>99</ns3:cad>
          </ns3:TrackPointExtension>
        </extensions>
      </trkpt>
      <trkpt lat="34.2340550757944583892822265625" lon="108.9382462017238140106201171875">
        <ele>407.79998779296875</ele>
        <time>2026-03-17T13:21:23.000Z</time>
        <extensions>
          <ns3:TrackPointExtension>
            <ns3:hr>148</ns3:hr>
            <ns3:cad>99</ns3:cad>
          </ns3:TrackPointExtension>
        </extensions>
      </trkpt>
      <trkpt lat="34.234084747731685638427734375" lon="108.93824745900928974151611328125">
        <ele>407.79998779296875</ele>
        <time>2026-03-17T13:21:24.000Z</time>
        <extensions>
          <ns3:TrackPointExtension>
            <ns3:hr>148</ns3:hr>
            <ns3:cad>99</ns3:cad>
          </ns3:TrackPointExtension>
        </extensions>
      </trkpt>
      <trkpt lat="34.23412707634270191192626953125" lon="108.938247375190258026123046875">
        <ele>407.79998779296875</ele>
        <time>2026-03-17T13:21:25.000Z</time>
        <extensions>
          <ns3:TrackPointExtension>
            <ns3:hr>148</ns3:hr>
            <ns3:cad>99</ns3:cad>
          </ns3:TrackPointExtension>
        </extensions>
      </trkpt>
      <trkpt lat="34.23416378907859325408935546875" lon="108.9382475428283214569091796875">
        <ele>407.79998779296875</ele>
        <time>2026-03-17T13:21:26.000Z</time>
        <extensions>
          <ns3:TrackPointExtension>
            <ns3:hr>149</ns3:hr>
            <ns3:cad>97</ns3:cad>
          </ns3:TrackPointExtension>
        </extensions>
      </trkpt>
      <trkpt lat="34.23419631086289882659912109375" lon="108.9382368139922618865966796875">
        <ele>407.79998779296875</ele>
        <time>2026-03-17T13:21:27.000Z</time>
        <extensions>
          <ns3:TrackPointExtension>
            <ns3:hr>149</ns3:hr>
            <ns3:cad>97</ns3:cad>
          </ns3:TrackPointExtension>
        </extensions>
      </trkpt>
      <trkpt lat="34.2342312633991241455078125" lon="108.93823228776454925537109375">
        <ele>407.79998779296875</ele>
        <time>2026-03-17T13:21:28.000Z</time>
        <extensions>
          <ns3:TrackPointExtension>
            <ns3:hr>149</ns3:hr>
            <ns3:cad>97</ns3:cad>
          </ns3:TrackPointExtension>
        </extensions>
      </trkpt>
      <trkpt lat="34.2342679761350154876708984375" lon="108.938222229480743408203125">
        <ele>407.79998779296875</ele>
        <time>2026-03-17T13:21:29.000Z</time>
        <extensions>
          <ns3:TrackPointExtension>
            <ns3:hr>149</ns3:hr>
            <ns3:cad>97</ns3:cad>
          </ns3:TrackPointExtension>
        </extensions>
      </trkpt>
      <trkpt lat="34.23430309630930423736572265625" lon="108.938215859234333038330078125">
        <ele>407.79998779296875</ele>
        <time>2026-03-17T13:21:30.000Z</time>
        <extensions>
          <ns3:TrackPointExtension>
            <ns3:hr>149</ns3:hr>
            <ns3:cad>98</ns3:cad>
          </ns3:TrackPointExtension>
        </extensions>
      </trkpt>
      <trkpt lat="34.23433980904519557952880859375" lon="108.938207812607288360595703125">
        <ele>407.600006103515625</ele>
        <time>2026-03-17T13:21:31.000Z</time>
        <extensions>
          <ns3:TrackPointExtension>
            <ns3:hr>148</ns3:hr>
            <ns3:cad>98</ns3:cad>
          </ns3:TrackPointExtension>
        </extensions>
      </trkpt>
      <trkpt lat="34.2343776114284992218017578125" lon="108.938176631927490234375">
        <ele>407.79998779296875</ele>
        <time>2026-03-17T13:21:32.000Z</time>
        <extensions>
          <ns3:TrackPointExtension>
            <ns3:hr>149</ns3:hr>
            <ns3:cad>98</ns3:cad>
          </ns3:TrackPointExtension>
        </extensions>
      </trkpt>
      <trkpt lat="34.234411306679248809814453125" lon="108.93816146068274974822998046875">
        <ele>407.79998779296875</ele>
        <time>2026-03-17T13:21:33.000Z</time>
        <extensions>
          <ns3:TrackPointExtension>
            <ns3:hr>149</ns3:hr>
            <ns3:cad>98</ns3:cad>
          </ns3:TrackPointExtension>
        </extensions>
      </trkpt>
      <trkpt lat="34.23444994725286960601806640625" lon="108.93813597969710826873779296875">
        <ele>407.79998779296875</ele>
        <time>2026-03-17T13:21:34.000Z</time>
        <extensions>
          <ns3:TrackPointExtension>
            <ns3:hr>149</ns3:hr>
            <ns3:cad>98</ns3:cad>
          </ns3:TrackPointExtension>
        </extensions>
      </trkpt>
      <trkpt lat="34.2344852350652217864990234375" lon="108.9381177909672260284423828125">
        <ele>407.79998779296875</ele>
        <time>2026-03-17T13:21:35.000Z</time>
        <extensions>
          <ns3:TrackPointExtension>
            <ns3:hr>149</ns3:hr>
            <ns3:cad>98</ns3:cad>
          </ns3:TrackPointExtension>
        </extensions>
      </trkpt>
      <trkpt lat="34.23452186398208141326904296875" lon="108.9381060563027858734130859375">
        <ele>407.79998779296875</ele>
        <time>2026-03-17T13:21:36.000Z</time>
        <extensions>
          <ns3:TrackPointExtension>
            <ns3:hr>149</ns3:hr>
            <ns3:cad>98</ns3:cad>
          </ns3:TrackPointExtension>
        </extensions>
      </trkpt>
      <trkpt lat="34.2345573194324970245361328125" lon="108.93808937631547451019287109375">
        <ele>407.79998779296875</ele>
        <time>2026-03-17T13:21:37.000Z</time>
        <extensions>
          <ns3:TrackPointExtension>
            <ns3:hr>149</ns3:hr>
            <ns3:cad>98</ns3:cad>
          </ns3:TrackPointExtension>
        </extensions>
      </trkpt>
      <trkpt lat="34.234593026340007781982421875" lon="108.93807596527040004730224609375">
        <ele>407.79998779296875</ele>
        <time>2026-03-17T13:21:38.000Z</time>
        <extensions>
          <ns3:TrackPointExtension>
            <ns3:hr>149</ns3:hr>
            <ns3:cad>97</ns3:cad>
          </ns3:TrackPointExtension>
        </extensions>
      </trkpt>
      <trkpt lat="34.2346310801804065704345703125" lon="108.93805618397891521453857421875">
        <ele>407.79998779296875</ele>
        <time>2026-03-17T13:21:39.000Z</time>
        <extensions>
          <ns3:TrackPointExtension>
            <ns3:hr>150</ns3:hr>
            <ns3:cad>97</ns3:cad>
          </ns3:TrackPointExtension>
        </extensions>
      </trkpt>
      <trkpt lat="34.23466167412698268890380859375" lon="108.93803489394485950469970703125">
        <ele>407.79998779296875</ele>
        <time>2026-03-17T13:21:40.000Z</time>
        <extensions>
          <ns3:TrackPointExtension>
            <ns3:hr>150</ns3:hr>
            <ns3:cad>97</ns3:cad>
          </ns3:TrackPointExtension>
        </extensions>
      </trkpt>
      <trkpt lat="34.234691597521305084228515625" lon="108.9380175434052944183349609375">
        <ele>407.79998779296875</ele>
        <time>2026-03-17T13:21:41.000Z</time>
        <extensions>
          <ns3:TrackPointExtension>
            <ns3:hr>150</ns3:hr>
            <ns3:cad>97</ns3:cad>
          </ns3:TrackPointExtension>
        </extensions>
      </trkpt>
      <trkpt lat="34.23471950925886631011962890625" lon="108.93799734301865100860595703125">
        <ele>407.79998779296875</ele>
        <time>2026-03-17T13:21:42.000Z</time>
        <extensions>
          <ns3:TrackPointExtension>
            <ns3:hr>149</ns3:hr>
            <ns3:cad>98</ns3:cad>
          </ns3:TrackPointExtension>
        </extensions>
      </trkpt>
      <trkpt lat="34.2347490973770618438720703125" lon="108.93797303549945354461669921875">
        <ele>407.79998779296875</ele>
        <time>2026-03-17T13:21:43.000Z</time>
        <extensions>
          <ns3:TrackPointExtension>
            <ns3:hr>149</ns3:hr>
            <ns3:cad>98</ns3:cad>
          </ns3:TrackPointExtension>
        </extensions>
      </trkpt>
      <trkpt lat="34.23477918840944766998291015625" lon="108.93793850205838680267333984375">
        <ele>407.79998779296875</ele>
        <time>2026-03-17T13:21:44.000Z</time>
        <extensions>
          <ns3:TrackPointExtension>
            <ns3:hr>149</ns3:hr>
            <ns3:cad>97</ns3:cad>
          </ns3:TrackPointExtension>
        </extensions>
      </trkpt>
      <trkpt lat="34.23480601049959659576416015625" lon="108.937903381884098052978515625">
        <ele>407.79998779296875</ele>
        <time>2026-03-17T13:21:45.000Z</time>
        <extensions>
          <ns3:TrackPointExtension>
            <ns3:hr>148</ns3:hr>
            <ns3:cad>97</ns3:cad>
          </ns3:TrackPointExtension>
        </extensions>
      </trkpt>
      <trkpt lat="34.23483065329492092132568359375" lon="108.9378737099468708038330078125">
        <ele>407.79998779296875</ele>
        <time>2026-03-17T13:21:46.000Z</time>
        <extensions>
          <ns3:TrackPointExtension>
            <ns3:hr>149</ns3:hr>
            <ns3:cad>97</ns3:cad>
          </ns3:TrackPointExtension>
        </extensions>
      </trkpt>
      <trkpt lat="34.23485546372830867767333984375" lon="108.93784194253385066986083984375">
        <ele>407.79998779296875</ele>
        <time>2026-03-17T13:21:47.000Z</time>
        <extensions>
          <ns3:TrackPointExtension>
            <ns3:hr>149</ns3:hr>
            <ns3:cad>97</ns3:cad>
          </ns3:TrackPointExtension>
        </extensions>
      </trkpt>
      <trkpt lat="34.2348778434097766876220703125" lon="108.93781143240630626678466796875">
        <ele>407.79998779296875</ele>
        <time>2026-03-17T13:21:48.000Z</time>
        <extensions>
          <ns3:TrackPointExtension>
            <ns3:hr>149</ns3:hr>
            <ns3:cad>98</ns3:cad>
          </ns3:TrackPointExtension>
        </extensions>
      </trkpt>
      <trkpt lat="34.2349003069102764129638671875" lon="108.9377756416797637939453125">
        <ele>407.79998779296875</ele>
        <time>2026-03-17T13:21:49.000Z</time>
        <extensions>
          <ns3:TrackPointExtension>
            <ns3:hr>148</ns3:hr>
            <ns3:cad>98</ns3:cad>
          </ns3:TrackPointExtension>
        </extensions>
      </trkpt>
      <trkpt lat="34.2349112033843994140625" lon="108.9377060718834400177001953125">
        <ele>407.79998779296875</ele>
        <time>2026-03-17T13:21:50.000Z</time>
        <extensions>
          <ns3:TrackPointExtension>
            <ns3:hr>149</ns3:hr>
            <ns3:cad>98</ns3:cad>
          </ns3:TrackPointExtension>
        </extensions>
      </trkpt>
      <trkpt lat="34.2349288053810596466064453125" lon="108.93767774105072021484375">
        <ele>408</ele>
        <time>2026-03-17T13:21:51.000Z</time>
        <extensions>
          <ns3:TrackPointExtension>
            <ns3:hr>149</ns3:hr>
            <ns3:cad>98</ns3:cad>
          </ns3:TrackPointExtension>
        </extensions>
      </trkpt>
      <trkpt lat="34.2349408753216266632080078125" lon="108.93764362670481204986572265625">
        <ele>408</ele>
        <time>2026-03-17T13:21:52.000Z</time>
        <extensions>
          <ns3:TrackPointExtension>
            <ns3:hr>148</ns3:hr>
            <ns3:cad>98</ns3:cad>
          </ns3:TrackPointExtension>
        </extensions>
      </trkpt>
      <trkpt lat="34.23495420254766941070556640625" lon="108.93761496059596538543701171875">
        <ele>407.79998779296875</ele>
        <time>2026-03-17T13:21:53.000Z</time>
        <extensions>
          <ns3:TrackPointExtension>
            <ns3:hr>148</ns3:hr>
            <ns3:cad>98</ns3:cad>
          </ns3:TrackPointExtension>
        </extensions>
      </trkpt>
      <trkpt lat="34.2349710501730442047119140625" lon="108.93758897669613361358642578125">
        <ele>408</ele>
        <time>2026-03-17T13:21:54.000Z</time>
        <extensions>
          <ns3:TrackPointExtension>
            <ns3:hr>148</ns3:hr>
            <ns3:cad>98</ns3:cad>
          </ns3:TrackPointExtension>
        </extensions>
      </trkpt>
      <trkpt lat="34.23498555086553096771240234375" lon="108.93756282515823841094970703125">
        <ele>407.79998779296875</ele>
        <time>2026-03-17T13:21:55.000Z</time>
        <extensions>
          <ns3:TrackPointExtension>
            <ns3:hr>148</ns3:hr>
            <ns3:cad>98</ns3:cad>
          </ns3:TrackPointExtension>
        </extensions>
      </trkpt>
      <trkpt lat="34.2349998839199542999267578125" lon="108.9375374279916286468505859375">
        <ele>407.79998779296875</ele>
        <time>2026-03-17T13:21:56.000Z</time>
        <extensions>
          <ns3:TrackPointExtension>
            <ns3:hr>148</ns3:hr>
            <ns3:cad>98</ns3:cad>
          </ns3:TrackPointExtension>
        </extensions>
      </trkpt>
      <trkpt lat="34.235010109841823577880859375" lon="108.93751119263470172882080078125">
        <ele>407.79998779296875</ele>
        <time>2026-03-17T13:21:57.000Z</time>
        <extensions>
          <ns3:TrackPointExtension>
            <ns3:hr>147</ns3:hr>
            <ns3:cad>98</ns3:cad>
          </ns3:TrackPointExtension>
        </extensions>
      </trkpt>
      <trkpt lat="34.2350210063159465789794921875" lon="108.93748663365840911865234375">
        <ele>407.79998779296875</ele>
        <time>2026-03-17T13:21:58.000Z</time>
        <extensions>
          <ns3:TrackPointExtension>
            <ns3:hr>147</ns3:hr>
            <ns3:cad>98</ns3:cad>
          </ns3:TrackPointExtension>
        </extensions>
      </trkpt>
      <trkpt lat="34.235038943588733673095703125" lon="108.937474228441715240478515625">
        <ele>407.79998779296875</ele>
        <time>2026-03-17T13:21:59.000Z</time>
        <extensions>
          <ns3:TrackPointExtension>
            <ns3:hr>147</ns3:hr>
            <ns3:cad>98</ns3:cad>
          </ns3:TrackPointExtension>
        </extensions>
      </trkpt>
      <trkpt lat="34.2350464873015880584716796875" lon="108.93746039830148220062255859375">
        <ele>407.79998779296875</ele>
        <time>2026-03-17T13:22:00.000Z</time>
        <extensions>
          <ns3:TrackPointExtension>
            <ns3:hr>147</ns3:hr>
            <ns3:cad>98</ns3:cad>
          </ns3:TrackPointExtension>
        </extensions>
      </trkpt>
      <trkpt lat="34.23505193553864955902099609375" lon="108.93743676133453845977783203125">
        <ele>407.79998779296875</ele>
        <time>2026-03-17T13:22:01.000Z</time>
        <extensions>
          <ns3:TrackPointExtension>
            <ns3:hr>147</ns3:hr>
            <ns3:cad>96</ns3:cad>
          </ns3:TrackPointExtension>
        </extensions>
      </trkpt>
      <trkpt lat="34.23505662940442562103271484375" lon="108.9374160580337047576904296875">
        <ele>407.79998779296875</ele>
        <time>2026-03-17T13:22:02.000Z</time>
        <extensions>
          <ns3:TrackPointExtension>
            <ns3:hr>147</ns3:hr>
            <ns3:cad>96</ns3:cad>
          </ns3:TrackPointExtension>
        </extensions>
      </trkpt>
      <trkpt lat="34.23505671322345733642578125" lon="108.93738806247711181640625">
        <ele>407.79998779296875</ele>
        <time>2026-03-17T13:22:03.000Z</time>
        <extensions>
          <ns3:TrackPointExtension>
            <ns3:hr>146</ns3:hr>
            <ns3:cad>96</ns3:cad>
          </ns3:TrackPointExtension>
        </extensions>
      </trkpt>
      <trkpt lat="34.23505495302379131317138671875" lon="108.93736266531050205230712890625">
        <ele>407.79998779296875</ele>
        <time>2026-03-17T13:22:04.000Z</time>
        <extensions>
          <ns3:TrackPointExtension>
            <ns3:hr>147</ns3:hr>
            <ns3:cad>96</ns3:cad>
          </ns3:TrackPointExtension>
        </extensions>
      </trkpt>
      <trkpt lat="34.23505109734833240509033203125" lon="108.9373357594013214111328125">
        <ele>407.79998779296875</ele>
        <time>2026-03-17T13:22:05.000Z</time>
        <extensions>
          <ns3:TrackPointExtension>
            <ns3:hr>146</ns3:hr>
            <ns3:cad>96</ns3:cad>
          </ns3:TrackPointExtension>
        </extensions>
      </trkpt>
      <trkpt lat="34.235046990215778350830078125" lon="108.9373077638447284698486328125">
        <ele>407.79998779296875</ele>
        <time>2026-03-17T13:22:06.000Z</time>
        <extensions>
          <ns3:TrackPointExtension>
            <ns3:hr>146</ns3:hr>
            <ns3:cad>96</ns3:cad>
          </ns3:TrackPointExtension>
        </extensions>
      </trkpt>
      <trkpt lat="34.23504288308322429656982421875" lon="108.93728001974523067474365234375">
        <ele>407.79998779296875</ele>
        <time>2026-03-17T13:22:07.000Z</time>
        <extensions>
          <ns3:TrackPointExtension>
            <ns3:hr>146</ns3:hr>
            <ns3:cad>96</ns3:cad>
          </ns3:TrackPointExtension>
        </extensions>
      </trkpt>
      <trkpt lat="34.2350290529429912567138671875" lon="108.93725437112152576446533203125">
        <ele>407.79998779296875</ele>
        <time>2026-03-17T13:22:08.000Z</time>
        <extensions>
          <ns3:TrackPointExtension>
            <ns3:hr>145</ns3:hr>
            <ns3:cad>96</ns3:cad>
          </ns3:TrackPointExtension>
        </extensions>
      </trkpt>
      <trkpt lat="34.2350193299353122711181640625" lon="108.9372259564697742462158203125">
        <ele>407.79998779296875</ele>
        <time>2026-03-17T13:22:09.000Z</time>
        <extensions>
          <ns3:TrackPointExtension>
            <ns3:hr>145</ns3:hr>
            <ns3:cad>97</ns3:cad>
          </ns3:TrackPointExtension>
        </extensions>
      </trkpt>
      <trkpt lat="34.23500843346118927001953125" lon="108.93720173276960849761962890625">
        <ele>407.79998779296875</ele>
        <time>2026-03-17T13:22:10.000Z</time>
        <extensions>
          <ns3:TrackPointExtension>
            <ns3:hr>145</ns3:hr>
            <ns3:cad>99</ns3:cad>
          </ns3:TrackPointExtension>
        </extensions>
      </trkpt>
      <trkpt lat="34.23499460332095623016357421875" lon="108.9371736533939838409423828125">
        <ele>407.79998779296875</ele>
        <time>2026-03-17T13:22:11.000Z</time>
        <extensions>
          <ns3:TrackPointExtension>
            <ns3:hr>145</ns3:hr>
            <ns3:cad>99</ns3:cad>
          </ns3:TrackPointExtension>
        </extensions>
      </trkpt>
      <trkpt lat="34.2349807731807231903076171875" lon="108.937146663665771484375">
        <ele>407.79998779296875</ele>
        <time>2026-03-17T13:22:12.000Z</time>
        <extensions>
          <ns3:TrackPointExtension>
            <ns3:hr>145</ns3:hr>
            <ns3:cad>99</ns3:cad>
          </ns3:TrackPointExtension>
        </extensions>
      </trkpt>
      <trkpt lat="34.23495604656636714935302734375" lon="108.93712260760366916656494140625">
        <ele>407.79998779296875</ele>
        <time>2026-03-17T13:22:13.000Z</time>
        <extensions>
          <ns3:TrackPointExtension>
            <ns3:hr>145</ns3:hr>
            <ns3:cad>99</ns3:cad>
          </ns3:TrackPointExtension>
        </extensions>
      </trkpt>
      <trkpt lat="34.23493777401745319366455078125" lon="108.93709863536059856414794921875">
        <ele>407.79998779296875</ele>
        <time>2026-03-17T13:22:14.000Z</time>
        <extensions>
          <ns3:TrackPointExtension>
            <ns3:hr>144</ns3:hr>
            <ns3:cad>97</ns3:cad>
          </ns3:TrackPointExtension>
        </extensions>
      </trkpt>
      <trkpt lat="34.23492101021111011505126953125" lon="108.93706879578530788421630859375">
        <ele>407.79998779296875</ele>
        <time>2026-03-17T13:22:15.000Z</time>
        <extensions>
          <ns3:TrackPointExtension>
            <ns3:hr>144</ns3:hr>
            <ns3:cad>97</ns3:cad>
          </ns3:TrackPointExtension>
        </extensions>
      </trkpt>
      <trkpt lat="34.234900809824466705322265625" lon="108.937043733894824981689453125">
        <ele>407.79998779296875</ele>
        <time>2026-03-17T13:22:16.000Z</time>
        <extensions>
          <ns3:TrackPointExtension>
            <ns3:hr>144</ns3:hr>
            <ns3:cad>97</ns3:cad>
          </ns3:TrackPointExtension>
        </extensions>
      </trkpt>
      <trkpt lat="34.2348862253129482269287109375" lon="108.93702101893723011016845703125">
        <ele>407.79998779296875</ele>
        <time>2026-03-17T13:22:17.000Z</time>
        <extensions>
          <ns3:TrackPointExtension>
            <ns3:hr>144</ns3:hr>
            <ns3:cad>97</ns3:cad>
          </ns3:TrackPointExtension>
        </extensions>
      </trkpt>
      <trkpt lat="34.23486988060176372528076171875" lon="108.9369983039796352386474609375">
        <ele>407.79998779296875</ele>
        <time>2026-03-17T13:22:18.000Z</time>
        <extensions>
          <ns3:TrackPointExtension>
            <ns3:hr>143</ns3:hr>
            <ns3:cad>97</ns3:cad>
          </ns3:TrackPointExtension>
        </extensions>
      </trkpt>
      <trkpt lat="34.23484657891094684600830078125" lon="108.9369812048971652984619140625">
        <ele>407.79998779296875</ele>
        <time>2026-03-17T13:22:19.000Z</time>
        <extensions>
          <ns3:TrackPointExtension>
            <ns3:hr>143</ns3:hr>
            <ns3:cad>97</ns3:cad>
          </ns3:TrackPointExtension>
        </extensions>
      </trkpt>
      <trkpt lat="34.23482277430593967437744140625" lon="108.93696402199566364288330078125">
        <ele>407.79998779296875</ele>
        <time>2026-03-17T13:22:20.000Z</time>
        <extensions>
          <ns3:TrackPointExtension>
            <ns3:hr>143</ns3:hr>
            <ns3:cad>97</ns3:cad>
          </ns3:TrackPointExtension>
        </extensions>
      </trkpt>
      <trkpt lat="34.23479653894901275634765625" lon="108.9369456656277179718017578125">
        <ele>407.79998779296875</ele>
        <time>2026-03-17T13:22:21.000Z</time>
        <extensions>
          <ns3:TrackPointExtension>
            <ns3:hr>143</ns3:hr>
            <ns3:cad>99</ns3:cad>
          </ns3:TrackPointExtension>
        </extensions>
      </trkpt>
      <trkpt lat="34.2347708903253078460693359375" lon="108.9369255490601062774658203125">
        <ele>407.79998779296875</ele>
        <time>2026-03-17T13:22:22.000Z</time>
        <extensions>
          <ns3:TrackPointExtension>
            <ns3:hr>143</ns3:hr>
            <ns3:cad>99</ns3:cad>
          </ns3:TrackPointExtension>
        </extensions>
      </trkpt>
      <trkpt lat="34.23474683426320552825927734375" lon="108.9369106292724609375">
        <ele>407.79998779296875</ele>
        <time>2026-03-17T13:22:23.000Z</time>
        <extensions>
          <ns3:TrackPointExtension>
            <ns3:hr>144</ns3:hr>
            <ns3:cad>99</ns3:cad>
          </ns3:TrackPointExtension>
        </extensions>
      </trkpt>
      <trkpt lat="34.23472277820110321044921875" lon="108.9368931949138641357421875">
        <ele>407.600006103515625</ele>
        <time>2026-03-17T13:22:24.000Z</time>
        <extensions>
          <ns3:TrackPointExtension>
            <ns3:hr>144</ns3:hr>
            <ns3:cad>99</ns3:cad>
          </ns3:TrackPointExtension>
        </extensions>
      </trkpt>
      <trkpt lat="34.234695620834827423095703125" lon="108.93687835894525051116943359375">
        <ele>407.600006103515625</ele>
        <time>2026-03-17T13:22:25.000Z</time>
        <extensions>
          <ns3:TrackPointExtension>
            <ns3:hr>143</ns3:hr>
            <ns3:cad>97</ns3:cad>
          </ns3:TrackPointExtension>
        </extensions>
      </trkpt>
      <trkpt lat="34.23466754145920276641845703125" lon="108.93685631453990936279296875">
        <ele>407.600006103515625</ele>
        <time>2026-03-17T13:22:26.000Z</time>
        <extensions>
          <ns3:TrackPointExtension>
            <ns3:hr>144</ns3:hr>
            <ns3:cad>97</ns3:cad>
          </ns3:TrackPointExtension>
        </extensions>
      </trkpt>
      <trkpt lat="34.2346408031880855560302734375" lon="108.9368353597819805145263671875">
        <ele>407.600006103515625</ele>
        <time>2026-03-17T13:22:27.000Z</time>
        <extensions>
          <ns3:TrackPointExtension>
            <ns3:hr>143</ns3:hr>
            <ns3:cad>97</ns3:cad>
          </ns3:TrackPointExtension>
        </extensions>
      </trkpt>
      <trkpt lat="34.23461507074534893035888671875" lon="108.93681381829082965850830078125">
        <ele>407.600006103515625</ele>
        <time>2026-03-17T13:22:28.000Z</time>
        <extensions>
          <ns3:TrackPointExtension>
            <ns3:hr>143</ns3:hr>
            <ns3:cad>97</ns3:cad>
          </ns3:TrackPointExtension>
        </extensions>
      </trkpt>
      <trkpt lat="34.23458389006555080413818359375" lon="108.9367994852364063262939453125">
        <ele>407.600006103515625</ele>
        <time>2026-03-17T13:22:29.000Z</time>
        <extensions>
          <ns3:TrackPointExtension>
            <ns3:hr>143</ns3:hr>
            <ns3:cad>97</ns3:cad>
          </ns3:TrackPointExtension>
        </extensions>
      </trkpt>
      <trkpt lat="34.2345600016415119171142578125" lon="108.93678599037230014801025390625">
        <ele>407.600006103515625</ele>
        <time>2026-03-17T13:22:30.000Z</time>
        <extensions>
          <ns3:TrackPointExtension>
            <ns3:hr>142</ns3:hr>
            <ns3:cad>97</ns3:cad>
          </ns3:TrackPointExtension>
        </extensions>
      </trkpt>
      <trkpt lat="34.234535694122314453125" lon="108.93677425570785999298095703125">
        <ele>407.600006103515625</ele>
        <time>2026-03-17T13:22:31.000Z</time>
        <extensions>
          <ns3:TrackPointExtension>
            <ns3:hr>142</ns3:hr>
            <ns3:cad>97</ns3:cad>
          </ns3:TrackPointExtension>
        </extensions>
      </trkpt>
      <trkpt lat="34.2345107160508632659912109375" lon="108.9367642812430858612060546875">
        <ele>407.600006103515625</ele>
        <time>2026-03-17T13:22:32.000Z</time>
        <extensions>
          <ns3:TrackPointExtension>
            <ns3:hr>142</ns3:hr>
            <ns3:cad>97</ns3:cad>
          </ns3:TrackPointExtension>
        </extensions>
      </trkpt>
      <trkpt lat="34.23448464833199977874755859375" lon="108.93675548024475574493408203125">
        <ele>407.600006103515625</ele>
        <time>2026-03-17T13:22:33.000Z</time>
        <extensions>
          <ns3:TrackPointExtension>
            <ns3:hr>143</ns3:hr>
            <ns3:cad>97</ns3:cad>
          </ns3:TrackPointExtension>
        </extensions>
      </trkpt>
      <trkpt lat="34.23445061780512332916259765625" lon="108.93674441613256931304931640625">
        <ele>407.600006103515625</ele>
        <time>2026-03-17T13:22:34.000Z</time>
        <extensions>
          <ns3:TrackPointExtension>
            <ns3:hr>143</ns3:hr>
            <ns3:cad>97</ns3:cad>
          </ns3:TrackPointExtension>
        </extensions>
      </trkpt>
      <trkpt lat="34.23442044295370578765869140625" lon="108.9367317594587802886962890625">
        <ele>407.79998779296875</ele>
        <time>2026-03-17T13:22:35.000Z</time>
        <extensions>
          <ns3:TrackPointExtension>
            <ns3:hr>143</ns3:hr>
            <ns3:cad>97</ns3:cad>
          </ns3:TrackPointExtension>
        </extensions>
      </trkpt>
      <trkpt lat="34.23438658006489276885986328125" lon="108.93672346137464046478271484375">
        <ele>407.79998779296875</ele>
        <time>2026-03-17T13:22:36.000Z</time>
        <extensions>
          <ns3:TrackPointExtension>
            <ns3:hr>143</ns3:hr>
            <ns3:cad>97</ns3:cad>
          </ns3:TrackPointExtension>
        </extensions>
      </trkpt>
      <trkpt lat="34.23435456119477748870849609375" lon="108.93672362901270389556884765625">
        <ele>407.79998779296875</ele>
        <time>2026-03-17T13:22:37.000Z</time>
        <extensions>
          <ns3:TrackPointExtension>
            <ns3:hr>143</ns3:hr>
            <ns3:cad>98</ns3:cad>
          </ns3:TrackPointExtension>
        </extensions>
      </trkpt>
      <trkpt lat="34.23432069830596446990966796875" lon="108.9367267303168773651123046875">
        <ele>407.79998779296875</ele>
        <time>2026-03-17T13:22:38.000Z</time>
        <extensions>
          <ns3:TrackPointExtension>
            <ns3:hr>144</ns3:hr>
            <ns3:cad>98</ns3:cad>
          </ns3:TrackPointExtension>
        </extensions>
      </trkpt>
      <trkpt lat="34.23428884707391262054443359375" lon="108.9367334358394145965576171875">
        <ele>407.79998779296875</ele>
        <time>2026-03-17T13:22:39.000Z</time>
        <extensions>
          <ns3:TrackPointExtension>
            <ns3:hr>144</ns3:hr>
            <ns3:cad>98</ns3:cad>
          </ns3:TrackPointExtension>
        </extensions>
      </trkpt>
      <trkpt lat="34.23426068387925624847412109375" lon="108.93673335202038288116455078125">
        <ele>407.79998779296875</ele>
        <time>2026-03-17T13:22:40.000Z</time>
        <extensions>
          <ns3:TrackPointExtension>
            <ns3:hr>145</ns3:hr>
            <ns3:cad>97</ns3:cad>
          </ns3:TrackPointExtension>
        </extensions>
      </trkpt>
      <trkpt lat="34.2342331074178218841552734375" lon="108.9367344416677951812744140625">
        <ele>407.79998779296875</ele>
        <time>2026-03-17T13:22:41.000Z</time>
        <extensions>
          <ns3:TrackPointExtension>
            <ns3:hr>145</ns3:hr>
            <ns3:cad>98</ns3:cad>
          </ns3:TrackPointExtension>
        </extensions>
      </trkpt>
      <trkpt lat="34.2342098057270050048828125" lon="108.936726562678813934326171875">
        <ele>407.79998779296875</ele>
        <time>2026-03-17T13:22:42.000Z</time>
        <extensions>
          <ns3:TrackPointExtension>
            <ns3:hr>144</ns3:hr>
            <ns3:cad>97</ns3:cad>
          </ns3:TrackPointExtension>
        </extensions>
      </trkpt>
      <trkpt lat="34.23418365418910980224609375" lon="108.936727233231067657470703125">
        <ele>407.79998779296875</ele>
        <time>2026-03-17T13:22:43.000Z</time>
        <extensions>
          <ns3:TrackPointExtension>
            <ns3:hr>144</ns3:hr>
            <ns3:cad>96</ns3:cad>
          </ns3:TrackPointExtension>
        </extensions>
      </trkpt>
      <trkpt lat="34.23415725119411945343017578125" lon="108.93672396428883075714111328125">
        <ele>407.79998779296875</ele>
        <time>2026-03-17T13:22:44.000Z</time>
        <extensions>
          <ns3:TrackPointExtension>
            <ns3:hr>144</ns3:hr>
            <ns3:cad>96</ns3:cad>
          </ns3:TrackPointExtension>
        </extensions>
      </trkpt>
      <trkpt lat="34.23413495533168315887451171875" lon="108.936717510223388671875">
        <ele>407.79998779296875</ele>
        <time>2026-03-17T13:22:45.000Z</time>
        <extensions>
          <ns3:TrackPointExtension>
            <ns3:hr>144</ns3:hr>
            <ns3:cad>97</ns3:cad>
          </ns3:TrackPointExtension>
        </extensions>
      </trkpt>
      <trkpt lat="34.23411081545054912567138671875" lon="108.93671357072889804840087890625">
        <ele>407.79998779296875</ele>
        <time>2026-03-17T13:22:46.000Z</time>
        <extensions>
          <ns3:TrackPointExtension>
            <ns3:hr>144</ns3:hr>
            <ns3:cad>97</ns3:cad>
          </ns3:TrackPointExtension>
        </extensions>
      </trkpt>
      <trkpt lat="34.2340875975787639617919921875" lon="108.93670803867280483245849609375">
        <ele>407.79998779296875</ele>
        <time>2026-03-17T13:22:47.000Z</time>
        <extensions>
          <ns3:TrackPointExtension>
            <ns3:hr>144</ns3:hr>
            <ns3:cad>97</ns3:cad>
          </ns3:TrackPointExtension>
        </extensions>
      </trkpt>
      <trkpt lat="34.23406488262116909027099609375" lon="108.9366972260177135467529296875">
        <ele>407.79998779296875</ele>
        <time>2026-03-17T13:22:48.000Z</time>
        <extensions>
          <ns3:TrackPointExtension>
            <ns3:hr>144</ns3:hr>
            <ns3:cad>98</ns3:cad>
          </ns3:TrackPointExtension>
        </extensions>
      </trkpt>
      <trkpt lat="34.23404191620647907257080078125" lon="108.936683647334575653076171875">
        <ele>407.79998779296875</ele>
        <time>2026-03-17T13:22:49.000Z</time>
        <extensions>
          <ns3:TrackPointExtension>
            <ns3:hr>144</ns3:hr>
            <ns3:cad>98</ns3:cad>
          </ns3:TrackPointExtension>
        </extensions>
      </trkpt>
      <trkpt lat="34.23401559703052043914794921875" lon="108.93667551688849925994873046875">
        <ele>407.79998779296875</ele>
        <time>2026-03-17T13:22:50.000Z</time>
        <extensions>
          <ns3:TrackPointExtension>
            <ns3:hr>144</ns3:hr>
            <ns3:cad>99</ns3:cad>
          </ns3:TrackPointExtension>
        </extensions>
      </trkpt>
      <trkpt lat="34.23398575745522975921630859375" lon="108.9366734214127063751220703125">
        <ele>407.79998779296875</ele>
        <time>2026-03-17T13:22:51.000Z</time>
        <extensions>
          <ns3:TrackPointExtension>
            <ns3:hr>144</ns3:hr>
            <ns3:cad>98</ns3:cad>
          </ns3:TrackPointExtension>
        </extensions>
      </trkpt>
      <trkpt lat="34.23395910300314426422119140625" lon="108.936659507453441619873046875">
        <ele>407.79998779296875</ele>
        <time>2026-03-17T13:22:52.000Z</time>
        <extensions>
          <ns3:TrackPointExtension>
            <ns3:hr>144</ns3:hr>
            <ns3:cad>98</ns3:cad>
          </ns3:TrackPointExtension>
        </extensions>
      </trkpt>
      <trkpt lat="34.23393420875072479248046875" lon="108.93664668314158916473388671875">
        <ele>407.79998779296875</ele>
        <time>2026-03-17T13:22:53.000Z</time>
        <extensions>
          <ns3:TrackPointExtension>
            <ns3:hr>144</ns3:hr>
            <ns3:cad>98</ns3:cad>
          </ns3:TrackPointExtension>
        </extensions>
      </trkpt>
      <trkpt lat="34.2339048720896244049072265625" lon="108.93663494847714900970458984375">
        <ele>407.600006103515625</ele>
        <time>2026-03-17T13:22:54.000Z</time>
        <extensions>
          <ns3:TrackPointExtension>
            <ns3:hr>144</ns3:hr>
            <ns3:cad>98</ns3:cad>
          </ns3:TrackPointExtension>
        </extensions>
      </trkpt>
      <trkpt lat="34.2338770441710948944091796875" lon="108.93663042224943637847900390625">
        <ele>407.600006103515625</ele>
        <time>2026-03-17T13:22:55.000Z</time>
        <extensions>
          <ns3:TrackPointExtension>
            <ns3:hr>143</ns3:hr>
            <ns3:cad>98</ns3:cad>
          </ns3:TrackPointExtension>
        </extensions>
      </trkpt>
      <trkpt lat="34.23385114409029483795166015625" lon="108.93662103451788425445556640625">
        <ele>407.600006103515625</ele>
        <time>2026-03-17T13:22:56.000Z</time>
        <extensions>
          <ns3:TrackPointExtension>
            <ns3:hr>143</ns3:hr>
            <ns3:cad>98</ns3:cad>
          </ns3:TrackPointExtension>
        </extensions>
      </trkpt>
      <trkpt lat="34.2338240705430507659912109375" lon="108.93661885522305965423583984375">
        <ele>407.600006103515625</ele>
        <time>2026-03-17T13:22:57.000Z</time>
        <extensions>
          <ns3:TrackPointExtension>
            <ns3:hr>143</ns3:hr>
            <ns3:cad>98</ns3:cad>
          </ns3:TrackPointExtension>
        </extensions>
      </trkpt>
      <trkpt lat="34.23380504362285137176513671875" lon="108.93661365844309329986572265625">
        <ele>407.600006103515625</ele>
        <time>2026-03-17T13:22:58.000Z</time>
        <extensions>
          <ns3:TrackPointExtension>
            <ns3:hr>144</ns3:hr>
            <ns3:cad>98</ns3:cad>
          </ns3:TrackPointExtension>
        </extensions>
      </trkpt>
      <trkpt lat="34.23378542996942996978759765625" lon="108.93661223351955413818359375">
        <ele>407.79998779296875</ele>
        <time>2026-03-17T13:22:59.000Z</time>
        <extensions>
          <ns3:TrackPointExtension>
            <ns3:hr>144</ns3:hr>
            <ns3:cad>98</ns3:cad>
          </ns3:TrackPointExtension>
        </extensions>
      </trkpt>
      <trkpt lat="34.23376363702118396759033203125" lon="108.936615251004695892333984375">
        <ele>407.79998779296875</ele>
        <time>2026-03-17T13:23:00.000Z</time>
        <extensions>
          <ns3:TrackPointExtension>
            <ns3:hr>145</ns3:hr>
            <ns3:cad>98</ns3:cad>
          </ns3:TrackPointExtension>
        </extensions>
      </trkpt>
      <trkpt lat="34.23373597674071788787841796875" lon="108.93663235008716583251953125">
        <ele>407.79998779296875</ele>
        <time>2026-03-17T13:23:01.000Z</time>
        <extensions>
          <ns3:TrackPointExtension>
            <ns3:hr>145</ns3:hr>
            <ns3:cad>98</ns3:cad>
          </ns3:TrackPointExtension>
        </extensions>
      </trkpt>
      <trkpt lat="34.233711920678615570068359375" lon="108.9366341941058635711669921875">
        <ele>407.79998779296875</ele>
        <time>2026-03-17T13:23:02.000Z</time>
        <extensions>
          <ns3:TrackPointExtension>
            <ns3:hr>146</ns3:hr>
            <ns3:cad>97</ns3:cad>
          </ns3:TrackPointExtension>
        </extensions>
      </trkpt>
      <trkpt lat="34.233686439692974090576171875" lon="108.936637379229068756103515625">
        <ele>407.79998779296875</ele>
        <time>2026-03-17T13:23:03.000Z</time>
        <extensions>
          <ns3:TrackPointExtension>
            <ns3:hr>146</ns3:hr>
            <ns3:cad>97</ns3:cad>
          </ns3:TrackPointExtension>
        </extensions>
      </trkpt>
      <trkpt lat="34.2336571030318737030029296875" lon="108.93664232455193996429443359375">
        <ele>407.79998779296875</ele>
        <time>2026-03-17T13:23:04.000Z</time>
        <extensions>
          <ns3:TrackPointExtension>
            <ns3:hr>147</ns3:hr>
            <ns3:cad>97</ns3:cad>
          </ns3:TrackPointExtension>
        </extensions>
      </trkpt>
      <trkpt lat="34.23362265340983867645263671875" lon="108.9366687275469303131103515625">
        <ele>407.79998779296875</ele>
        <time>2026-03-17T13:23:05.000Z</time>
        <extensions>
          <ns3:TrackPointExtension>
            <ns3:hr>147</ns3:hr>
            <ns3:cad>97</ns3:cad>
          </ns3:TrackPointExtension>
        </extensions>
      </trkpt>
      <trkpt lat="34.23359532840549945831298828125" lon="108.936689682304859161376953125">
        <ele>407.79998779296875</ele>
        <time>2026-03-17T13:23:06.000Z</time>
        <extensions>
          <ns3:TrackPointExtension>
            <ns3:hr>147</ns3:hr>
            <ns3:cad>98</ns3:cad>
          </ns3:TrackPointExtension>
        </extensions>
      </trkpt>
      <trkpt lat="34.23356800340116024017333984375" lon="108.936713822185993194580078125">
        <ele>407.79998779296875</ele>
        <time>2026-03-17T13:23:07.000Z</time>
        <extensions>
          <ns3:TrackPointExtension>
            <ns3:hr>148</ns3:hr>
            <ns3:cad>98</ns3:cad>
          </ns3:TrackPointExtension>
        </extensions>
      </trkpt>
      <trkpt lat="34.23354017548263072967529296875" lon="108.936741314828395843505859375">
        <ele>407.79998779296875</ele>
        <time>2026-03-17T13:23:08.000Z</time>
        <extensions>
          <ns3:TrackPointExtension>
            <ns3:hr>148</ns3:hr>
            <ns3:cad>98</ns3:cad>
          </ns3:TrackPointExtension>
        </extensions>
      </trkpt>
      <trkpt lat="34.2335132695734500885009765625" lon="108.93676570616662502288818359375">
        <ele>407.79998779296875</ele>
        <time>2026-03-17T13:23:09.000Z</time>
        <extensions>
          <ns3:TrackPointExtension>
            <ns3:hr>148</ns3:hr>
            <ns3:cad>98</ns3:cad>
          </ns3:TrackPointExtension>
        </extensions>
      </trkpt>
      <trkpt lat="34.23348720185458660125732421875" lon="108.93678565509617328643798828125">
        <ele>407.79998779296875</ele>
        <time>2026-03-17T13:23:10.000Z</time>
        <extensions>
          <ns3:TrackPointExtension>
            <ns3:hr>147</ns3:hr>
            <ns3:cad>98</ns3:cad>
          </ns3:TrackPointExtension>
        </extensions>
      </trkpt>
      <trkpt lat="34.23345954157412052154541015625" lon="108.93681482411921024322509765625">
        <ele>407.79998779296875</ele>
        <time>2026-03-17T13:23:11.000Z</time>
        <extensions>
          <ns3:TrackPointExtension>
            <ns3:hr>148</ns3:hr>
            <ns3:cad>98</ns3:cad>
          </ns3:TrackPointExtension>
        </extensions>
      </trkpt>
      <trkpt lat="34.23343087546527385711669921875" lon="108.93684332258999347686767578125">
        <ele>407.79998779296875</ele>
        <time>2026-03-17T13:23:12.000Z</time>
        <extensions>
          <ns3:TrackPointExtension>
            <ns3:hr>148</ns3:hr>
            <ns3:cad>98</ns3:cad>
          </ns3:TrackPointExtension>
        </extensions>
      </trkpt>
      <trkpt lat="34.23340572975575923919677734375" lon="108.936874084174633026123046875">
        <ele>407.79998779296875</ele>
        <time>2026-03-17T13:23:13.000Z</time>
        <extensions>
          <ns3:TrackPointExtension>
            <ns3:hr>148</ns3:hr>
            <ns3:cad>98</ns3:cad>
          </ns3:TrackPointExtension>
        </extensions>
      </trkpt>
      <trkpt lat="34.23337337560951709747314453125" lon="108.93690719269216060638427734375">
        <ele>407.79998779296875</ele>
        <time>2026-03-17T13:23:14.000Z</time>
        <extensions>
          <ns3:TrackPointExtension>
            <ns3:hr>148</ns3:hr>
            <ns3:cad>98</ns3:cad>
          </ns3:TrackPointExtension>
        </extensions>
      </trkpt>
      <trkpt lat="34.23332937061786651611328125" lon="108.936954550445079803466796875">
        <ele>407.79998779296875</ele>
        <time>2026-03-17T13:23:15.000Z</time>
        <extensions>
          <ns3:TrackPointExtension>
            <ns3:hr>148</ns3:hr>
            <ns3:cad>98</ns3:cad>
          </ns3:TrackPointExtension>
        </extensions>
      </trkpt>
      <trkpt lat="34.233304560184478759765625" lon="108.936998136341571807861328125">
        <ele>407.79998779296875</ele>
        <time>2026-03-17T13:23:16.000Z</time>
        <extensions>
          <ns3:TrackPointExtension>
            <ns3:hr>148</ns3:hr>
            <ns3:cad>98</ns3:cad>
          </ns3:TrackPointExtension>
        </extensions>
      </trkpt>
      <trkpt lat="34.233274050056934356689453125" lon="108.93702797591686248779296875">
        <ele>407.79998779296875</ele>
        <time>2026-03-17T13:23:17.000Z</time>
        <extensions>
          <ns3:TrackPointExtension>
            <ns3:hr>148</ns3:hr>
            <ns3:cad>98</ns3:cad>
          </ns3:TrackPointExtension>
        </extensions>
      </trkpt>
      <trkpt lat="34.23324043862521648406982421875" lon="108.93705052323639392852783203125">
        <ele>407.79998779296875</ele>
        <time>2026-03-17T13:23:18.000Z</time>
        <extensions>
          <ns3:TrackPointExtension>
            <ns3:hr>148</ns3:hr>
            <ns3:cad>97</ns3:cad>
          </ns3:TrackPointExtension>
        </extensions>
      </trkpt>
      <trkpt lat="34.233213700354099273681640625" lon="108.93708723597228527069091796875">
        <ele>407.79998779296875</ele>
        <time>2026-03-17T13:23:19.000Z</time>
        <extensions>
          <ns3:TrackPointExtension>
            <ns3:hr>148</ns3:hr>
            <ns3:cad>97</ns3:cad>
          </ns3:TrackPointExtension>
        </extensions>
      </trkpt>
      <trkpt lat="34.2331816814839839935302734375" lon="108.93713333643972873687744140625">
        <ele>407.79998779296875</ele>
        <time>2026-03-17T13:23:20.000Z</time>
        <extensions>
          <ns3:TrackPointExtension>
            <ns3:hr>147</ns3:hr>
            <ns3:cad>97</ns3:cad>
          </ns3:TrackPointExtension>
        </extensions>
      </trkpt>
      <trkpt lat="34.2331551946699619293212890625" lon="108.93717348575592041015625">
        <ele>407.79998779296875</ele>
        <time>2026-03-17T13:23:21.000Z</time>
        <extensions>
          <ns3:TrackPointExtension>
            <ns3:hr>148</ns3:hr>
            <ns3:cad>97</ns3:cad>
          </ns3:TrackPointExtension>
        </extensions>
      </trkpt>
      <trkpt lat="34.23313315026462078094482421875" lon="108.93721564672887325286865234375">
        <ele>407.79998779296875</ele>
        <time>2026-03-17T13:23:22.000Z</time>
        <extensions>
          <ns3:TrackPointExtension>
            <ns3:hr>148</ns3:hr>
            <ns3:cad>97</ns3:cad>
          </ns3:TrackPointExtension>
        </extensions>
      </trkpt>
      <trkpt lat="34.23311211168766021728515625" lon="108.93725336529314517974853515625">
        <ele>407.79998779296875</ele>
        <time>2026-03-17T13:23:23.000Z</time>
        <extensions>
          <ns3:TrackPointExtension>
            <ns3:hr>148</ns3:hr>
            <ns3:cad>98</ns3:cad>
          </ns3:TrackPointExtension>
        </extensions>
      </trkpt>
      <trkpt lat="34.233093671500682830810546875" lon="108.93728286959230899810791015625">
        <ele>407.79998779296875</ele>
        <time>2026-03-17T13:23:24.000Z</time>
        <extensions>
          <ns3:TrackPointExtension>
            <ns3:hr>147</ns3:hr>
            <ns3:cad>98</ns3:cad>
          </ns3:TrackPointExtension>
        </extensions>
      </trkpt>
      <trkpt lat="34.2330794222652912139892578125" lon="108.93731899559497833251953125">
        <ele>408</ele>
        <time>2026-03-17T13:23:25.000Z</time>
        <extensions>
          <ns3:TrackPointExtension>
            <ns3:hr>148</ns3:hr>
            <ns3:cad>98</ns3:cad>
          </ns3:TrackPointExtension>
        </extensions>
      </trkpt>
      <trkpt lat="34.23306240700185298919677734375" lon="108.9373490028083324432373046875">
        <ele>408</ele>
        <time>2026-03-17T13:23:26.000Z</time>
        <extensions>
          <ns3:TrackPointExtension>
            <ns3:hr>148</ns3:hr>
            <ns3:cad>98</ns3:cad>
          </ns3:TrackPointExtension>
        </extensions>
      </trkpt>
      <trkpt lat="34.233054779469966888427734375" lon="108.9373920857906341552734375">
        <ele>408</ele>
        <time>2026-03-17T13:23:27.000Z</time>
        <extensions>
          <ns3:TrackPointExtension>
            <ns3:hr>148</ns3:hr>
            <ns3:cad>98</ns3:cad>
          </ns3:TrackPointExtension>
        </extensions>
      </trkpt>
      <trkpt lat="34.2330452241003513336181640625" lon="108.9374227635562419891357421875">
        <ele>408</ele>
        <time>2026-03-17T13:23:28.000Z</time>
        <extensions>
          <ns3:TrackPointExtension>
            <ns3:hr>149</ns3:hr>
            <ns3:cad>98</ns3:cad>
          </ns3:TrackPointExtension>
        </extensions>
      </trkpt>
      <trkpt lat="34.23304748721420764923095703125" lon="108.937497027218341827392578125">
        <ele>408</ele>
        <time>2026-03-17T13:23:29.000Z</time>
        <extensions>
          <ns3:TrackPointExtension>
            <ns3:hr>149</ns3:hr>
            <ns3:cad>98</ns3:cad>
          </ns3:TrackPointExtension>
        </extensions>
      </trkpt>
      <trkpt lat="34.23303809948265552520751953125" lon="108.93754337914288043975830078125">
        <ele>408</ele>
        <time>2026-03-17T13:23:30.000Z</time>
        <extensions>
          <ns3:TrackPointExtension>
            <ns3:hr>148</ns3:hr>
            <ns3:cad>98</ns3:cad>
          </ns3:TrackPointExtension>
        </extensions>
      </trkpt>
      <trkpt lat="34.23304379917681217193603515625" lon="108.93757992424070835113525390625">
        <ele>407.79998779296875</ele>
        <time>2026-03-17T13:23:31.000Z</time>
        <extensions>
          <ns3:TrackPointExtension>
            <ns3:hr>148</ns3:hr>
            <ns3:cad>98</ns3:cad>
          </ns3:TrackPointExtension>
        </extensions>
      </trkpt>
      <trkpt lat="34.2330445535480976104736328125" lon="108.93760892562568187713623046875">
        <ele>407.79998779296875</ele>
        <time>2026-03-17T13:23:32.000Z</time>
        <extensions>
          <ns3:TrackPointExtension>
            <ns3:hr>148</ns3:hr>
            <ns3:cad>98</ns3:cad>
          </ns3:TrackPointExtension>
        </extensions>
      </trkpt>
      <trkpt lat="34.2330351658165454864501953125" lon="108.93763951957225799560546875">
        <ele>407.79998779296875</ele>
        <time>2026-03-17T13:23:33.000Z</time>
        <extensions>
          <ns3:TrackPointExtension>
            <ns3:hr>148</ns3:hr>
            <ns3:cad>98</ns3:cad>
          </ns3:TrackPointExtension>
        </extensions>
      </trkpt>
      <trkpt lat="34.23303072340786457061767578125" lon="108.9376728795468807220458984375">
        <ele>408</ele>
        <time>2026-03-17T13:23:34.000Z</time>
        <extensions>
          <ns3:TrackPointExtension>
            <ns3:hr>148</ns3:hr>
            <ns3:cad>98</ns3:cad>
          </ns3:TrackPointExtension>
        </extensions>
      </trkpt>
      <trkpt lat="34.2330197431147098541259765625" lon="108.9377000369131565093994140625">
        <ele>408</ele>
        <time>2026-03-17T13:23:35.000Z</time>
        <extensions>
          <ns3:TrackPointExtension>
            <ns3:hr>149</ns3:hr>
            <ns3:cad>97</ns3:cad>
          </ns3:TrackPointExtension>
        </extensions>
      </trkpt>
      <trkpt lat="34.23301152884960174560546875" lon="108.9377300441265106201171875">
        <ele>408</ele>
        <time>2026-03-17T13:23:36.000Z</time>
        <extensions>
          <ns3:TrackPointExtension>
            <ns3:hr>149</ns3:hr>
            <ns3:cad>97</ns3:cad>
          </ns3:TrackPointExtension>
        </extensions>
      </trkpt>
      <trkpt lat="34.2330019734799861907958984375" lon="108.93775728531181812286376953125">
        <ele>408</ele>
        <time>2026-03-17T13:23:37.000Z</time>
        <extensions>
          <ns3:TrackPointExtension>
            <ns3:hr>149</ns3:hr>
            <ns3:cad>96</ns3:cad>
          </ns3:TrackPointExtension>
        </extensions>
      </trkpt>
      <trkpt lat="34.2329969443380832672119140625" lon="108.93778628669679164886474609375">
        <ele>408</ele>
        <time>2026-03-17T13:23:38.000Z</time>
        <extensions>
          <ns3:TrackPointExtension>
            <ns3:hr>149</ns3:hr>
            <ns3:cad>96</ns3:cad>
          </ns3:TrackPointExtension>
        </extensions>
      </trkpt>
      <trkpt lat="34.232995100319385528564453125" lon="108.93781788647174835205078125">
        <ele>408</ele>
        <time>2026-03-17T13:23:39.000Z</time>
        <extensions>
          <ns3:TrackPointExtension>
            <ns3:hr>148</ns3:hr>
            <ns3:cad>96</ns3:cad>
          </ns3:TrackPointExtension>
        </extensions>
      </trkpt>
      <trkpt lat="34.23298797570168972015380859375" lon="108.93784747458994388580322265625">
        <ele>408</ele>
        <time>2026-03-17T13:23:40.000Z</time>
        <extensions>
          <ns3:TrackPointExtension>
            <ns3:hr>149</ns3:hr>
            <ns3:cad>97</ns3:cad>
          </ns3:TrackPointExtension>
        </extensions>
      </trkpt>
      <trkpt lat="34.23298068344593048095703125" lon="108.93787580542266368865966796875">
        <ele>408</ele>
        <time>2026-03-17T13:23:41.000Z</time>
        <extensions>
          <ns3:TrackPointExtension>
            <ns3:hr>148</ns3:hr>
            <ns3:cad>97</ns3:cad>
          </ns3:TrackPointExtension>
        </extensions>
      </trkpt>
      <trkpt lat="34.23296459019184112548828125" lon="108.93790011294186115264892578125">
        <ele>408</ele>
        <time>2026-03-17T13:23:42.000Z</time>
        <extensions>
          <ns3:TrackPointExtension>
            <ns3:hr>148</ns3:hr>
            <ns3:cad>97</ns3:cad>
          </ns3:TrackPointExtension>
        </extensions>
      </trkpt>
      <trkpt lat="34.2329593934118747711181640625" lon="108.9379276894032955169677734375">
        <ele>408</ele>
        <time>2026-03-17T13:23:43.000Z</time>
        <extensions>
          <ns3:TrackPointExtension>
            <ns3:hr>148</ns3:hr>
            <ns3:cad>97</ns3:cad>
          </ns3:TrackPointExtension>
        </extensions>
      </trkpt>
      <trkpt lat="34.23294556327164173126220703125" lon="108.93795224837958812713623046875">
        <ele>408</ele>
        <time>2026-03-17T13:23:44.000Z</time>
        <extensions>
          <ns3:TrackPointExtension>
            <ns3:hr>148</ns3:hr>
            <ns3:cad>97</ns3:cad>
          </ns3:TrackPointExtension>
        </extensions>
      </trkpt>
      <trkpt lat="34.23294422216713428497314453125" lon="108.9379727840423583984375">
        <ele>408</ele>
        <time>2026-03-17T13:23:45.000Z</time>
        <extensions>
          <ns3:TrackPointExtension>
            <ns3:hr>148</ns3:hr>
            <ns3:cad>97</ns3:cad>
          </ns3:TrackPointExtension>
        </extensions>
      </trkpt>
      <trkpt lat="34.23294246196746826171875" lon="108.93799893558025360107421875">
        <ele>407.79998779296875</ele>
        <time>2026-03-17T13:23:46.000Z</time>
        <extensions>
          <ns3:TrackPointExtension>
            <ns3:hr>148</ns3:hr>
            <ns3:cad>97</ns3:cad>
          </ns3:TrackPointExtension>
        </extensions>
      </trkpt>
      <trkpt lat="34.23294992186129093170166015625" lon="108.93802735023200511932373046875">
        <ele>407.79998779296875</ele>
        <time>2026-03-17T13:23:47.000Z</time>
        <extensions>
          <ns3:TrackPointExtension>
            <ns3:hr>147</ns3:hr>
            <ns3:cad>97</ns3:cad>
          </ns3:TrackPointExtension>
        </extensions>
      </trkpt>
      <trkpt lat="34.2329550348222255706787109375" lon="108.9380519092082977294921875">
        <ele>407.79998779296875</ele>
        <time>2026-03-17T13:23:48.000Z</time>
        <extensions>
          <ns3:TrackPointExtension>
            <ns3:hr>147</ns3:hr>
            <ns3:cad>98</ns3:cad>
          </ns3:TrackPointExtension>
        </extensions>
      </trkpt>
      <trkpt lat="34.23295696265995502471923828125" lon="108.9380787312984466552734375">
        <ele>407.79998779296875</ele>
        <time>2026-03-17T13:23:49.000Z</time>
        <extensions>
          <ns3:TrackPointExtension>
            <ns3:hr>147</ns3:hr>
            <ns3:cad>99</ns3:cad>
          </ns3:TrackPointExtension>
        </extensions>
      </trkpt>
      <trkpt lat="34.23293768428266048431396484375" lon="108.938088119029998779296875">
        <ele>407.79998779296875</ele>
        <time>2026-03-17T13:23:50.000Z</time>
        <extensions>
          <ns3:TrackPointExtension>
            <ns3:hr>146</ns3:hr>
            <ns3:cad>99</ns3:cad>
          </ns3:TrackPointExtension>
        </extensions>
      </trkpt>
      <trkpt lat="34.23291941173374652862548828125" lon="108.9381020329892635345458984375">
        <ele>407.79998779296875</ele>
        <time>2026-03-17T13:23:51.000Z</time>
        <extensions>
          <ns3:TrackPointExtension>
            <ns3:hr>146</ns3:hr>
            <ns3:cad>99</ns3:cad>
          </ns3:TrackPointExtension>
        </extensions>
      </trkpt>
      <trkpt lat="34.232931397855281829833984375" lon="108.93810488283634185791015625">
        <ele>407.79998779296875</ele>
        <time>2026-03-17T13:23:52.000Z</time>
        <extensions>
          <ns3:TrackPointExtension>
            <ns3:hr>145</ns3:hr>
            <ns3:cad>99</ns3:cad>
          </ns3:TrackPointExtension>
        </extensions>
      </trkpt>
      <trkpt lat="34.2329392768442630767822265625" lon="108.93811049871146678924560546875">
        <ele>407.79998779296875</ele>
        <time>2026-03-17T13:23:53.000Z</time>
        <extensions>
          <ns3:TrackPointExtension>
            <ns3:hr>145</ns3:hr>
            <ns3:cad>98</ns3:cad>
          </ns3:TrackPointExtension>
        </extensions>
      </trkpt>
      <trkpt lat="34.2329221777617931365966796875" lon="108.93812390975654125213623046875">
        <ele>407.79998779296875</ele>
        <time>2026-03-17T13:23:54.000Z</time>
        <extensions>
          <ns3:TrackPointExtension>
            <ns3:hr>145</ns3:hr>
            <ns3:cad>98</ns3:cad>
          </ns3:TrackPointExtension>
        </extensions>
      </trkpt>
      <trkpt lat="34.23290482722222805023193359375" lon="108.93813706934452056884765625">
        <ele>408</ele>
        <time>2026-03-17T13:23:55.000Z</time>
        <extensions>
          <ns3:TrackPointExtension>
            <ns3:hr>144</ns3:hr>
            <ns3:cad>98</ns3:cad>
          </ns3:TrackPointExtension>
        </extensions>
      </trkpt>
      <trkpt lat="34.23290281556546688079833984375" lon="108.93814872018992900848388671875">
        <ele>408</ele>
        <time>2026-03-17T13:23:56.000Z</time>
        <extensions>
          <ns3:TrackPointExtension>
            <ns3:hr>144</ns3:hr>
            <ns3:cad>97</ns3:cad>
          </ns3:TrackPointExtension>
        </extensions>
      </trkpt>
      <trkpt lat="34.23291019164025783538818359375" lon="108.93815743736922740936279296875">
        <ele>408</ele>
        <time>2026-03-17T13:23:57.000Z</time>
        <extensions>
          <ns3:TrackPointExtension>
            <ns3:hr>144</ns3:hr>
            <ns3:cad>97</ns3:cad>
          </ns3:TrackPointExtension>
        </extensions>
      </trkpt>
      <trkpt lat="34.23288957215845584869384765625" lon="108.9381751231849193572998046875">
        <ele>408</ele>
        <time>2026-03-17T13:23:58.000Z</time>
        <extensions>
          <ns3:TrackPointExtension>
            <ns3:hr>144</ns3:hr>
            <ns3:cad>97</ns3:cad>
          </ns3:TrackPointExtension>
        </extensions>
      </trkpt>
      <trkpt lat="34.23286509700119495391845703125" lon="108.938187696039676666259765625">
        <ele>408</ele>
        <time>2026-03-17T13:23:59.000Z</time>
        <extensions>
          <ns3:TrackPointExtension>
            <ns3:hr>144</ns3:hr>
            <ns3:cad>97</ns3:cad>
          </ns3:TrackPointExtension>
        </extensions>
      </trkpt>
      <trkpt lat="34.23285503871738910675048828125" lon="108.93819415010511875152587890625">
        <ele>408</ele>
        <time>2026-03-17T13:24:00.000Z</time>
        <extensions>
          <ns3:TrackPointExtension>
            <ns3:hr>144</ns3:hr>
            <ns3:cad>97</ns3:cad>
          </ns3:TrackPointExtension>
        </extensions>
      </trkpt>
      <trkpt lat="34.2328433878719806671142578125" lon="108.93819146789610385894775390625">
        <ele>408</ele>
        <time>2026-03-17T13:24:01.000Z</time>
        <extensions>
          <ns3:TrackPointExtension>
            <ns3:hr>144</ns3:hr>
            <ns3:cad>98</ns3:cad>
          </ns3:TrackPointExtension>
        </extensions>
      </trkpt>
      <trkpt lat="34.23283441923558712005615234375" lon="108.938190042972564697265625">
        <ele>408</ele>
        <time>2026-03-17T13:24:02.000Z</time>
        <extensions>
          <ns3:TrackPointExtension>
            <ns3:hr>143</ns3:hr>
            <ns3:cad>98</ns3:cad>
          </ns3:TrackPointExtension>
        </extensions>
      </trkpt>
      <trkpt lat="34.2328420467674732208251953125" lon="108.93818937242031097412109375">
        <ele>408</ele>
        <time>2026-03-17T13:24:03.000Z</time>
        <extensions>
          <ns3:TrackPointExtension>
            <ns3:hr>143</ns3:hr>
            <ns3:cad>98</ns3:cad>
          </ns3:TrackPointExtension>
        </extensions>
      </trkpt>
      <trkpt lat="34.23286534845829010009765625" lon="108.9382079802453517913818359375">
        <ele>408</ele>
        <time>2026-03-17T13:24:04.000Z</time>
        <extensions>
          <ns3:TrackPointExtension>
            <ns3:hr>143</ns3:hr>
            <ns3:cad>97</ns3:cad>
          </ns3:TrackPointExtension>
        </extensions>
      </trkpt>
      <trkpt lat="34.23286191187798976898193359375" lon="108.9382378198206424713134765625">
        <ele>408</ele>
        <time>2026-03-17T13:24:05.000Z</time>
        <extensions>
          <ns3:TrackPointExtension>
            <ns3:hr>143</ns3:hr>
            <ns3:cad>97</ns3:cad>
          </ns3:TrackPointExtension>
        </extensions>
      </trkpt>
      <trkpt lat="34.2328794300556182861328125" lon="108.938251398503780364990234375">
        <ele>408</ele>
        <time>2026-03-17T13:24:06.000Z</time>
        <extensions>
          <ns3:TrackPointExtension>
            <ns3:hr>143</ns3:hr>
            <ns3:cad>97</ns3:cad>
          </ns3:TrackPointExtension>
        </extensions>
      </trkpt>
      <trkpt lat="34.23289761878550052642822265625" lon="108.938267491757869720458984375">
        <ele>408</ele>
        <time>2026-03-17T13:24:07.000Z</time>
        <extensions>
          <ns3:TrackPointExtension>
            <ns3:hr>142</ns3:hr>
            <ns3:cad>98</ns3:cad>
          </ns3:TrackPointExtension>
        </extensions>
      </trkpt>
      <trkpt lat="34.232896864414215087890625" lon="108.9382944814860820770263671875">
        <ele>408</ele>
        <time>2026-03-17T13:24:08.000Z</time>
        <extensions>
          <ns3:TrackPointExtension>
            <ns3:hr>142</ns3:hr>
            <ns3:cad>98</ns3:cad>
          </ns3:TrackPointExtension>
        </extensions>
      </trkpt>
      <trkpt lat="34.2329178191721439361572265625" lon="108.93830873072147369384765625">
        <ele>408</ele>
        <time>2026-03-17T13:24:09.000Z</time>
        <extensions>
          <ns3:TrackPointExtension>
            <ns3:hr>142</ns3:hr>
            <ns3:cad>98</ns3:cad>
          </ns3:TrackPointExtension>
        </extensions>
      </trkpt>
      <trkpt lat="34.23293634317815303802490234375" lon="108.93832147121429443359375">
        <ele>408</ele>
        <time>2026-03-17T13:24:10.000Z</time>
        <extensions>
          <ns3:TrackPointExtension>
            <ns3:hr>143</ns3:hr>
            <ns3:cad>97</ns3:cad>
          </ns3:TrackPointExtension>
        </extensions>
      </trkpt>
      <trkpt lat="34.232957549393177032470703125" lon="108.93833823502063751220703125">
        <ele>408</ele>
        <time>2026-03-17T13:24:11.000Z</time>
        <extensions>
          <ns3:TrackPointExtension>
            <ns3:hr>143</ns3:hr>
            <ns3:cad>97</ns3:cad>
          </ns3:TrackPointExtension>
        </extensions>
      </trkpt>
      <trkpt lat="34.23296014778316020965576171875" lon="108.93834284506738185882568359375">
        <ele>408</ele>
        <time>2026-03-17T13:24:12.000Z</time>
        <extensions>
          <ns3:TrackPointExtension>
            <ns3:hr>143</ns3:hr>
            <ns3:cad>98</ns3:cad>
          </ns3:TrackPointExtension>
        </extensions>
      </trkpt>
      <trkpt lat="34.232998788356781005859375" lon="108.9383612014353275299072265625">
        <ele>408</ele>
        <time>2026-03-17T13:24:13.000Z</time>
        <extensions>
          <ns3:TrackPointExtension>
            <ns3:hr>143</ns3:hr>
            <ns3:cad>98</ns3:cad>
          </ns3:TrackPointExtension>
        </extensions>
      </trkpt>
      <trkpt lat="34.23302049748599529266357421875" lon="108.93836614675819873809814453125">
        <ele>408</ele>
        <time>2026-03-17T13:24:14.000Z</time>
        <extensions>
          <ns3:TrackPointExtension>
            <ns3:hr>143</ns3:hr>
            <ns3:cad>99</ns3:cad>
          </ns3:TrackPointExtension>
        </extensions>
      </trkpt>
      <trkpt lat="34.23304379917681217193603515625" lon="108.93837151117622852325439453125">
        <ele>408</ele>
        <time>2026-03-17T13:24:15.000Z</time>
        <extensions>
          <ns3:TrackPointExtension>
            <ns3:hr>143</ns3:hr>
            <ns3:cad>99</ns3:cad>
          </ns3:TrackPointExtension>
        </extensions>
      </trkpt>
      <trkpt lat="34.2330539412796497344970703125" lon="108.93839146010577678680419921875">
        <ele>408</ele>
        <time>2026-03-17T13:24:16.000Z</time>
        <extensions>
          <ns3:TrackPointExtension>
            <ns3:hr>143</ns3:hr>
            <ns3:cad>99</ns3:cad>
          </ns3:TrackPointExtension>
        </extensions>
      </trkpt>
      <trkpt lat="34.2330586351454257965087890625" lon="108.938402943313121795654296875">
        <ele>408</ele>
        <time>2026-03-17T13:24:17.000Z</time>
        <extensions>
          <ns3:TrackPointExtension>
            <ns3:hr>143</ns3:hr>
            <ns3:cad>99</ns3:cad>
          </ns3:TrackPointExtension>
        </extensions>
      </trkpt>
      <trkpt lat="34.2330857925117015838623046875" lon="108.938418366014957427978515625">
        <ele>408</ele>
        <time>2026-03-17T13:24:18.000Z</time>
        <extensions>
          <ns3:TrackPointExtension>
            <ns3:hr>143</ns3:hr>
            <ns3:cad>98</ns3:cad>
          </ns3:TrackPointExtension>
        </extensions>
      </trkpt>
      <trkpt lat="34.233102388679981231689453125" lon="108.938435800373554229736328125">
        <ele>408</ele>
        <time>2026-03-17T13:24:19.000Z</time>
        <extensions>
          <ns3:TrackPointExtension>
            <ns3:hr>144</ns3:hr>
            <ns3:cad>97</ns3:cad>
          </ns3:TrackPointExtension>
        </extensions>
      </trkpt>
      <trkpt lat="34.2331454716622829437255859375" lon="108.93843839876353740692138671875">
        <ele>408</ele>
        <time>2026-03-17T13:24:20.000Z</time>
        <extensions>
          <ns3:TrackPointExtension>
            <ns3:hr>145</ns3:hr>
            <ns3:cad>97</ns3:cad>
          </ns3:TrackPointExtension>
        </extensions>
      </trkpt>
      <trkpt lat="34.2331437952816486358642578125" lon="108.93846094608306884765625">
        <ele>408</ele>
        <time>2026-03-17T13:24:21.000Z</time>
        <extensions>
          <ns3:TrackPointExtension>
            <ns3:hr>145</ns3:hr>
            <ns3:cad>97</ns3:cad>
          </ns3:TrackPointExtension>
        </extensions>
      </trkpt>
      <trkpt lat="34.23314890824258327484130859375" lon="108.93847997300326824188232421875">
        <ele>408</ele>
        <time>2026-03-17T13:24:22.000Z</time>
        <extensions>
          <ns3:TrackPointExtension>
            <ns3:hr>146</ns3:hr>
            <ns3:cad>98</ns3:cad>
          </ns3:TrackPointExtension>
        </extensions>
      </trkpt>
      <trkpt lat="34.23317757435142993927001953125" lon="108.9384906180202960968017578125">
        <ele>408</ele>
        <time>2026-03-17T13:24:23.000Z</time>
        <extensions>
          <ns3:TrackPointExtension>
            <ns3:hr>147</ns3:hr>
            <ns3:cad>98</ns3:cad>
          </ns3:TrackPointExtension>
        </extensions>
      </trkpt>
      <trkpt lat="34.23323507420718669891357421875" lon="108.938485421240329742431640625">
        <ele>408</ele>
        <time>2026-03-17T13:24:24.000Z</time>
        <extensions>
          <ns3:TrackPointExtension>
            <ns3:hr>147</ns3:hr>
            <ns3:cad>98</ns3:cad>
          </ns3:TrackPointExtension>
        </extensions>
      </trkpt>
      <trkpt lat="34.23327681608498096466064453125" lon="108.93847863189876079559326171875">
        <ele>408</ele>
        <time>2026-03-17T13:24:25.000Z</time>
        <extensions>
          <ns3:TrackPointExtension>
            <ns3:hr>148</ns3:hr>
            <ns3:cad>98</ns3:cad>
          </ns3:TrackPointExtension>
        </extensions>
      </trkpt>
      <trkpt lat="34.23331134952604770660400390625" lon="108.93848215229809284210205078125">
        <ele>408</ele>
        <time>2026-03-17T13:24:26.000Z</time>
        <extensions>
          <ns3:TrackPointExtension>
            <ns3:hr>148</ns3:hr>
            <ns3:cad>98</ns3:cad>
          </ns3:TrackPointExtension>
        </extensions>
      </trkpt>
      <trkpt lat="34.2333375848829746246337890625" lon="108.938492126762866973876953125">
        <ele>408</ele>
        <time>2026-03-17T13:24:27.000Z</time>
        <extensions>
          <ns3:TrackPointExtension>
            <ns3:hr>148</ns3:hr>
            <ns3:cad>98</ns3:cad>
          </ns3:TrackPointExtension>
        </extensions>
      </trkpt>
      <trkpt lat="34.2333662509918212890625" lon="108.93850394524633884429931640625">
        <ele>408</ele>
        <time>2026-03-17T13:24:28.000Z</time>
        <extensions>
          <ns3:TrackPointExtension>
            <ns3:hr>148</ns3:hr>
            <ns3:cad>98</ns3:cad>
          </ns3:TrackPointExtension>
        </extensions>
      </trkpt>
      <trkpt lat="34.23340472392737865447998046875" lon="108.93850947730243206024169921875">
        <ele>408</ele>
        <time>2026-03-17T13:24:29.000Z</time>
        <extensions>
          <ns3:TrackPointExtension>
            <ns3:hr>148</ns3:hr>
            <ns3:cad>98</ns3:cad>
          </ns3:TrackPointExtension>
        </extensions>
      </trkpt>
      <trkpt lat="34.2334338091313838958740234375" lon="108.93851953558623790740966796875">
        <ele>408</ele>
        <time>2026-03-17T13:24:30.000Z</time>
        <extensions>
          <ns3:TrackPointExtension>
            <ns3:hr>148</ns3:hr>
            <ns3:cad>98</ns3:cad>
          </ns3:TrackPointExtension>
        </extensions>
      </trkpt>
      <trkpt lat="34.233454763889312744140625" lon="108.93852909095585346221923828125">
        <ele>408</ele>
        <time>2026-03-17T13:24:31.000Z</time>
        <extensions>
          <ns3:TrackPointExtension>
            <ns3:hr>148</ns3:hr>
            <ns3:cad>98</ns3:cad>
          </ns3:TrackPointExtension>
        </extensions>
      </trkpt>
      <trkpt lat="34.23347915522754192352294921875" lon="108.9385429210960865020751953125">
        <ele>407.79998779296875</ele>
        <time>2026-03-17T13:24:32.000Z</time>
        <extensions>
          <ns3:TrackPointExtension>
            <ns3:hr>148</ns3:hr>
            <ns3:cad>98</ns3:cad>
          </ns3:TrackPointExtension>
        </extensions>
      </trkpt>
      <trkpt lat="34.233528189361095428466796875" lon="108.93853546120226383209228515625">
        <ele>407.79998779296875</ele>
        <time>2026-03-17T13:24:33.000Z</time>
        <extensions>
          <ns3:TrackPointExtension>
            <ns3:hr>148</ns3:hr>
            <ns3:cad>98</ns3:cad>
          </ns3:TrackPointExtension>
        </extensions>
      </trkpt>
      <trkpt lat="34.23357881605625152587890625" lon="108.938528336584568023681640625">
        <ele>407.79998779296875</ele>
        <time>2026-03-17T13:24:34.000Z</time>
        <extensions>
          <ns3:TrackPointExtension>
            <ns3:hr>148</ns3:hr>
            <ns3:cad>97</ns3:cad>
          </ns3:TrackPointExtension>
        </extensions>
      </trkpt>
      <trkpt lat="34.233616702258586883544921875" lon="108.93852355889976024627685546875">
        <ele>407.79998779296875</ele>
        <time>2026-03-17T13:24:35.000Z</time>
        <extensions>
          <ns3:TrackPointExtension>
            <ns3:hr>148</ns3:hr>
            <ns3:cad>97</ns3:cad>
          </ns3:TrackPointExtension>
        </extensions>
      </trkpt>
      <trkpt lat="34.23365970142185688018798828125" lon="108.9385093934834003448486328125">
        <ele>408</ele>
        <time>2026-03-17T13:24:36.000Z</time>
        <extensions>
          <ns3:TrackPointExtension>
            <ns3:hr>148</ns3:hr>
            <ns3:cad>99</ns3:cad>
          </ns3:TrackPointExtension>
        </extensions>
      </trkpt>
      <trkpt lat="34.23369205556809902191162109375" lon="108.93850461579859256744384765625">
        <ele>408</ele>
        <time>2026-03-17T13:24:37.000Z</time>
        <extensions>
          <ns3:TrackPointExtension>
            <ns3:hr>148</ns3:hr>
            <ns3:cad>99</ns3:cad>
          </ns3:TrackPointExtension>
        </extensions>
      </trkpt>
      <trkpt lat="34.23375743441283702850341796875" lon="108.93848785199224948883056640625">
        <ele>408</ele>
        <time>2026-03-17T13:24:38.000Z</time>
        <extensions>
          <ns3:TrackPointExtension>
            <ns3:hr>148</ns3:hr>
            <ns3:cad>99</ns3:cad>
          </ns3:TrackPointExtension>
        </extensions>
      </trkpt>
      <trkpt lat="34.233861453831195831298828125" lon="108.93846304155886173248291015625">
        <ele>408</ele>
        <time>2026-03-17T13:24:39.000Z</time>
        <extensions>
          <ns3:TrackPointExtension>
            <ns3:hr>148</ns3:hr>
            <ns3:cad>99</ns3:cad>
          </ns3:TrackPointExtension>
        </extensions>
      </trkpt>
      <trkpt lat="34.233906380832195281982421875" lon="108.93844493664801120758056640625">
        <ele>407.79998779296875</ele>
        <time>2026-03-17T13:24:40.000Z</time>
        <extensions>
          <ns3:TrackPointExtension>
            <ns3:hr>148</ns3:hr>
            <ns3:cad>99</ns3:cad>
          </ns3:TrackPointExtension>
        </extensions>
      </trkpt>
      <trkpt lat="34.2339437641203403472900390625" lon="108.93844258971512317657470703125">
        <ele>407.79998779296875</ele>
        <time>2026-03-17T13:24:41.000Z</time>
        <extensions>
          <ns3:TrackPointExtension>
            <ns3:hr>148</ns3:hr>
            <ns3:cad>99</ns3:cad>
          </ns3:TrackPointExtension>
        </extensions>
      </trkpt>
      <trkpt lat="34.23397846519947052001953125" lon="108.93842766992747783660888671875">
        <ele>407.79998779296875</ele>
        <time>2026-03-17T13:24:42.000Z</time>
        <extensions>
          <ns3:TrackPointExtension>
            <ns3:hr>148</ns3:hr>
            <ns3:cad>98</ns3:cad>
          </ns3:TrackPointExtension>
        </extensions>
      </trkpt>
      <trkpt lat="34.23401609994471073150634765625" lon="108.93841191194951534271240234375">
        <ele>407.79998779296875</ele>
        <time>2026-03-17T13:24:43.000Z</time>
        <extensions>
          <ns3:TrackPointExtension>
            <ns3:hr>149</ns3:hr>
            <ns3:cad>98</ns3:cad>
          </ns3:TrackPointExtension>
        </extensions>
      </trkpt>
      <trkpt lat="34.2340818978846073150634765625" lon="108.938392885029315948486328125">
        <ele>407.79998779296875</ele>
        <time>2026-03-17T13:24:44.000Z</time>
        <extensions>
          <ns3:TrackPointExtension>
            <ns3:hr>149</ns3:hr>
            <ns3:cad>98</ns3:cad>
          </ns3:TrackPointExtension>
        </extensions>
      </trkpt>
      <trkpt lat="34.23410511575639247894287109375" lon="108.93837905488908290863037109375">
        <ele>407.79998779296875</ele>
        <time>2026-03-17T13:24:45.000Z</time>
        <extensions>
          <ns3:TrackPointExtension>
            <ns3:hr>149</ns3:hr>
            <ns3:cad>98</ns3:cad>
          </ns3:TrackPointExtension>
        </extensions>
      </trkpt>
      <trkpt lat="34.23413001000881195068359375" lon="108.93836262635886669158935546875">
        <ele>407.79998779296875</ele>
        <time>2026-03-17T13:24:46.000Z</time>
        <extensions>
          <ns3:TrackPointExtension>
            <ns3:hr>150</ns3:hr>
            <ns3:cad>98</ns3:cad>
          </ns3:TrackPointExtension>
        </extensions>
      </trkpt>
      <trkpt lat="34.23419849015772342681884765625" lon="108.9383853413164615631103515625">
        <ele>407.79998779296875</ele>
        <time>2026-03-17T13:24:47.000Z</time>
        <extensions>
          <ns3:TrackPointExtension>
            <ns3:hr>150</ns3:hr>
            <ns3:cad>98</ns3:cad>
          </ns3:TrackPointExtension>
        </extensions>
      </trkpt>
      <trkpt lat="34.23423193395137786865234375" lon="108.93834225833415985107421875">
        <ele>407.79998779296875</ele>
        <time>2026-03-17T13:24:48.000Z</time>
        <extensions>
          <ns3:TrackPointExtension>
            <ns3:hr>150</ns3:hr>
            <ns3:cad>98</ns3:cad>
          </ns3:TrackPointExtension>
        </extensions>
      </trkpt>
      <trkpt lat="34.23426420427858829498291015625" lon="108.93832893110811710357666015625">
        <ele>407.79998779296875</ele>
        <time>2026-03-17T13:24:49.000Z</time>
        <extensions>
          <ns3:TrackPointExtension>
            <ns3:hr>150</ns3:hr>
            <ns3:cad>98</ns3:cad>
          </ns3:TrackPointExtension>
        </extensions>
      </trkpt>
      <trkpt lat="34.23430292867124080657958984375" lon="108.93829640932381153106689453125">
        <ele>407.79998779296875</ele>
        <time>2026-03-17T13:24:50.000Z</time>
        <extensions>
          <ns3:TrackPointExtension>
            <ns3:hr>150</ns3:hr>
            <ns3:cad>97</ns3:cad>
          </ns3:TrackPointExtension>
        </extensions>
      </trkpt>
      <trkpt lat="34.2343558184802532196044921875" lon="108.93827947787940502166748046875">
        <ele>407.79998779296875</ele>
        <time>2026-03-17T13:24:51.000Z</time>
        <extensions>
          <ns3:TrackPointExtension>
            <ns3:hr>150</ns3:hr>
            <ns3:cad>97</ns3:cad>
          </ns3:TrackPointExtension>
        </extensions>
      </trkpt>
      <trkpt lat="34.2343983985483646392822265625" lon="108.9382451958954334259033203125">
        <ele>407.79998779296875</ele>
        <time>2026-03-17T13:24:52.000Z</time>
        <extensions>
          <ns3:TrackPointExtension>
            <ns3:hr>150</ns3:hr>
            <ns3:cad>97</ns3:cad>
          </ns3:TrackPointExtension>
        </extensions>
      </trkpt>
      <trkpt lat="34.234495125710964202880859375" lon="108.9381851814687252044677734375">
        <ele>407.79998779296875</ele>
        <time>2026-03-17T13:24:53.000Z</time>
        <extensions>
          <ns3:TrackPointExtension>
            <ns3:hr>150</ns3:hr>
            <ns3:cad>97</ns3:cad>
          </ns3:TrackPointExtension>
        </extensions>
      </trkpt>
      <trkpt lat="34.2345249652862548828125" lon="108.93814855255186557769775390625">
        <ele>407.79998779296875</ele>
        <time>2026-03-17T13:24:54.000Z</time>
        <extensions>
          <ns3:TrackPointExtension>
            <ns3:hr>150</ns3:hr>
            <ns3:cad>98</ns3:cad>
          </ns3:TrackPointExtension>
        </extensions>
      </trkpt>
      <trkpt lat="34.234535358846187591552734375" lon="108.93809809349477291107177734375">
        <ele>408</ele>
        <time>2026-03-17T13:24:55.000Z</time>
        <extensions>
          <ns3:TrackPointExtension>
            <ns3:hr>151</ns3:hr>
            <ns3:cad>99</ns3:cad>
          </ns3:TrackPointExtension>
        </extensions>
      </trkpt>
      <trkpt lat="34.23456050455570220947265625" lon="108.93805920146405696868896484375">
        <ele>408</ele>
        <time>2026-03-17T13:24:56.000Z</time>
        <extensions>
          <ns3:TrackPointExtension>
            <ns3:hr>151</ns3:hr>
            <ns3:cad>99</ns3:cad>
          </ns3:TrackPointExtension>
        </extensions>
      </trkpt>
      <trkpt lat="34.23458087258040904998779296875" lon="108.9380202256143093109130859375">
        <ele>408</ele>
        <time>2026-03-17T13:24:57.000Z</time>
        <extensions>
          <ns3:TrackPointExtension>
            <ns3:hr>151</ns3:hr>
            <ns3:cad>99</ns3:cad>
          </ns3:TrackPointExtension>
        </extensions>
      </trkpt>
      <trkpt lat="34.2346294037997722625732421875" lon="108.93798644654452800750732421875">
        <ele>407.79998779296875</ele>
        <time>2026-03-17T13:24:58.000Z</time>
        <extensions>
          <ns3:TrackPointExtension>
            <ns3:hr>152</ns3:hr>
            <ns3:cad>99</ns3:cad>
          </ns3:TrackPointExtension>
        </extensions>
      </trkpt>
      <trkpt lat="34.23464658670127391815185546875" lon="108.937953673303127288818359375">
        <ele>407.79998779296875</ele>
        <time>2026-03-17T13:24:59.000Z</time>
        <extensions>
          <ns3:TrackPointExtension>
            <ns3:hr>152</ns3:hr>
            <ns3:cad>99</ns3:cad>
          </ns3:TrackPointExtension>
        </extensions>
      </trkpt>
      <trkpt lat="34.2346605844795703887939453125" lon="108.93791486509144306182861328125">
        <ele>407.79998779296875</ele>
        <time>2026-03-17T13:25:00.000Z</time>
        <extensions>
          <ns3:TrackPointExtension>
            <ns3:hr>153</ns3:hr>
            <ns3:cad>99</ns3:cad>
          </ns3:TrackPointExtension>
        </extensions>
      </trkpt>
      <trkpt lat="34.23460400663316249847412109375" lon="108.93781118094921112060546875">
        <ele>407.79998779296875</ele>
        <time>2026-03-17T13:25:01.000Z</time>
        <extensions>
          <ns3:TrackPointExtension>
            <ns3:hr>153</ns3:hr>
            <ns3:cad>99</ns3:cad>
          </ns3:TrackPointExtension>
        </extensions>
      </trkpt>
      <trkpt lat="34.23459746874868869781494140625" lon="108.93768067471683025360107421875">
        <ele>407.79998779296875</ele>
        <time>2026-03-17T13:25:02.000Z</time>
        <extensions>
          <ns3:TrackPointExtension>
            <ns3:hr>154</ns3:hr>
            <ns3:cad>99</ns3:cad>
          </ns3:TrackPointExtension>
        </extensions>
      </trkpt>
      <trkpt lat="34.234582968056201934814453125" lon="108.93759526312351226806640625">
        <ele>408</ele>
        <time>2026-03-17T13:25:03.000Z</time>
        <extensions>
          <ns3:TrackPointExtension>
            <ns3:hr>154</ns3:hr>
            <ns3:cad>99</ns3:cad>
          </ns3:TrackPointExtension>
        </extensions>
      </trkpt>
      <trkpt lat="34.2345772683620452880859375" lon="108.93749493174254894256591796875">
        <ele>407.79998779296875</ele>
        <time>2026-03-17T13:25:04.000Z</time>
        <extensions>
          <ns3:TrackPointExtension>
            <ns3:hr>154</ns3:hr>
            <ns3:cad>99</ns3:cad>
          </ns3:TrackPointExtension>
        </extensions>
      </trkpt>
      <trkpt lat="34.2346981354057788848876953125" lon="108.9374613203108310699462890625">
        <ele>407.79998779296875</ele>
        <time>2026-03-17T13:25:05.000Z</time>
        <extensions>
          <ns3:TrackPointExtension>
            <ns3:hr>155</ns3:hr>
            <ns3:cad>98</ns3:cad>
          </ns3:TrackPointExtension>
        </extensions>
      </trkpt>
      <trkpt lat="34.23486870713531970977783203125" lon="108.937404491007328033447265625">
        <ele>407.79998779296875</ele>
        <time>2026-03-17T13:25:06.000Z</time>
        <extensions>
          <ns3:TrackPointExtension>
            <ns3:hr>155</ns3:hr>
            <ns3:cad>98</ns3:cad>
          </ns3:TrackPointExtension>
        </extensions>
      </trkpt>
      <trkpt lat="34.2348808608949184417724609375" lon="108.93736484460532665252685546875">
        <ele>407.79998779296875</ele>
        <time>2026-03-17T13:25:07.000Z</time>
        <extensions>
          <ns3:TrackPointExtension>
            <ns3:hr>154</ns3:hr>
            <ns3:cad>96</ns3:cad>
          </ns3:TrackPointExtension>
        </extensions>
      </trkpt>
      <trkpt lat="34.2348808608949184417724609375" lon="108.937324695289134979248046875">
        <ele>407.79998779296875</ele>
        <time>2026-03-17T13:25:08.000Z</time>
        <extensions>
          <ns3:TrackPointExtension>
            <ns3:hr>153</ns3:hr>
            <ns3:cad>96</ns3:cad>
          </ns3:TrackPointExtension>
        </extensions>
      </trkpt>
      <trkpt lat="34.23486468382179737091064453125" lon="108.93728152848780155181884765625">
        <ele>407.79998779296875</ele>
        <time>2026-03-17T13:25:09.000Z</time>
        <extensions>
          <ns3:TrackPointExtension>
            <ns3:hr>152</ns3:hr>
            <ns3:cad>96</ns3:cad>
          </ns3:TrackPointExtension>
        </extensions>
      </trkpt>
      <trkpt lat="34.23485429026186466217041015625" lon="108.9372433908283710479736328125">
        <ele>407.79998779296875</ele>
        <time>2026-03-17T13:25:10.000Z</time>
        <extensions>
          <ns3:TrackPointExtension>
            <ns3:hr>152</ns3:hr>
            <ns3:cad>96</ns3:cad>
          </ns3:TrackPointExtension>
        </extensions>
      </trkpt>
      <trkpt lat="34.2348399572074413299560546875" lon="108.93720190040767192840576171875">
        <ele>407.79998779296875</ele>
        <time>2026-03-17T13:25:11.000Z</time>
        <extensions>
          <ns3:TrackPointExtension>
            <ns3:hr>152</ns3:hr>
            <ns3:cad>96</ns3:cad>
          </ns3:TrackPointExtension>
        </extensions>
      </trkpt>
      <trkpt lat="34.2348225228488445281982421875" lon="108.93716485239565372467041015625">
        <ele>407.79998779296875</ele>
        <time>2026-03-17T13:25:12.000Z</time>
        <extensions>
          <ns3:TrackPointExtension>
            <ns3:hr>151</ns3:hr>
            <ns3:cad>97</ns3:cad>
          </ns3:TrackPointExtension>
        </extensions>
      </trkpt>
      <trkpt lat="34.2348124645650386810302734375" lon="108.9371361024677753448486328125">
        <ele>407.79998779296875</ele>
        <time>2026-03-17T13:25:13.000Z</time>
        <extensions>
          <ns3:TrackPointExtension>
            <ns3:hr>150</ns3:hr>
            <ns3:cad>97</ns3:cad>
          </ns3:TrackPointExtension>
        </extensions>
      </trkpt>
      <trkpt lat="34.23479595221579074859619140625" lon="108.93709578551352024078369140625">
        <ele>407.79998779296875</ele>
        <time>2026-03-17T13:25:14.000Z</time>
        <extensions>
          <ns3:TrackPointExtension>
            <ns3:hr>150</ns3:hr>
            <ns3:cad>97</ns3:cad>
          </ns3:TrackPointExtension>
        </extensions>
      </trkpt>
      <trkpt lat="34.23478472046554088592529296875" lon="108.93706074915826320648193359375">
        <ele>407.79998779296875</ele>
        <time>2026-03-17T13:25:15.000Z</time>
        <extensions>
          <ns3:TrackPointExtension>
            <ns3:hr>151</ns3:hr>
            <ns3:cad>98</ns3:cad>
          </ns3:TrackPointExtension>
        </extensions>
      </trkpt>
      <trkpt lat="34.234775416553020477294921875" lon="108.93702990375459194183349609375">
        <ele>407.79998779296875</ele>
        <time>2026-03-17T13:25:16.000Z</time>
        <extensions>
          <ns3:TrackPointExtension>
            <ns3:hr>151</ns3:hr>
            <ns3:cad>98</ns3:cad>
          </ns3:TrackPointExtension>
        </extensions>
      </trkpt>
      <trkpt lat="34.23476158641278743743896484375" lon="108.9370033331215381622314453125">
        <ele>408</ele>
        <time>2026-03-17T13:25:17.000Z</time>
        <extensions>
          <ns3:TrackPointExtension>
            <ns3:hr>151</ns3:hr>
            <ns3:cad>98</ns3:cad>
          </ns3:TrackPointExtension>
        </extensions>
      </trkpt>
      <trkpt lat="34.23475102521479129791259765625" lon="108.9369858987629413604736328125">
        <ele>408</ele>
        <time>2026-03-17T13:25:18.000Z</time>
        <extensions>
          <ns3:TrackPointExtension>
            <ns3:hr>151</ns3:hr>
            <ns3:cad>98</ns3:cad>
          </ns3:TrackPointExtension>
        </extensions>
      </trkpt>
    </trkseg>
  </trk>
</gpx>
