<gpx xmlns:ns3="http://www.garmin.com/xmlschemas/TrackPointExtension/v1" xmlns="http://www.topografix.com/GPX/1/1" xmlns:xsi="http://www.w3.org/2001/XMLSchema-instance" xmlns:ns2="http://www.garmin.com/xmlschemas/GpxExtensions/v3" creator="Garmin Connect" version="1.1" xsi:schemaLocation="http://www.topografix.com/GPX/1/1 http://www.topografix.com/GPX/11.xsd">
  <extensions>
<distance>5503.71</distance>
<average_hr>150.0</average_hr>
<average_speed>3.055000066757202</average_speed>
<start_time>2026-03-21T08:33:37+00:00</start_time>
<end_time>2026-03-21T09:03:38.341000+00:00</end_time>
<moving_time>1797.296</moving_time>
<elapsed_time>1801.341</elapsed_time>
</extensions>
<metadata>
    <link href="connect.garmin.com">
      <text>Garmin Connect</text>
    </link>
    <time>2026-03-21T08:33:37.000Z</time>
  </metadata>
  <trk>
    <name>西安市 跑步</name>
    <type>running</type>
    <trkseg>
      <trkpt lat="34.240689016878604888916015625" lon="108.9627002365887165069580078125">
        <ele>420.600006103515625</ele>
        <time>2026-03-21T08:33:42.000Z</time>
        <extensions>
          <ns3:TrackPointExtension>
            <ns3:hr>104</ns3:hr>
            <ns3:cad>0</ns3:cad>
          </ns3:TrackPointExtension>
        </extensions>
      </trkpt>
      <trkpt lat="34.24065087921917438507080078125" lon="108.9627247117459774017333984375">
        <ele>421</ele>
        <time>2026-03-21T08:33:43.000Z</time>
        <extensions>
          <ns3:TrackPointExtension>
            <ns3:hr>104</ns3:hr>
            <ns3:cad>93</ns3:cad>
          </ns3:TrackPointExtension>
        </extensions>
      </trkpt>
      <trkpt lat="34.2406533099710941314697265625" lon="108.962722532451152801513671875">
        <ele>421</ele>
        <time>2026-03-21T08:33:44.000Z</time>
        <extensions>
          <ns3:TrackPointExtension>
            <ns3:hr>105</ns3:hr>
            <ns3:cad>93</ns3:cad>
          </ns3:TrackPointExtension>
        </extensions>
      </trkpt>
      <trkpt lat="34.240586757659912109375" lon="108.962739296257495880126953125">
        <ele>421</ele>
        <time>2026-03-21T08:33:45.000Z</time>
        <extensions>
          <ns3:TrackPointExtension>
            <ns3:hr>105</ns3:hr>
            <ns3:cad>91</ns3:cad>
          </ns3:TrackPointExtension>
        </extensions>
      </trkpt>
      <trkpt lat="34.2406083829700946807861328125" lon="108.962712474167346954345703125">
        <ele>421.20001220703125</ele>
        <time>2026-03-21T08:33:46.000Z</time>
        <extensions>
          <ns3:TrackPointExtension>
            <ns3:hr>106</ns3:hr>
            <ns3:cad>91</ns3:cad>
          </ns3:TrackPointExtension>
        </extensions>
      </trkpt>
      <trkpt lat="34.24061383120715618133544921875" lon="108.96270878612995147705078125">
        <ele>421.20001220703125</ele>
        <time>2026-03-21T08:33:47.000Z</time>
        <extensions>
          <ns3:TrackPointExtension>
            <ns3:hr>107</ns3:hr>
            <ns3:cad>93</ns3:cad>
          </ns3:TrackPointExtension>
        </extensions>
      </trkpt>
      <trkpt lat="34.24057326279580593109130859375" lon="108.96272412501275539398193359375">
        <ele>421.20001220703125</ele>
        <time>2026-03-21T08:33:48.000Z</time>
        <extensions>
          <ns3:TrackPointExtension>
            <ns3:hr>108</ns3:hr>
            <ns3:cad>93</ns3:cad>
          </ns3:TrackPointExtension>
        </extensions>
      </trkpt>
      <trkpt lat="34.2405346222221851348876953125" lon="108.96273158490657806396484375">
        <ele>421.20001220703125</ele>
        <time>2026-03-21T08:33:49.000Z</time>
        <extensions>
          <ns3:TrackPointExtension>
            <ns3:hr>110</ns3:hr>
            <ns3:cad>93</ns3:cad>
          </ns3:TrackPointExtension>
        </extensions>
      </trkpt>
      <trkpt lat="34.240494556725025177001953125" lon="108.96274499595165252685546875">
        <ele>421.20001220703125</ele>
        <time>2026-03-21T08:33:50.000Z</time>
        <extensions>
          <ns3:TrackPointExtension>
            <ns3:hr>110</ns3:hr>
            <ns3:cad>93</ns3:cad>
          </ns3:TrackPointExtension>
        </extensions>
      </trkpt>
      <trkpt lat="34.2404518090188503265380859375" lon="108.96275999955832958221435546875">
        <ele>421.20001220703125</ele>
        <time>2026-03-21T08:33:51.000Z</time>
        <extensions>
          <ns3:TrackPointExtension>
            <ns3:hr>112</ns3:hr>
            <ns3:cad>94</ns3:cad>
          </ns3:TrackPointExtension>
        </extensions>
      </trkpt>
      <trkpt lat="34.24042917788028717041015625" lon="108.96276100538671016693115234375">
        <ele>421.399993896484375</ele>
        <time>2026-03-21T08:33:52.000Z</time>
        <extensions>
          <ns3:TrackPointExtension>
            <ns3:hr>113</ns3:hr>
            <ns3:cad>93</ns3:cad>
          </ns3:TrackPointExtension>
        </extensions>
      </trkpt>
      <trkpt lat="34.24040093086659908294677734375" lon="108.96277257241308689117431640625">
        <ele>421.399993896484375</ele>
        <time>2026-03-21T08:33:53.000Z</time>
        <extensions>
          <ns3:TrackPointExtension>
            <ns3:hr>113</ns3:hr>
            <ns3:cad>93</ns3:cad>
          </ns3:TrackPointExtension>
        </extensions>
      </trkpt>
      <trkpt lat="34.2403706721961498260498046875" lon="108.96277223713696002960205078125">
        <ele>421.399993896484375</ele>
        <time>2026-03-21T08:33:54.000Z</time>
        <extensions>
          <ns3:TrackPointExtension>
            <ns3:hr>114</ns3:hr>
            <ns3:cad>93</ns3:cad>
          </ns3:TrackPointExtension>
        </extensions>
      </trkpt>
      <trkpt lat="34.2403428442776203155517578125" lon="108.96277324296534061431884765625">
        <ele>421.399993896484375</ele>
        <time>2026-03-21T08:33:55.000Z</time>
        <extensions>
          <ns3:TrackPointExtension>
            <ns3:hr>115</ns3:hr>
            <ns3:cad>92</ns3:cad>
          </ns3:TrackPointExtension>
        </extensions>
      </trkpt>
      <trkpt lat="34.24032214097678661346435546875" lon="108.96277374587953090667724609375">
        <ele>421.399993896484375</ele>
        <time>2026-03-21T08:33:56.000Z</time>
        <extensions>
          <ns3:TrackPointExtension>
            <ns3:hr>115</ns3:hr>
            <ns3:cad>92</ns3:cad>
          </ns3:TrackPointExtension>
        </extensions>
      </trkpt>
      <trkpt lat="34.24029950983822345733642578125" lon="108.9627696387469768524169921875">
        <ele>421.399993896484375</ele>
        <time>2026-03-21T08:33:57.000Z</time>
        <extensions>
          <ns3:TrackPointExtension>
            <ns3:hr>116</ns3:hr>
            <ns3:cad>92</ns3:cad>
          </ns3:TrackPointExtension>
        </extensions>
      </trkpt>
      <trkpt lat="34.24027402885258197784423828125" lon="108.96277592517435550689697265625">
        <ele>421.20001220703125</ele>
        <time>2026-03-21T08:33:58.000Z</time>
        <extensions>
          <ns3:TrackPointExtension>
            <ns3:hr>116</ns3:hr>
            <ns3:cad>92</ns3:cad>
          </ns3:TrackPointExtension>
        </extensions>
      </trkpt>
      <trkpt lat="34.24025374464690685272216796875" lon="108.9627760089933872222900390625">
        <ele>421.20001220703125</ele>
        <time>2026-03-21T08:33:59.000Z</time>
        <extensions>
          <ns3:TrackPointExtension>
            <ns3:hr>117</ns3:hr>
            <ns3:cad>93</ns3:cad>
          </ns3:TrackPointExtension>
        </extensions>
      </trkpt>
      <trkpt lat="34.24023262225091457366943359375" lon="108.9627796970307826995849609375">
        <ele>421.20001220703125</ele>
        <time>2026-03-21T08:34:00.000Z</time>
        <extensions>
          <ns3:TrackPointExtension>
            <ns3:hr>118</ns3:hr>
            <ns3:cad>93</ns3:cad>
          </ns3:TrackPointExtension>
        </extensions>
      </trkpt>
      <trkpt lat="34.24021485261619091033935546875" lon="108.96278631873428821563720703125">
        <ele>421.20001220703125</ele>
        <time>2026-03-21T08:34:01.000Z</time>
        <extensions>
          <ns3:TrackPointExtension>
            <ns3:hr>119</ns3:hr>
            <ns3:cad>94</ns3:cad>
          </ns3:TrackPointExtension>
        </extensions>
      </trkpt>
      <trkpt lat="34.24019792117178440093994140625" lon="108.96278631873428821563720703125">
        <ele>421.20001220703125</ele>
        <time>2026-03-21T08:34:02.000Z</time>
        <extensions>
          <ns3:TrackPointExtension>
            <ns3:hr>120</ns3:hr>
            <ns3:cad>95</ns3:cad>
          </ns3:TrackPointExtension>
        </extensions>
      </trkpt>
      <trkpt lat="34.240173362195491790771484375" lon="108.96280207671225070953369140625">
        <ele>421.20001220703125</ele>
        <time>2026-03-21T08:34:03.000Z</time>
        <extensions>
          <ns3:TrackPointExtension>
            <ns3:hr>120</ns3:hr>
            <ns3:cad>95</ns3:cad>
          </ns3:TrackPointExtension>
        </extensions>
      </trkpt>
      <trkpt lat="34.24015332944691181182861328125" lon="108.96280760876834392547607421875">
        <ele>421.399993896484375</ele>
        <time>2026-03-21T08:34:04.000Z</time>
        <extensions>
          <ns3:TrackPointExtension>
            <ns3:hr>121</ns3:hr>
            <ns3:cad>95</ns3:cad>
          </ns3:TrackPointExtension>
        </extensions>
      </trkpt>
      <trkpt lat="34.2401294410228729248046875" lon="108.96282554604113101959228515625">
        <ele>421.399993896484375</ele>
        <time>2026-03-21T08:34:05.000Z</time>
        <extensions>
          <ns3:TrackPointExtension>
            <ns3:hr>121</ns3:hr>
            <ns3:cad>95</ns3:cad>
          </ns3:TrackPointExtension>
        </extensions>
      </trkpt>
      <trkpt lat="34.24010773189365863800048828125" lon="108.96284155547618865966796875">
        <ele>421.399993896484375</ele>
        <time>2026-03-21T08:34:06.000Z</time>
        <extensions>
          <ns3:TrackPointExtension>
            <ns3:hr>122</ns3:hr>
            <ns3:cad>96</ns3:cad>
          </ns3:TrackPointExtension>
        </extensions>
      </trkpt>
      <trkpt lat="34.24008744768798351287841796875" lon="108.9628542959690093994140625">
        <ele>421.399993896484375</ele>
        <time>2026-03-21T08:34:07.000Z</time>
        <extensions>
          <ns3:TrackPointExtension>
            <ns3:hr>122</ns3:hr>
            <ns3:cad>96</ns3:cad>
          </ns3:TrackPointExtension>
        </extensions>
      </trkpt>
      <trkpt lat="34.24006582237780094146728515625" lon="108.96287935785949230194091796875">
        <ele>421.399993896484375</ele>
        <time>2026-03-21T08:34:08.000Z</time>
        <extensions>
          <ns3:TrackPointExtension>
            <ns3:hr>123</ns3:hr>
            <ns3:cad>95</ns3:cad>
          </ns3:TrackPointExtension>
        </extensions>
      </trkpt>
      <trkpt lat="34.240047633647918701171875" lon="108.96289193071424961090087890625">
        <ele>421.399993896484375</ele>
        <time>2026-03-21T08:34:09.000Z</time>
        <extensions>
          <ns3:TrackPointExtension>
            <ns3:hr>124</ns3:hr>
            <ns3:cad>95</ns3:cad>
          </ns3:TrackPointExtension>
        </extensions>
      </trkpt>
      <trkpt lat="34.24002693034708499908447265625" lon="108.9629171602427959442138671875">
        <ele>421.399993896484375</ele>
        <time>2026-03-21T08:34:10.000Z</time>
        <extensions>
          <ns3:TrackPointExtension>
            <ns3:hr>124</ns3:hr>
            <ns3:cad>95</ns3:cad>
          </ns3:TrackPointExtension>
        </extensions>
      </trkpt>
      <trkpt lat="34.2400079034268856048583984375" lon="108.96293618716299533843994140625">
        <ele>421.399993896484375</ele>
        <time>2026-03-21T08:34:11.000Z</time>
        <extensions>
          <ns3:TrackPointExtension>
            <ns3:hr>125</ns3:hr>
            <ns3:cad>95</ns3:cad>
          </ns3:TrackPointExtension>
        </extensions>
      </trkpt>
      <trkpt lat="34.2399938218295574188232421875" lon="108.96295747719705104827880859375">
        <ele>421.399993896484375</ele>
        <time>2026-03-21T08:34:12.000Z</time>
        <extensions>
          <ns3:TrackPointExtension>
            <ns3:hr>126</ns3:hr>
            <ns3:cad>95</ns3:cad>
          </ns3:TrackPointExtension>
        </extensions>
      </trkpt>
      <trkpt lat="34.2399783991277217864990234375" lon="108.96299100480973720550537109375">
        <ele>421.399993896484375</ele>
        <time>2026-03-21T08:34:13.000Z</time>
        <extensions>
          <ns3:TrackPointExtension>
            <ns3:hr>126</ns3:hr>
            <ns3:cad>95</ns3:cad>
          </ns3:TrackPointExtension>
        </extensions>
      </trkpt>
      <trkpt lat="34.23996322788298130035400390625" lon="108.96300944499671459197998046875">
        <ele>421.399993896484375</ele>
        <time>2026-03-21T08:34:14.000Z</time>
        <extensions>
          <ns3:TrackPointExtension>
            <ns3:hr>126</ns3:hr>
            <ns3:cad>95</ns3:cad>
          </ns3:TrackPointExtension>
        </extensions>
      </trkpt>
      <trkpt lat="34.2399525828659534454345703125" lon="108.96303894929587841033935546875">
        <ele>421.399993896484375</ele>
        <time>2026-03-21T08:34:15.000Z</time>
        <extensions>
          <ns3:TrackPointExtension>
            <ns3:hr>127</ns3:hr>
            <ns3:cad>95</ns3:cad>
          </ns3:TrackPointExtension>
        </extensions>
      </trkpt>
      <trkpt lat="34.239943362772464752197265625" lon="108.96306493319571018218994140625">
        <ele>421.399993896484375</ele>
        <time>2026-03-21T08:34:16.000Z</time>
        <extensions>
          <ns3:TrackPointExtension>
            <ns3:hr>127</ns3:hr>
            <ns3:cad>96</ns3:cad>
          </ns3:TrackPointExtension>
        </extensions>
      </trkpt>
      <trkpt lat="34.23993456177413463592529296875" lon="108.96308965981006622314453125">
        <ele>421.600006103515625</ele>
        <time>2026-03-21T08:34:17.000Z</time>
        <extensions>
          <ns3:TrackPointExtension>
            <ns3:hr>128</ns3:hr>
            <ns3:cad>96</ns3:cad>
          </ns3:TrackPointExtension>
        </extensions>
      </trkpt>
      <trkpt lat="34.2399291135370731353759765625" lon="108.96312410943210124969482421875">
        <ele>421.399993896484375</ele>
        <time>2026-03-21T08:34:18.000Z</time>
        <extensions>
          <ns3:TrackPointExtension>
            <ns3:hr>129</ns3:hr>
            <ns3:cad>96</ns3:cad>
          </ns3:TrackPointExtension>
        </extensions>
      </trkpt>
      <trkpt lat="34.239918887615203857421875" lon="108.9631448127329349517822265625">
        <ele>421.399993896484375</ele>
        <time>2026-03-21T08:34:19.000Z</time>
        <extensions>
          <ns3:TrackPointExtension>
            <ns3:hr>129</ns3:hr>
            <ns3:cad>96</ns3:cad>
          </ns3:TrackPointExtension>
        </extensions>
      </trkpt>
      <trkpt lat="34.23991779796779155731201171875" lon="108.96318043582141399383544921875">
        <ele>421.399993896484375</ele>
        <time>2026-03-21T08:34:20.000Z</time>
        <extensions>
          <ns3:TrackPointExtension>
            <ns3:hr>130</ns3:hr>
            <ns3:cad>96</ns3:cad>
          </ns3:TrackPointExtension>
        </extensions>
      </trkpt>
      <trkpt lat="34.23990924842655658721923828125" lon="108.96320256404578685760498046875">
        <ele>421.399993896484375</ele>
        <time>2026-03-21T08:34:21.000Z</time>
        <extensions>
          <ns3:TrackPointExtension>
            <ns3:hr>130</ns3:hr>
            <ns3:cad>96</ns3:cad>
          </ns3:TrackPointExtension>
        </extensions>
      </trkpt>
      <trkpt lat="34.23991176299750804901123046875" lon="108.96323240362107753753662109375">
        <ele>421.399993896484375</ele>
        <time>2026-03-21T08:34:22.000Z</time>
        <extensions>
          <ns3:TrackPointExtension>
            <ns3:hr>130</ns3:hr>
            <ns3:cad>95</ns3:cad>
          </ns3:TrackPointExtension>
        </extensions>
      </trkpt>
      <trkpt lat="34.23990882933139801025390625" lon="108.96326308138668537139892578125">
        <ele>421.600006103515625</ele>
        <time>2026-03-21T08:34:23.000Z</time>
        <extensions>
          <ns3:TrackPointExtension>
            <ns3:hr>130</ns3:hr>
            <ns3:cad>94</ns3:cad>
          </ns3:TrackPointExtension>
        </extensions>
      </trkpt>
      <trkpt lat="34.2399120144546031951904296875" lon="108.96329409442842006683349609375">
        <ele>421.600006103515625</ele>
        <time>2026-03-21T08:34:24.000Z</time>
        <extensions>
          <ns3:TrackPointExtension>
            <ns3:hr>130</ns3:hr>
            <ns3:cad>95</ns3:cad>
          </ns3:TrackPointExtension>
        </extensions>
      </trkpt>
      <trkpt lat="34.239917211234569549560546875" lon="108.9633290469646453857421875">
        <ele>421.600006103515625</ele>
        <time>2026-03-21T08:34:25.000Z</time>
        <extensions>
          <ns3:TrackPointExtension>
            <ns3:hr>131</ns3:hr>
            <ns3:cad>94</ns3:cad>
          </ns3:TrackPointExtension>
        </extensions>
      </trkpt>
      <trkpt lat="34.2399167083203792572021484375" lon="108.96335260011255741119384765625">
        <ele>421.600006103515625</ele>
        <time>2026-03-21T08:34:26.000Z</time>
        <extensions>
          <ns3:TrackPointExtension>
            <ns3:hr>130</ns3:hr>
            <ns3:cad>94</ns3:cad>
          </ns3:TrackPointExtension>
        </extensions>
      </trkpt>
      <trkpt lat="34.2399254254996776580810546875" lon="108.96337958984076976776123046875">
        <ele>421.600006103515625</ele>
        <time>2026-03-21T08:34:27.000Z</time>
        <extensions>
          <ns3:TrackPointExtension>
            <ns3:hr>130</ns3:hr>
            <ns3:cad>94</ns3:cad>
          </ns3:TrackPointExtension>
        </extensions>
      </trkpt>
      <trkpt lat="34.2399267666041851043701171875" lon="108.96340490318834781646728515625">
        <ele>421.399993896484375</ele>
        <time>2026-03-21T08:34:28.000Z</time>
        <extensions>
          <ns3:TrackPointExtension>
            <ns3:hr>131</ns3:hr>
            <ns3:cad>95</ns3:cad>
          </ns3:TrackPointExtension>
        </extensions>
      </trkpt>
      <trkpt lat="34.2399421893060207366943359375" lon="108.96343298256397247314453125">
        <ele>421.399993896484375</ele>
        <time>2026-03-21T08:34:29.000Z</time>
        <extensions>
          <ns3:TrackPointExtension>
            <ns3:hr>131</ns3:hr>
            <ns3:cad>95</ns3:cad>
          </ns3:TrackPointExtension>
        </extensions>
      </trkpt>
      <trkpt lat="34.23995082266628742218017578125" lon="108.96345636807382106781005859375">
        <ele>421.399993896484375</ele>
        <time>2026-03-21T08:34:30.000Z</time>
        <extensions>
          <ns3:TrackPointExtension>
            <ns3:hr>131</ns3:hr>
            <ns3:cad>95</ns3:cad>
          </ns3:TrackPointExtension>
        </extensions>
      </trkpt>
      <trkpt lat="34.239960797131061553955078125" lon="108.96347992122173309326171875">
        <ele>421.399993896484375</ele>
        <time>2026-03-21T08:34:31.000Z</time>
        <extensions>
          <ns3:TrackPointExtension>
            <ns3:hr>131</ns3:hr>
            <ns3:cad>95</ns3:cad>
          </ns3:TrackPointExtension>
        </extensions>
      </trkpt>
      <trkpt lat="34.23997529782354831695556640625" lon="108.9635062403976917266845703125">
        <ele>421.399993896484375</ele>
        <time>2026-03-21T08:34:32.000Z</time>
        <extensions>
          <ns3:TrackPointExtension>
            <ns3:hr>131</ns3:hr>
            <ns3:cad>95</ns3:cad>
          </ns3:TrackPointExtension>
        </extensions>
      </trkpt>
      <trkpt lat="34.23998753540217876434326171875" lon="108.9635320566594600677490234375">
        <ele>421.399993896484375</ele>
        <time>2026-03-21T08:34:33.000Z</time>
        <extensions>
          <ns3:TrackPointExtension>
            <ns3:hr>131</ns3:hr>
            <ns3:cad>93</ns3:cad>
          </ns3:TrackPointExtension>
        </extensions>
      </trkpt>
      <trkpt lat="34.2400115914642810821533203125" lon="108.96356047131121158599853515625">
        <ele>421.399993896484375</ele>
        <time>2026-03-21T08:34:34.000Z</time>
        <extensions>
          <ns3:TrackPointExtension>
            <ns3:hr>131</ns3:hr>
            <ns3:cad>94</ns3:cad>
          </ns3:TrackPointExtension>
        </extensions>
      </trkpt>
      <trkpt lat="34.2400256730616092681884765625" lon="108.9635860361158847808837890625">
        <ele>421.600006103515625</ele>
        <time>2026-03-21T08:34:35.000Z</time>
        <extensions>
          <ns3:TrackPointExtension>
            <ns3:hr>131</ns3:hr>
            <ns3:cad>94</ns3:cad>
          </ns3:TrackPointExtension>
        </extensions>
      </trkpt>
      <trkpt lat="34.240056015551090240478515625" lon="108.96361143328249454498291015625">
        <ele>421.600006103515625</ele>
        <time>2026-03-21T08:34:36.000Z</time>
        <extensions>
          <ns3:TrackPointExtension>
            <ns3:hr>131</ns3:hr>
            <ns3:cad>94</ns3:cad>
          </ns3:TrackPointExtension>
        </extensions>
      </trkpt>
      <trkpt lat="34.2400773055851459503173828125" lon="108.963632471859455108642578125">
        <ele>421.600006103515625</ele>
        <time>2026-03-21T08:34:37.000Z</time>
        <extensions>
          <ns3:TrackPointExtension>
            <ns3:hr>132</ns3:hr>
            <ns3:cad>94</ns3:cad>
          </ns3:TrackPointExtension>
        </extensions>
      </trkpt>
      <trkpt lat="34.2400994338095188140869140625" lon="108.96365351043641567230224609375">
        <ele>421.600006103515625</ele>
        <time>2026-03-21T08:34:38.000Z</time>
        <extensions>
          <ns3:TrackPointExtension>
            <ns3:hr>132</ns3:hr>
            <ns3:cad>94</ns3:cad>
          </ns3:TrackPointExtension>
        </extensions>
      </trkpt>
      <trkpt lat="34.2401225678622722625732421875" lon="108.9636715315282344818115234375">
        <ele>421.600006103515625</ele>
        <time>2026-03-21T08:34:39.000Z</time>
        <extensions>
          <ns3:TrackPointExtension>
            <ns3:hr>133</ns3:hr>
            <ns3:cad>94</ns3:cad>
          </ns3:TrackPointExtension>
        </extensions>
      </trkpt>
      <trkpt lat="34.240141175687313079833984375" lon="108.96368619985878467559814453125">
        <ele>421.600006103515625</ele>
        <time>2026-03-21T08:34:40.000Z</time>
        <extensions>
          <ns3:TrackPointExtension>
            <ns3:hr>133</ns3:hr>
            <ns3:cad>94</ns3:cad>
          </ns3:TrackPointExtension>
        </extensions>
      </trkpt>
      <trkpt lat="34.2401681654155254364013671875" lon="108.96369642578065395355224609375">
        <ele>421.600006103515625</ele>
        <time>2026-03-21T08:34:41.000Z</time>
        <extensions>
          <ns3:TrackPointExtension>
            <ns3:hr>134</ns3:hr>
            <ns3:cad>95</ns3:cad>
          </ns3:TrackPointExtension>
        </extensions>
      </trkpt>
      <trkpt lat="34.2401866056025028228759765625" lon="108.96370966918766498565673828125">
        <ele>421.600006103515625</ele>
        <time>2026-03-21T08:34:42.000Z</time>
        <extensions>
          <ns3:TrackPointExtension>
            <ns3:hr>134</ns3:hr>
            <ns3:cad>95</ns3:cad>
          </ns3:TrackPointExtension>
        </extensions>
      </trkpt>
      <trkpt lat="34.24021602608263492584228515625" lon="108.96371503360569477081298828125">
        <ele>421.600006103515625</ele>
        <time>2026-03-21T08:34:43.000Z</time>
        <extensions>
          <ns3:TrackPointExtension>
            <ns3:hr>135</ns3:hr>
            <ns3:cad>95</ns3:cad>
          </ns3:TrackPointExtension>
        </extensions>
      </trkpt>
      <trkpt lat="34.24023949541151523590087890625" lon="108.96372257731854915618896484375">
        <ele>421.600006103515625</ele>
        <time>2026-03-21T08:34:44.000Z</time>
        <extensions>
          <ns3:TrackPointExtension>
            <ns3:hr>135</ns3:hr>
            <ns3:cad>94</ns3:cad>
          </ns3:TrackPointExtension>
        </extensions>
      </trkpt>
      <trkpt lat="34.24026749096810817718505859375" lon="108.96372291259467601776123046875">
        <ele>421.600006103515625</ele>
        <time>2026-03-21T08:34:45.000Z</time>
        <extensions>
          <ns3:TrackPointExtension>
            <ns3:hr>136</ns3:hr>
            <ns3:cad>94</ns3:cad>
          </ns3:TrackPointExtension>
        </extensions>
      </trkpt>
      <trkpt lat="34.24029372632503509521484375" lon="108.96371972747147083282470703125">
        <ele>421.600006103515625</ele>
        <time>2026-03-21T08:34:46.000Z</time>
        <extensions>
          <ns3:TrackPointExtension>
            <ns3:hr>136</ns3:hr>
            <ns3:cad>94</ns3:cad>
          </ns3:TrackPointExtension>
        </extensions>
      </trkpt>
      <trkpt lat="34.24031426198780536651611328125" lon="108.96372341550886631011962890625">
        <ele>421.600006103515625</ele>
        <time>2026-03-21T08:34:47.000Z</time>
        <extensions>
          <ns3:TrackPointExtension>
            <ns3:hr>136</ns3:hr>
            <ns3:cad>93</ns3:cad>
          </ns3:TrackPointExtension>
        </extensions>
      </trkpt>
      <trkpt lat="34.2403465323150157928466796875" lon="108.96371503360569477081298828125">
        <ele>421.600006103515625</ele>
        <time>2026-03-21T08:34:48.000Z</time>
        <extensions>
          <ns3:TrackPointExtension>
            <ns3:hr>136</ns3:hr>
            <ns3:cad>94</ns3:cad>
          </ns3:TrackPointExtension>
        </extensions>
      </trkpt>
      <trkpt lat="34.2403653077781200408935546875" lon="108.96372224204242229461669921875">
        <ele>421.600006103515625</ele>
        <time>2026-03-21T08:34:49.000Z</time>
        <extensions>
          <ns3:TrackPointExtension>
            <ns3:hr>136</ns3:hr>
            <ns3:cad>94</ns3:cad>
          </ns3:TrackPointExtension>
        </extensions>
      </trkpt>
      <trkpt lat="34.24039305187761783599853515625" lon="108.963718973100185394287109375">
        <ele>421.600006103515625</ele>
        <time>2026-03-21T08:34:50.000Z</time>
        <extensions>
          <ns3:TrackPointExtension>
            <ns3:hr>136</ns3:hr>
            <ns3:cad>94</ns3:cad>
          </ns3:TrackPointExtension>
        </extensions>
      </trkpt>
      <trkpt lat="34.24041920341551303863525390625" lon="108.9637218229472637176513671875">
        <ele>421.600006103515625</ele>
        <time>2026-03-21T08:34:51.000Z</time>
        <extensions>
          <ns3:TrackPointExtension>
            <ns3:hr>135</ns3:hr>
            <ns3:cad>94</ns3:cad>
          </ns3:TrackPointExtension>
        </extensions>
      </trkpt>
      <trkpt lat="34.24044300802052021026611328125" lon="108.9637234993278980255126953125">
        <ele>421.600006103515625</ele>
        <time>2026-03-21T08:34:52.000Z</time>
        <extensions>
          <ns3:TrackPointExtension>
            <ns3:hr>135</ns3:hr>
            <ns3:cad>95</ns3:cad>
          </ns3:TrackPointExtension>
        </extensions>
      </trkpt>
      <trkpt lat="34.24047251231968402862548828125" lon="108.96371805109083652496337890625">
        <ele>421.600006103515625</ele>
        <time>2026-03-21T08:34:53.000Z</time>
        <extensions>
          <ns3:TrackPointExtension>
            <ns3:hr>135</ns3:hr>
            <ns3:cad>95</ns3:cad>
          </ns3:TrackPointExtension>
        </extensions>
      </trkpt>
      <trkpt lat="34.2404913716018199920654296875" lon="108.96372643299400806427001953125">
        <ele>421.600006103515625</ele>
        <time>2026-03-21T08:34:54.000Z</time>
        <extensions>
          <ns3:TrackPointExtension>
            <ns3:hr>135</ns3:hr>
            <ns3:cad>95</ns3:cad>
          </ns3:TrackPointExtension>
        </extensions>
      </trkpt>
      <trkpt lat="34.240518696606159210205078125" lon="108.96372827701270580291748046875">
        <ele>421.600006103515625</ele>
        <time>2026-03-21T08:34:55.000Z</time>
        <extensions>
          <ns3:TrackPointExtension>
            <ns3:hr>136</ns3:hr>
            <ns3:cad>95</ns3:cad>
          </ns3:TrackPointExtension>
        </extensions>
      </trkpt>
      <trkpt lat="34.2405403219163417816162109375" lon="108.96373062394559383392333984375">
        <ele>421.600006103515625</ele>
        <time>2026-03-21T08:34:56.000Z</time>
        <extensions>
          <ns3:TrackPointExtension>
            <ns3:hr>135</ns3:hr>
            <ns3:cad>95</ns3:cad>
          </ns3:TrackPointExtension>
        </extensions>
      </trkpt>
      <trkpt lat="34.2405639588832855224609375" lon="108.96373162977397441864013671875">
        <ele>421.600006103515625</ele>
        <time>2026-03-21T08:34:57.000Z</time>
        <extensions>
          <ns3:TrackPointExtension>
            <ns3:hr>135</ns3:hr>
            <ns3:cad>95</ns3:cad>
          </ns3:TrackPointExtension>
        </extensions>
      </trkpt>
      <trkpt lat="34.24058952368795871734619140625" lon="108.9637288637459278106689453125">
        <ele>421.600006103515625</ele>
        <time>2026-03-21T08:34:58.000Z</time>
        <extensions>
          <ns3:TrackPointExtension>
            <ns3:hr>135</ns3:hr>
            <ns3:cad>95</ns3:cad>
          </ns3:TrackPointExtension>
        </extensions>
      </trkpt>
      <trkpt lat="34.24061357975006103515625" lon="108.9637298695743083953857421875">
        <ele>421.600006103515625</ele>
        <time>2026-03-21T08:34:59.000Z</time>
        <extensions>
          <ns3:TrackPointExtension>
            <ns3:hr>135</ns3:hr>
            <ns3:cad>96</ns3:cad>
          </ns3:TrackPointExtension>
        </extensions>
      </trkpt>
      <trkpt lat="34.240644089877605438232421875" lon="108.96372425369918346405029296875">
        <ele>421.600006103515625</ele>
        <time>2026-03-21T08:35:00.000Z</time>
        <extensions>
          <ns3:TrackPointExtension>
            <ns3:hr>135</ns3:hr>
            <ns3:cad>97</ns3:cad>
          </ns3:TrackPointExtension>
        </extensions>
      </trkpt>
      <trkpt lat="34.24066722393035888671875" lon="108.96372609771788120269775390625">
        <ele>421.600006103515625</ele>
        <time>2026-03-21T08:35:01.000Z</time>
        <extensions>
          <ns3:TrackPointExtension>
            <ns3:hr>135</ns3:hr>
            <ns3:cad>97</ns3:cad>
          </ns3:TrackPointExtension>
        </extensions>
      </trkpt>
      <trkpt lat="34.24069245345890522003173828125" lon="108.96372593007981777191162109375">
        <ele>421.600006103515625</ele>
        <time>2026-03-21T08:35:02.000Z</time>
        <extensions>
          <ns3:TrackPointExtension>
            <ns3:hr>134</ns3:hr>
            <ns3:cad>97</ns3:cad>
          </ns3:TrackPointExtension>
        </extensions>
      </trkpt>
      <trkpt lat="34.240718185901641845703125" lon="108.96372425369918346405029296875">
        <ele>421.600006103515625</ele>
        <time>2026-03-21T08:35:03.000Z</time>
        <extensions>
          <ns3:TrackPointExtension>
            <ns3:hr>134</ns3:hr>
            <ns3:cad>97</ns3:cad>
          </ns3:TrackPointExtension>
        </extensions>
      </trkpt>
      <trkpt lat="34.24074023030698299407958984375" lon="108.96372609771788120269775390625">
        <ele>421.399993896484375</ele>
        <time>2026-03-21T08:35:04.000Z</time>
        <extensions>
          <ns3:TrackPointExtension>
            <ns3:hr>134</ns3:hr>
            <ns3:cad>97</ns3:cad>
          </ns3:TrackPointExtension>
        </extensions>
      </trkpt>
      <trkpt lat="34.240766800940036773681640625" lon="108.96372492425143718719482421875">
        <ele>421.399993896484375</ele>
        <time>2026-03-21T08:35:05.000Z</time>
        <extensions>
          <ns3:TrackPointExtension>
            <ns3:hr>133</ns3:hr>
            <ns3:cad>95</ns3:cad>
          </ns3:TrackPointExtension>
        </extensions>
      </trkpt>
      <trkpt lat="34.24078859388828277587890625" lon="108.96372660063207149505615234375">
        <ele>421.600006103515625</ele>
        <time>2026-03-21T08:35:06.000Z</time>
        <extensions>
          <ns3:TrackPointExtension>
            <ns3:hr>132</ns3:hr>
            <ns3:cad>95</ns3:cad>
          </ns3:TrackPointExtension>
        </extensions>
      </trkpt>
      <trkpt lat="34.2408149130642414093017578125" lon="108.96372123621404170989990234375">
        <ele>421.600006103515625</ele>
        <time>2026-03-21T08:35:07.000Z</time>
        <extensions>
          <ns3:TrackPointExtension>
            <ns3:hr>132</ns3:hr>
            <ns3:cad>95</ns3:cad>
          </ns3:TrackPointExtension>
        </extensions>
      </trkpt>
      <trkpt lat="34.24083846621215343475341796875" lon="108.963723666965961456298828125">
        <ele>421.399993896484375</ele>
        <time>2026-03-21T08:35:08.000Z</time>
        <extensions>
          <ns3:TrackPointExtension>
            <ns3:hr>131</ns3:hr>
            <ns3:cad>95</ns3:cad>
          </ns3:TrackPointExtension>
        </extensions>
      </trkpt>
      <trkpt lat="34.240864031016826629638671875" lon="108.963726349174976348876953125">
        <ele>421.399993896484375</ele>
        <time>2026-03-21T08:35:09.000Z</time>
        <extensions>
          <ns3:TrackPointExtension>
            <ns3:hr>130</ns3:hr>
            <ns3:cad>95</ns3:cad>
          </ns3:TrackPointExtension>
        </extensions>
      </trkpt>
      <trkpt lat="34.2408890090882778167724609375" lon="108.96372911520302295684814453125">
        <ele>421.399993896484375</ele>
        <time>2026-03-21T08:35:10.000Z</time>
        <extensions>
          <ns3:TrackPointExtension>
            <ns3:hr>130</ns3:hr>
            <ns3:cad>93</ns3:cad>
          </ns3:TrackPointExtension>
        </extensions>
      </trkpt>
      <trkpt lat="34.24091205932199954986572265625" lon="108.96372978575527667999267578125">
        <ele>421.399993896484375</ele>
        <time>2026-03-21T08:35:11.000Z</time>
        <extensions>
          <ns3:TrackPointExtension>
            <ns3:hr>131</ns3:hr>
            <ns3:cad>93</ns3:cad>
          </ns3:TrackPointExtension>
        </extensions>
      </trkpt>
      <trkpt lat="34.2409406416118144989013671875" lon="108.96372810937464237213134765625">
        <ele>421.20001220703125</ele>
        <time>2026-03-21T08:35:12.000Z</time>
        <extensions>
          <ns3:TrackPointExtension>
            <ns3:hr>131</ns3:hr>
            <ns3:cad>95</ns3:cad>
          </ns3:TrackPointExtension>
        </extensions>
      </trkpt>
      <trkpt lat="34.24096402712166309356689453125" lon="108.96372894756495952606201171875">
        <ele>421.399993896484375</ele>
        <time>2026-03-21T08:35:13.000Z</time>
        <extensions>
          <ns3:TrackPointExtension>
            <ns3:hr>132</ns3:hr>
            <ns3:cad>95</ns3:cad>
          </ns3:TrackPointExtension>
        </extensions>
      </trkpt>
      <trkpt lat="34.24098984338343143463134765625" lon="108.96372827701270580291748046875">
        <ele>421.399993896484375</ele>
        <time>2026-03-21T08:35:14.000Z</time>
        <extensions>
          <ns3:TrackPointExtension>
            <ns3:hr>132</ns3:hr>
            <ns3:cad>95</ns3:cad>
          </ns3:TrackPointExtension>
        </extensions>
      </trkpt>
      <trkpt lat="34.24101415090262889862060546875" lon="108.96372660063207149505615234375">
        <ele>421.399993896484375</ele>
        <time>2026-03-21T08:35:15.000Z</time>
        <extensions>
          <ns3:TrackPointExtension>
            <ns3:hr>133</ns3:hr>
            <ns3:cad>95</ns3:cad>
          </ns3:TrackPointExtension>
        </extensions>
      </trkpt>
      <trkpt lat="34.2410378716886043548583984375" lon="108.9637260138988494873046875">
        <ele>421.399993896484375</ele>
        <time>2026-03-21T08:35:16.000Z</time>
        <extensions>
          <ns3:TrackPointExtension>
            <ns3:hr>134</ns3:hr>
            <ns3:cad>95</ns3:cad>
          </ns3:TrackPointExtension>
        </extensions>
      </trkpt>
      <trkpt lat="34.2410656996071338653564453125" lon="108.963725678622722625732421875">
        <ele>421.399993896484375</ele>
        <time>2026-03-21T08:35:17.000Z</time>
        <extensions>
          <ns3:TrackPointExtension>
            <ns3:hr>134</ns3:hr>
            <ns3:cad>95</ns3:cad>
          </ns3:TrackPointExtension>
        </extensions>
      </trkpt>
      <trkpt lat="34.241089336574077606201171875" lon="108.96372945047914981842041015625">
        <ele>421.399993896484375</ele>
        <time>2026-03-21T08:35:18.000Z</time>
        <extensions>
          <ns3:TrackPointExtension>
            <ns3:hr>134</ns3:hr>
            <ns3:cad>95</ns3:cad>
          </ns3:TrackPointExtension>
        </extensions>
      </trkpt>
      <trkpt lat="34.24111741594970226287841796875" lon="108.96372509188950061798095703125">
        <ele>421.399993896484375</ele>
        <time>2026-03-21T08:35:19.000Z</time>
        <extensions>
          <ns3:TrackPointExtension>
            <ns3:hr>134</ns3:hr>
            <ns3:cad>96</ns3:cad>
          </ns3:TrackPointExtension>
        </extensions>
      </trkpt>
      <trkpt lat="34.2411459982395172119140625" lon="108.96372240968048572540283203125">
        <ele>421.399993896484375</ele>
        <time>2026-03-21T08:35:20.000Z</time>
        <extensions>
          <ns3:TrackPointExtension>
            <ns3:hr>135</ns3:hr>
            <ns3:cad>96</ns3:cad>
          </ns3:TrackPointExtension>
        </extensions>
      </trkpt>
      <trkpt lat="34.24117055721580982208251953125" lon="108.96371620707213878631591796875">
        <ele>421.399993896484375</ele>
        <time>2026-03-21T08:35:21.000Z</time>
        <extensions>
          <ns3:TrackPointExtension>
            <ns3:hr>135</ns3:hr>
            <ns3:cad>96</ns3:cad>
          </ns3:TrackPointExtension>
        </extensions>
      </trkpt>
      <trkpt lat="34.241198636591434478759765625" lon="108.963706232607364654541015625">
        <ele>421.399993896484375</ele>
        <time>2026-03-21T08:35:22.000Z</time>
        <extensions>
          <ns3:TrackPointExtension>
            <ns3:hr>136</ns3:hr>
            <ns3:cad>96</ns3:cad>
          </ns3:TrackPointExtension>
        </extensions>
      </trkpt>
      <trkpt lat="34.241222776472568511962890625" lon="108.96369910798966884613037109375">
        <ele>421.399993896484375</ele>
        <time>2026-03-21T08:35:23.000Z</time>
        <extensions>
          <ns3:TrackPointExtension>
            <ns3:hr>136</ns3:hr>
            <ns3:cad>96</ns3:cad>
          </ns3:TrackPointExtension>
        </extensions>
      </trkpt>
      <trkpt lat="34.24125202931463718414306640625" lon="108.9636856131255626678466796875">
        <ele>421.399993896484375</ele>
        <time>2026-03-21T08:35:24.000Z</time>
        <extensions>
          <ns3:TrackPointExtension>
            <ns3:hr>136</ns3:hr>
            <ns3:cad>96</ns3:cad>
          </ns3:TrackPointExtension>
        </extensions>
      </trkpt>
      <trkpt lat="34.24127549864351749420166015625" lon="108.9636750519275665283203125">
        <ele>421.399993896484375</ele>
        <time>2026-03-21T08:35:25.000Z</time>
        <extensions>
          <ns3:TrackPointExtension>
            <ns3:hr>137</ns3:hr>
            <ns3:cad>96</ns3:cad>
          </ns3:TrackPointExtension>
        </extensions>
      </trkpt>
      <trkpt lat="34.241298548877239227294921875" lon="108.96365568973124027252197265625">
        <ele>421.399993896484375</ele>
        <time>2026-03-21T08:35:26.000Z</time>
        <extensions>
          <ns3:TrackPointExtension>
            <ns3:hr>138</ns3:hr>
            <ns3:cad>96</ns3:cad>
          </ns3:TrackPointExtension>
        </extensions>
      </trkpt>
      <trkpt lat="34.24132101237773895263671875" lon="108.96363758482038974761962890625">
        <ele>421.399993896484375</ele>
        <time>2026-03-21T08:35:27.000Z</time>
        <extensions>
          <ns3:TrackPointExtension>
            <ns3:hr>139</ns3:hr>
            <ns3:cad>96</ns3:cad>
          </ns3:TrackPointExtension>
        </extensions>
      </trkpt>
      <trkpt lat="34.2413412965834140777587890625" lon="108.96362216211855411529541015625">
        <ele>421.399993896484375</ele>
        <time>2026-03-21T08:35:28.000Z</time>
        <extensions>
          <ns3:TrackPointExtension>
            <ns3:hr>140</ns3:hr>
            <ns3:cad>93</ns3:cad>
          </ns3:TrackPointExtension>
        </extensions>
      </trkpt>
      <trkpt lat="34.24136317335069179534912109375" lon="108.963602297008037567138671875">
        <ele>421.399993896484375</ele>
        <time>2026-03-21T08:35:29.000Z</time>
        <extensions>
          <ns3:TrackPointExtension>
            <ns3:hr>140</ns3:hr>
            <ns3:cad>93</ns3:cad>
          </ns3:TrackPointExtension>
        </extensions>
      </trkpt>
      <trkpt lat="34.2413818649947643280029296875" lon="108.9635873772203922271728515625">
        <ele>421.399993896484375</ele>
        <time>2026-03-21T08:35:30.000Z</time>
        <extensions>
          <ns3:TrackPointExtension>
            <ns3:hr>141</ns3:hr>
            <ns3:cad>94</ns3:cad>
          </ns3:TrackPointExtension>
        </extensions>
      </trkpt>
      <trkpt lat="34.24139485694468021392822265625" lon="108.96355569362640380859375">
        <ele>421.600006103515625</ele>
        <time>2026-03-21T08:35:31.000Z</time>
        <extensions>
          <ns3:TrackPointExtension>
            <ns3:hr>140</ns3:hr>
            <ns3:cad>94</ns3:cad>
          </ns3:TrackPointExtension>
        </extensions>
      </trkpt>
      <trkpt lat="34.24140944145619869232177734375" lon="108.96353314630687236785888671875">
        <ele>421.399993896484375</ele>
        <time>2026-03-21T08:35:32.000Z</time>
        <extensions>
          <ns3:TrackPointExtension>
            <ns3:hr>140</ns3:hr>
            <ns3:cad>94</ns3:cad>
          </ns3:TrackPointExtension>
        </extensions>
      </trkpt>
      <trkpt lat="34.241422601044178009033203125" lon="108.9635048992931842803955078125">
        <ele>421.399993896484375</ele>
        <time>2026-03-21T08:35:33.000Z</time>
        <extensions>
          <ns3:TrackPointExtension>
            <ns3:hr>140</ns3:hr>
            <ns3:cad>94</ns3:cad>
          </ns3:TrackPointExtension>
        </extensions>
      </trkpt>
      <trkpt lat="34.24143425188958644866943359375" lon="108.9634792506694793701171875">
        <ele>421.399993896484375</ele>
        <time>2026-03-21T08:35:34.000Z</time>
        <extensions>
          <ns3:TrackPointExtension>
            <ns3:hr>140</ns3:hr>
            <ns3:cad>94</ns3:cad>
          </ns3:TrackPointExtension>
        </extensions>
      </trkpt>
      <trkpt lat="34.24144464544951915740966796875" lon="108.9634532667696475982666015625">
        <ele>421.399993896484375</ele>
        <time>2026-03-21T08:35:35.000Z</time>
        <extensions>
          <ns3:TrackPointExtension>
            <ns3:hr>140</ns3:hr>
            <ns3:cad>94</ns3:cad>
          </ns3:TrackPointExtension>
        </extensions>
      </trkpt>
      <trkpt lat="34.2414552904665470123291015625" lon="108.96342284046113491058349609375">
        <ele>421.399993896484375</ele>
        <time>2026-03-21T08:35:36.000Z</time>
        <extensions>
          <ns3:TrackPointExtension>
            <ns3:hr>140</ns3:hr>
            <ns3:cad>94</ns3:cad>
          </ns3:TrackPointExtension>
        </extensions>
      </trkpt>
      <trkpt lat="34.2414650134742259979248046875" lon="108.96339803002774715423583984375">
        <ele>421.399993896484375</ele>
        <time>2026-03-21T08:35:37.000Z</time>
        <extensions>
          <ns3:TrackPointExtension>
            <ns3:hr>140</ns3:hr>
            <ns3:cad>94</ns3:cad>
          </ns3:TrackPointExtension>
        </extensions>
      </trkpt>
      <trkpt lat="34.24146744422614574432373046875" lon="108.96336165256798267364501953125">
        <ele>421.399993896484375</ele>
        <time>2026-03-21T08:35:38.000Z</time>
        <extensions>
          <ns3:TrackPointExtension>
            <ns3:hr>139</ns3:hr>
            <ns3:cad>94</ns3:cad>
          </ns3:TrackPointExtension>
        </extensions>
      </trkpt>
      <trkpt lat="34.24147381447255611419677734375" lon="108.9633302204310894012451171875">
        <ele>421.399993896484375</ele>
        <time>2026-03-21T08:35:39.000Z</time>
        <extensions>
          <ns3:TrackPointExtension>
            <ns3:hr>140</ns3:hr>
            <ns3:cad>94</ns3:cad>
          </ns3:TrackPointExtension>
        </extensions>
      </trkpt>
      <trkpt lat="34.24147582612931728363037109375" lon="108.96329979412257671356201171875">
        <ele>421.399993896484375</ele>
        <time>2026-03-21T08:35:40.000Z</time>
        <extensions>
          <ns3:TrackPointExtension>
            <ns3:hr>140</ns3:hr>
            <ns3:cad>94</ns3:cad>
          </ns3:TrackPointExtension>
        </extensions>
      </trkpt>
      <trkpt lat="34.24147549085319042205810546875" lon="108.963263668119907379150390625">
        <ele>421.399993896484375</ele>
        <time>2026-03-21T08:35:41.000Z</time>
        <extensions>
          <ns3:TrackPointExtension>
            <ns3:hr>140</ns3:hr>
            <ns3:cad>94</ns3:cad>
          </ns3:TrackPointExtension>
        </extensions>
      </trkpt>
      <trkpt lat="34.241480268537998199462890625" lon="108.963235504925251007080078125">
        <ele>421.399993896484375</ele>
        <time>2026-03-21T08:35:42.000Z</time>
        <extensions>
          <ns3:TrackPointExtension>
            <ns3:hr>139</ns3:hr>
            <ns3:cad>95</ns3:cad>
          </ns3:TrackPointExtension>
        </extensions>
      </trkpt>
      <trkpt lat="34.24147549085319042205810546875" lon="108.963198624551296234130859375">
        <ele>421.399993896484375</ele>
        <time>2026-03-21T08:35:43.000Z</time>
        <extensions>
          <ns3:TrackPointExtension>
            <ns3:hr>140</ns3:hr>
            <ns3:cad>96</ns3:cad>
          </ns3:TrackPointExtension>
        </extensions>
      </trkpt>
      <trkpt lat="34.2414730601012706756591796875" lon="108.9631676115095615386962890625">
        <ele>421.399993896484375</ele>
        <time>2026-03-21T08:35:44.000Z</time>
        <extensions>
          <ns3:TrackPointExtension>
            <ns3:hr>140</ns3:hr>
            <ns3:cad>96</ns3:cad>
          </ns3:TrackPointExtension>
        </extensions>
      </trkpt>
      <trkpt lat="34.241466522216796875" lon="108.963135592639446258544921875">
        <ele>421.399993896484375</ele>
        <time>2026-03-21T08:35:45.000Z</time>
        <extensions>
          <ns3:TrackPointExtension>
            <ns3:hr>140</ns3:hr>
            <ns3:cad>96</ns3:cad>
          </ns3:TrackPointExtension>
        </extensions>
      </trkpt>
      <trkpt lat="34.24145839177072048187255859375" lon="108.96310047246515750885009765625">
        <ele>421.399993896484375</ele>
        <time>2026-03-21T08:35:46.000Z</time>
        <extensions>
          <ns3:TrackPointExtension>
            <ns3:hr>139</ns3:hr>
            <ns3:cad>96</ns3:cad>
          </ns3:TrackPointExtension>
        </extensions>
      </trkpt>
      <trkpt lat="34.24145202152431011199951171875" lon="108.96307180635631084442138671875">
        <ele>421.399993896484375</ele>
        <time>2026-03-21T08:35:47.000Z</time>
        <extensions>
          <ns3:TrackPointExtension>
            <ns3:hr>140</ns3:hr>
            <ns3:cad>96</ns3:cad>
          </ns3:TrackPointExtension>
        </extensions>
      </trkpt>
      <trkpt lat="34.24143659882247447967529296875" lon="108.9630392007529735565185546875">
        <ele>421.399993896484375</ele>
        <time>2026-03-21T08:35:48.000Z</time>
        <extensions>
          <ns3:TrackPointExtension>
            <ns3:hr>139</ns3:hr>
            <ns3:cad>96</ns3:cad>
          </ns3:TrackPointExtension>
        </extensions>
      </trkpt>
      <trkpt lat="34.24142486415803432464599609375" lon="108.963010199368000030517578125">
        <ele>421.399993896484375</ele>
        <time>2026-03-21T08:35:49.000Z</time>
        <extensions>
          <ns3:TrackPointExtension>
            <ns3:hr>140</ns3:hr>
            <ns3:cad>96</ns3:cad>
          </ns3:TrackPointExtension>
        </extensions>
      </trkpt>
      <trkpt lat="34.24141229130327701568603515625" lon="108.9629811979830265045166015625">
        <ele>421.399993896484375</ele>
        <time>2026-03-21T08:35:50.000Z</time>
        <extensions>
          <ns3:TrackPointExtension>
            <ns3:hr>139</ns3:hr>
            <ns3:cad>96</ns3:cad>
          </ns3:TrackPointExtension>
        </extensions>
      </trkpt>
      <trkpt lat="34.2413932643830776214599609375" lon="108.9629530347883701324462890625">
        <ele>421.399993896484375</ele>
        <time>2026-03-21T08:35:51.000Z</time>
        <extensions>
          <ns3:TrackPointExtension>
            <ns3:hr>140</ns3:hr>
            <ns3:cad>96</ns3:cad>
          </ns3:TrackPointExtension>
        </extensions>
      </trkpt>
      <trkpt lat="34.24138463102281093597412109375" lon="108.9629315771162509918212890625">
        <ele>421.399993896484375</ele>
        <time>2026-03-21T08:35:52.000Z</time>
        <extensions>
          <ns3:TrackPointExtension>
            <ns3:hr>140</ns3:hr>
            <ns3:cad>95</ns3:cad>
          </ns3:TrackPointExtension>
        </extensions>
      </trkpt>
      <trkpt lat="34.2413684539496898651123046875" lon="108.96290634758770465850830078125">
        <ele>421.399993896484375</ele>
        <time>2026-03-21T08:35:53.000Z</time>
        <extensions>
          <ns3:TrackPointExtension>
            <ns3:hr>140</ns3:hr>
            <ns3:cad>95</ns3:cad>
          </ns3:TrackPointExtension>
        </extensions>
      </trkpt>
      <trkpt lat="34.24135453999042510986328125" lon="108.96288338117301464080810546875">
        <ele>421.399993896484375</ele>
        <time>2026-03-21T08:35:54.000Z</time>
        <extensions>
          <ns3:TrackPointExtension>
            <ns3:hr>139</ns3:hr>
            <ns3:cad>95</ns3:cad>
          </ns3:TrackPointExtension>
        </extensions>
      </trkpt>
      <trkpt lat="34.24133517779409885406494140625" lon="108.962861336767673492431640625">
        <ele>421.399993896484375</ele>
        <time>2026-03-21T08:35:55.000Z</time>
        <extensions>
          <ns3:TrackPointExtension>
            <ns3:hr>140</ns3:hr>
            <ns3:cad>95</ns3:cad>
          </ns3:TrackPointExtension>
        </extensions>
      </trkpt>
      <trkpt lat="34.24131422303617000579833984375" lon="108.96284214220941066741943359375">
        <ele>421.399993896484375</ele>
        <time>2026-03-21T08:35:56.000Z</time>
        <extensions>
          <ns3:TrackPointExtension>
            <ns3:hr>139</ns3:hr>
            <ns3:cad>95</ns3:cad>
          </ns3:TrackPointExtension>
        </extensions>
      </trkpt>
      <trkpt lat="34.24129192717373371124267578125" lon="108.96282789297401905059814453125">
        <ele>421.399993896484375</ele>
        <time>2026-03-21T08:35:57.000Z</time>
        <extensions>
          <ns3:TrackPointExtension>
            <ns3:hr>139</ns3:hr>
            <ns3:cad>96</ns3:cad>
          </ns3:TrackPointExtension>
        </extensions>
      </trkpt>
      <trkpt lat="34.2412668652832508087158203125" lon="108.96281414665281772613525390625">
        <ele>421.399993896484375</ele>
        <time>2026-03-21T08:35:58.000Z</time>
        <extensions>
          <ns3:TrackPointExtension>
            <ns3:hr>139</ns3:hr>
            <ns3:cad>96</ns3:cad>
          </ns3:TrackPointExtension>
        </extensions>
      </trkpt>
      <trkpt lat="34.24124750308692455291748046875" lon="108.9627991430461406707763671875">
        <ele>421.399993896484375</ele>
        <time>2026-03-21T08:35:59.000Z</time>
        <extensions>
          <ns3:TrackPointExtension>
            <ns3:hr>139</ns3:hr>
            <ns3:cad>96</ns3:cad>
          </ns3:TrackPointExtension>
        </extensions>
      </trkpt>
      <trkpt lat="34.24122202210128307342529296875" lon="108.9627860672771930694580078125">
        <ele>421.20001220703125</ele>
        <time>2026-03-21T08:36:00.000Z</time>
        <extensions>
          <ns3:TrackPointExtension>
            <ns3:hr>138</ns3:hr>
            <ns3:cad>95</ns3:cad>
          </ns3:TrackPointExtension>
        </extensions>
      </trkpt>
      <trkpt lat="34.24119603820145130157470703125" lon="108.96277441643178462982177734375">
        <ele>421.399993896484375</ele>
        <time>2026-03-21T08:36:01.000Z</time>
        <extensions>
          <ns3:TrackPointExtension>
            <ns3:hr>138</ns3:hr>
            <ns3:cad>95</ns3:cad>
          </ns3:TrackPointExtension>
        </extensions>
      </trkpt>
      <trkpt lat="34.24117147922515869140625" lon="108.962764106690883636474609375">
        <ele>421.399993896484375</ele>
        <time>2026-03-21T08:36:02.000Z</time>
        <extensions>
          <ns3:TrackPointExtension>
            <ns3:hr>138</ns3:hr>
            <ns3:cad>97</ns3:cad>
          </ns3:TrackPointExtension>
        </extensions>
      </trkpt>
      <trkpt lat="34.2411424778401851654052734375" lon="108.962760083377361297607421875">
        <ele>421.399993896484375</ele>
        <time>2026-03-21T08:36:03.000Z</time>
        <extensions>
          <ns3:TrackPointExtension>
            <ns3:hr>138</ns3:hr>
            <ns3:cad>97</ns3:cad>
          </ns3:TrackPointExtension>
        </extensions>
      </trkpt>
      <trkpt lat="34.241116158664226531982421875" lon="108.96275798790156841278076171875">
        <ele>421.399993896484375</ele>
        <time>2026-03-21T08:36:04.000Z</time>
        <extensions>
          <ns3:TrackPointExtension>
            <ns3:hr>139</ns3:hr>
            <ns3:cad>97</ns3:cad>
          </ns3:TrackPointExtension>
        </extensions>
      </trkpt>
      <trkpt lat="34.2410895042121410369873046875" lon="108.96276653744280338287353515625">
        <ele>421.399993896484375</ele>
        <time>2026-03-21T08:36:05.000Z</time>
        <extensions>
          <ns3:TrackPointExtension>
            <ns3:hr>138</ns3:hr>
            <ns3:cad>97</ns3:cad>
          </ns3:TrackPointExtension>
        </extensions>
      </trkpt>
      <trkpt lat="34.2410623468458652496337890625" lon="108.9627713151276111602783203125">
        <ele>421.399993896484375</ele>
        <time>2026-03-21T08:36:06.000Z</time>
        <extensions>
          <ns3:TrackPointExtension>
            <ns3:hr>138</ns3:hr>
            <ns3:cad>95</ns3:cad>
          </ns3:TrackPointExtension>
        </extensions>
      </trkpt>
      <trkpt lat="34.2410360276699066162109375" lon="108.96277022548019886016845703125">
        <ele>421.399993896484375</ele>
        <time>2026-03-21T08:36:07.000Z</time>
        <extensions>
          <ns3:TrackPointExtension>
            <ns3:hr>138</ns3:hr>
            <ns3:cad>95</ns3:cad>
          </ns3:TrackPointExtension>
        </extensions>
      </trkpt>
      <trkpt lat="34.24100342206656932830810546875" lon="108.96277525462210178375244140625">
        <ele>421.399993896484375</ele>
        <time>2026-03-21T08:36:08.000Z</time>
        <extensions>
          <ns3:TrackPointExtension>
            <ns3:hr>138</ns3:hr>
            <ns3:cad>96</ns3:cad>
          </ns3:TrackPointExtension>
        </extensions>
      </trkpt>
      <trkpt lat="34.24097609706223011016845703125" lon="108.962772823870182037353515625">
        <ele>421.399993896484375</ele>
        <time>2026-03-21T08:36:09.000Z</time>
        <extensions>
          <ns3:TrackPointExtension>
            <ns3:hr>138</ns3:hr>
            <ns3:cad>96</ns3:cad>
          </ns3:TrackPointExtension>
        </extensions>
      </trkpt>
      <trkpt lat="34.240945167839527130126953125" lon="108.96277056075632572174072265625">
        <ele>421.399993896484375</ele>
        <time>2026-03-21T08:36:10.000Z</time>
        <extensions>
          <ns3:TrackPointExtension>
            <ns3:hr>138</ns3:hr>
            <ns3:cad>96</ns3:cad>
          </ns3:TrackPointExtension>
        </extensions>
      </trkpt>
      <trkpt lat="34.24091331660747528076171875" lon="108.962769471108913421630859375">
        <ele>421.600006103515625</ele>
        <time>2026-03-21T08:36:11.000Z</time>
        <extensions>
          <ns3:TrackPointExtension>
            <ns3:hr>138</ns3:hr>
            <ns3:cad>96</ns3:cad>
          </ns3:TrackPointExtension>
        </extensions>
      </trkpt>
      <trkpt lat="34.24088490195572376251220703125" lon="108.96276603452861309051513671875">
        <ele>421.600006103515625</ele>
        <time>2026-03-21T08:36:12.000Z</time>
        <extensions>
          <ns3:TrackPointExtension>
            <ns3:hr>138</ns3:hr>
            <ns3:cad>96</ns3:cad>
          </ns3:TrackPointExtension>
        </extensions>
      </trkpt>
      <trkpt lat="34.24085170961916446685791015625" lon="108.9627672918140888214111328125">
        <ele>421.399993896484375</ele>
        <time>2026-03-21T08:36:13.000Z</time>
        <extensions>
          <ns3:TrackPointExtension>
            <ns3:hr>138</ns3:hr>
            <ns3:cad>96</ns3:cad>
          </ns3:TrackPointExtension>
        </extensions>
      </trkpt>
      <trkpt lat="34.2408246360719203948974609375" lon="108.9627657830715179443359375">
        <ele>421.399993896484375</ele>
        <time>2026-03-21T08:36:14.000Z</time>
        <extensions>
          <ns3:TrackPointExtension>
            <ns3:hr>139</ns3:hr>
            <ns3:cad>96</ns3:cad>
          </ns3:TrackPointExtension>
        </extensions>
      </trkpt>
      <trkpt lat="34.240795634686946868896484375" lon="108.962766788899898529052734375">
        <ele>421.399993896484375</ele>
        <time>2026-03-21T08:36:15.000Z</time>
        <extensions>
          <ns3:TrackPointExtension>
            <ns3:hr>139</ns3:hr>
            <ns3:cad>96</ns3:cad>
          </ns3:TrackPointExtension>
        </extensions>
      </trkpt>
      <trkpt lat="34.24076738767325878143310546875" lon="108.9627652801573276519775390625">
        <ele>421.399993896484375</ele>
        <time>2026-03-21T08:36:16.000Z</time>
        <extensions>
          <ns3:TrackPointExtension>
            <ns3:hr>139</ns3:hr>
            <ns3:cad>96</ns3:cad>
          </ns3:TrackPointExtension>
        </extensions>
      </trkpt>
      <trkpt lat="34.2407465167343616485595703125" lon="108.96276201121509075164794921875">
        <ele>421.20001220703125</ele>
        <time>2026-03-21T08:36:17.000Z</time>
        <extensions>
          <ns3:TrackPointExtension>
            <ns3:hr>140</ns3:hr>
            <ns3:cad>97</ns3:cad>
          </ns3:TrackPointExtension>
        </extensions>
      </trkpt>
      <trkpt lat="34.24072153866291046142578125" lon="108.9627636037766933441162109375">
        <ele>421.20001220703125</ele>
        <time>2026-03-21T08:36:18.000Z</time>
        <extensions>
          <ns3:TrackPointExtension>
            <ns3:hr>140</ns3:hr>
            <ns3:cad>97</ns3:cad>
          </ns3:TrackPointExtension>
        </extensions>
      </trkpt>
      <trkpt lat="34.240702427923679351806640625" lon="108.96276184357702732086181640625">
        <ele>421.20001220703125</ele>
        <time>2026-03-21T08:36:19.000Z</time>
        <extensions>
          <ns3:TrackPointExtension>
            <ns3:hr>141</ns3:hr>
            <ns3:cad>97</ns3:cad>
          </ns3:TrackPointExtension>
        </extensions>
      </trkpt>
      <trkpt lat="34.24068407155573368072509765625" lon="108.962764777243137359619140625">
        <ele>421.20001220703125</ele>
        <time>2026-03-21T08:36:20.000Z</time>
        <extensions>
          <ns3:TrackPointExtension>
            <ns3:hr>141</ns3:hr>
            <ns3:cad>96</ns3:cad>
          </ns3:TrackPointExtension>
        </extensions>
      </trkpt>
      <trkpt lat="34.2406593449413776397705078125" lon="108.962766788899898529052734375">
        <ele>421.20001220703125</ele>
        <time>2026-03-21T08:36:21.000Z</time>
        <extensions>
          <ns3:TrackPointExtension>
            <ns3:hr>142</ns3:hr>
            <ns3:cad>96</ns3:cad>
          </ns3:TrackPointExtension>
        </extensions>
      </trkpt>
      <trkpt lat="34.24063880927860736846923828125" lon="108.9627646096050739288330078125">
        <ele>421.20001220703125</ele>
        <time>2026-03-21T08:36:22.000Z</time>
        <extensions>
          <ns3:TrackPointExtension>
            <ns3:hr>142</ns3:hr>
            <ns3:cad>96</ns3:cad>
          </ns3:TrackPointExtension>
        </extensions>
      </trkpt>
      <trkpt lat="34.24061165191233158111572265625" lon="108.96276804618537425994873046875">
        <ele>421.20001220703125</ele>
        <time>2026-03-21T08:36:23.000Z</time>
        <extensions>
          <ns3:TrackPointExtension>
            <ns3:hr>143</ns3:hr>
            <ns3:cad>96</ns3:cad>
          </ns3:TrackPointExtension>
        </extensions>
      </trkpt>
      <trkpt lat="34.240585751831531524658203125" lon="108.96276888437569141387939453125">
        <ele>421.20001220703125</ele>
        <time>2026-03-21T08:36:24.000Z</time>
        <extensions>
          <ns3:TrackPointExtension>
            <ns3:hr>143</ns3:hr>
            <ns3:cad>96</ns3:cad>
          </ns3:TrackPointExtension>
        </extensions>
      </trkpt>
      <trkpt lat="34.24055817537009716033935546875" lon="108.9627703092992305755615234375">
        <ele>421.20001220703125</ele>
        <time>2026-03-21T08:36:25.000Z</time>
        <extensions>
          <ns3:TrackPointExtension>
            <ns3:hr>143</ns3:hr>
            <ns3:cad>97</ns3:cad>
          </ns3:TrackPointExtension>
        </extensions>
      </trkpt>
      <trkpt lat="34.2405265755951404571533203125" lon="108.9627746678888797760009765625">
        <ele>421.20001220703125</ele>
        <time>2026-03-21T08:36:26.000Z</time>
        <extensions>
          <ns3:TrackPointExtension>
            <ns3:hr>142</ns3:hr>
            <ns3:cad>97</ns3:cad>
          </ns3:TrackPointExtension>
        </extensions>
      </trkpt>
      <trkpt lat="34.24049899913370609283447265625" lon="108.96277248859405517578125">
        <ele>421.20001220703125</ele>
        <time>2026-03-21T08:36:27.000Z</time>
        <extensions>
          <ns3:TrackPointExtension>
            <ns3:hr>143</ns3:hr>
            <ns3:cad>97</ns3:cad>
          </ns3:TrackPointExtension>
        </extensions>
      </trkpt>
      <trkpt lat="34.2404715903103351593017578125" lon="108.9627719856798648834228515625">
        <ele>421.20001220703125</ele>
        <time>2026-03-21T08:36:28.000Z</time>
        <extensions>
          <ns3:TrackPointExtension>
            <ns3:hr>143</ns3:hr>
            <ns3:cad>97</ns3:cad>
          </ns3:TrackPointExtension>
        </extensions>
      </trkpt>
      <trkpt lat="34.24044284038245677947998046875" lon="108.96277290768921375274658203125">
        <ele>421.20001220703125</ele>
        <time>2026-03-21T08:36:29.000Z</time>
        <extensions>
          <ns3:TrackPointExtension>
            <ns3:hr>142</ns3:hr>
            <ns3:cad>97</ns3:cad>
          </ns3:TrackPointExtension>
        </extensions>
      </trkpt>
      <trkpt lat="34.24041870050132274627685546875" lon="108.96277005784213542938232421875">
        <ele>421.20001220703125</ele>
        <time>2026-03-21T08:36:30.000Z</time>
        <extensions>
          <ns3:TrackPointExtension>
            <ns3:hr>143</ns3:hr>
            <ns3:cad>97</ns3:cad>
          </ns3:TrackPointExtension>
        </extensions>
      </trkpt>
      <trkpt lat="34.24039221368730068206787109375" lon="108.9627709798514842987060546875">
        <ele>421.20001220703125</ele>
        <time>2026-03-21T08:36:31.000Z</time>
        <extensions>
          <ns3:TrackPointExtension>
            <ns3:hr>143</ns3:hr>
            <ns3:cad>97</ns3:cad>
          </ns3:TrackPointExtension>
        </extensions>
      </trkpt>
      <trkpt lat="34.24036371521651744842529296875" lon="108.96277056075632572174072265625">
        <ele>421.20001220703125</ele>
        <time>2026-03-21T08:36:32.000Z</time>
        <extensions>
          <ns3:TrackPointExtension>
            <ns3:hr>143</ns3:hr>
            <ns3:cad>97</ns3:cad>
          </ns3:TrackPointExtension>
        </extensions>
      </trkpt>
      <trkpt lat="34.24033974297344684600830078125" lon="108.96276603452861309051513671875">
        <ele>421.20001220703125</ele>
        <time>2026-03-21T08:36:33.000Z</time>
        <extensions>
          <ns3:TrackPointExtension>
            <ns3:hr>143</ns3:hr>
            <ns3:cad>97</ns3:cad>
          </ns3:TrackPointExtension>
        </extensions>
      </trkpt>
      <trkpt lat="34.24031208269298076629638671875" lon="108.96277047693729400634765625">
        <ele>421.20001220703125</ele>
        <time>2026-03-21T08:36:34.000Z</time>
        <extensions>
          <ns3:TrackPointExtension>
            <ns3:hr>143</ns3:hr>
            <ns3:cad>97</ns3:cad>
          </ns3:TrackPointExtension>
        </extensions>
      </trkpt>
      <trkpt lat="34.2402888648211956024169921875" lon="108.96277039311826229095458984375">
        <ele>421.20001220703125</ele>
        <time>2026-03-21T08:36:35.000Z</time>
        <extensions>
          <ns3:TrackPointExtension>
            <ns3:hr>142</ns3:hr>
            <ns3:cad>97</ns3:cad>
          </ns3:TrackPointExtension>
        </extensions>
      </trkpt>
      <trkpt lat="34.2402600310742855072021484375" lon="108.96277450025081634521484375">
        <ele>421.20001220703125</ele>
        <time>2026-03-21T08:36:36.000Z</time>
        <extensions>
          <ns3:TrackPointExtension>
            <ns3:hr>143</ns3:hr>
            <ns3:cad>98</ns3:cad>
          </ns3:TrackPointExtension>
        </extensions>
      </trkpt>
      <trkpt lat="34.2402285151183605194091796875" lon="108.96278246305882930755615234375">
        <ele>421.20001220703125</ele>
        <time>2026-03-21T08:36:37.000Z</time>
        <extensions>
          <ns3:TrackPointExtension>
            <ns3:hr>143</ns3:hr>
            <ns3:cad>98</ns3:cad>
          </ns3:TrackPointExtension>
        </extensions>
      </trkpt>
      <trkpt lat="34.240201525390148162841796875" lon="108.9627860672771930694580078125">
        <ele>421.20001220703125</ele>
        <time>2026-03-21T08:36:38.000Z</time>
        <extensions>
          <ns3:TrackPointExtension>
            <ns3:hr>142</ns3:hr>
            <ns3:cad>98</ns3:cad>
          </ns3:TrackPointExtension>
        </extensions>
      </trkpt>
      <trkpt lat="34.2401742003858089447021484375" lon="108.96280090324580669403076171875">
        <ele>421.20001220703125</ele>
        <time>2026-03-21T08:36:39.000Z</time>
        <extensions>
          <ns3:TrackPointExtension>
            <ns3:hr>143</ns3:hr>
            <ns3:cad>98</ns3:cad>
          </ns3:TrackPointExtension>
        </extensions>
      </trkpt>
      <trkpt lat="34.24014813266694545745849609375" lon="108.96281112916767597198486328125">
        <ele>421.20001220703125</ele>
        <time>2026-03-21T08:36:40.000Z</time>
        <extensions>
          <ns3:TrackPointExtension>
            <ns3:hr>143</ns3:hr>
            <ns3:cad>98</ns3:cad>
          </ns3:TrackPointExtension>
        </extensions>
      </trkpt>
      <trkpt lat="34.24012617208063602447509765625" lon="108.9628212712705135345458984375">
        <ele>421.20001220703125</ele>
        <time>2026-03-21T08:36:41.000Z</time>
        <extensions>
          <ns3:TrackPointExtension>
            <ns3:hr>142</ns3:hr>
            <ns3:cad>98</ns3:cad>
          </ns3:TrackPointExtension>
        </extensions>
      </trkpt>
      <trkpt lat="34.24010069109499454498291015625" lon="108.962843231856822967529296875">
        <ele>421.20001220703125</ele>
        <time>2026-03-21T08:36:42.000Z</time>
        <extensions>
          <ns3:TrackPointExtension>
            <ns3:hr>143</ns3:hr>
            <ns3:cad>98</ns3:cad>
          </ns3:TrackPointExtension>
        </extensions>
      </trkpt>
      <trkpt lat="34.24007873050868511199951171875" lon="108.96285639144480228424072265625">
        <ele>421.399993896484375</ele>
        <time>2026-03-21T08:36:43.000Z</time>
        <extensions>
          <ns3:TrackPointExtension>
            <ns3:hr>143</ns3:hr>
            <ns3:cad>98</ns3:cad>
          </ns3:TrackPointExtension>
        </extensions>
      </trkpt>
      <trkpt lat="34.2400588653981685638427734375" lon="108.96287801675498485565185546875">
        <ele>421.399993896484375</ele>
        <time>2026-03-21T08:36:44.000Z</time>
        <extensions>
          <ns3:TrackPointExtension>
            <ns3:hr>143</ns3:hr>
            <ns3:cad>98</ns3:cad>
          </ns3:TrackPointExtension>
        </extensions>
      </trkpt>
      <trkpt lat="34.2400382459163665771484375" lon="108.96290324628353118896484375">
        <ele>421.399993896484375</ele>
        <time>2026-03-21T08:36:45.000Z</time>
        <extensions>
          <ns3:TrackPointExtension>
            <ns3:hr>143</ns3:hr>
            <ns3:cad>98</ns3:cad>
          </ns3:TrackPointExtension>
        </extensions>
      </trkpt>
      <trkpt lat="34.24001938663423061370849609375" lon="108.96292428486049175262451171875">
        <ele>421.399993896484375</ele>
        <time>2026-03-21T08:36:46.000Z</time>
        <extensions>
          <ns3:TrackPointExtension>
            <ns3:hr>144</ns3:hr>
            <ns3:cad>98</ns3:cad>
          </ns3:TrackPointExtension>
        </extensions>
      </trkpt>
      <trkpt lat="34.2400025390088558197021484375" lon="108.9629490114748477935791015625">
        <ele>421.399993896484375</ele>
        <time>2026-03-21T08:36:47.000Z</time>
        <extensions>
          <ns3:TrackPointExtension>
            <ns3:hr>144</ns3:hr>
            <ns3:cad>99</ns3:cad>
          </ns3:TrackPointExtension>
        </extensions>
      </trkpt>
      <trkpt lat="34.23998259007930755615234375" lon="108.9629855565726757049560546875">
        <ele>421.399993896484375</ele>
        <time>2026-03-21T08:36:48.000Z</time>
        <extensions>
          <ns3:TrackPointExtension>
            <ns3:hr>144</ns3:hr>
            <ns3:cad>99</ns3:cad>
          </ns3:TrackPointExtension>
        </extensions>
      </trkpt>
      <trkpt lat="34.23996406607329845428466796875" lon="108.96301162429153919219970703125">
        <ele>421.399993896484375</ele>
        <time>2026-03-21T08:36:49.000Z</time>
        <extensions>
          <ns3:TrackPointExtension>
            <ns3:hr>144</ns3:hr>
            <ns3:cad>99</ns3:cad>
          </ns3:TrackPointExtension>
        </extensions>
      </trkpt>
      <trkpt lat="34.23995182849466800689697265625" lon="108.96304749883711338043212890625">
        <ele>421.399993896484375</ele>
        <time>2026-03-21T08:36:50.000Z</time>
        <extensions>
          <ns3:TrackPointExtension>
            <ns3:hr>144</ns3:hr>
            <ns3:cad>99</ns3:cad>
          </ns3:TrackPointExtension>
        </extensions>
      </trkpt>
      <trkpt lat="34.23993959091603755950927734375" lon="108.963079936802387237548828125">
        <ele>421.399993896484375</ele>
        <time>2026-03-21T08:36:51.000Z</time>
        <extensions>
          <ns3:TrackPointExtension>
            <ns3:hr>144</ns3:hr>
            <ns3:cad>98</ns3:cad>
          </ns3:TrackPointExtension>
        </extensions>
      </trkpt>
      <trkpt lat="34.23992936499416828155517578125" lon="108.96310332231223583221435546875">
        <ele>421.399993896484375</ele>
        <time>2026-03-21T08:36:52.000Z</time>
        <extensions>
          <ns3:TrackPointExtension>
            <ns3:hr>144</ns3:hr>
            <ns3:cad>97</ns3:cad>
          </ns3:TrackPointExtension>
        </extensions>
      </trkpt>
      <trkpt lat="34.2399203963577747344970703125" lon="108.9631412923336029052734375">
        <ele>421.399993896484375</ele>
        <time>2026-03-21T08:36:53.000Z</time>
        <extensions>
          <ns3:TrackPointExtension>
            <ns3:hr>144</ns3:hr>
            <ns3:cad>97</ns3:cad>
          </ns3:TrackPointExtension>
        </extensions>
      </trkpt>
      <trkpt lat="34.23991377465426921844482421875" lon="108.963166773319244384765625">
        <ele>421.399993896484375</ele>
        <time>2026-03-21T08:36:54.000Z</time>
        <extensions>
          <ns3:TrackPointExtension>
            <ns3:hr>144</ns3:hr>
            <ns3:cad>97</ns3:cad>
          </ns3:TrackPointExtension>
        </extensions>
      </trkpt>
      <trkpt lat="34.239910505712032318115234375" lon="108.96319887600839138031005859375">
        <ele>421.399993896484375</ele>
        <time>2026-03-21T08:36:55.000Z</time>
        <extensions>
          <ns3:TrackPointExtension>
            <ns3:hr>144</ns3:hr>
            <ns3:cad>97</ns3:cad>
          </ns3:TrackPointExtension>
        </extensions>
      </trkpt>
      <trkpt lat="34.2399123497307300567626953125" lon="108.96323273889720439910888671875">
        <ele>421.399993896484375</ele>
        <time>2026-03-21T08:36:56.000Z</time>
        <extensions>
          <ns3:TrackPointExtension>
            <ns3:hr>145</ns3:hr>
            <ns3:cad>97</ns3:cad>
          </ns3:TrackPointExtension>
        </extensions>
      </trkpt>
      <trkpt lat="34.2399116791784763336181640625" lon="108.96325838752090930938720703125">
        <ele>421.399993896484375</ele>
        <time>2026-03-21T08:36:57.000Z</time>
        <extensions>
          <ns3:TrackPointExtension>
            <ns3:hr>144</ns3:hr>
            <ns3:cad>96</ns3:cad>
          </ns3:TrackPointExtension>
        </extensions>
      </trkpt>
      <trkpt lat="34.23991511575877666473388671875" lon="108.96329476498067378997802734375">
        <ele>421.399993896484375</ele>
        <time>2026-03-21T08:36:58.000Z</time>
        <extensions>
          <ns3:TrackPointExtension>
            <ns3:hr>144</ns3:hr>
            <ns3:cad>96</ns3:cad>
          </ns3:TrackPointExtension>
        </extensions>
      </trkpt>
      <trkpt lat="34.23991612158715724945068359375" lon="108.96332544274628162384033203125">
        <ele>421.399993896484375</ele>
        <time>2026-03-21T08:36:59.000Z</time>
        <extensions>
          <ns3:TrackPointExtension>
            <ns3:hr>144</ns3:hr>
            <ns3:cad>96</ns3:cad>
          </ns3:TrackPointExtension>
        </extensions>
      </trkpt>
      <trkpt lat="34.2399244196712970733642578125" lon="108.96335729397833347320556640625">
        <ele>421.399993896484375</ele>
        <time>2026-03-21T08:37:00.000Z</time>
        <extensions>
          <ns3:TrackPointExtension>
            <ns3:hr>144</ns3:hr>
            <ns3:cad>97</ns3:cad>
          </ns3:TrackPointExtension>
        </extensions>
      </trkpt>
      <trkpt lat="34.23993833363056182861328125" lon="108.9633945934474468231201171875">
        <ele>421.600006103515625</ele>
        <time>2026-03-21T08:37:01.000Z</time>
        <extensions>
          <ns3:TrackPointExtension>
            <ns3:hr>145</ns3:hr>
            <ns3:cad>97</ns3:cad>
          </ns3:TrackPointExtension>
        </extensions>
      </trkpt>
      <trkpt lat="34.23994411714375019073486328125" lon="108.963425271213054656982421875">
        <ele>421.600006103515625</ele>
        <time>2026-03-21T08:37:02.000Z</time>
        <extensions>
          <ns3:TrackPointExtension>
            <ns3:hr>144</ns3:hr>
            <ns3:cad>97</ns3:cad>
          </ns3:TrackPointExtension>
        </extensions>
      </trkpt>
      <trkpt lat="34.23995853401720523834228515625" lon="108.9634562842547893524169921875">
        <ele>421.600006103515625</ele>
        <time>2026-03-21T08:37:03.000Z</time>
        <extensions>
          <ns3:TrackPointExtension>
            <ns3:hr>144</ns3:hr>
            <ns3:cad>97</ns3:cad>
          </ns3:TrackPointExtension>
        </extensions>
      </trkpt>
      <trkpt lat="34.23997513018548488616943359375" lon="108.9634898118674755096435546875">
        <ele>421.600006103515625</ele>
        <time>2026-03-21T08:37:04.000Z</time>
        <extensions>
          <ns3:TrackPointExtension>
            <ns3:hr>145</ns3:hr>
            <ns3:cad>97</ns3:cad>
          </ns3:TrackPointExtension>
        </extensions>
      </trkpt>
      <trkpt lat="34.23998753540217876434326171875" lon="108.963513784110546112060546875">
        <ele>421.600006103515625</ele>
        <time>2026-03-21T08:37:05.000Z</time>
        <extensions>
          <ns3:TrackPointExtension>
            <ns3:hr>144</ns3:hr>
            <ns3:cad>98</ns3:cad>
          </ns3:TrackPointExtension>
        </extensions>
      </trkpt>
      <trkpt lat="34.24000849016010761260986328125" lon="108.963544629514217376708984375">
        <ele>421.600006103515625</ele>
        <time>2026-03-21T08:37:06.000Z</time>
        <extensions>
          <ns3:TrackPointExtension>
            <ns3:hr>144</ns3:hr>
            <ns3:cad>98</ns3:cad>
          </ns3:TrackPointExtension>
        </extensions>
      </trkpt>
      <trkpt lat="34.24002374522387981414794921875" lon="108.96357170306146144866943359375">
        <ele>421.600006103515625</ele>
        <time>2026-03-21T08:37:07.000Z</time>
        <extensions>
          <ns3:TrackPointExtension>
            <ns3:hr>145</ns3:hr>
            <ns3:cad>98</ns3:cad>
          </ns3:TrackPointExtension>
        </extensions>
      </trkpt>
      <trkpt lat="34.2400395870208740234375" lon="108.9635954238474369049072265625">
        <ele>421.600006103515625</ele>
        <time>2026-03-21T08:37:08.000Z</time>
        <extensions>
          <ns3:TrackPointExtension>
            <ns3:hr>144</ns3:hr>
            <ns3:cad>98</ns3:cad>
          </ns3:TrackPointExtension>
        </extensions>
      </trkpt>
      <trkpt lat="34.24006414599716663360595703125" lon="108.96362283267080783843994140625">
        <ele>421.600006103515625</ele>
        <time>2026-03-21T08:37:09.000Z</time>
        <extensions>
          <ns3:TrackPointExtension>
            <ns3:hr>144</ns3:hr>
            <ns3:cad>98</ns3:cad>
          </ns3:TrackPointExtension>
        </extensions>
      </trkpt>
      <trkpt lat="34.24008409492671489715576171875" lon="108.963641189038753509521484375">
        <ele>421.600006103515625</ele>
        <time>2026-03-21T08:37:10.000Z</time>
        <extensions>
          <ns3:TrackPointExtension>
            <ns3:hr>145</ns3:hr>
            <ns3:cad>98</ns3:cad>
          </ns3:TrackPointExtension>
        </extensions>
      </trkpt>
      <trkpt lat="34.24010236747562885284423828125" lon="108.9636571146547794342041015625">
        <ele>421.600006103515625</ele>
        <time>2026-03-21T08:37:11.000Z</time>
        <extensions>
          <ns3:TrackPointExtension>
            <ns3:hr>144</ns3:hr>
            <ns3:cad>98</ns3:cad>
          </ns3:TrackPointExtension>
        </extensions>
      </trkpt>
      <trkpt lat="34.240124411880970001220703125" lon="108.9636758901178836822509765625">
        <ele>421.600006103515625</ele>
        <time>2026-03-21T08:37:12.000Z</time>
        <extensions>
          <ns3:TrackPointExtension>
            <ns3:hr>144</ns3:hr>
            <ns3:cad>99</ns3:cad>
          </ns3:TrackPointExtension>
        </extensions>
      </trkpt>
      <trkpt lat="34.24014444462954998016357421875" lon="108.9636906422674655914306640625">
        <ele>421.399993896484375</ele>
        <time>2026-03-21T08:37:13.000Z</time>
        <extensions>
          <ns3:TrackPointExtension>
            <ns3:hr>144</ns3:hr>
            <ns3:cad>99</ns3:cad>
          </ns3:TrackPointExtension>
        </extensions>
      </trkpt>
      <trkpt lat="34.240172691643238067626953125" lon="108.96369474940001964569091796875">
        <ele>421.399993896484375</ele>
        <time>2026-03-21T08:37:14.000Z</time>
        <extensions>
          <ns3:TrackPointExtension>
            <ns3:hr>144</ns3:hr>
            <ns3:cad>99</ns3:cad>
          </ns3:TrackPointExtension>
        </extensions>
      </trkpt>
      <trkpt lat="34.24019582569599151611328125" lon="108.963704891502857208251953125">
        <ele>421.399993896484375</ele>
        <time>2026-03-21T08:37:15.000Z</time>
        <extensions>
          <ns3:TrackPointExtension>
            <ns3:hr>145</ns3:hr>
            <ns3:cad>99</ns3:cad>
          </ns3:TrackPointExtension>
        </extensions>
      </trkpt>
      <trkpt lat="34.2402206361293792724609375" lon="108.96371117793023586273193359375">
        <ele>421.399993896484375</ele>
        <time>2026-03-21T08:37:16.000Z</time>
        <extensions>
          <ns3:TrackPointExtension>
            <ns3:hr>144</ns3:hr>
            <ns3:cad>98</ns3:cad>
          </ns3:TrackPointExtension>
        </extensions>
      </trkpt>
      <trkpt lat="34.2402499727904796600341796875" lon="108.9637137763202190399169921875">
        <ele>421.399993896484375</ele>
        <time>2026-03-21T08:37:17.000Z</time>
        <extensions>
          <ns3:TrackPointExtension>
            <ns3:hr>144</ns3:hr>
            <ns3:cad>98</ns3:cad>
          </ns3:TrackPointExtension>
        </extensions>
      </trkpt>
      <trkpt lat="34.2402754537761211395263671875" lon="108.9637201465666294097900390625">
        <ele>421.399993896484375</ele>
        <time>2026-03-21T08:37:18.000Z</time>
        <extensions>
          <ns3:TrackPointExtension>
            <ns3:hr>144</ns3:hr>
            <ns3:cad>98</ns3:cad>
          </ns3:TrackPointExtension>
        </extensions>
      </trkpt>
      <trkpt lat="34.240302778780460357666015625" lon="108.96372173912823200225830078125">
        <ele>421.399993896484375</ele>
        <time>2026-03-21T08:37:19.000Z</time>
        <extensions>
          <ns3:TrackPointExtension>
            <ns3:hr>144</ns3:hr>
            <ns3:cad>98</ns3:cad>
          </ns3:TrackPointExtension>
        </extensions>
      </trkpt>
      <trkpt lat="34.240329600870609283447265625" lon="108.96372106857597827911376953125">
        <ele>421.399993896484375</ele>
        <time>2026-03-21T08:37:20.000Z</time>
        <extensions>
          <ns3:TrackPointExtension>
            <ns3:hr>144</ns3:hr>
            <ns3:cad>98</ns3:cad>
          </ns3:TrackPointExtension>
        </extensions>
      </trkpt>
      <trkpt lat="34.24035348929464817047119140625" lon="108.96372668445110321044921875">
        <ele>421.399993896484375</ele>
        <time>2026-03-21T08:37:21.000Z</time>
        <extensions>
          <ns3:TrackPointExtension>
            <ns3:hr>144</ns3:hr>
            <ns3:cad>98</ns3:cad>
          </ns3:TrackPointExtension>
        </extensions>
      </trkpt>
      <trkpt lat="34.24038466997444629669189453125" lon="108.9637228287756443023681640625">
        <ele>421.399993896484375</ele>
        <time>2026-03-21T08:37:22.000Z</time>
        <extensions>
          <ns3:TrackPointExtension>
            <ns3:hr>144</ns3:hr>
            <ns3:cad>98</ns3:cad>
          </ns3:TrackPointExtension>
        </extensions>
      </trkpt>
      <trkpt lat="34.2404088936746120452880859375" lon="108.9637214876711368560791015625">
        <ele>421.399993896484375</ele>
        <time>2026-03-21T08:37:23.000Z</time>
        <extensions>
          <ns3:TrackPointExtension>
            <ns3:hr>144</ns3:hr>
            <ns3:cad>98</ns3:cad>
          </ns3:TrackPointExtension>
        </extensions>
      </trkpt>
      <trkpt lat="34.24043362028896808624267578125" lon="108.96372173912823200225830078125">
        <ele>421.20001220703125</ele>
        <time>2026-03-21T08:37:24.000Z</time>
        <extensions>
          <ns3:TrackPointExtension>
            <ns3:hr>144</ns3:hr>
            <ns3:cad>98</ns3:cad>
          </ns3:TrackPointExtension>
        </extensions>
      </trkpt>
      <trkpt lat="34.2404645495116710662841796875" lon="108.96371553651988506317138671875">
        <ele>421.20001220703125</ele>
        <time>2026-03-21T08:37:25.000Z</time>
        <extensions>
          <ns3:TrackPointExtension>
            <ns3:hr>144</ns3:hr>
            <ns3:cad>98</ns3:cad>
          </ns3:TrackPointExtension>
        </extensions>
      </trkpt>
      <trkpt lat="34.2404903657734394073486328125" lon="108.963715620338916778564453125">
        <ele>421.20001220703125</ele>
        <time>2026-03-21T08:37:26.000Z</time>
        <extensions>
          <ns3:TrackPointExtension>
            <ns3:hr>144</ns3:hr>
            <ns3:cad>98</ns3:cad>
          </ns3:TrackPointExtension>
        </extensions>
      </trkpt>
      <trkpt lat="34.240519702434539794921875" lon="108.9637157879769802093505859375">
        <ele>421.20001220703125</ele>
        <time>2026-03-21T08:37:27.000Z</time>
        <extensions>
          <ns3:TrackPointExtension>
            <ns3:hr>144</ns3:hr>
            <ns3:cad>98</ns3:cad>
          </ns3:TrackPointExtension>
        </extensions>
      </trkpt>
      <trkpt lat="34.24054778181016445159912109375" lon="108.96371503360569477081298828125">
        <ele>421.20001220703125</ele>
        <time>2026-03-21T08:37:28.000Z</time>
        <extensions>
          <ns3:TrackPointExtension>
            <ns3:hr>144</ns3:hr>
            <ns3:cad>98</ns3:cad>
          </ns3:TrackPointExtension>
        </extensions>
      </trkpt>
      <trkpt lat="34.240572340786457061767578125" lon="108.96371520124375820159912109375">
        <ele>421.20001220703125</ele>
        <time>2026-03-21T08:37:29.000Z</time>
        <extensions>
          <ns3:TrackPointExtension>
            <ns3:hr>145</ns3:hr>
            <ns3:cad>97</ns3:cad>
          </ns3:TrackPointExtension>
        </extensions>
      </trkpt>
      <trkpt lat="34.2406041920185089111328125" lon="108.96371285431087017059326171875">
        <ele>421.399993896484375</ele>
        <time>2026-03-21T08:37:30.000Z</time>
        <extensions>
          <ns3:TrackPointExtension>
            <ns3:hr>144</ns3:hr>
            <ns3:cad>97</ns3:cad>
          </ns3:TrackPointExtension>
        </extensions>
      </trkpt>
      <trkpt lat="34.2406311817467212677001953125" lon="108.9637147821485996246337890625">
        <ele>421.399993896484375</ele>
        <time>2026-03-21T08:37:31.000Z</time>
        <extensions>
          <ns3:TrackPointExtension>
            <ns3:hr>145</ns3:hr>
            <ns3:cad>97</ns3:cad>
          </ns3:TrackPointExtension>
        </extensions>
      </trkpt>
      <trkpt lat="34.2406559921801090240478515625" lon="108.9637157879769802093505859375">
        <ele>421.399993896484375</ele>
        <time>2026-03-21T08:37:32.000Z</time>
        <extensions>
          <ns3:TrackPointExtension>
            <ns3:hr>145</ns3:hr>
            <ns3:cad>97</ns3:cad>
          </ns3:TrackPointExtension>
        </extensions>
      </trkpt>
      <trkpt lat="34.24068574793636798858642578125" lon="108.963710926473140716552734375">
        <ele>421.399993896484375</ele>
        <time>2026-03-21T08:37:33.000Z</time>
        <extensions>
          <ns3:TrackPointExtension>
            <ns3:hr>145</ns3:hr>
            <ns3:cad>97</ns3:cad>
          </ns3:TrackPointExtension>
        </extensions>
      </trkpt>
      <trkpt lat="34.24070938490331172943115234375" lon="108.9637179672718048095703125">
        <ele>421.399993896484375</ele>
        <time>2026-03-21T08:37:34.000Z</time>
        <extensions>
          <ns3:TrackPointExtension>
            <ns3:hr>144</ns3:hr>
            <ns3:cad>97</ns3:cad>
          </ns3:TrackPointExtension>
        </extensions>
      </trkpt>
      <trkpt lat="34.24073955975472927093505859375" lon="108.963716961443424224853515625">
        <ele>421.399993896484375</ele>
        <time>2026-03-21T08:37:35.000Z</time>
        <extensions>
          <ns3:TrackPointExtension>
            <ns3:hr>144</ns3:hr>
            <ns3:cad>97</ns3:cad>
          </ns3:TrackPointExtension>
        </extensions>
      </trkpt>
      <trkpt lat="34.24076889641582965850830078125" lon="108.96371469832956790924072265625">
        <ele>421.399993896484375</ele>
        <time>2026-03-21T08:37:36.000Z</time>
        <extensions>
          <ns3:TrackPointExtension>
            <ns3:hr>144</ns3:hr>
            <ns3:cad>97</ns3:cad>
          </ns3:TrackPointExtension>
        </extensions>
      </trkpt>
      <trkpt lat="34.24079253338277339935302734375" lon="108.9637201465666294097900390625">
        <ele>421.399993896484375</ele>
        <time>2026-03-21T08:37:37.000Z</time>
        <extensions>
          <ns3:TrackPointExtension>
            <ns3:hr>144</ns3:hr>
            <ns3:cad>97</ns3:cad>
          </ns3:TrackPointExtension>
        </extensions>
      </trkpt>
      <trkpt lat="34.24081943929195404052734375" lon="108.9637164585292339324951171875">
        <ele>421.399993896484375</ele>
        <time>2026-03-21T08:37:38.000Z</time>
        <extensions>
          <ns3:TrackPointExtension>
            <ns3:hr>144</ns3:hr>
            <ns3:cad>97</ns3:cad>
          </ns3:TrackPointExtension>
        </extensions>
      </trkpt>
      <trkpt lat="34.2408470995724201202392578125" lon="108.96371193230152130126953125">
        <ele>421.399993896484375</ele>
        <time>2026-03-21T08:37:39.000Z</time>
        <extensions>
          <ns3:TrackPointExtension>
            <ns3:hr>144</ns3:hr>
            <ns3:cad>97</ns3:cad>
          </ns3:TrackPointExtension>
        </extensions>
      </trkpt>
      <trkpt lat="34.24086864106357097625732421875" lon="108.96371587179601192474365234375">
        <ele>421.20001220703125</ele>
        <time>2026-03-21T08:37:40.000Z</time>
        <extensions>
          <ns3:TrackPointExtension>
            <ns3:hr>144</ns3:hr>
            <ns3:cad>97</ns3:cad>
          </ns3:TrackPointExtension>
        </extensions>
      </trkpt>
      <trkpt lat="34.24090133048593997955322265625" lon="108.96371704526245594024658203125">
        <ele>421.20001220703125</ele>
        <time>2026-03-21T08:37:41.000Z</time>
        <extensions>
          <ns3:TrackPointExtension>
            <ns3:hr>144</ns3:hr>
            <ns3:cad>98</ns3:cad>
          </ns3:TrackPointExtension>
        </extensions>
      </trkpt>
      <trkpt lat="34.24092672765254974365234375" lon="108.9637208171188831329345703125">
        <ele>421.20001220703125</ele>
        <time>2026-03-21T08:37:42.000Z</time>
        <extensions>
          <ns3:TrackPointExtension>
            <ns3:hr>145</ns3:hr>
            <ns3:cad>98</ns3:cad>
          </ns3:TrackPointExtension>
        </extensions>
      </trkpt>
      <trkpt lat="34.24095128662884235382080078125" lon="108.96372534334659576416015625">
        <ele>421.20001220703125</ele>
        <time>2026-03-21T08:37:43.000Z</time>
        <extensions>
          <ns3:TrackPointExtension>
            <ns3:hr>145</ns3:hr>
            <ns3:cad>98</ns3:cad>
          </ns3:TrackPointExtension>
        </extensions>
      </trkpt>
      <trkpt lat="34.24097978509962558746337890625" lon="108.96372559480369091033935546875">
        <ele>421.20001220703125</ele>
        <time>2026-03-21T08:37:44.000Z</time>
        <extensions>
          <ns3:TrackPointExtension>
            <ns3:hr>145</ns3:hr>
            <ns3:cad>98</ns3:cad>
          </ns3:TrackPointExtension>
        </extensions>
      </trkpt>
      <trkpt lat="34.24100409261882305145263671875" lon="108.96372844465076923370361328125">
        <ele>421.20001220703125</ele>
        <time>2026-03-21T08:37:45.000Z</time>
        <extensions>
          <ns3:TrackPointExtension>
            <ns3:hr>145</ns3:hr>
            <ns3:cad>98</ns3:cad>
          </ns3:TrackPointExtension>
        </extensions>
      </trkpt>
      <trkpt lat="34.2410331778228282928466796875" lon="108.9637238346040248870849609375">
        <ele>421.20001220703125</ele>
        <time>2026-03-21T08:37:46.000Z</time>
        <extensions>
          <ns3:TrackPointExtension>
            <ns3:hr>145</ns3:hr>
            <ns3:cad>98</ns3:cad>
          </ns3:TrackPointExtension>
        </extensions>
      </trkpt>
      <trkpt lat="34.2410610057413578033447265625" lon="108.96372525952756404876708984375">
        <ele>421.20001220703125</ele>
        <time>2026-03-21T08:37:47.000Z</time>
        <extensions>
          <ns3:TrackPointExtension>
            <ns3:hr>144</ns3:hr>
            <ns3:cad>98</ns3:cad>
          </ns3:TrackPointExtension>
        </extensions>
      </trkpt>
      <trkpt lat="34.2410848103463649749755859375" lon="108.96372525952756404876708984375">
        <ele>421.20001220703125</ele>
        <time>2026-03-21T08:37:48.000Z</time>
        <extensions>
          <ns3:TrackPointExtension>
            <ns3:hr>144</ns3:hr>
            <ns3:cad>97</ns3:cad>
          </ns3:TrackPointExtension>
        </extensions>
      </trkpt>
      <trkpt lat="34.2411186732351779937744140625" lon="108.96372090093791484832763671875">
        <ele>421.20001220703125</ele>
        <time>2026-03-21T08:37:49.000Z</time>
        <extensions>
          <ns3:TrackPointExtension>
            <ns3:hr>144</ns3:hr>
            <ns3:cad>97</ns3:cad>
          </ns3:TrackPointExtension>
        </extensions>
      </trkpt>
      <trkpt lat="34.24114356748759746551513671875" lon="108.96372308023273944854736328125">
        <ele>421.20001220703125</ele>
        <time>2026-03-21T08:37:50.000Z</time>
        <extensions>
          <ns3:TrackPointExtension>
            <ns3:hr>144</ns3:hr>
            <ns3:cad>96</ns3:cad>
          </ns3:TrackPointExtension>
        </extensions>
      </trkpt>
      <trkpt lat="34.24117055721580982208251953125" lon="108.96371670998632907867431640625">
        <ele>421.20001220703125</ele>
        <time>2026-03-21T08:37:51.000Z</time>
        <extensions>
          <ns3:TrackPointExtension>
            <ns3:hr>144</ns3:hr>
            <ns3:cad>96</ns3:cad>
          </ns3:TrackPointExtension>
        </extensions>
      </trkpt>
      <trkpt lat="34.241199307143688201904296875" lon="108.96370514295995235443115234375">
        <ele>421.20001220703125</ele>
        <time>2026-03-21T08:37:52.000Z</time>
        <extensions>
          <ns3:TrackPointExtension>
            <ns3:hr>144</ns3:hr>
            <ns3:cad>96</ns3:cad>
          </ns3:TrackPointExtension>
        </extensions>
      </trkpt>
      <trkpt lat="34.2412179149687290191650390625" lon="108.96369877271354198455810546875">
        <ele>421.20001220703125</ele>
        <time>2026-03-21T08:37:53.000Z</time>
        <extensions>
          <ns3:TrackPointExtension>
            <ns3:hr>144</ns3:hr>
            <ns3:cad>97</ns3:cad>
          </ns3:TrackPointExtension>
        </extensions>
      </trkpt>
      <trkpt lat="34.24124046228826045989990234375" lon="108.96368301473557949066162109375">
        <ele>421.20001220703125</ele>
        <time>2026-03-21T08:37:54.000Z</time>
        <extensions>
          <ns3:TrackPointExtension>
            <ns3:hr>144</ns3:hr>
            <ns3:cad>97</ns3:cad>
          </ns3:TrackPointExtension>
        </extensions>
      </trkpt>
      <trkpt lat="34.24126426689326763153076171875" lon="108.96366742439568042755126953125">
        <ele>421.20001220703125</ele>
        <time>2026-03-21T08:37:55.000Z</time>
        <extensions>
          <ns3:TrackPointExtension>
            <ns3:hr>144</ns3:hr>
            <ns3:cad>97</ns3:cad>
          </ns3:TrackPointExtension>
        </extensions>
      </trkpt>
      <trkpt lat="34.24128337763249874114990234375" lon="108.96365367807447910308837890625">
        <ele>421.20001220703125</ele>
        <time>2026-03-21T08:37:56.000Z</time>
        <extensions>
          <ns3:TrackPointExtension>
            <ns3:hr>144</ns3:hr>
            <ns3:cad>97</ns3:cad>
          </ns3:TrackPointExtension>
        </extensions>
      </trkpt>
      <trkpt lat="34.24130760133266448974609375" lon="108.96362903527915477752685546875">
        <ele>421</ele>
        <time>2026-03-21T08:37:57.000Z</time>
        <extensions>
          <ns3:TrackPointExtension>
            <ns3:hr>145</ns3:hr>
            <ns3:cad>98</ns3:cad>
          </ns3:TrackPointExtension>
        </extensions>
      </trkpt>
      <trkpt lat="34.24132771790027618408203125" lon="108.9636101759970188140869140625">
        <ele>421</ele>
        <time>2026-03-21T08:37:58.000Z</time>
        <extensions>
          <ns3:TrackPointExtension>
            <ns3:hr>144</ns3:hr>
            <ns3:cad>98</ns3:cad>
          </ns3:TrackPointExtension>
        </extensions>
      </trkpt>
      <trkpt lat="34.24134490080177783966064453125" lon="108.9635887183248996734619140625">
        <ele>421</ele>
        <time>2026-03-21T08:37:59.000Z</time>
        <extensions>
          <ns3:TrackPointExtension>
            <ns3:hr>144</ns3:hr>
            <ns3:cad>98</ns3:cad>
          </ns3:TrackPointExtension>
        </extensions>
      </trkpt>
      <trkpt lat="34.24136367626488208770751953125" lon="108.96356399171054363250732421875">
        <ele>421</ele>
        <time>2026-03-21T08:38:00.000Z</time>
        <extensions>
          <ns3:TrackPointExtension>
            <ns3:hr>144</ns3:hr>
            <ns3:cad>99</ns3:cad>
          </ns3:TrackPointExtension>
        </extensions>
      </trkpt>
      <trkpt lat="34.24137909896671772003173828125" lon="108.9635491557419300079345703125">
        <ele>421.20001220703125</ele>
        <time>2026-03-21T08:38:01.000Z</time>
        <extensions>
          <ns3:TrackPointExtension>
            <ns3:hr>144</ns3:hr>
            <ns3:cad>99</ns3:cad>
          </ns3:TrackPointExtension>
        </extensions>
      </trkpt>
      <trkpt lat="34.24139267764985561370849609375" lon="108.9635176397860050201416015625">
        <ele>421.20001220703125</ele>
        <time>2026-03-21T08:38:02.000Z</time>
        <extensions>
          <ns3:TrackPointExtension>
            <ns3:hr>144</ns3:hr>
            <ns3:cad>97</ns3:cad>
          </ns3:TrackPointExtension>
        </extensions>
      </trkpt>
      <trkpt lat="34.241404831409454345703125" lon="108.9634921588003635406494140625">
        <ele>421.20001220703125</ele>
        <time>2026-03-21T08:38:03.000Z</time>
        <extensions>
          <ns3:TrackPointExtension>
            <ns3:hr>144</ns3:hr>
            <ns3:cad>97</ns3:cad>
          </ns3:TrackPointExtension>
        </extensions>
      </trkpt>
      <trkpt lat="34.2414142191410064697265625" lon="108.96346659399569034576416015625">
        <ele>421</ele>
        <time>2026-03-21T08:38:04.000Z</time>
        <extensions>
          <ns3:TrackPointExtension>
            <ns3:hr>144</ns3:hr>
            <ns3:cad>97</ns3:cad>
          </ns3:TrackPointExtension>
        </extensions>
      </trkpt>
      <trkpt lat="34.2414261214435100555419921875" lon="108.96343432366847991943359375">
        <ele>421</ele>
        <time>2026-03-21T08:38:05.000Z</time>
        <extensions>
          <ns3:TrackPointExtension>
            <ns3:hr>144</ns3:hr>
            <ns3:cad>97</ns3:cad>
          </ns3:TrackPointExtension>
        </extensions>
      </trkpt>
      <trkpt lat="34.2414343357086181640625" lon="108.96340607665479183197021484375">
        <ele>421</ele>
        <time>2026-03-21T08:38:06.000Z</time>
        <extensions>
          <ns3:TrackPointExtension>
            <ns3:hr>145</ns3:hr>
            <ns3:cad>97</ns3:cad>
          </ns3:TrackPointExtension>
        </extensions>
      </trkpt>
      <trkpt lat="34.24144363962113857269287109375" lon="108.96337439306080341339111328125">
        <ele>421.20001220703125</ele>
        <time>2026-03-21T08:38:07.000Z</time>
        <extensions>
          <ns3:TrackPointExtension>
            <ns3:hr>144</ns3:hr>
            <ns3:cad>97</ns3:cad>
          </ns3:TrackPointExtension>
        </extensions>
      </trkpt>
      <trkpt lat="34.24145034514367580413818359375" lon="108.9633392728865146636962890625">
        <ele>421.20001220703125</ele>
        <time>2026-03-21T08:38:08.000Z</time>
        <extensions>
          <ns3:TrackPointExtension>
            <ns3:hr>144</ns3:hr>
            <ns3:cad>96</ns3:cad>
          </ns3:TrackPointExtension>
        </extensions>
      </trkpt>
      <trkpt lat="34.24145604483783245086669921875" lon="108.9633137919008731842041015625">
        <ele>421.20001220703125</ele>
        <time>2026-03-21T08:38:09.000Z</time>
        <extensions>
          <ns3:TrackPointExtension>
            <ns3:hr>143</ns3:hr>
            <ns3:cad>96</ns3:cad>
          </ns3:TrackPointExtension>
        </extensions>
      </trkpt>
      <trkpt lat="34.241459481418132781982421875" lon="108.96327733062207698822021484375">
        <ele>421.20001220703125</ele>
        <time>2026-03-21T08:38:10.000Z</time>
        <extensions>
          <ns3:TrackPointExtension>
            <ns3:hr>144</ns3:hr>
            <ns3:cad>97</ns3:cad>
          </ns3:TrackPointExtension>
        </extensions>
      </trkpt>
      <trkpt lat="34.24146040342748165130615234375" lon="108.96324581466615200042724609375">
        <ele>421.20001220703125</ele>
        <time>2026-03-21T08:38:11.000Z</time>
        <extensions>
          <ns3:TrackPointExtension>
            <ns3:hr>144</ns3:hr>
            <ns3:cad>97</ns3:cad>
          </ns3:TrackPointExtension>
        </extensions>
      </trkpt>
      <trkpt lat="34.241459481418132781982421875" lon="108.96321027539670467376708984375">
        <ele>421.20001220703125</ele>
        <time>2026-03-21T08:38:12.000Z</time>
        <extensions>
          <ns3:TrackPointExtension>
            <ns3:hr>144</ns3:hr>
            <ns3:cad>97</ns3:cad>
          </ns3:TrackPointExtension>
        </extensions>
      </trkpt>
      <trkpt lat="34.241454117000102996826171875" lon="108.963173814117908477783203125">
        <ele>421.20001220703125</ele>
        <time>2026-03-21T08:38:13.000Z</time>
        <extensions>
          <ns3:TrackPointExtension>
            <ns3:hr>144</ns3:hr>
            <ns3:cad>97</ns3:cad>
          </ns3:TrackPointExtension>
        </extensions>
      </trkpt>
      <trkpt lat="34.241450093686580657958984375" lon="108.96314355544745922088623046875">
        <ele>421.20001220703125</ele>
        <time>2026-03-21T08:38:14.000Z</time>
        <extensions>
          <ns3:TrackPointExtension>
            <ns3:hr>143</ns3:hr>
            <ns3:cad>97</ns3:cad>
          </ns3:TrackPointExtension>
        </extensions>
      </trkpt>
      <trkpt lat="34.241443388164043426513671875" lon="108.963110111653804779052734375">
        <ele>421.20001220703125</ele>
        <time>2026-03-21T08:38:15.000Z</time>
        <extensions>
          <ns3:TrackPointExtension>
            <ns3:hr>144</ns3:hr>
            <ns3:cad>97</ns3:cad>
          </ns3:TrackPointExtension>
        </extensions>
      </trkpt>
      <trkpt lat="34.2414338327944278717041015625" lon="108.96307800896465778350830078125">
        <ele>421.20001220703125</ele>
        <time>2026-03-21T08:38:16.000Z</time>
        <extensions>
          <ns3:TrackPointExtension>
            <ns3:hr>144</ns3:hr>
            <ns3:cad>98</ns3:cad>
          </ns3:TrackPointExtension>
        </extensions>
      </trkpt>
      <trkpt lat="34.24143006093800067901611328125" lon="108.963046409189701080322265625">
        <ele>421.20001220703125</ele>
        <time>2026-03-21T08:38:17.000Z</time>
        <extensions>
          <ns3:TrackPointExtension>
            <ns3:hr>144</ns3:hr>
            <ns3:cad>99</ns3:cad>
          </ns3:TrackPointExtension>
        </extensions>
      </trkpt>
      <trkpt lat="34.24141681753098964691162109375" lon="108.96301983855664730072021484375">
        <ele>421.20001220703125</ele>
        <time>2026-03-21T08:38:18.000Z</time>
        <extensions>
          <ns3:TrackPointExtension>
            <ns3:hr>144</ns3:hr>
            <ns3:cad>99</ns3:cad>
          </ns3:TrackPointExtension>
        </extensions>
      </trkpt>
      <trkpt lat="34.2413972876965999603271484375" lon="108.96298681385815143585205078125">
        <ele>421.20001220703125</ele>
        <time>2026-03-21T08:38:19.000Z</time>
        <extensions>
          <ns3:TrackPointExtension>
            <ns3:hr>145</ns3:hr>
            <ns3:cad>99</ns3:cad>
          </ns3:TrackPointExtension>
        </extensions>
      </trkpt>
      <trkpt lat="34.24138882197439670562744140625" lon="108.9629620872437953948974609375">
        <ele>421.20001220703125</ele>
        <time>2026-03-21T08:38:20.000Z</time>
        <extensions>
          <ns3:TrackPointExtension>
            <ns3:hr>145</ns3:hr>
            <ns3:cad>99</ns3:cad>
          </ns3:TrackPointExtension>
        </extensions>
      </trkpt>
      <trkpt lat="34.2413686215877532958984375" lon="108.962935768067836761474609375">
        <ele>421.20001220703125</ele>
        <time>2026-03-21T08:38:21.000Z</time>
        <extensions>
          <ns3:TrackPointExtension>
            <ns3:hr>145</ns3:hr>
            <ns3:cad>99</ns3:cad>
          </ns3:TrackPointExtension>
        </extensions>
      </trkpt>
      <trkpt lat="34.24134506843984127044677734375" lon="108.96290651522576808929443359375">
        <ele>421.20001220703125</ele>
        <time>2026-03-21T08:38:22.000Z</time>
        <extensions>
          <ns3:TrackPointExtension>
            <ns3:hr>145</ns3:hr>
            <ns3:cad>99</ns3:cad>
          </ns3:TrackPointExtension>
        </extensions>
      </trkpt>
      <trkpt lat="34.2413282208144664764404296875" lon="108.96288639865815639495849609375">
        <ele>421.20001220703125</ele>
        <time>2026-03-21T08:38:23.000Z</time>
        <extensions>
          <ns3:TrackPointExtension>
            <ns3:hr>145</ns3:hr>
            <ns3:cad>99</ns3:cad>
          </ns3:TrackPointExtension>
        </extensions>
      </trkpt>
      <trkpt lat="34.2413013987243175506591796875" lon="108.96286544390022754669189453125">
        <ele>421.20001220703125</ele>
        <time>2026-03-21T08:38:24.000Z</time>
        <extensions>
          <ns3:TrackPointExtension>
            <ns3:hr>146</ns3:hr>
            <ns3:cad>99</ns3:cad>
          </ns3:TrackPointExtension>
        </extensions>
      </trkpt>
      <trkpt lat="34.24127767793834209442138671875" lon="108.96285018883645534515380859375">
        <ele>421.20001220703125</ele>
        <time>2026-03-21T08:38:25.000Z</time>
        <extensions>
          <ns3:TrackPointExtension>
            <ns3:hr>146</ns3:hr>
            <ns3:cad>100</ns3:cad>
          </ns3:TrackPointExtension>
        </extensions>
      </trkpt>
      <trkpt lat="34.24125261604785919189453125" lon="108.962835855782032012939453125">
        <ele>421.20001220703125</ele>
        <time>2026-03-21T08:38:26.000Z</time>
        <extensions>
          <ns3:TrackPointExtension>
            <ns3:hr>146</ns3:hr>
            <ns3:cad>100</ns3:cad>
          </ns3:TrackPointExtension>
        </extensions>
      </trkpt>
      <trkpt lat="34.24122185446321964263916015625" lon="108.96282604895532131195068359375">
        <ele>421.20001220703125</ele>
        <time>2026-03-21T08:38:27.000Z</time>
        <extensions>
          <ns3:TrackPointExtension>
            <ns3:hr>146</ns3:hr>
            <ns3:cad>100</ns3:cad>
          </ns3:TrackPointExtension>
        </extensions>
      </trkpt>
      <trkpt lat="34.2411969602108001708984375" lon="108.9628167450428009033203125">
        <ele>421.20001220703125</ele>
        <time>2026-03-21T08:38:28.000Z</time>
        <extensions>
          <ns3:TrackPointExtension>
            <ns3:hr>146</ns3:hr>
            <ns3:cad>100</ns3:cad>
          </ns3:TrackPointExtension>
        </extensions>
      </trkpt>
      <trkpt lat="34.2411739937961101531982421875" lon="108.96281129680573940277099609375">
        <ele>421.20001220703125</ele>
        <time>2026-03-21T08:38:29.000Z</time>
        <extensions>
          <ns3:TrackPointExtension>
            <ns3:hr>145</ns3:hr>
            <ns3:cad>100</ns3:cad>
          </ns3:TrackPointExtension>
        </extensions>
      </trkpt>
      <trkpt lat="34.24114407040178775787353515625" lon="108.96280325017869472503662109375">
        <ele>421.20001220703125</ele>
        <time>2026-03-21T08:38:30.000Z</time>
        <extensions>
          <ns3:TrackPointExtension>
            <ns3:hr>146</ns3:hr>
            <ns3:cad>99</ns3:cad>
          </ns3:TrackPointExtension>
        </extensions>
      </trkpt>
      <trkpt lat="34.24112076871097087860107421875" lon="108.9627981372177600860595703125">
        <ele>421.20001220703125</ele>
        <time>2026-03-21T08:38:31.000Z</time>
        <extensions>
          <ns3:TrackPointExtension>
            <ns3:hr>146</ns3:hr>
            <ns3:cad>99</ns3:cad>
          </ns3:TrackPointExtension>
        </extensions>
      </trkpt>
      <trkpt lat="34.24109478481113910675048828125" lon="108.96279587410390377044677734375">
        <ele>421.20001220703125</ele>
        <time>2026-03-21T08:38:32.000Z</time>
        <extensions>
          <ns3:TrackPointExtension>
            <ns3:hr>145</ns3:hr>
            <ns3:cad>99</ns3:cad>
          </ns3:TrackPointExtension>
        </extensions>
      </trkpt>
      <trkpt lat="34.2410630173981189727783203125" lon="108.96279620938003063201904296875">
        <ele>421.399993896484375</ele>
        <time>2026-03-21T08:38:33.000Z</time>
        <extensions>
          <ns3:TrackPointExtension>
            <ns3:hr>145</ns3:hr>
            <ns3:cad>99</ns3:cad>
          </ns3:TrackPointExtension>
        </extensions>
      </trkpt>
      <trkpt lat="34.241040386259555816650390625" lon="108.9627931080758571624755859375">
        <ele>421.399993896484375</ele>
        <time>2026-03-21T08:38:34.000Z</time>
        <extensions>
          <ns3:TrackPointExtension>
            <ns3:hr>146</ns3:hr>
            <ns3:cad>99</ns3:cad>
          </ns3:TrackPointExtension>
        </extensions>
      </trkpt>
      <trkpt lat="34.2410118877887725830078125" lon="108.96279335953295230865478515625">
        <ele>421.20001220703125</ele>
        <time>2026-03-21T08:38:35.000Z</time>
        <extensions>
          <ns3:TrackPointExtension>
            <ns3:hr>146</ns3:hr>
            <ns3:cad>99</ns3:cad>
          </ns3:TrackPointExtension>
        </extensions>
      </trkpt>
      <trkpt lat="34.240984059870243072509765625" lon="108.96279268898069858551025390625">
        <ele>421.20001220703125</ele>
        <time>2026-03-21T08:38:36.000Z</time>
        <extensions>
          <ns3:TrackPointExtension>
            <ns3:hr>146</ns3:hr>
            <ns3:cad>99</ns3:cad>
          </ns3:TrackPointExtension>
        </extensions>
      </trkpt>
      <trkpt lat="34.24096025526523590087890625" lon="108.96278849802911281585693359375">
        <ele>421.20001220703125</ele>
        <time>2026-03-21T08:38:37.000Z</time>
        <extensions>
          <ns3:TrackPointExtension>
            <ns3:hr>146</ns3:hr>
            <ns3:cad>99</ns3:cad>
          </ns3:TrackPointExtension>
        </extensions>
      </trkpt>
      <trkpt lat="34.240930415689945220947265625" lon="108.96278548054397106170654296875">
        <ele>421.399993896484375</ele>
        <time>2026-03-21T08:38:38.000Z</time>
        <extensions>
          <ns3:TrackPointExtension>
            <ns3:hr>145</ns3:hr>
            <ns3:cad>99</ns3:cad>
          </ns3:TrackPointExtension>
        </extensions>
      </trkpt>
      <trkpt lat="34.24090350978076457977294921875" lon="108.962784223258495330810546875">
        <ele>421.399993896484375</ele>
        <time>2026-03-21T08:38:39.000Z</time>
        <extensions>
          <ns3:TrackPointExtension>
            <ns3:hr>146</ns3:hr>
            <ns3:cad>98</ns3:cad>
          </ns3:TrackPointExtension>
        </extensions>
      </trkpt>
      <trkpt lat="34.2408804595470428466796875" lon="108.96278095431625843048095703125">
        <ele>421.399993896484375</ele>
        <time>2026-03-21T08:38:40.000Z</time>
        <extensions>
          <ns3:TrackPointExtension>
            <ns3:hr>147</ns3:hr>
            <ns3:cad>98</ns3:cad>
          </ns3:TrackPointExtension>
        </extensions>
      </trkpt>
      <trkpt lat="34.240851961076259613037109375" lon="108.96277994848787784576416015625">
        <ele>421.399993896484375</ele>
        <time>2026-03-21T08:38:41.000Z</time>
        <extensions>
          <ns3:TrackPointExtension>
            <ns3:hr>147</ns3:hr>
            <ns3:cad>99</ns3:cad>
          </ns3:TrackPointExtension>
        </extensions>
      </trkpt>
      <trkpt lat="34.24082539044320583343505859375" lon="108.96277793683111667633056640625">
        <ele>421.399993896484375</ele>
        <time>2026-03-21T08:38:42.000Z</time>
        <extensions>
          <ns3:TrackPointExtension>
            <ns3:hr>147</ns3:hr>
            <ns3:cad>99</ns3:cad>
          </ns3:TrackPointExtension>
        </extensions>
      </trkpt>
      <trkpt lat="34.24080678261816501617431640625" lon="108.96277341060340404510498046875">
        <ele>421.399993896484375</ele>
        <time>2026-03-21T08:38:43.000Z</time>
        <extensions>
          <ns3:TrackPointExtension>
            <ns3:hr>147</ns3:hr>
            <ns3:cad>99</ns3:cad>
          </ns3:TrackPointExtension>
        </extensions>
      </trkpt>
      <trkpt lat="34.24077761359512805938720703125" lon="108.9627706445753574371337890625">
        <ele>421.20001220703125</ele>
        <time>2026-03-21T08:38:44.000Z</time>
        <extensions>
          <ns3:TrackPointExtension>
            <ns3:hr>147</ns3:hr>
            <ns3:cad>99</ns3:cad>
          </ns3:TrackPointExtension>
        </extensions>
      </trkpt>
      <trkpt lat="34.24075238406658172607421875" lon="108.96276737563312053680419921875">
        <ele>421.20001220703125</ele>
        <time>2026-03-21T08:38:45.000Z</time>
        <extensions>
          <ns3:TrackPointExtension>
            <ns3:hr>147</ns3:hr>
            <ns3:cad>101</ns3:cad>
          </ns3:TrackPointExtension>
        </extensions>
      </trkpt>
      <trkpt lat="34.2407302558422088623046875" lon="108.9627657830715179443359375">
        <ele>421.20001220703125</ele>
        <time>2026-03-21T08:38:46.000Z</time>
        <extensions>
          <ns3:TrackPointExtension>
            <ns3:hr>147</ns3:hr>
            <ns3:cad>101</ns3:cad>
          </ns3:TrackPointExtension>
        </extensions>
      </trkpt>
      <trkpt lat="34.2407034337520599365234375" lon="108.96276670508086681365966796875">
        <ele>421.20001220703125</ele>
        <time>2026-03-21T08:38:47.000Z</time>
        <extensions>
          <ns3:TrackPointExtension>
            <ns3:hr>147</ns3:hr>
            <ns3:cad>101</ns3:cad>
          </ns3:TrackPointExtension>
        </extensions>
      </trkpt>
      <trkpt lat="34.24068222753703594207763671875" lon="108.962765447795391082763671875">
        <ele>421.20001220703125</ele>
        <time>2026-03-21T08:38:48.000Z</time>
        <extensions>
          <ns3:TrackPointExtension>
            <ns3:hr>147</ns3:hr>
            <ns3:cad>98</ns3:cad>
          </ns3:TrackPointExtension>
        </extensions>
      </trkpt>
      <trkpt lat="34.2406556569039821624755859375" lon="108.96276670508086681365966796875">
        <ele>421.20001220703125</ele>
        <time>2026-03-21T08:38:49.000Z</time>
        <extensions>
          <ns3:TrackPointExtension>
            <ns3:hr>147</ns3:hr>
            <ns3:cad>98</ns3:cad>
          </ns3:TrackPointExtension>
        </extensions>
      </trkpt>
      <trkpt lat="34.2406298406422138214111328125" lon="108.96276653744280338287353515625">
        <ele>421.20001220703125</ele>
        <time>2026-03-21T08:38:50.000Z</time>
        <extensions>
          <ns3:TrackPointExtension>
            <ns3:hr>147</ns3:hr>
            <ns3:cad>98</ns3:cad>
          </ns3:TrackPointExtension>
        </extensions>
      </trkpt>
      <trkpt lat="34.24060679040849208831787109375" lon="108.9627669565379619598388671875">
        <ele>421.20001220703125</ele>
        <time>2026-03-21T08:38:51.000Z</time>
        <extensions>
          <ns3:TrackPointExtension>
            <ns3:hr>147</ns3:hr>
            <ns3:cad>98</ns3:cad>
          </ns3:TrackPointExtension>
        </extensions>
      </trkpt>
      <trkpt lat="34.2405795492231845855712890625" lon="108.9627723209559917449951171875">
        <ele>421.20001220703125</ele>
        <time>2026-03-21T08:38:52.000Z</time>
        <extensions>
          <ns3:TrackPointExtension>
            <ns3:hr>147</ns3:hr>
            <ns3:cad>98</ns3:cad>
          </ns3:TrackPointExtension>
        </extensions>
      </trkpt>
      <trkpt lat="34.24055255949497222900390625" lon="108.9627733267843723297119140625">
        <ele>421.20001220703125</ele>
        <time>2026-03-21T08:38:53.000Z</time>
        <extensions>
          <ns3:TrackPointExtension>
            <ns3:hr>147</ns3:hr>
            <ns3:cad>97</ns3:cad>
          </ns3:TrackPointExtension>
        </extensions>
      </trkpt>
      <trkpt lat="34.24052850343286991119384765625" lon="108.9627739973366260528564453125">
        <ele>421.20001220703125</ele>
        <time>2026-03-21T08:38:54.000Z</time>
        <extensions>
          <ns3:TrackPointExtension>
            <ns3:hr>148</ns3:hr>
            <ns3:cad>97</ns3:cad>
          </ns3:TrackPointExtension>
        </extensions>
      </trkpt>
      <trkpt lat="34.24049916677176952362060546875" lon="108.96278011612594127655029296875">
        <ele>421.20001220703125</ele>
        <time>2026-03-21T08:38:55.000Z</time>
        <extensions>
          <ns3:TrackPointExtension>
            <ns3:hr>148</ns3:hr>
            <ns3:cad>97</ns3:cad>
          </ns3:TrackPointExtension>
        </extensions>
      </trkpt>
      <trkpt lat="34.240471422672271728515625" lon="108.96277986466884613037109375">
        <ele>421.20001220703125</ele>
        <time>2026-03-21T08:38:56.000Z</time>
        <extensions>
          <ns3:TrackPointExtension>
            <ns3:hr>148</ns3:hr>
            <ns3:cad>98</ns3:cad>
          </ns3:TrackPointExtension>
        </extensions>
      </trkpt>
      <trkpt lat="34.24044468440115451812744140625" lon="108.96278430707752704620361328125">
        <ele>421.20001220703125</ele>
        <time>2026-03-21T08:38:57.000Z</time>
        <extensions>
          <ns3:TrackPointExtension>
            <ns3:hr>148</ns3:hr>
            <ns3:cad>99</ns3:cad>
          </ns3:TrackPointExtension>
        </extensions>
      </trkpt>
      <trkpt lat="34.24041618593037128448486328125" lon="108.962789587676525115966796875">
        <ele>421.20001220703125</ele>
        <time>2026-03-21T08:38:58.000Z</time>
        <extensions>
          <ns3:TrackPointExtension>
            <ns3:hr>148</ns3:hr>
            <ns3:cad>99</ns3:cad>
          </ns3:TrackPointExtension>
        </extensions>
      </trkpt>
      <trkpt lat="34.24039506353437900543212890625" lon="108.96278548054397106170654296875">
        <ele>421.20001220703125</ele>
        <time>2026-03-21T08:38:59.000Z</time>
        <extensions>
          <ns3:TrackPointExtension>
            <ns3:hr>148</ns3:hr>
            <ns3:cad>99</ns3:cad>
          </ns3:TrackPointExtension>
        </extensions>
      </trkpt>
      <trkpt lat="34.24036690033972263336181640625" lon="108.96278631873428821563720703125">
        <ele>421.20001220703125</ele>
        <time>2026-03-21T08:39:00.000Z</time>
        <extensions>
          <ns3:TrackPointExtension>
            <ns3:hr>148</ns3:hr>
            <ns3:cad>99</ns3:cad>
          </ns3:TrackPointExtension>
        </extensions>
      </trkpt>
      <trkpt lat="34.240342676639556884765625" lon="108.96278346888720989227294921875">
        <ele>421.20001220703125</ele>
        <time>2026-03-21T08:39:01.000Z</time>
        <extensions>
          <ns3:TrackPointExtension>
            <ns3:hr>148</ns3:hr>
            <ns3:cad>99</ns3:cad>
          </ns3:TrackPointExtension>
        </extensions>
      </trkpt>
      <trkpt lat="34.2403213866055011749267578125" lon="108.96278564818203449249267578125">
        <ele>421.20001220703125</ele>
        <time>2026-03-21T08:39:02.000Z</time>
        <extensions>
          <ns3:TrackPointExtension>
            <ns3:hr>148</ns3:hr>
            <ns3:cad>98</ns3:cad>
          </ns3:TrackPointExtension>
        </extensions>
      </trkpt>
      <trkpt lat="34.24029632471501827239990234375" lon="108.9627880789339542388916015625">
        <ele>421.20001220703125</ele>
        <time>2026-03-21T08:39:03.000Z</time>
        <extensions>
          <ns3:TrackPointExtension>
            <ns3:hr>148</ns3:hr>
            <ns3:cad>98</ns3:cad>
          </ns3:TrackPointExtension>
        </extensions>
      </trkpt>
      <trkpt lat="34.2402731068432331085205078125" lon="108.96278900094330310821533203125">
        <ele>421.20001220703125</ele>
        <time>2026-03-21T08:39:04.000Z</time>
        <extensions>
          <ns3:TrackPointExtension>
            <ns3:hr>147</ns3:hr>
            <ns3:cad>98</ns3:cad>
          </ns3:TrackPointExtension>
        </extensions>
      </trkpt>
      <trkpt lat="34.24024754203855991363525390625" lon="108.96279721520841121673583984375">
        <ele>421.20001220703125</ele>
        <time>2026-03-21T08:39:05.000Z</time>
        <extensions>
          <ns3:TrackPointExtension>
            <ns3:hr>148</ns3:hr>
            <ns3:cad>97</ns3:cad>
          </ns3:TrackPointExtension>
        </extensions>
      </trkpt>
      <trkpt lat="34.24021753482520580291748046875" lon="108.962812721729278564453125">
        <ele>421.20001220703125</ele>
        <time>2026-03-21T08:39:06.000Z</time>
        <extensions>
          <ns3:TrackPointExtension>
            <ns3:hr>148</ns3:hr>
            <ns3:cad>97</ns3:cad>
          </ns3:TrackPointExtension>
        </extensions>
      </trkpt>
      <trkpt lat="34.2401936464011669158935546875" lon="108.96281884051859378814697265625">
        <ele>421.20001220703125</ele>
        <time>2026-03-21T08:39:07.000Z</time>
        <extensions>
          <ns3:TrackPointExtension>
            <ns3:hr>148</ns3:hr>
            <ns3:cad>97</ns3:cad>
          </ns3:TrackPointExtension>
        </extensions>
      </trkpt>
      <trkpt lat="34.24016632139682769775390625" lon="108.962833173573017120361328125">
        <ele>421.20001220703125</ele>
        <time>2026-03-21T08:39:08.000Z</time>
        <extensions>
          <ns3:TrackPointExtension>
            <ns3:hr>148</ns3:hr>
            <ns3:cad>98</ns3:cad>
          </ns3:TrackPointExtension>
        </extensions>
      </trkpt>
      <trkpt lat="34.24014226533472537994384765625" lon="108.96284759044647216796875">
        <ele>421.20001220703125</ele>
        <time>2026-03-21T08:39:09.000Z</time>
        <extensions>
          <ns3:TrackPointExtension>
            <ns3:hr>148</ns3:hr>
            <ns3:cad>98</ns3:cad>
          </ns3:TrackPointExtension>
        </extensions>
      </trkpt>
      <trkpt lat="34.2401215620338916778564453125" lon="108.962857984006404876708984375">
        <ele>421.20001220703125</ele>
        <time>2026-03-21T08:39:10.000Z</time>
        <extensions>
          <ns3:TrackPointExtension>
            <ns3:hr>148</ns3:hr>
            <ns3:cad>97</ns3:cad>
          </ns3:TrackPointExtension>
        </extensions>
      </trkpt>
      <trkpt lat="34.24009918235242366790771484375" lon="108.962880112230777740478515625">
        <ele>421</ele>
        <time>2026-03-21T08:39:11.000Z</time>
        <extensions>
          <ns3:TrackPointExtension>
            <ns3:hr>148</ns3:hr>
            <ns3:cad>97</ns3:cad>
          </ns3:TrackPointExtension>
        </extensions>
      </trkpt>
      <trkpt lat="34.24007688648998737335205078125" lon="108.96289846859872341156005859375">
        <ele>421</ele>
        <time>2026-03-21T08:39:12.000Z</time>
        <extensions>
          <ns3:TrackPointExtension>
            <ns3:hr>149</ns3:hr>
            <ns3:cad>98</ns3:cad>
          </ns3:TrackPointExtension>
        </extensions>
      </trkpt>
      <trkpt lat="34.2400575242936611175537109375" lon="108.96291925571858882904052734375">
        <ele>421</ele>
        <time>2026-03-21T08:39:13.000Z</time>
        <extensions>
          <ns3:TrackPointExtension>
            <ns3:hr>148</ns3:hr>
            <ns3:cad>98</ns3:cad>
          </ns3:TrackPointExtension>
        </extensions>
      </trkpt>
      <trkpt lat="34.2400367371737957000732421875" lon="108.96294943057000637054443359375">
        <ele>421.20001220703125</ele>
        <time>2026-03-21T08:39:14.000Z</time>
        <extensions>
          <ns3:TrackPointExtension>
            <ns3:hr>148</ns3:hr>
            <ns3:cad>98</ns3:cad>
          </ns3:TrackPointExtension>
        </extensions>
      </trkpt>
      <trkpt lat="34.24001670442521572113037109375" lon="108.9629711396992206573486328125">
        <ele>421.20001220703125</ele>
        <time>2026-03-21T08:39:15.000Z</time>
        <extensions>
          <ns3:TrackPointExtension>
            <ns3:hr>149</ns3:hr>
            <ns3:cad>98</ns3:cad>
          </ns3:TrackPointExtension>
        </extensions>
      </trkpt>
      <trkpt lat="34.2399988509714603424072265625" lon="108.96299502812325954437255859375">
        <ele>421.20001220703125</ele>
        <time>2026-03-21T08:39:16.000Z</time>
        <extensions>
          <ns3:TrackPointExtension>
            <ns3:hr>148</ns3:hr>
            <ns3:cad>98</ns3:cad>
          </ns3:TrackPointExtension>
        </extensions>
      </trkpt>
      <trkpt lat="34.23998720012605190277099609375" lon="108.963029645383358001708984375">
        <ele>421.20001220703125</ele>
        <time>2026-03-21T08:39:17.000Z</time>
        <extensions>
          <ns3:TrackPointExtension>
            <ns3:hr>148</ns3:hr>
            <ns3:cad>97</ns3:cad>
          </ns3:TrackPointExtension>
        </extensions>
      </trkpt>
      <trkpt lat="34.2399733699858188629150390625" lon="108.9630562998354434967041015625">
        <ele>421.20001220703125</ele>
        <time>2026-03-21T08:39:18.000Z</time>
        <extensions>
          <ns3:TrackPointExtension>
            <ns3:hr>149</ns3:hr>
            <ns3:cad>97</ns3:cad>
          </ns3:TrackPointExtension>
        </extensions>
      </trkpt>
      <trkpt lat="34.23996373079717159271240234375" lon="108.9630821160972118377685546875">
        <ele>421.20001220703125</ele>
        <time>2026-03-21T08:39:19.000Z</time>
        <extensions>
          <ns3:TrackPointExtension>
            <ns3:hr>149</ns3:hr>
            <ns3:cad>99</ns3:cad>
          </ns3:TrackPointExtension>
        </extensions>
      </trkpt>
      <trkpt lat="34.239954091608524322509765625" lon="108.963117487728595733642578125">
        <ele>421.20001220703125</ele>
        <time>2026-03-21T08:39:20.000Z</time>
        <extensions>
          <ns3:TrackPointExtension>
            <ns3:hr>149</ns3:hr>
            <ns3:cad>99</ns3:cad>
          </ns3:TrackPointExtension>
        </extensions>
      </trkpt>
      <trkpt lat="34.2399468831717967987060546875" lon="108.96314254961907863616943359375">
        <ele>421.20001220703125</ele>
        <time>2026-03-21T08:39:21.000Z</time>
        <extensions>
          <ns3:TrackPointExtension>
            <ns3:hr>149</ns3:hr>
            <ns3:cad>99</ns3:cad>
          </ns3:TrackPointExtension>
        </extensions>
      </trkpt>
      <trkpt lat="34.2399438656866550445556640625" lon="108.9631716348230838775634765625">
        <ele>421.20001220703125</ele>
        <time>2026-03-21T08:39:22.000Z</time>
        <extensions>
          <ns3:TrackPointExtension>
            <ns3:hr>149</ns3:hr>
            <ns3:cad>99</ns3:cad>
          </ns3:TrackPointExtension>
        </extensions>
      </trkpt>
      <trkpt lat="34.2399435304105281829833984375" lon="108.96321027539670467376708984375">
        <ele>421</ele>
        <time>2026-03-21T08:39:23.000Z</time>
        <extensions>
          <ns3:TrackPointExtension>
            <ns3:hr>149</ns3:hr>
            <ns3:cad>100</ns3:cad>
          </ns3:TrackPointExtension>
        </extensions>
      </trkpt>
      <trkpt lat="34.23993699252605438232421875" lon="108.96323584020137786865234375">
        <ele>421.20001220703125</ele>
        <time>2026-03-21T08:39:24.000Z</time>
        <extensions>
          <ns3:TrackPointExtension>
            <ns3:hr>150</ns3:hr>
            <ns3:cad>100</ns3:cad>
          </ns3:TrackPointExtension>
        </extensions>
      </trkpt>
      <trkpt lat="34.23993640579283237457275390625" lon="108.9632661826908588409423828125">
        <ele>421.20001220703125</ele>
        <time>2026-03-21T08:39:25.000Z</time>
        <extensions>
          <ns3:TrackPointExtension>
            <ns3:hr>149</ns3:hr>
            <ns3:cad>100</ns3:cad>
          </ns3:TrackPointExtension>
        </extensions>
      </trkpt>
      <trkpt lat="34.23994327895343303680419921875" lon="108.96330264396965503692626953125">
        <ele>421.20001220703125</ele>
        <time>2026-03-21T08:39:26.000Z</time>
        <extensions>
          <ns3:TrackPointExtension>
            <ns3:hr>149</ns3:hr>
            <ns3:cad>100</ns3:cad>
          </ns3:TrackPointExtension>
        </extensions>
      </trkpt>
      <trkpt lat="34.23994881100952625274658203125" lon="108.963335417211055755615234375">
        <ele>421.20001220703125</ele>
        <time>2026-03-21T08:39:27.000Z</time>
        <extensions>
          <ns3:TrackPointExtension>
            <ns3:hr>149</ns3:hr>
            <ns3:cad>100</ns3:cad>
          </ns3:TrackPointExtension>
        </extensions>
      </trkpt>
      <trkpt lat="34.23995434306561946868896484375" lon="108.96336995065212249755859375">
        <ele>421.20001220703125</ele>
        <time>2026-03-21T08:39:28.000Z</time>
        <extensions>
          <ns3:TrackPointExtension>
            <ns3:hr>148</ns3:hr>
            <ns3:cad>100</ns3:cad>
          </ns3:TrackPointExtension>
        </extensions>
      </trkpt>
      <trkpt lat="34.2399643175303936004638671875" lon="108.96340641193091869354248046875">
        <ele>421</ele>
        <time>2026-03-21T08:39:29.000Z</time>
        <extensions>
          <ns3:TrackPointExtension>
            <ns3:hr>148</ns3:hr>
            <ns3:cad>100</ns3:cad>
          </ns3:TrackPointExtension>
        </extensions>
      </trkpt>
      <trkpt lat="34.23996926285326480865478515625" lon="108.96343759261071681976318359375">
        <ele>421</ele>
        <time>2026-03-21T08:39:30.000Z</time>
        <extensions>
          <ns3:TrackPointExtension>
            <ns3:hr>148</ns3:hr>
            <ns3:cad>100</ns3:cad>
          </ns3:TrackPointExtension>
        </extensions>
      </trkpt>
      <trkpt lat="34.23998133279383182525634765625" lon="108.9634713716804981231689453125">
        <ele>421</ele>
        <time>2026-03-21T08:39:31.000Z</time>
        <extensions>
          <ns3:TrackPointExtension>
            <ns3:hr>148</ns3:hr>
            <ns3:cad>99</ns3:cad>
          </ns3:TrackPointExtension>
        </extensions>
      </trkpt>
      <trkpt lat="34.2399931512773036956787109375" lon="108.963499702513217926025390625">
        <ele>421</ele>
        <time>2026-03-21T08:39:32.000Z</time>
        <extensions>
          <ns3:TrackPointExtension>
            <ns3:hr>148</ns3:hr>
            <ns3:cad>98</ns3:cad>
          </ns3:TrackPointExtension>
        </extensions>
      </trkpt>
      <trkpt lat="34.24000513739883899688720703125" lon="108.96352224983274936676025390625">
        <ele>421</ele>
        <time>2026-03-21T08:39:33.000Z</time>
        <extensions>
          <ns3:TrackPointExtension>
            <ns3:hr>149</ns3:hr>
            <ns3:cad>98</ns3:cad>
          </ns3:TrackPointExtension>
        </extensions>
      </trkpt>
      <trkpt lat="34.24002684652805328369140625" lon="108.9635508321225643157958984375">
        <ele>421</ele>
        <time>2026-03-21T08:39:34.000Z</time>
        <extensions>
          <ns3:TrackPointExtension>
            <ns3:hr>149</ns3:hr>
            <ns3:cad>98</ns3:cad>
          </ns3:TrackPointExtension>
        </extensions>
      </trkpt>
      <trkpt lat="34.24004117958247661590576171875" lon="108.96357840858399868011474609375">
        <ele>421</ele>
        <time>2026-03-21T08:39:35.000Z</time>
        <extensions>
          <ns3:TrackPointExtension>
            <ns3:hr>149</ns3:hr>
            <ns3:cad>98</ns3:cad>
          </ns3:TrackPointExtension>
        </extensions>
      </trkpt>
      <trkpt lat="34.24005978740751743316650390625" lon="108.96360539831221103668212890625">
        <ele>421</ele>
        <time>2026-03-21T08:39:36.000Z</time>
        <extensions>
          <ns3:TrackPointExtension>
            <ns3:hr>148</ns3:hr>
            <ns3:cad>98</ns3:cad>
          </ns3:TrackPointExtension>
        </extensions>
      </trkpt>
      <trkpt lat="34.24008317291736602783203125" lon="108.9636289514601230621337890625">
        <ele>421</ele>
        <time>2026-03-21T08:39:37.000Z</time>
        <extensions>
          <ns3:TrackPointExtension>
            <ns3:hr>149</ns3:hr>
            <ns3:cad>98</ns3:cad>
          </ns3:TrackPointExtension>
        </extensions>
      </trkpt>
      <trkpt lat="34.2400997690856456756591796875" lon="108.96364714019000530242919921875">
        <ele>421</ele>
        <time>2026-03-21T08:39:38.000Z</time>
        <extensions>
          <ns3:TrackPointExtension>
            <ns3:hr>149</ns3:hr>
            <ns3:cad>98</ns3:cad>
          </ns3:TrackPointExtension>
        </extensions>
      </trkpt>
      <trkpt lat="34.24012935720384120941162109375" lon="108.963663987815380096435546875">
        <ele>421</ele>
        <time>2026-03-21T08:39:39.000Z</time>
        <extensions>
          <ns3:TrackPointExtension>
            <ns3:hr>149</ns3:hr>
            <ns3:cad>99</ns3:cad>
          </ns3:TrackPointExtension>
        </extensions>
      </trkpt>
      <trkpt lat="34.2401574365794658660888671875" lon="108.96367974579334259033203125">
        <ele>421</ele>
        <time>2026-03-21T08:39:40.000Z</time>
        <extensions>
          <ns3:TrackPointExtension>
            <ns3:hr>148</ns3:hr>
            <ns3:cad>99</ns3:cad>
          </ns3:TrackPointExtension>
        </extensions>
      </trkpt>
      <trkpt lat="34.24017973244190216064453125" lon="108.9636916480958461761474609375">
        <ele>421</ele>
        <time>2026-03-21T08:39:41.000Z</time>
        <extensions>
          <ns3:TrackPointExtension>
            <ns3:hr>149</ns3:hr>
            <ns3:cad>99</ns3:cad>
          </ns3:TrackPointExtension>
        </extensions>
      </trkpt>
      <trkpt lat="34.240212924778461456298828125" lon="108.9637013711035251617431640625">
        <ele>421</ele>
        <time>2026-03-21T08:39:42.000Z</time>
        <extensions>
          <ns3:TrackPointExtension>
            <ns3:hr>149</ns3:hr>
            <ns3:cad>99</ns3:cad>
          </ns3:TrackPointExtension>
        </extensions>
      </trkpt>
      <trkpt lat="34.240238405764102935791015625" lon="108.9637090824544429779052734375">
        <ele>421</ele>
        <time>2026-03-21T08:39:43.000Z</time>
        <extensions>
          <ns3:TrackPointExtension>
            <ns3:hr>149</ns3:hr>
            <ns3:cad>99</ns3:cad>
          </ns3:TrackPointExtension>
        </extensions>
      </trkpt>
      <trkpt lat="34.24026262946426868438720703125" lon="108.963713608682155609130859375">
        <ele>421</ele>
        <time>2026-03-21T08:39:44.000Z</time>
        <extensions>
          <ns3:TrackPointExtension>
            <ns3:hr>149</ns3:hr>
            <ns3:cad>99</ns3:cad>
          </ns3:TrackPointExtension>
        </extensions>
      </trkpt>
      <trkpt lat="34.24029028974473476409912109375" lon="108.96371821872889995574951171875">
        <ele>421</ele>
        <time>2026-03-21T08:39:45.000Z</time>
        <extensions>
          <ns3:TrackPointExtension>
            <ns3:hr>149</ns3:hr>
            <ns3:cad>98</ns3:cad>
          </ns3:TrackPointExtension>
        </extensions>
      </trkpt>
      <trkpt lat="34.2403140105307102203369140625" lon="108.9637218229472637176513671875">
        <ele>421</ele>
        <time>2026-03-21T08:39:46.000Z</time>
        <extensions>
          <ns3:TrackPointExtension>
            <ns3:hr>149</ns3:hr>
            <ns3:cad>97</ns3:cad>
          </ns3:TrackPointExtension>
        </extensions>
      </trkpt>
      <trkpt lat="34.24033924005925655364990234375" lon="108.96371620707213878631591796875">
        <ele>420.79998779296875</ele>
        <time>2026-03-21T08:39:47.000Z</time>
        <extensions>
          <ns3:TrackPointExtension>
            <ns3:hr>150</ns3:hr>
            <ns3:cad>97</ns3:cad>
          </ns3:TrackPointExtension>
        </extensions>
      </trkpt>
      <trkpt lat="34.24036882817745208740234375" lon="108.96371193230152130126953125">
        <ele>420.79998779296875</ele>
        <time>2026-03-21T08:39:48.000Z</time>
        <extensions>
          <ns3:TrackPointExtension>
            <ns3:hr>150</ns3:hr>
            <ns3:cad>97</ns3:cad>
          </ns3:TrackPointExtension>
        </extensions>
      </trkpt>
      <trkpt lat="34.24039422534406185150146484375" lon="108.9637141115963459014892578125">
        <ele>420.79998779296875</ele>
        <time>2026-03-21T08:39:49.000Z</time>
        <extensions>
          <ns3:TrackPointExtension>
            <ns3:hr>150</ns3:hr>
            <ns3:cad>97</ns3:cad>
          </ns3:TrackPointExtension>
        </extensions>
      </trkpt>
      <trkpt lat="34.240422137081623077392578125" lon="108.96371101029217243194580078125">
        <ele>420.79998779296875</ele>
        <time>2026-03-21T08:39:50.000Z</time>
        <extensions>
          <ns3:TrackPointExtension>
            <ns3:hr>150</ns3:hr>
            <ns3:cad>97</ns3:cad>
          </ns3:TrackPointExtension>
        </extensions>
      </trkpt>
      <trkpt lat="34.24045172519981861114501953125" lon="108.963712267577648162841796875">
        <ele>420.79998779296875</ele>
        <time>2026-03-21T08:39:51.000Z</time>
        <extensions>
          <ns3:TrackPointExtension>
            <ns3:hr>150</ns3:hr>
            <ns3:cad>98</ns3:cad>
          </ns3:TrackPointExtension>
        </extensions>
      </trkpt>
      <trkpt lat="34.24047921784222126007080078125" lon="108.96371352486312389373779296875">
        <ele>420.79998779296875</ele>
        <time>2026-03-21T08:39:52.000Z</time>
        <extensions>
          <ns3:TrackPointExtension>
            <ns3:hr>150</ns3:hr>
            <ns3:cad>98</ns3:cad>
          </ns3:TrackPointExtension>
        </extensions>
      </trkpt>
      <trkpt lat="34.24050771631300449371337890625" lon="108.9637124352157115936279296875">
        <ele>420.79998779296875</ele>
        <time>2026-03-21T08:39:53.000Z</time>
        <extensions>
          <ns3:TrackPointExtension>
            <ns3:hr>150</ns3:hr>
            <ns3:cad>98</ns3:cad>
          </ns3:TrackPointExtension>
        </extensions>
      </trkpt>
      <trkpt lat="34.240532107651233673095703125" lon="108.96371369250118732452392578125">
        <ele>420.79998779296875</ele>
        <time>2026-03-21T08:39:54.000Z</time>
        <extensions>
          <ns3:TrackPointExtension>
            <ns3:hr>151</ns3:hr>
            <ns3:cad>98</ns3:cad>
          </ns3:TrackPointExtension>
        </extensions>
      </trkpt>
      <trkpt lat="34.2405585944652557373046875" lon="108.96371603943407535552978515625">
        <ele>420.79998779296875</ele>
        <time>2026-03-21T08:39:55.000Z</time>
        <extensions>
          <ns3:TrackPointExtension>
            <ns3:hr>151</ns3:hr>
            <ns3:cad>98</ns3:cad>
          </ns3:TrackPointExtension>
        </extensions>
      </trkpt>
      <trkpt lat="34.240590445697307586669921875" lon="108.96371553651988506317138671875">
        <ele>420.79998779296875</ele>
        <time>2026-03-21T08:39:56.000Z</time>
        <extensions>
          <ns3:TrackPointExtension>
            <ns3:hr>151</ns3:hr>
            <ns3:cad>99</ns3:cad>
          </ns3:TrackPointExtension>
        </extensions>
      </trkpt>
      <trkpt lat="34.240615256130695343017578125" lon="108.96371855400502681732177734375">
        <ele>420.79998779296875</ele>
        <time>2026-03-21T08:39:57.000Z</time>
        <extensions>
          <ns3:TrackPointExtension>
            <ns3:hr>151</ns3:hr>
            <ns3:cad>99</ns3:cad>
          </ns3:TrackPointExtension>
        </extensions>
      </trkpt>
      <trkpt lat="34.2406419105827808380126953125" lon="108.9637157879769802093505859375">
        <ele>420.79998779296875</ele>
        <time>2026-03-21T08:39:58.000Z</time>
        <extensions>
          <ns3:TrackPointExtension>
            <ns3:hr>151</ns3:hr>
            <ns3:cad>99</ns3:cad>
          </ns3:TrackPointExtension>
        </extensions>
      </trkpt>
      <trkpt lat="34.240672253072261810302734375" lon="108.9637151174247264862060546875">
        <ele>420.600006103515625</ele>
        <time>2026-03-21T08:39:59.000Z</time>
        <extensions>
          <ns3:TrackPointExtension>
            <ns3:hr>150</ns3:hr>
            <ns3:cad>99</ns3:cad>
          </ns3:TrackPointExtension>
        </extensions>
      </trkpt>
      <trkpt lat="34.24069941043853759765625" lon="108.9637161232531070709228515625">
        <ele>420.600006103515625</ele>
        <time>2026-03-21T08:40:00.000Z</time>
        <extensions>
          <ns3:TrackPointExtension>
            <ns3:hr>150</ns3:hr>
            <ns3:cad>98</ns3:cad>
          </ns3:TrackPointExtension>
        </extensions>
      </trkpt>
      <trkpt lat="34.24073084257543087005615234375" lon="108.9637147821485996246337890625">
        <ele>420.600006103515625</ele>
        <time>2026-03-21T08:40:01.000Z</time>
        <extensions>
          <ns3:TrackPointExtension>
            <ns3:hr>151</ns3:hr>
            <ns3:cad>98</ns3:cad>
          </ns3:TrackPointExtension>
        </extensions>
      </trkpt>
      <trkpt lat="34.24075716175138950347900390625" lon="108.9637110941112041473388671875">
        <ele>420.600006103515625</ele>
        <time>2026-03-21T08:40:02.000Z</time>
        <extensions>
          <ns3:TrackPointExtension>
            <ns3:hr>151</ns3:hr>
            <ns3:cad>98</ns3:cad>
          </ns3:TrackPointExtension>
        </extensions>
      </trkpt>
      <trkpt lat="34.240782223641872406005859375" lon="108.9637110941112041473388671875">
        <ele>420.600006103515625</ele>
        <time>2026-03-21T08:40:03.000Z</time>
        <extensions>
          <ns3:TrackPointExtension>
            <ns3:hr>151</ns3:hr>
            <ns3:cad>98</ns3:cad>
          </ns3:TrackPointExtension>
        </extensions>
      </trkpt>
      <trkpt lat="34.2408135719597339630126953125" lon="108.96370866335928440093994140625">
        <ele>420.600006103515625</ele>
        <time>2026-03-21T08:40:04.000Z</time>
        <extensions>
          <ns3:TrackPointExtension>
            <ns3:hr>151</ns3:hr>
            <ns3:cad>98</ns3:cad>
          </ns3:TrackPointExtension>
        </extensions>
      </trkpt>
      <trkpt lat="34.2408373765647411346435546875" lon="108.96371285431087017059326171875">
        <ele>420.600006103515625</ele>
        <time>2026-03-21T08:40:05.000Z</time>
        <extensions>
          <ns3:TrackPointExtension>
            <ns3:hr>151</ns3:hr>
            <ns3:cad>98</ns3:cad>
          </ns3:TrackPointExtension>
        </extensions>
      </trkpt>
      <trkpt lat="34.24086310900747776031494140625" lon="108.96371285431087017059326171875">
        <ele>420.399993896484375</ele>
        <time>2026-03-21T08:40:06.000Z</time>
        <extensions>
          <ns3:TrackPointExtension>
            <ns3:hr>151</ns3:hr>
            <ns3:cad>98</ns3:cad>
          </ns3:TrackPointExtension>
        </extensions>
      </trkpt>
      <trkpt lat="34.24089252948760986328125" lon="108.963714279234409332275390625">
        <ele>420.600006103515625</ele>
        <time>2026-03-21T08:40:07.000Z</time>
        <extensions>
          <ns3:TrackPointExtension>
            <ns3:hr>151</ns3:hr>
            <ns3:cad>98</ns3:cad>
          </ns3:TrackPointExtension>
        </extensions>
      </trkpt>
      <trkpt lat="34.2409151606261730194091796875" lon="108.96371922455728054046630859375">
        <ele>420.399993896484375</ele>
        <time>2026-03-21T08:40:08.000Z</time>
        <extensions>
          <ns3:TrackPointExtension>
            <ns3:hr>150</ns3:hr>
            <ns3:cad>98</ns3:cad>
          </ns3:TrackPointExtension>
        </extensions>
      </trkpt>
      <trkpt lat="34.2409433238208293914794921875" lon="108.96371754817664623260498046875">
        <ele>420.399993896484375</ele>
        <time>2026-03-21T08:40:09.000Z</time>
        <extensions>
          <ns3:TrackPointExtension>
            <ns3:hr>150</ns3:hr>
            <ns3:cad>98</ns3:cad>
          </ns3:TrackPointExtension>
        </extensions>
      </trkpt>
      <trkpt lat="34.24096838571131229400634765625" lon="108.9637157879769802093505859375">
        <ele>420.399993896484375</ele>
        <time>2026-03-21T08:40:10.000Z</time>
        <extensions>
          <ns3:TrackPointExtension>
            <ns3:hr>150</ns3:hr>
            <ns3:cad>97</ns3:cad>
          </ns3:TrackPointExtension>
        </extensions>
      </trkpt>
      <trkpt lat="34.24099244177341461181640625" lon="108.9637191407382488250732421875">
        <ele>420.399993896484375</ele>
        <time>2026-03-21T08:40:11.000Z</time>
        <extensions>
          <ns3:TrackPointExtension>
            <ns3:hr>150</ns3:hr>
            <ns3:cad>97</ns3:cad>
          </ns3:TrackPointExtension>
        </extensions>
      </trkpt>
      <trkpt lat="34.241023622453212738037109375" lon="108.96371838636696338653564453125">
        <ele>420.399993896484375</ele>
        <time>2026-03-21T08:40:12.000Z</time>
        <extensions>
          <ns3:TrackPointExtension>
            <ns3:hr>150</ns3:hr>
            <ns3:cad>97</ns3:cad>
          </ns3:TrackPointExtension>
        </extensions>
      </trkpt>
      <trkpt lat="34.2410486005246639251708984375" lon="108.96372073329985141754150390625">
        <ele>420.399993896484375</ele>
        <time>2026-03-21T08:40:13.000Z</time>
        <extensions>
          <ns3:TrackPointExtension>
            <ns3:hr>150</ns3:hr>
            <ns3:cad>97</ns3:cad>
          </ns3:TrackPointExtension>
        </extensions>
      </trkpt>
      <trkpt lat="34.24107693135738372802734375" lon="108.96372308023273944854736328125">
        <ele>420.399993896484375</ele>
        <time>2026-03-21T08:40:14.000Z</time>
        <extensions>
          <ns3:TrackPointExtension>
            <ns3:hr>150</ns3:hr>
            <ns3:cad>97</ns3:cad>
          </ns3:TrackPointExtension>
        </extensions>
      </trkpt>
      <trkpt lat="34.241108782589435577392578125" lon="108.96371905691921710968017578125">
        <ele>420.399993896484375</ele>
        <time>2026-03-21T08:40:15.000Z</time>
        <extensions>
          <ns3:TrackPointExtension>
            <ns3:hr>150</ns3:hr>
            <ns3:cad>97</ns3:cad>
          </ns3:TrackPointExtension>
        </extensions>
      </trkpt>
      <trkpt lat="34.2411371134221553802490234375" lon="108.96372132003307342529296875">
        <ele>420.399993896484375</ele>
        <time>2026-03-21T08:40:16.000Z</time>
        <extensions>
          <ns3:TrackPointExtension>
            <ns3:hr>150</ns3:hr>
            <ns3:cad>98</ns3:cad>
          </ns3:TrackPointExtension>
        </extensions>
      </trkpt>
      <trkpt lat="34.24116586335003376007080078125" lon="108.963713608682155609130859375">
        <ele>420.399993896484375</ele>
        <time>2026-03-21T08:40:17.000Z</time>
        <extensions>
          <ns3:TrackPointExtension>
            <ns3:hr>150</ns3:hr>
            <ns3:cad>98</ns3:cad>
          </ns3:TrackPointExtension>
        </extensions>
      </trkpt>
      <trkpt lat="34.24119763076305389404296875" lon="108.96370346657931804656982421875">
        <ele>420.399993896484375</ele>
        <time>2026-03-21T08:40:18.000Z</time>
        <extensions>
          <ns3:TrackPointExtension>
            <ns3:hr>149</ns3:hr>
            <ns3:cad>98</ns3:cad>
          </ns3:TrackPointExtension>
        </extensions>
      </trkpt>
      <trkpt lat="34.24122286029160022735595703125" lon="108.96369709633290767669677734375">
        <ele>420.399993896484375</ele>
        <time>2026-03-21T08:40:19.000Z</time>
        <extensions>
          <ns3:TrackPointExtension>
            <ns3:hr>150</ns3:hr>
            <ns3:cad>98</ns3:cad>
          </ns3:TrackPointExtension>
        </extensions>
      </trkpt>
      <trkpt lat="34.24125286750495433807373046875" lon="108.96368519403040409088134765625">
        <ele>420.399993896484375</ele>
        <time>2026-03-21T08:40:20.000Z</time>
        <extensions>
          <ns3:TrackPointExtension>
            <ns3:hr>149</ns3:hr>
            <ns3:cad>98</ns3:cad>
          </ns3:TrackPointExtension>
        </extensions>
      </trkpt>
      <trkpt lat="34.24127935431897640228271484375" lon="108.9636745490133762359619140625">
        <ele>420.399993896484375</ele>
        <time>2026-03-21T08:40:21.000Z</time>
        <extensions>
          <ns3:TrackPointExtension>
            <ns3:hr>149</ns3:hr>
            <ns3:cad>98</ns3:cad>
          </ns3:TrackPointExtension>
        </extensions>
      </trkpt>
      <trkpt lat="34.24130064435303211212158203125" lon="108.96365719847381114959716796875">
        <ele>420.399993896484375</ele>
        <time>2026-03-21T08:40:22.000Z</time>
        <extensions>
          <ns3:TrackPointExtension>
            <ns3:hr>149</ns3:hr>
            <ns3:cad>98</ns3:cad>
          </ns3:TrackPointExtension>
        </extensions>
      </trkpt>
      <trkpt lat="34.24132361076772212982177734375" lon="108.96363456733524799346923828125">
        <ele>420.399993896484375</ele>
        <time>2026-03-21T08:40:23.000Z</time>
        <extensions>
          <ns3:TrackPointExtension>
            <ns3:hr>149</ns3:hr>
            <ns3:cad>98</ns3:cad>
          </ns3:TrackPointExtension>
        </extensions>
      </trkpt>
      <trkpt lat="34.2413426376879215240478515625" lon="108.9636185579001903533935546875">
        <ele>420.399993896484375</ele>
        <time>2026-03-21T08:40:24.000Z</time>
        <extensions>
          <ns3:TrackPointExtension>
            <ns3:hr>149</ns3:hr>
            <ns3:cad>98</ns3:cad>
          </ns3:TrackPointExtension>
        </extensions>
      </trkpt>
      <trkpt lat="34.24136233516037464141845703125" lon="108.96359534002840518951416015625">
        <ele>420.399993896484375</ele>
        <time>2026-03-21T08:40:25.000Z</time>
        <extensions>
          <ns3:TrackPointExtension>
            <ns3:hr>149</ns3:hr>
            <ns3:cad>98</ns3:cad>
          </ns3:TrackPointExtension>
        </extensions>
      </trkpt>
      <trkpt lat="34.24138178117573261260986328125" lon="108.96356709301471710205078125">
        <ele>420.399993896484375</ele>
        <time>2026-03-21T08:40:26.000Z</time>
        <extensions>
          <ns3:TrackPointExtension>
            <ns3:hr>150</ns3:hr>
            <ns3:cad>98</ns3:cad>
          </ns3:TrackPointExtension>
        </extensions>
      </trkpt>
      <trkpt lat="34.2413981258869171142578125" lon="108.96354236640036106109619140625">
        <ele>420.399993896484375</ele>
        <time>2026-03-21T08:40:27.000Z</time>
        <extensions>
          <ns3:TrackPointExtension>
            <ns3:hr>149</ns3:hr>
            <ns3:cad>98</ns3:cad>
          </ns3:TrackPointExtension>
        </extensions>
      </trkpt>
      <trkpt lat="34.24140877090394496917724609375" lon="108.96351168863475322723388671875">
        <ele>420.399993896484375</ele>
        <time>2026-03-21T08:40:28.000Z</time>
        <extensions>
          <ns3:TrackPointExtension>
            <ns3:hr>149</ns3:hr>
            <ns3:cad>98</ns3:cad>
          </ns3:TrackPointExtension>
        </extensions>
      </trkpt>
      <trkpt lat="34.24142117612063884735107421875" lon="108.96348000504076480865478515625">
        <ele>420.399993896484375</ele>
        <time>2026-03-21T08:40:29.000Z</time>
        <extensions>
          <ns3:TrackPointExtension>
            <ns3:hr>149</ns3:hr>
            <ns3:cad>98</ns3:cad>
          </ns3:TrackPointExtension>
        </extensions>
      </trkpt>
      <trkpt lat="34.2414311505854129791259765625" lon="108.9634539373219013214111328125">
        <ele>420.399993896484375</ele>
        <time>2026-03-21T08:40:30.000Z</time>
        <extensions>
          <ns3:TrackPointExtension>
            <ns3:hr>149</ns3:hr>
            <ns3:cad>98</ns3:cad>
          </ns3:TrackPointExtension>
        </extensions>
      </trkpt>
      <trkpt lat="34.2414391972124576568603515625" lon="108.96341462619602680206298828125">
        <ele>420.399993896484375</ele>
        <time>2026-03-21T08:40:31.000Z</time>
        <extensions>
          <ns3:TrackPointExtension>
            <ns3:hr>148</ns3:hr>
            <ns3:cad>98</ns3:cad>
          </ns3:TrackPointExtension>
        </extensions>
      </trkpt>
      <trkpt lat="34.2414482496678829193115234375" lon="108.96338545717298984527587890625">
        <ele>420.399993896484375</ele>
        <time>2026-03-21T08:40:32.000Z</time>
        <extensions>
          <ns3:TrackPointExtension>
            <ns3:hr>148</ns3:hr>
            <ns3:cad>98</ns3:cad>
          </ns3:TrackPointExtension>
        </extensions>
      </trkpt>
      <trkpt lat="34.241452775895595550537109375" lon="108.96335109136998653411865234375">
        <ele>420.399993896484375</ele>
        <time>2026-03-21T08:40:33.000Z</time>
        <extensions>
          <ns3:TrackPointExtension>
            <ns3:hr>148</ns3:hr>
            <ns3:cad>98</ns3:cad>
          </ns3:TrackPointExtension>
        </extensions>
      </trkpt>
      <trkpt lat="34.2414557933807373046875" lon="108.963317312300205230712890625">
        <ele>420.600006103515625</ele>
        <time>2026-03-21T08:40:34.000Z</time>
        <extensions>
          <ns3:TrackPointExtension>
            <ns3:hr>148</ns3:hr>
            <ns3:cad>98</ns3:cad>
          </ns3:TrackPointExtension>
        </extensions>
      </trkpt>
      <trkpt lat="34.2414579726755619049072265625" lon="108.9632914960384368896484375">
        <ele>420.600006103515625</ele>
        <time>2026-03-21T08:40:35.000Z</time>
        <extensions>
          <ns3:TrackPointExtension>
            <ns3:hr>149</ns3:hr>
            <ns3:cad>98</ns3:cad>
          </ns3:TrackPointExtension>
        </extensions>
      </trkpt>
      <trkpt lat="34.24145487137138843536376953125" lon="108.963258974254131317138671875">
        <ele>420.600006103515625</ele>
        <time>2026-03-21T08:40:36.000Z</time>
        <extensions>
          <ns3:TrackPointExtension>
            <ns3:hr>148</ns3:hr>
            <ns3:cad>99</ns3:cad>
          </ns3:TrackPointExtension>
        </extensions>
      </trkpt>
      <trkpt lat="34.241452105343341827392578125" lon="108.96321832202374935150146484375">
        <ele>420.600006103515625</ele>
        <time>2026-03-21T08:40:37.000Z</time>
        <extensions>
          <ns3:TrackPointExtension>
            <ns3:hr>149</ns3:hr>
            <ns3:cad>99</ns3:cad>
          </ns3:TrackPointExtension>
        </extensions>
      </trkpt>
      <trkpt lat="34.24145118333399295806884765625" lon="108.96318680606782436370849609375">
        <ele>420.79998779296875</ele>
        <time>2026-03-21T08:40:38.000Z</time>
        <extensions>
          <ns3:TrackPointExtension>
            <ns3:hr>149</ns3:hr>
            <ns3:cad>99</ns3:cad>
          </ns3:TrackPointExtension>
        </extensions>
      </trkpt>
      <trkpt lat="34.24144196324050426483154296875" lon="108.96314774639904499053955078125">
        <ele>420.79998779296875</ele>
        <time>2026-03-21T08:40:39.000Z</time>
        <extensions>
          <ns3:TrackPointExtension>
            <ns3:hr>148</ns3:hr>
            <ns3:cad>99</ns3:cad>
          </ns3:TrackPointExtension>
        </extensions>
      </trkpt>
      <trkpt lat="34.24143190495669841766357421875" lon="108.9631153084337711334228515625">
        <ele>420.79998779296875</ele>
        <time>2026-03-21T08:40:40.000Z</time>
        <extensions>
          <ns3:TrackPointExtension>
            <ns3:hr>148</ns3:hr>
            <ns3:cad>99</ns3:cad>
          </ns3:TrackPointExtension>
        </extensions>
      </trkpt>
      <trkpt lat="34.2414231039583683013916015625" lon="108.9630903303623199462890625">
        <ele>421</ele>
        <time>2026-03-21T08:40:41.000Z</time>
        <extensions>
          <ns3:TrackPointExtension>
            <ns3:hr>148</ns3:hr>
            <ns3:cad>99</ns3:cad>
          </ns3:TrackPointExtension>
        </extensions>
      </trkpt>
      <trkpt lat="34.241407848894596099853515625" lon="108.9630616642534732818603515625">
        <ele>421</ele>
        <time>2026-03-21T08:40:42.000Z</time>
        <extensions>
          <ns3:TrackPointExtension>
            <ns3:hr>149</ns3:hr>
            <ns3:cad>99</ns3:cad>
          </ns3:TrackPointExtension>
        </extensions>
      </trkpt>
      <trkpt lat="34.24139183945953845977783203125" lon="108.96303291432559490203857421875">
        <ele>420.79998779296875</ele>
        <time>2026-03-21T08:40:43.000Z</time>
        <extensions>
          <ns3:TrackPointExtension>
            <ns3:hr>148</ns3:hr>
            <ns3:cad>99</ns3:cad>
          </ns3:TrackPointExtension>
        </extensions>
      </trkpt>
      <trkpt lat="34.2413791827857494354248046875" lon="108.96300575695931911468505859375">
        <ele>420.79998779296875</ele>
        <time>2026-03-21T08:40:44.000Z</time>
        <extensions>
          <ns3:TrackPointExtension>
            <ns3:hr>149</ns3:hr>
            <ns3:cad>99</ns3:cad>
          </ns3:TrackPointExtension>
        </extensions>
      </trkpt>
      <trkpt lat="34.24136116169393062591552734375" lon="108.9629768393933773040771484375">
        <ele>420.79998779296875</ele>
        <time>2026-03-21T08:40:45.000Z</time>
        <extensions>
          <ns3:TrackPointExtension>
            <ns3:hr>149</ns3:hr>
            <ns3:cad>99</ns3:cad>
          </ns3:TrackPointExtension>
        </extensions>
      </trkpt>
      <trkpt lat="34.24134439788758754730224609375" lon="108.96295445971190929412841796875">
        <ele>420.79998779296875</ele>
        <time>2026-03-21T08:40:46.000Z</time>
        <extensions>
          <ns3:TrackPointExtension>
            <ns3:hr>149</ns3:hr>
            <ns3:cad>99</ns3:cad>
          </ns3:TrackPointExtension>
        </extensions>
      </trkpt>
      <trkpt lat="34.24132629297673702239990234375" lon="108.96293266676366329193115234375">
        <ele>420.79998779296875</ele>
        <time>2026-03-21T08:40:47.000Z</time>
        <extensions>
          <ns3:TrackPointExtension>
            <ns3:hr>148</ns3:hr>
            <ns3:cad>99</ns3:cad>
          </ns3:TrackPointExtension>
        </extensions>
      </trkpt>
      <trkpt lat="34.241301901638507843017578125" lon="108.9629084430634975433349609375">
        <ele>420.79998779296875</ele>
        <time>2026-03-21T08:40:48.000Z</time>
        <extensions>
          <ns3:TrackPointExtension>
            <ns3:hr>149</ns3:hr>
            <ns3:cad>98</ns3:cad>
          </ns3:TrackPointExtension>
        </extensions>
      </trkpt>
      <trkpt lat="34.24128614366054534912109375" lon="108.96288841031491756439208984375">
        <ele>420.79998779296875</ele>
        <time>2026-03-21T08:40:49.000Z</time>
        <extensions>
          <ns3:TrackPointExtension>
            <ns3:hr>149</ns3:hr>
            <ns3:cad>98</ns3:cad>
          </ns3:TrackPointExtension>
        </extensions>
      </trkpt>
      <trkpt lat="34.2412631772458553314208984375" lon="108.9628688804805278778076171875">
        <ele>420.79998779296875</ele>
        <time>2026-03-21T08:40:50.000Z</time>
        <extensions>
          <ns3:TrackPointExtension>
            <ns3:hr>148</ns3:hr>
            <ns3:cad>97</ns3:cad>
          </ns3:TrackPointExtension>
        </extensions>
      </trkpt>
      <trkpt lat="34.24123962409794330596923828125" lon="108.96284767426550388336181640625">
        <ele>420.79998779296875</ele>
        <time>2026-03-21T08:40:51.000Z</time>
        <extensions>
          <ns3:TrackPointExtension>
            <ns3:hr>149</ns3:hr>
            <ns3:cad>97</ns3:cad>
          </ns3:TrackPointExtension>
        </extensions>
      </trkpt>
      <trkpt lat="34.2412202619016170501708984375" lon="108.96283258683979511260986328125">
        <ele>420.79998779296875</ele>
        <time>2026-03-21T08:40:52.000Z</time>
        <extensions>
          <ns3:TrackPointExtension>
            <ns3:hr>149</ns3:hr>
            <ns3:cad>97</ns3:cad>
          </ns3:TrackPointExtension>
        </extensions>
      </trkpt>
      <trkpt lat="34.2411914281547069549560546875" lon="108.9628199301660060882568359375">
        <ele>420.79998779296875</ele>
        <time>2026-03-21T08:40:53.000Z</time>
        <extensions>
          <ns3:TrackPointExtension>
            <ns3:hr>148</ns3:hr>
            <ns3:cad>97</ns3:cad>
          </ns3:TrackPointExtension>
        </extensions>
      </trkpt>
      <trkpt lat="34.24116435460746288299560546875" lon="108.9628061838448047637939453125">
        <ele>420.79998779296875</ele>
        <time>2026-03-21T08:40:54.000Z</time>
        <extensions>
          <ns3:TrackPointExtension>
            <ns3:hr>149</ns3:hr>
            <ns3:cad>97</ns3:cad>
          </ns3:TrackPointExtension>
        </extensions>
      </trkpt>
      <trkpt lat="34.24114222638309001922607421875" lon="108.9627974666655063629150390625">
        <ele>420.600006103515625</ele>
        <time>2026-03-21T08:40:55.000Z</time>
        <extensions>
          <ns3:TrackPointExtension>
            <ns3:hr>149</ns3:hr>
            <ns3:cad>97</ns3:cad>
          </ns3:TrackPointExtension>
        </extensions>
      </trkpt>
      <trkpt lat="34.24111288972198963165283203125" lon="108.96279285661876201629638671875">
        <ele>420.600006103515625</ele>
        <time>2026-03-21T08:40:56.000Z</time>
        <extensions>
          <ns3:TrackPointExtension>
            <ns3:hr>149</ns3:hr>
            <ns3:cad>97</ns3:cad>
          </ns3:TrackPointExtension>
        </extensions>
      </trkpt>
      <trkpt lat="34.241087995469570159912109375" lon="108.9627877436578273773193359375">
        <ele>420.600006103515625</ele>
        <time>2026-03-21T08:40:57.000Z</time>
        <extensions>
          <ns3:TrackPointExtension>
            <ns3:hr>149</ns3:hr>
            <ns3:cad>98</ns3:cad>
          </ns3:TrackPointExtension>
        </extensions>
      </trkpt>
      <trkpt lat="34.24106410704553127288818359375" lon="108.96278120577335357666015625">
        <ele>420.600006103515625</ele>
        <time>2026-03-21T08:40:58.000Z</time>
        <extensions>
          <ns3:TrackPointExtension>
            <ns3:hr>149</ns3:hr>
            <ns3:cad>98</ns3:cad>
          </ns3:TrackPointExtension>
        </extensions>
      </trkpt>
      <trkpt lat="34.24103711731731891632080078125" lon="108.962780870497226715087890625">
        <ele>420.600006103515625</ele>
        <time>2026-03-21T08:40:59.000Z</time>
        <extensions>
          <ns3:TrackPointExtension>
            <ns3:hr>150</ns3:hr>
            <ns3:cad>98</ns3:cad>
          </ns3:TrackPointExtension>
        </extensions>
      </trkpt>
      <trkpt lat="34.2410137318074703216552734375" lon="108.96277827210724353790283203125">
        <ele>420.600006103515625</ele>
        <time>2026-03-21T08:41:00.000Z</time>
        <extensions>
          <ns3:TrackPointExtension>
            <ns3:hr>150</ns3:hr>
            <ns3:cad>99</ns3:cad>
          </ns3:TrackPointExtension>
        </extensions>
      </trkpt>
      <trkpt lat="34.240988753736019134521484375" lon="108.9627778530120849609375">
        <ele>420.600006103515625</ele>
        <time>2026-03-21T08:41:01.000Z</time>
        <extensions>
          <ns3:TrackPointExtension>
            <ns3:hr>150</ns3:hr>
            <ns3:cad>99</ns3:cad>
          </ns3:TrackPointExtension>
        </extensions>
      </trkpt>
      <trkpt lat="34.24096025526523590087890625" lon="108.96278078667819499969482421875">
        <ele>420.600006103515625</ele>
        <time>2026-03-21T08:41:02.000Z</time>
        <extensions>
          <ns3:TrackPointExtension>
            <ns3:hr>150</ns3:hr>
            <ns3:cad>99</ns3:cad>
          </ns3:TrackPointExtension>
        </extensions>
      </trkpt>
      <trkpt lat="34.2409372888505458831787109375" lon="108.96277911029756069183349609375">
        <ele>420.600006103515625</ele>
        <time>2026-03-21T08:41:03.000Z</time>
        <extensions>
          <ns3:TrackPointExtension>
            <ns3:hr>150</ns3:hr>
            <ns3:cad>99</ns3:cad>
          </ns3:TrackPointExtension>
        </extensions>
      </trkpt>
      <trkpt lat="34.24091239459812641143798828125" lon="108.96277810446918010711669921875">
        <ele>420.600006103515625</ele>
        <time>2026-03-21T08:41:04.000Z</time>
        <extensions>
          <ns3:TrackPointExtension>
            <ns3:hr>150</ns3:hr>
            <ns3:cad>99</ns3:cad>
          </ns3:TrackPointExtension>
        </extensions>
      </trkpt>
      <trkpt lat="34.2408839799463748931884765625" lon="108.9627800323069095611572265625">
        <ele>420.600006103515625</ele>
        <time>2026-03-21T08:41:05.000Z</time>
        <extensions>
          <ns3:TrackPointExtension>
            <ns3:hr>150</ns3:hr>
            <ns3:cad>99</ns3:cad>
          </ns3:TrackPointExtension>
        </extensions>
      </trkpt>
      <trkpt lat="34.24086126498878002166748046875" lon="108.9627778530120849609375">
        <ele>420.600006103515625</ele>
        <time>2026-03-21T08:41:06.000Z</time>
        <extensions>
          <ns3:TrackPointExtension>
            <ns3:hr>150</ns3:hr>
            <ns3:cad>99</ns3:cad>
          </ns3:TrackPointExtension>
        </extensions>
      </trkpt>
      <trkpt lat="34.24083477817475795745849609375" lon="108.96277743391692638397216796875">
        <ele>420.79998779296875</ele>
        <time>2026-03-21T08:41:07.000Z</time>
        <extensions>
          <ns3:TrackPointExtension>
            <ns3:hr>151</ns3:hr>
            <ns3:cad>99</ns3:cad>
          </ns3:TrackPointExtension>
        </extensions>
      </trkpt>
      <trkpt lat="34.2408045195043087005615234375" lon="108.96278112195432186126708984375">
        <ele>420.79998779296875</ele>
        <time>2026-03-21T08:41:08.000Z</time>
        <extensions>
          <ns3:TrackPointExtension>
            <ns3:hr>150</ns3:hr>
            <ns3:cad>99</ns3:cad>
          </ns3:TrackPointExtension>
        </extensions>
      </trkpt>
      <trkpt lat="34.24077945761382579803466796875" lon="108.96277760155498981475830078125">
        <ele>420.79998779296875</ele>
        <time>2026-03-21T08:41:09.000Z</time>
        <extensions>
          <ns3:TrackPointExtension>
            <ns3:hr>150</ns3:hr>
            <ns3:cad>99</ns3:cad>
          </ns3:TrackPointExtension>
        </extensions>
      </trkpt>
      <trkpt lat="34.2407502047717571258544921875" lon="108.96277986466884613037109375">
        <ele>421</ele>
        <time>2026-03-21T08:41:10.000Z</time>
        <extensions>
          <ns3:TrackPointExtension>
            <ns3:hr>150</ns3:hr>
            <ns3:cad>99</ns3:cad>
          </ns3:TrackPointExtension>
        </extensions>
      </trkpt>
      <trkpt lat="34.24072086811065673828125" lon="108.96277852356433868408203125">
        <ele>421</ele>
        <time>2026-03-21T08:41:11.000Z</time>
        <extensions>
          <ns3:TrackPointExtension>
            <ns3:hr>150</ns3:hr>
            <ns3:cad>99</ns3:cad>
          </ns3:TrackPointExtension>
        </extensions>
      </trkpt>
      <trkpt lat="34.2406935431063175201416015625" lon="108.96277491934597492218017578125">
        <ele>421</ele>
        <time>2026-03-21T08:41:12.000Z</time>
        <extensions>
          <ns3:TrackPointExtension>
            <ns3:hr>150</ns3:hr>
            <ns3:cad>99</ns3:cad>
          </ns3:TrackPointExtension>
        </extensions>
      </trkpt>
      <trkpt lat="34.24066361971199512481689453125" lon="108.9627786912024021148681640625">
        <ele>421</ele>
        <time>2026-03-21T08:41:13.000Z</time>
        <extensions>
          <ns3:TrackPointExtension>
            <ns3:hr>150</ns3:hr>
            <ns3:cad>99</ns3:cad>
          </ns3:TrackPointExtension>
        </extensions>
      </trkpt>
      <trkpt lat="34.24063302576541900634765625" lon="108.9627760089933872222900390625">
        <ele>420.79998779296875</ele>
        <time>2026-03-21T08:41:14.000Z</time>
        <extensions>
          <ns3:TrackPointExtension>
            <ns3:hr>150</ns3:hr>
            <ns3:cad>99</ns3:cad>
          </ns3:TrackPointExtension>
        </extensions>
      </trkpt>
      <trkpt lat="34.2406097240746021270751953125" lon="108.96277341060340404510498046875">
        <ele>420.79998779296875</ele>
        <time>2026-03-21T08:41:15.000Z</time>
        <extensions>
          <ns3:TrackPointExtension>
            <ns3:hr>150</ns3:hr>
            <ns3:cad>99</ns3:cad>
          </ns3:TrackPointExtension>
        </extensions>
      </trkpt>
      <trkpt lat="34.240579716861248016357421875" lon="108.9627796970307826995849609375">
        <ele>420.600006103515625</ele>
        <time>2026-03-21T08:41:16.000Z</time>
        <extensions>
          <ns3:TrackPointExtension>
            <ns3:hr>151</ns3:hr>
            <ns3:cad>100</ns3:cad>
          </ns3:TrackPointExtension>
        </extensions>
      </trkpt>
      <trkpt lat="34.24055264331400394439697265625" lon="108.96277978084981441497802734375">
        <ele>420.600006103515625</ele>
        <time>2026-03-21T08:41:17.000Z</time>
        <extensions>
          <ns3:TrackPointExtension>
            <ns3:hr>150</ns3:hr>
            <ns3:cad>100</ns3:cad>
          </ns3:TrackPointExtension>
        </extensions>
      </trkpt>
      <trkpt lat="34.24052850343286991119384765625" lon="108.962780199944972991943359375">
        <ele>420.600006103515625</ele>
        <time>2026-03-21T08:41:18.000Z</time>
        <extensions>
          <ns3:TrackPointExtension>
            <ns3:hr>150</ns3:hr>
            <ns3:cad>100</ns3:cad>
          </ns3:TrackPointExtension>
        </extensions>
      </trkpt>
      <trkpt lat="34.2404994182288646697998046875" lon="108.962780870497226715087890625">
        <ele>420.600006103515625</ele>
        <time>2026-03-21T08:41:19.000Z</time>
        <extensions>
          <ns3:TrackPointExtension>
            <ns3:hr>150</ns3:hr>
            <ns3:cad>100</ns3:cad>
          </ns3:TrackPointExtension>
        </extensions>
      </trkpt>
      <trkpt lat="34.24047569744288921356201171875" lon="108.9627800323069095611572265625">
        <ele>420.79998779296875</ele>
        <time>2026-03-21T08:41:20.000Z</time>
        <extensions>
          <ns3:TrackPointExtension>
            <ns3:hr>150</ns3:hr>
            <ns3:cad>100</ns3:cad>
          </ns3:TrackPointExtension>
        </extensions>
      </trkpt>
      <trkpt lat="34.24045206047594547271728515625" lon="108.962775506079196929931640625">
        <ele>420.79998779296875</ele>
        <time>2026-03-21T08:41:21.000Z</time>
        <extensions>
          <ns3:TrackPointExtension>
            <ns3:hr>150</ns3:hr>
            <ns3:cad>100</ns3:cad>
          </ns3:TrackPointExtension>
        </extensions>
      </trkpt>
      <trkpt lat="34.2404249869287014007568359375" lon="108.96277911029756069183349609375">
        <ele>420.79998779296875</ele>
        <time>2026-03-21T08:41:22.000Z</time>
        <extensions>
          <ns3:TrackPointExtension>
            <ns3:hr>150</ns3:hr>
            <ns3:cad>99</ns3:cad>
          </ns3:TrackPointExtension>
        </extensions>
      </trkpt>
      <trkpt lat="34.240400679409503936767578125" lon="108.962778858840465545654296875">
        <ele>420.79998779296875</ele>
        <time>2026-03-21T08:41:23.000Z</time>
        <extensions>
          <ns3:TrackPointExtension>
            <ns3:hr>150</ns3:hr>
            <ns3:cad>98</ns3:cad>
          </ns3:TrackPointExtension>
        </extensions>
      </trkpt>
      <trkpt lat="34.240376539528369903564453125" lon="108.9627763442695140838623046875">
        <ele>420.79998779296875</ele>
        <time>2026-03-21T08:41:24.000Z</time>
        <extensions>
          <ns3:TrackPointExtension>
            <ns3:hr>150</ns3:hr>
            <ns3:cad>98</ns3:cad>
          </ns3:TrackPointExtension>
        </extensions>
      </trkpt>
      <trkpt lat="34.240349046885967254638671875" lon="108.9627776853740215301513671875">
        <ele>420.79998779296875</ele>
        <time>2026-03-21T08:41:25.000Z</time>
        <extensions>
          <ns3:TrackPointExtension>
            <ns3:hr>150</ns3:hr>
            <ns3:cad>98</ns3:cad>
          </ns3:TrackPointExtension>
        </extensions>
      </trkpt>
      <trkpt lat="34.2403254099190235137939453125" lon="108.96277558989822864532470703125">
        <ele>420.79998779296875</ele>
        <time>2026-03-21T08:41:26.000Z</time>
        <extensions>
          <ns3:TrackPointExtension>
            <ns3:hr>150</ns3:hr>
            <ns3:cad>97</ns3:cad>
          </ns3:TrackPointExtension>
        </extensions>
      </trkpt>
      <trkpt lat="34.2402995936572551727294921875" lon="108.96277056075632572174072265625">
        <ele>420.79998779296875</ele>
        <time>2026-03-21T08:41:27.000Z</time>
        <extensions>
          <ns3:TrackPointExtension>
            <ns3:hr>150</ns3:hr>
            <ns3:cad>97</ns3:cad>
          </ns3:TrackPointExtension>
        </extensions>
      </trkpt>
      <trkpt lat="34.24027067609131336212158203125" lon="108.962772823870182037353515625">
        <ele>420.79998779296875</ele>
        <time>2026-03-21T08:41:28.000Z</time>
        <extensions>
          <ns3:TrackPointExtension>
            <ns3:hr>150</ns3:hr>
            <ns3:cad>97</ns3:cad>
          </ns3:TrackPointExtension>
        </extensions>
      </trkpt>
      <trkpt lat="34.24024586565792560577392578125" lon="108.9627756737172603607177734375">
        <ele>420.79998779296875</ele>
        <time>2026-03-21T08:41:29.000Z</time>
        <extensions>
          <ns3:TrackPointExtension>
            <ns3:hr>150</ns3:hr>
            <ns3:cad>97</ns3:cad>
          </ns3:TrackPointExtension>
        </extensions>
      </trkpt>
      <trkpt lat="34.2402194626629352569580078125" lon="108.96278925240039825439453125">
        <ele>420.79998779296875</ele>
        <time>2026-03-21T08:41:30.000Z</time>
        <extensions>
          <ns3:TrackPointExtension>
            <ns3:hr>150</ns3:hr>
            <ns3:cad>99</ns3:cad>
          </ns3:TrackPointExtension>
        </extensions>
      </trkpt>
      <trkpt lat="34.24019046127796173095703125" lon="108.9628018252551555633544921875">
        <ele>420.79998779296875</ele>
        <time>2026-03-21T08:41:31.000Z</time>
        <extensions>
          <ns3:TrackPointExtension>
            <ns3:hr>150</ns3:hr>
            <ns3:cad>99</ns3:cad>
          </ns3:TrackPointExtension>
        </extensions>
      </trkpt>
      <trkpt lat="34.2401661537587642669677734375" lon="108.96281163208186626434326171875">
        <ele>421</ele>
        <time>2026-03-21T08:41:32.000Z</time>
        <extensions>
          <ns3:TrackPointExtension>
            <ns3:hr>150</ns3:hr>
            <ns3:cad>99</ns3:cad>
          </ns3:TrackPointExtension>
        </extensions>
      </trkpt>
      <trkpt lat="34.24013908021152019500732421875" lon="108.96282906644046306610107421875">
        <ele>421</ele>
        <time>2026-03-21T08:41:33.000Z</time>
        <extensions>
          <ns3:TrackPointExtension>
            <ns3:hr>150</ns3:hr>
            <ns3:cad>99</ns3:cad>
          </ns3:TrackPointExtension>
        </extensions>
      </trkpt>
      <trkpt lat="34.24011276103556156158447265625" lon="108.9628497697412967681884765625">
        <ele>421</ele>
        <time>2026-03-21T08:41:34.000Z</time>
        <extensions>
          <ns3:TrackPointExtension>
            <ns3:hr>150</ns3:hr>
            <ns3:cad>99</ns3:cad>
          </ns3:TrackPointExtension>
        </extensions>
      </trkpt>
      <trkpt lat="34.24008979462087154388427734375" lon="108.9628623425960540771484375">
        <ele>421</ele>
        <time>2026-03-21T08:41:35.000Z</time>
        <extensions>
          <ns3:TrackPointExtension>
            <ns3:hr>150</ns3:hr>
            <ns3:cad>99</ns3:cad>
          </ns3:TrackPointExtension>
        </extensions>
      </trkpt>
      <trkpt lat="34.24006640911102294921875" lon="108.962886817753314971923828125">
        <ele>421</ele>
        <time>2026-03-21T08:41:36.000Z</time>
        <extensions>
          <ns3:TrackPointExtension>
            <ns3:hr>150</ns3:hr>
            <ns3:cad>99</ns3:cad>
          </ns3:TrackPointExtension>
        </extensions>
      </trkpt>
      <trkpt lat="34.240045286715030670166015625" lon="108.962908275425434112548828125">
        <ele>421</ele>
        <time>2026-03-21T08:41:37.000Z</time>
        <extensions>
          <ns3:TrackPointExtension>
            <ns3:hr>151</ns3:hr>
            <ns3:cad>99</ns3:cad>
          </ns3:TrackPointExtension>
        </extensions>
      </trkpt>
      <trkpt lat="34.2400260083377361297607421875" lon="108.9629265479743480682373046875">
        <ele>421</ele>
        <time>2026-03-21T08:41:38.000Z</time>
        <extensions>
          <ns3:TrackPointExtension>
            <ns3:hr>150</ns3:hr>
            <ns3:cad>99</ns3:cad>
          </ns3:TrackPointExtension>
        </extensions>
      </trkpt>
      <trkpt lat="34.24000538885593414306640625" lon="108.96295529790222644805908203125">
        <ele>420.79998779296875</ele>
        <time>2026-03-21T08:41:39.000Z</time>
        <extensions>
          <ns3:TrackPointExtension>
            <ns3:hr>150</ns3:hr>
            <ns3:cad>99</ns3:cad>
          </ns3:TrackPointExtension>
        </extensions>
      </trkpt>
      <trkpt lat="34.2399867810308933258056640625" lon="108.9629815332591533660888671875">
        <ele>420.79998779296875</ele>
        <time>2026-03-21T08:41:40.000Z</time>
        <extensions>
          <ns3:TrackPointExtension>
            <ns3:hr>151</ns3:hr>
            <ns3:cad>99</ns3:cad>
          </ns3:TrackPointExtension>
        </extensions>
      </trkpt>
      <trkpt lat="34.23997680656611919403076171875" lon="108.96300760097801685333251953125">
        <ele>421</ele>
        <time>2026-03-21T08:41:41.000Z</time>
        <extensions>
          <ns3:TrackPointExtension>
            <ns3:hr>151</ns3:hr>
            <ns3:cad>99</ns3:cad>
          </ns3:TrackPointExtension>
        </extensions>
      </trkpt>
      <trkpt lat="34.239967167377471923828125" lon="108.9630435593426227569580078125">
        <ele>421</ele>
        <time>2026-03-21T08:41:42.000Z</time>
        <extensions>
          <ns3:TrackPointExtension>
            <ns3:hr>151</ns3:hr>
            <ns3:cad>99</ns3:cad>
          </ns3:TrackPointExtension>
        </extensions>
      </trkpt>
      <trkpt lat="34.23995434306561946868896484375" lon="108.96307113580405712127685546875">
        <ele>421</ele>
        <time>2026-03-21T08:41:43.000Z</time>
        <extensions>
          <ns3:TrackPointExtension>
            <ns3:hr>151</ns3:hr>
            <ns3:cad>98</ns3:cad>
          </ns3:TrackPointExtension>
        </extensions>
      </trkpt>
      <trkpt lat="34.23994696699082851409912109375" lon="108.96310734562575817108154296875">
        <ele>421.20001220703125</ele>
        <time>2026-03-21T08:41:44.000Z</time>
        <extensions>
          <ns3:TrackPointExtension>
            <ns3:hr>151</ns3:hr>
            <ns3:cad>98</ns3:cad>
          </ns3:TrackPointExtension>
        </extensions>
      </trkpt>
      <trkpt lat="34.2399398423731327056884765625" lon="108.96314724348485469818115234375">
        <ele>421.20001220703125</ele>
        <time>2026-03-21T08:41:45.000Z</time>
        <extensions>
          <ns3:TrackPointExtension>
            <ns3:hr>151</ns3:hr>
            <ns3:cad>99</ns3:cad>
          </ns3:TrackPointExtension>
        </extensions>
      </trkpt>
      <trkpt lat="34.23993221484124660491943359375" lon="108.9631733112037181854248046875">
        <ele>421.20001220703125</ele>
        <time>2026-03-21T08:41:46.000Z</time>
        <extensions>
          <ns3:TrackPointExtension>
            <ns3:hr>151</ns3:hr>
            <ns3:cad>98</ns3:cad>
          </ns3:TrackPointExtension>
        </extensions>
      </trkpt>
      <trkpt lat="34.2399291135370731353759765625" lon="108.9632083475589752197265625">
        <ele>421.20001220703125</ele>
        <time>2026-03-21T08:41:47.000Z</time>
        <extensions>
          <ns3:TrackPointExtension>
            <ns3:hr>151</ns3:hr>
            <ns3:cad>98</ns3:cad>
          </ns3:TrackPointExtension>
        </extensions>
      </trkpt>
      <trkpt lat="34.23992735333740711212158203125" lon="108.96324296481907367706298828125">
        <ele>421.20001220703125</ele>
        <time>2026-03-21T08:41:48.000Z</time>
        <extensions>
          <ns3:TrackPointExtension>
            <ns3:hr>150</ns3:hr>
            <ns3:cad>98</ns3:cad>
          </ns3:TrackPointExtension>
        </extensions>
      </trkpt>
      <trkpt lat="34.2399247549474239349365234375" lon="108.963274396955966949462890625">
        <ele>421.20001220703125</ele>
        <time>2026-03-21T08:41:49.000Z</time>
        <extensions>
          <ns3:TrackPointExtension>
            <ns3:hr>150</ns3:hr>
            <ns3:cad>98</ns3:cad>
          </ns3:TrackPointExtension>
        </extensions>
      </trkpt>
      <trkpt lat="34.23992902971804141998291015625" lon="108.9633121155202388763427734375">
        <ele>421.20001220703125</ele>
        <time>2026-03-21T08:41:50.000Z</time>
        <extensions>
          <ns3:TrackPointExtension>
            <ns3:hr>150</ns3:hr>
            <ns3:cad>98</ns3:cad>
          </ns3:TrackPointExtension>
        </extensions>
      </trkpt>
      <trkpt lat="34.23993053846061229705810546875" lon="108.963343463838100433349609375">
        <ele>421.20001220703125</ele>
        <time>2026-03-21T08:41:51.000Z</time>
        <extensions>
          <ns3:TrackPointExtension>
            <ns3:hr>150</ns3:hr>
            <ns3:cad>98</ns3:cad>
          </ns3:TrackPointExtension>
        </extensions>
      </trkpt>
      <trkpt lat="34.23993431031703948974609375" lon="108.96337305195629596710205078125">
        <ele>421.20001220703125</ele>
        <time>2026-03-21T08:41:52.000Z</time>
        <extensions>
          <ns3:TrackPointExtension>
            <ns3:hr>150</ns3:hr>
            <ns3:cad>98</ns3:cad>
          </ns3:TrackPointExtension>
        </extensions>
      </trkpt>
      <trkpt lat="34.23994503915309906005859375" lon="108.9634096808731555938720703125">
        <ele>421.20001220703125</ele>
        <time>2026-03-21T08:41:53.000Z</time>
        <extensions>
          <ns3:TrackPointExtension>
            <ns3:hr>150</ns3:hr>
            <ns3:cad>98</ns3:cad>
          </ns3:TrackPointExtension>
        </extensions>
      </trkpt>
      <trkpt lat="34.239950738847255706787109375" lon="108.96343700587749481201171875">
        <ele>421.20001220703125</ele>
        <time>2026-03-21T08:41:54.000Z</time>
        <extensions>
          <ns3:TrackPointExtension>
            <ns3:hr>150</ns3:hr>
            <ns3:cad>98</ns3:cad>
          </ns3:TrackPointExtension>
        </extensions>
      </trkpt>
      <trkpt lat="34.23996121622622013092041015625" lon="108.96346508525311946868896484375">
        <ele>421.20001220703125</ele>
        <time>2026-03-21T08:41:55.000Z</time>
        <extensions>
          <ns3:TrackPointExtension>
            <ns3:hr>151</ns3:hr>
            <ns3:cad>98</ns3:cad>
          </ns3:TrackPointExtension>
        </extensions>
      </trkpt>
      <trkpt lat="34.23997563309967517852783203125" lon="108.96349408663809299468994140625">
        <ele>421.20001220703125</ele>
        <time>2026-03-21T08:41:56.000Z</time>
        <extensions>
          <ns3:TrackPointExtension>
            <ns3:hr>151</ns3:hr>
            <ns3:cad>98</ns3:cad>
          </ns3:TrackPointExtension>
        </extensions>
      </trkpt>
      <trkpt lat="34.2399847693741321563720703125" lon="108.96352015435695648193359375">
        <ele>421.20001220703125</ele>
        <time>2026-03-21T08:41:57.000Z</time>
        <extensions>
          <ns3:TrackPointExtension>
            <ns3:hr>150</ns3:hr>
            <ns3:cad>98</ns3:cad>
          </ns3:TrackPointExtension>
        </extensions>
      </trkpt>
      <trkpt lat="34.24000128172338008880615234375" lon="108.9635471440851688385009765625">
        <ele>421.20001220703125</ele>
        <time>2026-03-21T08:41:58.000Z</time>
        <extensions>
          <ns3:TrackPointExtension>
            <ns3:hr>150</ns3:hr>
            <ns3:cad>98</ns3:cad>
          </ns3:TrackPointExtension>
        </extensions>
      </trkpt>
      <trkpt lat="34.2400166206061840057373046875" lon="108.96357379853725433349609375">
        <ele>421.20001220703125</ele>
        <time>2026-03-21T08:41:59.000Z</time>
        <extensions>
          <ns3:TrackPointExtension>
            <ns3:hr>150</ns3:hr>
            <ns3:cad>97</ns3:cad>
          </ns3:TrackPointExtension>
        </extensions>
      </trkpt>
      <trkpt lat="34.24003045074641704559326171875" lon="108.963598273694515228271484375">
        <ele>421</ele>
        <time>2026-03-21T08:42:00.000Z</time>
        <extensions>
          <ns3:TrackPointExtension>
            <ns3:hr>151</ns3:hr>
            <ns3:cad>97</ns3:cad>
          </ns3:TrackPointExtension>
        </extensions>
      </trkpt>
      <trkpt lat="34.24005760811269283294677734375" lon="108.96362467668950557708740234375">
        <ele>421.20001220703125</ele>
        <time>2026-03-21T08:42:01.000Z</time>
        <extensions>
          <ns3:TrackPointExtension>
            <ns3:hr>151</ns3:hr>
            <ns3:cad>98</ns3:cad>
          </ns3:TrackPointExtension>
        </extensions>
      </trkpt>
      <trkpt lat="34.24007588066160678863525390625" lon="108.96364613436162471771240234375">
        <ele>421.20001220703125</ele>
        <time>2026-03-21T08:42:02.000Z</time>
        <extensions>
          <ns3:TrackPointExtension>
            <ns3:hr>151</ns3:hr>
            <ns3:cad>98</ns3:cad>
          </ns3:TrackPointExtension>
        </extensions>
      </trkpt>
      <trkpt lat="34.240098260343074798583984375" lon="108.96366977132856845855712890625">
        <ele>421.20001220703125</ele>
        <time>2026-03-21T08:42:03.000Z</time>
        <extensions>
          <ns3:TrackPointExtension>
            <ns3:hr>151</ns3:hr>
            <ns3:cad>97</ns3:cad>
          </ns3:TrackPointExtension>
        </extensions>
      </trkpt>
      <trkpt lat="34.24012315459549427032470703125" lon="108.96368904970586299896240234375">
        <ele>421.20001220703125</ele>
        <time>2026-03-21T08:42:04.000Z</time>
        <extensions>
          <ns3:TrackPointExtension>
            <ns3:hr>151</ns3:hr>
            <ns3:cad>97</ns3:cad>
          </ns3:TrackPointExtension>
        </extensions>
      </trkpt>
      <trkpt lat="34.24014092423021793365478515625" lon="108.9637072384357452392578125">
        <ele>421.20001220703125</ele>
        <time>2026-03-21T08:42:05.000Z</time>
        <extensions>
          <ns3:TrackPointExtension>
            <ns3:hr>151</ns3:hr>
            <ns3:cad>97</ns3:cad>
          </ns3:TrackPointExtension>
        </extensions>
      </trkpt>
      <trkpt lat="34.240168668329715728759765625" lon="108.96371729671955108642578125">
        <ele>421.20001220703125</ele>
        <time>2026-03-21T08:42:06.000Z</time>
        <extensions>
          <ns3:TrackPointExtension>
            <ns3:hr>152</ns3:hr>
            <ns3:cad>96</ns3:cad>
          </ns3:TrackPointExtension>
        </extensions>
      </trkpt>
      <trkpt lat="34.24019004218280315399169921875" lon="108.9637302048504352569580078125">
        <ele>421.20001220703125</ele>
        <time>2026-03-21T08:42:07.000Z</time>
        <extensions>
          <ns3:TrackPointExtension>
            <ns3:hr>151</ns3:hr>
            <ns3:cad>96</ns3:cad>
          </ns3:TrackPointExtension>
        </extensions>
      </trkpt>
      <trkpt lat="34.2402134276926517486572265625" lon="108.96373875439167022705078125">
        <ele>421.20001220703125</ele>
        <time>2026-03-21T08:42:08.000Z</time>
        <extensions>
          <ns3:TrackPointExtension>
            <ns3:hr>151</ns3:hr>
            <ns3:cad>97</ns3:cad>
          </ns3:TrackPointExtension>
        </extensions>
      </trkpt>
      <trkpt lat="34.24024670384824275970458984375" lon="108.96374571137130260467529296875">
        <ele>421</ele>
        <time>2026-03-21T08:42:09.000Z</time>
        <extensions>
          <ns3:TrackPointExtension>
            <ns3:hr>152</ns3:hr>
            <ns3:cad>97</ns3:cad>
          </ns3:TrackPointExtension>
        </extensions>
      </trkpt>
      <trkpt lat="34.240270592272281646728515625" lon="108.96375275216996669769287109375">
        <ele>421</ele>
        <time>2026-03-21T08:42:10.000Z</time>
        <extensions>
          <ns3:TrackPointExtension>
            <ns3:hr>152</ns3:hr>
            <ns3:cad>97</ns3:cad>
          </ns3:TrackPointExtension>
        </extensions>
      </trkpt>
      <trkpt lat="34.24029649235308170318603515625" lon="108.96375694312155246734619140625">
        <ele>421</ele>
        <time>2026-03-21T08:42:11.000Z</time>
        <extensions>
          <ns3:TrackPointExtension>
            <ns3:hr>151</ns3:hr>
            <ns3:cad>97</ns3:cad>
          </ns3:TrackPointExtension>
        </extensions>
      </trkpt>
      <trkpt lat="34.24032549373805522918701171875" lon="108.96375610493123531341552734375">
        <ele>421</ele>
        <time>2026-03-21T08:42:12.000Z</time>
        <extensions>
          <ns3:TrackPointExtension>
            <ns3:hr>151</ns3:hr>
            <ns3:cad>97</ns3:cad>
          </ns3:TrackPointExtension>
        </extensions>
      </trkpt>
      <trkpt lat="34.240355081856250762939453125" lon="108.96376063115894794464111328125">
        <ele>421</ele>
        <time>2026-03-21T08:42:13.000Z</time>
        <extensions>
          <ns3:TrackPointExtension>
            <ns3:hr>151</ns3:hr>
            <ns3:cad>98</ns3:cad>
          </ns3:TrackPointExtension>
        </extensions>
      </trkpt>
      <trkpt lat="34.2403867654502391815185546875" lon="108.96375861950218677520751953125">
        <ele>421</ele>
        <time>2026-03-21T08:42:14.000Z</time>
        <extensions>
          <ns3:TrackPointExtension>
            <ns3:hr>151</ns3:hr>
            <ns3:cad>98</ns3:cad>
          </ns3:TrackPointExtension>
        </extensions>
      </trkpt>
      <trkpt lat="34.24041534774005413055419921875" lon="108.9637563563883304595947265625">
        <ele>421</ele>
        <time>2026-03-21T08:42:15.000Z</time>
        <extensions>
          <ns3:TrackPointExtension>
            <ns3:hr>151</ns3:hr>
            <ns3:cad>98</ns3:cad>
          </ns3:TrackPointExtension>
        </extensions>
      </trkpt>
      <trkpt lat="34.2404432594776153564453125" lon="108.9637590385973453521728515625">
        <ele>421</ele>
        <time>2026-03-21T08:42:16.000Z</time>
        <extensions>
          <ns3:TrackPointExtension>
            <ns3:hr>152</ns3:hr>
            <ns3:cad>96</ns3:cad>
          </ns3:TrackPointExtension>
        </extensions>
      </trkpt>
      <trkpt lat="34.24047653563320636749267578125" lon="108.9637582004070281982421875">
        <ele>421</ele>
        <time>2026-03-21T08:42:17.000Z</time>
        <extensions>
          <ns3:TrackPointExtension>
            <ns3:hr>151</ns3:hr>
            <ns3:cad>96</ns3:cad>
          </ns3:TrackPointExtension>
        </extensions>
      </trkpt>
      <trkpt lat="34.240501932799816131591796875" lon="108.9637623913586139678955078125">
        <ele>421</ele>
        <time>2026-03-21T08:42:18.000Z</time>
        <extensions>
          <ns3:TrackPointExtension>
            <ns3:hr>151</ns3:hr>
            <ns3:cad>96</ns3:cad>
          </ns3:TrackPointExtension>
        </extensions>
      </trkpt>
      <trkpt lat="34.24052800051867961883544921875" lon="108.9637593738734722137451171875">
        <ele>421</ele>
        <time>2026-03-21T08:42:19.000Z</time>
        <extensions>
          <ns3:TrackPointExtension>
            <ns3:hr>152</ns3:hr>
            <ns3:cad>97</ns3:cad>
          </ns3:TrackPointExtension>
        </extensions>
      </trkpt>
      <trkpt lat="34.2405585944652557373046875" lon="108.96375258453190326690673828125">
        <ele>421</ele>
        <time>2026-03-21T08:42:20.000Z</time>
        <extensions>
          <ns3:TrackPointExtension>
            <ns3:hr>151</ns3:hr>
            <ns3:cad>97</ns3:cad>
          </ns3:TrackPointExtension>
        </extensions>
      </trkpt>
      <trkpt lat="34.2405798844993114471435546875" lon="108.96375744603574275970458984375">
        <ele>421</ele>
        <time>2026-03-21T08:42:21.000Z</time>
        <extensions>
          <ns3:TrackPointExtension>
            <ns3:hr>151</ns3:hr>
            <ns3:cad>97</ns3:cad>
          </ns3:TrackPointExtension>
        </extensions>
      </trkpt>
      <trkpt lat="34.24060695804655551910400390625" lon="108.96375350654125213623046875">
        <ele>421.20001220703125</ele>
        <time>2026-03-21T08:42:22.000Z</time>
        <extensions>
          <ns3:TrackPointExtension>
            <ns3:hr>152</ns3:hr>
            <ns3:cad>97</ns3:cad>
          </ns3:TrackPointExtension>
        </extensions>
      </trkpt>
      <trkpt lat="34.24063160084187984466552734375" lon="108.96375392563641071319580078125">
        <ele>421</ele>
        <time>2026-03-21T08:42:23.000Z</time>
        <extensions>
          <ns3:TrackPointExtension>
            <ns3:hr>151</ns3:hr>
            <ns3:cad>98</ns3:cad>
          </ns3:TrackPointExtension>
        </extensions>
      </trkpt>
      <trkpt lat="34.240658842027187347412109375" lon="108.96375174634158611297607421875">
        <ele>421</ele>
        <time>2026-03-21T08:42:24.000Z</time>
        <extensions>
          <ns3:TrackPointExtension>
            <ns3:hr>151</ns3:hr>
            <ns3:cad>98</ns3:cad>
          </ns3:TrackPointExtension>
        </extensions>
      </trkpt>
      <trkpt lat="34.2406873404979705810546875" lon="108.96374470554292201995849609375">
        <ele>421</ele>
        <time>2026-03-21T08:42:25.000Z</time>
        <extensions>
          <ns3:TrackPointExtension>
            <ns3:hr>152</ns3:hr>
            <ns3:cad>98</ns3:cad>
          </ns3:TrackPointExtension>
        </extensions>
      </trkpt>
      <trkpt lat="34.24071240238845348358154296875" lon="108.9637439511716365814208984375">
        <ele>421</ele>
        <time>2026-03-21T08:42:26.000Z</time>
        <extensions>
          <ns3:TrackPointExtension>
            <ns3:hr>151</ns3:hr>
            <ns3:cad>98</ns3:cad>
          </ns3:TrackPointExtension>
        </extensions>
      </trkpt>
      <trkpt lat="34.24074240960180759429931640625" lon="108.96373883821070194244384765625">
        <ele>421</ele>
        <time>2026-03-21T08:42:27.000Z</time>
        <extensions>
          <ns3:TrackPointExtension>
            <ns3:hr>151</ns3:hr>
            <ns3:cad>98</ns3:cad>
          </ns3:TrackPointExtension>
        </extensions>
      </trkpt>
      <trkpt lat="34.2407676391303539276123046875" lon="108.963737748563289642333984375">
        <ele>421</ele>
        <time>2026-03-21T08:42:28.000Z</time>
        <extensions>
          <ns3:TrackPointExtension>
            <ns3:hr>152</ns3:hr>
            <ns3:cad>98</ns3:cad>
          </ns3:TrackPointExtension>
        </extensions>
      </trkpt>
      <trkpt lat="34.24079270102083683013916015625" lon="108.96373741328716278076171875">
        <ele>421</ele>
        <time>2026-03-21T08:42:29.000Z</time>
        <extensions>
          <ns3:TrackPointExtension>
            <ns3:hr>151</ns3:hr>
            <ns3:cad>97</ns3:cad>
          </ns3:TrackPointExtension>
        </extensions>
      </trkpt>
      <trkpt lat="34.24082069657742977142333984375" lon="108.9637369103729724884033203125">
        <ele>421</ele>
        <time>2026-03-21T08:42:30.000Z</time>
        <extensions>
          <ns3:TrackPointExtension>
            <ns3:hr>151</ns3:hr>
            <ns3:cad>97</ns3:cad>
          </ns3:TrackPointExtension>
        </extensions>
      </trkpt>
      <trkpt lat="34.24084198661148548126220703125" lon="108.963741101324558258056640625">
        <ele>421</ele>
        <time>2026-03-21T08:42:31.000Z</time>
        <extensions>
          <ns3:TrackPointExtension>
            <ns3:hr>152</ns3:hr>
            <ns3:cad>97</ns3:cad>
          </ns3:TrackPointExtension>
        </extensions>
      </trkpt>
      <trkpt lat="34.24086947925388813018798828125" lon="108.96374545991420745849609375">
        <ele>421</ele>
        <time>2026-03-21T08:42:32.000Z</time>
        <extensions>
          <ns3:TrackPointExtension>
            <ns3:hr>151</ns3:hr>
            <ns3:cad>97</ns3:cad>
          </ns3:TrackPointExtension>
        </extensions>
      </trkpt>
      <trkpt lat="34.240898229181766510009765625" lon="108.96374520845711231231689453125">
        <ele>421</ele>
        <time>2026-03-21T08:42:33.000Z</time>
        <extensions>
          <ns3:TrackPointExtension>
            <ns3:hr>151</ns3:hr>
            <ns3:cad>97</ns3:cad>
          </ns3:TrackPointExtension>
        </extensions>
      </trkpt>
      <trkpt lat="34.2409215308725833892822265625" lon="108.96374889649450778961181640625">
        <ele>421</ele>
        <time>2026-03-21T08:42:34.000Z</time>
        <extensions>
          <ns3:TrackPointExtension>
            <ns3:hr>151</ns3:hr>
            <ns3:cad>97</ns3:cad>
          </ns3:TrackPointExtension>
        </extensions>
      </trkpt>
      <trkpt lat="34.24095128662884235382080078125" lon="108.96374604664742946624755859375">
        <ele>421</ele>
        <time>2026-03-21T08:42:35.000Z</time>
        <extensions>
          <ns3:TrackPointExtension>
            <ns3:hr>152</ns3:hr>
            <ns3:cad>97</ns3:cad>
          </ns3:TrackPointExtension>
        </extensions>
      </trkpt>
      <trkpt lat="34.24097609706223011016845703125" lon="108.963746130466461181640625">
        <ele>420.79998779296875</ele>
        <time>2026-03-21T08:42:36.000Z</time>
        <extensions>
          <ns3:TrackPointExtension>
            <ns3:hr>151</ns3:hr>
            <ns3:cad>98</ns3:cad>
          </ns3:TrackPointExtension>
        </extensions>
      </trkpt>
      <trkpt lat="34.24100107513368129730224609375" lon="108.96375157870352268218994140625">
        <ele>420.79998779296875</ele>
        <time>2026-03-21T08:42:37.000Z</time>
        <extensions>
          <ns3:TrackPointExtension>
            <ns3:hr>151</ns3:hr>
            <ns3:cad>98</ns3:cad>
          </ns3:TrackPointExtension>
        </extensions>
      </trkpt>
      <trkpt lat="34.2410306632518768310546875" lon="108.963752500712871551513671875">
        <ele>420.79998779296875</ele>
        <time>2026-03-21T08:42:38.000Z</time>
        <extensions>
          <ns3:TrackPointExtension>
            <ns3:hr>151</ns3:hr>
            <ns3:cad>98</ns3:cad>
          </ns3:TrackPointExtension>
        </extensions>
      </trkpt>
      <trkpt lat="34.2410566471517086029052734375" lon="108.96375711075961589813232421875">
        <ele>420.79998779296875</ele>
        <time>2026-03-21T08:42:39.000Z</time>
        <extensions>
          <ns3:TrackPointExtension>
            <ns3:hr>151</ns3:hr>
            <ns3:cad>98</ns3:cad>
          </ns3:TrackPointExtension>
        </extensions>
      </trkpt>
      <trkpt lat="34.24108589999377727508544921875" lon="108.963757865130901336669921875">
        <ele>420.79998779296875</ele>
        <time>2026-03-21T08:42:40.000Z</time>
        <extensions>
          <ns3:TrackPointExtension>
            <ns3:hr>150</ns3:hr>
            <ns3:cad>98</ns3:cad>
          </ns3:TrackPointExtension>
        </extensions>
      </trkpt>
      <trkpt lat="34.24111255444586277008056640625" lon="108.96375409327447414398193359375">
        <ele>420.79998779296875</ele>
        <time>2026-03-21T08:42:41.000Z</time>
        <extensions>
          <ns3:TrackPointExtension>
            <ns3:hr>150</ns3:hr>
            <ns3:cad>98</ns3:cad>
          </ns3:TrackPointExtension>
        </extensions>
      </trkpt>
      <trkpt lat="34.2411377839744091033935546875" lon="108.9637528359889984130859375">
        <ele>420.79998779296875</ele>
        <time>2026-03-21T08:42:42.000Z</time>
        <extensions>
          <ns3:TrackPointExtension>
            <ns3:hr>150</ns3:hr>
            <ns3:cad>98</ns3:cad>
          </ns3:TrackPointExtension>
        </extensions>
      </trkpt>
      <trkpt lat="34.241168461740016937255859375" lon="108.96374135278165340423583984375">
        <ele>420.79998779296875</ele>
        <time>2026-03-21T08:42:43.000Z</time>
        <extensions>
          <ns3:TrackPointExtension>
            <ns3:hr>150</ns3:hr>
            <ns3:cad>98</ns3:cad>
          </ns3:TrackPointExtension>
        </extensions>
      </trkpt>
      <trkpt lat="34.241195283830165863037109375" lon="108.963730372488498687744140625">
        <ele>420.79998779296875</ele>
        <time>2026-03-21T08:42:44.000Z</time>
        <extensions>
          <ns3:TrackPointExtension>
            <ns3:hr>150</ns3:hr>
            <ns3:cad>98</ns3:cad>
          </ns3:TrackPointExtension>
        </extensions>
      </trkpt>
      <trkpt lat="34.24121866934001445770263671875" lon="108.963722996413707733154296875">
        <ele>420.79998779296875</ele>
        <time>2026-03-21T08:42:45.000Z</time>
        <extensions>
          <ns3:TrackPointExtension>
            <ns3:hr>150</ns3:hr>
            <ns3:cad>97</ns3:cad>
          </ns3:TrackPointExtension>
        </extensions>
      </trkpt>
      <trkpt lat="34.2412477545440196990966796875" lon="108.9637060649693012237548828125">
        <ele>420.79998779296875</ele>
        <time>2026-03-21T08:42:46.000Z</time>
        <extensions>
          <ns3:TrackPointExtension>
            <ns3:hr>151</ns3:hr>
            <ns3:cad>97</ns3:cad>
          </ns3:TrackPointExtension>
        </extensions>
      </trkpt>
      <trkpt lat="34.241273067891597747802734375" lon="108.963694833219051361083984375">
        <ele>420.79998779296875</ele>
        <time>2026-03-21T08:42:47.000Z</time>
        <extensions>
          <ns3:TrackPointExtension>
            <ns3:hr>151</ns3:hr>
            <ns3:cad>97</ns3:cad>
          </ns3:TrackPointExtension>
        </extensions>
      </trkpt>
      <trkpt lat="34.24129729159176349639892578125" lon="108.96367882378399372100830078125">
        <ele>420.79998779296875</ele>
        <time>2026-03-21T08:42:48.000Z</time>
        <extensions>
          <ns3:TrackPointExtension>
            <ns3:hr>151</ns3:hr>
            <ns3:cad>97</ns3:cad>
          </ns3:TrackPointExtension>
        </extensions>
      </trkpt>
      <trkpt lat="34.24132394604384899139404296875" lon="108.96365828812122344970703125">
        <ele>420.79998779296875</ele>
        <time>2026-03-21T08:42:49.000Z</time>
        <extensions>
          <ns3:TrackPointExtension>
            <ns3:hr>151</ns3:hr>
            <ns3:cad>98</ns3:cad>
          </ns3:TrackPointExtension>
        </extensions>
      </trkpt>
      <trkpt lat="34.24134523607790470123291015625" lon="108.9636423625051975250244140625">
        <ele>420.79998779296875</ele>
        <time>2026-03-21T08:42:50.000Z</time>
        <extensions>
          <ns3:TrackPointExtension>
            <ns3:hr>151</ns3:hr>
            <ns3:cad>98</ns3:cad>
          </ns3:TrackPointExtension>
        </extensions>
      </trkpt>
      <trkpt lat="34.2413687892258167266845703125" lon="108.9636165462434291839599609375">
        <ele>420.79998779296875</ele>
        <time>2026-03-21T08:42:51.000Z</time>
        <extensions>
          <ns3:TrackPointExtension>
            <ns3:hr>152</ns3:hr>
            <ns3:cad>98</ns3:cad>
          </ns3:TrackPointExtension>
        </extensions>
      </trkpt>
      <trkpt lat="34.24138882197439670562744140625" lon="108.963595591485500335693359375">
        <ele>420.79998779296875</ele>
        <time>2026-03-21T08:42:52.000Z</time>
        <extensions>
          <ns3:TrackPointExtension>
            <ns3:hr>152</ns3:hr>
            <ns3:cad>98</ns3:cad>
          </ns3:TrackPointExtension>
        </extensions>
      </trkpt>
      <trkpt lat="34.2414073459804058074951171875" lon="108.96357270888984203338623046875">
        <ele>420.79998779296875</ele>
        <time>2026-03-21T08:42:53.000Z</time>
        <extensions>
          <ns3:TrackPointExtension>
            <ns3:hr>152</ns3:hr>
            <ns3:cad>98</ns3:cad>
          </ns3:TrackPointExtension>
        </extensions>
      </trkpt>
      <trkpt lat="34.24142402596771717071533203125" lon="108.9635454677045345306396484375">
        <ele>420.79998779296875</ele>
        <time>2026-03-21T08:42:54.000Z</time>
        <extensions>
          <ns3:TrackPointExtension>
            <ns3:hr>152</ns3:hr>
            <ns3:cad>98</ns3:cad>
          </ns3:TrackPointExtension>
        </extensions>
      </trkpt>
      <trkpt lat="34.24143970012664794921875" lon="108.9635169692337512969970703125">
        <ele>420.79998779296875</ele>
        <time>2026-03-21T08:42:55.000Z</time>
        <extensions>
          <ns3:TrackPointExtension>
            <ns3:hr>152</ns3:hr>
            <ns3:cad>98</ns3:cad>
          </ns3:TrackPointExtension>
        </extensions>
      </trkpt>
      <trkpt lat="34.24145353026688098907470703125" lon="108.96348520182073116302490234375">
        <ele>420.79998779296875</ele>
        <time>2026-03-21T08:42:56.000Z</time>
        <extensions>
          <ns3:TrackPointExtension>
            <ns3:hr>152</ns3:hr>
            <ns3:cad>98</ns3:cad>
          </ns3:TrackPointExtension>
        </extensions>
      </trkpt>
      <trkpt lat="34.24146090634167194366455078125" lon="108.9634509198367595672607421875">
        <ele>421</ele>
        <time>2026-03-21T08:42:57.000Z</time>
        <extensions>
          <ns3:TrackPointExtension>
            <ns3:hr>152</ns3:hr>
            <ns3:cad>98</ns3:cad>
          </ns3:TrackPointExtension>
        </extensions>
      </trkpt>
      <trkpt lat="34.24147297628223896026611328125" lon="108.96341730840504169464111328125">
        <ele>421</ele>
        <time>2026-03-21T08:42:58.000Z</time>
        <extensions>
          <ns3:TrackPointExtension>
            <ns3:hr>152</ns3:hr>
            <ns3:cad>100</ns3:cad>
          </ns3:TrackPointExtension>
        </extensions>
      </trkpt>
      <trkpt lat="34.24148471094667911529541015625" lon="108.9633875526487827301025390625">
        <ele>421</ele>
        <time>2026-03-21T08:42:59.000Z</time>
        <extensions>
          <ns3:TrackPointExtension>
            <ns3:hr>151</ns3:hr>
            <ns3:cad>100</ns3:cad>
          </ns3:TrackPointExtension>
        </extensions>
      </trkpt>
      <trkpt lat="34.2414874769747257232666015625" lon="108.9633530192077159881591796875">
        <ele>421</ele>
        <time>2026-03-21T08:43:00.000Z</time>
        <extensions>
          <ns3:TrackPointExtension>
            <ns3:hr>151</ns3:hr>
            <ns3:cad>100</ns3:cad>
          </ns3:TrackPointExtension>
        </extensions>
      </trkpt>
      <trkpt lat="34.24149074591696262359619140625" lon="108.96331789903342723846435546875">
        <ele>421</ele>
        <time>2026-03-21T08:43:01.000Z</time>
        <extensions>
          <ns3:TrackPointExtension>
            <ns3:hr>151</ns3:hr>
            <ns3:cad>100</ns3:cad>
          </ns3:TrackPointExtension>
        </extensions>
      </trkpt>
      <trkpt lat="34.24149074591696262359619140625" lon="108.96328520961105823516845703125">
        <ele>421</ele>
        <time>2026-03-21T08:43:02.000Z</time>
        <extensions>
          <ns3:TrackPointExtension>
            <ns3:hr>152</ns3:hr>
            <ns3:cad>100</ns3:cad>
          </ns3:TrackPointExtension>
        </extensions>
      </trkpt>
      <trkpt lat="34.24148823134601116180419921875" lon="108.963249586522579193115234375">
        <ele>421</ele>
        <time>2026-03-21T08:43:03.000Z</time>
        <extensions>
          <ns3:TrackPointExtension>
            <ns3:hr>151</ns3:hr>
            <ns3:cad>100</ns3:cad>
          </ns3:TrackPointExtension>
        </extensions>
      </trkpt>
      <trkpt lat="34.24148865044116973876953125" lon="108.96321597509086132049560546875">
        <ele>421</ele>
        <time>2026-03-21T08:43:04.000Z</time>
        <extensions>
          <ns3:TrackPointExtension>
            <ns3:hr>151</ns3:hr>
            <ns3:cad>100</ns3:cad>
          </ns3:TrackPointExtension>
        </extensions>
      </trkpt>
      <trkpt lat="34.241486303508281707763671875" lon="108.96318345330655574798583984375">
        <ele>421</ele>
        <time>2026-03-21T08:43:05.000Z</time>
        <extensions>
          <ns3:TrackPointExtension>
            <ns3:hr>152</ns3:hr>
            <ns3:cad>99</ns3:cad>
          </ns3:TrackPointExtension>
        </extensions>
      </trkpt>
      <trkpt lat="34.24147834070026874542236328125" lon="108.963149674236774444580078125">
        <ele>421</ele>
        <time>2026-03-21T08:43:06.000Z</time>
        <extensions>
          <ns3:TrackPointExtension>
            <ns3:hr>152</ns3:hr>
            <ns3:cad>99</ns3:cad>
          </ns3:TrackPointExtension>
        </extensions>
      </trkpt>
      <trkpt lat="34.24147264100611209869384765625" lon="108.96312008611857891082763671875">
        <ele>421</ele>
        <time>2026-03-21T08:43:07.000Z</time>
        <extensions>
          <ns3:TrackPointExtension>
            <ns3:hr>152</ns3:hr>
            <ns3:cad>99</ns3:cad>
          </ns3:TrackPointExtension>
        </extensions>
      </trkpt>
      <trkpt lat="34.24146316945552825927734375" lon="108.96309510804712772369384765625">
        <ele>421</ele>
        <time>2026-03-21T08:43:08.000Z</time>
        <extensions>
          <ns3:TrackPointExtension>
            <ns3:hr>151</ns3:hr>
            <ns3:cad>100</ns3:cad>
          </ns3:TrackPointExtension>
        </extensions>
      </trkpt>
      <trkpt lat="34.24145235680043697357177734375" lon="108.96306761540472507476806640625">
        <ele>421</ele>
        <time>2026-03-21T08:43:09.000Z</time>
        <extensions>
          <ns3:TrackPointExtension>
            <ns3:hr>152</ns3:hr>
            <ns3:cad>100</ns3:cad>
          </ns3:TrackPointExtension>
        </extensions>
      </trkpt>
      <trkpt lat="34.2414425499737262725830078125" lon="108.96303735673427581787109375">
        <ele>421</ele>
        <time>2026-03-21T08:43:10.000Z</time>
        <extensions>
          <ns3:TrackPointExtension>
            <ns3:hr>152</ns3:hr>
            <ns3:cad>99</ns3:cad>
          </ns3:TrackPointExtension>
        </extensions>
      </trkpt>
      <trkpt lat="34.24143366515636444091796875" lon="108.9630100317299365997314453125">
        <ele>420.79998779296875</ele>
        <time>2026-03-21T08:43:11.000Z</time>
        <extensions>
          <ns3:TrackPointExtension>
            <ns3:hr>151</ns3:hr>
            <ns3:cad>99</ns3:cad>
          </ns3:TrackPointExtension>
        </extensions>
      </trkpt>
      <trkpt lat="34.24141849391162395477294921875" lon="108.9629825390875339508056640625">
        <ele>420.79998779296875</ele>
        <time>2026-03-21T08:43:12.000Z</time>
        <extensions>
          <ns3:TrackPointExtension>
            <ns3:hr>151</ns3:hr>
            <ns3:cad>99</ns3:cad>
          </ns3:TrackPointExtension>
        </extensions>
      </trkpt>
      <trkpt lat="34.2414056695997714996337890625" lon="108.96295647136867046356201171875">
        <ele>420.79998779296875</ele>
        <time>2026-03-21T08:43:13.000Z</time>
        <extensions>
          <ns3:TrackPointExtension>
            <ns3:hr>151</ns3:hr>
            <ns3:cad>99</ns3:cad>
          </ns3:TrackPointExtension>
        </extensions>
      </trkpt>
      <trkpt lat="34.24138580448925495147705078125" lon="108.96292948164045810699462890625">
        <ele>420.79998779296875</ele>
        <time>2026-03-21T08:43:14.000Z</time>
        <extensions>
          <ns3:TrackPointExtension>
            <ns3:hr>152</ns3:hr>
            <ns3:cad>99</ns3:cad>
          </ns3:TrackPointExtension>
        </extensions>
      </trkpt>
      <trkpt lat="34.24136660993099212646484375" lon="108.962905593216419219970703125">
        <ele>420.79998779296875</ele>
        <time>2026-03-21T08:43:15.000Z</time>
        <extensions>
          <ns3:TrackPointExtension>
            <ns3:hr>151</ns3:hr>
            <ns3:cad>99</ns3:cad>
          </ns3:TrackPointExtension>
        </extensions>
      </trkpt>
      <trkpt lat="34.24135026521980762481689453125" lon="108.962878100574016571044921875">
        <ele>420.79998779296875</ele>
        <time>2026-03-21T08:43:16.000Z</time>
        <extensions>
          <ns3:TrackPointExtension>
            <ns3:hr>151</ns3:hr>
            <ns3:cad>100</ns3:cad>
          </ns3:TrackPointExtension>
        </extensions>
      </trkpt>
      <trkpt lat="34.2413282208144664764404296875" lon="108.962855972349643707275390625">
        <ele>420.79998779296875</ele>
        <time>2026-03-21T08:43:17.000Z</time>
        <extensions>
          <ns3:TrackPointExtension>
            <ns3:hr>152</ns3:hr>
            <ns3:cad>100</ns3:cad>
          </ns3:TrackPointExtension>
        </extensions>
      </trkpt>
      <trkpt lat="34.24130491912364959716796875" lon="108.96283728070557117462158203125">
        <ele>420.79998779296875</ele>
        <time>2026-03-21T08:43:18.000Z</time>
        <extensions>
          <ns3:TrackPointExtension>
            <ns3:hr>152</ns3:hr>
            <ns3:cad>100</ns3:cad>
          </ns3:TrackPointExtension>
        </extensions>
      </trkpt>
      <trkpt lat="34.2412836290895938873291015625" lon="108.9628162421286106109619140625">
        <ele>420.79998779296875</ele>
        <time>2026-03-21T08:43:19.000Z</time>
        <extensions>
          <ns3:TrackPointExtension>
            <ns3:hr>152</ns3:hr>
            <ns3:cad>100</ns3:cad>
          </ns3:TrackPointExtension>
        </extensions>
      </trkpt>
      <trkpt lat="34.241257645189762115478515625" lon="108.962800316512584686279296875">
        <ele>420.600006103515625</ele>
        <time>2026-03-21T08:43:20.000Z</time>
        <extensions>
          <ns3:TrackPointExtension>
            <ns3:hr>152</ns3:hr>
            <ns3:cad>100</ns3:cad>
          </ns3:TrackPointExtension>
        </extensions>
      </trkpt>
      <trkpt lat="34.24123275093734264373779296875" lon="108.96278682164847850799560546875">
        <ele>420.600006103515625</ele>
        <time>2026-03-21T08:43:21.000Z</time>
        <extensions>
          <ns3:TrackPointExtension>
            <ns3:hr>152</ns3:hr>
            <ns3:cad>100</ns3:cad>
          </ns3:TrackPointExtension>
        </extensions>
      </trkpt>
      <trkpt lat="34.24121011979877948760986328125" lon="108.96277408115565776824951171875">
        <ele>420.600006103515625</ele>
        <time>2026-03-21T08:43:22.000Z</time>
        <extensions>
          <ns3:TrackPointExtension>
            <ns3:hr>152</ns3:hr>
            <ns3:cad>99</ns3:cad>
          </ns3:TrackPointExtension>
        </extensions>
      </trkpt>
      <trkpt lat="34.2411813698709011077880859375" lon="108.9627642743289470672607421875">
        <ele>420.600006103515625</ele>
        <time>2026-03-21T08:43:23.000Z</time>
        <extensions>
          <ns3:TrackPointExtension>
            <ns3:hr>151</ns3:hr>
            <ns3:cad>98</ns3:cad>
          </ns3:TrackPointExtension>
        </extensions>
      </trkpt>
      <trkpt lat="34.2411609180271625518798828125" lon="108.9627518691122531890869140625">
        <ele>420.600006103515625</ele>
        <time>2026-03-21T08:43:24.000Z</time>
        <extensions>
          <ns3:TrackPointExtension>
            <ns3:hr>151</ns3:hr>
            <ns3:cad>98</ns3:cad>
          </ns3:TrackPointExtension>
        </extensions>
      </trkpt>
      <trkpt lat="34.241133593022823333740234375" lon="108.9627470076084136962890625">
        <ele>420.79998779296875</ele>
        <time>2026-03-21T08:43:25.000Z</time>
        <extensions>
          <ns3:TrackPointExtension>
            <ns3:hr>151</ns3:hr>
            <ns3:cad>98</ns3:cad>
          </ns3:TrackPointExtension>
        </extensions>
      </trkpt>
      <trkpt lat="34.24110375344753265380859375" lon="108.9627418108284473419189453125">
        <ele>420.79998779296875</ele>
        <time>2026-03-21T08:43:26.000Z</time>
        <extensions>
          <ns3:TrackPointExtension>
            <ns3:hr>152</ns3:hr>
            <ns3:cad>97</ns3:cad>
          </ns3:TrackPointExtension>
        </extensions>
      </trkpt>
      <trkpt lat="34.24107885919511318206787109375" lon="108.96274097263813018798828125">
        <ele>420.79998779296875</ele>
        <time>2026-03-21T08:43:27.000Z</time>
        <extensions>
          <ns3:TrackPointExtension>
            <ns3:hr>152</ns3:hr>
            <ns3:cad>97</ns3:cad>
          </ns3:TrackPointExtension>
        </extensions>
      </trkpt>
      <trkpt lat="34.24104650504887104034423828125" lon="108.96274608559906482696533203125">
        <ele>420.79998779296875</ele>
        <time>2026-03-21T08:43:28.000Z</time>
        <extensions>
          <ns3:TrackPointExtension>
            <ns3:hr>152</ns3:hr>
            <ns3:cad>96</ns3:cad>
          </ns3:TrackPointExtension>
        </extensions>
      </trkpt>
      <trkpt lat="34.24101934768259525299072265625" lon="108.96274575032293796539306640625">
        <ele>420.79998779296875</ele>
        <time>2026-03-21T08:43:29.000Z</time>
        <extensions>
          <ns3:TrackPointExtension>
            <ns3:hr>152</ns3:hr>
            <ns3:cad>97</ns3:cad>
          </ns3:TrackPointExtension>
        </extensions>
      </trkpt>
      <trkpt lat="34.24098975956439971923828125" lon="108.96274625323712825775146484375">
        <ele>420.79998779296875</ele>
        <time>2026-03-21T08:43:30.000Z</time>
        <extensions>
          <ns3:TrackPointExtension>
            <ns3:hr>152</ns3:hr>
            <ns3:cad>97</ns3:cad>
          </ns3:TrackPointExtension>
        </extensions>
      </trkpt>
      <trkpt lat="34.2409574054181575775146484375" lon="108.96274725906550884246826171875">
        <ele>420.79998779296875</ele>
        <time>2026-03-21T08:43:31.000Z</time>
        <extensions>
          <ns3:TrackPointExtension>
            <ns3:hr>151</ns3:hr>
            <ns3:cad>97</ns3:cad>
          </ns3:TrackPointExtension>
        </extensions>
      </trkpt>
      <trkpt lat="34.24093083478510379791259765625" lon="108.9627418108284473419189453125">
        <ele>420.79998779296875</ele>
        <time>2026-03-21T08:43:32.000Z</time>
        <extensions>
          <ns3:TrackPointExtension>
            <ns3:hr>151</ns3:hr>
            <ns3:cad>97</ns3:cad>
          </ns3:TrackPointExtension>
        </extensions>
      </trkpt>
      <trkpt lat="34.24090350978076457977294921875" lon="108.96274340339004993438720703125">
        <ele>420.79998779296875</ele>
        <time>2026-03-21T08:43:33.000Z</time>
        <extensions>
          <ns3:TrackPointExtension>
            <ns3:hr>151</ns3:hr>
            <ns3:cad>97</ns3:cad>
          </ns3:TrackPointExtension>
        </extensions>
      </trkpt>
      <trkpt lat="34.24087635241448879241943359375" lon="108.96274407394230365753173828125">
        <ele>420.79998779296875</ele>
        <time>2026-03-21T08:43:34.000Z</time>
        <extensions>
          <ns3:TrackPointExtension>
            <ns3:hr>152</ns3:hr>
            <ns3:cad>98</ns3:cad>
          </ns3:TrackPointExtension>
        </extensions>
      </trkpt>
      <trkpt lat="34.24085288308560848236083984375" lon="108.96274340339004993438720703125">
        <ele>420.79998779296875</ele>
        <time>2026-03-21T08:43:35.000Z</time>
        <extensions>
          <ns3:TrackPointExtension>
            <ns3:hr>152</ns3:hr>
            <ns3:cad>98</ns3:cad>
          </ns3:TrackPointExtension>
        </extensions>
      </trkpt>
      <trkpt lat="34.2408239655196666717529296875" lon="108.96274072118103504180908203125">
        <ele>420.79998779296875</ele>
        <time>2026-03-21T08:43:36.000Z</time>
        <extensions>
          <ns3:TrackPointExtension>
            <ns3:hr>153</ns3:hr>
            <ns3:cad>99</ns3:cad>
          </ns3:TrackPointExtension>
        </extensions>
      </trkpt>
      <trkpt lat="34.24079789780080318450927734375" lon="108.9627397991716861724853515625">
        <ele>420.79998779296875</ele>
        <time>2026-03-21T08:43:37.000Z</time>
        <extensions>
          <ns3:TrackPointExtension>
            <ns3:hr>153</ns3:hr>
            <ns3:cad>99</ns3:cad>
          </ns3:TrackPointExtension>
        </extensions>
      </trkpt>
      <trkpt lat="34.24077224917709827423095703125" lon="108.9627391286194324493408203125">
        <ele>420.79998779296875</ele>
        <time>2026-03-21T08:43:38.000Z</time>
        <extensions>
          <ns3:TrackPointExtension>
            <ns3:hr>153</ns3:hr>
            <ns3:cad>98</ns3:cad>
          </ns3:TrackPointExtension>
        </extensions>
      </trkpt>
      <trkpt lat="34.24074257723987102508544921875" lon="108.962746672332286834716796875">
        <ele>420.79998779296875</ele>
        <time>2026-03-21T08:43:39.000Z</time>
        <extensions>
          <ns3:TrackPointExtension>
            <ns3:hr>153</ns3:hr>
            <ns3:cad>98</ns3:cad>
          </ns3:TrackPointExtension>
        </extensions>
      </trkpt>
      <trkpt lat="34.240715168416500091552734375" lon="108.96274675615131855010986328125">
        <ele>420.79998779296875</ele>
        <time>2026-03-21T08:43:40.000Z</time>
        <extensions>
          <ns3:TrackPointExtension>
            <ns3:hr>153</ns3:hr>
            <ns3:cad>98</ns3:cad>
          </ns3:TrackPointExtension>
        </extensions>
      </trkpt>
      <trkpt lat="34.24068625085055828094482421875" lon="108.9627461694180965423583984375">
        <ele>420.79998779296875</ele>
        <time>2026-03-21T08:43:41.000Z</time>
        <extensions>
          <ns3:TrackPointExtension>
            <ns3:hr>153</ns3:hr>
            <ns3:cad>98</ns3:cad>
          </ns3:TrackPointExtension>
        </extensions>
      </trkpt>
      <trkpt lat="34.24065850675106048583984375" lon="108.96274566650390625">
        <ele>420.79998779296875</ele>
        <time>2026-03-21T08:43:42.000Z</time>
        <extensions>
          <ns3:TrackPointExtension>
            <ns3:hr>153</ns3:hr>
            <ns3:cad>98</ns3:cad>
          </ns3:TrackPointExtension>
        </extensions>
      </trkpt>
      <trkpt lat="34.24063461832702159881591796875" lon="108.962742649018764495849609375">
        <ele>421</ele>
        <time>2026-03-21T08:43:43.000Z</time>
        <extensions>
          <ns3:TrackPointExtension>
            <ns3:hr>153</ns3:hr>
            <ns3:cad>98</ns3:cad>
          </ns3:TrackPointExtension>
        </extensions>
      </trkpt>
      <trkpt lat="34.24060729332268238067626953125" lon="108.9627408050000667572021484375">
        <ele>421</ele>
        <time>2026-03-21T08:43:44.000Z</time>
        <extensions>
          <ns3:TrackPointExtension>
            <ns3:hr>152</ns3:hr>
            <ns3:cad>98</ns3:cad>
          </ns3:TrackPointExtension>
        </extensions>
      </trkpt>
      <trkpt lat="34.24057778902351856231689453125" lon="108.96273820661008358001708984375">
        <ele>421</ele>
        <time>2026-03-21T08:43:45.000Z</time>
        <extensions>
          <ns3:TrackPointExtension>
            <ns3:hr>153</ns3:hr>
            <ns3:cad>98</ns3:cad>
          </ns3:TrackPointExtension>
        </extensions>
      </trkpt>
      <trkpt lat="34.24055398441851139068603515625" lon="108.96273502148687839508056640625">
        <ele>421</ele>
        <time>2026-03-21T08:43:46.000Z</time>
        <extensions>
          <ns3:TrackPointExtension>
            <ns3:hr>153</ns3:hr>
            <ns3:cad>99</ns3:cad>
          </ns3:TrackPointExtension>
        </extensions>
      </trkpt>
      <trkpt lat="34.24052632413804531097412109375" lon="108.9627335965633392333984375">
        <ele>421</ele>
        <time>2026-03-21T08:43:47.000Z</time>
        <extensions>
          <ns3:TrackPointExtension>
            <ns3:hr>153</ns3:hr>
            <ns3:cad>99</ns3:cad>
          </ns3:TrackPointExtension>
        </extensions>
      </trkpt>
      <trkpt lat="34.240500591695308685302734375" lon="108.9627330936491489410400390625">
        <ele>421</ele>
        <time>2026-03-21T08:43:48.000Z</time>
        <extensions>
          <ns3:TrackPointExtension>
            <ns3:hr>153</ns3:hr>
            <ns3:cad>98</ns3:cad>
          </ns3:TrackPointExtension>
        </extensions>
      </trkpt>
      <trkpt lat="34.2404752783477306365966796875" lon="108.9627335965633392333984375">
        <ele>421</ele>
        <time>2026-03-21T08:43:49.000Z</time>
        <extensions>
          <ns3:TrackPointExtension>
            <ns3:hr>153</ns3:hr>
            <ns3:cad>98</ns3:cad>
          </ns3:TrackPointExtension>
        </extensions>
      </trkpt>
      <trkpt lat="34.2404454387724399566650390625" lon="108.9627324230968952178955078125">
        <ele>421</ele>
        <time>2026-03-21T08:43:50.000Z</time>
        <extensions>
          <ns3:TrackPointExtension>
            <ns3:hr>153</ns3:hr>
            <ns3:cad>98</ns3:cad>
          </ns3:TrackPointExtension>
        </extensions>
      </trkpt>
      <trkpt lat="34.2404192872345447540283203125" lon="108.9627283997833728790283203125">
        <ele>421</ele>
        <time>2026-03-21T08:43:51.000Z</time>
        <extensions>
          <ns3:TrackPointExtension>
            <ns3:hr>153</ns3:hr>
            <ns3:cad>98</ns3:cad>
          </ns3:TrackPointExtension>
        </extensions>
      </trkpt>
      <trkpt lat="34.2403891123831272125244140625" lon="108.96272890269756317138671875">
        <ele>421</ele>
        <time>2026-03-21T08:43:52.000Z</time>
        <extensions>
          <ns3:TrackPointExtension>
            <ns3:hr>153</ns3:hr>
            <ns3:cad>98</ns3:cad>
          </ns3:TrackPointExtension>
        </extensions>
      </trkpt>
      <trkpt lat="34.24035902135074138641357421875" lon="108.962729908525943756103515625">
        <ele>421</ele>
        <time>2026-03-21T08:43:53.000Z</time>
        <extensions>
          <ns3:TrackPointExtension>
            <ns3:hr>153</ns3:hr>
            <ns3:cad>98</ns3:cad>
          </ns3:TrackPointExtension>
        </extensions>
      </trkpt>
      <trkpt lat="34.240335635840892791748046875" lon="108.96273024380207061767578125">
        <ele>421</ele>
        <time>2026-03-21T08:43:54.000Z</time>
        <extensions>
          <ns3:TrackPointExtension>
            <ns3:hr>153</ns3:hr>
            <ns3:cad>97</ns3:cad>
          </ns3:TrackPointExtension>
        </extensions>
      </trkpt>
      <trkpt lat="34.24030520953238010406494140625" lon="108.9627309143543243408203125">
        <ele>421</ele>
        <time>2026-03-21T08:43:55.000Z</time>
        <extensions>
          <ns3:TrackPointExtension>
            <ns3:hr>153</ns3:hr>
            <ns3:cad>97</ns3:cad>
          </ns3:TrackPointExtension>
        </extensions>
      </trkpt>
      <trkpt lat="34.24027704633772373199462890625" lon="108.96273183636367321014404296875">
        <ele>420.79998779296875</ele>
        <time>2026-03-21T08:43:56.000Z</time>
        <extensions>
          <ns3:TrackPointExtension>
            <ns3:hr>153</ns3:hr>
            <ns3:cad>97</ns3:cad>
          </ns3:TrackPointExtension>
        </extensions>
      </trkpt>
      <trkpt lat="34.2402501404285430908203125" lon="108.96273569203913211822509765625">
        <ele>420.79998779296875</ele>
        <time>2026-03-21T08:43:57.000Z</time>
        <extensions>
          <ns3:TrackPointExtension>
            <ns3:hr>153</ns3:hr>
            <ns3:cad>97</ns3:cad>
          </ns3:TrackPointExtension>
        </extensions>
      </trkpt>
      <trkpt lat="34.24022021703422069549560546875" lon="108.96274843253195285797119140625">
        <ele>420.79998779296875</ele>
        <time>2026-03-21T08:43:58.000Z</time>
        <extensions>
          <ns3:TrackPointExtension>
            <ns3:hr>153</ns3:hr>
            <ns3:cad>97</ns3:cad>
          </ns3:TrackPointExtension>
        </extensions>
      </trkpt>
      <trkpt lat="34.24019205383956432342529296875" lon="108.9627565629780292510986328125">
        <ele>420.79998779296875</ele>
        <time>2026-03-21T08:43:59.000Z</time>
        <extensions>
          <ns3:TrackPointExtension>
            <ns3:hr>153</ns3:hr>
            <ns3:cad>98</ns3:cad>
          </ns3:TrackPointExtension>
        </extensions>
      </trkpt>
      <trkpt lat="34.24016523174941539764404296875" lon="108.96276134066283702850341796875">
        <ele>420.79998779296875</ele>
        <time>2026-03-21T08:44:00.000Z</time>
        <extensions>
          <ns3:TrackPointExtension>
            <ns3:hr>153</ns3:hr>
            <ns3:cad>98</ns3:cad>
          </ns3:TrackPointExtension>
        </extensions>
      </trkpt>
      <trkpt lat="34.24013790674507617950439453125" lon="108.962785899639129638671875">
        <ele>420.79998779296875</ele>
        <time>2026-03-21T08:44:01.000Z</time>
        <extensions>
          <ns3:TrackPointExtension>
            <ns3:hr>153</ns3:hr>
            <ns3:cad>98</ns3:cad>
          </ns3:TrackPointExtension>
        </extensions>
      </trkpt>
      <trkpt lat="34.24011292867362499237060546875" lon="108.9627998135983943939208984375">
        <ele>420.79998779296875</ele>
        <time>2026-03-21T08:44:02.000Z</time>
        <extensions>
          <ns3:TrackPointExtension>
            <ns3:hr>153</ns3:hr>
            <ns3:cad>98</ns3:cad>
          </ns3:TrackPointExtension>
        </extensions>
      </trkpt>
      <trkpt lat="34.2400865256786346435546875" lon="108.96281247027218341827392578125">
        <ele>420.79998779296875</ele>
        <time>2026-03-21T08:44:03.000Z</time>
        <extensions>
          <ns3:TrackPointExtension>
            <ns3:hr>153</ns3:hr>
            <ns3:cad>98</ns3:cad>
          </ns3:TrackPointExtension>
        </extensions>
      </trkpt>
      <trkpt lat="34.24006129615008831024169921875" lon="108.96283795125782489776611328125">
        <ele>420.79998779296875</ele>
        <time>2026-03-21T08:44:04.000Z</time>
        <extensions>
          <ns3:TrackPointExtension>
            <ns3:hr>153</ns3:hr>
            <ns3:cad>98</ns3:cad>
          </ns3:TrackPointExtension>
        </extensions>
      </trkpt>
      <trkpt lat="34.2400390841066837310791015625" lon="108.9628501050174236297607421875">
        <ele>420.79998779296875</ele>
        <time>2026-03-21T08:44:05.000Z</time>
        <extensions>
          <ns3:TrackPointExtension>
            <ns3:hr>154</ns3:hr>
            <ns3:cad>98</ns3:cad>
          </ns3:TrackPointExtension>
        </extensions>
      </trkpt>
      <trkpt lat="34.2400206439197063446044921875" lon="108.96287416107952594757080078125">
        <ele>420.79998779296875</ele>
        <time>2026-03-21T08:44:06.000Z</time>
        <extensions>
          <ns3:TrackPointExtension>
            <ns3:hr>154</ns3:hr>
            <ns3:cad>99</ns3:cad>
          </ns3:TrackPointExtension>
        </extensions>
      </trkpt>
      <trkpt lat="34.24000279046595096588134765625" lon="108.96290400065481662750244140625">
        <ele>420.79998779296875</ele>
        <time>2026-03-21T08:44:07.000Z</time>
        <extensions>
          <ns3:TrackPointExtension>
            <ns3:hr>154</ns3:hr>
            <ns3:cad>99</ns3:cad>
          </ns3:TrackPointExtension>
        </extensions>
      </trkpt>
      <trkpt lat="34.23998686484992504119873046875" lon="108.96292327903211116790771484375">
        <ele>420.79998779296875</ele>
        <time>2026-03-21T08:44:08.000Z</time>
        <extensions>
          <ns3:TrackPointExtension>
            <ns3:hr>154</ns3:hr>
            <ns3:cad>98</ns3:cad>
          </ns3:TrackPointExtension>
        </extensions>
      </trkpt>
      <trkpt lat="34.23997613601386547088623046875" lon="108.962957561016082763671875">
        <ele>420.79998779296875</ele>
        <time>2026-03-21T08:44:09.000Z</time>
        <extensions>
          <ns3:TrackPointExtension>
            <ns3:hr>154</ns3:hr>
            <ns3:cad>98</ns3:cad>
          </ns3:TrackPointExtension>
        </extensions>
      </trkpt>
      <trkpt lat="34.239961802959442138671875" lon="108.96299041807651519775390625">
        <ele>420.79998779296875</ele>
        <time>2026-03-21T08:44:10.000Z</time>
        <extensions>
          <ns3:TrackPointExtension>
            <ns3:hr>154</ns3:hr>
            <ns3:cad>98</ns3:cad>
          </ns3:TrackPointExtension>
        </extensions>
      </trkpt>
      <trkpt lat="34.2399452067911624908447265625" lon="108.963010869920253753662109375">
        <ele>420.79998779296875</ele>
        <time>2026-03-21T08:44:11.000Z</time>
        <extensions>
          <ns3:TrackPointExtension>
            <ns3:hr>154</ns3:hr>
            <ns3:cad>98</ns3:cad>
          </ns3:TrackPointExtension>
        </extensions>
      </trkpt>
      <trkpt lat="34.2399334721267223358154296875" lon="108.963051773607730865478515625">
        <ele>420.79998779296875</ele>
        <time>2026-03-21T08:44:12.000Z</time>
        <extensions>
          <ns3:TrackPointExtension>
            <ns3:hr>154</ns3:hr>
            <ns3:cad>98</ns3:cad>
          </ns3:TrackPointExtension>
        </extensions>
      </trkpt>
      <trkpt lat="34.2399210669100284576416015625" lon="108.96308722905814647674560546875">
        <ele>420.79998779296875</ele>
        <time>2026-03-21T08:44:13.000Z</time>
        <extensions>
          <ns3:TrackPointExtension>
            <ns3:hr>155</ns3:hr>
            <ns3:cad>98</ns3:cad>
          </ns3:TrackPointExtension>
        </extensions>
      </trkpt>
      <trkpt lat="34.23991260118782520294189453125" lon="108.96311623044312000274658203125">
        <ele>420.79998779296875</ele>
        <time>2026-03-21T08:44:14.000Z</time>
        <extensions>
          <ns3:TrackPointExtension>
            <ns3:hr>155</ns3:hr>
            <ns3:cad>97</ns3:cad>
          </ns3:TrackPointExtension>
        </extensions>
      </trkpt>
      <trkpt lat="34.23990975134074687957763671875" lon="108.96315445192158222198486328125">
        <ele>420.79998779296875</ele>
        <time>2026-03-21T08:44:15.000Z</time>
        <extensions>
          <ns3:TrackPointExtension>
            <ns3:hr>155</ns3:hr>
            <ns3:cad>97</ns3:cad>
          </ns3:TrackPointExtension>
        </extensions>
      </trkpt>
      <trkpt lat="34.2399036325514316558837890625" lon="108.96318060345947742462158203125">
        <ele>420.79998779296875</ele>
        <time>2026-03-21T08:44:16.000Z</time>
        <extensions>
          <ns3:TrackPointExtension>
            <ns3:hr>155</ns3:hr>
            <ns3:cad>98</ns3:cad>
          </ns3:TrackPointExtension>
        </extensions>
      </trkpt>
      <trkpt lat="34.239899776875972747802734375" lon="108.963214047253131866455078125">
        <ele>420.79998779296875</ele>
        <time>2026-03-21T08:44:17.000Z</time>
        <extensions>
          <ns3:TrackPointExtension>
            <ns3:hr>154</ns3:hr>
            <ns3:cad>99</ns3:cad>
          </ns3:TrackPointExtension>
        </extensions>
      </trkpt>
      <trkpt lat="34.239901788532733917236328125" lon="108.96325218491256237030029296875">
        <ele>420.79998779296875</ele>
        <time>2026-03-21T08:44:18.000Z</time>
        <extensions>
          <ns3:TrackPointExtension>
            <ns3:hr>155</ns3:hr>
            <ns3:cad>99</ns3:cad>
          </ns3:TrackPointExtension>
        </extensions>
      </trkpt>
      <trkpt lat="34.23990103416144847869873046875" lon="108.963283784687519073486328125">
        <ele>420.79998779296875</ele>
        <time>2026-03-21T08:44:19.000Z</time>
        <extensions>
          <ns3:TrackPointExtension>
            <ns3:hr>155</ns3:hr>
            <ns3:cad>98</ns3:cad>
          </ns3:TrackPointExtension>
        </extensions>
      </trkpt>
      <trkpt lat="34.23990346491336822509765625" lon="108.9633208326995372772216796875">
        <ele>420.79998779296875</ele>
        <time>2026-03-21T08:44:20.000Z</time>
        <extensions>
          <ns3:TrackPointExtension>
            <ns3:hr>154</ns3:hr>
            <ns3:cad>98</ns3:cad>
          </ns3:TrackPointExtension>
        </extensions>
      </trkpt>
      <trkpt lat="34.23990606330335140228271484375" lon="108.9633558690547943115234375">
        <ele>420.79998779296875</ele>
        <time>2026-03-21T08:44:21.000Z</time>
        <extensions>
          <ns3:TrackPointExtension>
            <ns3:hr>155</ns3:hr>
            <ns3:cad>98</ns3:cad>
          </ns3:TrackPointExtension>
        </extensions>
      </trkpt>
      <trkpt lat="34.239912517368793487548828125" lon="108.96338679827749729156494140625">
        <ele>420.79998779296875</ele>
        <time>2026-03-21T08:44:22.000Z</time>
        <extensions>
          <ns3:TrackPointExtension>
            <ns3:hr>155</ns3:hr>
            <ns3:cad>98</ns3:cad>
          </ns3:TrackPointExtension>
        </extensions>
      </trkpt>
      <trkpt lat="34.2399247549474239349365234375" lon="108.96341982297599315643310546875">
        <ele>420.600006103515625</ele>
        <time>2026-03-21T08:44:23.000Z</time>
        <extensions>
          <ns3:TrackPointExtension>
            <ns3:hr>155</ns3:hr>
            <ns3:cad>98</ns3:cad>
          </ns3:TrackPointExtension>
        </extensions>
      </trkpt>
      <trkpt lat="34.2399331368505954742431640625" lon="108.96345251239836215972900390625">
        <ele>420.600006103515625</ele>
        <time>2026-03-21T08:44:24.000Z</time>
        <extensions>
          <ns3:TrackPointExtension>
            <ns3:hr>155</ns3:hr>
            <ns3:cad>98</ns3:cad>
          </ns3:TrackPointExtension>
        </extensions>
      </trkpt>
      <trkpt lat="34.23994076438248157501220703125" lon="108.96347899921238422393798828125">
        <ele>420.600006103515625</ele>
        <time>2026-03-21T08:44:25.000Z</time>
        <extensions>
          <ns3:TrackPointExtension>
            <ns3:hr>155</ns3:hr>
            <ns3:cad>98</ns3:cad>
          </ns3:TrackPointExtension>
        </extensions>
      </trkpt>
      <trkpt lat="34.23995568417012691497802734375" lon="108.963510096073150634765625">
        <ele>420.600006103515625</ele>
        <time>2026-03-21T08:44:26.000Z</time>
        <extensions>
          <ns3:TrackPointExtension>
            <ns3:hr>154</ns3:hr>
            <ns3:cad>100</ns3:cad>
          </ns3:TrackPointExtension>
        </extensions>
      </trkpt>
      <trkpt lat="34.23996909521520137786865234375" lon="108.963537923991680145263671875">
        <ele>420.600006103515625</ele>
        <time>2026-03-21T08:44:27.000Z</time>
        <extensions>
          <ns3:TrackPointExtension>
            <ns3:hr>155</ns3:hr>
            <ns3:cad>100</ns3:cad>
          </ns3:TrackPointExtension>
        </extensions>
      </trkpt>
      <trkpt lat="34.23998552374541759490966796875" lon="108.96356575191020965576171875">
        <ele>420.600006103515625</ele>
        <time>2026-03-21T08:44:28.000Z</time>
        <extensions>
          <ns3:TrackPointExtension>
            <ns3:hr>154</ns3:hr>
            <ns3:cad>100</ns3:cad>
          </ns3:TrackPointExtension>
        </extensions>
      </trkpt>
      <trkpt lat="34.24000279046595096588134765625" lon="108.96359567530453205108642578125">
        <ele>420.600006103515625</ele>
        <time>2026-03-21T08:44:29.000Z</time>
        <extensions>
          <ns3:TrackPointExtension>
            <ns3:hr>154</ns3:hr>
            <ns3:cad>100</ns3:cad>
          </ns3:TrackPointExtension>
        </extensions>
      </trkpt>
      <trkpt lat="34.240021146833896636962890625" lon="108.9636212401092052459716796875">
        <ele>420.79998779296875</ele>
        <time>2026-03-21T08:44:30.000Z</time>
        <extensions>
          <ns3:TrackPointExtension>
            <ns3:hr>154</ns3:hr>
            <ns3:cad>100</ns3:cad>
          </ns3:TrackPointExtension>
        </extensions>
      </trkpt>
      <trkpt lat="34.240041263401508331298828125" lon="108.963640518486499786376953125">
        <ele>420.79998779296875</ele>
        <time>2026-03-21T08:44:31.000Z</time>
        <extensions>
          <ns3:TrackPointExtension>
            <ns3:hr>155</ns3:hr>
            <ns3:cad>98</ns3:cad>
          </ns3:TrackPointExtension>
        </extensions>
      </trkpt>
      <trkpt lat="34.24006431363523006439208984375" lon="108.96366306580603122711181640625">
        <ele>420.79998779296875</ele>
        <time>2026-03-21T08:44:32.000Z</time>
        <extensions>
          <ns3:TrackPointExtension>
            <ns3:hr>154</ns3:hr>
            <ns3:cad>97</ns3:cad>
          </ns3:TrackPointExtension>
        </extensions>
      </trkpt>
      <trkpt lat="34.24008862115442752838134765625" lon="108.9636832661926746368408203125">
        <ele>420.79998779296875</ele>
        <time>2026-03-21T08:44:33.000Z</time>
        <extensions>
          <ns3:TrackPointExtension>
            <ns3:hr>154</ns3:hr>
            <ns3:cad>97</ns3:cad>
          </ns3:TrackPointExtension>
        </extensions>
      </trkpt>
      <trkpt lat="34.240117371082305908203125" lon="108.96369793452322483062744140625">
        <ele>420.600006103515625</ele>
        <time>2026-03-21T08:44:34.000Z</time>
        <extensions>
          <ns3:TrackPointExtension>
            <ns3:hr>154</ns3:hr>
            <ns3:cad>97</ns3:cad>
          </ns3:TrackPointExtension>
        </extensions>
      </trkpt>
      <trkpt lat="34.24014343880116939544677734375" lon="108.96371453069150447845458984375">
        <ele>420.600006103515625</ele>
        <time>2026-03-21T08:44:35.000Z</time>
        <extensions>
          <ns3:TrackPointExtension>
            <ns3:hr>155</ns3:hr>
            <ns3:cad>97</ns3:cad>
          </ns3:TrackPointExtension>
        </extensions>
      </trkpt>
      <trkpt lat="34.24016841687262058258056640625" lon="108.96372777409851551055908203125">
        <ele>420.600006103515625</ele>
        <time>2026-03-21T08:44:36.000Z</time>
        <extensions>
          <ns3:TrackPointExtension>
            <ns3:hr>154</ns3:hr>
            <ns3:cad>97</ns3:cad>
          </ns3:TrackPointExtension>
        </extensions>
      </trkpt>
      <trkpt lat="34.240200519561767578125" lon="108.9637332223355770111083984375">
        <ele>420.600006103515625</ele>
        <time>2026-03-21T08:44:37.000Z</time>
        <extensions>
          <ns3:TrackPointExtension>
            <ns3:hr>154</ns3:hr>
            <ns3:cad>99</ns3:cad>
          </ns3:TrackPointExtension>
        </extensions>
      </trkpt>
      <trkpt lat="34.24022541381418704986572265625" lon="108.96374118514358997344970703125">
        <ele>420.600006103515625</ele>
        <time>2026-03-21T08:44:38.000Z</time>
        <extensions>
          <ns3:TrackPointExtension>
            <ns3:hr>154</ns3:hr>
            <ns3:cad>99</ns3:cad>
          </ns3:TrackPointExtension>
        </extensions>
      </trkpt>
      <trkpt lat="34.2402543313801288604736328125" lon="108.96374537609517574310302734375">
        <ele>420.600006103515625</ele>
        <time>2026-03-21T08:44:39.000Z</time>
        <extensions>
          <ns3:TrackPointExtension>
            <ns3:hr>154</ns3:hr>
            <ns3:cad>99</ns3:cad>
          </ns3:TrackPointExtension>
        </extensions>
      </trkpt>
      <trkpt lat="34.24028341658413410186767578125" lon="108.96374571137130260467529296875">
        <ele>420.79998779296875</ele>
        <time>2026-03-21T08:44:40.000Z</time>
        <extensions>
          <ns3:TrackPointExtension>
            <ns3:hr>154</ns3:hr>
            <ns3:cad>99</ns3:cad>
          </ns3:TrackPointExtension>
        </extensions>
      </trkpt>
      <trkpt lat="34.24031124450266361236572265625" lon="108.9637447893619537353515625">
        <ele>420.79998779296875</ele>
        <time>2026-03-21T08:44:41.000Z</time>
        <extensions>
          <ns3:TrackPointExtension>
            <ns3:hr>154</ns3:hr>
            <ns3:cad>97</ns3:cad>
          </ns3:TrackPointExtension>
        </extensions>
      </trkpt>
      <trkpt lat="34.24033932387828826904296875" lon="108.9637416042387485504150390625">
        <ele>420.600006103515625</ele>
        <time>2026-03-21T08:44:42.000Z</time>
        <extensions>
          <ns3:TrackPointExtension>
            <ns3:hr>154</ns3:hr>
            <ns3:cad>97</ns3:cad>
          </ns3:TrackPointExtension>
        </extensions>
      </trkpt>
      <trkpt lat="34.240367822349071502685546875" lon="108.9637379162013530731201171875">
        <ele>420.600006103515625</ele>
        <time>2026-03-21T08:44:43.000Z</time>
        <extensions>
          <ns3:TrackPointExtension>
            <ns3:hr>154</ns3:hr>
            <ns3:cad>97</ns3:cad>
          </ns3:TrackPointExtension>
        </extensions>
      </trkpt>
      <trkpt lat="34.24039489589631557464599609375" lon="108.9637379162013530731201171875">
        <ele>420.600006103515625</ele>
        <time>2026-03-21T08:44:44.000Z</time>
        <extensions>
          <ns3:TrackPointExtension>
            <ns3:hr>154</ns3:hr>
            <ns3:cad>97</ns3:cad>
          </ns3:TrackPointExtension>
        </extensions>
      </trkpt>
      <trkpt lat="34.24042515456676483154296875" lon="108.96373850293457508087158203125">
        <ele>420.399993896484375</ele>
        <time>2026-03-21T08:44:45.000Z</time>
        <extensions>
          <ns3:TrackPointExtension>
            <ns3:hr>154</ns3:hr>
            <ns3:cad>98</ns3:cad>
          </ns3:TrackPointExtension>
        </extensions>
      </trkpt>
      <trkpt lat="34.2404518090188503265380859375" lon="108.963742442429065704345703125">
        <ele>420.399993896484375</ele>
        <time>2026-03-21T08:44:46.000Z</time>
        <extensions>
          <ns3:TrackPointExtension>
            <ns3:hr>153</ns3:hr>
            <ns3:cad>98</ns3:cad>
          </ns3:TrackPointExtension>
        </extensions>
      </trkpt>
      <trkpt lat="34.240480475127696990966796875" lon="108.96374571137130260467529296875">
        <ele>420.399993896484375</ele>
        <time>2026-03-21T08:44:47.000Z</time>
        <extensions>
          <ns3:TrackPointExtension>
            <ns3:hr>153</ns3:hr>
            <ns3:cad>98</ns3:cad>
          </ns3:TrackPointExtension>
        </extensions>
      </trkpt>
      <trkpt lat="34.240509308874607086181640625" lon="108.963746130466461181640625">
        <ele>420.600006103515625</ele>
        <time>2026-03-21T08:44:48.000Z</time>
        <extensions>
          <ns3:TrackPointExtension>
            <ns3:hr>153</ns3:hr>
            <ns3:cad>98</ns3:cad>
          </ns3:TrackPointExtension>
        </extensions>
      </trkpt>
      <trkpt lat="34.240533448755741119384765625" lon="108.963749147951602935791015625">
        <ele>420.600006103515625</ele>
        <time>2026-03-21T08:44:49.000Z</time>
        <extensions>
          <ns3:TrackPointExtension>
            <ns3:hr>153</ns3:hr>
            <ns3:cad>98</ns3:cad>
          </ns3:TrackPointExtension>
        </extensions>
      </trkpt>
      <trkpt lat="34.24056060612201690673828125" lon="108.9637476392090320587158203125">
        <ele>420.600006103515625</ele>
        <time>2026-03-21T08:44:50.000Z</time>
        <extensions>
          <ns3:TrackPointExtension>
            <ns3:hr>153</ns3:hr>
            <ns3:cad>97</ns3:cad>
          </ns3:TrackPointExtension>
        </extensions>
      </trkpt>
      <trkpt lat="34.24058742821216583251953125" lon="108.963747806847095489501953125">
        <ele>420.600006103515625</ele>
        <time>2026-03-21T08:44:51.000Z</time>
        <extensions>
          <ns3:TrackPointExtension>
            <ns3:hr>153</ns3:hr>
            <ns3:cad>97</ns3:cad>
          </ns3:TrackPointExtension>
        </extensions>
      </trkpt>
      <trkpt lat="34.24061332829296588897705078125" lon="108.96374956704676151275634765625">
        <ele>420.600006103515625</ele>
        <time>2026-03-21T08:44:52.000Z</time>
        <extensions>
          <ns3:TrackPointExtension>
            <ns3:hr>153</ns3:hr>
            <ns3:cad>98</ns3:cad>
          </ns3:TrackPointExtension>
        </extensions>
      </trkpt>
      <trkpt lat="34.2406425811350345611572265625" lon="108.96375124342739582061767578125">
        <ele>420.600006103515625</ele>
        <time>2026-03-21T08:44:53.000Z</time>
        <extensions>
          <ns3:TrackPointExtension>
            <ns3:hr>153</ns3:hr>
            <ns3:cad>97</ns3:cad>
          </ns3:TrackPointExtension>
        </extensions>
      </trkpt>
      <trkpt lat="34.24066747538745403289794921875" lon="108.963755182921886444091796875">
        <ele>420.600006103515625</ele>
        <time>2026-03-21T08:44:54.000Z</time>
        <extensions>
          <ns3:TrackPointExtension>
            <ns3:hr>153</ns3:hr>
            <ns3:cad>97</ns3:cad>
          </ns3:TrackPointExtension>
        </extensions>
      </trkpt>
      <trkpt lat="34.24069480039179325103759765625" lon="108.963756859302520751953125">
        <ele>420.600006103515625</ele>
        <time>2026-03-21T08:44:55.000Z</time>
        <extensions>
          <ns3:TrackPointExtension>
            <ns3:hr>153</ns3:hr>
            <ns3:cad>98</ns3:cad>
          </ns3:TrackPointExtension>
        </extensions>
      </trkpt>
      <trkpt lat="34.24072329886257648468017578125" lon="108.963757194578647613525390625">
        <ele>420.600006103515625</ele>
        <time>2026-03-21T08:44:56.000Z</time>
        <extensions>
          <ns3:TrackPointExtension>
            <ns3:hr>153</ns3:hr>
            <ns3:cad>98</ns3:cad>
          </ns3:TrackPointExtension>
        </extensions>
      </trkpt>
      <trkpt lat="34.2407498694956302642822265625" lon="108.96375912241637706756591796875">
        <ele>420.600006103515625</ele>
        <time>2026-03-21T08:44:57.000Z</time>
        <extensions>
          <ns3:TrackPointExtension>
            <ns3:hr>153</ns3:hr>
            <ns3:cad>98</ns3:cad>
          </ns3:TrackPointExtension>
        </extensions>
      </trkpt>
      <trkpt lat="34.24077878706157207489013671875" lon="108.96375409327447414398193359375">
        <ele>420.399993896484375</ele>
        <time>2026-03-21T08:44:58.000Z</time>
        <extensions>
          <ns3:TrackPointExtension>
            <ns3:hr>153</ns3:hr>
            <ns3:cad>98</ns3:cad>
          </ns3:TrackPointExtension>
        </extensions>
      </trkpt>
      <trkpt lat="34.2408055253326892852783203125" lon="108.96375074051320552825927734375">
        <ele>420.600006103515625</ele>
        <time>2026-03-21T08:44:59.000Z</time>
        <extensions>
          <ns3:TrackPointExtension>
            <ns3:hr>153</ns3:hr>
            <ns3:cad>98</ns3:cad>
          </ns3:TrackPointExtension>
        </extensions>
      </trkpt>
      <trkpt lat="34.24083008430898189544677734375" lon="108.963753171265125274658203125">
        <ele>420.600006103515625</ele>
        <time>2026-03-21T08:45:00.000Z</time>
        <extensions>
          <ns3:TrackPointExtension>
            <ns3:hr>153</ns3:hr>
            <ns3:cad>98</ns3:cad>
          </ns3:TrackPointExtension>
        </extensions>
      </trkpt>
      <trkpt lat="34.24086277373135089874267578125" lon="108.963753171265125274658203125">
        <ele>420.600006103515625</ele>
        <time>2026-03-21T08:45:01.000Z</time>
        <extensions>
          <ns3:TrackPointExtension>
            <ns3:hr>153</ns3:hr>
            <ns3:cad>98</ns3:cad>
          </ns3:TrackPointExtension>
        </extensions>
      </trkpt>
      <trkpt lat="34.24088674597442150115966796875" lon="108.96375610493123531341552734375">
        <ele>420.600006103515625</ele>
        <time>2026-03-21T08:45:02.000Z</time>
        <extensions>
          <ns3:TrackPointExtension>
            <ns3:hr>153</ns3:hr>
            <ns3:cad>98</ns3:cad>
          </ns3:TrackPointExtension>
        </extensions>
      </trkpt>
      <trkpt lat="34.2409168370068073272705078125" lon="108.96375426091253757476806640625">
        <ele>420.600006103515625</ele>
        <time>2026-03-21T08:45:03.000Z</time>
        <extensions>
          <ns3:TrackPointExtension>
            <ns3:hr>153</ns3:hr>
            <ns3:cad>98</ns3:cad>
          </ns3:TrackPointExtension>
        </extensions>
      </trkpt>
      <trkpt lat="34.24094692803919315338134765625" lon="108.96375426091253757476806640625">
        <ele>420.600006103515625</ele>
        <time>2026-03-21T08:45:04.000Z</time>
        <extensions>
          <ns3:TrackPointExtension>
            <ns3:hr>153</ns3:hr>
            <ns3:cad>98</ns3:cad>
          </ns3:TrackPointExtension>
        </extensions>
      </trkpt>
      <trkpt lat="34.24097542650997638702392578125" lon="108.96375845186412334442138671875">
        <ele>420.600006103515625</ele>
        <time>2026-03-21T08:45:05.000Z</time>
        <extensions>
          <ns3:TrackPointExtension>
            <ns3:hr>153</ns3:hr>
            <ns3:cad>98</ns3:cad>
          </ns3:TrackPointExtension>
        </extensions>
      </trkpt>
      <trkpt lat="34.24100442789494991302490234375" lon="108.9637550152838230133056640625">
        <ele>420.600006103515625</ele>
        <time>2026-03-21T08:45:06.000Z</time>
        <extensions>
          <ns3:TrackPointExtension>
            <ns3:hr>153</ns3:hr>
            <ns3:cad>97</ns3:cad>
          </ns3:TrackPointExtension>
        </extensions>
      </trkpt>
      <trkpt lat="34.2410294897854328155517578125" lon="108.963756524026393890380859375">
        <ele>420.600006103515625</ele>
        <time>2026-03-21T08:45:07.000Z</time>
        <extensions>
          <ns3:TrackPointExtension>
            <ns3:hr>153</ns3:hr>
            <ns3:cad>97</ns3:cad>
          </ns3:TrackPointExtension>
        </extensions>
      </trkpt>
      <trkpt lat="34.24105388112366199493408203125" lon="108.96376012824475765228271484375">
        <ele>420.600006103515625</ele>
        <time>2026-03-21T08:45:08.000Z</time>
        <extensions>
          <ns3:TrackPointExtension>
            <ns3:hr>153</ns3:hr>
            <ns3:cad>99</ns3:cad>
          </ns3:TrackPointExtension>
        </extensions>
      </trkpt>
      <trkpt lat="34.2410794459283351898193359375" lon="108.9637570269405841827392578125">
        <ele>420.600006103515625</ele>
        <time>2026-03-21T08:45:09.000Z</time>
        <extensions>
          <ns3:TrackPointExtension>
            <ns3:hr>153</ns3:hr>
            <ns3:cad>99</ns3:cad>
          </ns3:TrackPointExtension>
        </extensions>
      </trkpt>
      <trkpt lat="34.24110350199043750762939453125" lon="108.9637587033212184906005859375">
        <ele>420.600006103515625</ele>
        <time>2026-03-21T08:45:10.000Z</time>
        <extensions>
          <ns3:TrackPointExtension>
            <ns3:hr>153</ns3:hr>
            <ns3:cad>99</ns3:cad>
          </ns3:TrackPointExtension>
        </extensions>
      </trkpt>
      <trkpt lat="34.24113049171864986419677734375" lon="108.96376012824475765228271484375">
        <ele>420.600006103515625</ele>
        <time>2026-03-21T08:45:11.000Z</time>
        <extensions>
          <ns3:TrackPointExtension>
            <ns3:hr>153</ns3:hr>
            <ns3:cad>99</ns3:cad>
          </ns3:TrackPointExtension>
        </extensions>
      </trkpt>
      <trkpt lat="34.24116251058876514434814453125" lon="108.96375627256929874420166015625">
        <ele>420.399993896484375</ele>
        <time>2026-03-21T08:45:12.000Z</time>
        <extensions>
          <ns3:TrackPointExtension>
            <ns3:hr>153</ns3:hr>
            <ns3:cad>99</ns3:cad>
          </ns3:TrackPointExtension>
        </extensions>
      </trkpt>
      <trkpt lat="34.24118958413600921630859375" lon="108.963753841817378997802734375">
        <ele>420.399993896484375</ele>
        <time>2026-03-21T08:45:13.000Z</time>
        <extensions>
          <ns3:TrackPointExtension>
            <ns3:hr>153</ns3:hr>
            <ns3:cad>99</ns3:cad>
          </ns3:TrackPointExtension>
        </extensions>
      </trkpt>
      <trkpt lat="34.2412179149687290191650390625" lon="108.96373867057263851165771484375">
        <ele>420.399993896484375</ele>
        <time>2026-03-21T08:45:14.000Z</time>
        <extensions>
          <ns3:TrackPointExtension>
            <ns3:hr>153</ns3:hr>
            <ns3:cad>98</ns3:cad>
          </ns3:TrackPointExtension>
        </extensions>
      </trkpt>
      <trkpt lat="34.24124465323984622955322265625" lon="108.9637248404324054718017578125">
        <ele>420.399993896484375</ele>
        <time>2026-03-21T08:45:15.000Z</time>
        <extensions>
          <ns3:TrackPointExtension>
            <ns3:hr>153</ns3:hr>
            <ns3:cad>98</ns3:cad>
          </ns3:TrackPointExtension>
        </extensions>
      </trkpt>
      <trkpt lat="34.24127298407256603240966796875" lon="108.963714279234409332275390625">
        <ele>420.399993896484375</ele>
        <time>2026-03-21T08:45:16.000Z</time>
        <extensions>
          <ns3:TrackPointExtension>
            <ns3:hr>153</ns3:hr>
            <ns3:cad>98</ns3:cad>
          </ns3:TrackPointExtension>
        </extensions>
      </trkpt>
      <trkpt lat="34.24129880033433437347412109375" lon="108.96369189955294132232666015625">
        <ele>420.399993896484375</ele>
        <time>2026-03-21T08:45:17.000Z</time>
        <extensions>
          <ns3:TrackPointExtension>
            <ns3:hr>153</ns3:hr>
            <ns3:cad>98</ns3:cad>
          </ns3:TrackPointExtension>
        </extensions>
      </trkpt>
      <trkpt lat="34.241324029862880706787109375" lon="108.96367396228015422821044921875">
        <ele>420.399993896484375</ele>
        <time>2026-03-21T08:45:18.000Z</time>
        <extensions>
          <ns3:TrackPointExtension>
            <ns3:hr>153</ns3:hr>
            <ns3:cad>98</ns3:cad>
          </ns3:TrackPointExtension>
        </extensions>
      </trkpt>
      <trkpt lat="34.24134825356304645538330078125" lon="108.963654935359954833984375">
        <ele>420.399993896484375</ele>
        <time>2026-03-21T08:45:19.000Z</time>
        <extensions>
          <ns3:TrackPointExtension>
            <ns3:hr>153</ns3:hr>
            <ns3:cad>98</ns3:cad>
          </ns3:TrackPointExtension>
        </extensions>
      </trkpt>
      <trkpt lat="34.2413734830915927886962890625" lon="108.963633477687835693359375">
        <ele>420.399993896484375</ele>
        <time>2026-03-21T08:45:20.000Z</time>
        <extensions>
          <ns3:TrackPointExtension>
            <ns3:hr>153</ns3:hr>
            <ns3:cad>98</ns3:cad>
          </ns3:TrackPointExtension>
        </extensions>
      </trkpt>
      <trkpt lat="34.2413919232785701751708984375" lon="108.96361679770052433013916015625">
        <ele>420.399993896484375</ele>
        <time>2026-03-21T08:45:21.000Z</time>
        <extensions>
          <ns3:TrackPointExtension>
            <ns3:hr>153</ns3:hr>
            <ns3:cad>98</ns3:cad>
          </ns3:TrackPointExtension>
        </extensions>
      </trkpt>
      <trkpt lat="34.241409860551357269287109375" lon="108.9635877124965190887451171875">
        <ele>420.20001220703125</ele>
        <time>2026-03-21T08:45:22.000Z</time>
        <extensions>
          <ns3:TrackPointExtension>
            <ns3:hr>153</ns3:hr>
            <ns3:cad>98</ns3:cad>
          </ns3:TrackPointExtension>
        </extensions>
      </trkpt>
      <trkpt lat="34.2414274625480175018310546875" lon="108.9635597169399261474609375">
        <ele>420.20001220703125</ele>
        <time>2026-03-21T08:45:23.000Z</time>
        <extensions>
          <ns3:TrackPointExtension>
            <ns3:hr>153</ns3:hr>
            <ns3:cad>97</ns3:cad>
          </ns3:TrackPointExtension>
        </extensions>
      </trkpt>
      <trkpt lat="34.24144028685986995697021484375" lon="108.96353314630687236785888671875">
        <ele>420.20001220703125</ele>
        <time>2026-03-21T08:45:24.000Z</time>
        <extensions>
          <ns3:TrackPointExtension>
            <ns3:hr>153</ns3:hr>
            <ns3:cad>97</ns3:cad>
          </ns3:TrackPointExtension>
        </extensions>
      </trkpt>
      <trkpt lat="34.24145436845719814300537109375" lon="108.9634975232183933258056640625">
        <ele>420.20001220703125</ele>
        <time>2026-03-21T08:45:25.000Z</time>
        <extensions>
          <ns3:TrackPointExtension>
            <ns3:hr>153</ns3:hr>
            <ns3:cad>97</ns3:cad>
          </ns3:TrackPointExtension>
        </extensions>
      </trkpt>
      <trkpt lat="34.241466522216796875" lon="108.9634646661579608917236328125">
        <ele>420.20001220703125</ele>
        <time>2026-03-21T08:45:26.000Z</time>
        <extensions>
          <ns3:TrackPointExtension>
            <ns3:hr>153</ns3:hr>
            <ns3:cad>97</ns3:cad>
          </ns3:TrackPointExtension>
        </extensions>
      </trkpt>
      <trkpt lat="34.24147498793900012969970703125" lon="108.9634328149259090423583984375">
        <ele>420.20001220703125</ele>
        <time>2026-03-21T08:45:27.000Z</time>
        <extensions>
          <ns3:TrackPointExtension>
            <ns3:hr>152</ns3:hr>
            <ns3:cad>97</ns3:cad>
          </ns3:TrackPointExtension>
        </extensions>
      </trkpt>
      <trkpt lat="34.2414844594895839691162109375" lon="108.96339585073292255401611328125">
        <ele>420.20001220703125</ele>
        <time>2026-03-21T08:45:28.000Z</time>
        <extensions>
          <ns3:TrackPointExtension>
            <ns3:hr>152</ns3:hr>
            <ns3:cad>97</ns3:cad>
          </ns3:TrackPointExtension>
        </extensions>
      </trkpt>
      <trkpt lat="34.241490997374057769775390625" lon="108.96336416713893413543701171875">
        <ele>420.20001220703125</ele>
        <time>2026-03-21T08:45:29.000Z</time>
        <extensions>
          <ns3:TrackPointExtension>
            <ns3:hr>152</ns3:hr>
            <ns3:cad>97</ns3:cad>
          </ns3:TrackPointExtension>
        </extensions>
      </trkpt>
      <trkpt lat="34.2414915002882480621337890625" lon="108.9633292146027088165283203125">
        <ele>420.399993896484375</ele>
        <time>2026-03-21T08:45:30.000Z</time>
        <extensions>
          <ns3:TrackPointExtension>
            <ns3:hr>152</ns3:hr>
            <ns3:cad>97</ns3:cad>
          </ns3:TrackPointExtension>
        </extensions>
      </trkpt>
      <trkpt lat="34.24149342812597751617431640625" lon="108.963290490210056304931640625">
        <ele>420.399993896484375</ele>
        <time>2026-03-21T08:45:31.000Z</time>
        <extensions>
          <ns3:TrackPointExtension>
            <ns3:hr>153</ns3:hr>
            <ns3:cad>98</ns3:cad>
          </ns3:TrackPointExtension>
        </extensions>
      </trkpt>
      <trkpt lat="34.24149527214467525482177734375" lon="108.96325889043509960174560546875">
        <ele>420.399993896484375</ele>
        <time>2026-03-21T08:45:32.000Z</time>
        <extensions>
          <ns3:TrackPointExtension>
            <ns3:hr>152</ns3:hr>
            <ns3:cad>98</ns3:cad>
          </ns3:TrackPointExtension>
        </extensions>
      </trkpt>
      <trkpt lat="34.2414951883256435394287109375" lon="108.96321848966181278228759765625">
        <ele>420.399993896484375</ele>
        <time>2026-03-21T08:45:33.000Z</time>
        <extensions>
          <ns3:TrackPointExtension>
            <ns3:hr>152</ns3:hr>
            <ns3:cad>98</ns3:cad>
          </ns3:TrackPointExtension>
        </extensions>
      </trkpt>
      <trkpt lat="34.2414931766688823699951171875" lon="108.96318244747817516326904296875">
        <ele>420.399993896484375</ele>
        <time>2026-03-21T08:45:34.000Z</time>
        <extensions>
          <ns3:TrackPointExtension>
            <ns3:hr>152</ns3:hr>
            <ns3:cad>98</ns3:cad>
          </ns3:TrackPointExtension>
        </extensions>
      </trkpt>
      <trkpt lat="34.24148739315569400787353515625" lon="108.96315378136932849884033203125">
        <ele>420.399993896484375</ele>
        <time>2026-03-21T08:45:35.000Z</time>
        <extensions>
          <ns3:TrackPointExtension>
            <ns3:hr>152</ns3:hr>
            <ns3:cad>98</ns3:cad>
          </ns3:TrackPointExtension>
        </extensions>
      </trkpt>
      <trkpt lat="34.2414764128625392913818359375" lon="108.96311572752892971038818359375">
        <ele>420.399993896484375</ele>
        <time>2026-03-21T08:45:36.000Z</time>
        <extensions>
          <ns3:TrackPointExtension>
            <ns3:hr>151</ns3:hr>
            <ns3:cad>98</ns3:cad>
          </ns3:TrackPointExtension>
        </extensions>
      </trkpt>
      <trkpt lat="34.2414690367877483367919921875" lon="108.96308303810656070709228515625">
        <ele>420.20001220703125</ele>
        <time>2026-03-21T08:45:37.000Z</time>
        <extensions>
          <ns3:TrackPointExtension>
            <ns3:hr>152</ns3:hr>
            <ns3:cad>98</ns3:cad>
          </ns3:TrackPointExtension>
        </extensions>
      </trkpt>
      <trkpt lat="34.241458475589752197265625" lon="108.9630526117980480194091796875">
        <ele>420.20001220703125</ele>
        <time>2026-03-21T08:45:38.000Z</time>
        <extensions>
          <ns3:TrackPointExtension>
            <ns3:hr>152</ns3:hr>
            <ns3:cad>98</ns3:cad>
          </ns3:TrackPointExtension>
        </extensions>
      </trkpt>
      <trkpt lat="34.2414445616304874420166015625" lon="108.96302218548953533172607421875">
        <ele>420.20001220703125</ele>
        <time>2026-03-21T08:45:39.000Z</time>
        <extensions>
          <ns3:TrackPointExtension>
            <ns3:hr>151</ns3:hr>
            <ns3:cad>98</ns3:cad>
          </ns3:TrackPointExtension>
        </extensions>
      </trkpt>
      <trkpt lat="34.24143391661345958709716796875" lon="108.96299653686583042144775390625">
        <ele>420.20001220703125</ele>
        <time>2026-03-21T08:45:40.000Z</time>
        <extensions>
          <ns3:TrackPointExtension>
            <ns3:hr>152</ns3:hr>
            <ns3:cad>99</ns3:cad>
          </ns3:TrackPointExtension>
        </extensions>
      </trkpt>
      <trkpt lat="34.24141882918775081634521484375" lon="108.96297030150890350341796875">
        <ele>420</ele>
        <time>2026-03-21T08:45:41.000Z</time>
        <extensions>
          <ns3:TrackPointExtension>
            <ns3:hr>152</ns3:hr>
            <ns3:cad>99</ns3:cad>
          </ns3:TrackPointExtension>
        </extensions>
      </trkpt>
      <trkpt lat="34.24139921553432941436767578125" lon="108.9629413001239299774169921875">
        <ele>420.20001220703125</ele>
        <time>2026-03-21T08:45:42.000Z</time>
        <extensions>
          <ns3:TrackPointExtension>
            <ns3:hr>152</ns3:hr>
            <ns3:cad>99</ns3:cad>
          </ns3:TrackPointExtension>
        </extensions>
      </trkpt>
      <trkpt lat="34.24138463102281093597412109375" lon="108.9629168249666690826416015625">
        <ele>420.20001220703125</ele>
        <time>2026-03-21T08:45:43.000Z</time>
        <extensions>
          <ns3:TrackPointExtension>
            <ns3:hr>152</ns3:hr>
            <ns3:cad>99</ns3:cad>
          </ns3:TrackPointExtension>
        </extensions>
      </trkpt>
      <trkpt lat="34.241361580789089202880859375" lon="108.9628866501152515411376953125">
        <ele>420.20001220703125</ele>
        <time>2026-03-21T08:45:44.000Z</time>
        <extensions>
          <ns3:TrackPointExtension>
            <ns3:hr>151</ns3:hr>
            <ns3:cad>99</ns3:cad>
          </ns3:TrackPointExtension>
        </extensions>
      </trkpt>
      <trkpt lat="34.24134112894535064697265625" lon="108.96286259405314922332763671875">
        <ele>420.20001220703125</ele>
        <time>2026-03-21T08:45:45.000Z</time>
        <extensions>
          <ns3:TrackPointExtension>
            <ns3:hr>151</ns3:hr>
            <ns3:cad>99</ns3:cad>
          </ns3:TrackPointExtension>
        </extensions>
      </trkpt>
      <trkpt lat="34.24132277257740497589111328125" lon="108.9628420583903789520263671875">
        <ele>420.20001220703125</ele>
        <time>2026-03-21T08:45:46.000Z</time>
        <extensions>
          <ns3:TrackPointExtension>
            <ns3:hr>151</ns3:hr>
            <ns3:cad>98</ns3:cad>
          </ns3:TrackPointExtension>
        </extensions>
      </trkpt>
      <trkpt lat="34.24129125662147998809814453125" lon="108.9628222770988941192626953125">
        <ele>420.20001220703125</ele>
        <time>2026-03-21T08:45:47.000Z</time>
        <extensions>
          <ns3:TrackPointExtension>
            <ns3:hr>151</ns3:hr>
            <ns3:cad>98</ns3:cad>
          </ns3:TrackPointExtension>
        </extensions>
      </trkpt>
      <trkpt lat="34.2412665300071239471435546875" lon="108.9628055132925510406494140625">
        <ele>420.20001220703125</ele>
        <time>2026-03-21T08:45:48.000Z</time>
        <extensions>
          <ns3:TrackPointExtension>
            <ns3:hr>151</ns3:hr>
            <ns3:cad>98</ns3:cad>
          </ns3:TrackPointExtension>
        </extensions>
      </trkpt>
      <trkpt lat="34.24124230630695819854736328125" lon="108.96278765983879566192626953125">
        <ele>420.20001220703125</ele>
        <time>2026-03-21T08:45:49.000Z</time>
        <extensions>
          <ns3:TrackPointExtension>
            <ns3:hr>152</ns3:hr>
            <ns3:cad>98</ns3:cad>
          </ns3:TrackPointExtension>
        </extensions>
      </trkpt>
      <trkpt lat="34.24121263436973094940185546875" lon="108.96277324296534061431884765625">
        <ele>420.20001220703125</ele>
        <time>2026-03-21T08:45:50.000Z</time>
        <extensions>
          <ns3:TrackPointExtension>
            <ns3:hr>151</ns3:hr>
            <ns3:cad>98</ns3:cad>
          </ns3:TrackPointExtension>
        </extensions>
      </trkpt>
      <trkpt lat="34.2411887459456920623779296875" lon="108.96275966428220272064208984375">
        <ele>420</ele>
        <time>2026-03-21T08:45:51.000Z</time>
        <extensions>
          <ns3:TrackPointExtension>
            <ns3:hr>152</ns3:hr>
            <ns3:cad>98</ns3:cad>
          </ns3:TrackPointExtension>
        </extensions>
      </trkpt>
      <trkpt lat="34.24115999601781368255615234375" lon="108.96275362931191921234130859375">
        <ele>420</ele>
        <time>2026-03-21T08:45:52.000Z</time>
        <extensions>
          <ns3:TrackPointExtension>
            <ns3:hr>152</ns3:hr>
            <ns3:cad>97</ns3:cad>
          </ns3:TrackPointExtension>
        </extensions>
      </trkpt>
      <trkpt lat="34.24113283865153789520263671875" lon="108.96274424158036708831787109375">
        <ele>420</ele>
        <time>2026-03-21T08:45:53.000Z</time>
        <extensions>
          <ns3:TrackPointExtension>
            <ns3:hr>152</ns3:hr>
            <ns3:cad>97</ns3:cad>
          </ns3:TrackPointExtension>
        </extensions>
      </trkpt>
      <trkpt lat="34.24110702238976955413818359375" lon="108.96273837424814701080322265625">
        <ele>420</ele>
        <time>2026-03-21T08:45:54.000Z</time>
        <extensions>
          <ns3:TrackPointExtension>
            <ns3:hr>151</ns3:hr>
            <ns3:cad>98</ns3:cad>
          </ns3:TrackPointExtension>
        </extensions>
      </trkpt>
      <trkpt lat="34.2410762608051300048828125" lon="108.96273837424814701080322265625">
        <ele>420</ele>
        <time>2026-03-21T08:45:55.000Z</time>
        <extensions>
          <ns3:TrackPointExtension>
            <ns3:hr>152</ns3:hr>
            <ns3:cad>98</ns3:cad>
          </ns3:TrackPointExtension>
        </extensions>
      </trkpt>
      <trkpt lat="34.24105052836239337921142578125" lon="108.9627362787723541259765625">
        <ele>420</ele>
        <time>2026-03-21T08:45:56.000Z</time>
        <extensions>
          <ns3:TrackPointExtension>
            <ns3:hr>152</ns3:hr>
            <ns3:cad>98</ns3:cad>
          </ns3:TrackPointExtension>
        </extensions>
      </trkpt>
      <trkpt lat="34.24102202989161014556884765625" lon="108.96273720078170299530029296875">
        <ele>420</ele>
        <time>2026-03-21T08:45:57.000Z</time>
        <extensions>
          <ns3:TrackPointExtension>
            <ns3:hr>152</ns3:hr>
            <ns3:cad>97</ns3:cad>
          </ns3:TrackPointExtension>
        </extensions>
      </trkpt>
      <trkpt lat="34.24099084921181201934814453125" lon="108.9627408050000667572021484375">
        <ele>420</ele>
        <time>2026-03-21T08:45:58.000Z</time>
        <extensions>
          <ns3:TrackPointExtension>
            <ns3:hr>151</ns3:hr>
            <ns3:cad>97</ns3:cad>
          </ns3:TrackPointExtension>
        </extensions>
      </trkpt>
      <trkpt lat="34.24096553586423397064208984375" lon="108.962737955152988433837890625">
        <ele>420</ele>
        <time>2026-03-21T08:45:59.000Z</time>
        <extensions>
          <ns3:TrackPointExtension>
            <ns3:hr>151</ns3:hr>
            <ns3:cad>97</ns3:cad>
          </ns3:TrackPointExtension>
        </extensions>
      </trkpt>
      <trkpt lat="34.24093619920313358306884765625" lon="108.962741978466510772705078125">
        <ele>420</ele>
        <time>2026-03-21T08:46:00.000Z</time>
        <extensions>
          <ns3:TrackPointExtension>
            <ns3:hr>151</ns3:hr>
            <ns3:cad>97</ns3:cad>
          </ns3:TrackPointExtension>
        </extensions>
      </trkpt>
      <trkpt lat="34.2409084551036357879638671875" lon="108.9627438224852085113525390625">
        <ele>420</ele>
        <time>2026-03-21T08:46:01.000Z</time>
        <extensions>
          <ns3:TrackPointExtension>
            <ns3:hr>151</ns3:hr>
            <ns3:cad>97</ns3:cad>
          </ns3:TrackPointExtension>
        </extensions>
      </trkpt>
      <trkpt lat="34.2408823035657405853271484375" lon="108.96274373866617679595947265625">
        <ele>420</ele>
        <time>2026-03-21T08:46:02.000Z</time>
        <extensions>
          <ns3:TrackPointExtension>
            <ns3:hr>151</ns3:hr>
            <ns3:cad>97</ns3:cad>
          </ns3:TrackPointExtension>
        </extensions>
      </trkpt>
      <trkpt lat="34.24085296690464019775390625" lon="108.96274742670357227325439453125">
        <ele>420</ele>
        <time>2026-03-21T08:46:03.000Z</time>
        <extensions>
          <ns3:TrackPointExtension>
            <ns3:hr>152</ns3:hr>
            <ns3:cad>97</ns3:cad>
          </ns3:TrackPointExtension>
        </extensions>
      </trkpt>
      <trkpt lat="34.24082891084253787994384765625" lon="108.96274725906550884246826171875">
        <ele>420</ele>
        <time>2026-03-21T08:46:04.000Z</time>
        <extensions>
          <ns3:TrackPointExtension>
            <ns3:hr>151</ns3:hr>
            <ns3:cad>97</ns3:cad>
          </ns3:TrackPointExtension>
        </extensions>
      </trkpt>
      <trkpt lat="34.24080342985689640045166015625" lon="108.96275077946484088897705078125">
        <ele>420</ele>
        <time>2026-03-21T08:46:05.000Z</time>
        <extensions>
          <ns3:TrackPointExtension>
            <ns3:hr>151</ns3:hr>
            <ns3:cad>97</ns3:cad>
          </ns3:TrackPointExtension>
        </extensions>
      </trkpt>
      <trkpt lat="34.24077644012868404388427734375" lon="108.962754718959331512451171875">
        <ele>420</ele>
        <time>2026-03-21T08:46:06.000Z</time>
        <extensions>
          <ns3:TrackPointExtension>
            <ns3:hr>152</ns3:hr>
            <ns3:cad>97</ns3:cad>
          </ns3:TrackPointExtension>
        </extensions>
      </trkpt>
      <trkpt lat="34.24075095914304256439208984375" lon="108.962751366198062896728515625">
        <ele>420</ele>
        <time>2026-03-21T08:46:07.000Z</time>
        <extensions>
          <ns3:TrackPointExtension>
            <ns3:hr>151</ns3:hr>
            <ns3:cad>97</ns3:cad>
          </ns3:TrackPointExtension>
        </extensions>
      </trkpt>
      <trkpt lat="34.2407262325286865234375" lon="108.96275145001709461212158203125">
        <ele>420</ele>
        <time>2026-03-21T08:46:08.000Z</time>
        <extensions>
          <ns3:TrackPointExtension>
            <ns3:hr>152</ns3:hr>
            <ns3:cad>97</ns3:cad>
          </ns3:TrackPointExtension>
        </extensions>
      </trkpt>
      <trkpt lat="34.24069932661950588226318359375" lon="108.96274994127452373504638671875">
        <ele>420</ele>
        <time>2026-03-21T08:46:09.000Z</time>
        <extensions>
          <ns3:TrackPointExtension>
            <ns3:hr>152</ns3:hr>
            <ns3:cad>97</ns3:cad>
          </ns3:TrackPointExtension>
        </extensions>
      </trkpt>
      <trkpt lat="34.24067602492868900299072265625" lon="108.96275103092193603515625">
        <ele>420</ele>
        <time>2026-03-21T08:46:10.000Z</time>
        <extensions>
          <ns3:TrackPointExtension>
            <ns3:hr>151</ns3:hr>
            <ns3:cad>97</ns3:cad>
          </ns3:TrackPointExtension>
        </extensions>
      </trkpt>
      <trkpt lat="34.2406499572098255157470703125" lon="108.96275228820741176605224609375">
        <ele>420</ele>
        <time>2026-03-21T08:46:11.000Z</time>
        <extensions>
          <ns3:TrackPointExtension>
            <ns3:hr>151</ns3:hr>
            <ns3:cad>97</ns3:cad>
          </ns3:TrackPointExtension>
        </extensions>
      </trkpt>
      <trkpt lat="34.24062623642385005950927734375" lon="108.96275103092193603515625">
        <ele>420</ele>
        <time>2026-03-21T08:46:12.000Z</time>
        <extensions>
          <ns3:TrackPointExtension>
            <ns3:hr>151</ns3:hr>
            <ns3:cad>98</ns3:cad>
          </ns3:TrackPointExtension>
        </extensions>
      </trkpt>
      <trkpt lat="34.24059874378144741058349609375" lon="108.96275463514029979705810546875">
        <ele>420</ele>
        <time>2026-03-21T08:46:13.000Z</time>
        <extensions>
          <ns3:TrackPointExtension>
            <ns3:hr>152</ns3:hr>
            <ns3:cad>98</ns3:cad>
          </ns3:TrackPointExtension>
        </extensions>
      </trkpt>
      <trkpt lat="34.24056823365390300750732421875" lon="108.96275497041642665863037109375">
        <ele>420</ele>
        <time>2026-03-21T08:46:14.000Z</time>
        <extensions>
          <ns3:TrackPointExtension>
            <ns3:hr>152</ns3:hr>
            <ns3:cad>98</ns3:cad>
          </ns3:TrackPointExtension>
        </extensions>
      </trkpt>
      <trkpt lat="34.240540824830532073974609375" lon="108.96275396458804607391357421875">
        <ele>420</ele>
        <time>2026-03-21T08:46:15.000Z</time>
        <extensions>
          <ns3:TrackPointExtension>
            <ns3:hr>152</ns3:hr>
            <ns3:cad>97</ns3:cad>
          </ns3:TrackPointExtension>
        </extensions>
      </trkpt>
      <trkpt lat="34.2405111528933048248291015625" lon="108.9627555571496486663818359375">
        <ele>420</ele>
        <time>2026-03-21T08:46:16.000Z</time>
        <extensions>
          <ns3:TrackPointExtension>
            <ns3:hr>153</ns3:hr>
            <ns3:cad>97</ns3:cad>
          </ns3:TrackPointExtension>
        </extensions>
      </trkpt>
      <trkpt lat="34.24048206768929958343505859375" lon="108.96275279112160205841064453125">
        <ele>420</ele>
        <time>2026-03-21T08:46:17.000Z</time>
        <extensions>
          <ns3:TrackPointExtension>
            <ns3:hr>153</ns3:hr>
            <ns3:cad>98</ns3:cad>
          </ns3:TrackPointExtension>
        </extensions>
      </trkpt>
      <trkpt lat="34.24045524559915065765380859375" lon="108.96274910308420658111572265625">
        <ele>420</ele>
        <time>2026-03-21T08:46:18.000Z</time>
        <extensions>
          <ns3:TrackPointExtension>
            <ns3:hr>154</ns3:hr>
            <ns3:cad>98</ns3:cad>
          </ns3:TrackPointExtension>
        </extensions>
      </trkpt>
      <trkpt lat="34.2404258251190185546875" lon="108.9627481810748577117919921875">
        <ele>420</ele>
        <time>2026-03-21T08:46:19.000Z</time>
        <extensions>
          <ns3:TrackPointExtension>
            <ns3:hr>155</ns3:hr>
            <ns3:cad>98</ns3:cad>
          </ns3:TrackPointExtension>
        </extensions>
      </trkpt>
      <trkpt lat="34.24039841629564762115478515625" lon="108.96274876780807971954345703125">
        <ele>419.79998779296875</ele>
        <time>2026-03-21T08:46:20.000Z</time>
        <extensions>
          <ns3:TrackPointExtension>
            <ns3:hr>155</ns3:hr>
            <ns3:cad>98</ns3:cad>
          </ns3:TrackPointExtension>
        </extensions>
      </trkpt>
      <trkpt lat="34.2403743602335453033447265625" lon="108.96274792961776256561279296875">
        <ele>419.79998779296875</ele>
        <time>2026-03-21T08:46:21.000Z</time>
        <extensions>
          <ns3:TrackPointExtension>
            <ns3:hr>156</ns3:hr>
            <ns3:cad>98</ns3:cad>
          </ns3:TrackPointExtension>
        </extensions>
      </trkpt>
      <trkpt lat="34.2403466999530792236328125" lon="108.96274893544614315032958984375">
        <ele>419.79998779296875</ele>
        <time>2026-03-21T08:46:22.000Z</time>
        <extensions>
          <ns3:TrackPointExtension>
            <ns3:hr>155</ns3:hr>
            <ns3:cad>98</ns3:cad>
          </ns3:TrackPointExtension>
        </extensions>
      </trkpt>
      <trkpt lat="34.24032314680516719818115234375" lon="108.962752036750316619873046875">
        <ele>419.79998779296875</ele>
        <time>2026-03-21T08:46:23.000Z</time>
        <extensions>
          <ns3:TrackPointExtension>
            <ns3:hr>155</ns3:hr>
            <ns3:cad>99</ns3:cad>
          </ns3:TrackPointExtension>
        </extensions>
      </trkpt>
      <trkpt lat="34.24029548652470111846923828125" lon="108.962754718959331512451171875">
        <ele>419.79998779296875</ele>
        <time>2026-03-21T08:46:24.000Z</time>
        <extensions>
          <ns3:TrackPointExtension>
            <ns3:hr>155</ns3:hr>
            <ns3:cad>99</ns3:cad>
          </ns3:TrackPointExtension>
        </extensions>
      </trkpt>
      <trkpt lat="34.2402647249400615692138671875" lon="108.9627595804631710052490234375">
        <ele>420</ele>
        <time>2026-03-21T08:46:25.000Z</time>
        <extensions>
          <ns3:TrackPointExtension>
            <ns3:hr>154</ns3:hr>
            <ns3:cad>99</ns3:cad>
          </ns3:TrackPointExtension>
        </extensions>
      </trkpt>
      <trkpt lat="34.2402368970215320587158203125" lon="108.962764106690883636474609375">
        <ele>420</ele>
        <time>2026-03-21T08:46:26.000Z</time>
        <extensions>
          <ns3:TrackPointExtension>
            <ns3:hr>154</ns3:hr>
            <ns3:cad>99</ns3:cad>
          </ns3:TrackPointExtension>
        </extensions>
      </trkpt>
      <trkpt lat="34.24020915292203426361083984375" lon="108.9627763442695140838623046875">
        <ele>419.79998779296875</ele>
        <time>2026-03-21T08:46:27.000Z</time>
        <extensions>
          <ns3:TrackPointExtension>
            <ns3:hr>155</ns3:hr>
            <ns3:cad>98</ns3:cad>
          </ns3:TrackPointExtension>
        </extensions>
      </trkpt>
      <trkpt lat="34.24017864279448986053466796875" lon="108.9627917669713497161865234375">
        <ele>419.79998779296875</ele>
        <time>2026-03-21T08:46:28.000Z</time>
        <extensions>
          <ns3:TrackPointExtension>
            <ns3:hr>155</ns3:hr>
            <ns3:cad>98</ns3:cad>
          </ns3:TrackPointExtension>
        </extensions>
      </trkpt>
      <trkpt lat="34.240153916180133819580078125" lon="108.9628001488745212554931640625">
        <ele>419.79998779296875</ele>
        <time>2026-03-21T08:46:29.000Z</time>
        <extensions>
          <ns3:TrackPointExtension>
            <ns3:hr>155</ns3:hr>
            <ns3:cad>99</ns3:cad>
          </ns3:TrackPointExtension>
        </extensions>
      </trkpt>
      <trkpt lat="34.24012633971869945526123046875" lon="108.96281582303345203399658203125">
        <ele>419.79998779296875</ele>
        <time>2026-03-21T08:46:30.000Z</time>
        <extensions>
          <ns3:TrackPointExtension>
            <ns3:hr>155</ns3:hr>
            <ns3:cad>99</ns3:cad>
          </ns3:TrackPointExtension>
        </extensions>
      </trkpt>
      <trkpt lat="34.24010270275175571441650390625" lon="108.9628309942781925201416015625">
        <ele>419.79998779296875</ele>
        <time>2026-03-21T08:46:31.000Z</time>
        <extensions>
          <ns3:TrackPointExtension>
            <ns3:hr>154</ns3:hr>
            <ns3:cad>99</ns3:cad>
          </ns3:TrackPointExtension>
        </extensions>
      </trkpt>
      <trkpt lat="34.2400789819657802581787109375" lon="108.96284398622810840606689453125">
        <ele>419.79998779296875</ele>
        <time>2026-03-21T08:46:32.000Z</time>
        <extensions>
          <ns3:TrackPointExtension>
            <ns3:hr>154</ns3:hr>
            <ns3:cad>99</ns3:cad>
          </ns3:TrackPointExtension>
        </extensions>
      </trkpt>
      <trkpt lat="34.24005777575075626373291015625" lon="108.96286779083311557769775390625">
        <ele>419.79998779296875</ele>
        <time>2026-03-21T08:46:33.000Z</time>
        <extensions>
          <ns3:TrackPointExtension>
            <ns3:hr>154</ns3:hr>
            <ns3:cad>99</ns3:cad>
          </ns3:TrackPointExtension>
        </extensions>
      </trkpt>
      <trkpt lat="34.2400374077260494232177734375" lon="108.96288723684847354888916015625">
        <ele>419.79998779296875</ele>
        <time>2026-03-21T08:46:34.000Z</time>
        <extensions>
          <ns3:TrackPointExtension>
            <ns3:hr>154</ns3:hr>
            <ns3:cad>98</ns3:cad>
          </ns3:TrackPointExtension>
        </extensions>
      </trkpt>
      <trkpt lat="34.2400186322629451751708984375" lon="108.9629077725112438201904296875">
        <ele>420</ele>
        <time>2026-03-21T08:46:35.000Z</time>
        <extensions>
          <ns3:TrackPointExtension>
            <ns3:hr>154</ns3:hr>
            <ns3:cad>98</ns3:cad>
          </ns3:TrackPointExtension>
        </extensions>
      </trkpt>
      <trkpt lat="34.2399995215237140655517578125" lon="108.9629356004297733306884765625">
        <ele>420</ele>
        <time>2026-03-21T08:46:36.000Z</time>
        <extensions>
          <ns3:TrackPointExtension>
            <ns3:hr>154</ns3:hr>
            <ns3:cad>98</ns3:cad>
          </ns3:TrackPointExtension>
        </extensions>
      </trkpt>
      <trkpt lat="34.23998057842254638671875" lon="108.96296066232025623321533203125">
        <ele>420</ele>
        <time>2026-03-21T08:46:37.000Z</time>
        <extensions>
          <ns3:TrackPointExtension>
            <ns3:hr>154</ns3:hr>
            <ns3:cad>97</ns3:cad>
          </ns3:TrackPointExtension>
        </extensions>
      </trkpt>
      <trkpt lat="34.23996540717780590057373046875" lon="108.96298832260072231292724609375">
        <ele>420</ele>
        <time>2026-03-21T08:46:38.000Z</time>
        <extensions>
          <ns3:TrackPointExtension>
            <ns3:hr>154</ns3:hr>
            <ns3:cad>97</ns3:cad>
          </ns3:TrackPointExtension>
        </extensions>
      </trkpt>
      <trkpt lat="34.2399525828659534454345703125" lon="108.96302721463143825531005859375">
        <ele>420</ele>
        <time>2026-03-21T08:46:39.000Z</time>
        <extensions>
          <ns3:TrackPointExtension>
            <ns3:hr>153</ns3:hr>
            <ns3:cad>97</ns3:cad>
          </ns3:TrackPointExtension>
        </extensions>
      </trkpt>
      <trkpt lat="34.23993892036378383636474609375" lon="108.9630579762160778045654296875">
        <ele>420</ele>
        <time>2026-03-21T08:46:40.000Z</time>
        <extensions>
          <ns3:TrackPointExtension>
            <ns3:hr>153</ns3:hr>
            <ns3:cad>97</ns3:cad>
          </ns3:TrackPointExtension>
        </extensions>
      </trkpt>
      <trkpt lat="34.239928610622882843017578125" lon="108.96308991126716136932373046875">
        <ele>420</ele>
        <time>2026-03-21T08:46:41.000Z</time>
        <extensions>
          <ns3:TrackPointExtension>
            <ns3:hr>153</ns3:hr>
            <ns3:cad>97</ns3:cad>
          </ns3:TrackPointExtension>
        </extensions>
      </trkpt>
      <trkpt lat="34.23992048017680644989013671875" lon="108.96313450299203395843505859375">
        <ele>420</ele>
        <time>2026-03-21T08:46:42.000Z</time>
        <extensions>
          <ns3:TrackPointExtension>
            <ns3:hr>153</ns3:hr>
            <ns3:cad>97</ns3:cad>
          </ns3:TrackPointExtension>
        </extensions>
      </trkpt>
      <trkpt lat="34.23991176299750804901123046875" lon="108.9631669409573078155517578125">
        <ele>420</ele>
        <time>2026-03-21T08:46:43.000Z</time>
        <extensions>
          <ns3:TrackPointExtension>
            <ns3:hr>153</ns3:hr>
            <ns3:cad>97</ns3:cad>
          </ns3:TrackPointExtension>
        </extensions>
      </trkpt>
      <trkpt lat="34.239911846816539764404296875" lon="108.9632083475589752197265625">
        <ele>420</ele>
        <time>2026-03-21T08:46:44.000Z</time>
        <extensions>
          <ns3:TrackPointExtension>
            <ns3:hr>153</ns3:hr>
            <ns3:cad>98</ns3:cad>
          </ns3:TrackPointExtension>
        </extensions>
      </trkpt>
      <trkpt lat="34.2399096675217151641845703125" lon="108.9632477425038814544677734375">
        <ele>420</ele>
        <time>2026-03-21T08:46:45.000Z</time>
        <extensions>
          <ns3:TrackPointExtension>
            <ns3:hr>153</ns3:hr>
            <ns3:cad>98</ns3:cad>
          </ns3:TrackPointExtension>
        </extensions>
      </trkpt>
      <trkpt lat="34.239906482398509979248046875" lon="108.96327917464077472686767578125">
        <ele>420</ele>
        <time>2026-03-21T08:46:46.000Z</time>
        <extensions>
          <ns3:TrackPointExtension>
            <ns3:hr>153</ns3:hr>
            <ns3:cad>98</ns3:cad>
          </ns3:TrackPointExtension>
        </extensions>
      </trkpt>
      <trkpt lat="34.23991553485393524169921875" lon="108.9633171446621417999267578125">
        <ele>419.79998779296875</ele>
        <time>2026-03-21T08:46:47.000Z</time>
        <extensions>
          <ns3:TrackPointExtension>
            <ns3:hr>154</ns3:hr>
            <ns3:cad>98</ns3:cad>
          </ns3:TrackPointExtension>
        </extensions>
      </trkpt>
      <trkpt lat="34.2399170435965061187744140625" lon="108.96334673278033733367919921875">
        <ele>419.79998779296875</ele>
        <time>2026-03-21T08:46:48.000Z</time>
        <extensions>
          <ns3:TrackPointExtension>
            <ns3:hr>153</ns3:hr>
            <ns3:cad>98</ns3:cad>
          </ns3:TrackPointExtension>
        </extensions>
      </trkpt>
      <trkpt lat="34.23991930671036243438720703125" lon="108.9633771590888500213623046875">
        <ele>419.79998779296875</ele>
        <time>2026-03-21T08:46:49.000Z</time>
        <extensions>
          <ns3:TrackPointExtension>
            <ns3:hr>153</ns3:hr>
            <ns3:cad>98</ns3:cad>
          </ns3:TrackPointExtension>
        </extensions>
      </trkpt>
      <trkpt lat="34.23992785625159740447998046875" lon="108.96341261453926563262939453125">
        <ele>419.79998779296875</ele>
        <time>2026-03-21T08:46:50.000Z</time>
        <extensions>
          <ns3:TrackPointExtension>
            <ns3:hr>153</ns3:hr>
            <ns3:cad>97</ns3:cad>
          </ns3:TrackPointExtension>
        </extensions>
      </trkpt>
      <trkpt lat="34.2399334721267223358154296875" lon="108.963443376123905181884765625">
        <ele>419.79998779296875</ele>
        <time>2026-03-21T08:46:51.000Z</time>
        <extensions>
          <ns3:TrackPointExtension>
            <ns3:hr>153</ns3:hr>
            <ns3:cad>97</ns3:cad>
          </ns3:TrackPointExtension>
        </extensions>
      </trkpt>
      <trkpt lat="34.2399431951344013214111328125" lon="108.96346994675695896148681640625">
        <ele>419.79998779296875</ele>
        <time>2026-03-21T08:46:52.000Z</time>
        <extensions>
          <ns3:TrackPointExtension>
            <ns3:hr>153</ns3:hr>
            <ns3:cad>48</ns3:cad>
          </ns3:TrackPointExtension>
        </extensions>
      </trkpt>
      <trkpt lat="34.23995417542755603790283203125" lon="108.96349333226680755615234375">
        <ele>419.79998779296875</ele>
        <time>2026-03-21T08:46:53.000Z</time>
        <extensions>
          <ns3:TrackPointExtension>
            <ns3:hr>153</ns3:hr>
            <ns3:cad>98</ns3:cad>
          </ns3:TrackPointExtension>
        </extensions>
      </trkpt>
      <trkpt lat="34.23996959812939167022705078125" lon="108.9635186456143856048583984375">
        <ele>419.79998779296875</ele>
        <time>2026-03-21T08:46:54.000Z</time>
        <extensions>
          <ns3:TrackPointExtension>
            <ns3:hr>153</ns3:hr>
            <ns3:cad>98</ns3:cad>
          </ns3:TrackPointExtension>
        </extensions>
      </trkpt>
      <trkpt lat="34.23998971469700336456298828125" lon="108.96354270167648792266845703125">
        <ele>419.600006103515625</ele>
        <time>2026-03-21T08:46:55.000Z</time>
        <extensions>
          <ns3:TrackPointExtension>
            <ns3:hr>153</ns3:hr>
            <ns3:cad>99</ns3:cad>
          </ns3:TrackPointExtension>
        </extensions>
      </trkpt>
      <trkpt lat="34.240010417997837066650390625" lon="108.96356843411922454833984375">
        <ele>419.600006103515625</ele>
        <time>2026-03-21T08:46:56.000Z</time>
        <extensions>
          <ns3:TrackPointExtension>
            <ns3:hr>153</ns3:hr>
            <ns3:cad>99</ns3:cad>
          </ns3:TrackPointExtension>
        </extensions>
      </trkpt>
      <trkpt lat="34.24003061838448047637939453125" lon="108.96359534002840518951416015625">
        <ele>419.79998779296875</ele>
        <time>2026-03-21T08:46:57.000Z</time>
        <extensions>
          <ns3:TrackPointExtension>
            <ns3:hr>153</ns3:hr>
            <ns3:cad>99</ns3:cad>
          </ns3:TrackPointExtension>
        </extensions>
      </trkpt>
      <trkpt lat="34.24005593173205852508544921875" lon="108.963619731366634368896484375">
        <ele>419.79998779296875</ele>
        <time>2026-03-21T08:46:58.000Z</time>
        <extensions>
          <ns3:TrackPointExtension>
            <ns3:hr>153</ns3:hr>
            <ns3:cad>99</ns3:cad>
          </ns3:TrackPointExtension>
        </extensions>
      </trkpt>
      <trkpt lat="34.240080155432224273681640625" lon="108.96364361979067325592041015625">
        <ele>419.600006103515625</ele>
        <time>2026-03-21T08:46:59.000Z</time>
        <extensions>
          <ns3:TrackPointExtension>
            <ns3:hr>153</ns3:hr>
            <ns3:cad>99</ns3:cad>
          </ns3:TrackPointExtension>
        </extensions>
      </trkpt>
      <trkpt lat="34.240100271999835968017578125" lon="108.96366490982472896575927734375">
        <ele>419.600006103515625</ele>
        <time>2026-03-21T08:47:00.000Z</time>
        <extensions>
          <ns3:TrackPointExtension>
            <ns3:hr>153</ns3:hr>
            <ns3:cad>99</ns3:cad>
          </ns3:TrackPointExtension>
        </extensions>
      </trkpt>
      <trkpt lat="34.2401282675564289093017578125" lon="108.9636842720210552215576171875">
        <ele>419.600006103515625</ele>
        <time>2026-03-21T08:47:01.000Z</time>
        <extensions>
          <ns3:TrackPointExtension>
            <ns3:hr>153</ns3:hr>
            <ns3:cad>98</ns3:cad>
          </ns3:TrackPointExtension>
        </extensions>
      </trkpt>
      <trkpt lat="34.24015223979949951171875" lon="108.963700868189334869384765625">
        <ele>419.600006103515625</ele>
        <time>2026-03-21T08:47:02.000Z</time>
        <extensions>
          <ns3:TrackPointExtension>
            <ns3:hr>154</ns3:hr>
            <ns3:cad>98</ns3:cad>
          </ns3:TrackPointExtension>
        </extensions>
      </trkpt>
      <trkpt lat="34.240182749927043914794921875" lon="108.9637114293873310089111328125">
        <ele>419.600006103515625</ele>
        <time>2026-03-21T08:47:03.000Z</time>
        <extensions>
          <ns3:TrackPointExtension>
            <ns3:hr>153</ns3:hr>
            <ns3:cad>98</ns3:cad>
          </ns3:TrackPointExtension>
        </extensions>
      </trkpt>
      <trkpt lat="34.2402157746255397796630859375" lon="108.96372056566178798675537109375">
        <ele>419.600006103515625</ele>
        <time>2026-03-21T08:47:04.000Z</time>
        <extensions>
          <ns3:TrackPointExtension>
            <ns3:hr>153</ns3:hr>
            <ns3:cad>98</ns3:cad>
          </ns3:TrackPointExtension>
        </extensions>
      </trkpt>
      <trkpt lat="34.2402402497828006744384765625" lon="108.96372961811721324920654296875">
        <ele>419.79998779296875</ele>
        <time>2026-03-21T08:47:05.000Z</time>
        <extensions>
          <ns3:TrackPointExtension>
            <ns3:hr>153</ns3:hr>
            <ns3:cad>96</ns3:cad>
          </ns3:TrackPointExtension>
        </extensions>
      </trkpt>
      <trkpt lat="34.24027252011001110076904296875" lon="108.9637338928878307342529296875">
        <ele>419.79998779296875</ele>
        <time>2026-03-21T08:47:06.000Z</time>
        <extensions>
          <ns3:TrackPointExtension>
            <ns3:hr>153</ns3:hr>
            <ns3:cad>96</ns3:cad>
          </ns3:TrackPointExtension>
        </extensions>
      </trkpt>
      <trkpt lat="34.24030621536076068878173828125" lon="108.9637340605258941650390625">
        <ele>419.79998779296875</ele>
        <time>2026-03-21T08:47:07.000Z</time>
        <extensions>
          <ns3:TrackPointExtension>
            <ns3:hr>153</ns3:hr>
            <ns3:cad>99</ns3:cad>
          </ns3:TrackPointExtension>
        </extensions>
      </trkpt>
      <trkpt lat="34.24033136107027530670166015625" lon="108.9637359045445919036865234375">
        <ele>419.79998779296875</ele>
        <time>2026-03-21T08:47:08.000Z</time>
        <extensions>
          <ns3:TrackPointExtension>
            <ns3:hr>153</ns3:hr>
            <ns3:cad>99</ns3:cad>
          </ns3:TrackPointExtension>
        </extensions>
      </trkpt>
      <trkpt lat="34.24036187119781970977783203125" lon="108.96373263560235500335693359375">
        <ele>419.79998779296875</ele>
        <time>2026-03-21T08:47:09.000Z</time>
        <extensions>
          <ns3:TrackPointExtension>
            <ns3:hr>153</ns3:hr>
            <ns3:cad>98</ns3:cad>
          </ns3:TrackPointExtension>
        </extensions>
      </trkpt>
      <trkpt lat="34.24039154313504695892333984375" lon="108.96373271942138671875">
        <ele>419.79998779296875</ele>
        <time>2026-03-21T08:47:10.000Z</time>
        <extensions>
          <ns3:TrackPointExtension>
            <ns3:hr>153</ns3:hr>
            <ns3:cad>98</ns3:cad>
          </ns3:TrackPointExtension>
        </extensions>
      </trkpt>
      <trkpt lat="34.24041819758713245391845703125" lon="108.963736407458782196044921875">
        <ele>419.79998779296875</ele>
        <time>2026-03-21T08:47:11.000Z</time>
        <extensions>
          <ns3:TrackPointExtension>
            <ns3:hr>153</ns3:hr>
            <ns3:cad>98</ns3:cad>
          </ns3:TrackPointExtension>
        </extensions>
      </trkpt>
      <trkpt lat="34.24045206047594547271728515625" lon="108.96373271942138671875">
        <ele>419.79998779296875</ele>
        <time>2026-03-21T08:47:12.000Z</time>
        <extensions>
          <ns3:TrackPointExtension>
            <ns3:hr>153</ns3:hr>
            <ns3:cad>98</ns3:cad>
          </ns3:TrackPointExtension>
        </extensions>
      </trkpt>
      <trkpt lat="34.2404799722135066986083984375" lon="108.963731043040752410888671875">
        <ele>419.79998779296875</ele>
        <time>2026-03-21T08:47:13.000Z</time>
        <extensions>
          <ns3:TrackPointExtension>
            <ns3:hr>153</ns3:hr>
            <ns3:cad>98</ns3:cad>
          </ns3:TrackPointExtension>
        </extensions>
      </trkpt>
      <trkpt lat="34.24050838686525821685791015625" lon="108.96373028866946697235107421875">
        <ele>419.79998779296875</ele>
        <time>2026-03-21T08:47:14.000Z</time>
        <extensions>
          <ns3:TrackPointExtension>
            <ns3:hr>154</ns3:hr>
            <ns3:cad>98</ns3:cad>
          </ns3:TrackPointExtension>
        </extensions>
      </trkpt>
      <trkpt lat="34.240540824830532073974609375" lon="108.96373179741203784942626953125">
        <ele>419.79998779296875</ele>
        <time>2026-03-21T08:47:15.000Z</time>
        <extensions>
          <ns3:TrackPointExtension>
            <ns3:hr>153</ns3:hr>
            <ns3:cad>99</ns3:cad>
          </ns3:TrackPointExtension>
        </extensions>
      </trkpt>
      <trkpt lat="34.24056588672101497650146484375" lon="108.9637312106788158416748046875">
        <ele>419.79998779296875</ele>
        <time>2026-03-21T08:47:16.000Z</time>
        <extensions>
          <ns3:TrackPointExtension>
            <ns3:hr>154</ns3:hr>
            <ns3:cad>99</ns3:cad>
          </ns3:TrackPointExtension>
        </extensions>
      </trkpt>
      <trkpt lat="34.2405916191637516021728515625" lon="108.96372534334659576416015625">
        <ele>419.79998779296875</ele>
        <time>2026-03-21T08:47:17.000Z</time>
        <extensions>
          <ns3:TrackPointExtension>
            <ns3:hr>154</ns3:hr>
            <ns3:cad>99</ns3:cad>
          </ns3:TrackPointExtension>
        </extensions>
      </trkpt>
      <trkpt lat="34.24061969853937625885009765625" lon="108.96372324787080287933349609375">
        <ele>419.79998779296875</ele>
        <time>2026-03-21T08:47:18.000Z</time>
        <extensions>
          <ns3:TrackPointExtension>
            <ns3:hr>154</ns3:hr>
            <ns3:cad>99</ns3:cad>
          </ns3:TrackPointExtension>
        </extensions>
      </trkpt>
      <trkpt lat="34.24064417369663715362548828125" lon="108.9637260138988494873046875">
        <ele>419.79998779296875</ele>
        <time>2026-03-21T08:47:19.000Z</time>
        <extensions>
          <ns3:TrackPointExtension>
            <ns3:hr>155</ns3:hr>
            <ns3:cad>99</ns3:cad>
          </ns3:TrackPointExtension>
        </extensions>
      </trkpt>
      <trkpt lat="34.240672588348388671875" lon="108.963725678622722625732421875">
        <ele>419.79998779296875</ele>
        <time>2026-03-21T08:47:20.000Z</time>
        <extensions>
          <ns3:TrackPointExtension>
            <ns3:hr>155</ns3:hr>
            <ns3:cad>99</ns3:cad>
          </ns3:TrackPointExtension>
        </extensions>
      </trkpt>
      <trkpt lat="34.24069999717175960540771484375" lon="108.9637260138988494873046875">
        <ele>419.79998779296875</ele>
        <time>2026-03-21T08:47:21.000Z</time>
        <extensions>
          <ns3:TrackPointExtension>
            <ns3:hr>155</ns3:hr>
            <ns3:cad>99</ns3:cad>
          </ns3:TrackPointExtension>
        </extensions>
      </trkpt>
      <trkpt lat="34.240723550319671630859375" lon="108.96372727118432521820068359375">
        <ele>419.79998779296875</ele>
        <time>2026-03-21T08:47:22.000Z</time>
        <extensions>
          <ns3:TrackPointExtension>
            <ns3:hr>155</ns3:hr>
            <ns3:cad>99</ns3:cad>
          </ns3:TrackPointExtension>
        </extensions>
      </trkpt>
      <trkpt lat="34.240750707685947418212890625" lon="108.96372710354626178741455078125">
        <ele>419.79998779296875</ele>
        <time>2026-03-21T08:47:23.000Z</time>
        <extensions>
          <ns3:TrackPointExtension>
            <ns3:hr>154</ns3:hr>
            <ns3:cad>97</ns3:cad>
          </ns3:TrackPointExtension>
        </extensions>
      </trkpt>
      <trkpt lat="34.24077627249062061309814453125" lon="108.9637286961078643798828125">
        <ele>419.79998779296875</ele>
        <time>2026-03-21T08:47:24.000Z</time>
        <extensions>
          <ns3:TrackPointExtension>
            <ns3:hr>154</ns3:hr>
            <ns3:cad>97</ns3:cad>
          </ns3:TrackPointExtension>
        </extensions>
      </trkpt>
      <trkpt lat="34.240800999104976654052734375" lon="108.96372928284108638763427734375">
        <ele>419.79998779296875</ele>
        <time>2026-03-21T08:47:25.000Z</time>
        <extensions>
          <ns3:TrackPointExtension>
            <ns3:hr>154</ns3:hr>
            <ns3:cad>97</ns3:cad>
          </ns3:TrackPointExtension>
        </extensions>
      </trkpt>
      <trkpt lat="34.24082907848060131072998046875" lon="108.96373012103140354156494140625">
        <ele>419.79998779296875</ele>
        <time>2026-03-21T08:47:26.000Z</time>
        <extensions>
          <ns3:TrackPointExtension>
            <ns3:hr>155</ns3:hr>
            <ns3:cad>98</ns3:cad>
          </ns3:TrackPointExtension>
        </extensions>
      </trkpt>
      <trkpt lat="34.2408524639904499053955078125" lon="108.9637332223355770111083984375">
        <ele>419.600006103515625</ele>
        <time>2026-03-21T08:47:27.000Z</time>
        <extensions>
          <ns3:TrackPointExtension>
            <ns3:hr>154</ns3:hr>
            <ns3:cad>98</ns3:cad>
          </ns3:TrackPointExtension>
        </extensions>
      </trkpt>
      <trkpt lat="34.240878112614154815673828125" lon="108.9637335576117038726806640625">
        <ele>419.600006103515625</ele>
        <time>2026-03-21T08:47:28.000Z</time>
        <extensions>
          <ns3:TrackPointExtension>
            <ns3:hr>154</ns3:hr>
            <ns3:cad>98</ns3:cad>
          </ns3:TrackPointExtension>
        </extensions>
      </trkpt>
      <trkpt lat="34.24090552143752574920654296875" lon="108.96373380906879901885986328125">
        <ele>419.600006103515625</ele>
        <time>2026-03-21T08:47:29.000Z</time>
        <extensions>
          <ns3:TrackPointExtension>
            <ns3:hr>155</ns3:hr>
            <ns3:cad>99</ns3:cad>
          </ns3:TrackPointExtension>
        </extensions>
      </trkpt>
      <trkpt lat="34.240931086242198944091796875" lon="108.963737078011035919189453125">
        <ele>419.600006103515625</ele>
        <time>2026-03-21T08:47:30.000Z</time>
        <extensions>
          <ns3:TrackPointExtension>
            <ns3:hr>154</ns3:hr>
            <ns3:cad>99</ns3:cad>
          </ns3:TrackPointExtension>
        </extensions>
      </trkpt>
      <trkpt lat="34.24095916561782360076904296875" lon="108.9637367427349090576171875">
        <ele>419.600006103515625</ele>
        <time>2026-03-21T08:47:31.000Z</time>
        <extensions>
          <ns3:TrackPointExtension>
            <ns3:hr>154</ns3:hr>
            <ns3:cad>99</ns3:cad>
          </ns3:TrackPointExtension>
        </extensions>
      </trkpt>
      <trkpt lat="34.24098699353635311126708984375" lon="108.963735066354274749755859375">
        <ele>419.600006103515625</ele>
        <time>2026-03-21T08:47:32.000Z</time>
        <extensions>
          <ns3:TrackPointExtension>
            <ns3:hr>155</ns3:hr>
            <ns3:cad>99</ns3:cad>
          </ns3:TrackPointExtension>
        </extensions>
      </trkpt>
      <trkpt lat="34.24101255834102630615234375" lon="108.96373900584876537322998046875">
        <ele>419.79998779296875</ele>
        <time>2026-03-21T08:47:33.000Z</time>
        <extensions>
          <ns3:TrackPointExtension>
            <ns3:hr>154</ns3:hr>
            <ns3:cad>99</ns3:cad>
          </ns3:TrackPointExtension>
        </extensions>
      </trkpt>
      <trkpt lat="34.24104147590696811676025390625" lon="108.96373665891587734222412109375">
        <ele>419.79998779296875</ele>
        <time>2026-03-21T08:47:34.000Z</time>
        <extensions>
          <ns3:TrackPointExtension>
            <ns3:hr>154</ns3:hr>
            <ns3:cad>99</ns3:cad>
          </ns3:TrackPointExtension>
        </extensions>
      </trkpt>
      <trkpt lat="34.2410683818161487579345703125" lon="108.96373313851654529571533203125">
        <ele>419.600006103515625</ele>
        <time>2026-03-21T08:47:35.000Z</time>
        <extensions>
          <ns3:TrackPointExtension>
            <ns3:hr>154</ns3:hr>
            <ns3:cad>99</ns3:cad>
          </ns3:TrackPointExtension>
        </extensions>
      </trkpt>
      <trkpt lat="34.24109394662082195281982421875" lon="108.9637348987162113189697265625">
        <ele>419.600006103515625</ele>
        <time>2026-03-21T08:47:36.000Z</time>
        <extensions>
          <ns3:TrackPointExtension>
            <ns3:hr>153</ns3:hr>
            <ns3:cad>99</ns3:cad>
          </ns3:TrackPointExtension>
        </extensions>
      </trkpt>
      <trkpt lat="34.2411240376532077789306640625" lon="108.96372928284108638763427734375">
        <ele>419.600006103515625</ele>
        <time>2026-03-21T08:47:37.000Z</time>
        <extensions>
          <ns3:TrackPointExtension>
            <ns3:hr>153</ns3:hr>
            <ns3:cad>99</ns3:cad>
          </ns3:TrackPointExtension>
        </extensions>
      </trkpt>
      <trkpt lat="34.2411511950194835662841796875" lon="108.96372542716562747955322265625">
        <ele>419.600006103515625</ele>
        <time>2026-03-21T08:47:38.000Z</time>
        <extensions>
          <ns3:TrackPointExtension>
            <ns3:hr>153</ns3:hr>
            <ns3:cad>100</ns3:cad>
          </ns3:TrackPointExtension>
        </extensions>
      </trkpt>
      <trkpt lat="34.24117709510028362274169921875" lon="108.96372073329985141754150390625">
        <ele>419.600006103515625</ele>
        <time>2026-03-21T08:47:39.000Z</time>
        <extensions>
          <ns3:TrackPointExtension>
            <ns3:hr>153</ns3:hr>
            <ns3:cad>100</ns3:cad>
          </ns3:TrackPointExtension>
        </extensions>
      </trkpt>
      <trkpt lat="34.2412058450281620025634765625" lon="108.96370698697865009307861328125">
        <ele>419.600006103515625</ele>
        <time>2026-03-21T08:47:40.000Z</time>
        <extensions>
          <ns3:TrackPointExtension>
            <ns3:hr>154</ns3:hr>
            <ns3:cad>98</ns3:cad>
          </ns3:TrackPointExtension>
        </extensions>
      </trkpt>
      <trkpt lat="34.24122713506221771240234375" lon="108.96369441412389278411865234375">
        <ele>419.600006103515625</ele>
        <time>2026-03-21T08:47:41.000Z</time>
        <extensions>
          <ns3:TrackPointExtension>
            <ns3:hr>153</ns3:hr>
            <ns3:cad>98</ns3:cad>
          </ns3:TrackPointExtension>
        </extensions>
      </trkpt>
      <trkpt lat="34.24124951474368572235107421875" lon="108.9636802487075328826904296875">
        <ele>419.600006103515625</ele>
        <time>2026-03-21T08:47:42.000Z</time>
        <extensions>
          <ns3:TrackPointExtension>
            <ns3:hr>153</ns3:hr>
            <ns3:cad>98</ns3:cad>
          </ns3:TrackPointExtension>
        </extensions>
      </trkpt>
      <trkpt lat="34.241276420652866363525390625" lon="108.96366004832088947296142578125">
        <ele>419.399993896484375</ele>
        <time>2026-03-21T08:47:43.000Z</time>
        <extensions>
          <ns3:TrackPointExtension>
            <ns3:hr>153</ns3:hr>
            <ns3:cad>98</ns3:cad>
          </ns3:TrackPointExtension>
        </extensions>
      </trkpt>
      <trkpt lat="34.24129880033433437347412109375" lon="108.96364445798099040985107421875">
        <ele>419.399993896484375</ele>
        <time>2026-03-21T08:47:44.000Z</time>
        <extensions>
          <ns3:TrackPointExtension>
            <ns3:hr>153</ns3:hr>
            <ns3:cad>98</ns3:cad>
          </ns3:TrackPointExtension>
        </extensions>
      </trkpt>
      <trkpt lat="34.2413221858441829681396484375" lon="108.96361746825277805328369140625">
        <ele>419.399993896484375</ele>
        <time>2026-03-21T08:47:45.000Z</time>
        <extensions>
          <ns3:TrackPointExtension>
            <ns3:hr>153</ns3:hr>
            <ns3:cad>98</ns3:cad>
          </ns3:TrackPointExtension>
        </extensions>
      </trkpt>
      <trkpt lat="34.24134490080177783966064453125" lon="108.96359383128583431243896484375">
        <ele>419.399993896484375</ele>
        <time>2026-03-21T08:47:46.000Z</time>
        <extensions>
          <ns3:TrackPointExtension>
            <ns3:hr>153</ns3:hr>
            <ns3:cad>98</ns3:cad>
          </ns3:TrackPointExtension>
        </extensions>
      </trkpt>
      <trkpt lat="34.24136619083583354949951171875" lon="108.96357237361371517181396484375">
        <ele>419.399993896484375</ele>
        <time>2026-03-21T08:47:47.000Z</time>
        <extensions>
          <ns3:TrackPointExtension>
            <ns3:hr>153</ns3:hr>
            <ns3:cad>98</ns3:cad>
          </ns3:TrackPointExtension>
        </extensions>
      </trkpt>
      <trkpt lat="34.24138496629893779754638671875" lon="108.96354253403842449188232421875">
        <ele>419.399993896484375</ele>
        <time>2026-03-21T08:47:48.000Z</time>
        <extensions>
          <ns3:TrackPointExtension>
            <ns3:hr>152</ns3:hr>
            <ns3:cad>98</ns3:cad>
          </ns3:TrackPointExtension>
        </extensions>
      </trkpt>
      <trkpt lat="34.241401143372058868408203125" lon="108.963517136871814727783203125">
        <ele>419.399993896484375</ele>
        <time>2026-03-21T08:47:49.000Z</time>
        <extensions>
          <ns3:TrackPointExtension>
            <ns3:hr>152</ns3:hr>
            <ns3:cad>98</ns3:cad>
          </ns3:TrackPointExtension>
        </extensions>
      </trkpt>
      <trkpt lat="34.2414153926074504852294921875" lon="108.9634908176958560943603515625">
        <ele>419.399993896484375</ele>
        <time>2026-03-21T08:47:50.000Z</time>
        <extensions>
          <ns3:TrackPointExtension>
            <ns3:hr>152</ns3:hr>
            <ns3:cad>98</ns3:cad>
          </ns3:TrackPointExtension>
        </extensions>
      </trkpt>
      <trkpt lat="34.24143006093800067901611328125" lon="108.96345854736864566802978515625">
        <ele>419.399993896484375</ele>
        <time>2026-03-21T08:47:51.000Z</time>
        <extensions>
          <ns3:TrackPointExtension>
            <ns3:hr>152</ns3:hr>
            <ns3:cad>98</ns3:cad>
          </ns3:TrackPointExtension>
        </extensions>
      </trkpt>
      <trkpt lat="34.24144146032631397247314453125" lon="108.96343700587749481201171875">
        <ele>419.399993896484375</ele>
        <time>2026-03-21T08:47:52.000Z</time>
        <extensions>
          <ns3:TrackPointExtension>
            <ns3:hr>151</ns3:hr>
            <ns3:cad>98</ns3:cad>
          </ns3:TrackPointExtension>
        </extensions>
      </trkpt>
      <trkpt lat="34.24145235680043697357177734375" lon="108.96340255625545978546142578125">
        <ele>419.399993896484375</ele>
        <time>2026-03-21T08:47:53.000Z</time>
        <extensions>
          <ns3:TrackPointExtension>
            <ns3:hr>152</ns3:hr>
            <ns3:cad>98</ns3:cad>
          </ns3:TrackPointExtension>
        </extensions>
      </trkpt>
      <trkpt lat="34.24145956523716449737548828125" lon="108.96337288431823253631591796875">
        <ele>419.399993896484375</ele>
        <time>2026-03-21T08:47:54.000Z</time>
        <extensions>
          <ns3:TrackPointExtension>
            <ns3:hr>152</ns3:hr>
            <ns3:cad>98</ns3:cad>
          </ns3:TrackPointExtension>
        </extensions>
      </trkpt>
      <trkpt lat="34.241466522216796875" lon="108.96334354765713214874267578125">
        <ele>419.399993896484375</ele>
        <time>2026-03-21T08:47:55.000Z</time>
        <extensions>
          <ns3:TrackPointExtension>
            <ns3:hr>151</ns3:hr>
            <ns3:cad>98</ns3:cad>
          </ns3:TrackPointExtension>
        </extensions>
      </trkpt>
      <trkpt lat="34.2414673604071140289306640625" lon="108.96330851130187511444091796875">
        <ele>419.20001220703125</ele>
        <time>2026-03-21T08:47:56.000Z</time>
        <extensions>
          <ns3:TrackPointExtension>
            <ns3:hr>151</ns3:hr>
            <ns3:cad>98</ns3:cad>
          </ns3:TrackPointExtension>
        </extensions>
      </trkpt>
      <trkpt lat="34.241468198597431182861328125" lon="108.96327674388885498046875">
        <ele>419.20001220703125</ele>
        <time>2026-03-21T08:47:57.000Z</time>
        <extensions>
          <ns3:TrackPointExtension>
            <ns3:hr>152</ns3:hr>
            <ns3:cad>98</ns3:cad>
          </ns3:TrackPointExtension>
        </extensions>
      </trkpt>
      <trkpt lat="34.241466522216796875" lon="108.96324388682842254638671875">
        <ele>419.20001220703125</ele>
        <time>2026-03-21T08:47:58.000Z</time>
        <extensions>
          <ns3:TrackPointExtension>
            <ns3:hr>151</ns3:hr>
            <ns3:cad>97</ns3:cad>
          </ns3:TrackPointExtension>
        </extensions>
      </trkpt>
      <trkpt lat="34.2414609901607036590576171875" lon="108.96320926956832408905029296875">
        <ele>419.20001220703125</ele>
        <time>2026-03-21T08:47:59.000Z</time>
        <extensions>
          <ns3:TrackPointExtension>
            <ns3:hr>151</ns3:hr>
            <ns3:cad>98</ns3:cad>
          </ns3:TrackPointExtension>
        </extensions>
      </trkpt>
      <trkpt lat="34.2414569668471813201904296875" lon="108.96317607723176479339599609375">
        <ele>419.399993896484375</ele>
        <time>2026-03-21T08:48:00.000Z</time>
        <extensions>
          <ns3:TrackPointExtension>
            <ns3:hr>151</ns3:hr>
            <ns3:cad>98</ns3:cad>
          </ns3:TrackPointExtension>
        </extensions>
      </trkpt>
      <trkpt lat="34.24144933931529521942138671875" lon="108.96313768811523914337158203125">
        <ele>419.399993896484375</ele>
        <time>2026-03-21T08:48:01.000Z</time>
        <extensions>
          <ns3:TrackPointExtension>
            <ns3:hr>152</ns3:hr>
            <ns3:cad>98</ns3:cad>
          </ns3:TrackPointExtension>
        </extensions>
      </trkpt>
      <trkpt lat="34.2414405383169651031494140625" lon="108.9631025679409503936767578125">
        <ele>419.399993896484375</ele>
        <time>2026-03-21T08:48:02.000Z</time>
        <extensions>
          <ns3:TrackPointExtension>
            <ns3:hr>151</ns3:hr>
            <ns3:cad>98</ns3:cad>
          </ns3:TrackPointExtension>
        </extensions>
      </trkpt>
      <trkpt lat="34.24143492244184017181396484375" lon="108.963072560727596282958984375">
        <ele>419.600006103515625</ele>
        <time>2026-03-21T08:48:03.000Z</time>
        <extensions>
          <ns3:TrackPointExtension>
            <ns3:hr>151</ns3:hr>
            <ns3:cad>98</ns3:cad>
          </ns3:TrackPointExtension>
        </extensions>
      </trkpt>
      <trkpt lat="34.24142184667289257049560546875" lon="108.9630365185439586639404296875">
        <ele>419.600006103515625</ele>
        <time>2026-03-21T08:48:04.000Z</time>
        <extensions>
          <ns3:TrackPointExtension>
            <ns3:hr>152</ns3:hr>
            <ns3:cad>98</ns3:cad>
          </ns3:TrackPointExtension>
        </extensions>
      </trkpt>
      <trkpt lat="34.241407848894596099853515625" lon="108.96300441585481166839599609375">
        <ele>419.399993896484375</ele>
        <time>2026-03-21T08:48:05.000Z</time>
        <extensions>
          <ns3:TrackPointExtension>
            <ns3:hr>151</ns3:hr>
            <ns3:cad>98</ns3:cad>
          </ns3:TrackPointExtension>
        </extensions>
      </trkpt>
      <trkpt lat="34.24138940870761871337890625" lon="108.96297323517501354217529296875">
        <ele>419.399993896484375</ele>
        <time>2026-03-21T08:48:06.000Z</time>
        <extensions>
          <ns3:TrackPointExtension>
            <ns3:hr>152</ns3:hr>
            <ns3:cad>96</ns3:cad>
          </ns3:TrackPointExtension>
        </extensions>
      </trkpt>
      <trkpt lat="34.2413718067109584808349609375" lon="108.9629449881613254547119140625">
        <ele>419.399993896484375</ele>
        <time>2026-03-21T08:48:07.000Z</time>
        <extensions>
          <ns3:TrackPointExtension>
            <ns3:hr>151</ns3:hr>
            <ns3:cad>96</ns3:cad>
          </ns3:TrackPointExtension>
        </extensions>
      </trkpt>
      <trkpt lat="34.24135579727590084075927734375" lon="108.962919674813747406005859375">
        <ele>419.600006103515625</ele>
        <time>2026-03-21T08:48:08.000Z</time>
        <extensions>
          <ns3:TrackPointExtension>
            <ns3:hr>151</ns3:hr>
            <ns3:cad>96</ns3:cad>
          </ns3:TrackPointExtension>
        </extensions>
      </trkpt>
      <trkpt lat="34.24133249558508396148681640625" lon="108.96289260126650333404541015625">
        <ele>419.399993896484375</ele>
        <time>2026-03-21T08:48:09.000Z</time>
        <extensions>
          <ns3:TrackPointExtension>
            <ns3:hr>151</ns3:hr>
            <ns3:cad>96</ns3:cad>
          </ns3:TrackPointExtension>
        </extensions>
      </trkpt>
      <trkpt lat="34.24131019972264766693115234375" lon="108.96286929957568645477294921875">
        <ele>419.399993896484375</ele>
        <time>2026-03-21T08:48:10.000Z</time>
        <extensions>
          <ns3:TrackPointExtension>
            <ns3:hr>152</ns3:hr>
            <ns3:cad>96</ns3:cad>
          </ns3:TrackPointExtension>
        </extensions>
      </trkpt>
      <trkpt lat="34.24129209481179714202880859375" lon="108.96284918300807476043701171875">
        <ele>419.399993896484375</ele>
        <time>2026-03-21T08:48:11.000Z</time>
        <extensions>
          <ns3:TrackPointExtension>
            <ns3:hr>151</ns3:hr>
            <ns3:cad>96</ns3:cad>
          </ns3:TrackPointExtension>
        </extensions>
      </trkpt>
      <trkpt lat="34.24126493744552135467529296875" lon="108.96283057518303394317626953125">
        <ele>419.399993896484375</ele>
        <time>2026-03-21T08:48:12.000Z</time>
        <extensions>
          <ns3:TrackPointExtension>
            <ns3:hr>151</ns3:hr>
            <ns3:cad>96</ns3:cad>
          </ns3:TrackPointExtension>
        </extensions>
      </trkpt>
      <trkpt lat="34.24124079756438732147216796875" lon="108.96281163208186626434326171875">
        <ele>419.399993896484375</ele>
        <time>2026-03-21T08:48:13.000Z</time>
        <extensions>
          <ns3:TrackPointExtension>
            <ns3:hr>152</ns3:hr>
            <ns3:cad>99</ns3:cad>
          </ns3:TrackPointExtension>
        </extensions>
      </trkpt>
      <trkpt lat="34.24122034572064876556396484375" lon="108.962800316512584686279296875">
        <ele>419.399993896484375</ele>
        <time>2026-03-21T08:48:14.000Z</time>
        <extensions>
          <ns3:TrackPointExtension>
            <ns3:hr>151</ns3:hr>
            <ns3:cad>99</ns3:cad>
          </ns3:TrackPointExtension>
        </extensions>
      </trkpt>
      <trkpt lat="34.24119117669761180877685546875" lon="108.96279335953295230865478515625">
        <ele>419.399993896484375</ele>
        <time>2026-03-21T08:48:15.000Z</time>
        <extensions>
          <ns3:TrackPointExtension>
            <ns3:hr>151</ns3:hr>
            <ns3:cad>99</ns3:cad>
          </ns3:TrackPointExtension>
        </extensions>
      </trkpt>
      <trkpt lat="34.24116686917841434478759765625" lon="108.962783552706241607666015625">
        <ele>419.399993896484375</ele>
        <time>2026-03-21T08:48:16.000Z</time>
        <extensions>
          <ns3:TrackPointExtension>
            <ns3:hr>152</ns3:hr>
            <ns3:cad>99</ns3:cad>
          </ns3:TrackPointExtension>
        </extensions>
      </trkpt>
      <trkpt lat="34.241142310202121734619140625" lon="108.96277877502143383026123046875">
        <ele>419.399993896484375</ele>
        <time>2026-03-21T08:48:17.000Z</time>
        <extensions>
          <ns3:TrackPointExtension>
            <ns3:hr>151</ns3:hr>
            <ns3:cad>99</ns3:cad>
          </ns3:TrackPointExtension>
        </extensions>
      </trkpt>
      <trkpt lat="34.2411112971603870391845703125" lon="108.96277718245983123779296875">
        <ele>419.399993896484375</ele>
        <time>2026-03-21T08:48:18.000Z</time>
        <extensions>
          <ns3:TrackPointExtension>
            <ns3:hr>151</ns3:hr>
            <ns3:cad>99</ns3:cad>
          </ns3:TrackPointExtension>
        </extensions>
      </trkpt>
      <trkpt lat="34.24108321778476238250732421875" lon="108.9627716504037380218505859375">
        <ele>419.399993896484375</ele>
        <time>2026-03-21T08:48:19.000Z</time>
        <extensions>
          <ns3:TrackPointExtension>
            <ns3:hr>152</ns3:hr>
            <ns3:cad>99</ns3:cad>
          </ns3:TrackPointExtension>
        </extensions>
      </trkpt>
      <trkpt lat="34.241057150065898895263671875" lon="108.9627713151276111602783203125">
        <ele>419.399993896484375</ele>
        <time>2026-03-21T08:48:20.000Z</time>
        <extensions>
          <ns3:TrackPointExtension>
            <ns3:hr>151</ns3:hr>
            <ns3:cad>97</ns3:cad>
          </ns3:TrackPointExtension>
        </extensions>
      </trkpt>
      <trkpt lat="34.2410252988338470458984375" lon="108.9627723209559917449951171875">
        <ele>419.399993896484375</ele>
        <time>2026-03-21T08:48:21.000Z</time>
        <extensions>
          <ns3:TrackPointExtension>
            <ns3:hr>151</ns3:hr>
            <ns3:cad>97</ns3:cad>
          </ns3:TrackPointExtension>
        </extensions>
      </trkpt>
      <trkpt lat="34.241001494228839874267578125" lon="108.9627679623663425445556640625">
        <ele>419.399993896484375</ele>
        <time>2026-03-21T08:48:22.000Z</time>
        <extensions>
          <ns3:TrackPointExtension>
            <ns3:hr>151</ns3:hr>
            <ns3:cad>97</ns3:cad>
          </ns3:TrackPointExtension>
        </extensions>
      </trkpt>
      <trkpt lat="34.2409728281199932098388671875" lon="108.9627652801573276519775390625">
        <ele>419.20001220703125</ele>
        <time>2026-03-21T08:48:23.000Z</time>
        <extensions>
          <ns3:TrackPointExtension>
            <ns3:hr>152</ns3:hr>
            <ns3:cad>97</ns3:cad>
          </ns3:TrackPointExtension>
        </extensions>
      </trkpt>
      <trkpt lat="34.24094550311565399169921875" lon="108.96276301704347133636474609375">
        <ele>419.20001220703125</ele>
        <time>2026-03-21T08:48:24.000Z</time>
        <extensions>
          <ns3:TrackPointExtension>
            <ns3:hr>151</ns3:hr>
            <ns3:cad>97</ns3:cad>
          </ns3:TrackPointExtension>
        </extensions>
      </trkpt>
      <trkpt lat="34.24092312343418598175048828125" lon="108.9627579040825366973876953125">
        <ele>419.20001220703125</ele>
        <time>2026-03-21T08:48:25.000Z</time>
        <extensions>
          <ns3:TrackPointExtension>
            <ns3:hr>151</ns3:hr>
            <ns3:cad>100</ns3:cad>
          </ns3:TrackPointExtension>
        </extensions>
      </trkpt>
      <trkpt lat="34.24089730717241764068603515625" lon="108.96275840699672698974609375">
        <ele>419.20001220703125</ele>
        <time>2026-03-21T08:48:26.000Z</time>
        <extensions>
          <ns3:TrackPointExtension>
            <ns3:hr>150</ns3:hr>
            <ns3:cad>100</ns3:cad>
          </ns3:TrackPointExtension>
        </extensions>
      </trkpt>
      <trkpt lat="34.24086897633969783782958984375" lon="108.96275748498737812042236328125">
        <ele>419.20001220703125</ele>
        <time>2026-03-21T08:48:27.000Z</time>
        <extensions>
          <ns3:TrackPointExtension>
            <ns3:hr>151</ns3:hr>
            <ns3:cad>98</ns3:cad>
          </ns3:TrackPointExtension>
        </extensions>
      </trkpt>
      <trkpt lat="34.2408474348485469818115234375" lon="108.962757401168346405029296875">
        <ele>419.399993896484375</ele>
        <time>2026-03-21T08:48:28.000Z</time>
        <extensions>
          <ns3:TrackPointExtension>
            <ns3:hr>150</ns3:hr>
            <ns3:cad>98</ns3:cad>
          </ns3:TrackPointExtension>
        </extensions>
      </trkpt>
      <trkpt lat="34.24082052893936634063720703125" lon="108.96275949664413928985595703125">
        <ele>419.399993896484375</ele>
        <time>2026-03-21T08:48:29.000Z</time>
        <extensions>
          <ns3:TrackPointExtension>
            <ns3:hr>150</ns3:hr>
            <ns3:cad>98</ns3:cad>
          </ns3:TrackPointExtension>
        </extensions>
      </trkpt>
      <trkpt lat="34.240796305239200592041015625" lon="108.96275949664413928985595703125">
        <ele>419.399993896484375</ele>
        <time>2026-03-21T08:48:30.000Z</time>
        <extensions>
          <ns3:TrackPointExtension>
            <ns3:hr>150</ns3:hr>
            <ns3:cad>98</ns3:cad>
          </ns3:TrackPointExtension>
        </extensions>
      </trkpt>
      <trkpt lat="34.24077409319579601287841796875" lon="108.962761424481868743896484375">
        <ele>419.399993896484375</ele>
        <time>2026-03-21T08:48:31.000Z</time>
        <extensions>
          <ns3:TrackPointExtension>
            <ns3:hr>150</ns3:hr>
            <ns3:cad>99</ns3:cad>
          </ns3:TrackPointExtension>
        </extensions>
      </trkpt>
      <trkpt lat="34.24074458889663219451904296875" lon="108.962765447795391082763671875">
        <ele>419.399993896484375</ele>
        <time>2026-03-21T08:48:32.000Z</time>
        <extensions>
          <ns3:TrackPointExtension>
            <ns3:hr>150</ns3:hr>
            <ns3:cad>99</ns3:cad>
          </ns3:TrackPointExtension>
        </extensions>
      </trkpt>
      <trkpt lat="34.24071877263486385345458984375" lon="108.96276645362377166748046875">
        <ele>419.399993896484375</ele>
        <time>2026-03-21T08:48:33.000Z</time>
        <extensions>
          <ns3:TrackPointExtension>
            <ns3:hr>150</ns3:hr>
            <ns3:cad>99</ns3:cad>
          </ns3:TrackPointExtension>
        </extensions>
      </trkpt>
      <trkpt lat="34.24069203436374664306640625" lon="108.9627682976424694061279296875">
        <ele>419.399993896484375</ele>
        <time>2026-03-21T08:48:34.000Z</time>
        <extensions>
          <ns3:TrackPointExtension>
            <ns3:hr>149</ns3:hr>
            <ns3:cad>99</ns3:cad>
          </ns3:TrackPointExtension>
        </extensions>
      </trkpt>
      <trkpt lat="34.24066110514104366302490234375" lon="108.96276838146150112152099609375">
        <ele>419.399993896484375</ele>
        <time>2026-03-21T08:48:35.000Z</time>
        <extensions>
          <ns3:TrackPointExtension>
            <ns3:hr>149</ns3:hr>
            <ns3:cad>99</ns3:cad>
          </ns3:TrackPointExtension>
        </extensions>
      </trkpt>
      <trkpt lat="34.24063436686992645263671875" lon="108.96276921965181827545166015625">
        <ele>419.399993896484375</ele>
        <time>2026-03-21T08:48:36.000Z</time>
        <extensions>
          <ns3:TrackPointExtension>
            <ns3:hr>150</ns3:hr>
            <ns3:cad>99</ns3:cad>
          </ns3:TrackPointExtension>
        </extensions>
      </trkpt>
      <trkpt lat="34.2406097240746021270751953125" lon="108.96277089603245258331298828125">
        <ele>419.399993896484375</ele>
        <time>2026-03-21T08:48:37.000Z</time>
        <extensions>
          <ns3:TrackPointExtension>
            <ns3:hr>150</ns3:hr>
            <ns3:cad>99</ns3:cad>
          </ns3:TrackPointExtension>
        </extensions>
      </trkpt>
      <trkpt lat="34.24057896248996257781982421875" lon="108.96277240477502346038818359375">
        <ele>419.600006103515625</ele>
        <time>2026-03-21T08:48:38.000Z</time>
        <extensions>
          <ns3:TrackPointExtension>
            <ns3:hr>150</ns3:hr>
            <ns3:cad>99</ns3:cad>
          </ns3:TrackPointExtension>
        </extensions>
      </trkpt>
      <trkpt lat="34.24055046401917934417724609375" lon="108.9627743326127529144287109375">
        <ele>419.600006103515625</ele>
        <time>2026-03-21T08:48:39.000Z</time>
        <extensions>
          <ns3:TrackPointExtension>
            <ns3:hr>150</ns3:hr>
            <ns3:cad>99</ns3:cad>
          </ns3:TrackPointExtension>
        </extensions>
      </trkpt>
      <trkpt lat="34.240525402128696441650390625" lon="108.96277357824146747589111328125">
        <ele>419.600006103515625</ele>
        <time>2026-03-21T08:48:40.000Z</time>
        <extensions>
          <ns3:TrackPointExtension>
            <ns3:hr>150</ns3:hr>
            <ns3:cad>100</ns3:cad>
          </ns3:TrackPointExtension>
        </extensions>
      </trkpt>
      <trkpt lat="34.2404940538108348846435546875" lon="108.9627703092992305755615234375">
        <ele>419.399993896484375</ele>
        <time>2026-03-21T08:48:41.000Z</time>
        <extensions>
          <ns3:TrackPointExtension>
            <ns3:hr>150</ns3:hr>
            <ns3:cad>100</ns3:cad>
          </ns3:TrackPointExtension>
        </extensions>
      </trkpt>
      <trkpt lat="34.24046899192035198211669921875" lon="108.96276787854731082916259765625">
        <ele>419.399993896484375</ele>
        <time>2026-03-21T08:48:42.000Z</time>
        <extensions>
          <ns3:TrackPointExtension>
            <ns3:hr>150</ns3:hr>
            <ns3:cad>100</ns3:cad>
          </ns3:TrackPointExtension>
        </extensions>
      </trkpt>
      <trkpt lat="34.24044116400182247161865234375" lon="108.9627729915082454681396484375">
        <ele>419.399993896484375</ele>
        <time>2026-03-21T08:48:43.000Z</time>
        <extensions>
          <ns3:TrackPointExtension>
            <ns3:hr>150</ns3:hr>
            <ns3:cad>100</ns3:cad>
          </ns3:TrackPointExtension>
        </extensions>
      </trkpt>
      <trkpt lat="34.2404092289507389068603515625" lon="108.96277642808854579925537109375">
        <ele>419.20001220703125</ele>
        <time>2026-03-21T08:48:44.000Z</time>
        <extensions>
          <ns3:TrackPointExtension>
            <ns3:hr>150</ns3:hr>
            <ns3:cad>99</ns3:cad>
          </ns3:TrackPointExtension>
        </extensions>
      </trkpt>
      <trkpt lat="34.24038358032703399658203125" lon="108.96277357824146747589111328125">
        <ele>419.20001220703125</ele>
        <time>2026-03-21T08:48:45.000Z</time>
        <extensions>
          <ns3:TrackPointExtension>
            <ns3:hr>150</ns3:hr>
            <ns3:cad>98</ns3:cad>
          </ns3:TrackPointExtension>
        </extensions>
      </trkpt>
      <trkpt lat="34.24035516567528247833251953125" lon="108.962779529392719268798828125">
        <ele>419.20001220703125</ele>
        <time>2026-03-21T08:48:46.000Z</time>
        <extensions>
          <ns3:TrackPointExtension>
            <ns3:hr>150</ns3:hr>
            <ns3:cad>98</ns3:cad>
          </ns3:TrackPointExtension>
        </extensions>
      </trkpt>
      <trkpt lat="34.240325577557086944580078125" lon="108.9627833850681781768798828125">
        <ele>419.20001220703125</ele>
        <time>2026-03-21T08:48:47.000Z</time>
        <extensions>
          <ns3:TrackPointExtension>
            <ns3:hr>150</ns3:hr>
            <ns3:cad>98</ns3:cad>
          </ns3:TrackPointExtension>
        </extensions>
      </trkpt>
      <trkpt lat="34.24029749818146228790283203125" lon="108.9627847261726856231689453125">
        <ele>419.399993896484375</ele>
        <time>2026-03-21T08:48:48.000Z</time>
        <extensions>
          <ns3:TrackPointExtension>
            <ns3:hr>150</ns3:hr>
            <ns3:cad>98</ns3:cad>
          </ns3:TrackPointExtension>
        </extensions>
      </trkpt>
      <trkpt lat="34.2402689158916473388671875" lon="108.96278749220073223114013671875">
        <ele>419.399993896484375</ele>
        <time>2026-03-21T08:48:49.000Z</time>
        <extensions>
          <ns3:TrackPointExtension>
            <ns3:hr>150</ns3:hr>
            <ns3:cad>99</ns3:cad>
          </ns3:TrackPointExtension>
        </extensions>
      </trkpt>
      <trkpt lat="34.24024083651602268218994140625" lon="108.962796628475189208984375">
        <ele>419.399993896484375</ele>
        <time>2026-03-21T08:48:50.000Z</time>
        <extensions>
          <ns3:TrackPointExtension>
            <ns3:hr>150</ns3:hr>
            <ns3:cad>99</ns3:cad>
          </ns3:TrackPointExtension>
        </extensions>
      </trkpt>
      <trkpt lat="34.24021585844457149505615234375" lon="108.96280224435031414031982421875">
        <ele>419.399993896484375</ele>
        <time>2026-03-21T08:48:51.000Z</time>
        <extensions>
          <ns3:TrackPointExtension>
            <ns3:hr>150</ns3:hr>
            <ns3:cad>99</ns3:cad>
          </ns3:TrackPointExtension>
        </extensions>
      </trkpt>
      <trkpt lat="34.24018970690667629241943359375" lon="108.96281733177602291107177734375">
        <ele>419.399993896484375</ele>
        <time>2026-03-21T08:48:52.000Z</time>
        <extensions>
          <ns3:TrackPointExtension>
            <ns3:hr>150</ns3:hr>
            <ns3:cad>99</ns3:cad>
          </ns3:TrackPointExtension>
        </extensions>
      </trkpt>
      <trkpt lat="34.24016305245459079742431640625" lon="108.962830491364002227783203125">
        <ele>419.600006103515625</ele>
        <time>2026-03-21T08:48:53.000Z</time>
        <extensions>
          <ns3:TrackPointExtension>
            <ns3:hr>151</ns3:hr>
            <ns3:cad>99</ns3:cad>
          </ns3:TrackPointExtension>
        </extensions>
      </trkpt>
      <trkpt lat="34.2401393316686153411865234375" lon="108.9628397114574909210205078125">
        <ele>419.600006103515625</ele>
        <time>2026-03-21T08:48:54.000Z</time>
        <extensions>
          <ns3:TrackPointExtension>
            <ns3:hr>151</ns3:hr>
            <ns3:cad>99</ns3:cad>
          </ns3:TrackPointExtension>
        </extensions>
      </trkpt>
      <trkpt lat="34.240114353597164154052734375" lon="108.96285706199705600738525390625">
        <ele>419.600006103515625</ele>
        <time>2026-03-21T08:48:55.000Z</time>
        <extensions>
          <ns3:TrackPointExtension>
            <ns3:hr>152</ns3:hr>
            <ns3:cad>99</ns3:cad>
          </ns3:TrackPointExtension>
        </extensions>
      </trkpt>
      <trkpt lat="34.24008828587830066680908203125" lon="108.9628796093165874481201171875">
        <ele>419.79998779296875</ele>
        <time>2026-03-21T08:48:56.000Z</time>
        <extensions>
          <ns3:TrackPointExtension>
            <ns3:hr>152</ns3:hr>
            <ns3:cad>99</ns3:cad>
          </ns3:TrackPointExtension>
        </extensions>
      </trkpt>
      <trkpt lat="34.24006481654942035675048828125" lon="108.962898552417755126953125">
        <ele>419.79998779296875</ele>
        <time>2026-03-21T08:48:57.000Z</time>
        <extensions>
          <ns3:TrackPointExtension>
            <ns3:hr>152</ns3:hr>
            <ns3:cad>99</ns3:cad>
          </ns3:TrackPointExtension>
        </extensions>
      </trkpt>
      <trkpt lat="34.24004101194441318511962890625" lon="108.96292378194630146026611328125">
        <ele>419.79998779296875</ele>
        <time>2026-03-21T08:48:58.000Z</time>
        <extensions>
          <ns3:TrackPointExtension>
            <ns3:hr>151</ns3:hr>
            <ns3:cad>101</ns3:cad>
          </ns3:TrackPointExtension>
        </extensions>
      </trkpt>
      <trkpt lat="34.24002282321453094482421875" lon="108.9629523642361164093017578125">
        <ele>419.79998779296875</ele>
        <time>2026-03-21T08:48:59.000Z</time>
        <extensions>
          <ns3:TrackPointExtension>
            <ns3:hr>151</ns3:hr>
            <ns3:cad>101</ns3:cad>
          </ns3:TrackPointExtension>
        </extensions>
      </trkpt>
      <trkpt lat="34.24000765196979045867919921875" lon="108.9629801921546459197998046875">
        <ele>419.600006103515625</ele>
        <time>2026-03-21T08:49:00.000Z</time>
        <extensions>
          <ns3:TrackPointExtension>
            <ns3:hr>152</ns3:hr>
            <ns3:cad>101</ns3:cad>
          </ns3:TrackPointExtension>
        </extensions>
      </trkpt>
      <trkpt lat="34.23999625258147716522216796875" lon="108.9630063436925411224365234375">
        <ele>419.399993896484375</ele>
        <time>2026-03-21T08:49:01.000Z</time>
        <extensions>
          <ns3:TrackPointExtension>
            <ns3:hr>152</ns3:hr>
            <ns3:cad>101</ns3:cad>
          </ns3:TrackPointExtension>
        </extensions>
      </trkpt>
      <trkpt lat="34.239984266459941864013671875" lon="108.96303961984813213348388671875">
        <ele>419.20001220703125</ele>
        <time>2026-03-21T08:49:02.000Z</time>
        <extensions>
          <ns3:TrackPointExtension>
            <ns3:hr>152</ns3:hr>
            <ns3:cad>101</ns3:cad>
          </ns3:TrackPointExtension>
        </extensions>
      </trkpt>
      <trkpt lat="34.239971525967121124267578125" lon="108.96306962706148624420166015625">
        <ele>419.20001220703125</ele>
        <time>2026-03-21T08:49:03.000Z</time>
        <extensions>
          <ns3:TrackPointExtension>
            <ns3:hr>153</ns3:hr>
            <ns3:cad>101</ns3:cad>
          </ns3:TrackPointExtension>
        </extensions>
      </trkpt>
      <trkpt lat="34.2399643175303936004638671875" lon="108.96309996955096721649169921875">
        <ele>419.20001220703125</ele>
        <time>2026-03-21T08:49:04.000Z</time>
        <extensions>
          <ns3:TrackPointExtension>
            <ns3:hr>153</ns3:hr>
            <ns3:cad>101</ns3:cad>
          </ns3:TrackPointExtension>
        </extensions>
      </trkpt>
      <trkpt lat="34.23995685763657093048095703125" lon="108.9631391130387783050537109375">
        <ele>419.20001220703125</ele>
        <time>2026-03-21T08:49:05.000Z</time>
        <extensions>
          <ns3:TrackPointExtension>
            <ns3:hr>153</ns3:hr>
            <ns3:cad>101</ns3:cad>
          </ns3:TrackPointExtension>
        </extensions>
      </trkpt>
      <trkpt lat="34.23995048739016056060791015625" lon="108.96317674778401851654052734375">
        <ele>419.399993896484375</ele>
        <time>2026-03-21T08:49:06.000Z</time>
        <extensions>
          <ns3:TrackPointExtension>
            <ns3:hr>152</ns3:hr>
            <ns3:cad>101</ns3:cad>
          </ns3:TrackPointExtension>
        </extensions>
      </trkpt>
      <trkpt lat="34.2399522475898265838623046875" lon="108.963208012282848358154296875">
        <ele>419.399993896484375</ele>
        <time>2026-03-21T08:49:07.000Z</time>
        <extensions>
          <ns3:TrackPointExtension>
            <ns3:hr>152</ns3:hr>
            <ns3:cad>99</ns3:cad>
          </ns3:TrackPointExtension>
        </extensions>
      </trkpt>
      <trkpt lat="34.23995400778949260711669921875" lon="108.9632487483322620391845703125">
        <ele>419.399993896484375</ele>
        <time>2026-03-21T08:49:08.000Z</time>
        <extensions>
          <ns3:TrackPointExtension>
            <ns3:hr>152</ns3:hr>
            <ns3:cad>99</ns3:cad>
          </ns3:TrackPointExtension>
        </extensions>
      </trkpt>
      <trkpt lat="34.23995685763657093048095703125" lon="108.96328948438167572021484375">
        <ele>419.399993896484375</ele>
        <time>2026-03-21T08:49:09.000Z</time>
        <extensions>
          <ns3:TrackPointExtension>
            <ns3:hr>152</ns3:hr>
            <ns3:cad>99</ns3:cad>
          </ns3:TrackPointExtension>
        </extensions>
      </trkpt>
      <trkpt lat="34.2399562709033489227294921875" lon="108.9633218385279178619384765625">
        <ele>419.399993896484375</ele>
        <time>2026-03-21T08:49:10.000Z</time>
        <extensions>
          <ns3:TrackPointExtension>
            <ns3:hr>153</ns3:hr>
            <ns3:cad>99</ns3:cad>
          </ns3:TrackPointExtension>
        </extensions>
      </trkpt>
      <trkpt lat="34.23996842466294765472412109375" lon="108.963364250957965850830078125">
        <ele>419.600006103515625</ele>
        <time>2026-03-21T08:49:11.000Z</time>
        <extensions>
          <ns3:TrackPointExtension>
            <ns3:hr>153</ns3:hr>
            <ns3:cad>99</ns3:cad>
          </ns3:TrackPointExtension>
        </extensions>
      </trkpt>
      <trkpt lat="34.23997663892805576324462890625" lon="108.96340071223676204681396484375">
        <ele>419.600006103515625</ele>
        <time>2026-03-21T08:49:12.000Z</time>
        <extensions>
          <ns3:TrackPointExtension>
            <ns3:hr>153</ns3:hr>
            <ns3:cad>99</ns3:cad>
          </ns3:TrackPointExtension>
        </extensions>
      </trkpt>
      <trkpt lat="34.23998468555510044097900390625" lon="108.96342904306948184967041015625">
        <ele>419.600006103515625</ele>
        <time>2026-03-21T08:49:13.000Z</time>
        <extensions>
          <ns3:TrackPointExtension>
            <ns3:hr>153</ns3:hr>
            <ns3:cad>50</ns3:cad>
          </ns3:TrackPointExtension>
        </extensions>
      </trkpt>
      <trkpt lat="34.240002371370792388916015625" lon="108.963463492691516876220703125">
        <ele>419.79998779296875</ele>
        <time>2026-03-21T08:49:14.000Z</time>
        <extensions>
          <ns3:TrackPointExtension>
            <ns3:hr>153</ns3:hr>
            <ns3:cad>0</ns3:cad>
          </ns3:TrackPointExtension>
        </extensions>
      </trkpt>
      <trkpt lat="34.2400156147778034210205078125" lon="108.963492326438426971435546875">
        <ele>419.600006103515625</ele>
        <time>2026-03-21T08:49:15.000Z</time>
        <extensions>
          <ns3:TrackPointExtension>
            <ns3:hr>153</ns3:hr>
            <ns3:cad>0</ns3:cad>
          </ns3:TrackPointExtension>
        </extensions>
      </trkpt>
      <trkpt lat="34.24002609215676784515380859375" lon="108.96351235918700695037841796875">
        <ele>419.600006103515625</ele>
        <time>2026-03-21T08:49:16.000Z</time>
        <extensions>
          <ns3:TrackPointExtension>
            <ns3:hr>154</ns3:hr>
            <ns3:cad>0</ns3:cad>
          </ns3:TrackPointExtension>
        </extensions>
      </trkpt>
      <trkpt lat="34.240047968924045562744140625" lon="108.96354496479034423828125">
        <ele>419.399993896484375</ele>
        <time>2026-03-21T08:49:17.000Z</time>
        <extensions>
          <ns3:TrackPointExtension>
            <ns3:hr>153</ns3:hr>
            <ns3:cad>0</ns3:cad>
          </ns3:TrackPointExtension>
        </extensions>
      </trkpt>
      <trkpt lat="34.24006733112037181854248046875" lon="108.96356918849050998687744140625">
        <ele>419.399993896484375</ele>
        <time>2026-03-21T08:49:18.000Z</time>
        <extensions>
          <ns3:TrackPointExtension>
            <ns3:hr>153</ns3:hr>
            <ns3:cad>0</ns3:cad>
          </ns3:TrackPointExtension>
        </extensions>
      </trkpt>
      <trkpt lat="34.2400840111076831817626953125" lon="108.96358813159167766571044921875">
        <ele>419.399993896484375</ele>
        <time>2026-03-21T08:49:19.000Z</time>
        <extensions>
          <ns3:TrackPointExtension>
            <ns3:hr>154</ns3:hr>
            <ns3:cad>100</ns3:cad>
          </ns3:TrackPointExtension>
        </extensions>
      </trkpt>
      <trkpt lat="34.2401108331978321075439453125" lon="108.96361193619668483734130859375">
        <ele>419.399993896484375</ele>
        <time>2026-03-21T08:49:20.000Z</time>
        <extensions>
          <ns3:TrackPointExtension>
            <ns3:hr>153</ns3:hr>
            <ns3:cad>100</ns3:cad>
          </ns3:TrackPointExtension>
        </extensions>
      </trkpt>
      <trkpt lat="34.2401348054409027099609375" lon="108.96363188512623310089111328125">
        <ele>419.399993896484375</ele>
        <time>2026-03-21T08:49:21.000Z</time>
        <extensions>
          <ns3:TrackPointExtension>
            <ns3:hr>154</ns3:hr>
            <ns3:cad>100</ns3:cad>
          </ns3:TrackPointExtension>
        </extensions>
      </trkpt>
      <trkpt lat="34.2401581071317195892333984375" lon="108.9636470563709735870361328125">
        <ele>419.399993896484375</ele>
        <time>2026-03-21T08:49:22.000Z</time>
        <extensions>
          <ns3:TrackPointExtension>
            <ns3:hr>154</ns3:hr>
            <ns3:cad>100</ns3:cad>
          </ns3:TrackPointExtension>
        </extensions>
      </trkpt>
      <trkpt lat="34.24018668942153453826904296875" lon="108.9636621437966823577880859375">
        <ele>419.399993896484375</ele>
        <time>2026-03-21T08:49:23.000Z</time>
        <extensions>
          <ns3:TrackPointExtension>
            <ns3:hr>154</ns3:hr>
            <ns3:cad>100</ns3:cad>
          </ns3:TrackPointExtension>
        </extensions>
      </trkpt>
      <trkpt lat="34.24020965583622455596923828125" lon="108.96367480047047138214111328125">
        <ele>419.399993896484375</ele>
        <time>2026-03-21T08:49:24.000Z</time>
        <extensions>
          <ns3:TrackPointExtension>
            <ns3:hr>154</ns3:hr>
            <ns3:cad>100</ns3:cad>
          </ns3:TrackPointExtension>
        </extensions>
      </trkpt>
      <trkpt lat="34.2402379028499126434326171875" lon="108.9636829309165477752685546875">
        <ele>419.399993896484375</ele>
        <time>2026-03-21T08:49:25.000Z</time>
        <extensions>
          <ns3:TrackPointExtension>
            <ns3:hr>154</ns3:hr>
            <ns3:cad>99</ns3:cad>
          </ns3:TrackPointExtension>
        </extensions>
      </trkpt>
      <trkpt lat="34.24027201719582080841064453125" lon="108.963688127696514129638671875">
        <ele>419.399993896484375</ele>
        <time>2026-03-21T08:49:26.000Z</time>
        <extensions>
          <ns3:TrackPointExtension>
            <ns3:hr>155</ns3:hr>
            <ns3:cad>99</ns3:cad>
          </ns3:TrackPointExtension>
        </extensions>
      </trkpt>
      <trkpt lat="34.24029917456209659576416015625" lon="108.96369357593357563018798828125">
        <ele>419.399993896484375</ele>
        <time>2026-03-21T08:49:27.000Z</time>
        <extensions>
          <ns3:TrackPointExtension>
            <ns3:hr>155</ns3:hr>
            <ns3:cad>99</ns3:cad>
          </ns3:TrackPointExtension>
        </extensions>
      </trkpt>
      <trkpt lat="34.24032717011868953704833984375" lon="108.963690809905529022216796875">
        <ele>419.399993896484375</ele>
        <time>2026-03-21T08:49:28.000Z</time>
        <extensions>
          <ns3:TrackPointExtension>
            <ns3:hr>155</ns3:hr>
            <ns3:cad>99</ns3:cad>
          </ns3:TrackPointExtension>
        </extensions>
      </trkpt>
      <trkpt lat="34.2403589375317096710205078125" lon="108.9636866189539432525634765625">
        <ele>419.399993896484375</ele>
        <time>2026-03-21T08:49:29.000Z</time>
        <extensions>
          <ns3:TrackPointExtension>
            <ns3:hr>154</ns3:hr>
            <ns3:cad>99</ns3:cad>
          </ns3:TrackPointExtension>
        </extensions>
      </trkpt>
      <trkpt lat="34.240387268364429473876953125" lon="108.96368636749684810638427734375">
        <ele>419.399993896484375</ele>
        <time>2026-03-21T08:49:30.000Z</time>
        <extensions>
          <ns3:TrackPointExtension>
            <ns3:hr>154</ns3:hr>
            <ns3:cad>99</ns3:cad>
          </ns3:TrackPointExtension>
        </extensions>
      </trkpt>
      <trkpt lat="34.24041450954973697662353515625" lon="108.96368536166846752166748046875">
        <ele>419.399993896484375</ele>
        <time>2026-03-21T08:49:31.000Z</time>
        <extensions>
          <ns3:TrackPointExtension>
            <ns3:hr>154</ns3:hr>
            <ns3:cad>99</ns3:cad>
          </ns3:TrackPointExtension>
        </extensions>
      </trkpt>
      <trkpt lat="34.2404434271156787872314453125" lon="108.963682763278484344482421875">
        <ele>419.399993896484375</ele>
        <time>2026-03-21T08:49:32.000Z</time>
        <extensions>
          <ns3:TrackPointExtension>
            <ns3:hr>154</ns3:hr>
            <ns3:cad>99</ns3:cad>
          </ns3:TrackPointExtension>
        </extensions>
      </trkpt>
      <trkpt lat="34.24046698026359081268310546875" lon="108.96368720568716526031494140625">
        <ele>419.399993896484375</ele>
        <time>2026-03-21T08:49:33.000Z</time>
        <extensions>
          <ns3:TrackPointExtension>
            <ns3:hr>154</ns3:hr>
            <ns3:cad>100</ns3:cad>
          </ns3:TrackPointExtension>
        </extensions>
      </trkpt>
      <trkpt lat="34.2404923774302005767822265625" lon="108.96368368528783321380615234375">
        <ele>419.399993896484375</ele>
        <time>2026-03-21T08:49:34.000Z</time>
        <extensions>
          <ns3:TrackPointExtension>
            <ns3:hr>154</ns3:hr>
            <ns3:cad>100</ns3:cad>
          </ns3:TrackPointExtension>
        </extensions>
      </trkpt>
      <trkpt lat="34.2405188642442226409912109375" lon="108.963682092726230621337890625">
        <ele>419.399993896484375</ele>
        <time>2026-03-21T08:49:35.000Z</time>
        <extensions>
          <ns3:TrackPointExtension>
            <ns3:hr>154</ns3:hr>
            <ns3:cad>99</ns3:cad>
          </ns3:TrackPointExtension>
        </extensions>
      </trkpt>
      <trkpt lat="34.24054459668695926666259765625" lon="108.963684104382991790771484375">
        <ele>419.399993896484375</ele>
        <time>2026-03-21T08:49:36.000Z</time>
        <extensions>
          <ns3:TrackPointExtension>
            <ns3:hr>154</ns3:hr>
            <ns3:cad>99</ns3:cad>
          </ns3:TrackPointExtension>
        </extensions>
      </trkpt>
      <trkpt lat="34.24057343043386936187744140625" lon="108.9636836014688014984130859375">
        <ele>419.399993896484375</ele>
        <time>2026-03-21T08:49:37.000Z</time>
        <extensions>
          <ns3:TrackPointExtension>
            <ns3:hr>154</ns3:hr>
            <ns3:cad>99</ns3:cad>
          </ns3:TrackPointExtension>
        </extensions>
      </trkpt>
      <trkpt lat="34.2405983246862888336181640625" lon="108.9636825956404209136962890625">
        <ele>419.399993896484375</ele>
        <time>2026-03-21T08:49:38.000Z</time>
        <extensions>
          <ns3:TrackPointExtension>
            <ns3:hr>155</ns3:hr>
            <ns3:cad>99</ns3:cad>
          </ns3:TrackPointExtension>
        </extensions>
      </trkpt>
      <trkpt lat="34.24062430858612060546875" lon="108.96368552930653095245361328125">
        <ele>419.399993896484375</ele>
        <time>2026-03-21T08:49:39.000Z</time>
        <extensions>
          <ns3:TrackPointExtension>
            <ns3:hr>154</ns3:hr>
            <ns3:cad>99</ns3:cad>
          </ns3:TrackPointExtension>
        </extensions>
      </trkpt>
      <trkpt lat="34.240655489265918731689453125" lon="108.9636805839836597442626953125">
        <ele>419.399993896484375</ele>
        <time>2026-03-21T08:49:40.000Z</time>
        <extensions>
          <ns3:TrackPointExtension>
            <ns3:hr>154</ns3:hr>
            <ns3:cad>99</ns3:cad>
          </ns3:TrackPointExtension>
        </extensions>
      </trkpt>
      <trkpt lat="34.24068138934671878814697265625" lon="108.96368217654526233673095703125">
        <ele>419.399993896484375</ele>
        <time>2026-03-21T08:49:41.000Z</time>
        <extensions>
          <ns3:TrackPointExtension>
            <ns3:hr>153</ns3:hr>
            <ns3:cad>99</ns3:cad>
          </ns3:TrackPointExtension>
        </extensions>
      </trkpt>
      <trkpt lat="34.2407047748565673828125" lon="108.9636822603642940521240234375">
        <ele>419.399993896484375</ele>
        <time>2026-03-21T08:49:42.000Z</time>
        <extensions>
          <ns3:TrackPointExtension>
            <ns3:hr>153</ns3:hr>
            <ns3:cad>99</ns3:cad>
          </ns3:TrackPointExtension>
        </extensions>
      </trkpt>
      <trkpt lat="34.2407324351370334625244140625" lon="108.96367614157497882843017578125">
        <ele>419.399993896484375</ele>
        <time>2026-03-21T08:49:43.000Z</time>
        <extensions>
          <ns3:TrackPointExtension>
            <ns3:hr>153</ns3:hr>
            <ns3:cad>99</ns3:cad>
          </ns3:TrackPointExtension>
        </extensions>
      </trkpt>
      <trkpt lat="34.24075548537075519561767578125" lon="108.96367496810853481292724609375">
        <ele>419.399993896484375</ele>
        <time>2026-03-21T08:49:44.000Z</time>
        <extensions>
          <ns3:TrackPointExtension>
            <ns3:hr>154</ns3:hr>
            <ns3:cad>99</ns3:cad>
          </ns3:TrackPointExtension>
        </extensions>
      </trkpt>
      <trkpt lat="34.2407810501754283905029296875" lon="108.96367304027080535888671875">
        <ele>419.20001220703125</ele>
        <time>2026-03-21T08:49:45.000Z</time>
        <extensions>
          <ns3:TrackPointExtension>
            <ns3:hr>153</ns3:hr>
            <ns3:cad>100</ns3:cad>
          </ns3:TrackPointExtension>
        </extensions>
      </trkpt>
      <trkpt lat="34.24080879427492618560791015625" lon="108.963671028614044189453125">
        <ele>419.20001220703125</ele>
        <time>2026-03-21T08:49:46.000Z</time>
        <extensions>
          <ns3:TrackPointExtension>
            <ns3:hr>153</ns3:hr>
            <ns3:cad>100</ns3:cad>
          </ns3:TrackPointExtension>
        </extensions>
      </trkpt>
      <trkpt lat="34.2408348619937896728515625" lon="108.963670693337917327880859375">
        <ele>419.20001220703125</ele>
        <time>2026-03-21T08:49:47.000Z</time>
        <extensions>
          <ns3:TrackPointExtension>
            <ns3:hr>153</ns3:hr>
            <ns3:cad>100</ns3:cad>
          </ns3:TrackPointExtension>
        </extensions>
      </trkpt>
      <trkpt lat="34.240860007703304290771484375" lon="108.96367329172790050506591796875">
        <ele>419.20001220703125</ele>
        <time>2026-03-21T08:49:48.000Z</time>
        <extensions>
          <ns3:TrackPointExtension>
            <ns3:hr>153</ns3:hr>
            <ns3:cad>100</ns3:cad>
          </ns3:TrackPointExtension>
        </extensions>
      </trkpt>
      <trkpt lat="34.240888841450214385986328125" lon="108.963671363890171051025390625">
        <ele>419.20001220703125</ele>
        <time>2026-03-21T08:49:49.000Z</time>
        <extensions>
          <ns3:TrackPointExtension>
            <ns3:hr>153</ns3:hr>
            <ns3:cad>100</ns3:cad>
          </ns3:TrackPointExtension>
        </extensions>
      </trkpt>
      <trkpt lat="34.240914322435855865478515625" lon="108.963673375546932220458984375">
        <ele>419.399993896484375</ele>
        <time>2026-03-21T08:49:50.000Z</time>
        <extensions>
          <ns3:TrackPointExtension>
            <ns3:hr>153</ns3:hr>
            <ns3:cad>100</ns3:cad>
          </ns3:TrackPointExtension>
        </extensions>
      </trkpt>
      <trkpt lat="34.24094022251665592193603515625" lon="108.96367211826145648956298828125">
        <ele>419.20001220703125</ele>
        <time>2026-03-21T08:49:51.000Z</time>
        <extensions>
          <ns3:TrackPointExtension>
            <ns3:hr>153</ns3:hr>
            <ns3:cad>100</ns3:cad>
          </ns3:TrackPointExtension>
        </extensions>
      </trkpt>
      <trkpt lat="34.24097006209194660186767578125" lon="108.96367035806179046630859375">
        <ele>419.399993896484375</ele>
        <time>2026-03-21T08:49:52.000Z</time>
        <extensions>
          <ns3:TrackPointExtension>
            <ns3:hr>152</ns3:hr>
            <ns3:cad>99</ns3:cad>
          </ns3:TrackPointExtension>
        </extensions>
      </trkpt>
      <trkpt lat="34.24099604599177837371826171875" lon="108.96367412991821765899658203125">
        <ele>419.399993896484375</ele>
        <time>2026-03-21T08:49:53.000Z</time>
        <extensions>
          <ns3:TrackPointExtension>
            <ns3:hr>152</ns3:hr>
            <ns3:cad>99</ns3:cad>
          </ns3:TrackPointExtension>
        </extensions>
      </trkpt>
      <trkpt lat="34.24102605320513248443603515625" lon="108.96367278881371021270751953125">
        <ele>419.399993896484375</ele>
        <time>2026-03-21T08:49:54.000Z</time>
        <extensions>
          <ns3:TrackPointExtension>
            <ns3:hr>152</ns3:hr>
            <ns3:cad>98</ns3:cad>
          </ns3:TrackPointExtension>
        </extensions>
      </trkpt>
      <trkpt lat="34.2410566471517086029052734375" lon="108.9636728726327419281005859375">
        <ele>419.399993896484375</ele>
        <time>2026-03-21T08:49:55.000Z</time>
        <extensions>
          <ns3:TrackPointExtension>
            <ns3:hr>153</ns3:hr>
            <ns3:cad>98</ns3:cad>
          </ns3:TrackPointExtension>
        </extensions>
      </trkpt>
      <trkpt lat="34.24108539707958698272705078125" lon="108.96367614157497882843017578125">
        <ele>419.399993896484375</ele>
        <time>2026-03-21T08:49:56.000Z</time>
        <extensions>
          <ns3:TrackPointExtension>
            <ns3:hr>153</ns3:hr>
            <ns3:cad>98</ns3:cad>
          </ns3:TrackPointExtension>
        </extensions>
      </trkpt>
      <trkpt lat="34.24111708067357540130615234375" lon="108.9636768959462642669677734375">
        <ele>419.399993896484375</ele>
        <time>2026-03-21T08:49:57.000Z</time>
        <extensions>
          <ns3:TrackPointExtension>
            <ns3:hr>154</ns3:hr>
            <ns3:cad>99</ns3:cad>
          </ns3:TrackPointExtension>
        </extensions>
      </trkpt>
      <trkpt lat="34.24114398658275604248046875" lon="108.9636748842895030975341796875">
        <ele>419.399993896484375</ele>
        <time>2026-03-21T08:49:58.000Z</time>
        <extensions>
          <ns3:TrackPointExtension>
            <ns3:hr>154</ns3:hr>
            <ns3:cad>99</ns3:cad>
          </ns3:TrackPointExtension>
        </extensions>
      </trkpt>
      <trkpt lat="34.241171814501285552978515625" lon="108.963665664196014404296875">
        <ele>419.20001220703125</ele>
        <time>2026-03-21T08:49:59.000Z</time>
        <extensions>
          <ns3:TrackPointExtension>
            <ns3:hr>153</ns3:hr>
            <ns3:cad>99</ns3:cad>
          </ns3:TrackPointExtension>
        </extensions>
      </trkpt>
      <trkpt lat="34.24120224080979824066162109375" lon="108.96365200169384479522705078125">
        <ele>419.20001220703125</ele>
        <time>2026-03-21T08:50:00.000Z</time>
        <extensions>
          <ns3:TrackPointExtension>
            <ns3:hr>153</ns3:hr>
            <ns3:cad>98</ns3:cad>
          </ns3:TrackPointExtension>
        </extensions>
      </trkpt>
      <trkpt lat="34.2412283085286617279052734375" lon="108.963642530143260955810546875">
        <ele>419.20001220703125</ele>
        <time>2026-03-21T08:50:01.000Z</time>
        <extensions>
          <ns3:TrackPointExtension>
            <ns3:hr>153</ns3:hr>
            <ns3:cad>98</ns3:cad>
          </ns3:TrackPointExtension>
        </extensions>
      </trkpt>
      <trkpt lat="34.2412532866001129150390625" lon="108.9636267721652984619140625">
        <ele>419</ele>
        <time>2026-03-21T08:50:02.000Z</time>
        <extensions>
          <ns3:TrackPointExtension>
            <ns3:hr>153</ns3:hr>
            <ns3:cad>98</ns3:cad>
          </ns3:TrackPointExtension>
        </extensions>
      </trkpt>
      <trkpt lat="34.24127985723316669464111328125" lon="108.96360506303608417510986328125">
        <ele>419</ele>
        <time>2026-03-21T08:50:03.000Z</time>
        <extensions>
          <ns3:TrackPointExtension>
            <ns3:hr>153</ns3:hr>
            <ns3:cad>97</ns3:cad>
          </ns3:TrackPointExtension>
        </extensions>
      </trkpt>
      <trkpt lat="34.241299889981746673583984375" lon="108.963590897619724273681640625">
        <ele>419</ele>
        <time>2026-03-21T08:50:04.000Z</time>
        <extensions>
          <ns3:TrackPointExtension>
            <ns3:hr>153</ns3:hr>
            <ns3:cad>97</ns3:cad>
          </ns3:TrackPointExtension>
        </extensions>
      </trkpt>
      <trkpt lat="34.24132101237773895263671875" lon="108.9635709486901760101318359375">
        <ele>419</ele>
        <time>2026-03-21T08:50:05.000Z</time>
        <extensions>
          <ns3:TrackPointExtension>
            <ns3:hr>153</ns3:hr>
            <ns3:cad>97</ns3:cad>
          </ns3:TrackPointExtension>
        </extensions>
      </trkpt>
      <trkpt lat="34.241341464221477508544921875" lon="108.9635461382567882537841796875">
        <ele>419</ele>
        <time>2026-03-21T08:50:06.000Z</time>
        <extensions>
          <ns3:TrackPointExtension>
            <ns3:hr>154</ns3:hr>
            <ns3:cad>97</ns3:cad>
          </ns3:TrackPointExtension>
        </extensions>
      </trkpt>
      <trkpt lat="34.241356886923313140869140625" lon="108.96352820098400115966796875">
        <ele>419</ele>
        <time>2026-03-21T08:50:07.000Z</time>
        <extensions>
          <ns3:TrackPointExtension>
            <ns3:hr>154</ns3:hr>
            <ns3:cad>99</ns3:cad>
          </ns3:TrackPointExtension>
        </extensions>
      </trkpt>
      <trkpt lat="34.24136929214000701904296875" lon="108.96349844522774219512939453125">
        <ele>419</ele>
        <time>2026-03-21T08:50:08.000Z</time>
        <extensions>
          <ns3:TrackPointExtension>
            <ns3:hr>154</ns3:hr>
            <ns3:cad>99</ns3:cad>
          </ns3:TrackPointExtension>
        </extensions>
      </trkpt>
      <trkpt lat="34.24138731323182582855224609375" lon="108.96347313188016414642333984375">
        <ele>419</ele>
        <time>2026-03-21T08:50:09.000Z</time>
        <extensions>
          <ns3:TrackPointExtension>
            <ns3:hr>154</ns3:hr>
            <ns3:cad>99</ns3:cad>
          </ns3:TrackPointExtension>
        </extensions>
      </trkpt>
      <trkpt lat="34.24139670096337795257568359375" lon="108.96344731561839580535888671875">
        <ele>419</ele>
        <time>2026-03-21T08:50:10.000Z</time>
        <extensions>
          <ns3:TrackPointExtension>
            <ns3:hr>154</ns3:hr>
            <ns3:cad>99</ns3:cad>
          </ns3:TrackPointExtension>
        </extensions>
      </trkpt>
      <trkpt lat="34.24140307120978832244873046875" lon="108.9634148776531219482421875">
        <ele>419</ele>
        <time>2026-03-21T08:50:11.000Z</time>
        <extensions>
          <ns3:TrackPointExtension>
            <ns3:hr>154</ns3:hr>
            <ns3:cad>98</ns3:cad>
          </ns3:TrackPointExtension>
        </extensions>
      </trkpt>
      <trkpt lat="34.2414093576371669769287109375" lon="108.96337925456464290618896484375">
        <ele>419</ele>
        <time>2026-03-21T08:50:12.000Z</time>
        <extensions>
          <ns3:TrackPointExtension>
            <ns3:hr>154</ns3:hr>
            <ns3:cad>98</ns3:cad>
          </ns3:TrackPointExtension>
        </extensions>
      </trkpt>
      <trkpt lat="34.2414217628538608551025390625" lon="108.9633523486554622650146484375">
        <ele>419</ele>
        <time>2026-03-21T08:50:13.000Z</time>
        <extensions>
          <ns3:TrackPointExtension>
            <ns3:hr>155</ns3:hr>
            <ns3:cad>98</ns3:cad>
          </ns3:TrackPointExtension>
        </extensions>
      </trkpt>
      <trkpt lat="34.24142536707222461700439453125" lon="108.96331840194761753082275390625">
        <ele>419</ele>
        <time>2026-03-21T08:50:14.000Z</time>
        <extensions>
          <ns3:TrackPointExtension>
            <ns3:hr>154</ns3:hr>
            <ns3:cad>99</ns3:cad>
          </ns3:TrackPointExtension>
        </extensions>
      </trkpt>
      <trkpt lat="34.2414267919957637786865234375" lon="108.96328487433493137359619140625">
        <ele>419</ele>
        <time>2026-03-21T08:50:15.000Z</time>
        <extensions>
          <ns3:TrackPointExtension>
            <ns3:hr>154</ns3:hr>
            <ns3:cad>99</ns3:cad>
          </ns3:TrackPointExtension>
        </extensions>
      </trkpt>
      <trkpt lat="34.241430647671222686767578125" lon="108.96325738169252872467041015625">
        <ele>419</ele>
        <time>2026-03-21T08:50:16.000Z</time>
        <extensions>
          <ns3:TrackPointExtension>
            <ns3:hr>155</ns3:hr>
            <ns3:cad>99</ns3:cad>
          </ns3:TrackPointExtension>
        </extensions>
      </trkpt>
      <trkpt lat="34.2414249479770660400390625" lon="108.9632162265479564666748046875">
        <ele>419</ele>
        <time>2026-03-21T08:50:17.000Z</time>
        <extensions>
          <ns3:TrackPointExtension>
            <ns3:hr>154</ns3:hr>
            <ns3:cad>99</ns3:cad>
          </ns3:TrackPointExtension>
        </extensions>
      </trkpt>
      <trkpt lat="34.241424612700939178466796875" lon="108.963184542953968048095703125">
        <ele>419</ele>
        <time>2026-03-21T08:50:18.000Z</time>
        <extensions>
          <ns3:TrackPointExtension>
            <ns3:hr>154</ns3:hr>
            <ns3:cad>99</ns3:cad>
          </ns3:TrackPointExtension>
        </extensions>
      </trkpt>
      <trkpt lat="34.24141966737806797027587890625" lon="108.96315579302608966827392578125">
        <ele>419</ele>
        <time>2026-03-21T08:50:19.000Z</time>
        <extensions>
          <ns3:TrackPointExtension>
            <ns3:hr>155</ns3:hr>
            <ns3:cad>99</ns3:cad>
          </ns3:TrackPointExtension>
        </extensions>
      </trkpt>
      <trkpt lat="34.24141220748424530029296875" lon="108.96312092430889606475830078125">
        <ele>419</ele>
        <time>2026-03-21T08:50:20.000Z</time>
        <extensions>
          <ns3:TrackPointExtension>
            <ns3:hr>154</ns3:hr>
            <ns3:cad>99</ns3:cad>
          </ns3:TrackPointExtension>
        </extensions>
      </trkpt>
      <trkpt lat="34.24140675924718379974365234375" lon="108.9630908332765102386474609375">
        <ele>419</ele>
        <time>2026-03-21T08:50:21.000Z</time>
        <extensions>
          <ns3:TrackPointExtension>
            <ns3:hr>154</ns3:hr>
            <ns3:cad>99</ns3:cad>
          </ns3:TrackPointExtension>
        </extensions>
      </trkpt>
      <trkpt lat="34.24139133654534816741943359375" lon="108.9630599878728389739990234375">
        <ele>419</ele>
        <time>2026-03-21T08:50:22.000Z</time>
        <extensions>
          <ns3:TrackPointExtension>
            <ns3:hr>155</ns3:hr>
            <ns3:cad>99</ns3:cad>
          </ns3:TrackPointExtension>
        </extensions>
      </trkpt>
      <trkpt lat="34.241374321281909942626953125" lon="108.96302931010723114013671875">
        <ele>419</ele>
        <time>2026-03-21T08:50:23.000Z</time>
        <extensions>
          <ns3:TrackPointExtension>
            <ns3:hr>154</ns3:hr>
            <ns3:cad>99</ns3:cad>
          </ns3:TrackPointExtension>
        </extensions>
      </trkpt>
      <trkpt lat="34.24136434681713581085205078125" lon="108.96300391294062137603759765625">
        <ele>419</ele>
        <time>2026-03-21T08:50:24.000Z</time>
        <extensions>
          <ns3:TrackPointExtension>
            <ns3:hr>154</ns3:hr>
            <ns3:cad>99</ns3:cad>
          </ns3:TrackPointExtension>
        </extensions>
      </trkpt>
      <trkpt lat="34.241345487534999847412109375" lon="108.9629771746695041656494140625">
        <ele>419</ele>
        <time>2026-03-21T08:50:25.000Z</time>
        <extensions>
          <ns3:TrackPointExtension>
            <ns3:hr>155</ns3:hr>
            <ns3:cad>99</ns3:cad>
          </ns3:TrackPointExtension>
        </extensions>
      </trkpt>
      <trkpt lat="34.2413252033293247222900390625" lon="108.96295487880706787109375">
        <ele>419</ele>
        <time>2026-03-21T08:50:26.000Z</time>
        <extensions>
          <ns3:TrackPointExtension>
            <ns3:hr>154</ns3:hr>
            <ns3:cad>98</ns3:cad>
          </ns3:TrackPointExtension>
        </extensions>
      </trkpt>
      <trkpt lat="34.2413094453513622283935546875" lon="108.9629352651536464691162109375">
        <ele>419.20001220703125</ele>
        <time>2026-03-21T08:50:27.000Z</time>
        <extensions>
          <ns3:TrackPointExtension>
            <ns3:hr>154</ns3:hr>
            <ns3:cad>98</ns3:cad>
          </ns3:TrackPointExtension>
        </extensions>
      </trkpt>
      <trkpt lat="34.24128455109894275665283203125" lon="108.96291221491992473602294921875">
        <ele>419.20001220703125</ele>
        <time>2026-03-21T08:50:28.000Z</time>
        <extensions>
          <ns3:TrackPointExtension>
            <ns3:hr>155</ns3:hr>
            <ns3:cad>97</ns3:cad>
          </ns3:TrackPointExtension>
        </extensions>
      </trkpt>
      <trkpt lat="34.241263680160045623779296875" lon="108.96289494819939136505126953125">
        <ele>419.20001220703125</ele>
        <time>2026-03-21T08:50:29.000Z</time>
        <extensions>
          <ns3:TrackPointExtension>
            <ns3:hr>154</ns3:hr>
            <ns3:cad>97</ns3:cad>
          </ns3:TrackPointExtension>
        </extensions>
      </trkpt>
      <trkpt lat="34.241243563592433929443359375" lon="108.9628742448985576629638671875">
        <ele>419.399993896484375</ele>
        <time>2026-03-21T08:50:30.000Z</time>
        <extensions>
          <ns3:TrackPointExtension>
            <ns3:hr>154</ns3:hr>
            <ns3:cad>49</ns3:cad>
          </ns3:TrackPointExtension>
        </extensions>
      </trkpt>
      <trkpt lat="34.24121079035103321075439453125" lon="108.96285287104547023773193359375">
        <ele>419.20001220703125</ele>
        <time>2026-03-21T08:50:31.000Z</time>
        <extensions>
          <ns3:TrackPointExtension>
            <ns3:hr>155</ns3:hr>
            <ns3:cad>49</ns3:cad>
          </ns3:TrackPointExtension>
        </extensions>
      </trkpt>
      <trkpt lat="34.2411889135837554931640625" lon="108.96283895708620548248291015625">
        <ele>419.20001220703125</ele>
        <time>2026-03-21T08:50:32.000Z</time>
        <extensions>
          <ns3:TrackPointExtension>
            <ns3:hr>154</ns3:hr>
            <ns3:cad>49</ns3:cad>
          </ns3:TrackPointExtension>
        </extensions>
      </trkpt>
      <trkpt lat="34.24116552807390689849853515625" lon="108.962823450565338134765625">
        <ele>419.20001220703125</ele>
        <time>2026-03-21T08:50:33.000Z</time>
        <extensions>
          <ns3:TrackPointExtension>
            <ns3:hr>155</ns3:hr>
            <ns3:cad>49</ns3:cad>
          </ns3:TrackPointExtension>
        </extensions>
      </trkpt>
      <trkpt lat="34.24113082699477672576904296875" lon="108.962811715900897979736328125">
        <ele>419</ele>
        <time>2026-03-21T08:50:34.000Z</time>
        <extensions>
          <ns3:TrackPointExtension>
            <ns3:hr>154</ns3:hr>
            <ns3:cad>49</ns3:cad>
          </ns3:TrackPointExtension>
        </extensions>
      </trkpt>
      <trkpt lat="34.24111020751297473907470703125" lon="108.96280107088387012481689453125">
        <ele>419</ele>
        <time>2026-03-21T08:50:35.000Z</time>
        <extensions>
          <ns3:TrackPointExtension>
            <ns3:hr>154</ns3:hr>
            <ns3:cad>49</ns3:cad>
          </ns3:TrackPointExtension>
        </extensions>
      </trkpt>
      <trkpt lat="34.24108363687992095947265625" lon="108.962794281542301177978515625">
        <ele>419</ele>
        <time>2026-03-21T08:50:36.000Z</time>
        <extensions>
          <ns3:TrackPointExtension>
            <ns3:hr>154</ns3:hr>
            <ns3:cad>49</ns3:cad>
          </ns3:TrackPointExtension>
        </extensions>
      </trkpt>
      <trkpt lat="34.2410548031330108642578125" lon="108.96278715692460536956787109375">
        <ele>419</ele>
        <time>2026-03-21T08:50:37.000Z</time>
        <extensions>
          <ns3:TrackPointExtension>
            <ns3:hr>155</ns3:hr>
            <ns3:cad>49</ns3:cad>
          </ns3:TrackPointExtension>
        </extensions>
      </trkpt>
      <trkpt lat="34.24103401601314544677734375" lon="108.9627786912024021148681640625">
        <ele>419.20001220703125</ele>
        <time>2026-03-21T08:50:38.000Z</time>
        <extensions>
          <ns3:TrackPointExtension>
            <ns3:hr>154</ns3:hr>
            <ns3:cad>49</ns3:cad>
          </ns3:TrackPointExtension>
        </extensions>
      </trkpt>
      <trkpt lat="34.2410023324191570281982421875" lon="108.96277508698403835296630859375">
        <ele>419.20001220703125</ele>
        <time>2026-03-21T08:50:39.000Z</time>
        <extensions>
          <ns3:TrackPointExtension>
            <ns3:hr>154</ns3:hr>
            <ns3:cad>49</ns3:cad>
          </ns3:TrackPointExtension>
        </extensions>
      </trkpt>
      <trkpt lat="34.24097307957708835601806640625" lon="108.9627733267843723297119140625">
        <ele>419</ele>
        <time>2026-03-21T08:50:40.000Z</time>
        <extensions>
          <ns3:TrackPointExtension>
            <ns3:hr>155</ns3:hr>
            <ns3:cad>49</ns3:cad>
          </ns3:TrackPointExtension>
        </extensions>
      </trkpt>
      <trkpt lat="34.24094961024820804595947265625" lon="108.9627693034708499908447265625">
        <ele>419.20001220703125</ele>
        <time>2026-03-21T08:50:41.000Z</time>
        <extensions>
          <ns3:TrackPointExtension>
            <ns3:hr>154</ns3:hr>
            <ns3:cad>99</ns3:cad>
          </ns3:TrackPointExtension>
        </extensions>
      </trkpt>
      <trkpt lat="34.24091742374002933502197265625" lon="108.96276972256600856781005859375">
        <ele>419.20001220703125</ele>
        <time>2026-03-21T08:50:42.000Z</time>
        <extensions>
          <ns3:TrackPointExtension>
            <ns3:hr>154</ns3:hr>
            <ns3:cad>99</ns3:cad>
          </ns3:TrackPointExtension>
        </extensions>
      </trkpt>
      <trkpt lat="34.24089278094470500946044921875" lon="108.962765447795391082763671875">
        <ele>419.20001220703125</ele>
        <time>2026-03-21T08:50:43.000Z</time>
        <extensions>
          <ns3:TrackPointExtension>
            <ns3:hr>155</ns3:hr>
            <ns3:cad>99</ns3:cad>
          </ns3:TrackPointExtension>
        </extensions>
      </trkpt>
      <trkpt lat="34.24086713232100009918212890625" lon="108.96276511251926422119140625">
        <ele>419.20001220703125</ele>
        <time>2026-03-21T08:50:44.000Z</time>
        <extensions>
          <ns3:TrackPointExtension>
            <ns3:hr>155</ns3:hr>
            <ns3:cad>99</ns3:cad>
          </ns3:TrackPointExtension>
        </extensions>
      </trkpt>
      <trkpt lat="34.24083553254604339599609375" lon="108.9627631008625030517578125">
        <ele>419.20001220703125</ele>
        <time>2026-03-21T08:50:45.000Z</time>
        <extensions>
          <ns3:TrackPointExtension>
            <ns3:hr>155</ns3:hr>
            <ns3:cad>99</ns3:cad>
          </ns3:TrackPointExtension>
        </extensions>
      </trkpt>
      <trkpt lat="34.24081047065556049346923828125" lon="108.96275664679706096649169921875">
        <ele>419.20001220703125</ele>
        <time>2026-03-21T08:50:46.000Z</time>
        <extensions>
          <ns3:TrackPointExtension>
            <ns3:hr>155</ns3:hr>
            <ns3:cad>99</ns3:cad>
          </ns3:TrackPointExtension>
        </extensions>
      </trkpt>
      <trkpt lat="34.2407810501754283905029296875" lon="108.96275748498737812042236328125">
        <ele>419.20001220703125</ele>
        <time>2026-03-21T08:50:47.000Z</time>
        <extensions>
          <ns3:TrackPointExtension>
            <ns3:hr>154</ns3:hr>
            <ns3:cad>99</ns3:cad>
          </ns3:TrackPointExtension>
        </extensions>
      </trkpt>
      <trkpt lat="34.24074945040047168731689453125" lon="108.96275429986417293548583984375">
        <ele>419.20001220703125</ele>
        <time>2026-03-21T08:50:48.000Z</time>
        <extensions>
          <ns3:TrackPointExtension>
            <ns3:hr>154</ns3:hr>
            <ns3:cad>99</ns3:cad>
          </ns3:TrackPointExtension>
        </extensions>
      </trkpt>
      <trkpt lat="34.24072463996708393096923828125" lon="108.96275396458804607391357421875">
        <ele>419.20001220703125</ele>
        <time>2026-03-21T08:50:49.000Z</time>
        <extensions>
          <ns3:TrackPointExtension>
            <ns3:hr>154</ns3:hr>
            <ns3:cad>98</ns3:cad>
          </ns3:TrackPointExtension>
        </extensions>
      </trkpt>
      <trkpt lat="34.24069379456341266632080078125" lon="108.9627532102167606353759765625">
        <ele>419.20001220703125</ele>
        <time>2026-03-21T08:50:50.000Z</time>
        <extensions>
          <ns3:TrackPointExtension>
            <ns3:hr>153</ns3:hr>
            <ns3:cad>97</ns3:cad>
          </ns3:TrackPointExtension>
        </extensions>
      </trkpt>
      <trkpt lat="34.2406667210161685943603515625" lon="108.962753377854824066162109375">
        <ele>419.399993896484375</ele>
        <time>2026-03-21T08:50:51.000Z</time>
        <extensions>
          <ns3:TrackPointExtension>
            <ns3:hr>153</ns3:hr>
            <ns3:cad>98</ns3:cad>
          </ns3:TrackPointExtension>
        </extensions>
      </trkpt>
      <trkpt lat="34.240644089877605438232421875" lon="108.9627523720264434814453125">
        <ele>419.20001220703125</ele>
        <time>2026-03-21T08:50:52.000Z</time>
        <extensions>
          <ns3:TrackPointExtension>
            <ns3:hr>153</ns3:hr>
            <ns3:cad>99</ns3:cad>
          </ns3:TrackPointExtension>
        </extensions>
      </trkpt>
      <trkpt lat="34.2406137473881244659423828125" lon="108.96275429986417293548583984375">
        <ele>419.399993896484375</ele>
        <time>2026-03-21T08:50:53.000Z</time>
        <extensions>
          <ns3:TrackPointExtension>
            <ns3:hr>154</ns3:hr>
            <ns3:cad>99</ns3:cad>
          </ns3:TrackPointExtension>
        </extensions>
      </trkpt>
      <trkpt lat="34.2405886016786098480224609375" lon="108.96275077946484088897705078125">
        <ele>419.399993896484375</ele>
        <time>2026-03-21T08:50:54.000Z</time>
        <extensions>
          <ns3:TrackPointExtension>
            <ns3:hr>153</ns3:hr>
            <ns3:cad>99</ns3:cad>
          </ns3:TrackPointExtension>
        </extensions>
      </trkpt>
      <trkpt lat="34.24055968411266803741455078125" lon="108.96275094710290431976318359375">
        <ele>419.399993896484375</ele>
        <time>2026-03-21T08:50:55.000Z</time>
        <extensions>
          <ns3:TrackPointExtension>
            <ns3:hr>153</ns3:hr>
            <ns3:cad>98</ns3:cad>
          </ns3:TrackPointExtension>
        </extensions>
      </trkpt>
      <trkpt lat="34.24052800051867961883544921875" lon="108.96275178529322147369384765625">
        <ele>419.20001220703125</ele>
        <time>2026-03-21T08:50:56.000Z</time>
        <extensions>
          <ns3:TrackPointExtension>
            <ns3:hr>153</ns3:hr>
            <ns3:cad>98</ns3:cad>
          </ns3:TrackPointExtension>
        </extensions>
      </trkpt>
      <trkpt lat="34.24050151370465755462646484375" lon="108.96274826489388942718505859375">
        <ele>419.20001220703125</ele>
        <time>2026-03-21T08:50:57.000Z</time>
        <extensions>
          <ns3:TrackPointExtension>
            <ns3:hr>153</ns3:hr>
            <ns3:cad>99</ns3:cad>
          </ns3:TrackPointExtension>
        </extensions>
      </trkpt>
      <trkpt lat="34.2404725961387157440185546875" lon="108.962748348712921142578125">
        <ele>419.20001220703125</ele>
        <time>2026-03-21T08:50:58.000Z</time>
        <extensions>
          <ns3:TrackPointExtension>
            <ns3:hr>154</ns3:hr>
            <ns3:cad>99</ns3:cad>
          </ns3:TrackPointExtension>
        </extensions>
      </trkpt>
      <trkpt lat="34.24044669605791568756103515625" lon="108.9627478457987308502197265625">
        <ele>419.20001220703125</ele>
        <time>2026-03-21T08:50:59.000Z</time>
        <extensions>
          <ns3:TrackPointExtension>
            <ns3:hr>154</ns3:hr>
            <ns3:cad>99</ns3:cad>
          </ns3:TrackPointExtension>
        </extensions>
      </trkpt>
      <trkpt lat="34.2404236458241939544677734375" lon="108.962747342884540557861328125">
        <ele>419.20001220703125</ele>
        <time>2026-03-21T08:51:00.000Z</time>
        <extensions>
          <ns3:TrackPointExtension>
            <ns3:hr>153</ns3:hr>
            <ns3:cad>99</ns3:cad>
          </ns3:TrackPointExtension>
        </extensions>
      </trkpt>
      <trkpt lat="34.24039573408663272857666015625" lon="108.96275312639772891998291015625">
        <ele>419.20001220703125</ele>
        <time>2026-03-21T08:51:01.000Z</time>
        <extensions>
          <ns3:TrackPointExtension>
            <ns3:hr>153</ns3:hr>
            <ns3:cad>99</ns3:cad>
          </ns3:TrackPointExtension>
        </extensions>
      </trkpt>
      <trkpt lat="34.2403696663677692413330078125" lon="108.9627525396645069122314453125">
        <ele>419.20001220703125</ele>
        <time>2026-03-21T08:51:02.000Z</time>
        <extensions>
          <ns3:TrackPointExtension>
            <ns3:hr>153</ns3:hr>
            <ns3:cad>99</ns3:cad>
          </ns3:TrackPointExtension>
        </extensions>
      </trkpt>
      <trkpt lat="34.24034577794373035430908203125" lon="108.96275145001709461212158203125">
        <ele>419.20001220703125</ele>
        <time>2026-03-21T08:51:03.000Z</time>
        <extensions>
          <ns3:TrackPointExtension>
            <ns3:hr>153</ns3:hr>
            <ns3:cad>99</ns3:cad>
          </ns3:TrackPointExtension>
        </extensions>
      </trkpt>
      <trkpt lat="34.24031627364456653594970703125" lon="108.96275413222610950469970703125">
        <ele>419.20001220703125</ele>
        <time>2026-03-21T08:51:04.000Z</time>
        <extensions>
          <ns3:TrackPointExtension>
            <ns3:hr>153</ns3:hr>
            <ns3:cad>99</ns3:cad>
          </ns3:TrackPointExtension>
        </extensions>
      </trkpt>
      <trkpt lat="34.2402888648211956024169921875" lon="108.96275304257869720458984375">
        <ele>419.20001220703125</ele>
        <time>2026-03-21T08:51:05.000Z</time>
        <extensions>
          <ns3:TrackPointExtension>
            <ns3:hr>153</ns3:hr>
            <ns3:cad>99</ns3:cad>
          </ns3:TrackPointExtension>
        </extensions>
      </trkpt>
      <trkpt lat="34.24026832915842533111572265625" lon="108.96275480277836322784423828125">
        <ele>419.20001220703125</ele>
        <time>2026-03-21T08:51:06.000Z</time>
        <extensions>
          <ns3:TrackPointExtension>
            <ns3:hr>153</ns3:hr>
            <ns3:cad>99</ns3:cad>
          </ns3:TrackPointExtension>
        </extensions>
      </trkpt>
      <trkpt lat="34.240235723555088043212890625" lon="108.96276452578604221343994140625">
        <ele>419.20001220703125</ele>
        <time>2026-03-21T08:51:07.000Z</time>
        <extensions>
          <ns3:TrackPointExtension>
            <ns3:hr>153</ns3:hr>
            <ns3:cad>99</ns3:cad>
          </ns3:TrackPointExtension>
        </extensions>
      </trkpt>
      <trkpt lat="34.24020999111235141754150390625" lon="108.96276771090924739837646484375">
        <ele>419.20001220703125</ele>
        <time>2026-03-21T08:51:08.000Z</time>
        <extensions>
          <ns3:TrackPointExtension>
            <ns3:hr>153</ns3:hr>
            <ns3:cad>99</ns3:cad>
          </ns3:TrackPointExtension>
        </extensions>
      </trkpt>
      <trkpt lat="34.24018442630767822265625" lon="108.9627790264785289764404296875">
        <ele>419.20001220703125</ele>
        <time>2026-03-21T08:51:09.000Z</time>
        <extensions>
          <ns3:TrackPointExtension>
            <ns3:hr>152</ns3:hr>
            <ns3:cad>99</ns3:cad>
          </ns3:TrackPointExtension>
        </extensions>
      </trkpt>
      <trkpt lat="34.24015316180884838104248046875" lon="108.96279570646584033966064453125">
        <ele>419.20001220703125</ele>
        <time>2026-03-21T08:51:10.000Z</time>
        <extensions>
          <ns3:TrackPointExtension>
            <ns3:hr>153</ns3:hr>
            <ns3:cad>99</ns3:cad>
          </ns3:TrackPointExtension>
        </extensions>
      </trkpt>
      <trkpt lat="34.24012952484190464019775390625" lon="108.96280492655932903289794921875">
        <ele>419.20001220703125</ele>
        <time>2026-03-21T08:51:11.000Z</time>
        <extensions>
          <ns3:TrackPointExtension>
            <ns3:hr>153</ns3:hr>
            <ns3:cad>99</ns3:cad>
          </ns3:TrackPointExtension>
        </extensions>
      </trkpt>
      <trkpt lat="34.24010471440851688385009765625" lon="108.9628266356885433197021484375">
        <ele>419.20001220703125</ele>
        <time>2026-03-21T08:51:12.000Z</time>
        <extensions>
          <ns3:TrackPointExtension>
            <ns3:hr>152</ns3:hr>
            <ns3:cad>99</ns3:cad>
          </ns3:TrackPointExtension>
        </extensions>
      </trkpt>
      <trkpt lat="34.2400796525180339813232421875" lon="108.9628454111516475677490234375">
        <ele>419.20001220703125</ele>
        <time>2026-03-21T08:51:13.000Z</time>
        <extensions>
          <ns3:TrackPointExtension>
            <ns3:hr>152</ns3:hr>
            <ns3:cad>98</ns3:cad>
          </ns3:TrackPointExtension>
        </extensions>
      </trkpt>
      <trkpt lat="34.24006037414073944091796875" lon="108.96286376751959323883056640625">
        <ele>419</ele>
        <time>2026-03-21T08:51:14.000Z</time>
        <extensions>
          <ns3:TrackPointExtension>
            <ns3:hr>152</ns3:hr>
            <ns3:cad>97</ns3:cad>
          </ns3:TrackPointExtension>
        </extensions>
      </trkpt>
      <trkpt lat="34.24003648571670055389404296875" lon="108.9628903381526470184326171875">
        <ele>419.20001220703125</ele>
        <time>2026-03-21T08:51:15.000Z</time>
        <extensions>
          <ns3:TrackPointExtension>
            <ns3:hr>152</ns3:hr>
            <ns3:cad>97</ns3:cad>
          </ns3:TrackPointExtension>
        </extensions>
      </trkpt>
      <trkpt lat="34.24001469276845455169677734375" lon="108.96291204728186130523681640625">
        <ele>419.20001220703125</ele>
        <time>2026-03-21T08:51:16.000Z</time>
        <extensions>
          <ns3:TrackPointExtension>
            <ns3:hr>153</ns3:hr>
            <ns3:cad>97</ns3:cad>
          </ns3:TrackPointExtension>
        </extensions>
      </trkpt>
      <trkpt lat="34.23999759368598461151123046875" lon="108.96293249912559986114501953125">
        <ele>419.20001220703125</ele>
        <time>2026-03-21T08:51:17.000Z</time>
        <extensions>
          <ns3:TrackPointExtension>
            <ns3:hr>152</ns3:hr>
            <ns3:cad>97</ns3:cad>
          </ns3:TrackPointExtension>
        </extensions>
      </trkpt>
      <trkpt lat="34.23997856676578521728515625" lon="108.96296636201441287994384765625">
        <ele>419.20001220703125</ele>
        <time>2026-03-21T08:51:18.000Z</time>
        <extensions>
          <ns3:TrackPointExtension>
            <ns3:hr>153</ns3:hr>
            <ns3:cad>97</ns3:cad>
          </ns3:TrackPointExtension>
        </extensions>
      </trkpt>
      <trkpt lat="34.23996381461620330810546875" lon="108.962987400591373443603515625">
        <ele>419.20001220703125</ele>
        <time>2026-03-21T08:51:19.000Z</time>
        <extensions>
          <ns3:TrackPointExtension>
            <ns3:hr>153</ns3:hr>
            <ns3:cad>98</ns3:cad>
          </ns3:TrackPointExtension>
        </extensions>
      </trkpt>
      <trkpt lat="34.2399532534182071685791015625" lon="108.96301665343344211578369140625">
        <ele>419.20001220703125</ele>
        <time>2026-03-21T08:51:20.000Z</time>
        <extensions>
          <ns3:TrackPointExtension>
            <ns3:hr>153</ns3:hr>
            <ns3:cad>98</ns3:cad>
          </ns3:TrackPointExtension>
        </extensions>
      </trkpt>
      <trkpt lat="34.239942692220211029052734375" lon="108.9630542881786823272705078125">
        <ele>419.20001220703125</ele>
        <time>2026-03-21T08:51:21.000Z</time>
        <extensions>
          <ns3:TrackPointExtension>
            <ns3:hr>152</ns3:hr>
            <ns3:cad>98</ns3:cad>
          </ns3:TrackPointExtension>
        </extensions>
      </trkpt>
      <trkpt lat="34.239929616451263427734375" lon="108.9630774222314357757568359375">
        <ele>419.20001220703125</ele>
        <time>2026-03-21T08:51:22.000Z</time>
        <extensions>
          <ns3:TrackPointExtension>
            <ns3:hr>153</ns3:hr>
            <ns3:cad>98</ns3:cad>
          </ns3:TrackPointExtension>
        </extensions>
      </trkpt>
      <trkpt lat="34.23992693424224853515625" lon="108.9631122909486293792724609375">
        <ele>419.20001220703125</ele>
        <time>2026-03-21T08:51:23.000Z</time>
        <extensions>
          <ns3:TrackPointExtension>
            <ns3:hr>153</ns3:hr>
            <ns3:cad>98</ns3:cad>
          </ns3:TrackPointExtension>
        </extensions>
      </trkpt>
      <trkpt lat="34.239921234548091888427734375" lon="108.9631466567516326904296875">
        <ele>419.20001220703125</ele>
        <time>2026-03-21T08:51:24.000Z</time>
        <extensions>
          <ns3:TrackPointExtension>
            <ns3:hr>153</ns3:hr>
            <ns3:cad>98</ns3:cad>
          </ns3:TrackPointExtension>
        </extensions>
      </trkpt>
      <trkpt lat="34.23991913907229900360107421875" lon="108.96317473612725734710693359375">
        <ele>419.20001220703125</ele>
        <time>2026-03-21T08:51:25.000Z</time>
        <extensions>
          <ns3:TrackPointExtension>
            <ns3:hr>152</ns3:hr>
            <ns3:cad>98</ns3:cad>
          </ns3:TrackPointExtension>
        </extensions>
      </trkpt>
      <trkpt lat="34.2399190552532672882080078125" lon="108.963216058909893035888671875">
        <ele>419.20001220703125</ele>
        <time>2026-03-21T08:51:26.000Z</time>
        <extensions>
          <ns3:TrackPointExtension>
            <ns3:hr>153</ns3:hr>
            <ns3:cad>97</ns3:cad>
          </ns3:TrackPointExtension>
        </extensions>
      </trkpt>
      <trkpt lat="34.2399170435965061187744140625" lon="108.96325319074094295501708984375">
        <ele>419.20001220703125</ele>
        <time>2026-03-21T08:51:27.000Z</time>
        <extensions>
          <ns3:TrackPointExtension>
            <ns3:hr>153</ns3:hr>
            <ns3:cad>97</ns3:cad>
          </ns3:TrackPointExtension>
        </extensions>
      </trkpt>
      <trkpt lat="34.2399177141487598419189453125" lon="108.9632862992584705352783203125">
        <ele>419.20001220703125</ele>
        <time>2026-03-21T08:51:28.000Z</time>
        <extensions>
          <ns3:TrackPointExtension>
            <ns3:hr>153</ns3:hr>
            <ns3:cad>97</ns3:cad>
          </ns3:TrackPointExtension>
        </extensions>
      </trkpt>
      <trkpt lat="34.23992089927196502685546875" lon="108.9633261971175670623779296875">
        <ele>419</ele>
        <time>2026-03-21T08:51:29.000Z</time>
        <extensions>
          <ns3:TrackPointExtension>
            <ns3:hr>153</ns3:hr>
            <ns3:cad>98</ns3:cad>
          </ns3:TrackPointExtension>
        </extensions>
      </trkpt>
      <trkpt lat="34.23992500640451908111572265625" lon="108.9633620716631412506103515625">
        <ele>419</ele>
        <time>2026-03-21T08:51:30.000Z</time>
        <extensions>
          <ns3:TrackPointExtension>
            <ns3:hr>153</ns3:hr>
            <ns3:cad>98</ns3:cad>
          </ns3:TrackPointExtension>
        </extensions>
      </trkpt>
      <trkpt lat="34.23993506468832492828369140625" lon="108.96340188570320606231689453125">
        <ele>419</ele>
        <time>2026-03-21T08:51:31.000Z</time>
        <extensions>
          <ns3:TrackPointExtension>
            <ns3:hr>153</ns3:hr>
            <ns3:cad>98</ns3:cad>
          </ns3:TrackPointExtension>
        </extensions>
      </trkpt>
      <trkpt lat="34.23994646407663822174072265625" lon="108.96343491040170192718505859375">
        <ele>419</ele>
        <time>2026-03-21T08:51:32.000Z</time>
        <extensions>
          <ns3:TrackPointExtension>
            <ns3:hr>153</ns3:hr>
            <ns3:cad>98</ns3:cad>
          </ns3:TrackPointExtension>
        </extensions>
      </trkpt>
      <trkpt lat="34.239958785474300384521484375" lon="108.96346944384276866912841796875">
        <ele>419</ele>
        <time>2026-03-21T08:51:33.000Z</time>
        <extensions>
          <ns3:TrackPointExtension>
            <ns3:hr>152</ns3:hr>
            <ns3:cad>98</ns3:cad>
          </ns3:TrackPointExtension>
        </extensions>
      </trkpt>
      <trkpt lat="34.23997311852872371673583984375" lon="108.9634985290467739105224609375">
        <ele>419</ele>
        <time>2026-03-21T08:51:34.000Z</time>
        <extensions>
          <ns3:TrackPointExtension>
            <ns3:hr>153</ns3:hr>
            <ns3:cad>98</ns3:cad>
          </ns3:TrackPointExtension>
        </extensions>
      </trkpt>
      <trkpt lat="34.239992983639240264892578125" lon="108.9635313861072063446044921875">
        <ele>419</ele>
        <time>2026-03-21T08:51:35.000Z</time>
        <extensions>
          <ns3:TrackPointExtension>
            <ns3:hr>153</ns3:hr>
            <ns3:cad>50</ns3:cad>
          </ns3:TrackPointExtension>
        </extensions>
      </trkpt>
      <trkpt lat="34.2400055564939975738525390625" lon="108.96355502307415008544921875">
        <ele>419</ele>
        <time>2026-03-21T08:51:36.000Z</time>
        <extensions>
          <ns3:TrackPointExtension>
            <ns3:hr>152</ns3:hr>
            <ns3:cad>50</ns3:cad>
          </ns3:TrackPointExtension>
        </extensions>
      </trkpt>
      <trkpt lat="34.240023158490657806396484375" lon="108.96357874386012554168701171875">
        <ele>418.79998779296875</ele>
        <time>2026-03-21T08:51:37.000Z</time>
        <extensions>
          <ns3:TrackPointExtension>
            <ns3:hr>152</ns3:hr>
            <ns3:cad>50</ns3:cad>
          </ns3:TrackPointExtension>
        </extensions>
      </trkpt>
      <trkpt lat="34.24004419706761837005615234375" lon="108.9636041410267353057861328125">
        <ele>418.79998779296875</ele>
        <time>2026-03-21T08:51:38.000Z</time>
        <extensions>
          <ns3:TrackPointExtension>
            <ns3:hr>152</ns3:hr>
            <ns3:cad>102</ns3:cad>
          </ns3:TrackPointExtension>
        </extensions>
      </trkpt>
      <trkpt lat="34.24006213434040546417236328125" lon="108.96362702362239360809326171875">
        <ele>418.79998779296875</ele>
        <time>2026-03-21T08:51:39.000Z</time>
        <extensions>
          <ns3:TrackPointExtension>
            <ns3:hr>152</ns3:hr>
            <ns3:cad>102</ns3:cad>
          </ns3:TrackPointExtension>
        </extensions>
      </trkpt>
      <trkpt lat="34.24008443020284175872802734375" lon="108.963651917874813079833984375">
        <ele>418.79998779296875</ele>
        <time>2026-03-21T08:51:40.000Z</time>
        <extensions>
          <ns3:TrackPointExtension>
            <ns3:hr>152</ns3:hr>
            <ns3:cad>101</ns3:cad>
          </ns3:TrackPointExtension>
        </extensions>
      </trkpt>
      <trkpt lat="34.2401128448545932769775390625" lon="108.96366977132856845855712890625">
        <ele>418.79998779296875</ele>
        <time>2026-03-21T08:51:41.000Z</time>
        <extensions>
          <ns3:TrackPointExtension>
            <ns3:hr>152</ns3:hr>
            <ns3:cad>99</ns3:cad>
          </ns3:TrackPointExtension>
        </extensions>
      </trkpt>
      <trkpt lat="34.240137152373790740966796875" lon="108.9636879600584506988525390625">
        <ele>419</ele>
        <time>2026-03-21T08:51:42.000Z</time>
        <extensions>
          <ns3:TrackPointExtension>
            <ns3:hr>151</ns3:hr>
            <ns3:cad>99</ns3:cad>
          </ns3:TrackPointExtension>
        </extensions>
      </trkpt>
      <trkpt lat="34.24016187898814678192138671875" lon="108.963700197637081146240234375">
        <ele>419</ele>
        <time>2026-03-21T08:51:43.000Z</time>
        <extensions>
          <ns3:TrackPointExtension>
            <ns3:hr>152</ns3:hr>
            <ns3:cad>99</ns3:cad>
          </ns3:TrackPointExtension>
        </extensions>
      </trkpt>
      <trkpt lat="34.24019046127796173095703125" lon="108.96371268667280673980712890625">
        <ele>419</ele>
        <time>2026-03-21T08:51:44.000Z</time>
        <extensions>
          <ns3:TrackPointExtension>
            <ns3:hr>152</ns3:hr>
            <ns3:cad>99</ns3:cad>
          </ns3:TrackPointExtension>
        </extensions>
      </trkpt>
      <trkpt lat="34.24021460115909576416015625" lon="108.9637245051562786102294921875">
        <ele>419.20001220703125</ele>
        <time>2026-03-21T08:51:45.000Z</time>
        <extensions>
          <ns3:TrackPointExtension>
            <ns3:hr>151</ns3:hr>
            <ns3:cad>99</ns3:cad>
          </ns3:TrackPointExtension>
        </extensions>
      </trkpt>
      <trkpt lat="34.240239076316356658935546875" lon="108.96373230032622814178466796875">
        <ele>419.20001220703125</ele>
        <time>2026-03-21T08:51:46.000Z</time>
        <extensions>
          <ns3:TrackPointExtension>
            <ns3:hr>152</ns3:hr>
            <ns3:cad>99</ns3:cad>
          </ns3:TrackPointExtension>
        </extensions>
      </trkpt>
      <trkpt lat="34.2402677424252033233642578125" lon="108.9637362398207187652587890625">
        <ele>419</ele>
        <time>2026-03-21T08:51:47.000Z</time>
        <extensions>
          <ns3:TrackPointExtension>
            <ns3:hr>152</ns3:hr>
            <ns3:cad>99</ns3:cad>
          </ns3:TrackPointExtension>
        </extensions>
      </trkpt>
      <trkpt lat="34.2402922175824642181396484375" lon="108.96374319680035114288330078125">
        <ele>419</ele>
        <time>2026-03-21T08:51:48.000Z</time>
        <extensions>
          <ns3:TrackPointExtension>
            <ns3:hr>151</ns3:hr>
            <ns3:cad>99</ns3:cad>
          </ns3:TrackPointExtension>
        </extensions>
      </trkpt>
      <trkpt lat="34.24031895585358142852783203125" lon="108.96374554373323917388916015625">
        <ele>419</ele>
        <time>2026-03-21T08:51:49.000Z</time>
        <extensions>
          <ns3:TrackPointExtension>
            <ns3:hr>151</ns3:hr>
            <ns3:cad>100</ns3:cad>
          </ns3:TrackPointExtension>
        </extensions>
      </trkpt>
      <trkpt lat="34.24034678377211093902587890625" lon="108.9637449570000171661376953125">
        <ele>418.79998779296875</ele>
        <time>2026-03-21T08:51:50.000Z</time>
        <extensions>
          <ns3:TrackPointExtension>
            <ns3:hr>151</ns3:hr>
            <ns3:cad>100</ns3:cad>
          </ns3:TrackPointExtension>
        </extensions>
      </trkpt>
      <trkpt lat="34.24037176184356212615966796875" lon="108.963747806847095489501953125">
        <ele>418.79998779296875</ele>
        <time>2026-03-21T08:51:51.000Z</time>
        <extensions>
          <ns3:TrackPointExtension>
            <ns3:hr>152</ns3:hr>
            <ns3:cad>100</ns3:cad>
          </ns3:TrackPointExtension>
        </extensions>
      </trkpt>
      <trkpt lat="34.24039791338145732879638671875" lon="108.96374680101871490478515625">
        <ele>418.79998779296875</ele>
        <time>2026-03-21T08:51:52.000Z</time>
        <extensions>
          <ns3:TrackPointExtension>
            <ns3:hr>152</ns3:hr>
            <ns3:cad>100</ns3:cad>
          </ns3:TrackPointExtension>
        </extensions>
      </trkpt>
      <trkpt lat="34.2404263280332088470458984375" lon="108.963744454085826873779296875">
        <ele>418.79998779296875</ele>
        <time>2026-03-21T08:51:53.000Z</time>
        <extensions>
          <ns3:TrackPointExtension>
            <ns3:hr>152</ns3:hr>
            <ns3:cad>100</ns3:cad>
          </ns3:TrackPointExtension>
        </extensions>
      </trkpt>
      <trkpt lat="34.24045289866626262664794921875" lon="108.963747136294841766357421875">
        <ele>418.79998779296875</ele>
        <time>2026-03-21T08:51:54.000Z</time>
        <extensions>
          <ns3:TrackPointExtension>
            <ns3:hr>151</ns3:hr>
            <ns3:cad>100</ns3:cad>
          </ns3:TrackPointExtension>
        </extensions>
      </trkpt>
      <trkpt lat="34.240481145679950714111328125" lon="108.96374814212322235107421875">
        <ele>418.79998779296875</ele>
        <time>2026-03-21T08:51:55.000Z</time>
        <extensions>
          <ns3:TrackPointExtension>
            <ns3:hr>151</ns3:hr>
            <ns3:cad>100</ns3:cad>
          </ns3:TrackPointExtension>
        </extensions>
      </trkpt>
      <trkpt lat="34.240512661635875701904296875" lon="108.9637409336864948272705078125">
        <ele>418.79998779296875</ele>
        <time>2026-03-21T08:51:56.000Z</time>
        <extensions>
          <ns3:TrackPointExtension>
            <ns3:hr>151</ns3:hr>
            <ns3:cad>100</ns3:cad>
          </ns3:TrackPointExtension>
        </extensions>
      </trkpt>
      <trkpt lat="34.2405436746776103973388671875" lon="108.96374369971454143524169921875">
        <ele>418.79998779296875</ele>
        <time>2026-03-21T08:51:57.000Z</time>
        <extensions>
          <ns3:TrackPointExtension>
            <ns3:hr>152</ns3:hr>
            <ns3:cad>100</ns3:cad>
          </ns3:TrackPointExtension>
        </extensions>
      </trkpt>
      <trkpt lat="34.24057133495807647705078125" lon="108.9637469686567783355712890625">
        <ele>418.79998779296875</ele>
        <time>2026-03-21T08:51:58.000Z</time>
        <extensions>
          <ns3:TrackPointExtension>
            <ns3:hr>151</ns3:hr>
            <ns3:cad>100</ns3:cad>
          </ns3:TrackPointExtension>
        </extensions>
      </trkpt>
      <trkpt lat="34.2406015098094940185546875" lon="108.963743112981319427490234375">
        <ele>418.79998779296875</ele>
        <time>2026-03-21T08:51:59.000Z</time>
        <extensions>
          <ns3:TrackPointExtension>
            <ns3:hr>151</ns3:hr>
            <ns3:cad>100</ns3:cad>
          </ns3:TrackPointExtension>
        </extensions>
      </trkpt>
      <trkpt lat="34.24062766134738922119140625" lon="108.96374319680035114288330078125">
        <ele>418.600006103515625</ele>
        <time>2026-03-21T08:52:00.000Z</time>
        <extensions>
          <ns3:TrackPointExtension>
            <ns3:hr>151</ns3:hr>
            <ns3:cad>100</ns3:cad>
          </ns3:TrackPointExtension>
        </extensions>
      </trkpt>
      <trkpt lat="34.2406539805233478546142578125" lon="108.96374822594225406646728515625">
        <ele>418.600006103515625</ele>
        <time>2026-03-21T08:52:01.000Z</time>
        <extensions>
          <ns3:TrackPointExtension>
            <ns3:hr>151</ns3:hr>
            <ns3:cad>100</ns3:cad>
          </ns3:TrackPointExtension>
        </extensions>
      </trkpt>
      <trkpt lat="34.240682981908321380615234375" lon="108.96374822594225406646728515625">
        <ele>418.600006103515625</ele>
        <time>2026-03-21T08:52:02.000Z</time>
        <extensions>
          <ns3:TrackPointExtension>
            <ns3:hr>150</ns3:hr>
            <ns3:cad>100</ns3:cad>
          </ns3:TrackPointExtension>
        </extensions>
      </trkpt>
      <trkpt lat="34.2407059483230113983154296875" lon="108.9637526683509349822998046875">
        <ele>418.600006103515625</ele>
        <time>2026-03-21T08:52:03.000Z</time>
        <extensions>
          <ns3:TrackPointExtension>
            <ns3:hr>150</ns3:hr>
            <ns3:cad>100</ns3:cad>
          </ns3:TrackPointExtension>
        </extensions>
      </trkpt>
      <trkpt lat="34.240733943879604339599609375" lon="108.96375006996095180511474609375">
        <ele>418.600006103515625</ele>
        <time>2026-03-21T08:52:04.000Z</time>
        <extensions>
          <ns3:TrackPointExtension>
            <ns3:hr>150</ns3:hr>
            <ns3:cad>100</ns3:cad>
          </ns3:TrackPointExtension>
        </extensions>
      </trkpt>
      <trkpt lat="34.24076738767325878143310546875" lon="108.96374772302806377410888671875">
        <ele>418.79998779296875</ele>
        <time>2026-03-21T08:52:05.000Z</time>
        <extensions>
          <ns3:TrackPointExtension>
            <ns3:hr>151</ns3:hr>
            <ns3:cad>100</ns3:cad>
          </ns3:TrackPointExtension>
        </extensions>
      </trkpt>
      <trkpt lat="34.240793287754058837890625" lon="108.96375426091253757476806640625">
        <ele>418.79998779296875</ele>
        <time>2026-03-21T08:52:06.000Z</time>
        <extensions>
          <ns3:TrackPointExtension>
            <ns3:hr>151</ns3:hr>
            <ns3:cad>98</ns3:cad>
          </ns3:TrackPointExtension>
        </extensions>
      </trkpt>
      <trkpt lat="34.2408263124525547027587890625" lon="108.96375258453190326690673828125">
        <ele>418.79998779296875</ele>
        <time>2026-03-21T08:52:07.000Z</time>
        <extensions>
          <ns3:TrackPointExtension>
            <ns3:hr>151</ns3:hr>
            <ns3:cad>98</ns3:cad>
          </ns3:TrackPointExtension>
        </extensions>
      </trkpt>
      <trkpt lat="34.2408578284084796905517578125" lon="108.96375090815126895904541015625">
        <ele>418.79998779296875</ele>
        <time>2026-03-21T08:52:08.000Z</time>
        <extensions>
          <ns3:TrackPointExtension>
            <ns3:hr>152</ns3:hr>
            <ns3:cad>98</ns3:cad>
          </ns3:TrackPointExtension>
        </extensions>
      </trkpt>
      <trkpt lat="34.24088741652667522430419921875" lon="108.96375493146479129791259765625">
        <ele>418.79998779296875</ele>
        <time>2026-03-21T08:52:09.000Z</time>
        <extensions>
          <ns3:TrackPointExtension>
            <ns3:hr>152</ns3:hr>
            <ns3:cad>98</ns3:cad>
          </ns3:TrackPointExtension>
        </extensions>
      </trkpt>
      <trkpt lat="34.24092178232967853546142578125" lon="108.96375023759901523590087890625">
        <ele>418.600006103515625</ele>
        <time>2026-03-21T08:52:10.000Z</time>
        <extensions>
          <ns3:TrackPointExtension>
            <ns3:hr>152</ns3:hr>
            <ns3:cad>99</ns3:cad>
          </ns3:TrackPointExtension>
        </extensions>
      </trkpt>
      <trkpt lat="34.2409527115523815155029296875" lon="108.96374939940869808197021484375">
        <ele>418.600006103515625</ele>
        <time>2026-03-21T08:52:11.000Z</time>
        <extensions>
          <ns3:TrackPointExtension>
            <ns3:hr>152</ns3:hr>
            <ns3:cad>99</ns3:cad>
          </ns3:TrackPointExtension>
        </extensions>
      </trkpt>
      <trkpt lat="34.24097978509962558746337890625" lon="108.96375241689383983612060546875">
        <ele>418.79998779296875</ele>
        <time>2026-03-21T08:52:12.000Z</time>
        <extensions>
          <ns3:TrackPointExtension>
            <ns3:hr>152</ns3:hr>
            <ns3:cad>99</ns3:cad>
          </ns3:TrackPointExtension>
        </extensions>
      </trkpt>
      <trkpt lat="34.24101213924586772918701171875" lon="108.9637503214180469512939453125">
        <ele>418.79998779296875</ele>
        <time>2026-03-21T08:52:13.000Z</time>
        <extensions>
          <ns3:TrackPointExtension>
            <ns3:hr>152</ns3:hr>
            <ns3:cad>99</ns3:cad>
          </ns3:TrackPointExtension>
        </extensions>
      </trkpt>
      <trkpt lat="34.24103594385087490081787109375" lon="108.9637553505599498748779296875">
        <ele>418.79998779296875</ele>
        <time>2026-03-21T08:52:14.000Z</time>
        <extensions>
          <ns3:TrackPointExtension>
            <ns3:hr>152</ns3:hr>
            <ns3:cad>99</ns3:cad>
          </ns3:TrackPointExtension>
        </extensions>
      </trkpt>
      <trkpt lat="34.24106058664619922637939453125" lon="108.96375887095928192138671875">
        <ele>418.79998779296875</ele>
        <time>2026-03-21T08:52:15.000Z</time>
        <extensions>
          <ns3:TrackPointExtension>
            <ns3:hr>153</ns3:hr>
            <ns3:cad>99</ns3:cad>
          </ns3:TrackPointExtension>
        </extensions>
      </trkpt>
      <trkpt lat="34.24108874984085559844970703125" lon="108.9637570269405841827392578125">
        <ele>418.79998779296875</ele>
        <time>2026-03-21T08:52:16.000Z</time>
        <extensions>
          <ns3:TrackPointExtension>
            <ns3:hr>153</ns3:hr>
            <ns3:cad>99</ns3:cad>
          </ns3:TrackPointExtension>
        </extensions>
      </trkpt>
      <trkpt lat="34.24111423082649707794189453125" lon="108.96375887095928192138671875">
        <ele>418.79998779296875</ele>
        <time>2026-03-21T08:52:17.000Z</time>
        <extensions>
          <ns3:TrackPointExtension>
            <ns3:hr>153</ns3:hr>
            <ns3:cad>99</ns3:cad>
          </ns3:TrackPointExtension>
        </extensions>
      </trkpt>
      <trkpt lat="34.24114205874502658843994140625" lon="108.96375375799834728240966796875">
        <ele>418.79998779296875</ele>
        <time>2026-03-21T08:52:18.000Z</time>
        <extensions>
          <ns3:TrackPointExtension>
            <ns3:hr>154</ns3:hr>
            <ns3:cad>99</ns3:cad>
          </ns3:TrackPointExtension>
        </extensions>
      </trkpt>
      <trkpt lat="34.24117424525320529937744140625" lon="108.9637439511716365814208984375">
        <ele>418.79998779296875</ele>
        <time>2026-03-21T08:52:19.000Z</time>
        <extensions>
          <ns3:TrackPointExtension>
            <ns3:hr>154</ns3:hr>
            <ns3:cad>99</ns3:cad>
          </ns3:TrackPointExtension>
        </extensions>
      </trkpt>
      <trkpt lat="34.24119955860078334808349609375" lon="108.9637375809252262115478515625">
        <ele>418.79998779296875</ele>
        <time>2026-03-21T08:52:20.000Z</time>
        <extensions>
          <ns3:TrackPointExtension>
            <ns3:hr>154</ns3:hr>
            <ns3:cad>99</ns3:cad>
          </ns3:TrackPointExtension>
        </extensions>
      </trkpt>
      <trkpt lat="34.241229481995105743408203125" lon="108.9637234993278980255126953125">
        <ele>418.79998779296875</ele>
        <time>2026-03-21T08:52:21.000Z</time>
        <extensions>
          <ns3:TrackPointExtension>
            <ns3:hr>154</ns3:hr>
            <ns3:cad>99</ns3:cad>
          </ns3:TrackPointExtension>
        </extensions>
      </trkpt>
      <trkpt lat="34.2412598244845867156982421875" lon="108.96370748989284038543701171875">
        <ele>418.79998779296875</ele>
        <time>2026-03-21T08:52:22.000Z</time>
        <extensions>
          <ns3:TrackPointExtension>
            <ns3:hr>153</ns3:hr>
            <ns3:cad>99</ns3:cad>
          </ns3:TrackPointExtension>
        </extensions>
      </trkpt>
      <trkpt lat="34.24128455109894275665283203125" lon="108.963697850704193115234375">
        <ele>418.79998779296875</ele>
        <time>2026-03-21T08:52:23.000Z</time>
        <extensions>
          <ns3:TrackPointExtension>
            <ns3:hr>154</ns3:hr>
            <ns3:cad>99</ns3:cad>
          </ns3:TrackPointExtension>
        </extensions>
      </trkpt>
      <trkpt lat="34.24131388776004314422607421875" lon="108.96367647685110569000244140625">
        <ele>418.79998779296875</ele>
        <time>2026-03-21T08:52:24.000Z</time>
        <extensions>
          <ns3:TrackPointExtension>
            <ns3:hr>154</ns3:hr>
            <ns3:cad>99</ns3:cad>
          </ns3:TrackPointExtension>
        </extensions>
      </trkpt>
      <trkpt lat="34.241341464221477508544921875" lon="108.96366205997765064239501953125">
        <ele>418.79998779296875</ele>
        <time>2026-03-21T08:52:25.000Z</time>
        <extensions>
          <ns3:TrackPointExtension>
            <ns3:hr>155</ns3:hr>
            <ns3:cad>99</ns3:cad>
          </ns3:TrackPointExtension>
        </extensions>
      </trkpt>
      <trkpt lat="34.2413661070168018341064453125" lon="108.9636396802961826324462890625">
        <ele>418.79998779296875</ele>
        <time>2026-03-21T08:52:26.000Z</time>
        <extensions>
          <ns3:TrackPointExtension>
            <ns3:hr>155</ns3:hr>
            <ns3:cad>99</ns3:cad>
          </ns3:TrackPointExtension>
        </extensions>
      </trkpt>
      <trkpt lat="34.24138940870761871337890625" lon="108.9636111818253993988037109375">
        <ele>418.79998779296875</ele>
        <time>2026-03-21T08:52:27.000Z</time>
        <extensions>
          <ns3:TrackPointExtension>
            <ns3:hr>156</ns3:hr>
            <ns3:cad>99</ns3:cad>
          </ns3:TrackPointExtension>
        </extensions>
      </trkpt>
      <trkpt lat="34.241410531103610992431640625" lon="108.963586874306201934814453125">
        <ele>418.79998779296875</ele>
        <time>2026-03-21T08:52:28.000Z</time>
        <extensions>
          <ns3:TrackPointExtension>
            <ns3:hr>156</ns3:hr>
            <ns3:cad>99</ns3:cad>
          </ns3:TrackPointExtension>
        </extensions>
      </trkpt>
      <trkpt lat="34.24143056385219097137451171875" lon="108.963560052216053009033203125">
        <ele>418.79998779296875</ele>
        <time>2026-03-21T08:52:29.000Z</time>
        <extensions>
          <ns3:TrackPointExtension>
            <ns3:hr>156</ns3:hr>
            <ns3:cad>99</ns3:cad>
          </ns3:TrackPointExtension>
        </extensions>
      </trkpt>
      <trkpt lat="34.2414438910782337188720703125" lon="108.96352996118366718292236328125">
        <ele>418.79998779296875</ele>
        <time>2026-03-21T08:52:30.000Z</time>
        <extensions>
          <ns3:TrackPointExtension>
            <ns3:hr>156</ns3:hr>
            <ns3:cad>99</ns3:cad>
          </ns3:TrackPointExtension>
        </extensions>
      </trkpt>
      <trkpt lat="34.24145688302814960479736328125" lon="108.9635042287409305572509765625">
        <ele>418.79998779296875</ele>
        <time>2026-03-21T08:52:31.000Z</time>
        <extensions>
          <ns3:TrackPointExtension>
            <ns3:hr>156</ns3:hr>
            <ns3:cad>99</ns3:cad>
          </ns3:TrackPointExtension>
        </extensions>
      </trkpt>
      <trkpt lat="34.24145990051329135894775390625" lon="108.9634760655462741851806640625">
        <ele>418.79998779296875</ele>
        <time>2026-03-21T08:52:32.000Z</time>
        <extensions>
          <ns3:TrackPointExtension>
            <ns3:hr>157</ns3:hr>
            <ns3:cad>96</ns3:cad>
          </ns3:TrackPointExtension>
        </extensions>
      </trkpt>
      <trkpt lat="34.2414653487503528594970703125" lon="108.96344111301004886627197265625">
        <ele>418.79998779296875</ele>
        <time>2026-03-21T08:52:33.000Z</time>
        <extensions>
          <ns3:TrackPointExtension>
            <ns3:hr>156</ns3:hr>
            <ns3:cad>0</ns3:cad>
          </ns3:TrackPointExtension>
        </extensions>
      </trkpt>
      <trkpt lat="34.2414720542728900909423828125" lon="108.96341152489185333251953125">
        <ele>418.79998779296875</ele>
        <time>2026-03-21T08:52:34.000Z</time>
        <extensions>
          <ns3:TrackPointExtension>
            <ns3:hr>156</ns3:hr>
            <ns3:cad>0</ns3:cad>
          </ns3:TrackPointExtension>
        </extensions>
      </trkpt>
      <trkpt lat="34.2414744012057781219482421875" lon="108.9633791707456111907958984375">
        <ele>418.79998779296875</ele>
        <time>2026-03-21T08:52:35.000Z</time>
        <extensions>
          <ns3:TrackPointExtension>
            <ns3:hr>157</ns3:hr>
            <ns3:cad>100</ns3:cad>
          </ns3:TrackPointExtension>
        </extensions>
      </trkpt>
      <trkpt lat="34.24147649668157100677490234375" lon="108.9633451402187347412109375">
        <ele>418.79998779296875</ele>
        <time>2026-03-21T08:52:36.000Z</time>
        <extensions>
          <ns3:TrackPointExtension>
            <ns3:hr>157</ns3:hr>
            <ns3:cad>100</ns3:cad>
          </ns3:TrackPointExtension>
        </extensions>
      </trkpt>
      <trkpt lat="34.24148001708090305328369140625" lon="108.96331588737666606903076171875">
        <ele>418.79998779296875</ele>
        <time>2026-03-21T08:52:37.000Z</time>
        <extensions>
          <ns3:TrackPointExtension>
            <ns3:hr>157</ns3:hr>
            <ns3:cad>100</ns3:cad>
          </ns3:TrackPointExtension>
        </extensions>
      </trkpt>
      <trkpt lat="34.24148001708090305328369140625" lon="108.96327749826014041900634765625">
        <ele>418.79998779296875</ele>
        <time>2026-03-21T08:52:38.000Z</time>
        <extensions>
          <ns3:TrackPointExtension>
            <ns3:hr>157</ns3:hr>
            <ns3:cad>100</ns3:cad>
          </ns3:TrackPointExtension>
        </extensions>
      </trkpt>
      <trkpt lat="34.2414774186909198760986328125" lon="108.96324145607650279998779296875">
        <ele>418.79998779296875</ele>
        <time>2026-03-21T08:52:39.000Z</time>
        <extensions>
          <ns3:TrackPointExtension>
            <ns3:hr>157</ns3:hr>
            <ns3:cad>100</ns3:cad>
          </ns3:TrackPointExtension>
        </extensions>
      </trkpt>
      <trkpt lat="34.24147767014801502227783203125" lon="108.963210694491863250732421875">
        <ele>418.79998779296875</ele>
        <time>2026-03-21T08:52:40.000Z</time>
        <extensions>
          <ns3:TrackPointExtension>
            <ns3:hr>156</ns3:hr>
            <ns3:cad>100</ns3:cad>
          </ns3:TrackPointExtension>
        </extensions>
      </trkpt>
      <trkpt lat="34.2414683662354946136474609375" lon="108.96317423321306705474853515625">
        <ele>419</ele>
        <time>2026-03-21T08:52:41.000Z</time>
        <extensions>
          <ns3:TrackPointExtension>
            <ns3:hr>157</ns3:hr>
            <ns3:cad>99</ns3:cad>
          </ns3:TrackPointExtension>
        </extensions>
      </trkpt>
      <trkpt lat="34.24146023578941822052001953125" lon="108.96313684992492198944091796875">
        <ele>419</ele>
        <time>2026-03-21T08:52:42.000Z</time>
        <extensions>
          <ns3:TrackPointExtension>
            <ns3:hr>157</ns3:hr>
            <ns3:cad>99</ns3:cad>
          </ns3:TrackPointExtension>
        </extensions>
      </trkpt>
      <trkpt lat="34.24145378172397613525390625" lon="108.9631045795977115631103515625">
        <ele>419</ele>
        <time>2026-03-21T08:52:43.000Z</time>
        <extensions>
          <ns3:TrackPointExtension>
            <ns3:hr>157</ns3:hr>
            <ns3:cad>99</ns3:cad>
          </ns3:TrackPointExtension>
        </extensions>
      </trkpt>
      <trkpt lat="34.24144397489726543426513671875" lon="108.96307230927050113677978515625">
        <ele>419</ele>
        <time>2026-03-21T08:52:44.000Z</time>
        <extensions>
          <ns3:TrackPointExtension>
            <ns3:hr>157</ns3:hr>
            <ns3:cad>99</ns3:cad>
          </ns3:TrackPointExtension>
        </extensions>
      </trkpt>
      <trkpt lat="34.24143207259476184844970703125" lon="108.96303894929587841033935546875">
        <ele>419</ele>
        <time>2026-03-21T08:52:45.000Z</time>
        <extensions>
          <ns3:TrackPointExtension>
            <ns3:hr>157</ns3:hr>
            <ns3:cad>50</ns3:cad>
          </ns3:TrackPointExtension>
        </extensions>
      </trkpt>
      <trkpt lat="34.2414267919957637786865234375" lon="108.96301313303411006927490234375">
        <ele>418.79998779296875</ele>
        <time>2026-03-21T08:52:46.000Z</time>
        <extensions>
          <ns3:TrackPointExtension>
            <ns3:hr>156</ns3:hr>
            <ns3:cad>0</ns3:cad>
          </ns3:TrackPointExtension>
        </extensions>
      </trkpt>
      <trkpt lat="34.24140843562781810760498046875" lon="108.962981700897216796875">
        <ele>418.79998779296875</ele>
        <time>2026-03-21T08:52:47.000Z</time>
        <extensions>
          <ns3:TrackPointExtension>
            <ns3:hr>156</ns3:hr>
            <ns3:cad>0</ns3:cad>
          </ns3:TrackPointExtension>
        </extensions>
      </trkpt>
      <trkpt lat="34.2413895763456821441650390625" lon="108.962952196598052978515625">
        <ele>418.79998779296875</ele>
        <time>2026-03-21T08:52:48.000Z</time>
        <extensions>
          <ns3:TrackPointExtension>
            <ns3:hr>156</ns3:hr>
            <ns3:cad>101</ns3:cad>
          </ns3:TrackPointExtension>
        </extensions>
      </trkpt>
      <trkpt lat="34.24137373454868793487548828125" lon="108.9629262126982212066650390625">
        <ele>418.79998779296875</ele>
        <time>2026-03-21T08:52:49.000Z</time>
        <extensions>
          <ns3:TrackPointExtension>
            <ns3:hr>156</ns3:hr>
            <ns3:cad>101</ns3:cad>
          </ns3:TrackPointExtension>
        </extensions>
      </trkpt>
      <trkpt lat="34.24135244451463222503662109375" lon="108.96289964206516742706298828125">
        <ele>418.79998779296875</ele>
        <time>2026-03-21T08:52:50.000Z</time>
        <extensions>
          <ns3:TrackPointExtension>
            <ns3:hr>157</ns3:hr>
            <ns3:cad>101</ns3:cad>
          </ns3:TrackPointExtension>
        </extensions>
      </trkpt>
      <trkpt lat="34.24132629297673702239990234375" lon="108.962876088917255401611328125">
        <ele>418.79998779296875</ele>
        <time>2026-03-21T08:52:51.000Z</time>
        <extensions>
          <ns3:TrackPointExtension>
            <ns3:hr>157</ns3:hr>
            <ns3:cad>101</ns3:cad>
          </ns3:TrackPointExtension>
        </extensions>
      </trkpt>
      <trkpt lat="34.241308607161045074462890625" lon="108.96285471506416797637939453125">
        <ele>418.79998779296875</ele>
        <time>2026-03-21T08:52:52.000Z</time>
        <extensions>
          <ns3:TrackPointExtension>
            <ns3:hr>157</ns3:hr>
            <ns3:cad>101</ns3:cad>
          </ns3:TrackPointExtension>
        </extensions>
      </trkpt>
      <trkpt lat="34.2412839643657207489013671875" lon="108.962833844125270843505859375">
        <ele>418.79998779296875</ele>
        <time>2026-03-21T08:52:53.000Z</time>
        <extensions>
          <ns3:TrackPointExtension>
            <ns3:hr>156</ns3:hr>
            <ns3:cad>99</ns3:cad>
          </ns3:TrackPointExtension>
        </extensions>
      </trkpt>
      <trkpt lat="34.24126041121780872344970703125" lon="108.962813727557659149169921875">
        <ele>418.79998779296875</ele>
        <time>2026-03-21T08:52:54.000Z</time>
        <extensions>
          <ns3:TrackPointExtension>
            <ns3:hr>156</ns3:hr>
            <ns3:cad>99</ns3:cad>
          </ns3:TrackPointExtension>
        </extensions>
      </trkpt>
      <trkpt lat="34.2412363551557064056396484375" lon="108.962797634303569793701171875">
        <ele>418.79998779296875</ele>
        <time>2026-03-21T08:52:55.000Z</time>
        <extensions>
          <ns3:TrackPointExtension>
            <ns3:hr>156</ns3:hr>
            <ns3:cad>99</ns3:cad>
          </ns3:TrackPointExtension>
        </extensions>
      </trkpt>
      <trkpt lat="34.24120760522782802581787109375" lon="108.962786234915256500244140625">
        <ele>418.79998779296875</ele>
        <time>2026-03-21T08:52:56.000Z</time>
        <extensions>
          <ns3:TrackPointExtension>
            <ns3:hr>157</ns3:hr>
            <ns3:cad>98</ns3:cad>
          </ns3:TrackPointExtension>
        </extensions>
      </trkpt>
      <trkpt lat="34.2411800287663936614990234375" lon="108.96278112195432186126708984375">
        <ele>418.79998779296875</ele>
        <time>2026-03-21T08:52:57.000Z</time>
        <extensions>
          <ns3:TrackPointExtension>
            <ns3:hr>157</ns3:hr>
            <ns3:cad>98</ns3:cad>
          </ns3:TrackPointExtension>
        </extensions>
      </trkpt>
      <trkpt lat="34.2411562241613864898681640625" lon="108.9627763442695140838623046875">
        <ele>418.79998779296875</ele>
        <time>2026-03-21T08:52:58.000Z</time>
        <extensions>
          <ns3:TrackPointExtension>
            <ns3:hr>156</ns3:hr>
            <ns3:cad>98</ns3:cad>
          </ns3:TrackPointExtension>
        </extensions>
      </trkpt>
      <trkpt lat="34.2411260493099689483642578125" lon="108.9627706445753574371337890625">
        <ele>418.79998779296875</ele>
        <time>2026-03-21T08:52:59.000Z</time>
        <extensions>
          <ns3:TrackPointExtension>
            <ns3:hr>156</ns3:hr>
            <ns3:cad>98</ns3:cad>
          </ns3:TrackPointExtension>
        </extensions>
      </trkpt>
      <trkpt lat="34.2410982213914394378662109375" lon="108.9627631008625030517578125">
        <ele>418.79998779296875</ele>
        <time>2026-03-21T08:53:00.000Z</time>
        <extensions>
          <ns3:TrackPointExtension>
            <ns3:hr>156</ns3:hr>
            <ns3:cad>100</ns3:cad>
          </ns3:TrackPointExtension>
        </extensions>
      </trkpt>
      <trkpt lat="34.2410703934729099273681640625" lon="108.96276083774864673614501953125">
        <ele>418.79998779296875</ele>
        <time>2026-03-21T08:53:01.000Z</time>
        <extensions>
          <ns3:TrackPointExtension>
            <ns3:hr>156</ns3:hr>
            <ns3:cad>100</ns3:cad>
          </ns3:TrackPointExtension>
        </extensions>
      </trkpt>
      <trkpt lat="34.24103678204119205474853515625" lon="108.9627599157392978668212890625">
        <ele>418.79998779296875</ele>
        <time>2026-03-21T08:53:02.000Z</time>
        <extensions>
          <ns3:TrackPointExtension>
            <ns3:hr>157</ns3:hr>
            <ns3:cad>100</ns3:cad>
          </ns3:TrackPointExtension>
        </extensions>
      </trkpt>
      <trkpt lat="34.24100727774202823638916015625" lon="108.96275572478771209716796875">
        <ele>418.79998779296875</ele>
        <time>2026-03-21T08:53:03.000Z</time>
        <extensions>
          <ns3:TrackPointExtension>
            <ns3:hr>156</ns3:hr>
            <ns3:cad>98</ns3:cad>
          </ns3:TrackPointExtension>
        </extensions>
      </trkpt>
      <trkpt lat="34.24097676761448383331298828125" lon="108.9627535454928874969482421875">
        <ele>418.79998779296875</ele>
        <time>2026-03-21T08:53:04.000Z</time>
        <extensions>
          <ns3:TrackPointExtension>
            <ns3:hr>156</ns3:hr>
            <ns3:cad>98</ns3:cad>
          </ns3:TrackPointExtension>
        </extensions>
      </trkpt>
      <trkpt lat="34.24094558693468570709228515625" lon="108.96275379694998264312744140625">
        <ele>418.79998779296875</ele>
        <time>2026-03-21T08:53:05.000Z</time>
        <extensions>
          <ns3:TrackPointExtension>
            <ns3:hr>157</ns3:hr>
            <ns3:cad>99</ns3:cad>
          </ns3:TrackPointExtension>
        </extensions>
      </trkpt>
      <trkpt lat="34.24091474153101444244384765625" lon="108.9627488516271114349365234375">
        <ele>418.79998779296875</ele>
        <time>2026-03-21T08:53:06.000Z</time>
        <extensions>
          <ns3:TrackPointExtension>
            <ns3:hr>156</ns3:hr>
            <ns3:cad>99</ns3:cad>
          </ns3:TrackPointExtension>
        </extensions>
      </trkpt>
      <trkpt lat="34.24088691361248493194580078125" lon="108.96274759434163570404052734375">
        <ele>418.79998779296875</ele>
        <time>2026-03-21T08:53:07.000Z</time>
        <extensions>
          <ns3:TrackPointExtension>
            <ns3:hr>156</ns3:hr>
            <ns3:cad>99</ns3:cad>
          </ns3:TrackPointExtension>
        </extensions>
      </trkpt>
      <trkpt lat="34.240854643285274505615234375" lon="108.96274541504681110382080078125">
        <ele>418.79998779296875</ele>
        <time>2026-03-21T08:53:08.000Z</time>
        <extensions>
          <ns3:TrackPointExtension>
            <ns3:hr>156</ns3:hr>
            <ns3:cad>98</ns3:cad>
          </ns3:TrackPointExtension>
        </extensions>
      </trkpt>
      <trkpt lat="34.24083142541348934173583984375" lon="108.9627416431903839111328125">
        <ele>419</ele>
        <time>2026-03-21T08:53:09.000Z</time>
        <extensions>
          <ns3:TrackPointExtension>
            <ns3:hr>156</ns3:hr>
            <ns3:cad>98</ns3:cad>
          </ns3:TrackPointExtension>
        </extensions>
      </trkpt>
      <trkpt lat="34.240802340209484100341796875" lon="108.9627434872090816497802734375">
        <ele>419</ele>
        <time>2026-03-21T08:53:10.000Z</time>
        <extensions>
          <ns3:TrackPointExtension>
            <ns3:hr>156</ns3:hr>
            <ns3:cad>97</ns3:cad>
          </ns3:TrackPointExtension>
        </extensions>
      </trkpt>
      <trkpt lat="34.2407770268619060516357421875" lon="108.96274357102811336517333984375">
        <ele>419</ele>
        <time>2026-03-21T08:53:11.000Z</time>
        <extensions>
          <ns3:TrackPointExtension>
            <ns3:hr>156</ns3:hr>
            <ns3:cad>97</ns3:cad>
          </ns3:TrackPointExtension>
        </extensions>
      </trkpt>
      <trkpt lat="34.24075263552367687225341796875" lon="108.96274709142744541168212890625">
        <ele>419</ele>
        <time>2026-03-21T08:53:12.000Z</time>
        <extensions>
          <ns3:TrackPointExtension>
            <ns3:hr>156</ns3:hr>
            <ns3:cad>98</ns3:cad>
          </ns3:TrackPointExtension>
        </extensions>
      </trkpt>
      <trkpt lat="34.24072480760514736175537109375" lon="108.96274910308420658111572265625">
        <ele>419</ele>
        <time>2026-03-21T08:53:13.000Z</time>
        <extensions>
          <ns3:TrackPointExtension>
            <ns3:hr>156</ns3:hr>
            <ns3:cad>98</ns3:cad>
          </ns3:TrackPointExtension>
        </extensions>
      </trkpt>
      <trkpt lat="34.24069798551499843597412109375" lon="108.96274625323712825775146484375">
        <ele>418.79998779296875</ele>
        <time>2026-03-21T08:53:14.000Z</time>
        <extensions>
          <ns3:TrackPointExtension>
            <ns3:hr>156</ns3:hr>
            <ns3:cad>98</ns3:cad>
          </ns3:TrackPointExtension>
        </extensions>
      </trkpt>
      <trkpt lat="34.24067568965256214141845703125" lon="108.96274357102811336517333984375">
        <ele>418.79998779296875</ele>
        <time>2026-03-21T08:53:15.000Z</time>
        <extensions>
          <ns3:TrackPointExtension>
            <ns3:hr>155</ns3:hr>
            <ns3:cad>98</ns3:cad>
          </ns3:TrackPointExtension>
        </extensions>
      </trkpt>
      <trkpt lat="34.24065121449530124664306640625" lon="108.962746001780033111572265625">
        <ele>418.79998779296875</ele>
        <time>2026-03-21T08:53:16.000Z</time>
        <extensions>
          <ns3:TrackPointExtension>
            <ns3:hr>156</ns3:hr>
            <ns3:cad>98</ns3:cad>
          </ns3:TrackPointExtension>
        </extensions>
      </trkpt>
      <trkpt lat="34.24062958918511867523193359375" lon="108.96274407394230365753173828125">
        <ele>418.79998779296875</ele>
        <time>2026-03-21T08:53:17.000Z</time>
        <extensions>
          <ns3:TrackPointExtension>
            <ns3:hr>155</ns3:hr>
            <ns3:cad>98</ns3:cad>
          </ns3:TrackPointExtension>
        </extensions>
      </trkpt>
      <trkpt lat="34.24060092307627201080322265625" lon="108.9627418108284473419189453125">
        <ele>418.79998779296875</ele>
        <time>2026-03-21T08:53:18.000Z</time>
        <extensions>
          <ns3:TrackPointExtension>
            <ns3:hr>155</ns3:hr>
            <ns3:cad>98</ns3:cad>
          </ns3:TrackPointExtension>
        </extensions>
      </trkpt>
      <trkpt lat="34.24056865274906158447265625" lon="108.96274030208587646484375">
        <ele>419</ele>
        <time>2026-03-21T08:53:19.000Z</time>
        <extensions>
          <ns3:TrackPointExtension>
            <ns3:hr>155</ns3:hr>
            <ns3:cad>98</ns3:cad>
          </ns3:TrackPointExtension>
        </extensions>
      </trkpt>
      <trkpt lat="34.24054141156375408172607421875" lon="108.9627361111342906951904296875">
        <ele>419</ele>
        <time>2026-03-21T08:53:20.000Z</time>
        <extensions>
          <ns3:TrackPointExtension>
            <ns3:hr>155</ns3:hr>
            <ns3:cad>98</ns3:cad>
          </ns3:TrackPointExtension>
        </extensions>
      </trkpt>
      <trkpt lat="34.2405124939978122711181640625" lon="108.962734602391719818115234375">
        <ele>419</ele>
        <time>2026-03-21T08:53:21.000Z</time>
        <extensions>
          <ns3:TrackPointExtension>
            <ns3:hr>154</ns3:hr>
            <ns3:cad>98</ns3:cad>
          </ns3:TrackPointExtension>
        </extensions>
      </trkpt>
      <trkpt lat="34.24047988839447498321533203125" lon="108.96273602731525897979736328125">
        <ele>419</ele>
        <time>2026-03-21T08:53:22.000Z</time>
        <extensions>
          <ns3:TrackPointExtension>
            <ns3:hr>154</ns3:hr>
            <ns3:cad>98</ns3:cad>
          </ns3:TrackPointExtension>
        </extensions>
      </trkpt>
      <trkpt lat="34.24045222811400890350341796875" lon="108.9627309143543243408203125">
        <ele>419</ele>
        <time>2026-03-21T08:53:23.000Z</time>
        <extensions>
          <ns3:TrackPointExtension>
            <ns3:hr>154</ns3:hr>
            <ns3:cad>98</ns3:cad>
          </ns3:TrackPointExtension>
        </extensions>
      </trkpt>
      <trkpt lat="34.24041937105357646942138671875" lon="108.9627314172685146331787109375">
        <ele>419</ele>
        <time>2026-03-21T08:53:24.000Z</time>
        <extensions>
          <ns3:TrackPointExtension>
            <ns3:hr>154</ns3:hr>
            <ns3:cad>98</ns3:cad>
          </ns3:TrackPointExtension>
        </extensions>
      </trkpt>
      <trkpt lat="34.2403867654502391815185546875" lon="108.9627297408878803253173828125">
        <ele>419</ele>
        <time>2026-03-21T08:53:25.000Z</time>
        <extensions>
          <ns3:TrackPointExtension>
            <ns3:hr>153</ns3:hr>
            <ns3:cad>98</ns3:cad>
          </ns3:TrackPointExtension>
        </extensions>
      </trkpt>
      <trkpt lat="34.2403619550168514251708984375" lon="108.96272798068821430206298828125">
        <ele>419</ele>
        <time>2026-03-21T08:53:26.000Z</time>
        <extensions>
          <ns3:TrackPointExtension>
            <ns3:hr>153</ns3:hr>
            <ns3:cad>98</ns3:cad>
          </ns3:TrackPointExtension>
        </extensions>
      </trkpt>
      <trkpt lat="34.24032993614673614501953125" lon="108.9627314172685146331787109375">
        <ele>419</ele>
        <time>2026-03-21T08:53:27.000Z</time>
        <extensions>
          <ns3:TrackPointExtension>
            <ns3:hr>153</ns3:hr>
            <ns3:cad>97</ns3:cad>
          </ns3:TrackPointExtension>
        </extensions>
      </trkpt>
      <trkpt lat="34.24030177295207977294921875" lon="108.962729908525943756103515625">
        <ele>419</ele>
        <time>2026-03-21T08:53:28.000Z</time>
        <extensions>
          <ns3:TrackPointExtension>
            <ns3:hr>153</ns3:hr>
            <ns3:cad>97</ns3:cad>
          </ns3:TrackPointExtension>
        </extensions>
      </trkpt>
      <trkpt lat="34.24027738161385059356689453125" lon="108.96273150108754634857177734375">
        <ele>419</ele>
        <time>2026-03-21T08:53:29.000Z</time>
        <extensions>
          <ns3:TrackPointExtension>
            <ns3:hr>153</ns3:hr>
            <ns3:cad>97</ns3:cad>
          </ns3:TrackPointExtension>
        </extensions>
      </trkpt>
      <trkpt lat="34.24024821259081363677978515625" lon="108.96274030208587646484375">
        <ele>419</ele>
        <time>2026-03-21T08:53:30.000Z</time>
        <extensions>
          <ns3:TrackPointExtension>
            <ns3:hr>153</ns3:hr>
            <ns3:cad>98</ns3:cad>
          </ns3:TrackPointExtension>
        </extensions>
      </trkpt>
      <trkpt lat="34.24022608436644077301025390625" lon="108.96274155937135219573974609375">
        <ele>419</ele>
        <time>2026-03-21T08:53:31.000Z</time>
        <extensions>
          <ns3:TrackPointExtension>
            <ns3:hr>153</ns3:hr>
            <ns3:cad>98</ns3:cad>
          </ns3:TrackPointExtension>
        </extensions>
      </trkpt>
      <trkpt lat="34.240198843181133270263671875" lon="108.96275279112160205841064453125">
        <ele>419</ele>
        <time>2026-03-21T08:53:32.000Z</time>
        <extensions>
          <ns3:TrackPointExtension>
            <ns3:hr>152</ns3:hr>
            <ns3:cad>97</ns3:cad>
          </ns3:TrackPointExtension>
        </extensions>
      </trkpt>
      <trkpt lat="34.2401688359677791595458984375" lon="108.9627693034708499908447265625">
        <ele>419</ele>
        <time>2026-03-21T08:53:33.000Z</time>
        <extensions>
          <ns3:TrackPointExtension>
            <ns3:hr>153</ns3:hr>
            <ns3:cad>97</ns3:cad>
          </ns3:TrackPointExtension>
        </extensions>
      </trkpt>
      <trkpt lat="34.24014528281986713409423828125" lon="108.96277475170791149139404296875">
        <ele>419</ele>
        <time>2026-03-21T08:53:34.000Z</time>
        <extensions>
          <ns3:TrackPointExtension>
            <ns3:hr>153</ns3:hr>
            <ns3:cad>97</ns3:cad>
          </ns3:TrackPointExtension>
        </extensions>
      </trkpt>
      <trkpt lat="34.24011829309165477752685546875" lon="108.9627907611429691314697265625">
        <ele>419</ele>
        <time>2026-03-21T08:53:35.000Z</time>
        <extensions>
          <ns3:TrackPointExtension>
            <ns3:hr>153</ns3:hr>
            <ns3:cad>97</ns3:cad>
          </ns3:TrackPointExtension>
        </extensions>
      </trkpt>
      <trkpt lat="34.24009281210601329803466796875" lon="108.962811045348644256591796875">
        <ele>419</ele>
        <time>2026-03-21T08:53:36.000Z</time>
        <extensions>
          <ns3:TrackPointExtension>
            <ns3:hr>153</ns3:hr>
            <ns3:cad>97</ns3:cad>
          </ns3:TrackPointExtension>
        </extensions>
      </trkpt>
      <trkpt lat="34.240072779357433319091796875" lon="108.9628283120691776275634765625">
        <ele>419</ele>
        <time>2026-03-21T08:53:37.000Z</time>
        <extensions>
          <ns3:TrackPointExtension>
            <ns3:hr>153</ns3:hr>
            <ns3:cad>97</ns3:cad>
          </ns3:TrackPointExtension>
        </extensions>
      </trkpt>
      <trkpt lat="34.24004855565726757049560546875" lon="108.96285588853061199188232421875">
        <ele>419</ele>
        <time>2026-03-21T08:53:38.000Z</time>
        <extensions>
          <ns3:TrackPointExtension>
            <ns3:hr>153</ns3:hr>
            <ns3:cad>99</ns3:cad>
          </ns3:TrackPointExtension>
        </extensions>
      </trkpt>
      <trkpt lat="34.2400290258228778839111328125" lon="108.9628742448985576629638671875">
        <ele>419</ele>
        <time>2026-03-21T08:53:39.000Z</time>
        <extensions>
          <ns3:TrackPointExtension>
            <ns3:hr>153</ns3:hr>
            <ns3:cad>99</ns3:cad>
          </ns3:TrackPointExtension>
        </extensions>
      </trkpt>
      <trkpt lat="34.24001075327396392822265625" lon="108.96289880387485027313232421875">
        <ele>419</ele>
        <time>2026-03-21T08:53:40.000Z</time>
        <extensions>
          <ns3:TrackPointExtension>
            <ns3:hr>153</ns3:hr>
            <ns3:cad>98</ns3:cad>
          </ns3:TrackPointExtension>
        </extensions>
      </trkpt>
      <trkpt lat="34.23999222926795482635498046875" lon="108.96292713470757007598876953125">
        <ele>419</ele>
        <time>2026-03-21T08:53:41.000Z</time>
        <extensions>
          <ns3:TrackPointExtension>
            <ns3:hr>153</ns3:hr>
            <ns3:cad>98</ns3:cad>
          </ns3:TrackPointExtension>
        </extensions>
      </trkpt>
      <trkpt lat="34.23997982405126094818115234375" lon="108.96294808946549892425537109375">
        <ele>419</ele>
        <time>2026-03-21T08:53:42.000Z</time>
        <extensions>
          <ns3:TrackPointExtension>
            <ns3:hr>154</ns3:hr>
            <ns3:cad>98</ns3:cad>
          </ns3:TrackPointExtension>
        </extensions>
      </trkpt>
      <trkpt lat="34.2399639822542667388916015625" lon="108.96297709085047245025634765625">
        <ele>419</ele>
        <time>2026-03-21T08:53:43.000Z</time>
        <extensions>
          <ns3:TrackPointExtension>
            <ns3:hr>154</ns3:hr>
            <ns3:cad>98</ns3:cad>
          </ns3:TrackPointExtension>
        </extensions>
      </trkpt>
      <trkpt lat="34.2399524152278900146484375" lon="108.96300575695931911468505859375">
        <ele>419</ele>
        <time>2026-03-21T08:53:44.000Z</time>
        <extensions>
          <ns3:TrackPointExtension>
            <ns3:hr>154</ns3:hr>
            <ns3:cad>98</ns3:cad>
          </ns3:TrackPointExtension>
        </extensions>
      </trkpt>
      <trkpt lat="34.239942021667957305908203125" lon="108.96303199231624603271484375">
        <ele>419.20001220703125</ele>
        <time>2026-03-21T08:53:45.000Z</time>
        <extensions>
          <ns3:TrackPointExtension>
            <ns3:hr>154</ns3:hr>
            <ns3:cad>98</ns3:cad>
          </ns3:TrackPointExtension>
        </extensions>
      </trkpt>
      <trkpt lat="34.239929281175136566162109375" lon="108.9630676992237567901611328125">
        <ele>419.20001220703125</ele>
        <time>2026-03-21T08:53:46.000Z</time>
        <extensions>
          <ns3:TrackPointExtension>
            <ns3:hr>154</ns3:hr>
            <ns3:cad>98</ns3:cad>
          </ns3:TrackPointExtension>
        </extensions>
      </trkpt>
      <trkpt lat="34.23991729505360126495361328125" lon="108.96309770643711090087890625">
        <ele>419</ele>
        <time>2026-03-21T08:53:47.000Z</time>
        <extensions>
          <ns3:TrackPointExtension>
            <ns3:hr>155</ns3:hr>
            <ns3:cad>98</ns3:cad>
          </ns3:TrackPointExtension>
        </extensions>
      </trkpt>
      <trkpt lat="34.23990975134074687957763671875" lon="108.96312679164111614227294921875">
        <ele>419</ele>
        <time>2026-03-21T08:53:48.000Z</time>
        <extensions>
          <ns3:TrackPointExtension>
            <ns3:hr>154</ns3:hr>
            <ns3:cad>97</ns3:cad>
          </ns3:TrackPointExtension>
        </extensions>
      </trkpt>
      <trkpt lat="34.23990547657012939453125" lon="108.96316266618669033050537109375">
        <ele>419</ele>
        <time>2026-03-21T08:53:49.000Z</time>
        <extensions>
          <ns3:TrackPointExtension>
            <ns3:hr>154</ns3:hr>
            <ns3:cad>97</ns3:cad>
          </ns3:TrackPointExtension>
        </extensions>
      </trkpt>
      <trkpt lat="34.23990388400852680206298828125" lon="108.96319703198969364166259765625">
        <ele>419</ele>
        <time>2026-03-21T08:53:50.000Z</time>
        <extensions>
          <ns3:TrackPointExtension>
            <ns3:hr>155</ns3:hr>
            <ns3:cad>98</ns3:cad>
          </ns3:TrackPointExtension>
        </extensions>
      </trkpt>
      <trkpt lat="34.23990438692271709442138671875" lon="108.96322854794561862945556640625">
        <ele>419</ele>
        <time>2026-03-21T08:53:51.000Z</time>
        <extensions>
          <ns3:TrackPointExtension>
            <ns3:hr>154</ns3:hr>
            <ns3:cad>98</ns3:cad>
          </ns3:TrackPointExtension>
        </extensions>
      </trkpt>
      <trkpt lat="34.2399053089320659637451171875" lon="108.96326777525246143341064453125">
        <ele>419</ele>
        <time>2026-03-21T08:53:52.000Z</time>
        <extensions>
          <ns3:TrackPointExtension>
            <ns3:hr>154</ns3:hr>
            <ns3:cad>98</ns3:cad>
          </ns3:TrackPointExtension>
        </extensions>
      </trkpt>
      <trkpt lat="34.23990589566528797149658203125" lon="108.963299207389354705810546875">
        <ele>419</ele>
        <time>2026-03-21T08:53:53.000Z</time>
        <extensions>
          <ns3:TrackPointExtension>
            <ns3:hr>155</ns3:hr>
            <ns3:cad>98</ns3:cad>
          </ns3:TrackPointExtension>
        </extensions>
      </trkpt>
      <trkpt lat="34.239914529025554656982421875" lon="108.96333717741072177886962890625">
        <ele>419</ele>
        <time>2026-03-21T08:53:54.000Z</time>
        <extensions>
          <ns3:TrackPointExtension>
            <ns3:hr>154</ns3:hr>
            <ns3:cad>98</ns3:cad>
          </ns3:TrackPointExtension>
        </extensions>
      </trkpt>
      <trkpt lat="34.2399224080145359039306640625" lon="108.963372968137264251708984375">
        <ele>419</ele>
        <time>2026-03-21T08:53:55.000Z</time>
        <extensions>
          <ns3:TrackPointExtension>
            <ns3:hr>154</ns3:hr>
            <ns3:cad>99</ns3:cad>
          </ns3:TrackPointExtension>
        </extensions>
      </trkpt>
      <trkpt lat="34.23992433585226535797119140625" lon="108.96340372972190380096435546875">
        <ele>419</ele>
        <time>2026-03-21T08:53:56.000Z</time>
        <extensions>
          <ns3:TrackPointExtension>
            <ns3:hr>155</ns3:hr>
            <ns3:cad>99</ns3:cad>
          </ns3:TrackPointExtension>
        </extensions>
      </trkpt>
      <trkpt lat="34.2399338074028491973876953125" lon="108.96344245411455631256103515625">
        <ele>419</ele>
        <time>2026-03-21T08:53:57.000Z</time>
        <extensions>
          <ns3:TrackPointExtension>
            <ns3:hr>154</ns3:hr>
            <ns3:cad>96</ns3:cad>
          </ns3:TrackPointExtension>
        </extensions>
      </trkpt>
      <trkpt lat="34.239940345287322998046875" lon="108.963472880423069000244140625">
        <ele>419</ele>
        <time>2026-03-21T08:53:58.000Z</time>
        <extensions>
          <ns3:TrackPointExtension>
            <ns3:hr>154</ns3:hr>
            <ns3:cad>96</ns3:cad>
          </ns3:TrackPointExtension>
        </extensions>
      </trkpt>
      <trkpt lat="34.23995031975209712982177734375" lon="108.963503725826740264892578125">
        <ele>419</ele>
        <time>2026-03-21T08:53:59.000Z</time>
        <extensions>
          <ns3:TrackPointExtension>
            <ns3:hr>155</ns3:hr>
            <ns3:cad>96</ns3:cad>
          </ns3:TrackPointExtension>
        </extensions>
      </trkpt>
      <trkpt lat="34.2399673350155353546142578125" lon="108.96353901363909244537353515625">
        <ele>419</ele>
        <time>2026-03-21T08:54:00.000Z</time>
        <extensions>
          <ns3:TrackPointExtension>
            <ns3:hr>154</ns3:hr>
            <ns3:cad>96</ns3:cad>
          </ns3:TrackPointExtension>
        </extensions>
      </trkpt>
      <trkpt lat="34.23997798003256320953369140625" lon="108.96356818266212940216064453125">
        <ele>419</ele>
        <time>2026-03-21T08:54:01.000Z</time>
        <extensions>
          <ns3:TrackPointExtension>
            <ns3:hr>154</ns3:hr>
            <ns3:cad>96</ns3:cad>
          </ns3:TrackPointExtension>
        </extensions>
      </trkpt>
      <trkpt lat="34.239997006952762603759765625" lon="108.963600285351276397705078125">
        <ele>419</ele>
        <time>2026-03-21T08:54:02.000Z</time>
        <extensions>
          <ns3:TrackPointExtension>
            <ns3:hr>154</ns3:hr>
            <ns3:cad>96</ns3:cad>
          </ns3:TrackPointExtension>
        </extensions>
      </trkpt>
      <trkpt lat="34.24001335166394710540771484375" lon="108.963629119098186492919921875">
        <ele>419</ele>
        <time>2026-03-21T08:54:03.000Z</time>
        <extensions>
          <ns3:TrackPointExtension>
            <ns3:hr>154</ns3:hr>
            <ns3:cad>96</ns3:cad>
          </ns3:TrackPointExtension>
        </extensions>
      </trkpt>
      <trkpt lat="34.2400290258228778839111328125" lon="108.9636517502367496490478515625">
        <ele>419</ele>
        <time>2026-03-21T08:54:04.000Z</time>
        <extensions>
          <ns3:TrackPointExtension>
            <ns3:hr>154</ns3:hr>
            <ns3:cad>98</ns3:cad>
          </ns3:TrackPointExtension>
        </extensions>
      </trkpt>
      <trkpt lat="34.24005568027496337890625" lon="108.96367371082305908203125">
        <ele>419</ele>
        <time>2026-03-21T08:54:05.000Z</time>
        <extensions>
          <ns3:TrackPointExtension>
            <ns3:hr>153</ns3:hr>
            <ns3:cad>98</ns3:cad>
          </ns3:TrackPointExtension>
        </extensions>
      </trkpt>
      <trkpt lat="34.24007722176611423492431640625" lon="108.96369424648582935333251953125">
        <ele>419</ele>
        <time>2026-03-21T08:54:06.000Z</time>
        <extensions>
          <ns3:TrackPointExtension>
            <ns3:hr>154</ns3:hr>
            <ns3:cad>98</ns3:cad>
          </ns3:TrackPointExtension>
        </extensions>
      </trkpt>
      <trkpt lat="34.24010169692337512969970703125" lon="108.96370933391153812408447265625">
        <ele>419</ele>
        <time>2026-03-21T08:54:07.000Z</time>
        <extensions>
          <ns3:TrackPointExtension>
            <ns3:hr>154</ns3:hr>
            <ns3:cad>98</ns3:cad>
          </ns3:TrackPointExtension>
        </extensions>
      </trkpt>
      <trkpt lat="34.2401326261460781097412109375" lon="108.96372542716562747955322265625">
        <ele>419</ele>
        <time>2026-03-21T08:54:08.000Z</time>
        <extensions>
          <ns3:TrackPointExtension>
            <ns3:hr>154</ns3:hr>
            <ns3:cad>98</ns3:cad>
          </ns3:TrackPointExtension>
        </extensions>
      </trkpt>
      <trkpt lat="34.2401550896465778350830078125" lon="108.96373816765844821929931640625">
        <ele>419</ele>
        <time>2026-03-21T08:54:09.000Z</time>
        <extensions>
          <ns3:TrackPointExtension>
            <ns3:hr>154</ns3:hr>
            <ns3:cad>98</ns3:cad>
          </ns3:TrackPointExtension>
        </extensions>
      </trkpt>
      <trkpt lat="34.24018601886928081512451171875" lon="108.96374671719968318939208984375">
        <ele>419</ele>
        <time>2026-03-21T08:54:10.000Z</time>
        <extensions>
          <ns3:TrackPointExtension>
            <ns3:hr>154</ns3:hr>
            <ns3:cad>98</ns3:cad>
          </ns3:TrackPointExtension>
        </extensions>
      </trkpt>
      <trkpt lat="34.24021367914974689483642578125" lon="108.96375342272222042083740234375">
        <ele>419</ele>
        <time>2026-03-21T08:54:11.000Z</time>
        <extensions>
          <ns3:TrackPointExtension>
            <ns3:hr>154</ns3:hr>
            <ns3:cad>98</ns3:cad>
          </ns3:TrackPointExtension>
        </extensions>
      </trkpt>
      <trkpt lat="34.24023999832570552825927734375" lon="108.96376146934926509857177734375">
        <ele>419</ele>
        <time>2026-03-21T08:54:12.000Z</time>
        <extensions>
          <ns3:TrackPointExtension>
            <ns3:hr>154</ns3:hr>
            <ns3:cad>98</ns3:cad>
          </ns3:TrackPointExtension>
        </extensions>
      </trkpt>
      <trkpt lat="34.2402710951864719390869140625" lon="108.96376649849116802215576171875">
        <ele>419</ele>
        <time>2026-03-21T08:54:13.000Z</time>
        <extensions>
          <ns3:TrackPointExtension>
            <ns3:hr>154</ns3:hr>
            <ns3:cad>98</ns3:cad>
          </ns3:TrackPointExtension>
        </extensions>
      </trkpt>
      <trkpt lat="34.24029800109565258026123046875" lon="108.9637717790901660919189453125">
        <ele>419</ele>
        <time>2026-03-21T08:54:14.000Z</time>
        <extensions>
          <ns3:TrackPointExtension>
            <ns3:hr>154</ns3:hr>
            <ns3:cad>97</ns3:cad>
          </ns3:TrackPointExtension>
        </extensions>
      </trkpt>
      <trkpt lat="34.24032465554773807525634765625" lon="108.96377362310886383056640625">
        <ele>419</ele>
        <time>2026-03-21T08:54:15.000Z</time>
        <extensions>
          <ns3:TrackPointExtension>
            <ns3:hr>154</ns3:hr>
            <ns3:cad>97</ns3:cad>
          </ns3:TrackPointExtension>
        </extensions>
      </trkpt>
      <trkpt lat="34.24035717733204364776611328125" lon="108.96376783959567546844482421875">
        <ele>418.79998779296875</ele>
        <time>2026-03-21T08:54:16.000Z</time>
        <extensions>
          <ns3:TrackPointExtension>
            <ns3:hr>154</ns3:hr>
            <ns3:cad>98</ns3:cad>
          </ns3:TrackPointExtension>
        </extensions>
      </trkpt>
      <trkpt lat="34.24037947319447994232177734375" lon="108.96377219818532466888427734375">
        <ele>419</ele>
        <time>2026-03-21T08:54:17.000Z</time>
        <extensions>
          <ns3:TrackPointExtension>
            <ns3:hr>155</ns3:hr>
            <ns3:cad>97</ns3:cad>
          </ns3:TrackPointExtension>
        </extensions>
      </trkpt>
      <trkpt lat="34.2404055409133434295654296875" lon="108.963769264519214630126953125">
        <ele>419</ele>
        <time>2026-03-21T08:54:18.000Z</time>
        <extensions>
          <ns3:TrackPointExtension>
            <ns3:hr>155</ns3:hr>
            <ns3:cad>97</ns3:cad>
          </ns3:TrackPointExtension>
        </extensions>
      </trkpt>
      <trkpt lat="34.24043445847928524017333984375" lon="108.96376448683440685272216796875">
        <ele>419</ele>
        <time>2026-03-21T08:54:19.000Z</time>
        <extensions>
          <ns3:TrackPointExtension>
            <ns3:hr>155</ns3:hr>
            <ns3:cad>97</ns3:cad>
          </ns3:TrackPointExtension>
        </extensions>
      </trkpt>
      <trkpt lat="34.24045960418879985809326171875" lon="108.96376079879701137542724609375">
        <ele>419</ele>
        <time>2026-03-21T08:54:20.000Z</time>
        <extensions>
          <ns3:TrackPointExtension>
            <ns3:hr>154</ns3:hr>
            <ns3:cad>97</ns3:cad>
          </ns3:TrackPointExtension>
        </extensions>
      </trkpt>
      <trkpt lat="34.2404913716018199920654296875" lon="108.96375610493123531341552734375">
        <ele>419</ele>
        <time>2026-03-21T08:54:21.000Z</time>
        <extensions>
          <ns3:TrackPointExtension>
            <ns3:hr>155</ns3:hr>
            <ns3:cad>97</ns3:cad>
          </ns3:TrackPointExtension>
        </extensions>
      </trkpt>
      <trkpt lat="34.24051475711166858673095703125" lon="108.96375996060669422149658203125">
        <ele>419</ele>
        <time>2026-03-21T08:54:22.000Z</time>
        <extensions>
          <ns3:TrackPointExtension>
            <ns3:hr>155</ns3:hr>
            <ns3:cad>97</ns3:cad>
          </ns3:TrackPointExtension>
        </extensions>
      </trkpt>
      <trkpt lat="34.240541495382785797119140625" lon="108.96376046352088451385498046875">
        <ele>419</ele>
        <time>2026-03-21T08:54:23.000Z</time>
        <extensions>
          <ns3:TrackPointExtension>
            <ns3:hr>154</ns3:hr>
            <ns3:cad>98</ns3:cad>
          </ns3:TrackPointExtension>
        </extensions>
      </trkpt>
      <trkpt lat="34.2405745200812816619873046875" lon="108.9637580327689647674560546875">
        <ele>418.79998779296875</ele>
        <time>2026-03-21T08:54:24.000Z</time>
        <extensions>
          <ns3:TrackPointExtension>
            <ns3:hr>155</ns3:hr>
            <ns3:cad>97</ns3:cad>
          </ns3:TrackPointExtension>
        </extensions>
      </trkpt>
      <trkpt lat="34.2405986599624156951904296875" lon="108.9637608826160430908203125">
        <ele>418.79998779296875</ele>
        <time>2026-03-21T08:54:25.000Z</time>
        <extensions>
          <ns3:TrackPointExtension>
            <ns3:hr>155</ns3:hr>
            <ns3:cad>97</ns3:cad>
          </ns3:TrackPointExtension>
        </extensions>
      </trkpt>
      <trkpt lat="34.24063034355640411376953125" lon="108.96375618875026702880859375">
        <ele>418.79998779296875</ele>
        <time>2026-03-21T08:54:26.000Z</time>
        <extensions>
          <ns3:TrackPointExtension>
            <ns3:hr>155</ns3:hr>
            <ns3:cad>97</ns3:cad>
          </ns3:TrackPointExtension>
        </extensions>
      </trkpt>
      <trkpt lat="34.24066026695072650909423828125" lon="108.96375375799834728240966796875">
        <ele>418.79998779296875</ele>
        <time>2026-03-21T08:54:27.000Z</time>
        <extensions>
          <ns3:TrackPointExtension>
            <ns3:hr>156</ns3:hr>
            <ns3:cad>98</ns3:cad>
          </ns3:TrackPointExtension>
        </extensions>
      </trkpt>
      <trkpt lat="34.2406834848225116729736328125" lon="108.9637600444257259368896484375">
        <ele>418.79998779296875</ele>
        <time>2026-03-21T08:54:28.000Z</time>
        <extensions>
          <ns3:TrackPointExtension>
            <ns3:hr>156</ns3:hr>
            <ns3:cad>98</ns3:cad>
          </ns3:TrackPointExtension>
        </extensions>
      </trkpt>
      <trkpt lat="34.24071156419813632965087890625" lon="108.96375887095928192138671875">
        <ele>419</ele>
        <time>2026-03-21T08:54:29.000Z</time>
        <extensions>
          <ns3:TrackPointExtension>
            <ns3:hr>156</ns3:hr>
            <ns3:cad>98</ns3:cad>
          </ns3:TrackPointExtension>
        </extensions>
      </trkpt>
      <trkpt lat="34.24073721282184123992919921875" lon="108.9637583680450916290283203125">
        <ele>419</ele>
        <time>2026-03-21T08:54:30.000Z</time>
        <extensions>
          <ns3:TrackPointExtension>
            <ns3:hr>156</ns3:hr>
            <ns3:cad>99</ns3:cad>
          </ns3:TrackPointExtension>
        </extensions>
      </trkpt>
      <trkpt lat="34.2407602630555629730224609375" lon="108.96375895477831363677978515625">
        <ele>419</ele>
        <time>2026-03-21T08:54:31.000Z</time>
        <extensions>
          <ns3:TrackPointExtension>
            <ns3:hr>156</ns3:hr>
            <ns3:cad>99</ns3:cad>
          </ns3:TrackPointExtension>
        </extensions>
      </trkpt>
      <trkpt lat="34.240790940821170806884765625" lon="108.96375618875026702880859375">
        <ele>419</ele>
        <time>2026-03-21T08:54:32.000Z</time>
        <extensions>
          <ns3:TrackPointExtension>
            <ns3:hr>156</ns3:hr>
            <ns3:cad>98</ns3:cad>
          </ns3:TrackPointExtension>
        </extensions>
      </trkpt>
      <trkpt lat="34.24081281758844852447509765625" lon="108.96375954151153564453125">
        <ele>419</ele>
        <time>2026-03-21T08:54:33.000Z</time>
        <extensions>
          <ns3:TrackPointExtension>
            <ns3:hr>155</ns3:hr>
            <ns3:cad>98</ns3:cad>
          </ns3:TrackPointExtension>
        </extensions>
      </trkpt>
      <trkpt lat="34.240837208926677703857421875" lon="108.96375794894993305206298828125">
        <ele>419</ele>
        <time>2026-03-21T08:54:34.000Z</time>
        <extensions>
          <ns3:TrackPointExtension>
            <ns3:hr>156</ns3:hr>
            <ns3:cad>98</ns3:cad>
          </ns3:TrackPointExtension>
        </extensions>
      </trkpt>
      <trkpt lat="34.24086210317909717559814453125" lon="108.96375325508415699005126953125">
        <ele>419</ele>
        <time>2026-03-21T08:54:35.000Z</time>
        <extensions>
          <ns3:TrackPointExtension>
            <ns3:hr>156</ns3:hr>
            <ns3:cad>98</ns3:cad>
          </ns3:TrackPointExtension>
        </extensions>
      </trkpt>
      <trkpt lat="34.2408885061740875244140625" lon="108.96375543437898159027099609375">
        <ele>419</ele>
        <time>2026-03-21T08:54:36.000Z</time>
        <extensions>
          <ns3:TrackPointExtension>
            <ns3:hr>156</ns3:hr>
            <ns3:cad>98</ns3:cad>
          </ns3:TrackPointExtension>
        </extensions>
      </trkpt>
      <trkpt lat="34.2409205250442028045654296875" lon="108.96375526674091815948486328125">
        <ele>419</ele>
        <time>2026-03-21T08:54:37.000Z</time>
        <extensions>
          <ns3:TrackPointExtension>
            <ns3:hr>155</ns3:hr>
            <ns3:cad>99</ns3:cad>
          </ns3:TrackPointExtension>
        </extensions>
      </trkpt>
      <trkpt lat="34.24094860441982746124267578125" lon="108.96375493146479129791259765625">
        <ele>419</ele>
        <time>2026-03-21T08:54:38.000Z</time>
        <extensions>
          <ns3:TrackPointExtension>
            <ns3:hr>155</ns3:hr>
            <ns3:cad>99</ns3:cad>
          </ns3:TrackPointExtension>
        </extensions>
      </trkpt>
      <trkpt lat="34.24097257666289806365966796875" lon="108.963758535683155059814453125">
        <ele>419</ele>
        <time>2026-03-21T08:54:39.000Z</time>
        <extensions>
          <ns3:TrackPointExtension>
            <ns3:hr>155</ns3:hr>
            <ns3:cad>99</ns3:cad>
          </ns3:TrackPointExtension>
        </extensions>
      </trkpt>
      <trkpt lat="34.241004846990108489990234375" lon="108.963759206235408782958984375">
        <ele>419</ele>
        <time>2026-03-21T08:54:40.000Z</time>
        <extensions>
          <ns3:TrackPointExtension>
            <ns3:hr>155</ns3:hr>
            <ns3:cad>98</ns3:cad>
          </ns3:TrackPointExtension>
        </extensions>
      </trkpt>
      <trkpt lat="34.2410325072705745697021484375" lon="108.96376163698732852935791015625">
        <ele>419</ele>
        <time>2026-03-21T08:54:41.000Z</time>
        <extensions>
          <ns3:TrackPointExtension>
            <ns3:hr>154</ns3:hr>
            <ns3:cad>97</ns3:cad>
          </ns3:TrackPointExtension>
        </extensions>
      </trkpt>
      <trkpt lat="34.241058826446533203125" lon="108.9637617208063602447509765625">
        <ele>419</ele>
        <time>2026-03-21T08:54:42.000Z</time>
        <extensions>
          <ns3:TrackPointExtension>
            <ns3:hr>154</ns3:hr>
            <ns3:cad>97</ns3:cad>
          </ns3:TrackPointExtension>
        </extensions>
      </trkpt>
      <trkpt lat="34.2410896718502044677734375" lon="108.96375618875026702880859375">
        <ele>419</ele>
        <time>2026-03-21T08:54:43.000Z</time>
        <extensions>
          <ns3:TrackPointExtension>
            <ns3:hr>154</ns3:hr>
            <ns3:cad>97</ns3:cad>
          </ns3:TrackPointExtension>
        </extensions>
      </trkpt>
      <trkpt lat="34.241114817559719085693359375" lon="108.96375912241637706756591796875">
        <ele>419</ele>
        <time>2026-03-21T08:54:44.000Z</time>
        <extensions>
          <ns3:TrackPointExtension>
            <ns3:hr>154</ns3:hr>
            <ns3:cad>97</ns3:cad>
          </ns3:TrackPointExtension>
        </extensions>
      </trkpt>
      <trkpt lat="34.24114490859210491180419921875" lon="108.96375375799834728240966796875">
        <ele>419</ele>
        <time>2026-03-21T08:54:45.000Z</time>
        <extensions>
          <ns3:TrackPointExtension>
            <ns3:hr>154</ns3:hr>
            <ns3:cad>98</ns3:cad>
          </ns3:TrackPointExtension>
        </extensions>
      </trkpt>
      <trkpt lat="34.2411755025386810302734375" lon="108.963742442429065704345703125">
        <ele>419</ele>
        <time>2026-03-21T08:54:46.000Z</time>
        <extensions>
          <ns3:TrackPointExtension>
            <ns3:hr>154</ns3:hr>
            <ns3:cad>98</ns3:cad>
          </ns3:TrackPointExtension>
        </extensions>
      </trkpt>
      <trkpt lat="34.2412011511623859405517578125" lon="108.9637379162013530731201171875">
        <ele>419</ele>
        <time>2026-03-21T08:54:47.000Z</time>
        <extensions>
          <ns3:TrackPointExtension>
            <ns3:hr>154</ns3:hr>
            <ns3:cad>98</ns3:cad>
          </ns3:TrackPointExtension>
        </extensions>
      </trkpt>
      <trkpt lat="34.24123124219477176666259765625" lon="108.9637231640517711639404296875">
        <ele>419</ele>
        <time>2026-03-21T08:54:48.000Z</time>
        <extensions>
          <ns3:TrackPointExtension>
            <ns3:hr>154</ns3:hr>
            <ns3:cad>98</ns3:cad>
          </ns3:TrackPointExtension>
        </extensions>
      </trkpt>
      <trkpt lat="34.24125923775136470794677734375" lon="108.963710255920886993408203125">
        <ele>418.79998779296875</ele>
        <time>2026-03-21T08:54:49.000Z</time>
        <extensions>
          <ns3:TrackPointExtension>
            <ns3:hr>154</ns3:hr>
            <ns3:cad>99</ns3:cad>
          </ns3:TrackPointExtension>
        </extensions>
      </trkpt>
      <trkpt lat="34.24128237180411815643310546875" lon="108.96369961090385913848876953125">
        <ele>419</ele>
        <time>2026-03-21T08:54:50.000Z</time>
        <extensions>
          <ns3:TrackPointExtension>
            <ns3:hr>154</ns3:hr>
            <ns3:cad>99</ns3:cad>
          </ns3:TrackPointExtension>
        </extensions>
      </trkpt>
      <trkpt lat="34.24131154082715511322021484375" lon="108.96367915906012058258056640625">
        <ele>418.79998779296875</ele>
        <time>2026-03-21T08:54:51.000Z</time>
        <extensions>
          <ns3:TrackPointExtension>
            <ns3:hr>153</ns3:hr>
            <ns3:cad>99</ns3:cad>
          </ns3:TrackPointExtension>
        </extensions>
      </trkpt>
      <trkpt lat="34.24133844673633575439453125" lon="108.9636670053005218505859375">
        <ele>418.79998779296875</ele>
        <time>2026-03-21T08:54:52.000Z</time>
        <extensions>
          <ns3:TrackPointExtension>
            <ns3:hr>153</ns3:hr>
            <ns3:cad>99</ns3:cad>
          </ns3:TrackPointExtension>
        </extensions>
      </trkpt>
      <trkpt lat="34.24135990440845489501953125" lon="108.9636480621993541717529296875">
        <ele>418.79998779296875</ele>
        <time>2026-03-21T08:54:53.000Z</time>
        <extensions>
          <ns3:TrackPointExtension>
            <ns3:hr>153</ns3:hr>
            <ns3:cad>99</ns3:cad>
          </ns3:TrackPointExtension>
        </extensions>
      </trkpt>
      <trkpt lat="34.24138010479509830474853515625" lon="108.96362601779401302337646484375">
        <ele>418.79998779296875</ele>
        <time>2026-03-21T08:54:54.000Z</time>
        <extensions>
          <ns3:TrackPointExtension>
            <ns3:hr>153</ns3:hr>
            <ns3:cad>98</ns3:cad>
          </ns3:TrackPointExtension>
        </extensions>
      </trkpt>
      <trkpt lat="34.2413996346294879913330078125" lon="108.96360657177865505218505859375">
        <ele>418.79998779296875</ele>
        <time>2026-03-21T08:54:55.000Z</time>
        <extensions>
          <ns3:TrackPointExtension>
            <ns3:hr>153</ns3:hr>
            <ns3:cad>98</ns3:cad>
          </ns3:TrackPointExtension>
        </extensions>
      </trkpt>
      <trkpt lat="34.2414157278835773468017578125" lon="108.9635773189365863800048828125">
        <ele>418.79998779296875</ele>
        <time>2026-03-21T08:54:56.000Z</time>
        <extensions>
          <ns3:TrackPointExtension>
            <ns3:hr>153</ns3:hr>
            <ns3:cad>98</ns3:cad>
          </ns3:TrackPointExtension>
        </extensions>
      </trkpt>
      <trkpt lat="34.24142964184284210205078125" lon="108.9635494910180568695068359375">
        <ele>418.79998779296875</ele>
        <time>2026-03-21T08:54:57.000Z</time>
        <extensions>
          <ns3:TrackPointExtension>
            <ns3:hr>153</ns3:hr>
            <ns3:cad>98</ns3:cad>
          </ns3:TrackPointExtension>
        </extensions>
      </trkpt>
      <trkpt lat="34.241442382335662841796875" lon="108.963523171842098236083984375">
        <ele>418.79998779296875</ele>
        <time>2026-03-21T08:54:58.000Z</time>
        <extensions>
          <ns3:TrackPointExtension>
            <ns3:hr>154</ns3:hr>
            <ns3:cad>98</ns3:cad>
          </ns3:TrackPointExtension>
        </extensions>
      </trkpt>
      <trkpt lat="34.2414556257426738739013671875" lon="108.9634871296584606170654296875">
        <ele>419</ele>
        <time>2026-03-21T08:54:59.000Z</time>
        <extensions>
          <ns3:TrackPointExtension>
            <ns3:hr>153</ns3:hr>
            <ns3:cad>98</ns3:cad>
          </ns3:TrackPointExtension>
        </extensions>
      </trkpt>
      <trkpt lat="34.2414687015116214752197265625" lon="108.96345351822674274444580078125">
        <ele>419</ele>
        <time>2026-03-21T08:55:00.000Z</time>
        <extensions>
          <ns3:TrackPointExtension>
            <ns3:hr>153</ns3:hr>
            <ns3:cad>98</ns3:cad>
          </ns3:TrackPointExtension>
        </extensions>
      </trkpt>
      <trkpt lat="34.241479933261871337890625" lon="108.963424265384674072265625">
        <ele>419</ele>
        <time>2026-03-21T08:55:01.000Z</time>
        <extensions>
          <ns3:TrackPointExtension>
            <ns3:hr>153</ns3:hr>
            <ns3:cad>98</ns3:cad>
          </ns3:TrackPointExtension>
        </extensions>
      </trkpt>
      <trkpt lat="34.24148756079375743865966796875" lon="108.96338931284844875335693359375">
        <ele>419</ele>
        <time>2026-03-21T08:55:02.000Z</time>
        <extensions>
          <ns3:TrackPointExtension>
            <ns3:hr>153</ns3:hr>
            <ns3:cad>98</ns3:cad>
          </ns3:TrackPointExtension>
        </extensions>
      </trkpt>
      <trkpt lat="34.2414921708405017852783203125" lon="108.96335612051188945770263671875">
        <ele>419</ele>
        <time>2026-03-21T08:55:03.000Z</time>
        <extensions>
          <ns3:TrackPointExtension>
            <ns3:hr>153</ns3:hr>
            <ns3:cad>98</ns3:cad>
          </ns3:TrackPointExtension>
        </extensions>
      </trkpt>
      <trkpt lat="34.2414948530495166778564453125" lon="108.96332125179469585418701171875">
        <ele>419</ele>
        <time>2026-03-21T08:55:04.000Z</time>
        <extensions>
          <ns3:TrackPointExtension>
            <ns3:hr>152</ns3:hr>
            <ns3:cad>98</ns3:cad>
          </ns3:TrackPointExtension>
        </extensions>
      </trkpt>
      <trkpt lat="34.241494350135326385498046875" lon="108.963284790515899658203125">
        <ele>419</ele>
        <time>2026-03-21T08:55:05.000Z</time>
        <extensions>
          <ns3:TrackPointExtension>
            <ns3:hr>151</ns3:hr>
            <ns3:cad>98</ns3:cad>
          </ns3:TrackPointExtension>
        </extensions>
      </trkpt>
      <trkpt lat="34.24149334430694580078125" lon="108.96325721405446529388427734375">
        <ele>418.79998779296875</ele>
        <time>2026-03-21T08:55:06.000Z</time>
        <extensions>
          <ns3:TrackPointExtension>
            <ns3:hr>150</ns3:hr>
            <ns3:cad>98</ns3:cad>
          </ns3:TrackPointExtension>
        </extensions>
      </trkpt>
      <trkpt lat="34.2414851300418376922607421875" lon="108.96322318352758884429931640625">
        <ele>418.79998779296875</ele>
        <time>2026-03-21T08:55:07.000Z</time>
        <extensions>
          <ns3:TrackPointExtension>
            <ns3:hr>150</ns3:hr>
            <ns3:cad>98</ns3:cad>
          </ns3:TrackPointExtension>
        </extensions>
      </trkpt>
      <trkpt lat="34.24148202873766422271728515625" lon="108.96319149993360042572021484375">
        <ele>418.79998779296875</ele>
        <time>2026-03-21T08:55:08.000Z</time>
        <extensions>
          <ns3:TrackPointExtension>
            <ns3:hr>150</ns3:hr>
            <ns3:cad>98</ns3:cad>
          </ns3:TrackPointExtension>
        </extensions>
      </trkpt>
      <trkpt lat="34.24147666431963443756103515625" lon="108.9631629176437854766845703125">
        <ele>418.79998779296875</ele>
        <time>2026-03-21T08:55:09.000Z</time>
        <extensions>
          <ns3:TrackPointExtension>
            <ns3:hr>149</ns3:hr>
            <ns3:cad>98</ns3:cad>
          </ns3:TrackPointExtension>
        </extensions>
      </trkpt>
      <trkpt lat="34.241467528045177459716796875" lon="108.9631287194788455963134765625">
        <ele>418.79998779296875</ele>
        <time>2026-03-21T08:55:10.000Z</time>
        <extensions>
          <ns3:TrackPointExtension>
            <ns3:hr>150</ns3:hr>
            <ns3:cad>98</ns3:cad>
          </ns3:TrackPointExtension>
        </extensions>
      </trkpt>
      <trkpt lat="34.2414586432278156280517578125" lon="108.96309636533260345458984375">
        <ele>418.79998779296875</ele>
        <time>2026-03-21T08:55:11.000Z</time>
        <extensions>
          <ns3:TrackPointExtension>
            <ns3:hr>150</ns3:hr>
            <ns3:cad>98</ns3:cad>
          </ns3:TrackPointExtension>
        </extensions>
      </trkpt>
      <trkpt lat="34.24144984222948551177978515625" lon="108.96306359209120273590087890625">
        <ele>418.79998779296875</ele>
        <time>2026-03-21T08:55:12.000Z</time>
        <extensions>
          <ns3:TrackPointExtension>
            <ns3:hr>151</ns3:hr>
            <ns3:cad>98</ns3:cad>
          </ns3:TrackPointExtension>
        </extensions>
      </trkpt>
      <trkpt lat="34.24143509007990360260009765625" lon="108.96303190849721431732177734375">
        <ele>418.79998779296875</ele>
        <time>2026-03-21T08:55:13.000Z</time>
        <extensions>
          <ns3:TrackPointExtension>
            <ns3:hr>151</ns3:hr>
            <ns3:cad>98</ns3:cad>
          </ns3:TrackPointExtension>
        </extensions>
      </trkpt>
      <trkpt lat="34.241426289081573486328125" lon="108.96300307475030422210693359375">
        <ele>418.79998779296875</ele>
        <time>2026-03-21T08:55:14.000Z</time>
        <extensions>
          <ns3:TrackPointExtension>
            <ns3:hr>151</ns3:hr>
            <ns3:cad>97</ns3:cad>
          </ns3:TrackPointExtension>
        </extensions>
      </trkpt>
      <trkpt lat="34.241407848894596099853515625" lon="108.96297407336533069610595703125">
        <ele>418.79998779296875</ele>
        <time>2026-03-21T08:55:15.000Z</time>
        <extensions>
          <ns3:TrackPointExtension>
            <ns3:hr>151</ns3:hr>
            <ns3:cad>97</ns3:cad>
          </ns3:TrackPointExtension>
        </extensions>
      </trkpt>
      <trkpt lat="34.24139477312564849853515625" lon="108.962943814694881439208984375">
        <ele>418.79998779296875</ele>
        <time>2026-03-21T08:55:16.000Z</time>
        <extensions>
          <ns3:TrackPointExtension>
            <ns3:hr>151</ns3:hr>
            <ns3:cad>97</ns3:cad>
          </ns3:TrackPointExtension>
        </extensions>
      </trkpt>
      <trkpt lat="34.2413845472037792205810546875" lon="108.9629198424518108367919921875">
        <ele>419</ele>
        <time>2026-03-21T08:55:17.000Z</time>
        <extensions>
          <ns3:TrackPointExtension>
            <ns3:hr>151</ns3:hr>
            <ns3:cad>97</ns3:cad>
          </ns3:TrackPointExtension>
        </extensions>
      </trkpt>
      <trkpt lat="34.241366274654865264892578125" lon="108.96289109252393245697021484375">
        <ele>419</ele>
        <time>2026-03-21T08:55:18.000Z</time>
        <extensions>
          <ns3:TrackPointExtension>
            <ns3:hr>151</ns3:hr>
            <ns3:cad>98</ns3:cad>
          </ns3:TrackPointExtension>
        </extensions>
      </trkpt>
      <trkpt lat="34.2413493432104587554931640625" lon="108.96286879666149616241455078125">
        <ele>419</ele>
        <time>2026-03-21T08:55:19.000Z</time>
        <extensions>
          <ns3:TrackPointExtension>
            <ns3:hr>151</ns3:hr>
            <ns3:cad>98</ns3:cad>
          </ns3:TrackPointExtension>
        </extensions>
      </trkpt>
      <trkpt lat="34.2413298971951007843017578125" lon="108.9628487639129161834716796875">
        <ele>418.79998779296875</ele>
        <time>2026-03-21T08:55:20.000Z</time>
        <extensions>
          <ns3:TrackPointExtension>
            <ns3:hr>152</ns3:hr>
            <ns3:cad>98</ns3:cad>
          </ns3:TrackPointExtension>
        </extensions>
      </trkpt>
      <trkpt lat="34.24130248837172985076904296875" lon="108.962829820811748504638671875">
        <ele>418.79998779296875</ele>
        <time>2026-03-21T08:55:21.000Z</time>
        <extensions>
          <ns3:TrackPointExtension>
            <ns3:hr>151</ns3:hr>
            <ns3:cad>98</ns3:cad>
          </ns3:TrackPointExtension>
        </extensions>
      </trkpt>
      <trkpt lat="34.24128103069961071014404296875" lon="108.9628095366060733795166015625">
        <ele>418.79998779296875</ele>
        <time>2026-03-21T08:55:22.000Z</time>
        <extensions>
          <ns3:TrackPointExtension>
            <ns3:hr>152</ns3:hr>
            <ns3:cad>98</ns3:cad>
          </ns3:TrackPointExtension>
        </extensions>
      </trkpt>
      <trkpt lat="34.24125756137073040008544921875" lon="108.9627921022474765777587890625">
        <ele>418.79998779296875</ele>
        <time>2026-03-21T08:55:23.000Z</time>
        <extensions>
          <ns3:TrackPointExtension>
            <ns3:hr>152</ns3:hr>
            <ns3:cad>98</ns3:cad>
          </ns3:TrackPointExtension>
        </extensions>
      </trkpt>
      <trkpt lat="34.2412276379764080047607421875" lon="108.96277609281241893768310546875">
        <ele>418.79998779296875</ele>
        <time>2026-03-21T08:55:24.000Z</time>
        <extensions>
          <ns3:TrackPointExtension>
            <ns3:hr>152</ns3:hr>
            <ns3:cad>98</ns3:cad>
          </ns3:TrackPointExtension>
        </extensions>
      </trkpt>
      <trkpt lat="34.24120676703751087188720703125" lon="108.962763436138629913330078125">
        <ele>419</ele>
        <time>2026-03-21T08:55:25.000Z</time>
        <extensions>
          <ns3:TrackPointExtension>
            <ns3:hr>152</ns3:hr>
            <ns3:cad>98</ns3:cad>
          </ns3:TrackPointExtension>
        </extensions>
      </trkpt>
      <trkpt lat="34.24117877148091793060302734375" lon="108.96275974810123443603515625">
        <ele>419</ele>
        <time>2026-03-21T08:55:26.000Z</time>
        <extensions>
          <ns3:TrackPointExtension>
            <ns3:hr>151</ns3:hr>
            <ns3:cad>98</ns3:cad>
          </ns3:TrackPointExtension>
        </extensions>
      </trkpt>
      <trkpt lat="34.241151697933673858642578125" lon="108.96275077946484088897705078125">
        <ele>419</ele>
        <time>2026-03-21T08:55:27.000Z</time>
        <extensions>
          <ns3:TrackPointExtension>
            <ns3:hr>151</ns3:hr>
            <ns3:cad>98</ns3:cad>
          </ns3:TrackPointExtension>
        </extensions>
      </trkpt>
      <trkpt lat="34.2411243729293346405029296875" lon="108.96274172700941562652587890625">
        <ele>419.20001220703125</ele>
        <time>2026-03-21T08:55:28.000Z</time>
        <extensions>
          <ns3:TrackPointExtension>
            <ns3:hr>151</ns3:hr>
            <ns3:cad>98</ns3:cad>
          </ns3:TrackPointExtension>
        </extensions>
      </trkpt>
      <trkpt lat="34.24109227024018764495849609375" lon="108.9627421461045742034912109375">
        <ele>419.20001220703125</ele>
        <time>2026-03-21T08:55:29.000Z</time>
        <extensions>
          <ns3:TrackPointExtension>
            <ns3:hr>151</ns3:hr>
            <ns3:cad>98</ns3:cad>
          </ns3:TrackPointExtension>
        </extensions>
      </trkpt>
      <trkpt lat="34.24106662161648273468017578125" lon="108.96273837424814701080322265625">
        <ele>419.20001220703125</ele>
        <time>2026-03-21T08:55:30.000Z</time>
        <extensions>
          <ns3:TrackPointExtension>
            <ns3:hr>152</ns3:hr>
            <ns3:cad>98</ns3:cad>
          </ns3:TrackPointExtension>
        </extensions>
      </trkpt>
      <trkpt lat="34.24104340374469757080078125" lon="108.96273736841976642608642578125">
        <ele>419</ele>
        <time>2026-03-21T08:55:31.000Z</time>
        <extensions>
          <ns3:TrackPointExtension>
            <ns3:hr>151</ns3:hr>
            <ns3:cad>98</ns3:cad>
          </ns3:TrackPointExtension>
        </extensions>
      </trkpt>
      <trkpt lat="34.24100744538009166717529296875" lon="108.96274365484714508056640625">
        <ele>419</ele>
        <time>2026-03-21T08:55:32.000Z</time>
        <extensions>
          <ns3:TrackPointExtension>
            <ns3:hr>151</ns3:hr>
            <ns3:cad>98</ns3:cad>
          </ns3:TrackPointExtension>
        </extensions>
      </trkpt>
      <trkpt lat="34.24098431132733821868896484375" lon="108.96274097263813018798828125">
        <ele>418.79998779296875</ele>
        <time>2026-03-21T08:55:33.000Z</time>
        <extensions>
          <ns3:TrackPointExtension>
            <ns3:hr>151</ns3:hr>
            <ns3:cad>99</ns3:cad>
          </ns3:TrackPointExtension>
        </extensions>
      </trkpt>
      <trkpt lat="34.2409574054181575775146484375" lon="108.9627397991716861724853515625">
        <ele>418.79998779296875</ele>
        <time>2026-03-21T08:55:34.000Z</time>
        <extensions>
          <ns3:TrackPointExtension>
            <ns3:hr>151</ns3:hr>
            <ns3:cad>99</ns3:cad>
          </ns3:TrackPointExtension>
        </extensions>
      </trkpt>
      <trkpt lat="34.2409255541861057281494140625" lon="108.9627414755523204803466796875">
        <ele>419</ele>
        <time>2026-03-21T08:55:35.000Z</time>
        <extensions>
          <ns3:TrackPointExtension>
            <ns3:hr>151</ns3:hr>
            <ns3:cad>99</ns3:cad>
          </ns3:TrackPointExtension>
        </extensions>
      </trkpt>
      <trkpt lat="34.24090200103819370269775390625" lon="108.9627367816865444183349609375">
        <ele>419</ele>
        <time>2026-03-21T08:55:36.000Z</time>
        <extensions>
          <ns3:TrackPointExtension>
            <ns3:hr>151</ns3:hr>
            <ns3:cad>99</ns3:cad>
          </ns3:TrackPointExtension>
        </extensions>
      </trkpt>
      <trkpt lat="34.2408729158341884613037109375" lon="108.96273820661008358001708984375">
        <ele>419</ele>
        <time>2026-03-21T08:55:37.000Z</time>
        <extensions>
          <ns3:TrackPointExtension>
            <ns3:hr>151</ns3:hr>
            <ns3:cad>98</ns3:cad>
          </ns3:TrackPointExtension>
        </extensions>
      </trkpt>
      <trkpt lat="34.24084768630564212799072265625" lon="108.9627357758581638336181640625">
        <ele>419</ele>
        <time>2026-03-21T08:55:38.000Z</time>
        <extensions>
          <ns3:TrackPointExtension>
            <ns3:hr>151</ns3:hr>
            <ns3:cad>98</ns3:cad>
          </ns3:TrackPointExtension>
        </extensions>
      </trkpt>
      <trkpt lat="34.24082346260547637939453125" lon="108.962733931839466094970703125">
        <ele>419</ele>
        <time>2026-03-21T08:55:39.000Z</time>
        <extensions>
          <ns3:TrackPointExtension>
            <ns3:hr>151</ns3:hr>
            <ns3:cad>98</ns3:cad>
          </ns3:TrackPointExtension>
        </extensions>
      </trkpt>
      <trkpt lat="34.2407981492578983306884765625" lon="108.962736614048480987548828125">
        <ele>419</ele>
        <time>2026-03-21T08:55:40.000Z</time>
        <extensions>
          <ns3:TrackPointExtension>
            <ns3:hr>151</ns3:hr>
            <ns3:cad>98</ns3:cad>
          </ns3:TrackPointExtension>
        </extensions>
      </trkpt>
      <trkpt lat="34.2407785356044769287109375" lon="108.96273703314363956451416015625">
        <ele>419</ele>
        <time>2026-03-21T08:55:41.000Z</time>
        <extensions>
          <ns3:TrackPointExtension>
            <ns3:hr>151</ns3:hr>
            <ns3:cad>98</ns3:cad>
          </ns3:TrackPointExtension>
        </extensions>
      </trkpt>
      <trkpt lat="34.240754730999469757080078125" lon="108.9627424813807010650634765625">
        <ele>419</ele>
        <time>2026-03-21T08:55:42.000Z</time>
        <extensions>
          <ns3:TrackPointExtension>
            <ns3:hr>151</ns3:hr>
            <ns3:cad>98</ns3:cad>
          </ns3:TrackPointExtension>
        </extensions>
      </trkpt>
      <trkpt lat="34.24072958528995513916015625" lon="108.96274792961776256561279296875">
        <ele>419</ele>
        <time>2026-03-21T08:55:43.000Z</time>
        <extensions>
          <ns3:TrackPointExtension>
            <ns3:hr>151</ns3:hr>
            <ns3:cad>98</ns3:cad>
          </ns3:TrackPointExtension>
        </extensions>
      </trkpt>
      <trkpt lat="34.2407069541513919830322265625" lon="108.9627522043883800506591796875">
        <ele>419</ele>
        <time>2026-03-21T08:55:44.000Z</time>
        <extensions>
          <ns3:TrackPointExtension>
            <ns3:hr>152</ns3:hr>
            <ns3:cad>99</ns3:cad>
          </ns3:TrackPointExtension>
        </extensions>
      </trkpt>
      <trkpt lat="34.24067954532802104949951171875" lon="108.96276134066283702850341796875">
        <ele>419</ele>
        <time>2026-03-21T08:55:45.000Z</time>
        <extensions>
          <ns3:TrackPointExtension>
            <ns3:hr>152</ns3:hr>
            <ns3:cad>98</ns3:cad>
          </ns3:TrackPointExtension>
        </extensions>
      </trkpt>
      <trkpt lat="34.2406549863517284393310546875" lon="108.962773494422435760498046875">
        <ele>419</ele>
        <time>2026-03-21T08:55:46.000Z</time>
        <extensions>
          <ns3:TrackPointExtension>
            <ns3:hr>152</ns3:hr>
            <ns3:cad>98</ns3:cad>
          </ns3:TrackPointExtension>
        </extensions>
      </trkpt>
      <trkpt lat="34.24063327722251415252685546875" lon="108.96276938728988170623779296875">
        <ele>419</ele>
        <time>2026-03-21T08:55:47.000Z</time>
        <extensions>
          <ns3:TrackPointExtension>
            <ns3:hr>151</ns3:hr>
            <ns3:cad>98</ns3:cad>
          </ns3:TrackPointExtension>
        </extensions>
      </trkpt>
      <trkpt lat="34.24060142599046230316162109375" lon="108.9627672918140888214111328125">
        <ele>418.79998779296875</ele>
        <time>2026-03-21T08:55:48.000Z</time>
        <extensions>
          <ns3:TrackPointExtension>
            <ns3:hr>151</ns3:hr>
            <ns3:cad>98</ns3:cad>
          </ns3:TrackPointExtension>
        </extensions>
      </trkpt>
      <trkpt lat="34.2405718378722667694091796875" lon="108.96276586689054965972900390625">
        <ele>418.79998779296875</ele>
        <time>2026-03-21T08:55:49.000Z</time>
        <extensions>
          <ns3:TrackPointExtension>
            <ns3:hr>151</ns3:hr>
            <ns3:cad>98</ns3:cad>
          </ns3:TrackPointExtension>
        </extensions>
      </trkpt>
      <trkpt lat="34.24054258503019809722900390625" lon="108.9627662859857082366943359375">
        <ele>418.79998779296875</ele>
        <time>2026-03-21T08:55:50.000Z</time>
        <extensions>
          <ns3:TrackPointExtension>
            <ns3:hr>151</ns3:hr>
            <ns3:cad>98</ns3:cad>
          </ns3:TrackPointExtension>
        </extensions>
      </trkpt>
      <trkpt lat="34.2405098117887973785400390625" lon="108.96276653744280338287353515625">
        <ele>418.79998779296875</ele>
        <time>2026-03-21T08:55:51.000Z</time>
        <extensions>
          <ns3:TrackPointExtension>
            <ns3:hr>151</ns3:hr>
            <ns3:cad>98</ns3:cad>
          </ns3:TrackPointExtension>
        </extensions>
      </trkpt>
      <trkpt lat="34.24048122949898242950439453125" lon="108.96276033483445644378662109375">
        <ele>418.79998779296875</ele>
        <time>2026-03-21T08:55:52.000Z</time>
        <extensions>
          <ns3:TrackPointExtension>
            <ns3:hr>151</ns3:hr>
            <ns3:cad>98</ns3:cad>
          </ns3:TrackPointExtension>
        </extensions>
      </trkpt>
      <trkpt lat="34.24045457504689693450927734375" lon="108.9627572335302829742431640625">
        <ele>418.79998779296875</ele>
        <time>2026-03-21T08:55:53.000Z</time>
        <extensions>
          <ns3:TrackPointExtension>
            <ns3:hr>152</ns3:hr>
            <ns3:cad>98</ns3:cad>
          </ns3:TrackPointExtension>
        </extensions>
      </trkpt>
      <trkpt lat="34.24042247235774993896484375" lon="108.9627542160451412200927734375">
        <ele>419</ele>
        <time>2026-03-21T08:55:54.000Z</time>
        <extensions>
          <ns3:TrackPointExtension>
            <ns3:hr>151</ns3:hr>
            <ns3:cad>99</ns3:cad>
          </ns3:TrackPointExtension>
        </extensions>
      </trkpt>
      <trkpt lat="34.24039975740015506744384765625" lon="108.96274633705615997314453125">
        <ele>419</ele>
        <time>2026-03-21T08:55:55.000Z</time>
        <extensions>
          <ns3:TrackPointExtension>
            <ns3:hr>151</ns3:hr>
            <ns3:cad>99</ns3:cad>
          </ns3:TrackPointExtension>
        </extensions>
      </trkpt>
      <trkpt lat="34.24037125892937183380126953125" lon="108.96274457685649394989013671875">
        <ele>419</ele>
        <time>2026-03-21T08:55:56.000Z</time>
        <extensions>
          <ns3:TrackPointExtension>
            <ns3:hr>152</ns3:hr>
            <ns3:cad>99</ns3:cad>
          </ns3:TrackPointExtension>
        </extensions>
      </trkpt>
      <trkpt lat="34.2403415031731128692626953125" lon="108.96274306811392307281494140625">
        <ele>419</ele>
        <time>2026-03-21T08:55:57.000Z</time>
        <extensions>
          <ns3:TrackPointExtension>
            <ns3:hr>151</ns3:hr>
            <ns3:cad>99</ns3:cad>
          </ns3:TrackPointExtension>
        </extensions>
      </trkpt>
      <trkpt lat="34.240313507616519927978515625" lon="108.96274231374263763427734375">
        <ele>419</ele>
        <time>2026-03-21T08:55:58.000Z</time>
        <extensions>
          <ns3:TrackPointExtension>
            <ns3:hr>151</ns3:hr>
            <ns3:cad>99</ns3:cad>
          </ns3:TrackPointExtension>
        </extensions>
      </trkpt>
      <trkpt lat="34.2402804829180240631103515625" lon="108.96274876780807971954345703125">
        <ele>419</ele>
        <time>2026-03-21T08:55:59.000Z</time>
        <extensions>
          <ns3:TrackPointExtension>
            <ns3:hr>152</ns3:hr>
            <ns3:cad>98</ns3:cad>
          </ns3:TrackPointExtension>
        </extensions>
      </trkpt>
      <trkpt lat="34.24025424756109714508056640625" lon="108.96275010891258716583251953125">
        <ele>419</ele>
        <time>2026-03-21T08:56:00.000Z</time>
        <extensions>
          <ns3:TrackPointExtension>
            <ns3:hr>151</ns3:hr>
            <ns3:cad>97</ns3:cad>
          </ns3:TrackPointExtension>
        </extensions>
      </trkpt>
      <trkpt lat="34.24022608436644077301025390625" lon="108.96275497041642665863037109375">
        <ele>419</ele>
        <time>2026-03-21T08:56:01.000Z</time>
        <extensions>
          <ns3:TrackPointExtension>
            <ns3:hr>151</ns3:hr>
            <ns3:cad>97</ns3:cad>
          </ns3:TrackPointExtension>
        </extensions>
      </trkpt>
      <trkpt lat="34.24019658006727695465087890625" lon="108.9627679623663425445556640625">
        <ele>419</ele>
        <time>2026-03-21T08:56:02.000Z</time>
        <extensions>
          <ns3:TrackPointExtension>
            <ns3:hr>152</ns3:hr>
            <ns3:cad>97</ns3:cad>
          </ns3:TrackPointExtension>
        </extensions>
      </trkpt>
      <trkpt lat="34.24017009325325489044189453125" lon="108.9627746678888797760009765625">
        <ele>419</ele>
        <time>2026-03-21T08:56:03.000Z</time>
        <extensions>
          <ns3:TrackPointExtension>
            <ns3:hr>151</ns3:hr>
            <ns3:cad>97</ns3:cad>
          </ns3:TrackPointExtension>
        </extensions>
      </trkpt>
      <trkpt lat="34.24014058895409107208251953125" lon="108.96279218606650829315185546875">
        <ele>419</ele>
        <time>2026-03-21T08:56:04.000Z</time>
        <extensions>
          <ns3:TrackPointExtension>
            <ns3:hr>151</ns3:hr>
            <ns3:cad>97</ns3:cad>
          </ns3:TrackPointExtension>
        </extensions>
      </trkpt>
      <trkpt lat="34.2401104979217052459716796875" lon="108.962810374796390533447265625">
        <ele>419</ele>
        <time>2026-03-21T08:56:05.000Z</time>
        <extensions>
          <ns3:TrackPointExtension>
            <ns3:hr>152</ns3:hr>
            <ns3:cad>97</ns3:cad>
          </ns3:TrackPointExtension>
        </extensions>
      </trkpt>
      <trkpt lat="34.24008610658347606658935546875" lon="108.96282353438436985015869140625">
        <ele>419</ele>
        <time>2026-03-21T08:56:06.000Z</time>
        <extensions>
          <ns3:TrackPointExtension>
            <ns3:hr>152</ns3:hr>
            <ns3:cad>97</ns3:cad>
          </ns3:TrackPointExtension>
        </extensions>
      </trkpt>
      <trkpt lat="34.24005794338881969451904296875" lon="108.96285018883645534515380859375">
        <ele>419</ele>
        <time>2026-03-21T08:56:07.000Z</time>
        <extensions>
          <ns3:TrackPointExtension>
            <ns3:hr>152</ns3:hr>
            <ns3:cad>98</ns3:cad>
          </ns3:TrackPointExtension>
        </extensions>
      </trkpt>
      <trkpt lat="34.24003623425960540771484375" lon="108.96287265233695507049560546875">
        <ele>418.79998779296875</ele>
        <time>2026-03-21T08:56:08.000Z</time>
        <extensions>
          <ns3:TrackPointExtension>
            <ns3:hr>152</ns3:hr>
            <ns3:cad>99</ns3:cad>
          </ns3:TrackPointExtension>
        </extensions>
      </trkpt>
      <trkpt lat="34.2400223203003406524658203125" lon="108.962896876037120819091796875">
        <ele>418.79998779296875</ele>
        <time>2026-03-21T08:56:09.000Z</time>
        <extensions>
          <ns3:TrackPointExtension>
            <ns3:hr>153</ns3:hr>
            <ns3:cad>99</ns3:cad>
          </ns3:TrackPointExtension>
        </extensions>
      </trkpt>
      <trkpt lat="34.2400025390088558197021484375" lon="108.9629325829446315765380859375">
        <ele>418.79998779296875</ele>
        <time>2026-03-21T08:56:10.000Z</time>
        <extensions>
          <ns3:TrackPointExtension>
            <ns3:hr>153</ns3:hr>
            <ns3:cad>99</ns3:cad>
          </ns3:TrackPointExtension>
        </extensions>
      </trkpt>
      <trkpt lat="34.2399871163070201873779296875" lon="108.96296024322509765625">
        <ele>418.79998779296875</ele>
        <time>2026-03-21T08:56:11.000Z</time>
        <extensions>
          <ns3:TrackPointExtension>
            <ns3:hr>154</ns3:hr>
            <ns3:cad>99</ns3:cad>
          </ns3:TrackPointExtension>
        </extensions>
      </trkpt>
      <trkpt lat="34.23996892757713794708251953125" lon="108.96298932842910289764404296875">
        <ele>418.79998779296875</ele>
        <time>2026-03-21T08:56:12.000Z</time>
        <extensions>
          <ns3:TrackPointExtension>
            <ns3:hr>154</ns3:hr>
            <ns3:cad>99</ns3:cad>
          </ns3:TrackPointExtension>
        </extensions>
      </trkpt>
      <trkpt lat="34.2399529181420803070068359375" lon="108.96302386187016963958740234375">
        <ele>418.79998779296875</ele>
        <time>2026-03-21T08:56:13.000Z</time>
        <extensions>
          <ns3:TrackPointExtension>
            <ns3:hr>154</ns3:hr>
            <ns3:cad>99</ns3:cad>
          </ns3:TrackPointExtension>
        </extensions>
      </trkpt>
      <trkpt lat="34.23994059674441814422607421875" lon="108.96304967813193798065185546875">
        <ele>418.79998779296875</ele>
        <time>2026-03-21T08:56:14.000Z</time>
        <extensions>
          <ns3:TrackPointExtension>
            <ns3:hr>154</ns3:hr>
            <ns3:cad>99</ns3:cad>
          </ns3:TrackPointExtension>
        </extensions>
      </trkpt>
      <trkpt lat="34.23993020318448543548583984375" lon="108.963084630668163299560546875">
        <ele>418.79998779296875</ele>
        <time>2026-03-21T08:56:15.000Z</time>
        <extensions>
          <ns3:TrackPointExtension>
            <ns3:hr>155</ns3:hr>
            <ns3:cad>99</ns3:cad>
          </ns3:TrackPointExtension>
        </extensions>
      </trkpt>
      <trkpt lat="34.23992517404258251190185546875" lon="108.963121511042118072509765625">
        <ele>418.79998779296875</ele>
        <time>2026-03-21T08:56:16.000Z</time>
        <extensions>
          <ns3:TrackPointExtension>
            <ns3:hr>155</ns3:hr>
            <ns3:cad>99</ns3:cad>
          </ns3:TrackPointExtension>
        </extensions>
      </trkpt>
      <trkpt lat="34.239919222891330718994140625" lon="108.96315160207450389862060546875">
        <ele>419</ele>
        <time>2026-03-21T08:56:17.000Z</time>
        <extensions>
          <ns3:TrackPointExtension>
            <ns3:hr>155</ns3:hr>
            <ns3:cad>99</ns3:cad>
          </ns3:TrackPointExtension>
        </extensions>
      </trkpt>
      <trkpt lat="34.239916540682315826416015625" lon="108.96319149993360042572021484375">
        <ele>419</ele>
        <time>2026-03-21T08:56:18.000Z</time>
        <extensions>
          <ns3:TrackPointExtension>
            <ns3:hr>156</ns3:hr>
            <ns3:cad>99</ns3:cad>
          </ns3:TrackPointExtension>
        </extensions>
      </trkpt>
      <trkpt lat="34.23991327174007892608642578125" lon="108.96323206834495067596435546875">
        <ele>419</ele>
        <time>2026-03-21T08:56:19.000Z</time>
        <extensions>
          <ns3:TrackPointExtension>
            <ns3:hr>156</ns3:hr>
            <ns3:cad>99</ns3:cad>
          </ns3:TrackPointExtension>
        </extensions>
      </trkpt>
      <trkpt lat="34.23991042189300060272216796875" lon="108.9632611535489559173583984375">
        <ele>419</ele>
        <time>2026-03-21T08:56:20.000Z</time>
        <extensions>
          <ns3:TrackPointExtension>
            <ns3:hr>156</ns3:hr>
            <ns3:cad>98</ns3:cad>
          </ns3:TrackPointExtension>
        </extensions>
      </trkpt>
      <trkpt lat="34.2399175465106964111328125" lon="108.96329887211322784423828125">
        <ele>419</ele>
        <time>2026-03-21T08:56:21.000Z</time>
        <extensions>
          <ns3:TrackPointExtension>
            <ns3:hr>156</ns3:hr>
            <ns3:cad>98</ns3:cad>
          </ns3:TrackPointExtension>
        </extensions>
      </trkpt>
      <trkpt lat="34.23992064781486988067626953125" lon="108.96333181299269199371337890625">
        <ele>419</ele>
        <time>2026-03-21T08:56:22.000Z</time>
        <extensions>
          <ns3:TrackPointExtension>
            <ns3:hr>156</ns3:hr>
            <ns3:cad>97</ns3:cad>
          </ns3:TrackPointExtension>
        </extensions>
      </trkpt>
      <trkpt lat="34.23992819152772426605224609375" lon="108.96336257457733154296875">
        <ele>419</ele>
        <time>2026-03-21T08:56:23.000Z</time>
        <extensions>
          <ns3:TrackPointExtension>
            <ns3:hr>156</ns3:hr>
            <ns3:cad>97</ns3:cad>
          </ns3:TrackPointExtension>
        </extensions>
      </trkpt>
      <trkpt lat="34.23994210548698902130126953125" lon="108.9633987843990325927734375">
        <ele>419</ele>
        <time>2026-03-21T08:56:24.000Z</time>
        <extensions>
          <ns3:TrackPointExtension>
            <ns3:hr>156</ns3:hr>
            <ns3:cad>98</ns3:cad>
          </ns3:TrackPointExtension>
        </extensions>
      </trkpt>
      <trkpt lat="34.2399497330188751220703125" lon="108.96343004889786243438720703125">
        <ele>419</ele>
        <time>2026-03-21T08:56:25.000Z</time>
        <extensions>
          <ns3:TrackPointExtension>
            <ns3:hr>156</ns3:hr>
            <ns3:cad>98</ns3:cad>
          </ns3:TrackPointExtension>
        </extensions>
      </trkpt>
      <trkpt lat="34.2399609647691249847412109375" lon="108.963462151587009429931640625">
        <ele>419</ele>
        <time>2026-03-21T08:56:26.000Z</time>
        <extensions>
          <ns3:TrackPointExtension>
            <ns3:hr>156</ns3:hr>
            <ns3:cad>98</ns3:cad>
          </ns3:TrackPointExtension>
        </extensions>
      </trkpt>
      <trkpt lat="34.239978231489658355712890625" lon="108.9634965173900127410888671875">
        <ele>419</ele>
        <time>2026-03-21T08:56:27.000Z</time>
        <extensions>
          <ns3:TrackPointExtension>
            <ns3:hr>157</ns3:hr>
            <ns3:cad>98</ns3:cad>
          </ns3:TrackPointExtension>
        </extensions>
      </trkpt>
      <trkpt lat="34.23998661339282989501953125" lon="108.96352459676563739776611328125">
        <ele>419</ele>
        <time>2026-03-21T08:56:28.000Z</time>
        <extensions>
          <ns3:TrackPointExtension>
            <ns3:hr>156</ns3:hr>
            <ns3:cad>98</ns3:cad>
          </ns3:TrackPointExtension>
        </extensions>
      </trkpt>
      <trkpt lat="34.2400033771991729736328125" lon="108.96355745382606983184814453125">
        <ele>419</ele>
        <time>2026-03-21T08:56:29.000Z</time>
        <extensions>
          <ns3:TrackPointExtension>
            <ns3:hr>156</ns3:hr>
            <ns3:cad>98</ns3:cad>
          </ns3:TrackPointExtension>
        </extensions>
      </trkpt>
      <trkpt lat="34.2400162853300571441650390625" lon="108.9635850302875041961669921875">
        <ele>419</ele>
        <time>2026-03-21T08:56:30.000Z</time>
        <extensions>
          <ns3:TrackPointExtension>
            <ns3:hr>156</ns3:hr>
            <ns3:cad>98</ns3:cad>
          </ns3:TrackPointExtension>
        </extensions>
      </trkpt>
      <trkpt lat="34.24003430642187595367431640625" lon="108.96360908634960651397705078125">
        <ele>419</ele>
        <time>2026-03-21T08:56:31.000Z</time>
        <extensions>
          <ns3:TrackPointExtension>
            <ns3:hr>157</ns3:hr>
            <ns3:cad>98</ns3:cad>
          </ns3:TrackPointExtension>
        </extensions>
      </trkpt>
      <trkpt lat="34.240056686103343963623046875" lon="108.9636343158781528472900390625">
        <ele>419</ele>
        <time>2026-03-21T08:56:32.000Z</time>
        <extensions>
          <ns3:TrackPointExtension>
            <ns3:hr>156</ns3:hr>
            <ns3:cad>98</ns3:cad>
          </ns3:TrackPointExtension>
        </extensions>
      </trkpt>
      <trkpt lat="34.240071773529052734375" lon="108.96365837194025516510009765625">
        <ele>419</ele>
        <time>2026-03-21T08:56:33.000Z</time>
        <extensions>
          <ns3:TrackPointExtension>
            <ns3:hr>157</ns3:hr>
            <ns3:cad>98</ns3:cad>
          </ns3:TrackPointExtension>
        </extensions>
      </trkpt>
      <trkpt lat="34.24009113572537899017333984375" lon="108.96368108689785003662109375">
        <ele>418.79998779296875</ele>
        <time>2026-03-21T08:56:34.000Z</time>
        <extensions>
          <ns3:TrackPointExtension>
            <ns3:hr>157</ns3:hr>
            <ns3:cad>98</ns3:cad>
          </ns3:TrackPointExtension>
        </extensions>
      </trkpt>
      <trkpt lat="34.24011594615876674652099609375" lon="108.9637013711035251617431640625">
        <ele>418.79998779296875</ele>
        <time>2026-03-21T08:56:35.000Z</time>
        <extensions>
          <ns3:TrackPointExtension>
            <ns3:hr>157</ns3:hr>
            <ns3:cad>98</ns3:cad>
          </ns3:TrackPointExtension>
        </extensions>
      </trkpt>
      <trkpt lat="34.24013790674507617950439453125" lon="108.963716290891170501708984375">
        <ele>419</ele>
        <time>2026-03-21T08:56:36.000Z</time>
        <extensions>
          <ns3:TrackPointExtension>
            <ns3:hr>157</ns3:hr>
            <ns3:cad>97</ns3:cad>
          </ns3:TrackPointExtension>
        </extensions>
      </trkpt>
      <trkpt lat="34.24016632139682769775390625" lon="108.9637275226414203643798828125">
        <ele>418.79998779296875</ele>
        <time>2026-03-21T08:56:37.000Z</time>
        <extensions>
          <ns3:TrackPointExtension>
            <ns3:hr>157</ns3:hr>
            <ns3:cad>97</ns3:cad>
          </ns3:TrackPointExtension>
        </extensions>
      </trkpt>
      <trkpt lat="34.24019180238246917724609375" lon="108.96373732946813106536865234375">
        <ele>418.79998779296875</ele>
        <time>2026-03-21T08:56:38.000Z</time>
        <extensions>
          <ns3:TrackPointExtension>
            <ns3:hr>157</ns3:hr>
            <ns3:cad>97</ns3:cad>
          </ns3:TrackPointExtension>
        </extensions>
      </trkpt>
      <trkpt lat="34.2402157746255397796630859375" lon="108.9637466333806514739990234375">
        <ele>418.79998779296875</ele>
        <time>2026-03-21T08:56:39.000Z</time>
        <extensions>
          <ns3:TrackPointExtension>
            <ns3:hr>157</ns3:hr>
            <ns3:cad>97</ns3:cad>
          </ns3:TrackPointExtension>
        </extensions>
      </trkpt>
      <trkpt lat="34.24024670384824275970458984375" lon="108.96375191397964954376220703125">
        <ele>418.79998779296875</ele>
        <time>2026-03-21T08:56:40.000Z</time>
        <extensions>
          <ns3:TrackPointExtension>
            <ns3:hr>157</ns3:hr>
            <ns3:cad>97</ns3:cad>
          </ns3:TrackPointExtension>
        </extensions>
      </trkpt>
      <trkpt lat="34.240269251167774200439453125" lon="108.96376029588282108306884765625">
        <ele>418.79998779296875</ele>
        <time>2026-03-21T08:56:41.000Z</time>
        <extensions>
          <ns3:TrackPointExtension>
            <ns3:hr>157</ns3:hr>
            <ns3:cad>97</ns3:cad>
          </ns3:TrackPointExtension>
        </extensions>
      </trkpt>
      <trkpt lat="34.2402957379817962646484375" lon="108.96376297809183597564697265625">
        <ele>418.79998779296875</ele>
        <time>2026-03-21T08:56:42.000Z</time>
        <extensions>
          <ns3:TrackPointExtension>
            <ns3:hr>157</ns3:hr>
            <ns3:cad>97</ns3:cad>
          </ns3:TrackPointExtension>
        </extensions>
      </trkpt>
      <trkpt lat="34.24032599665224552154541015625" lon="108.963762558996677398681640625">
        <ele>418.79998779296875</ele>
        <time>2026-03-21T08:56:43.000Z</time>
        <extensions>
          <ns3:TrackPointExtension>
            <ns3:hr>158</ns3:hr>
            <ns3:cad>97</ns3:cad>
          </ns3:TrackPointExtension>
        </extensions>
      </trkpt>
      <trkpt lat="34.24034812487661838531494140625" lon="108.9637674205005168914794921875">
        <ele>418.79998779296875</ele>
        <time>2026-03-21T08:56:44.000Z</time>
        <extensions>
          <ns3:TrackPointExtension>
            <ns3:hr>157</ns3:hr>
            <ns3:cad>97</ns3:cad>
          </ns3:TrackPointExtension>
        </extensions>
      </trkpt>
      <trkpt lat="34.2403763718903064727783203125" lon="108.9637647382915019989013671875">
        <ele>418.79998779296875</ele>
        <time>2026-03-21T08:56:45.000Z</time>
        <extensions>
          <ns3:TrackPointExtension>
            <ns3:hr>156</ns3:hr>
            <ns3:cad>97</ns3:cad>
          </ns3:TrackPointExtension>
        </extensions>
      </trkpt>
      <trkpt lat="34.24040411598980426788330078125" lon="108.96376691758632659912109375">
        <ele>418.79998779296875</ele>
        <time>2026-03-21T08:56:46.000Z</time>
        <extensions>
          <ns3:TrackPointExtension>
            <ns3:hr>156</ns3:hr>
            <ns3:cad>97</ns3:cad>
          </ns3:TrackPointExtension>
        </extensions>
      </trkpt>
      <trkpt lat="34.2404258251190185546875" lon="108.96376968361437320709228515625">
        <ele>418.79998779296875</ele>
        <time>2026-03-21T08:56:47.000Z</time>
        <extensions>
          <ns3:TrackPointExtension>
            <ns3:hr>155</ns3:hr>
            <ns3:cad>97</ns3:cad>
          </ns3:TrackPointExtension>
        </extensions>
      </trkpt>
      <trkpt lat="34.2404566705226898193359375" lon="108.963769264519214630126953125">
        <ele>418.79998779296875</ele>
        <time>2026-03-21T08:56:48.000Z</time>
        <extensions>
          <ns3:TrackPointExtension>
            <ns3:hr>155</ns3:hr>
            <ns3:cad>97</ns3:cad>
          </ns3:TrackPointExtension>
        </extensions>
      </trkpt>
      <trkpt lat="34.24048416316509246826171875" lon="108.96376959979534149169921875">
        <ele>418.79998779296875</ele>
        <time>2026-03-21T08:56:49.000Z</time>
        <extensions>
          <ns3:TrackPointExtension>
            <ns3:hr>155</ns3:hr>
            <ns3:cad>97</ns3:cad>
          </ns3:TrackPointExtension>
        </extensions>
      </trkpt>
      <trkpt lat="34.2405064590275287628173828125" lon="108.963761888444423675537109375">
        <ele>418.79998779296875</ele>
        <time>2026-03-21T08:56:50.000Z</time>
        <extensions>
          <ns3:TrackPointExtension>
            <ns3:hr>155</ns3:hr>
            <ns3:cad>97</ns3:cad>
          </ns3:TrackPointExtension>
        </extensions>
      </trkpt>
      <trkpt lat="34.24053939990699291229248046875" lon="108.9637576974928379058837890625">
        <ele>418.79998779296875</ele>
        <time>2026-03-21T08:56:51.000Z</time>
        <extensions>
          <ns3:TrackPointExtension>
            <ns3:hr>155</ns3:hr>
            <ns3:cad>97</ns3:cad>
          </ns3:TrackPointExtension>
        </extensions>
      </trkpt>
      <trkpt lat="34.24056119285523891448974609375" lon="108.9637644030153751373291015625">
        <ele>418.600006103515625</ele>
        <time>2026-03-21T08:56:52.000Z</time>
        <extensions>
          <ns3:TrackPointExtension>
            <ns3:hr>155</ns3:hr>
            <ns3:cad>97</ns3:cad>
          </ns3:TrackPointExtension>
        </extensions>
      </trkpt>
      <trkpt lat="34.24058767966926097869873046875" lon="108.96376297809183597564697265625">
        <ele>418.79998779296875</ele>
        <time>2026-03-21T08:56:53.000Z</time>
        <extensions>
          <ns3:TrackPointExtension>
            <ns3:hr>155</ns3:hr>
            <ns3:cad>97</ns3:cad>
          </ns3:TrackPointExtension>
        </extensions>
      </trkpt>
      <trkpt lat="34.2406187765300273895263671875" lon="108.96376247517764568328857421875">
        <ele>418.600006103515625</ele>
        <time>2026-03-21T08:56:54.000Z</time>
        <extensions>
          <ns3:TrackPointExtension>
            <ns3:hr>155</ns3:hr>
            <ns3:cad>97</ns3:cad>
          </ns3:TrackPointExtension>
        </extensions>
      </trkpt>
      <trkpt lat="34.2406445927917957305908203125" lon="108.9637677557766437530517578125">
        <ele>418.600006103515625</ele>
        <time>2026-03-21T08:56:55.000Z</time>
        <extensions>
          <ns3:TrackPointExtension>
            <ns3:hr>155</ns3:hr>
            <ns3:cad>97</ns3:cad>
          </ns3:TrackPointExtension>
        </extensions>
      </trkpt>
      <trkpt lat="34.24067728221416473388671875" lon="108.96377027034759521484375">
        <ele>418.600006103515625</ele>
        <time>2026-03-21T08:56:56.000Z</time>
        <extensions>
          <ns3:TrackPointExtension>
            <ns3:hr>155</ns3:hr>
            <ns3:cad>97</ns3:cad>
          </ns3:TrackPointExtension>
        </extensions>
      </trkpt>
      <trkpt lat="34.2407052777707576751708984375" lon="108.96376934833824634552001953125">
        <ele>418.600006103515625</ele>
        <time>2026-03-21T08:56:57.000Z</time>
        <extensions>
          <ns3:TrackPointExtension>
            <ns3:hr>154</ns3:hr>
            <ns3:cad>97</ns3:cad>
          </ns3:TrackPointExtension>
        </extensions>
      </trkpt>
      <trkpt lat="34.240731261670589447021484375" lon="108.96376683376729488372802734375">
        <ele>418.600006103515625</ele>
        <time>2026-03-21T08:56:58.000Z</time>
        <extensions>
          <ns3:TrackPointExtension>
            <ns3:hr>154</ns3:hr>
            <ns3:cad>98</ns3:cad>
          </ns3:TrackPointExtension>
        </extensions>
      </trkpt>
      <trkpt lat="34.24076403491199016571044921875" lon="108.96376532502472400665283203125">
        <ele>418.600006103515625</ele>
        <time>2026-03-21T08:56:59.000Z</time>
        <extensions>
          <ns3:TrackPointExtension>
            <ns3:hr>154</ns3:hr>
            <ns3:cad>98</ns3:cad>
          </ns3:TrackPointExtension>
        </extensions>
      </trkpt>
      <trkpt lat="34.2407870851457118988037109375" lon="108.963768593966960906982421875">
        <ele>418.600006103515625</ele>
        <time>2026-03-21T08:57:00.000Z</time>
        <extensions>
          <ns3:TrackPointExtension>
            <ns3:hr>154</ns3:hr>
            <ns3:cad>98</ns3:cad>
          </ns3:TrackPointExtension>
        </extensions>
      </trkpt>
      <trkpt lat="34.2408115603029727935791015625" lon="108.9637662470340728759765625">
        <ele>418.600006103515625</ele>
        <time>2026-03-21T08:57:01.000Z</time>
        <extensions>
          <ns3:TrackPointExtension>
            <ns3:hr>154</ns3:hr>
            <ns3:cad>98</ns3:cad>
          </ns3:TrackPointExtension>
        </extensions>
      </trkpt>
      <trkpt lat="34.24083896912634372711181640625" lon="108.9637610502541065216064453125">
        <ele>418.600006103515625</ele>
        <time>2026-03-21T08:57:02.000Z</time>
        <extensions>
          <ns3:TrackPointExtension>
            <ns3:hr>154</ns3:hr>
            <ns3:cad>98</ns3:cad>
          </ns3:TrackPointExtension>
        </extensions>
      </trkpt>
      <trkpt lat="34.24086059443652629852294921875" lon="108.96376247517764568328857421875">
        <ele>418.600006103515625</ele>
        <time>2026-03-21T08:57:03.000Z</time>
        <extensions>
          <ns3:TrackPointExtension>
            <ns3:hr>154</ns3:hr>
            <ns3:cad>98</ns3:cad>
          </ns3:TrackPointExtension>
        </extensions>
      </trkpt>
      <trkpt lat="34.240889512002468109130859375" lon="108.9637613855302333831787109375">
        <ele>418.79998779296875</ele>
        <time>2026-03-21T08:57:04.000Z</time>
        <extensions>
          <ns3:TrackPointExtension>
            <ns3:hr>154</ns3:hr>
            <ns3:cad>98</ns3:cad>
          </ns3:TrackPointExtension>
        </extensions>
      </trkpt>
      <trkpt lat="34.2409161664545536041259765625" lon="108.96376012824475765228271484375">
        <ele>418.79998779296875</ele>
        <time>2026-03-21T08:57:05.000Z</time>
        <extensions>
          <ns3:TrackPointExtension>
            <ns3:hr>154</ns3:hr>
            <ns3:cad>98</ns3:cad>
          </ns3:TrackPointExtension>
        </extensions>
      </trkpt>
      <trkpt lat="34.24094072543084621429443359375" lon="108.9637593738734722137451171875">
        <ele>418.79998779296875</ele>
        <time>2026-03-21T08:57:06.000Z</time>
        <extensions>
          <ns3:TrackPointExtension>
            <ns3:hr>153</ns3:hr>
            <ns3:cad>98</ns3:cad>
          </ns3:TrackPointExtension>
        </extensions>
      </trkpt>
      <trkpt lat="34.24097123555839061737060546875" lon="108.96376029588282108306884765625">
        <ele>418.79998779296875</ele>
        <time>2026-03-21T08:57:07.000Z</time>
        <extensions>
          <ns3:TrackPointExtension>
            <ns3:hr>153</ns3:hr>
            <ns3:cad>98</ns3:cad>
          </ns3:TrackPointExtension>
        </extensions>
      </trkpt>
      <trkpt lat="34.24099386669695377349853515625" lon="108.96376649849116802215576171875">
        <ele>418.79998779296875</ele>
        <time>2026-03-21T08:57:08.000Z</time>
        <extensions>
          <ns3:TrackPointExtension>
            <ns3:hr>153</ns3:hr>
            <ns3:cad>98</ns3:cad>
          </ns3:TrackPointExtension>
        </extensions>
      </trkpt>
      <trkpt lat="34.241022951900959014892578125" lon="108.9637711085379123687744140625">
        <ele>418.79998779296875</ele>
        <time>2026-03-21T08:57:09.000Z</time>
        <extensions>
          <ns3:TrackPointExtension>
            <ns3:hr>153</ns3:hr>
            <ns3:cad>98</ns3:cad>
          </ns3:TrackPointExtension>
        </extensions>
      </trkpt>
      <trkpt lat="34.24105404876172542572021484375" lon="108.96376901306211948394775390625">
        <ele>418.79998779296875</ele>
        <time>2026-03-21T08:57:10.000Z</time>
        <extensions>
          <ns3:TrackPointExtension>
            <ns3:hr>152</ns3:hr>
            <ns3:cad>98</ns3:cad>
          </ns3:TrackPointExtension>
        </extensions>
      </trkpt>
      <trkpt lat="34.24108170904219150543212890625" lon="108.9637677557766437530517578125">
        <ele>418.79998779296875</ele>
        <time>2026-03-21T08:57:11.000Z</time>
        <extensions>
          <ns3:TrackPointExtension>
            <ns3:hr>153</ns3:hr>
            <ns3:cad>98</ns3:cad>
          </ns3:TrackPointExtension>
        </extensions>
      </trkpt>
      <trkpt lat="34.2411196790635585784912109375" lon="108.96376381628215312957763671875">
        <ele>418.79998779296875</ele>
        <time>2026-03-21T08:57:12.000Z</time>
        <extensions>
          <ns3:TrackPointExtension>
            <ns3:hr>153</ns3:hr>
            <ns3:cad>98</ns3:cad>
          </ns3:TrackPointExtension>
        </extensions>
      </trkpt>
      <trkpt lat="34.2411538772284984588623046875" lon="108.963757865130901336669921875">
        <ele>418.79998779296875</ele>
        <time>2026-03-21T08:57:13.000Z</time>
        <extensions>
          <ns3:TrackPointExtension>
            <ns3:hr>152</ns3:hr>
            <ns3:cad>98</ns3:cad>
          </ns3:TrackPointExtension>
        </extensions>
      </trkpt>
      <trkpt lat="34.24118556082248687744140625" lon="108.963754177093505859375">
        <ele>418.79998779296875</ele>
        <time>2026-03-21T08:57:14.000Z</time>
        <extensions>
          <ns3:TrackPointExtension>
            <ns3:hr>153</ns3:hr>
            <ns3:cad>98</ns3:cad>
          </ns3:TrackPointExtension>
        </extensions>
      </trkpt>
      <trkpt lat="34.24121372401714324951171875" lon="108.9637405984103679656982421875">
        <ele>418.79998779296875</ele>
        <time>2026-03-21T08:57:15.000Z</time>
        <extensions>
          <ns3:TrackPointExtension>
            <ns3:hr>153</ns3:hr>
            <ns3:cad>98</ns3:cad>
          </ns3:TrackPointExtension>
        </extensions>
      </trkpt>
      <trkpt lat="34.24124197103083133697509765625" lon="108.9637318812310695648193359375">
        <ele>418.600006103515625</ele>
        <time>2026-03-21T08:57:16.000Z</time>
        <extensions>
          <ns3:TrackPointExtension>
            <ns3:hr>153</ns3:hr>
            <ns3:cad>98</ns3:cad>
          </ns3:TrackPointExtension>
        </extensions>
      </trkpt>
      <trkpt lat="34.24126812256872653961181640625" lon="108.96372039802372455596923828125">
        <ele>418.79998779296875</ele>
        <time>2026-03-21T08:57:17.000Z</time>
        <extensions>
          <ns3:TrackPointExtension>
            <ns3:hr>153</ns3:hr>
            <ns3:cad>98</ns3:cad>
          </ns3:TrackPointExtension>
        </extensions>
      </trkpt>
      <trkpt lat="34.241291172802448272705078125" lon="108.96369977854192256927490234375">
        <ele>418.79998779296875</ele>
        <time>2026-03-21T08:57:18.000Z</time>
        <extensions>
          <ns3:TrackPointExtension>
            <ns3:hr>153</ns3:hr>
            <ns3:cad>98</ns3:cad>
          </ns3:TrackPointExtension>
        </extensions>
      </trkpt>
      <trkpt lat="34.24131690524518489837646484375" lon="108.96368284709751605987548828125">
        <ele>418.79998779296875</ele>
        <time>2026-03-21T08:57:19.000Z</time>
        <extensions>
          <ns3:TrackPointExtension>
            <ns3:hr>153</ns3:hr>
            <ns3:cad>98</ns3:cad>
          </ns3:TrackPointExtension>
        </extensions>
      </trkpt>
      <trkpt lat="34.24133978784084320068359375" lon="108.96366574801504611968994140625">
        <ele>418.79998779296875</ele>
        <time>2026-03-21T08:57:20.000Z</time>
        <extensions>
          <ns3:TrackPointExtension>
            <ns3:hr>153</ns3:hr>
            <ns3:cad>98</ns3:cad>
          </ns3:TrackPointExtension>
        </extensions>
      </trkpt>
      <trkpt lat="34.24136166460812091827392578125" lon="108.9636390097439289093017578125">
        <ele>418.79998779296875</ele>
        <time>2026-03-21T08:57:21.000Z</time>
        <extensions>
          <ns3:TrackPointExtension>
            <ns3:hr>153</ns3:hr>
            <ns3:cad>98</ns3:cad>
          </ns3:TrackPointExtension>
        </extensions>
      </trkpt>
      <trkpt lat="34.2413822002708911895751953125" lon="108.96361176855862140655517578125">
        <ele>418.79998779296875</ele>
        <time>2026-03-21T08:57:22.000Z</time>
        <extensions>
          <ns3:TrackPointExtension>
            <ns3:hr>153</ns3:hr>
            <ns3:cad>101</ns3:cad>
          </ns3:TrackPointExtension>
        </extensions>
      </trkpt>
      <trkpt lat="34.241399466991424560546875" lon="108.963593579828739166259765625">
        <ele>418.79998779296875</ele>
        <time>2026-03-21T08:57:23.000Z</time>
        <extensions>
          <ns3:TrackPointExtension>
            <ns3:hr>153</ns3:hr>
            <ns3:cad>101</ns3:cad>
          </ns3:TrackPointExtension>
        </extensions>
      </trkpt>
      <trkpt lat="34.24141648225486278533935546875" lon="108.9635650813579559326171875">
        <ele>418.600006103515625</ele>
        <time>2026-03-21T08:57:24.000Z</time>
        <extensions>
          <ns3:TrackPointExtension>
            <ns3:hr>154</ns3:hr>
            <ns3:cad>101</ns3:cad>
          </ns3:TrackPointExtension>
        </extensions>
      </trkpt>
      <trkpt lat="34.241432659327983856201171875" lon="108.9635367505252361297607421875">
        <ele>418.600006103515625</ele>
        <time>2026-03-21T08:57:25.000Z</time>
        <extensions>
          <ns3:TrackPointExtension>
            <ns3:hr>154</ns3:hr>
            <ns3:cad>101</ns3:cad>
          </ns3:TrackPointExtension>
        </extensions>
      </trkpt>
      <trkpt lat="34.24145084805786609649658203125" lon="108.96351202391088008880615234375">
        <ele>418.399993896484375</ele>
        <time>2026-03-21T08:57:26.000Z</time>
        <extensions>
          <ns3:TrackPointExtension>
            <ns3:hr>154</ns3:hr>
            <ns3:cad>101</ns3:cad>
          </ns3:TrackPointExtension>
        </extensions>
      </trkpt>
      <trkpt lat="34.24146710895001888275146484375" lon="108.9634790830314159393310546875">
        <ele>418.399993896484375</ele>
        <time>2026-03-21T08:57:27.000Z</time>
        <extensions>
          <ns3:TrackPointExtension>
            <ns3:hr>154</ns3:hr>
            <ns3:cad>101</ns3:cad>
          </ns3:TrackPointExtension>
        </extensions>
      </trkpt>
      <trkpt lat="34.2414790950715541839599609375" lon="108.96344899199903011322021484375">
        <ele>418.399993896484375</ele>
        <time>2026-03-21T08:57:28.000Z</time>
        <extensions>
          <ns3:TrackPointExtension>
            <ns3:hr>155</ns3:hr>
            <ns3:cad>101</ns3:cad>
          </ns3:TrackPointExtension>
        </extensions>
      </trkpt>
      <trkpt lat="34.241487979888916015625" lon="108.9634175598621368408203125">
        <ele>418.600006103515625</ele>
        <time>2026-03-21T08:57:29.000Z</time>
        <extensions>
          <ns3:TrackPointExtension>
            <ns3:hr>154</ns3:hr>
            <ns3:cad>101</ns3:cad>
          </ns3:TrackPointExtension>
        </extensions>
      </trkpt>
      <trkpt lat="34.24149359576404094696044921875" lon="108.9633791707456111907958984375">
        <ele>418.600006103515625</ele>
        <time>2026-03-21T08:57:30.000Z</time>
        <extensions>
          <ns3:TrackPointExtension>
            <ns3:hr>154</ns3:hr>
            <ns3:cad>101</ns3:cad>
          </ns3:TrackPointExtension>
        </extensions>
      </trkpt>
      <trkpt lat="34.24149694852530956268310546875" lon="108.96334807388484477996826171875">
        <ele>418.600006103515625</ele>
        <time>2026-03-21T08:57:31.000Z</time>
        <extensions>
          <ns3:TrackPointExtension>
            <ns3:hr>155</ns3:hr>
            <ns3:cad>98</ns3:cad>
          </ns3:TrackPointExtension>
        </extensions>
      </trkpt>
      <trkpt lat="34.2415000498294830322265625" lon="108.963312618434429168701171875">
        <ele>418.600006103515625</ele>
        <time>2026-03-21T08:57:32.000Z</time>
        <extensions>
          <ns3:TrackPointExtension>
            <ns3:hr>155</ns3:hr>
            <ns3:cad>98</ns3:cad>
          </ns3:TrackPointExtension>
        </extensions>
      </trkpt>
      <trkpt lat="34.24150072038173675537109375" lon="108.96327917464077472686767578125">
        <ele>418.600006103515625</ele>
        <time>2026-03-21T08:57:33.000Z</time>
        <extensions>
          <ns3:TrackPointExtension>
            <ns3:hr>155</ns3:hr>
            <ns3:cad>98</ns3:cad>
          </ns3:TrackPointExtension>
        </extensions>
      </trkpt>
      <trkpt lat="34.24150130711495876312255859375" lon="108.9632510952651500701904296875">
        <ele>418.600006103515625</ele>
        <time>2026-03-21T08:57:34.000Z</time>
        <extensions>
          <ns3:TrackPointExtension>
            <ns3:hr>154</ns3:hr>
            <ns3:cad>98</ns3:cad>
          </ns3:TrackPointExtension>
        </extensions>
      </trkpt>
      <trkpt lat="34.2414982058107852935791015625" lon="108.9632091857492923736572265625">
        <ele>418.600006103515625</ele>
        <time>2026-03-21T08:57:35.000Z</time>
        <extensions>
          <ns3:TrackPointExtension>
            <ns3:hr>155</ns3:hr>
            <ns3:cad>98</ns3:cad>
          </ns3:TrackPointExtension>
        </extensions>
      </trkpt>
      <trkpt lat="34.24149728380143642425537109375" lon="108.96317590959370136260986328125">
        <ele>418.600006103515625</ele>
        <time>2026-03-21T08:57:36.000Z</time>
        <extensions>
          <ns3:TrackPointExtension>
            <ns3:hr>155</ns3:hr>
            <ns3:cad>96</ns3:cad>
          </ns3:TrackPointExtension>
        </extensions>
      </trkpt>
      <trkpt lat="34.24149510450661182403564453125" lon="108.963142298161983489990234375">
        <ele>418.399993896484375</ele>
        <time>2026-03-21T08:57:37.000Z</time>
        <extensions>
          <ns3:TrackPointExtension>
            <ns3:hr>154</ns3:hr>
            <ns3:cad>96</ns3:cad>
          </ns3:TrackPointExtension>
        </extensions>
      </trkpt>
      <trkpt lat="34.24148689024150371551513671875" lon="108.9631052501499652862548828125">
        <ele>418.399993896484375</ele>
        <time>2026-03-21T08:57:38.000Z</time>
        <extensions>
          <ns3:TrackPointExtension>
            <ns3:hr>154</ns3:hr>
            <ns3:cad>96</ns3:cad>
          </ns3:TrackPointExtension>
        </extensions>
      </trkpt>
      <trkpt lat="34.24148085527122020721435546875" lon="108.9630757458508014678955078125">
        <ele>418.399993896484375</ele>
        <time>2026-03-21T08:57:39.000Z</time>
        <extensions>
          <ns3:TrackPointExtension>
            <ns3:hr>154</ns3:hr>
            <ns3:cad>96</ns3:cad>
          </ns3:TrackPointExtension>
        </extensions>
      </trkpt>
      <trkpt lat="34.2414687015116214752197265625" lon="108.963043391704559326171875">
        <ele>418.600006103515625</ele>
        <time>2026-03-21T08:57:40.000Z</time>
        <extensions>
          <ns3:TrackPointExtension>
            <ns3:hr>154</ns3:hr>
            <ns3:cad>96</ns3:cad>
          </ns3:TrackPointExtension>
        </extensions>
      </trkpt>
      <trkpt lat="34.2414566315710544586181640625" lon="108.963011540472507476806640625">
        <ele>418.600006103515625</ele>
        <time>2026-03-21T08:57:41.000Z</time>
        <extensions>
          <ns3:TrackPointExtension>
            <ns3:hr>155</ns3:hr>
            <ns3:cad>96</ns3:cad>
          </ns3:TrackPointExtension>
        </extensions>
      </trkpt>
      <trkpt lat="34.24144933931529521942138671875" lon="108.96298631094396114349365234375">
        <ele>418.600006103515625</ele>
        <time>2026-03-21T08:57:42.000Z</time>
        <extensions>
          <ns3:TrackPointExtension>
            <ns3:hr>154</ns3:hr>
            <ns3:cad>96</ns3:cad>
          </ns3:TrackPointExtension>
        </extensions>
      </trkpt>
      <trkpt lat="34.24143374897539615631103515625" lon="108.9629533700644969940185546875">
        <ele>418.600006103515625</ele>
        <time>2026-03-21T08:57:43.000Z</time>
        <extensions>
          <ns3:TrackPointExtension>
            <ns3:hr>154</ns3:hr>
            <ns3:cad>96</ns3:cad>
          </ns3:TrackPointExtension>
        </extensions>
      </trkpt>
      <trkpt lat="34.24141715280711650848388671875" lon="108.962924368679523468017578125">
        <ele>418.600006103515625</ele>
        <time>2026-03-21T08:57:44.000Z</time>
        <extensions>
          <ns3:TrackPointExtension>
            <ns3:hr>154</ns3:hr>
            <ns3:cad>96</ns3:cad>
          </ns3:TrackPointExtension>
        </extensions>
      </trkpt>
      <trkpt lat="34.24140407703816890716552734375" lon="108.96289796568453311920166015625">
        <ele>418.600006103515625</ele>
        <time>2026-03-21T08:57:45.000Z</time>
        <extensions>
          <ns3:TrackPointExtension>
            <ns3:hr>154</ns3:hr>
            <ns3:cad>97</ns3:cad>
          </ns3:TrackPointExtension>
        </extensions>
      </trkpt>
      <trkpt lat="34.24138261936604976654052734375" lon="108.9628677070140838623046875">
        <ele>418.600006103515625</ele>
        <time>2026-03-21T08:57:46.000Z</time>
        <extensions>
          <ns3:TrackPointExtension>
            <ns3:hr>154</ns3:hr>
            <ns3:cad>97</ns3:cad>
          </ns3:TrackPointExtension>
        </extensions>
      </trkpt>
      <trkpt lat="34.24136669375002384185791015625" lon="108.96284666843712329864501953125">
        <ele>418.600006103515625</ele>
        <time>2026-03-21T08:57:47.000Z</time>
        <extensions>
          <ns3:TrackPointExtension>
            <ns3:hr>153</ns3:hr>
            <ns3:cad>97</ns3:cad>
          </ns3:TrackPointExtension>
        </extensions>
      </trkpt>
      <trkpt lat="34.24134724773466587066650390625" lon="108.96282386966049671173095703125">
        <ele>418.600006103515625</ele>
        <time>2026-03-21T08:57:48.000Z</time>
        <extensions>
          <ns3:TrackPointExtension>
            <ns3:hr>153</ns3:hr>
            <ns3:cad>97</ns3:cad>
          </ns3:TrackPointExtension>
        </extensions>
      </trkpt>
      <trkpt lat="34.24132277257740497589111328125" lon="108.9628028310835361480712890625">
        <ele>418.600006103515625</ele>
        <time>2026-03-21T08:57:49.000Z</time>
        <extensions>
          <ns3:TrackPointExtension>
            <ns3:hr>153</ns3:hr>
            <ns3:cad>97</ns3:cad>
          </ns3:TrackPointExtension>
        </extensions>
      </trkpt>
      <trkpt lat="34.241303242743015289306640625" lon="108.96278514526784420013427734375">
        <ele>418.600006103515625</ele>
        <time>2026-03-21T08:57:50.000Z</time>
        <extensions>
          <ns3:TrackPointExtension>
            <ns3:hr>153</ns3:hr>
            <ns3:cad>97</ns3:cad>
          </ns3:TrackPointExtension>
        </extensions>
      </trkpt>
      <trkpt lat="34.24127675592899322509765625" lon="108.96277257241308689117431640625">
        <ele>418.600006103515625</ele>
        <time>2026-03-21T08:57:51.000Z</time>
        <extensions>
          <ns3:TrackPointExtension>
            <ns3:hr>153</ns3:hr>
            <ns3:cad>99</ns3:cad>
          </ns3:TrackPointExtension>
        </extensions>
      </trkpt>
      <trkpt lat="34.2412457428872585296630859375" lon="108.96275782026350498199462890625">
        <ele>418.600006103515625</ele>
        <time>2026-03-21T08:57:52.000Z</time>
        <extensions>
          <ns3:TrackPointExtension>
            <ns3:hr>152</ns3:hr>
            <ns3:cad>99</ns3:cad>
          </ns3:TrackPointExtension>
        </extensions>
      </trkpt>
      <trkpt lat="34.24122311174869537353515625" lon="108.96274692378938198089599609375">
        <ele>418.600006103515625</ele>
        <time>2026-03-21T08:57:53.000Z</time>
        <extensions>
          <ns3:TrackPointExtension>
            <ns3:hr>152</ns3:hr>
            <ns3:cad>99</ns3:cad>
          </ns3:TrackPointExtension>
        </extensions>
      </trkpt>
      <trkpt lat="34.24119268544018268585205078125" lon="108.96274424158036708831787109375">
        <ele>418.600006103515625</ele>
        <time>2026-03-21T08:57:54.000Z</time>
        <extensions>
          <ns3:TrackPointExtension>
            <ns3:hr>152</ns3:hr>
            <ns3:cad>99</ns3:cad>
          </ns3:TrackPointExtension>
        </extensions>
      </trkpt>
      <trkpt lat="34.2411636002361774444580078125" lon="108.96273703314363956451416015625">
        <ele>418.600006103515625</ele>
        <time>2026-03-21T08:57:55.000Z</time>
        <extensions>
          <ns3:TrackPointExtension>
            <ns3:hr>152</ns3:hr>
            <ns3:cad>99</ns3:cad>
          </ns3:TrackPointExtension>
        </extensions>
      </trkpt>
      <trkpt lat="34.24113652668893337249755859375" lon="108.96273267455399036407470703125">
        <ele>418.600006103515625</ele>
        <time>2026-03-21T08:57:56.000Z</time>
        <extensions>
          <ns3:TrackPointExtension>
            <ns3:hr>152</ns3:hr>
            <ns3:cad>98</ns3:cad>
          </ns3:TrackPointExtension>
        </extensions>
      </trkpt>
      <trkpt lat="34.24110501073300838470458984375" lon="108.96273292601108551025390625">
        <ele>418.600006103515625</ele>
        <time>2026-03-21T08:57:57.000Z</time>
        <extensions>
          <ns3:TrackPointExtension>
            <ns3:hr>152</ns3:hr>
            <ns3:cad>97</ns3:cad>
          </ns3:TrackPointExtension>
        </extensions>
      </trkpt>
      <trkpt lat="34.241075254976749420166015625" lon="108.9627273939549922943115234375">
        <ele>418.600006103515625</ele>
        <time>2026-03-21T08:57:58.000Z</time>
        <extensions>
          <ns3:TrackPointExtension>
            <ns3:hr>152</ns3:hr>
            <ns3:cad>97</ns3:cad>
          </ns3:TrackPointExtension>
        </extensions>
      </trkpt>
      <trkpt lat="34.24104851670563220977783203125" lon="108.9627273939549922943115234375">
        <ele>418.600006103515625</ele>
        <time>2026-03-21T08:57:59.000Z</time>
        <extensions>
          <ns3:TrackPointExtension>
            <ns3:hr>152</ns3:hr>
            <ns3:cad>98</ns3:cad>
          </ns3:TrackPointExtension>
        </extensions>
      </trkpt>
      <trkpt lat="34.24101968295872211456298828125" lon="108.9627255499362945556640625">
        <ele>418.600006103515625</ele>
        <time>2026-03-21T08:58:00.000Z</time>
        <extensions>
          <ns3:TrackPointExtension>
            <ns3:hr>152</ns3:hr>
            <ns3:cad>98</ns3:cad>
          </ns3:TrackPointExtension>
        </extensions>
      </trkpt>
      <trkpt lat="34.24099537543952465057373046875" lon="108.962721191346645355224609375">
        <ele>418.399993896484375</ele>
        <time>2026-03-21T08:58:01.000Z</time>
        <extensions>
          <ns3:TrackPointExtension>
            <ns3:hr>152</ns3:hr>
            <ns3:cad>99</ns3:cad>
          </ns3:TrackPointExtension>
        </extensions>
      </trkpt>
      <trkpt lat="34.2409664578735828399658203125" lon="108.9627267234027385711669921875">
        <ele>418.600006103515625</ele>
        <time>2026-03-21T08:58:02.000Z</time>
        <extensions>
          <ns3:TrackPointExtension>
            <ns3:hr>152</ns3:hr>
            <ns3:cad>99</ns3:cad>
          </ns3:TrackPointExtension>
        </extensions>
      </trkpt>
      <trkpt lat="34.24093686975538730621337890625" lon="108.96272848360240459442138671875">
        <ele>418.600006103515625</ele>
        <time>2026-03-21T08:58:03.000Z</time>
        <extensions>
          <ns3:TrackPointExtension>
            <ns3:hr>152</ns3:hr>
            <ns3:cad>99</ns3:cad>
          </ns3:TrackPointExtension>
        </extensions>
      </trkpt>
      <trkpt lat="34.2409128136932849884033203125" lon="108.9627220295369625091552734375">
        <ele>418.600006103515625</ele>
        <time>2026-03-21T08:58:04.000Z</time>
        <extensions>
          <ns3:TrackPointExtension>
            <ns3:hr>152</ns3:hr>
            <ns3:cad>99</ns3:cad>
          </ns3:TrackPointExtension>
        </extensions>
      </trkpt>
      <trkpt lat="34.2408836446702480316162109375" lon="108.9627227000892162322998046875">
        <ele>418.600006103515625</ele>
        <time>2026-03-21T08:58:05.000Z</time>
        <extensions>
          <ns3:TrackPointExtension>
            <ns3:hr>153</ns3:hr>
            <ns3:cad>99</ns3:cad>
          </ns3:TrackPointExtension>
        </extensions>
      </trkpt>
      <trkpt lat="34.24086143262684345245361328125" lon="108.96272161044180393218994140625">
        <ele>418.600006103515625</ele>
        <time>2026-03-21T08:58:06.000Z</time>
        <extensions>
          <ns3:TrackPointExtension>
            <ns3:hr>153</ns3:hr>
            <ns3:cad>98</ns3:cad>
          </ns3:TrackPointExtension>
        </extensions>
      </trkpt>
      <trkpt lat="34.24083980731666088104248046875" lon="108.96272295154631137847900390625">
        <ele>418.600006103515625</ele>
        <time>2026-03-21T08:58:07.000Z</time>
        <extensions>
          <ns3:TrackPointExtension>
            <ns3:hr>153</ns3:hr>
            <ns3:cad>98</ns3:cad>
          </ns3:TrackPointExtension>
        </extensions>
      </trkpt>
      <trkpt lat="34.24081466160714626312255859375" lon="108.9627297408878803253173828125">
        <ele>418.399993896484375</ele>
        <time>2026-03-21T08:58:08.000Z</time>
        <extensions>
          <ns3:TrackPointExtension>
            <ns3:hr>153</ns3:hr>
            <ns3:cad>98</ns3:cad>
          </ns3:TrackPointExtension>
        </extensions>
      </trkpt>
      <trkpt lat="34.2407897673547267913818359375" lon="108.9627320878207683563232421875">
        <ele>418.399993896484375</ele>
        <time>2026-03-21T08:58:09.000Z</time>
        <extensions>
          <ns3:TrackPointExtension>
            <ns3:hr>153</ns3:hr>
            <ns3:cad>98</ns3:cad>
          </ns3:TrackPointExtension>
        </extensions>
      </trkpt>
      <trkpt lat="34.2407666333019733428955078125" lon="108.96273099817335605621337890625">
        <ele>418.399993896484375</ele>
        <time>2026-03-21T08:58:10.000Z</time>
        <extensions>
          <ns3:TrackPointExtension>
            <ns3:hr>152</ns3:hr>
            <ns3:cad>98</ns3:cad>
          </ns3:TrackPointExtension>
        </extensions>
      </trkpt>
      <trkpt lat="34.2407414875924587249755859375" lon="108.9627314172685146331787109375">
        <ele>418.600006103515625</ele>
        <time>2026-03-21T08:58:11.000Z</time>
        <extensions>
          <ns3:TrackPointExtension>
            <ns3:hr>152</ns3:hr>
            <ns3:cad>97</ns3:cad>
          </ns3:TrackPointExtension>
        </extensions>
      </trkpt>
      <trkpt lat="34.24072153866291046142578125" lon="108.96272915415465831756591796875">
        <ele>418.600006103515625</ele>
        <time>2026-03-21T08:58:12.000Z</time>
        <extensions>
          <ns3:TrackPointExtension>
            <ns3:hr>152</ns3:hr>
            <ns3:cad>97</ns3:cad>
          </ns3:TrackPointExtension>
        </extensions>
      </trkpt>
      <trkpt lat="34.24069530330598354339599609375" lon="108.9627310819923877716064453125">
        <ele>418.600006103515625</ele>
        <time>2026-03-21T08:58:13.000Z</time>
        <extensions>
          <ns3:TrackPointExtension>
            <ns3:hr>153</ns3:hr>
            <ns3:cad>97</ns3:cad>
          </ns3:TrackPointExtension>
        </extensions>
      </trkpt>
      <trkpt lat="34.24067485146224498748779296875" lon="108.9627250470221042633056640625">
        <ele>418.600006103515625</ele>
        <time>2026-03-21T08:58:14.000Z</time>
        <extensions>
          <ns3:TrackPointExtension>
            <ns3:hr>153</ns3:hr>
            <ns3:cad>97</ns3:cad>
          </ns3:TrackPointExtension>
        </extensions>
      </trkpt>
      <trkpt lat="34.24064702354371547698974609375" lon="108.96272211335599422454833984375">
        <ele>418.600006103515625</ele>
        <time>2026-03-21T08:58:15.000Z</time>
        <extensions>
          <ns3:TrackPointExtension>
            <ns3:hr>153</ns3:hr>
            <ns3:cad>98</ns3:cad>
          </ns3:TrackPointExtension>
        </extensions>
      </trkpt>
      <trkpt lat="34.2406154237687587738037109375" lon="108.96272890269756317138671875">
        <ele>418.600006103515625</ele>
        <time>2026-03-21T08:58:16.000Z</time>
        <extensions>
          <ns3:TrackPointExtension>
            <ns3:hr>153</ns3:hr>
            <ns3:cad>98</ns3:cad>
          </ns3:TrackPointExtension>
        </extensions>
      </trkpt>
      <trkpt lat="34.24058717675507068634033203125" lon="108.962726555764675140380859375">
        <ele>418.600006103515625</ele>
        <time>2026-03-21T08:58:17.000Z</time>
        <extensions>
          <ns3:TrackPointExtension>
            <ns3:hr>153</ns3:hr>
            <ns3:cad>98</ns3:cad>
          </ns3:TrackPointExtension>
        </extensions>
      </trkpt>
      <trkpt lat="34.24055901356041431427001953125" lon="108.962723873555660247802734375">
        <ele>418.600006103515625</ele>
        <time>2026-03-21T08:58:18.000Z</time>
        <extensions>
          <ns3:TrackPointExtension>
            <ns3:hr>153</ns3:hr>
            <ns3:cad>98</ns3:cad>
          </ns3:TrackPointExtension>
        </extensions>
      </trkpt>
      <trkpt lat="34.2405238933861255645751953125" lon="108.96272596903145313262939453125">
        <ele>418.600006103515625</ele>
        <time>2026-03-21T08:58:19.000Z</time>
        <extensions>
          <ns3:TrackPointExtension>
            <ns3:hr>153</ns3:hr>
            <ns3:cad>97</ns3:cad>
          </ns3:TrackPointExtension>
        </extensions>
      </trkpt>
      <trkpt lat="34.24049866385757923126220703125" lon="108.962718509137630462646484375">
        <ele>418.600006103515625</ele>
        <time>2026-03-21T08:58:20.000Z</time>
        <extensions>
          <ns3:TrackPointExtension>
            <ns3:hr>153</ns3:hr>
            <ns3:cad>98</ns3:cad>
          </ns3:TrackPointExtension>
        </extensions>
      </trkpt>
      <trkpt lat="34.24046731553971767425537109375" lon="108.9627183414995670318603515625">
        <ele>418.600006103515625</ele>
        <time>2026-03-21T08:58:21.000Z</time>
        <extensions>
          <ns3:TrackPointExtension>
            <ns3:hr>153</ns3:hr>
            <ns3:cad>99</ns3:cad>
          </ns3:TrackPointExtension>
        </extensions>
      </trkpt>
      <trkpt lat="34.24043345265090465545654296875" lon="108.962719179689884185791015625">
        <ele>418.600006103515625</ele>
        <time>2026-03-21T08:58:22.000Z</time>
        <extensions>
          <ns3:TrackPointExtension>
            <ns3:hr>153</ns3:hr>
            <ns3:cad>99</ns3:cad>
          </ns3:TrackPointExtension>
        </extensions>
      </trkpt>
      <trkpt lat="34.24041174352169036865234375" lon="108.96271490491926670074462890625">
        <ele>418.600006103515625</ele>
        <time>2026-03-21T08:58:23.000Z</time>
        <extensions>
          <ns3:TrackPointExtension>
            <ns3:hr>153</ns3:hr>
            <ns3:cad>99</ns3:cad>
          </ns3:TrackPointExtension>
        </extensions>
      </trkpt>
      <trkpt lat="34.24037964083254337310791015625" lon="108.9627139829099178314208984375">
        <ele>418.600006103515625</ele>
        <time>2026-03-21T08:58:24.000Z</time>
        <extensions>
          <ns3:TrackPointExtension>
            <ns3:hr>153</ns3:hr>
            <ns3:cad>99</ns3:cad>
          </ns3:TrackPointExtension>
        </extensions>
      </trkpt>
      <trkpt lat="34.2403512261807918548583984375" lon="108.962714485824108123779296875">
        <ele>418.600006103515625</ele>
        <time>2026-03-21T08:58:25.000Z</time>
        <extensions>
          <ns3:TrackPointExtension>
            <ns3:hr>153</ns3:hr>
            <ns3:cad>99</ns3:cad>
          </ns3:TrackPointExtension>
        </extensions>
      </trkpt>
      <trkpt lat="34.24032700248062610626220703125" lon="108.9627134799957275390625">
        <ele>418.399993896484375</ele>
        <time>2026-03-21T08:58:26.000Z</time>
        <extensions>
          <ns3:TrackPointExtension>
            <ns3:hr>153</ns3:hr>
            <ns3:cad>98</ns3:cad>
          </ns3:TrackPointExtension>
        </extensions>
      </trkpt>
      <trkpt lat="34.2402972467243671417236328125" lon="108.96272378973662853240966796875">
        <ele>418.399993896484375</ele>
        <time>2026-03-21T08:58:27.000Z</time>
        <extensions>
          <ns3:TrackPointExtension>
            <ns3:hr>153</ns3:hr>
            <ns3:cad>97</ns3:cad>
          </ns3:TrackPointExtension>
        </extensions>
      </trkpt>
      <trkpt lat="34.24027084372937679290771484375" lon="108.96272529847919940948486328125">
        <ele>418.600006103515625</ele>
        <time>2026-03-21T08:58:28.000Z</time>
        <extensions>
          <ns3:TrackPointExtension>
            <ns3:hr>153</ns3:hr>
            <ns3:cad>97</ns3:cad>
          </ns3:TrackPointExtension>
        </extensions>
      </trkpt>
      <trkpt lat="34.24024200998246669769287109375" lon="108.96273317746818065643310546875">
        <ele>418.600006103515625</ele>
        <time>2026-03-21T08:58:29.000Z</time>
        <extensions>
          <ns3:TrackPointExtension>
            <ns3:hr>153</ns3:hr>
            <ns3:cad>97</ns3:cad>
          </ns3:TrackPointExtension>
        </extensions>
      </trkpt>
      <trkpt lat="34.2402114160358905792236328125" lon="108.96274742670357227325439453125">
        <ele>418.600006103515625</ele>
        <time>2026-03-21T08:58:30.000Z</time>
        <extensions>
          <ns3:TrackPointExtension>
            <ns3:hr>153</ns3:hr>
            <ns3:cad>97</ns3:cad>
          </ns3:TrackPointExtension>
        </extensions>
      </trkpt>
      <trkpt lat="34.24018652178347110748291015625" lon="108.9627481810748577117919921875">
        <ele>418.600006103515625</ele>
        <time>2026-03-21T08:58:31.000Z</time>
        <extensions>
          <ns3:TrackPointExtension>
            <ns3:hr>153</ns3:hr>
            <ns3:cad>98</ns3:cad>
          </ns3:TrackPointExtension>
        </extensions>
      </trkpt>
      <trkpt lat="34.24015986733138561248779296875" lon="108.9627657830715179443359375">
        <ele>418.399993896484375</ele>
        <time>2026-03-21T08:58:32.000Z</time>
        <extensions>
          <ns3:TrackPointExtension>
            <ns3:hr>153</ns3:hr>
            <ns3:cad>98</ns3:cad>
          </ns3:TrackPointExtension>
        </extensions>
      </trkpt>
      <trkpt lat="34.24013279378414154052734375" lon="108.96278263069689273834228515625">
        <ele>418.399993896484375</ele>
        <time>2026-03-21T08:58:33.000Z</time>
        <extensions>
          <ns3:TrackPointExtension>
            <ns3:hr>153</ns3:hr>
            <ns3:cad>98</ns3:cad>
          </ns3:TrackPointExtension>
        </extensions>
      </trkpt>
      <trkpt lat="34.24010722897946834564208984375" lon="108.96279268898069858551025390625">
        <ele>418.399993896484375</ele>
        <time>2026-03-21T08:58:34.000Z</time>
        <extensions>
          <ns3:TrackPointExtension>
            <ns3:hr>153</ns3:hr>
            <ns3:cad>98</ns3:cad>
          </ns3:TrackPointExtension>
        </extensions>
      </trkpt>
      <trkpt lat="34.24008275382220745086669921875" lon="108.962819091975688934326171875">
        <ele>418.399993896484375</ele>
        <time>2026-03-21T08:58:35.000Z</time>
        <extensions>
          <ns3:TrackPointExtension>
            <ns3:hr>153</ns3:hr>
            <ns3:cad>98</ns3:cad>
          </ns3:TrackPointExtension>
        </extensions>
      </trkpt>
      <trkpt lat="34.24006012268364429473876953125" lon="108.9628380350768566131591796875">
        <ele>418.399993896484375</ele>
        <time>2026-03-21T08:58:36.000Z</time>
        <extensions>
          <ns3:TrackPointExtension>
            <ns3:hr>153</ns3:hr>
            <ns3:cad>98</ns3:cad>
          </ns3:TrackPointExtension>
        </extensions>
      </trkpt>
      <trkpt lat="34.24003967083990573883056640625" lon="108.96285840310156345367431640625">
        <ele>418.399993896484375</ele>
        <time>2026-03-21T08:58:37.000Z</time>
        <extensions>
          <ns3:TrackPointExtension>
            <ns3:hr>153</ns3:hr>
            <ns3:cad>98</ns3:cad>
          </ns3:TrackPointExtension>
        </extensions>
      </trkpt>
      <trkpt lat="34.24001821316778659820556640625" lon="108.96289444528520107269287109375">
        <ele>418.399993896484375</ele>
        <time>2026-03-21T08:58:38.000Z</time>
        <extensions>
          <ns3:TrackPointExtension>
            <ns3:hr>153</ns3:hr>
            <ns3:cad>98</ns3:cad>
          </ns3:TrackPointExtension>
        </extensions>
      </trkpt>
      <trkpt lat="34.2399985156953334808349609375" lon="108.96291087381541728973388671875">
        <ele>418.399993896484375</ele>
        <time>2026-03-21T08:58:39.000Z</time>
        <extensions>
          <ns3:TrackPointExtension>
            <ns3:hr>153</ns3:hr>
            <ns3:cad>98</ns3:cad>
          </ns3:TrackPointExtension>
        </extensions>
      </trkpt>
      <trkpt lat="34.23998485319316387176513671875" lon="108.9629399590194225311279296875">
        <ele>418.399993896484375</ele>
        <time>2026-03-21T08:58:40.000Z</time>
        <extensions>
          <ns3:TrackPointExtension>
            <ns3:hr>153</ns3:hr>
            <ns3:cad>98</ns3:cad>
          </ns3:TrackPointExtension>
        </extensions>
      </trkpt>
      <trkpt lat="34.23996976576745510101318359375" lon="108.96296803839504718780517578125">
        <ele>418.399993896484375</ele>
        <time>2026-03-21T08:58:41.000Z</time>
        <extensions>
          <ns3:TrackPointExtension>
            <ns3:hr>153</ns3:hr>
            <ns3:cad>98</ns3:cad>
          </ns3:TrackPointExtension>
        </extensions>
      </trkpt>
      <trkpt lat="34.23995467834174633026123046875" lon="108.96298983134329319000244140625">
        <ele>418.399993896484375</ele>
        <time>2026-03-21T08:58:42.000Z</time>
        <extensions>
          <ns3:TrackPointExtension>
            <ns3:hr>153</ns3:hr>
            <ns3:cad>98</ns3:cad>
          </ns3:TrackPointExtension>
        </extensions>
      </trkpt>
      <trkpt lat="34.23994378186762332916259765625" lon="108.9630267955362796783447265625">
        <ele>418.399993896484375</ele>
        <time>2026-03-21T08:58:43.000Z</time>
        <extensions>
          <ns3:TrackPointExtension>
            <ns3:hr>153</ns3:hr>
            <ns3:cad>97</ns3:cad>
          </ns3:TrackPointExtension>
        </extensions>
      </trkpt>
      <trkpt lat="34.2399328015744686126708984375" lon="108.96305386908352375030517578125">
        <ele>418.399993896484375</ele>
        <time>2026-03-21T08:58:44.000Z</time>
        <extensions>
          <ns3:TrackPointExtension>
            <ns3:hr>153</ns3:hr>
            <ns3:cad>97</ns3:cad>
          </ns3:TrackPointExtension>
        </extensions>
      </trkpt>
      <trkpt lat="34.23992550931870937347412109375" lon="108.96308538503944873809814453125">
        <ele>418.399993896484375</ele>
        <time>2026-03-21T08:58:45.000Z</time>
        <extensions>
          <ns3:TrackPointExtension>
            <ns3:hr>153</ns3:hr>
            <ns3:cad>97</ns3:cad>
          </ns3:TrackPointExtension>
        </extensions>
      </trkpt>
      <trkpt lat="34.23991913907229900360107421875" lon="108.9631251990795135498046875">
        <ele>418.399993896484375</ele>
        <time>2026-03-21T08:58:46.000Z</time>
        <extensions>
          <ns3:TrackPointExtension>
            <ns3:hr>154</ns3:hr>
            <ns3:cad>97</ns3:cad>
          </ns3:TrackPointExtension>
        </extensions>
      </trkpt>
      <trkpt lat="34.23991017043590545654296875" lon="108.9631508477032184600830078125">
        <ele>418.399993896484375</ele>
        <time>2026-03-21T08:58:47.000Z</time>
        <extensions>
          <ns3:TrackPointExtension>
            <ns3:hr>154</ns3:hr>
            <ns3:cad>97</ns3:cad>
          </ns3:TrackPointExtension>
        </extensions>
      </trkpt>
      <trkpt lat="34.23990807496011257171630859375" lon="108.96319166757166385650634765625">
        <ele>418.399993896484375</ele>
        <time>2026-03-21T08:58:48.000Z</time>
        <extensions>
          <ns3:TrackPointExtension>
            <ns3:hr>154</ns3:hr>
            <ns3:cad>97</ns3:cad>
          </ns3:TrackPointExtension>
        </extensions>
      </trkpt>
      <trkpt lat="34.2399063147604465484619140625" lon="108.96322737447917461395263671875">
        <ele>418.399993896484375</ele>
        <time>2026-03-21T08:58:49.000Z</time>
        <extensions>
          <ns3:TrackPointExtension>
            <ns3:hr>155</ns3:hr>
            <ns3:cad>97</ns3:cad>
          </ns3:TrackPointExtension>
        </extensions>
      </trkpt>
      <trkpt lat="34.23990706913173198699951171875" lon="108.96325687877833843231201171875">
        <ele>418.399993896484375</ele>
        <time>2026-03-21T08:58:50.000Z</time>
        <extensions>
          <ns3:TrackPointExtension>
            <ns3:hr>155</ns3:hr>
            <ns3:cad>97</ns3:cad>
          </ns3:TrackPointExtension>
        </extensions>
      </trkpt>
      <trkpt lat="34.23991478048264980316162109375" lon="108.963297866284847259521484375">
        <ele>418.399993896484375</ele>
        <time>2026-03-21T08:58:51.000Z</time>
        <extensions>
          <ns3:TrackPointExtension>
            <ns3:hr>155</ns3:hr>
            <ns3:cad>98</ns3:cad>
          </ns3:TrackPointExtension>
        </extensions>
      </trkpt>
      <trkpt lat="34.239911176264286041259765625" lon="108.96332762204110622406005859375">
        <ele>418.399993896484375</ele>
        <time>2026-03-21T08:58:52.000Z</time>
        <extensions>
          <ns3:TrackPointExtension>
            <ns3:hr>154</ns3:hr>
            <ns3:cad>98</ns3:cad>
          </ns3:TrackPointExtension>
        </extensions>
      </trkpt>
      <trkpt lat="34.23991553485393524169921875" lon="108.96336198784410953521728515625">
        <ele>418.399993896484375</ele>
        <time>2026-03-21T08:58:53.000Z</time>
        <extensions>
          <ns3:TrackPointExtension>
            <ns3:hr>155</ns3:hr>
            <ns3:cad>98</ns3:cad>
          </ns3:TrackPointExtension>
        </extensions>
      </trkpt>
      <trkpt lat="34.23992735333740711212158203125" lon="108.96340138278901576995849609375">
        <ele>418.399993896484375</ele>
        <time>2026-03-21T08:58:54.000Z</time>
        <extensions>
          <ns3:TrackPointExtension>
            <ns3:hr>155</ns3:hr>
            <ns3:cad>98</ns3:cad>
          </ns3:TrackPointExtension>
        </extensions>
      </trkpt>
      <trkpt lat="34.2399284429848194122314453125" lon="108.96342786960303783416748046875">
        <ele>418.399993896484375</ele>
        <time>2026-03-21T08:58:55.000Z</time>
        <extensions>
          <ns3:TrackPointExtension>
            <ns3:hr>155</ns3:hr>
            <ns3:cad>98</ns3:cad>
          </ns3:TrackPointExtension>
        </extensions>
      </trkpt>
      <trkpt lat="34.23994327895343303680419921875" lon="108.96346458233892917633056640625">
        <ele>418.399993896484375</ele>
        <time>2026-03-21T08:58:56.000Z</time>
        <extensions>
          <ns3:TrackPointExtension>
            <ns3:hr>154</ns3:hr>
            <ns3:cad>97</ns3:cad>
          </ns3:TrackPointExtension>
        </extensions>
      </trkpt>
      <trkpt lat="34.23995149321854114532470703125" lon="108.9634931646287441253662109375">
        <ele>418.399993896484375</ele>
        <time>2026-03-21T08:58:57.000Z</time>
        <extensions>
          <ns3:TrackPointExtension>
            <ns3:hr>155</ns3:hr>
            <ns3:cad>97</ns3:cad>
          </ns3:TrackPointExtension>
        </extensions>
      </trkpt>
      <trkpt lat="34.23995618708431720733642578125" lon="108.96352409385144710540771484375">
        <ele>418.399993896484375</ele>
        <time>2026-03-21T08:58:58.000Z</time>
        <extensions>
          <ns3:TrackPointExtension>
            <ns3:hr>155</ns3:hr>
            <ns3:cad>97</ns3:cad>
          </ns3:TrackPointExtension>
        </extensions>
      </trkpt>
      <trkpt lat="34.2399787344038486480712890625" lon="108.96355778910219669342041015625">
        <ele>418.399993896484375</ele>
        <time>2026-03-21T08:58:59.000Z</time>
        <extensions>
          <ns3:TrackPointExtension>
            <ns3:hr>154</ns3:hr>
            <ns3:cad>97</ns3:cad>
          </ns3:TrackPointExtension>
        </extensions>
      </trkpt>
      <trkpt lat="34.23999155871570110321044921875" lon="108.96358528174459934234619140625">
        <ele>418.399993896484375</ele>
        <time>2026-03-21T08:59:00.000Z</time>
        <extensions>
          <ns3:TrackPointExtension>
            <ns3:hr>155</ns3:hr>
            <ns3:cad>97</ns3:cad>
          </ns3:TrackPointExtension>
        </extensions>
      </trkpt>
      <trkpt lat="34.24001075327396392822265625" lon="108.96360908634960651397705078125">
        <ele>418.399993896484375</ele>
        <time>2026-03-21T08:59:01.000Z</time>
        <extensions>
          <ns3:TrackPointExtension>
            <ns3:hr>155</ns3:hr>
            <ns3:cad>97</ns3:cad>
          </ns3:TrackPointExtension>
        </extensions>
      </trkpt>
      <trkpt lat="34.24003313295543193817138671875" lon="108.9636339806020259857177734375">
        <ele>418.399993896484375</ele>
        <time>2026-03-21T08:59:02.000Z</time>
        <extensions>
          <ns3:TrackPointExtension>
            <ns3:hr>154</ns3:hr>
            <ns3:cad>97</ns3:cad>
          </ns3:TrackPointExtension>
        </extensions>
      </trkpt>
      <trkpt lat="34.24004738219082355499267578125" lon="108.96365636028349399566650390625">
        <ele>418.399993896484375</ele>
        <time>2026-03-21T08:59:03.000Z</time>
        <extensions>
          <ns3:TrackPointExtension>
            <ns3:hr>155</ns3:hr>
            <ns3:cad>97</ns3:cad>
          </ns3:TrackPointExtension>
        </extensions>
      </trkpt>
      <trkpt lat="34.2400742881000041961669921875" lon="108.96367563866078853607177734375">
        <ele>418.399993896484375</ele>
        <time>2026-03-21T08:59:04.000Z</time>
        <extensions>
          <ns3:TrackPointExtension>
            <ns3:hr>155</ns3:hr>
            <ns3:cad>97</ns3:cad>
          </ns3:TrackPointExtension>
        </extensions>
      </trkpt>
      <trkpt lat="34.24010488204658031463623046875" lon="108.96369516849517822265625">
        <ele>418.399993896484375</ele>
        <time>2026-03-21T08:59:05.000Z</time>
        <extensions>
          <ns3:TrackPointExtension>
            <ns3:hr>156</ns3:hr>
            <ns3:cad>97</ns3:cad>
          </ns3:TrackPointExtension>
        </extensions>
      </trkpt>
      <trkpt lat="34.24012667499482631683349609375" lon="108.96370916627347469329833984375">
        <ele>418.399993896484375</ele>
        <time>2026-03-21T08:59:06.000Z</time>
        <extensions>
          <ns3:TrackPointExtension>
            <ns3:hr>155</ns3:hr>
            <ns3:cad>97</ns3:cad>
          </ns3:TrackPointExtension>
        </extensions>
      </trkpt>
      <trkpt lat="34.24016154371201992034912109375" lon="108.96372056566178798675537109375">
        <ele>418.399993896484375</ele>
        <time>2026-03-21T08:59:07.000Z</time>
        <extensions>
          <ns3:TrackPointExtension>
            <ns3:hr>155</ns3:hr>
            <ns3:cad>97</ns3:cad>
          </ns3:TrackPointExtension>
        </extensions>
      </trkpt>
      <trkpt lat="34.2401879467070102691650390625" lon="108.96373271942138671875">
        <ele>418.399993896484375</ele>
        <time>2026-03-21T08:59:08.000Z</time>
        <extensions>
          <ns3:TrackPointExtension>
            <ns3:hr>155</ns3:hr>
            <ns3:cad>97</ns3:cad>
          </ns3:TrackPointExtension>
        </extensions>
      </trkpt>
      <trkpt lat="34.24021686427295207977294921875" lon="108.963736407458782196044921875">
        <ele>418.399993896484375</ele>
        <time>2026-03-21T08:59:09.000Z</time>
        <extensions>
          <ns3:TrackPointExtension>
            <ns3:hr>155</ns3:hr>
            <ns3:cad>97</ns3:cad>
          </ns3:TrackPointExtension>
        </extensions>
      </trkpt>
      <trkpt lat="34.240251481533050537109375" lon="108.96373808383941650390625">
        <ele>418.20001220703125</ele>
        <time>2026-03-21T08:59:10.000Z</time>
        <extensions>
          <ns3:TrackPointExtension>
            <ns3:hr>155</ns3:hr>
            <ns3:cad>98</ns3:cad>
          </ns3:TrackPointExtension>
        </extensions>
      </trkpt>
      <trkpt lat="34.24027360975742340087890625" lon="108.9637469686567783355712890625">
        <ele>418.20001220703125</ele>
        <time>2026-03-21T08:59:11.000Z</time>
        <extensions>
          <ns3:TrackPointExtension>
            <ns3:hr>156</ns3:hr>
            <ns3:cad>98</ns3:cad>
          </ns3:TrackPointExtension>
        </extensions>
      </trkpt>
      <trkpt lat="34.24030311405658721923828125" lon="108.96374369971454143524169921875">
        <ele>418.20001220703125</ele>
        <time>2026-03-21T08:59:12.000Z</time>
        <extensions>
          <ns3:TrackPointExtension>
            <ns3:hr>156</ns3:hr>
            <ns3:cad>98</ns3:cad>
          </ns3:TrackPointExtension>
        </extensions>
      </trkpt>
      <trkpt lat="34.240330941975116729736328125" lon="108.963745795190334320068359375">
        <ele>418.20001220703125</ele>
        <time>2026-03-21T08:59:13.000Z</time>
        <extensions>
          <ns3:TrackPointExtension>
            <ns3:hr>156</ns3:hr>
            <ns3:cad>98</ns3:cad>
          </ns3:TrackPointExtension>
        </extensions>
      </trkpt>
      <trkpt lat="34.2403552494943141937255859375" lon="108.963751494884490966796875">
        <ele>418.20001220703125</ele>
        <time>2026-03-21T08:59:14.000Z</time>
        <extensions>
          <ns3:TrackPointExtension>
            <ns3:hr>156</ns3:hr>
            <ns3:cad>98</ns3:cad>
          </ns3:TrackPointExtension>
        </extensions>
      </trkpt>
      <trkpt lat="34.24038827419281005859375" lon="108.96375074051320552825927734375">
        <ele>418.20001220703125</ele>
        <time>2026-03-21T08:59:15.000Z</time>
        <extensions>
          <ns3:TrackPointExtension>
            <ns3:hr>155</ns3:hr>
            <ns3:cad>98</ns3:cad>
          </ns3:TrackPointExtension>
        </extensions>
      </trkpt>
      <trkpt lat="34.24041450954973697662353515625" lon="108.96375308744609355926513671875">
        <ele>418.399993896484375</ele>
        <time>2026-03-21T08:59:16.000Z</time>
        <extensions>
          <ns3:TrackPointExtension>
            <ns3:hr>156</ns3:hr>
            <ns3:cad>98</ns3:cad>
          </ns3:TrackPointExtension>
        </extensions>
      </trkpt>
      <trkpt lat="34.240443594753742218017578125" lon="108.96375258453190326690673828125">
        <ele>418.20001220703125</ele>
        <time>2026-03-21T08:59:17.000Z</time>
        <extensions>
          <ns3:TrackPointExtension>
            <ns3:hr>156</ns3:hr>
            <ns3:cad>98</ns3:cad>
          </ns3:TrackPointExtension>
        </extensions>
      </trkpt>
      <trkpt lat="34.24047670327126979827880859375" lon="108.9637493155896663665771484375">
        <ele>418.20001220703125</ele>
        <time>2026-03-21T08:59:18.000Z</time>
        <extensions>
          <ns3:TrackPointExtension>
            <ns3:hr>156</ns3:hr>
            <ns3:cad>97</ns3:cad>
          </ns3:TrackPointExtension>
        </extensions>
      </trkpt>
      <trkpt lat="34.24050352536141872406005859375" lon="108.963752500712871551513671875">
        <ele>418.20001220703125</ele>
        <time>2026-03-21T08:59:19.000Z</time>
        <extensions>
          <ns3:TrackPointExtension>
            <ns3:hr>156</ns3:hr>
            <ns3:cad>97</ns3:cad>
          </ns3:TrackPointExtension>
        </extensions>
      </trkpt>
      <trkpt lat="34.2405339516699314117431640625" lon="108.96375291980803012847900390625">
        <ele>418.20001220703125</ele>
        <time>2026-03-21T08:59:20.000Z</time>
        <extensions>
          <ns3:TrackPointExtension>
            <ns3:hr>156</ns3:hr>
            <ns3:cad>98</ns3:cad>
          </ns3:TrackPointExtension>
        </extensions>
      </trkpt>
      <trkpt lat="34.24056370742619037628173828125" lon="108.96375291980803012847900390625">
        <ele>418.20001220703125</ele>
        <time>2026-03-21T08:59:21.000Z</time>
        <extensions>
          <ns3:TrackPointExtension>
            <ns3:hr>156</ns3:hr>
            <ns3:cad>98</ns3:cad>
          </ns3:TrackPointExtension>
        </extensions>
      </trkpt>
      <trkpt lat="34.24058751203119754791259765625" lon="108.96375258453190326690673828125">
        <ele>418.20001220703125</ele>
        <time>2026-03-21T08:59:22.000Z</time>
        <extensions>
          <ns3:TrackPointExtension>
            <ns3:hr>156</ns3:hr>
            <ns3:cad>98</ns3:cad>
          </ns3:TrackPointExtension>
        </extensions>
      </trkpt>
      <trkpt lat="34.2406202852725982666015625" lon="108.96375216543674468994140625">
        <ele>418.20001220703125</ele>
        <time>2026-03-21T08:59:23.000Z</time>
        <extensions>
          <ns3:TrackPointExtension>
            <ns3:hr>156</ns3:hr>
            <ns3:cad>98</ns3:cad>
          </ns3:TrackPointExtension>
        </extensions>
      </trkpt>
      <trkpt lat="34.24064802937209606170654296875" lon="108.9637555181980133056640625">
        <ele>418.20001220703125</ele>
        <time>2026-03-21T08:59:24.000Z</time>
        <extensions>
          <ns3:TrackPointExtension>
            <ns3:hr>156</ns3:hr>
            <ns3:cad>98</ns3:cad>
          </ns3:TrackPointExtension>
        </extensions>
      </trkpt>
      <trkpt lat="34.24067015759646892547607421875" lon="108.9637555181980133056640625">
        <ele>418.20001220703125</ele>
        <time>2026-03-21T08:59:25.000Z</time>
        <extensions>
          <ns3:TrackPointExtension>
            <ns3:hr>156</ns3:hr>
            <ns3:cad>97</ns3:cad>
          </ns3:TrackPointExtension>
        </extensions>
      </trkpt>
      <trkpt lat="34.24070402048528194427490234375" lon="108.96375258453190326690673828125">
        <ele>418.20001220703125</ele>
        <time>2026-03-21T08:59:26.000Z</time>
        <extensions>
          <ns3:TrackPointExtension>
            <ns3:hr>156</ns3:hr>
            <ns3:cad>97</ns3:cad>
          </ns3:TrackPointExtension>
        </extensions>
      </trkpt>
      <trkpt lat="34.24072732217609882354736328125" lon="108.9637603797018527984619140625">
        <ele>418</ele>
        <time>2026-03-21T08:59:27.000Z</time>
        <extensions>
          <ns3:TrackPointExtension>
            <ns3:hr>156</ns3:hr>
            <ns3:cad>98</ns3:cad>
          </ns3:TrackPointExtension>
        </extensions>
      </trkpt>
      <trkpt lat="34.2407572455704212188720703125" lon="108.963762223720550537109375">
        <ele>418</ele>
        <time>2026-03-21T08:59:28.000Z</time>
        <extensions>
          <ns3:TrackPointExtension>
            <ns3:hr>156</ns3:hr>
            <ns3:cad>98</ns3:cad>
          </ns3:TrackPointExtension>
        </extensions>
      </trkpt>
      <trkpt lat="34.24078616313636302947998046875" lon="108.963760547339916229248046875">
        <ele>418</ele>
        <time>2026-03-21T08:59:29.000Z</time>
        <extensions>
          <ns3:TrackPointExtension>
            <ns3:hr>156</ns3:hr>
            <ns3:cad>98</ns3:cad>
          </ns3:TrackPointExtension>
        </extensions>
      </trkpt>
      <trkpt lat="34.24081047065556049346923828125" lon="108.96376557648181915283203125">
        <ele>418</ele>
        <time>2026-03-21T08:59:30.000Z</time>
        <extensions>
          <ns3:TrackPointExtension>
            <ns3:hr>156</ns3:hr>
            <ns3:cad>98</ns3:cad>
          </ns3:TrackPointExtension>
        </extensions>
      </trkpt>
      <trkpt lat="34.24084198661148548126220703125" lon="108.96376431919634342193603515625">
        <ele>418</ele>
        <time>2026-03-21T08:59:31.000Z</time>
        <extensions>
          <ns3:TrackPointExtension>
            <ns3:hr>156</ns3:hr>
            <ns3:cad>98</ns3:cad>
          </ns3:TrackPointExtension>
        </extensions>
      </trkpt>
      <trkpt lat="34.24086771905422210693359375" lon="108.963766582310199737548828125">
        <ele>418</ele>
        <time>2026-03-21T08:59:32.000Z</time>
        <extensions>
          <ns3:TrackPointExtension>
            <ns3:hr>155</ns3:hr>
            <ns3:cad>98</ns3:cad>
          </ns3:TrackPointExtension>
        </extensions>
      </trkpt>
      <trkpt lat="34.240896217525005340576171875" lon="108.9637649059295654296875">
        <ele>418</ele>
        <time>2026-03-21T08:59:33.000Z</time>
        <extensions>
          <ns3:TrackPointExtension>
            <ns3:hr>155</ns3:hr>
            <ns3:cad>98</ns3:cad>
          </ns3:TrackPointExtension>
        </extensions>
      </trkpt>
      <trkpt lat="34.24092630855739116668701171875" lon="108.9637635648250579833984375">
        <ele>418</ele>
        <time>2026-03-21T08:59:34.000Z</time>
        <extensions>
          <ns3:TrackPointExtension>
            <ns3:hr>155</ns3:hr>
            <ns3:cad>98</ns3:cad>
          </ns3:TrackPointExtension>
        </extensions>
      </trkpt>
      <trkpt lat="34.24094994552433490753173828125" lon="108.9637670852243900299072265625">
        <ele>418</ele>
        <time>2026-03-21T08:59:35.000Z</time>
        <extensions>
          <ns3:TrackPointExtension>
            <ns3:hr>156</ns3:hr>
            <ns3:cad>97</ns3:cad>
          </ns3:TrackPointExtension>
        </extensions>
      </trkpt>
      <trkpt lat="34.2409798689186573028564453125" lon="108.9637664146721363067626953125">
        <ele>418</ele>
        <time>2026-03-21T08:59:36.000Z</time>
        <extensions>
          <ns3:TrackPointExtension>
            <ns3:hr>156</ns3:hr>
            <ns3:cad>97</ns3:cad>
          </ns3:TrackPointExtension>
        </extensions>
      </trkpt>
      <trkpt lat="34.2410065233707427978515625" lon="108.96376599557697772979736328125">
        <ele>418</ele>
        <time>2026-03-21T08:59:37.000Z</time>
        <extensions>
          <ns3:TrackPointExtension>
            <ns3:hr>156</ns3:hr>
            <ns3:cad>97</ns3:cad>
          </ns3:TrackPointExtension>
        </extensions>
      </trkpt>
      <trkpt lat="34.2410308308899402618408203125" lon="108.96376683376729488372802734375">
        <ele>418</ele>
        <time>2026-03-21T08:59:38.000Z</time>
        <extensions>
          <ns3:TrackPointExtension>
            <ns3:hr>156</ns3:hr>
            <ns3:cad>97</ns3:cad>
          </ns3:TrackPointExtension>
        </extensions>
      </trkpt>
      <trkpt lat="34.2410583235323429107666015625" lon="108.9637647382915019989013671875">
        <ele>418</ele>
        <time>2026-03-21T08:59:39.000Z</time>
        <extensions>
          <ns3:TrackPointExtension>
            <ns3:hr>156</ns3:hr>
            <ns3:cad>98</ns3:cad>
          </ns3:TrackPointExtension>
        </extensions>
      </trkpt>
      <trkpt lat="34.24108539707958698272705078125" lon="108.96376666612923145294189453125">
        <ele>418</ele>
        <time>2026-03-21T08:59:40.000Z</time>
        <extensions>
          <ns3:TrackPointExtension>
            <ns3:hr>157</ns3:hr>
            <ns3:cad>98</ns3:cad>
          </ns3:TrackPointExtension>
        </extensions>
      </trkpt>
      <trkpt lat="34.2411079443991184234619140625" lon="108.9637711085379123687744140625">
        <ele>418</ele>
        <time>2026-03-21T08:59:41.000Z</time>
        <extensions>
          <ns3:TrackPointExtension>
            <ns3:hr>156</ns3:hr>
            <ns3:cad>98</ns3:cad>
          </ns3:TrackPointExtension>
        </extensions>
      </trkpt>
      <trkpt lat="34.2411438189446926116943359375" lon="108.96376448683440685272216796875">
        <ele>418</ele>
        <time>2026-03-21T08:59:42.000Z</time>
        <extensions>
          <ns3:TrackPointExtension>
            <ns3:hr>156</ns3:hr>
            <ns3:cad>97</ns3:cad>
          </ns3:TrackPointExtension>
        </extensions>
      </trkpt>
      <trkpt lat="34.241167120635509490966796875" lon="108.9637633971869945526123046875">
        <ele>418</ele>
        <time>2026-03-21T08:59:43.000Z</time>
        <extensions>
          <ns3:TrackPointExtension>
            <ns3:hr>156</ns3:hr>
            <ns3:cad>97</ns3:cad>
          </ns3:TrackPointExtension>
        </extensions>
      </trkpt>
      <trkpt lat="34.241193942725658416748046875" lon="108.9637597091495990753173828125">
        <ele>418</ele>
        <time>2026-03-21T08:59:44.000Z</time>
        <extensions>
          <ns3:TrackPointExtension>
            <ns3:hr>156</ns3:hr>
            <ns3:cad>97</ns3:cad>
          </ns3:TrackPointExtension>
        </extensions>
      </trkpt>
      <trkpt lat="34.24122353084385395050048828125" lon="108.9637421071529388427734375">
        <ele>418</ele>
        <time>2026-03-21T08:59:45.000Z</time>
        <extensions>
          <ns3:TrackPointExtension>
            <ns3:hr>156</ns3:hr>
            <ns3:cad>97</ns3:cad>
          </ns3:TrackPointExtension>
        </extensions>
      </trkpt>
      <trkpt lat="34.24124859273433685302734375" lon="108.963736407458782196044921875">
        <ele>418</ele>
        <time>2026-03-21T08:59:46.000Z</time>
        <extensions>
          <ns3:TrackPointExtension>
            <ns3:hr>156</ns3:hr>
            <ns3:cad>97</ns3:cad>
          </ns3:TrackPointExtension>
        </extensions>
      </trkpt>
      <trkpt lat="34.24127851612865924835205078125" lon="108.9637144468724727630615234375">
        <ele>418</ele>
        <time>2026-03-21T08:59:47.000Z</time>
        <extensions>
          <ns3:TrackPointExtension>
            <ns3:hr>156</ns3:hr>
            <ns3:cad>97</ns3:cad>
          </ns3:TrackPointExtension>
        </extensions>
      </trkpt>
      <trkpt lat="34.24130416475236415863037109375" lon="108.9636983536183834075927734375">
        <ele>418</ele>
        <time>2026-03-21T08:59:48.000Z</time>
        <extensions>
          <ns3:TrackPointExtension>
            <ns3:hr>156</ns3:hr>
            <ns3:cad>97</ns3:cad>
          </ns3:TrackPointExtension>
        </extensions>
      </trkpt>
      <trkpt lat="34.24132444895803928375244140625" lon="108.96368452347815036773681640625">
        <ele>418</ele>
        <time>2026-03-21T08:59:49.000Z</time>
        <extensions>
          <ns3:TrackPointExtension>
            <ns3:hr>156</ns3:hr>
            <ns3:cad>97</ns3:cad>
          </ns3:TrackPointExtension>
        </extensions>
      </trkpt>
      <trkpt lat="34.24135143868625164031982421875" lon="108.96365736611187458038330078125">
        <ele>418</ele>
        <time>2026-03-21T08:59:50.000Z</time>
        <extensions>
          <ns3:TrackPointExtension>
            <ns3:hr>156</ns3:hr>
            <ns3:cad>97</ns3:cad>
          </ns3:TrackPointExtension>
        </extensions>
      </trkpt>
      <trkpt lat="34.24137474037706851959228515625" lon="108.96364546380937099456787109375">
        <ele>418</ele>
        <time>2026-03-21T08:59:51.000Z</time>
        <extensions>
          <ns3:TrackPointExtension>
            <ns3:hr>156</ns3:hr>
            <ns3:cad>97</ns3:cad>
          </ns3:TrackPointExtension>
        </extensions>
      </trkpt>
      <trkpt lat="34.2413932643830776214599609375" lon="108.9636222459375858306884765625">
        <ele>418</ele>
        <time>2026-03-21T08:59:52.000Z</time>
        <extensions>
          <ns3:TrackPointExtension>
            <ns3:hr>156</ns3:hr>
            <ns3:cad>97</ns3:cad>
          </ns3:TrackPointExtension>
        </extensions>
      </trkpt>
      <trkpt lat="34.24141329713165760040283203125" lon="108.96359500475227832794189453125">
        <ele>418</ele>
        <time>2026-03-21T08:59:53.000Z</time>
        <extensions>
          <ns3:TrackPointExtension>
            <ns3:hr>156</ns3:hr>
            <ns3:cad>97</ns3:cad>
          </ns3:TrackPointExtension>
        </extensions>
      </trkpt>
      <trkpt lat="34.24142830073833465576171875" lon="108.963577486574649810791015625">
        <ele>418</ele>
        <time>2026-03-21T08:59:54.000Z</time>
        <extensions>
          <ns3:TrackPointExtension>
            <ns3:hr>156</ns3:hr>
            <ns3:cad>97</ns3:cad>
          </ns3:TrackPointExtension>
        </extensions>
      </trkpt>
      <trkpt lat="34.2414482496678829193115234375" lon="108.96354789845645427703857421875">
        <ele>418</ele>
        <time>2026-03-21T08:59:55.000Z</time>
        <extensions>
          <ns3:TrackPointExtension>
            <ns3:hr>156</ns3:hr>
            <ns3:cad>97</ns3:cad>
          </ns3:TrackPointExtension>
        </extensions>
      </trkpt>
      <trkpt lat="34.24146459437906742095947265625" lon="108.963525854051113128662109375">
        <ele>418</ele>
        <time>2026-03-21T08:59:56.000Z</time>
        <extensions>
          <ns3:TrackPointExtension>
            <ns3:hr>156</ns3:hr>
            <ns3:cad>97</ns3:cad>
          </ns3:TrackPointExtension>
        </extensions>
      </trkpt>
      <trkpt lat="34.24147523939609527587890625" lon="108.963492326438426971435546875">
        <ele>418</ele>
        <time>2026-03-21T08:59:57.000Z</time>
        <extensions>
          <ns3:TrackPointExtension>
            <ns3:hr>156</ns3:hr>
            <ns3:cad>97</ns3:cad>
          </ns3:TrackPointExtension>
        </extensions>
      </trkpt>
      <trkpt lat="34.24148923717439174652099609375" lon="108.9634586311876773834228515625">
        <ele>418</ele>
        <time>2026-03-21T08:59:58.000Z</time>
        <extensions>
          <ns3:TrackPointExtension>
            <ns3:hr>155</ns3:hr>
            <ns3:cad>97</ns3:cad>
          </ns3:TrackPointExtension>
        </extensions>
      </trkpt>
      <trkpt lat="34.24149996601045131683349609375" lon="108.9634336531162261962890625">
        <ele>418</ele>
        <time>2026-03-21T08:59:59.000Z</time>
        <extensions>
          <ns3:TrackPointExtension>
            <ns3:hr>155</ns3:hr>
            <ns3:cad>96</ns3:cad>
          </ns3:TrackPointExtension>
        </extensions>
      </trkpt>
      <trkpt lat="34.24150600098073482513427734375" lon="108.96339476108551025390625">
        <ele>418</ele>
        <time>2026-03-21T09:00:00.000Z</time>
        <extensions>
          <ns3:TrackPointExtension>
            <ns3:hr>155</ns3:hr>
            <ns3:cad>96</ns3:cad>
          </ns3:TrackPointExtension>
        </extensions>
      </trkpt>
      <trkpt lat="34.241509772837162017822265625" lon="108.96335829980671405792236328125">
        <ele>418</ele>
        <time>2026-03-21T09:00:01.000Z</time>
        <extensions>
          <ns3:TrackPointExtension>
            <ns3:hr>155</ns3:hr>
            <ns3:cad>96</ns3:cad>
          </ns3:TrackPointExtension>
        </extensions>
      </trkpt>
      <trkpt lat="34.24151547253131866455078125" lon="108.9633308909833431243896484375">
        <ele>418</ele>
        <time>2026-03-21T09:00:02.000Z</time>
        <extensions>
          <ns3:TrackPointExtension>
            <ns3:hr>155</ns3:hr>
            <ns3:cad>97</ns3:cad>
          </ns3:TrackPointExtension>
        </extensions>
      </trkpt>
      <trkpt lat="34.24151522107422351837158203125" lon="108.963289819657802581787109375">
        <ele>418</ele>
        <time>2026-03-21T09:00:03.000Z</time>
        <extensions>
          <ns3:TrackPointExtension>
            <ns3:hr>156</ns3:hr>
            <ns3:cad>97</ns3:cad>
          </ns3:TrackPointExtension>
        </extensions>
      </trkpt>
      <trkpt lat="34.24151773564517498016357421875" lon="108.96325595676898956298828125">
        <ele>417.79998779296875</ele>
        <time>2026-03-21T09:00:04.000Z</time>
        <extensions>
          <ns3:TrackPointExtension>
            <ns3:hr>155</ns3:hr>
            <ns3:cad>97</ns3:cad>
          </ns3:TrackPointExtension>
        </extensions>
      </trkpt>
      <trkpt lat="34.24151589162647724151611328125" lon="108.96322217769920825958251953125">
        <ele>418</ele>
        <time>2026-03-21T09:00:05.000Z</time>
        <extensions>
          <ns3:TrackPointExtension>
            <ns3:hr>156</ns3:hr>
            <ns3:cad>97</ns3:cad>
          </ns3:TrackPointExtension>
        </extensions>
      </trkpt>
      <trkpt lat="34.2415059171617031097412109375" lon="108.96318487823009490966796875">
        <ele>417.79998779296875</ele>
        <time>2026-03-21T09:00:06.000Z</time>
        <extensions>
          <ns3:TrackPointExtension>
            <ns3:hr>155</ns3:hr>
            <ns3:cad>97</ns3:cad>
          </ns3:TrackPointExtension>
        </extensions>
      </trkpt>
      <trkpt lat="34.24150231294333934783935546875" lon="108.9631573855876922607421875">
        <ele>417.79998779296875</ele>
        <time>2026-03-21T09:00:07.000Z</time>
        <extensions>
          <ns3:TrackPointExtension>
            <ns3:hr>155</ns3:hr>
            <ns3:cad>97</ns3:cad>
          </ns3:TrackPointExtension>
        </extensions>
      </trkpt>
      <trkpt lat="34.24149476923048496246337890625" lon="108.9631260372698307037353515625">
        <ele>417.79998779296875</ele>
        <time>2026-03-21T09:00:08.000Z</time>
        <extensions>
          <ns3:TrackPointExtension>
            <ns3:hr>155</ns3:hr>
            <ns3:cad>97</ns3:cad>
          </ns3:TrackPointExtension>
        </extensions>
      </trkpt>
      <trkpt lat="34.241485632956027984619140625" lon="108.963092006742954254150390625">
        <ele>417.79998779296875</ele>
        <time>2026-03-21T09:00:09.000Z</time>
        <extensions>
          <ns3:TrackPointExtension>
            <ns3:hr>155</ns3:hr>
            <ns3:cad>99</ns3:cad>
          </ns3:TrackPointExtension>
        </extensions>
      </trkpt>
      <trkpt lat="34.24148471094667911529541015625" lon="108.963068537414073944091796875">
        <ele>418</ele>
        <time>2026-03-21T09:00:10.000Z</time>
        <extensions>
          <ns3:TrackPointExtension>
            <ns3:hr>156</ns3:hr>
            <ns3:cad>99</ns3:cad>
          </ns3:TrackPointExtension>
        </extensions>
      </trkpt>
      <trkpt lat="34.241470210254192352294921875" lon="108.96303576417267322540283203125">
        <ele>418</ele>
        <time>2026-03-21T09:00:11.000Z</time>
        <extensions>
          <ns3:TrackPointExtension>
            <ns3:hr>156</ns3:hr>
            <ns3:cad>99</ns3:cad>
          </ns3:TrackPointExtension>
        </extensions>
      </trkpt>
      <trkpt lat="34.241457469761371612548828125" lon="108.96300290711224079132080078125">
        <ele>418</ele>
        <time>2026-03-21T09:00:12.000Z</time>
        <extensions>
          <ns3:TrackPointExtension>
            <ns3:hr>156</ns3:hr>
            <ns3:cad>99</ns3:cad>
          </ns3:TrackPointExtension>
        </extensions>
      </trkpt>
      <trkpt lat="34.2414490878582000732421875" lon="108.9629758335649967193603515625">
        <ele>418</ele>
        <time>2026-03-21T09:00:13.000Z</time>
        <extensions>
          <ns3:TrackPointExtension>
            <ns3:hr>155</ns3:hr>
            <ns3:cad>98</ns3:cad>
          </ns3:TrackPointExtension>
        </extensions>
      </trkpt>
      <trkpt lat="34.2414241097867488861083984375" lon="108.9629459939897060394287109375">
        <ele>418</ele>
        <time>2026-03-21T09:00:14.000Z</time>
        <extensions>
          <ns3:TrackPointExtension>
            <ns3:hr>155</ns3:hr>
            <ns3:cad>97</ns3:cad>
          </ns3:TrackPointExtension>
        </extensions>
      </trkpt>
      <trkpt lat="34.24140960909426212310791015625" lon="108.96291858516633510589599609375">
        <ele>417.79998779296875</ele>
        <time>2026-03-21T09:00:15.000Z</time>
        <extensions>
          <ns3:TrackPointExtension>
            <ns3:hr>155</ns3:hr>
            <ns3:cad>97</ns3:cad>
          </ns3:TrackPointExtension>
        </extensions>
      </trkpt>
      <trkpt lat="34.241393096745014190673828125" lon="108.96289058960974216461181640625">
        <ele>417.79998779296875</ele>
        <time>2026-03-21T09:00:16.000Z</time>
        <extensions>
          <ns3:TrackPointExtension>
            <ns3:hr>155</ns3:hr>
            <ns3:cad>97</ns3:cad>
          </ns3:TrackPointExtension>
        </extensions>
      </trkpt>
      <trkpt lat="34.24136669375002384185791015625" lon="108.96286561153829097747802734375">
        <ele>417.79998779296875</ele>
        <time>2026-03-21T09:00:17.000Z</time>
        <extensions>
          <ns3:TrackPointExtension>
            <ns3:hr>155</ns3:hr>
            <ns3:cad>97</ns3:cad>
          </ns3:TrackPointExtension>
        </extensions>
      </trkpt>
      <trkpt lat="34.24135395325720310211181640625" lon="108.9628422260284423828125">
        <ele>417.79998779296875</ele>
        <time>2026-03-21T09:00:18.000Z</time>
        <extensions>
          <ns3:TrackPointExtension>
            <ns3:hr>154</ns3:hr>
            <ns3:cad>97</ns3:cad>
          </ns3:TrackPointExtension>
        </extensions>
      </trkpt>
      <trkpt lat="34.24133040010929107666015625" lon="108.96282236091792583465576171875">
        <ele>417.79998779296875</ele>
        <time>2026-03-21T09:00:19.000Z</time>
        <extensions>
          <ns3:TrackPointExtension>
            <ns3:hr>154</ns3:hr>
            <ns3:cad>97</ns3:cad>
          </ns3:TrackPointExtension>
        </extensions>
      </trkpt>
      <trkpt lat="34.2413074336946010589599609375" lon="108.96279788576066493988037109375">
        <ele>417.79998779296875</ele>
        <time>2026-03-21T09:00:20.000Z</time>
        <extensions>
          <ns3:TrackPointExtension>
            <ns3:hr>154</ns3:hr>
            <ns3:cad>97</ns3:cad>
          </ns3:TrackPointExtension>
        </extensions>
      </trkpt>
      <trkpt lat="34.24128706566989421844482421875" lon="108.96277173422276973724365234375">
        <ele>418</ele>
        <time>2026-03-21T09:00:21.000Z</time>
        <extensions>
          <ns3:TrackPointExtension>
            <ns3:hr>154</ns3:hr>
            <ns3:cad>97</ns3:cad>
          </ns3:TrackPointExtension>
        </extensions>
      </trkpt>
      <trkpt lat="34.24125437624752521514892578125" lon="108.96276586689054965972900390625">
        <ele>418</ele>
        <time>2026-03-21T09:00:22.000Z</time>
        <extensions>
          <ns3:TrackPointExtension>
            <ns3:hr>154</ns3:hr>
            <ns3:cad>97</ns3:cad>
          </ns3:TrackPointExtension>
        </extensions>
      </trkpt>
      <trkpt lat="34.24122923053801059722900390625" lon="108.9627545513212680816650390625">
        <ele>418</ele>
        <time>2026-03-21T09:00:23.000Z</time>
        <extensions>
          <ns3:TrackPointExtension>
            <ns3:hr>153</ns3:hr>
            <ns3:cad>97</ns3:cad>
          </ns3:TrackPointExtension>
        </extensions>
      </trkpt>
      <trkpt lat="34.24120190553367137908935546875" lon="108.96274709142744541168212890625">
        <ele>418</ele>
        <time>2026-03-21T09:00:24.000Z</time>
        <extensions>
          <ns3:TrackPointExtension>
            <ns3:hr>153</ns3:hr>
            <ns3:cad>97</ns3:cad>
          </ns3:TrackPointExtension>
        </extensions>
      </trkpt>
      <trkpt lat="34.241169802844524383544921875" lon="108.962742649018764495849609375">
        <ele>417.79998779296875</ele>
        <time>2026-03-21T09:00:25.000Z</time>
        <extensions>
          <ns3:TrackPointExtension>
            <ns3:hr>153</ns3:hr>
            <ns3:cad>97</ns3:cad>
          </ns3:TrackPointExtension>
        </extensions>
      </trkpt>
      <trkpt lat="34.24114809371531009674072265625" lon="108.962731249630451202392578125">
        <ele>417.79998779296875</ele>
        <time>2026-03-21T09:00:26.000Z</time>
        <extensions>
          <ns3:TrackPointExtension>
            <ns3:hr>153</ns3:hr>
            <ns3:cad>97</ns3:cad>
          </ns3:TrackPointExtension>
        </extensions>
      </trkpt>
      <trkpt lat="34.2411237023770809173583984375" lon="108.96273024380207061767578125">
        <ele>417.79998779296875</ele>
        <time>2026-03-21T09:00:27.000Z</time>
        <extensions>
          <ns3:TrackPointExtension>
            <ns3:hr>153</ns3:hr>
            <ns3:cad>97</ns3:cad>
          </ns3:TrackPointExtension>
        </extensions>
      </trkpt>
      <trkpt lat="34.24109361134469509124755859375" lon="108.9627309143543243408203125">
        <ele>417.79998779296875</ele>
        <time>2026-03-21T09:00:28.000Z</time>
        <extensions>
          <ns3:TrackPointExtension>
            <ns3:hr>153</ns3:hr>
            <ns3:cad>97</ns3:cad>
          </ns3:TrackPointExtension>
        </extensions>
      </trkpt>
      <trkpt lat="34.2410730756819248199462890625" lon="108.96272496320307254791259765625">
        <ele>417.79998779296875</ele>
        <time>2026-03-21T09:00:29.000Z</time>
        <extensions>
          <ns3:TrackPointExtension>
            <ns3:hr>153</ns3:hr>
            <ns3:cad>97</ns3:cad>
          </ns3:TrackPointExtension>
        </extensions>
      </trkpt>
      <trkpt lat="34.241039715707302093505859375" lon="108.962727896869182586669921875">
        <ele>418</ele>
        <time>2026-03-21T09:00:30.000Z</time>
        <extensions>
          <ns3:TrackPointExtension>
            <ns3:hr>152</ns3:hr>
            <ns3:cad>97</ns3:cad>
          </ns3:TrackPointExtension>
        </extensions>
      </trkpt>
      <trkpt lat="34.24101247452199459075927734375" lon="108.96272563375532627105712890625">
        <ele>418</ele>
        <time>2026-03-21T09:00:31.000Z</time>
        <extensions>
          <ns3:TrackPointExtension>
            <ns3:hr>153</ns3:hr>
            <ns3:cad>97</ns3:cad>
          </ns3:TrackPointExtension>
        </extensions>
      </trkpt>
      <trkpt lat="34.24098632298409938812255859375" lon="108.9627260528504848480224609375">
        <ele>418</ele>
        <time>2026-03-21T09:00:32.000Z</time>
        <extensions>
          <ns3:TrackPointExtension>
            <ns3:hr>153</ns3:hr>
            <ns3:cad>97</ns3:cad>
          </ns3:TrackPointExtension>
        </extensions>
      </trkpt>
      <trkpt lat="34.24095212481915950775146484375" lon="108.96273217163980007171630859375">
        <ele>418</ele>
        <time>2026-03-21T09:00:33.000Z</time>
        <extensions>
          <ns3:TrackPointExtension>
            <ns3:hr>153</ns3:hr>
            <ns3:cad>97</ns3:cad>
          </ns3:TrackPointExtension>
        </extensions>
      </trkpt>
      <trkpt lat="34.24092882312834262847900390625" lon="108.96272596903145313262939453125">
        <ele>418</ele>
        <time>2026-03-21T09:00:34.000Z</time>
        <extensions>
          <ns3:TrackPointExtension>
            <ns3:hr>153</ns3:hr>
            <ns3:cad>97</ns3:cad>
          </ns3:TrackPointExtension>
        </extensions>
      </trkpt>
      <trkpt lat="34.24089998938143253326416015625" lon="108.96272865124046802520751953125">
        <ele>418</ele>
        <time>2026-03-21T09:00:35.000Z</time>
        <extensions>
          <ns3:TrackPointExtension>
            <ns3:hr>152</ns3:hr>
            <ns3:cad>98</ns3:cad>
          </ns3:TrackPointExtension>
        </extensions>
      </trkpt>
      <trkpt lat="34.240868389606475830078125" lon="108.96272580139338970184326171875">
        <ele>418</ele>
        <time>2026-03-21T09:00:36.000Z</time>
        <extensions>
          <ns3:TrackPointExtension>
            <ns3:hr>153</ns3:hr>
            <ns3:cad>98</ns3:cad>
          </ns3:TrackPointExtension>
        </extensions>
      </trkpt>
      <trkpt lat="34.24084533937275409698486328125" lon="108.9627203531563282012939453125">
        <ele>418</ele>
        <time>2026-03-21T09:00:37.000Z</time>
        <extensions>
          <ns3:TrackPointExtension>
            <ns3:hr>153</ns3:hr>
            <ns3:cad>98</ns3:cad>
          </ns3:TrackPointExtension>
        </extensions>
      </trkpt>
      <trkpt lat="34.24081130884587764739990234375" lon="108.96272353827953338623046875">
        <ele>418</ele>
        <time>2026-03-21T09:00:38.000Z</time>
        <extensions>
          <ns3:TrackPointExtension>
            <ns3:hr>153</ns3:hr>
            <ns3:cad>98</ns3:cad>
          </ns3:TrackPointExtension>
        </extensions>
      </trkpt>
      <trkpt lat="34.24078532494604587554931640625" lon="108.96272278390824794769287109375">
        <ele>418</ele>
        <time>2026-03-21T09:00:39.000Z</time>
        <extensions>
          <ns3:TrackPointExtension>
            <ns3:hr>153</ns3:hr>
            <ns3:cad>98</ns3:cad>
          </ns3:TrackPointExtension>
        </extensions>
      </trkpt>
      <trkpt lat="34.240756742656230926513671875" lon="108.96272110752761363983154296875">
        <ele>418</ele>
        <time>2026-03-21T09:00:40.000Z</time>
        <extensions>
          <ns3:TrackPointExtension>
            <ns3:hr>153</ns3:hr>
            <ns3:cad>98</ns3:cad>
          </ns3:TrackPointExtension>
        </extensions>
      </trkpt>
      <trkpt lat="34.24072958528995513916015625" lon="108.96271951496601104736328125">
        <ele>418</ele>
        <time>2026-03-21T09:00:41.000Z</time>
        <extensions>
          <ns3:TrackPointExtension>
            <ns3:hr>153</ns3:hr>
            <ns3:cad>98</ns3:cad>
          </ns3:TrackPointExtension>
        </extensions>
      </trkpt>
      <trkpt lat="34.24070619978010654449462890625" lon="108.9627216942608356475830078125">
        <ele>418</ele>
        <time>2026-03-21T09:00:42.000Z</time>
        <extensions>
          <ns3:TrackPointExtension>
            <ns3:hr>153</ns3:hr>
            <ns3:cad>98</ns3:cad>
          </ns3:TrackPointExtension>
        </extensions>
      </trkpt>
      <trkpt lat="34.2406747676432132720947265625" lon="108.9627263881266117095947265625">
        <ele>418</ele>
        <time>2026-03-21T09:00:43.000Z</time>
        <extensions>
          <ns3:TrackPointExtension>
            <ns3:hr>153</ns3:hr>
            <ns3:cad>97</ns3:cad>
          </ns3:TrackPointExtension>
        </extensions>
      </trkpt>
      <trkpt lat="34.24064802937209606170654296875" lon="108.9627282321453094482421875">
        <ele>418</ele>
        <time>2026-03-21T09:00:44.000Z</time>
        <extensions>
          <ns3:TrackPointExtension>
            <ns3:hr>153</ns3:hr>
            <ns3:cad>97</ns3:cad>
          </ns3:TrackPointExtension>
        </extensions>
      </trkpt>
      <trkpt lat="34.2406191118061542510986328125" lon="108.9627297408878803253173828125">
        <ele>418</ele>
        <time>2026-03-21T09:00:45.000Z</time>
        <extensions>
          <ns3:TrackPointExtension>
            <ns3:hr>153</ns3:hr>
            <ns3:cad>97</ns3:cad>
          </ns3:TrackPointExtension>
        </extensions>
      </trkpt>
      <trkpt lat="34.2405862547457218170166015625" lon="108.96273292601108551025390625">
        <ele>418</ele>
        <time>2026-03-21T09:00:46.000Z</time>
        <extensions>
          <ns3:TrackPointExtension>
            <ns3:hr>153</ns3:hr>
            <ns3:cad>97</ns3:cad>
          </ns3:TrackPointExtension>
        </extensions>
      </trkpt>
      <trkpt lat="34.24056060612201690673828125" lon="108.9627260528504848480224609375">
        <ele>418</ele>
        <time>2026-03-21T09:00:47.000Z</time>
        <extensions>
          <ns3:TrackPointExtension>
            <ns3:hr>153</ns3:hr>
            <ns3:cad>98</ns3:cad>
          </ns3:TrackPointExtension>
        </extensions>
      </trkpt>
      <trkpt lat="34.24053537659347057342529296875" lon="108.9627237059175968170166015625">
        <ele>418</ele>
        <time>2026-03-21T09:00:48.000Z</time>
        <extensions>
          <ns3:TrackPointExtension>
            <ns3:hr>153</ns3:hr>
            <ns3:cad>98</ns3:cad>
          </ns3:TrackPointExtension>
        </extensions>
      </trkpt>
      <trkpt lat="34.240508638322353363037109375" lon="108.96273560822010040283203125">
        <ele>418</ele>
        <time>2026-03-21T09:00:49.000Z</time>
        <extensions>
          <ns3:TrackPointExtension>
            <ns3:hr>154</ns3:hr>
            <ns3:cad>98</ns3:cad>
          </ns3:TrackPointExtension>
        </extensions>
      </trkpt>
      <trkpt lat="34.24048952758312225341796875" lon="108.9627282321453094482421875">
        <ele>418</ele>
        <time>2026-03-21T09:00:50.000Z</time>
        <extensions>
          <ns3:TrackPointExtension>
            <ns3:hr>154</ns3:hr>
            <ns3:cad>98</ns3:cad>
          </ns3:TrackPointExtension>
        </extensions>
      </trkpt>
      <trkpt lat="34.2404625378549098968505859375" lon="108.96272865124046802520751953125">
        <ele>418</ele>
        <time>2026-03-21T09:00:51.000Z</time>
        <extensions>
          <ns3:TrackPointExtension>
            <ns3:hr>154</ns3:hr>
            <ns3:cad>98</ns3:cad>
          </ns3:TrackPointExtension>
        </extensions>
      </trkpt>
      <trkpt lat="34.240432195365428924560546875" lon="108.96272915415465831756591796875">
        <ele>418</ele>
        <time>2026-03-21T09:00:52.000Z</time>
        <extensions>
          <ns3:TrackPointExtension>
            <ns3:hr>154</ns3:hr>
            <ns3:cad>98</ns3:cad>
          </ns3:TrackPointExtension>
        </extensions>
      </trkpt>
      <trkpt lat="34.24040964804589748382568359375" lon="108.96272446028888225555419921875">
        <ele>418</ele>
        <time>2026-03-21T09:00:53.000Z</time>
        <extensions>
          <ns3:TrackPointExtension>
            <ns3:hr>155</ns3:hr>
            <ns3:cad>98</ns3:cad>
          </ns3:TrackPointExtension>
        </extensions>
      </trkpt>
      <trkpt lat="34.2403803952038288116455078125" lon="108.96272714249789714813232421875">
        <ele>418</ele>
        <time>2026-03-21T09:00:54.000Z</time>
        <extensions>
          <ns3:TrackPointExtension>
            <ns3:hr>154</ns3:hr>
            <ns3:cad>98</ns3:cad>
          </ns3:TrackPointExtension>
        </extensions>
      </trkpt>
      <trkpt lat="34.2403518967330455780029296875" lon="108.96273066289722919464111328125">
        <ele>418</ele>
        <time>2026-03-21T09:00:55.000Z</time>
        <extensions>
          <ns3:TrackPointExtension>
            <ns3:hr>155</ns3:hr>
            <ns3:cad>98</ns3:cad>
          </ns3:TrackPointExtension>
        </extensions>
      </trkpt>
      <trkpt lat="34.24033035524189472198486328125" lon="108.96272890269756317138671875">
        <ele>418</ele>
        <time>2026-03-21T09:00:56.000Z</time>
        <extensions>
          <ns3:TrackPointExtension>
            <ns3:hr>155</ns3:hr>
            <ns3:cad>98</ns3:cad>
          </ns3:TrackPointExtension>
        </extensions>
      </trkpt>
      <trkpt lat="34.2402992583811283111572265625" lon="108.96273669786751270294189453125">
        <ele>418</ele>
        <time>2026-03-21T09:00:57.000Z</time>
        <extensions>
          <ns3:TrackPointExtension>
            <ns3:hr>154</ns3:hr>
            <ns3:cad>98</ns3:cad>
          </ns3:TrackPointExtension>
        </extensions>
      </trkpt>
      <trkpt lat="34.2402764596045017242431640625" lon="108.96273820661008358001708984375">
        <ele>418</ele>
        <time>2026-03-21T09:00:58.000Z</time>
        <extensions>
          <ns3:TrackPointExtension>
            <ns3:hr>155</ns3:hr>
            <ns3:cad>98</ns3:cad>
          </ns3:TrackPointExtension>
        </extensions>
      </trkpt>
      <trkpt lat="34.24025307409465312957763671875" lon="108.962748348712921142578125">
        <ele>418</ele>
        <time>2026-03-21T09:00:59.000Z</time>
        <extensions>
          <ns3:TrackPointExtension>
            <ns3:hr>155</ns3:hr>
            <ns3:cad>98</ns3:cad>
          </ns3:TrackPointExtension>
        </extensions>
      </trkpt>
      <trkpt lat="34.24022189341485500335693359375" lon="108.96275849081575870513916015625">
        <ele>417.79998779296875</ele>
        <time>2026-03-21T09:01:00.000Z</time>
        <extensions>
          <ns3:TrackPointExtension>
            <ns3:hr>155</ns3:hr>
            <ns3:cad>98</ns3:cad>
          </ns3:TrackPointExtension>
        </extensions>
      </trkpt>
      <trkpt lat="34.24019792117178440093994140625" lon="108.96275882609188556671142578125">
        <ele>417.79998779296875</ele>
        <time>2026-03-21T09:01:01.000Z</time>
        <extensions>
          <ns3:TrackPointExtension>
            <ns3:hr>154</ns3:hr>
            <ns3:cad>98</ns3:cad>
          </ns3:TrackPointExtension>
        </extensions>
      </trkpt>
      <trkpt lat="34.24016841687262058258056640625" lon="108.9627693034708499908447265625">
        <ele>418</ele>
        <time>2026-03-21T09:01:02.000Z</time>
        <extensions>
          <ns3:TrackPointExtension>
            <ns3:hr>155</ns3:hr>
            <ns3:cad>98</ns3:cad>
          </ns3:TrackPointExtension>
        </extensions>
      </trkpt>
      <trkpt lat="34.2401363141834735870361328125" lon="108.96278296597301959991455078125">
        <ele>418</ele>
        <time>2026-03-21T09:01:03.000Z</time>
        <extensions>
          <ns3:TrackPointExtension>
            <ns3:hr>155</ns3:hr>
            <ns3:cad>98</ns3:cad>
          </ns3:TrackPointExtension>
        </extensions>
      </trkpt>
      <trkpt lat="34.24011158756911754608154296875" lon="108.96279285661876201629638671875">
        <ele>418</ele>
        <time>2026-03-21T09:01:04.000Z</time>
        <extensions>
          <ns3:TrackPointExtension>
            <ns3:hr>155</ns3:hr>
            <ns3:cad>98</ns3:cad>
          </ns3:TrackPointExtension>
        </extensions>
      </trkpt>
      <trkpt lat="34.24008878879249095916748046875" lon="108.962819091975688934326171875">
        <ele>418</ele>
        <time>2026-03-21T09:01:05.000Z</time>
        <extensions>
          <ns3:TrackPointExtension>
            <ns3:hr>154</ns3:hr>
            <ns3:cad>98</ns3:cad>
          </ns3:TrackPointExtension>
        </extensions>
      </trkpt>
      <trkpt lat="34.240066744387149810791015625" lon="108.96283543668687343597412109375">
        <ele>418</ele>
        <time>2026-03-21T09:01:06.000Z</time>
        <extensions>
          <ns3:TrackPointExtension>
            <ns3:hr>154</ns3:hr>
            <ns3:cad>98</ns3:cad>
          </ns3:TrackPointExtension>
        </extensions>
      </trkpt>
      <trkpt lat="34.24004738219082355499267578125" lon="108.96285387687385082244873046875">
        <ele>418</ele>
        <time>2026-03-21T09:01:07.000Z</time>
        <extensions>
          <ns3:TrackPointExtension>
            <ns3:hr>154</ns3:hr>
            <ns3:cad>98</ns3:cad>
          </ns3:TrackPointExtension>
        </extensions>
      </trkpt>
      <trkpt lat="34.2400266788899898529052734375" lon="108.96287818439304828643798828125">
        <ele>418</ele>
        <time>2026-03-21T09:01:08.000Z</time>
        <extensions>
          <ns3:TrackPointExtension>
            <ns3:hr>154</ns3:hr>
            <ns3:cad>98</ns3:cad>
          </ns3:TrackPointExtension>
        </extensions>
      </trkpt>
      <trkpt lat="34.2400072328746318817138671875" lon="108.9628879912197589874267578125">
        <ele>418</ele>
        <time>2026-03-21T09:01:09.000Z</time>
        <extensions>
          <ns3:TrackPointExtension>
            <ns3:hr>153</ns3:hr>
            <ns3:cad>98</ns3:cad>
          </ns3:TrackPointExtension>
        </extensions>
      </trkpt>
      <trkpt lat="34.2399894632399082183837890625" lon="108.9629117958247661590576171875">
        <ele>418</ele>
        <time>2026-03-21T09:01:10.000Z</time>
        <extensions>
          <ns3:TrackPointExtension>
            <ns3:hr>153</ns3:hr>
            <ns3:cad>96</ns3:cad>
          </ns3:TrackPointExtension>
        </extensions>
      </trkpt>
      <trkpt lat="34.23997328616678714752197265625" lon="108.9629446528851985931396484375">
        <ele>418</ele>
        <time>2026-03-21T09:01:11.000Z</time>
        <extensions>
          <ns3:TrackPointExtension>
            <ns3:hr>152</ns3:hr>
            <ns3:cad>96</ns3:cad>
          </ns3:TrackPointExtension>
        </extensions>
      </trkpt>
      <trkpt lat="34.23995803110301494598388671875" lon="108.962967284023761749267578125">
        <ele>418</ele>
        <time>2026-03-21T09:01:12.000Z</time>
        <extensions>
          <ns3:TrackPointExtension>
            <ns3:hr>152</ns3:hr>
            <ns3:cad>96</ns3:cad>
          </ns3:TrackPointExtension>
        </extensions>
      </trkpt>
      <trkpt lat="34.23994914628565311431884765625" lon="108.96300441585481166839599609375">
        <ele>418</ele>
        <time>2026-03-21T09:01:13.000Z</time>
        <extensions>
          <ns3:TrackPointExtension>
            <ns3:hr>152</ns3:hr>
            <ns3:cad>97</ns3:cad>
          </ns3:TrackPointExtension>
        </extensions>
      </trkpt>
      <trkpt lat="34.23993724398314952850341796875" lon="108.96302972920238971710205078125">
        <ele>418</ele>
        <time>2026-03-21T09:01:14.000Z</time>
        <extensions>
          <ns3:TrackPointExtension>
            <ns3:hr>152</ns3:hr>
            <ns3:cad>97</ns3:cad>
          </ns3:TrackPointExtension>
        </extensions>
      </trkpt>
      <trkpt lat="34.239931963384151458740234375" lon="108.96305881440639495849609375">
        <ele>418</ele>
        <time>2026-03-21T09:01:15.000Z</time>
        <extensions>
          <ns3:TrackPointExtension>
            <ns3:hr>152</ns3:hr>
            <ns3:cad>97</ns3:cad>
          </ns3:TrackPointExtension>
        </extensions>
      </trkpt>
      <trkpt lat="34.23992668278515338897705078125" lon="108.963100053369998931884765625">
        <ele>418</ele>
        <time>2026-03-21T09:01:16.000Z</time>
        <extensions>
          <ns3:TrackPointExtension>
            <ns3:hr>152</ns3:hr>
            <ns3:cad>97</ns3:cad>
          </ns3:TrackPointExtension>
        </extensions>
      </trkpt>
      <trkpt lat="34.23991763032972812652587890625" lon="108.9631273783743381500244140625">
        <ele>418</ele>
        <time>2026-03-21T09:01:17.000Z</time>
        <extensions>
          <ns3:TrackPointExtension>
            <ns3:hr>151</ns3:hr>
            <ns3:cad>97</ns3:cad>
          </ns3:TrackPointExtension>
        </extensions>
      </trkpt>
      <trkpt lat="34.23991712741553783416748046875" lon="108.963167779147624969482421875">
        <ele>418</ele>
        <time>2026-03-21T09:01:18.000Z</time>
        <extensions>
          <ns3:TrackPointExtension>
            <ns3:hr>151</ns3:hr>
            <ns3:cad>97</ns3:cad>
          </ns3:TrackPointExtension>
        </extensions>
      </trkpt>
      <trkpt lat="34.23991243354976177215576171875" lon="108.963204659521579742431640625">
        <ele>418</ele>
        <time>2026-03-21T09:01:19.000Z</time>
        <extensions>
          <ns3:TrackPointExtension>
            <ns3:hr>151</ns3:hr>
            <ns3:cad>97</ns3:cad>
          </ns3:TrackPointExtension>
        </extensions>
      </trkpt>
      <trkpt lat="34.23990958370268344879150390625" lon="108.96323441527783870697021484375">
        <ele>418</ele>
        <time>2026-03-21T09:01:20.000Z</time>
        <extensions>
          <ns3:TrackPointExtension>
            <ns3:hr>152</ns3:hr>
            <ns3:cad>97</ns3:cad>
          </ns3:TrackPointExtension>
        </extensions>
      </trkpt>
      <trkpt lat="34.23991343937814235687255859375" lon="108.96327607333660125732421875">
        <ele>418</ele>
        <time>2026-03-21T09:01:21.000Z</time>
        <extensions>
          <ns3:TrackPointExtension>
            <ns3:hr>151</ns3:hr>
            <ns3:cad>97</ns3:cad>
          </ns3:TrackPointExtension>
        </extensions>
      </trkpt>
      <trkpt lat="34.23991260118782520294189453125" lon="108.96330834366381168365478515625">
        <ele>418</ele>
        <time>2026-03-21T09:01:22.000Z</time>
        <extensions>
          <ns3:TrackPointExtension>
            <ns3:hr>151</ns3:hr>
            <ns3:cad>96</ns3:cad>
          </ns3:TrackPointExtension>
        </extensions>
      </trkpt>
      <trkpt lat="34.23991712741553783416748046875" lon="108.9633406139910221099853515625">
        <ele>418</ele>
        <time>2026-03-21T09:01:23.000Z</time>
        <extensions>
          <ns3:TrackPointExtension>
            <ns3:hr>151</ns3:hr>
            <ns3:cad>96</ns3:cad>
          </ns3:TrackPointExtension>
        </extensions>
      </trkpt>
      <trkpt lat="34.2399274371564388275146484375" lon="108.96337841637432575225830078125">
        <ele>418</ele>
        <time>2026-03-21T09:01:24.000Z</time>
        <extensions>
          <ns3:TrackPointExtension>
            <ns3:hr>151</ns3:hr>
            <ns3:cad>96</ns3:cad>
          </ns3:TrackPointExtension>
        </extensions>
      </trkpt>
      <trkpt lat="34.23992668278515338897705078125" lon="108.96340548992156982421875">
        <ele>418</ele>
        <time>2026-03-21T09:01:25.000Z</time>
        <extensions>
          <ns3:TrackPointExtension>
            <ns3:hr>150</ns3:hr>
            <ns3:cad>96</ns3:cad>
          </ns3:TrackPointExtension>
        </extensions>
      </trkpt>
      <trkpt lat="34.23994101583957672119140625" lon="108.9634390175342559814453125">
        <ele>418</ele>
        <time>2026-03-21T09:01:26.000Z</time>
        <extensions>
          <ns3:TrackPointExtension>
            <ns3:hr>150</ns3:hr>
            <ns3:cad>96</ns3:cad>
          </ns3:TrackPointExtension>
        </extensions>
      </trkpt>
      <trkpt lat="34.239950738847255706787109375" lon="108.96346910856664180755615234375">
        <ele>418</ele>
        <time>2026-03-21T09:01:27.000Z</time>
        <extensions>
          <ns3:TrackPointExtension>
            <ns3:hr>150</ns3:hr>
            <ns3:cad>96</ns3:cad>
          </ns3:TrackPointExtension>
        </extensions>
      </trkpt>
      <trkpt lat="34.23995568417012691497802734375" lon="108.96349609829485416412353515625">
        <ele>418</ele>
        <time>2026-03-21T09:01:28.000Z</time>
        <extensions>
          <ns3:TrackPointExtension>
            <ns3:hr>150</ns3:hr>
            <ns3:cad>96</ns3:cad>
          </ns3:TrackPointExtension>
        </extensions>
      </trkpt>
      <trkpt lat="34.239976219832897186279296875" lon="108.9635297097265720367431640625">
        <ele>418</ele>
        <time>2026-03-21T09:01:29.000Z</time>
        <extensions>
          <ns3:TrackPointExtension>
            <ns3:hr>149</ns3:hr>
            <ns3:cad>96</ns3:cad>
          </ns3:TrackPointExtension>
        </extensions>
      </trkpt>
      <trkpt lat="34.23998619429767131805419921875" lon="108.963556028902530670166015625">
        <ele>418</ele>
        <time>2026-03-21T09:01:30.000Z</time>
        <extensions>
          <ns3:TrackPointExtension>
            <ns3:hr>149</ns3:hr>
            <ns3:cad>96</ns3:cad>
          </ns3:TrackPointExtension>
        </extensions>
      </trkpt>
      <trkpt lat="34.2400006949901580810546875" lon="108.9635843597352504730224609375">
        <ele>418</ele>
        <time>2026-03-21T09:01:31.000Z</time>
        <extensions>
          <ns3:TrackPointExtension>
            <ns3:hr>149</ns3:hr>
            <ns3:cad>97</ns3:cad>
          </ns3:TrackPointExtension>
        </extensions>
      </trkpt>
      <trkpt lat="34.2400203086435794830322265625" lon="108.9636141993105411529541015625">
        <ele>418</ele>
        <time>2026-03-21T09:01:32.000Z</time>
        <extensions>
          <ns3:TrackPointExtension>
            <ns3:hr>150</ns3:hr>
            <ns3:cad>98</ns3:cad>
          </ns3:TrackPointExtension>
        </extensions>
      </trkpt>
      <trkpt lat="34.24003086984157562255859375" lon="108.96363414824008941650390625">
        <ele>417.79998779296875</ele>
        <time>2026-03-21T09:01:33.000Z</time>
        <extensions>
          <ns3:TrackPointExtension>
            <ns3:hr>149</ns3:hr>
            <ns3:cad>98</ns3:cad>
          </ns3:TrackPointExtension>
        </extensions>
      </trkpt>
      <trkpt lat="34.24005576409399509429931640625" lon="108.96365535445511341094970703125">
        <ele>417.79998779296875</ele>
        <time>2026-03-21T09:01:34.000Z</time>
        <extensions>
          <ns3:TrackPointExtension>
            <ns3:hr>149</ns3:hr>
            <ns3:cad>97</ns3:cad>
          </ns3:TrackPointExtension>
        </extensions>
      </trkpt>
      <trkpt lat="34.2400769703090190887451171875" lon="108.9636752195656299591064453125">
        <ele>417.79998779296875</ele>
        <time>2026-03-21T09:01:35.000Z</time>
        <extensions>
          <ns3:TrackPointExtension>
            <ns3:hr>149</ns3:hr>
            <ns3:cad>97</ns3:cad>
          </ns3:TrackPointExtension>
        </extensions>
      </trkpt>
      <trkpt lat="34.24009130336344242095947265625" lon="108.9636919833719730377197265625">
        <ele>417.79998779296875</ele>
        <time>2026-03-21T09:01:36.000Z</time>
        <extensions>
          <ns3:TrackPointExtension>
            <ns3:hr>148</ns3:hr>
            <ns3:cad>97</ns3:cad>
          </ns3:TrackPointExtension>
        </extensions>
      </trkpt>
      <trkpt lat="34.240121729671955108642578125" lon="108.9637070707976818084716796875">
        <ele>417.79998779296875</ele>
        <time>2026-03-21T09:01:37.000Z</time>
        <extensions>
          <ns3:TrackPointExtension>
            <ns3:hr>149</ns3:hr>
            <ns3:cad>97</ns3:cad>
          </ns3:TrackPointExtension>
        </extensions>
      </trkpt>
      <trkpt lat="34.2401403374969959259033203125" lon="108.963725678622722625732421875">
        <ele>417.79998779296875</ele>
        <time>2026-03-21T09:01:38.000Z</time>
        <extensions>
          <ns3:TrackPointExtension>
            <ns3:hr>149</ns3:hr>
            <ns3:cad>97</ns3:cad>
          </ns3:TrackPointExtension>
        </extensions>
      </trkpt>
      <trkpt lat="34.2401658184826374053955078125" lon="108.96373246796429157257080078125">
        <ele>417.79998779296875</ele>
        <time>2026-03-21T09:01:39.000Z</time>
        <extensions>
          <ns3:TrackPointExtension>
            <ns3:hr>149</ns3:hr>
            <ns3:cad>97</ns3:cad>
          </ns3:TrackPointExtension>
        </extensions>
      </trkpt>
      <trkpt lat="34.24020093865692615509033203125" lon="108.963738419115543365478515625">
        <ele>417.79998779296875</ele>
        <time>2026-03-21T09:01:40.000Z</time>
        <extensions>
          <ns3:TrackPointExtension>
            <ns3:hr>148</ns3:hr>
            <ns3:cad>97</ns3:cad>
          </ns3:TrackPointExtension>
        </extensions>
      </trkpt>
      <trkpt lat="34.2402260005474090576171875" lon="108.96375023759901523590087890625">
        <ele>417.79998779296875</ele>
        <time>2026-03-21T09:01:41.000Z</time>
        <extensions>
          <ns3:TrackPointExtension>
            <ns3:hr>149</ns3:hr>
            <ns3:cad>97</ns3:cad>
          </ns3:TrackPointExtension>
        </extensions>
      </trkpt>
      <trkpt lat="34.24025617539882659912109375" lon="108.96375090815126895904541015625">
        <ele>417.79998779296875</ele>
        <time>2026-03-21T09:01:42.000Z</time>
        <extensions>
          <ns3:TrackPointExtension>
            <ns3:hr>148</ns3:hr>
            <ns3:cad>97</ns3:cad>
          </ns3:TrackPointExtension>
        </extensions>
      </trkpt>
      <trkpt lat="34.2402878589928150177001953125" lon="108.9637489803135395050048828125">
        <ele>417.79998779296875</ele>
        <time>2026-03-21T09:01:43.000Z</time>
        <extensions>
          <ns3:TrackPointExtension>
            <ns3:hr>148</ns3:hr>
            <ns3:cad>97</ns3:cad>
          </ns3:TrackPointExtension>
        </extensions>
      </trkpt>
      <trkpt lat="34.24031124450266361236572265625" lon="108.963754512369632720947265625">
        <ele>417.600006103515625</ele>
        <time>2026-03-21T09:01:44.000Z</time>
        <extensions>
          <ns3:TrackPointExtension>
            <ns3:hr>148</ns3:hr>
            <ns3:cad>97</ns3:cad>
          </ns3:TrackPointExtension>
        </extensions>
      </trkpt>
      <trkpt lat="34.24034493975341320037841796875" lon="108.96374973468482494354248046875">
        <ele>417.600006103515625</ele>
        <time>2026-03-21T09:01:45.000Z</time>
        <extensions>
          <ns3:TrackPointExtension>
            <ns3:hr>149</ns3:hr>
            <ns3:cad>97</ns3:cad>
          </ns3:TrackPointExtension>
        </extensions>
      </trkpt>
      <trkpt lat="34.24036907963454723358154296875" lon="108.96375576965510845184326171875">
        <ele>417.600006103515625</ele>
        <time>2026-03-21T09:01:46.000Z</time>
        <extensions>
          <ns3:TrackPointExtension>
            <ns3:hr>148</ns3:hr>
            <ns3:cad>97</ns3:cad>
          </ns3:TrackPointExtension>
        </extensions>
      </trkpt>
      <trkpt lat="34.24039908684790134429931640625" lon="108.9637519977986812591552734375">
        <ele>417.600006103515625</ele>
        <time>2026-03-21T09:01:47.000Z</time>
        <extensions>
          <ns3:TrackPointExtension>
            <ns3:hr>149</ns3:hr>
            <ns3:cad>97</ns3:cad>
          </ns3:TrackPointExtension>
        </extensions>
      </trkpt>
      <trkpt lat="34.240429513156414031982421875" lon="108.96374772302806377410888671875">
        <ele>417.79998779296875</ele>
        <time>2026-03-21T09:01:48.000Z</time>
        <extensions>
          <ns3:TrackPointExtension>
            <ns3:hr>149</ns3:hr>
            <ns3:cad>97</ns3:cad>
          </ns3:TrackPointExtension>
        </extensions>
      </trkpt>
      <trkpt lat="34.24045641906559467315673828125" lon="108.96375224925577640533447265625">
        <ele>417.79998779296875</ele>
        <time>2026-03-21T09:01:49.000Z</time>
        <extensions>
          <ns3:TrackPointExtension>
            <ns3:hr>150</ns3:hr>
            <ns3:cad>98</ns3:cad>
          </ns3:TrackPointExtension>
        </extensions>
      </trkpt>
      <trkpt lat="34.2404866777360439300537109375" lon="108.96375208161771297454833984375">
        <ele>417.79998779296875</ele>
        <time>2026-03-21T09:01:50.000Z</time>
        <extensions>
          <ns3:TrackPointExtension>
            <ns3:hr>150</ns3:hr>
            <ns3:cad>99</ns3:cad>
          </ns3:TrackPointExtension>
        </extensions>
      </trkpt>
      <trkpt lat="34.24051509238779544830322265625" lon="108.963751830160617828369140625">
        <ele>417.79998779296875</ele>
        <time>2026-03-21T09:01:51.000Z</time>
        <extensions>
          <ns3:TrackPointExtension>
            <ns3:hr>150</ns3:hr>
            <ns3:cad>99</ns3:cad>
          </ns3:TrackPointExtension>
        </extensions>
      </trkpt>
      <trkpt lat="34.24054141156375408172607421875" lon="108.96375861950218677520751953125">
        <ele>417.79998779296875</ele>
        <time>2026-03-21T09:01:52.000Z</time>
        <extensions>
          <ns3:TrackPointExtension>
            <ns3:hr>150</ns3:hr>
            <ns3:cad>99</ns3:cad>
          </ns3:TrackPointExtension>
        </extensions>
      </trkpt>
      <trkpt lat="34.24057611264288425445556640625" lon="108.96375954151153564453125">
        <ele>417.79998779296875</ele>
        <time>2026-03-21T09:01:53.000Z</time>
        <extensions>
          <ns3:TrackPointExtension>
            <ns3:hr>151</ns3:hr>
            <ns3:cad>99</ns3:cad>
          </ns3:TrackPointExtension>
        </extensions>
      </trkpt>
      <trkpt lat="34.2406063713133335113525390625" lon="108.963761888444423675537109375">
        <ele>417.79998779296875</ele>
        <time>2026-03-21T09:01:54.000Z</time>
        <extensions>
          <ns3:TrackPointExtension>
            <ns3:hr>151</ns3:hr>
            <ns3:cad>98</ns3:cad>
          </ns3:TrackPointExtension>
        </extensions>
      </trkpt>
      <trkpt lat="34.240632690489292144775390625" lon="108.9637600444257259368896484375">
        <ele>417.79998779296875</ele>
        <time>2026-03-21T09:01:55.000Z</time>
        <extensions>
          <ns3:TrackPointExtension>
            <ns3:hr>151</ns3:hr>
            <ns3:cad>98</ns3:cad>
          </ns3:TrackPointExtension>
        </extensions>
      </trkpt>
      <trkpt lat="34.24066529609262943267822265625" lon="108.96375459618866443634033203125">
        <ele>417.79998779296875</ele>
        <time>2026-03-21T09:01:56.000Z</time>
        <extensions>
          <ns3:TrackPointExtension>
            <ns3:hr>151</ns3:hr>
            <ns3:cad>98</ns3:cad>
          </ns3:TrackPointExtension>
        </extensions>
      </trkpt>
      <trkpt lat="34.24068926833570003509521484375" lon="108.96375794894993305206298828125">
        <ele>417.79998779296875</ele>
        <time>2026-03-21T09:01:57.000Z</time>
        <extensions>
          <ns3:TrackPointExtension>
            <ns3:hr>152</ns3:hr>
            <ns3:cad>98</ns3:cad>
          </ns3:TrackPointExtension>
        </extensions>
      </trkpt>
      <trkpt lat="34.24071307294070720672607421875" lon="108.96375442855060100555419921875">
        <ele>417.79998779296875</ele>
        <time>2026-03-21T09:01:58.000Z</time>
        <extensions>
          <ns3:TrackPointExtension>
            <ns3:hr>152</ns3:hr>
            <ns3:cad>99</ns3:cad>
          </ns3:TrackPointExtension>
        </extensions>
      </trkpt>
      <trkpt lat="34.24073872156441211700439453125" lon="108.96375057287514209747314453125">
        <ele>417.79998779296875</ele>
        <time>2026-03-21T09:01:59.000Z</time>
        <extensions>
          <ns3:TrackPointExtension>
            <ns3:hr>152</ns3:hr>
            <ns3:cad>99</ns3:cad>
          </ns3:TrackPointExtension>
        </extensions>
      </trkpt>
      <trkpt lat="34.240760765969753265380859375" lon="108.96374956704676151275634765625">
        <ele>417.79998779296875</ele>
        <time>2026-03-21T09:02:00.000Z</time>
        <extensions>
          <ns3:TrackPointExtension>
            <ns3:hr>152</ns3:hr>
            <ns3:cad>99</ns3:cad>
          </ns3:TrackPointExtension>
        </extensions>
      </trkpt>
      <trkpt lat="34.24079119227826595306396484375" lon="108.96374822594225406646728515625">
        <ele>417.79998779296875</ele>
        <time>2026-03-21T09:02:01.000Z</time>
        <extensions>
          <ns3:TrackPointExtension>
            <ns3:hr>152</ns3:hr>
            <ns3:cad>99</ns3:cad>
          </ns3:TrackPointExtension>
        </extensions>
      </trkpt>
      <trkpt lat="34.24081700854003429412841796875" lon="108.9637483097612857818603515625">
        <ele>417.79998779296875</ele>
        <time>2026-03-21T09:02:02.000Z</time>
        <extensions>
          <ns3:TrackPointExtension>
            <ns3:hr>152</ns3:hr>
            <ns3:cad>97</ns3:cad>
          </ns3:TrackPointExtension>
        </extensions>
      </trkpt>
      <trkpt lat="34.24084416590631008148193359375" lon="108.963749818503856658935546875">
        <ele>417.79998779296875</ele>
        <time>2026-03-21T09:02:03.000Z</time>
        <extensions>
          <ns3:TrackPointExtension>
            <ns3:hr>153</ns3:hr>
            <ns3:cad>98</ns3:cad>
          </ns3:TrackPointExtension>
        </extensions>
      </trkpt>
      <trkpt lat="34.24087350256741046905517578125" lon="108.96374437026679515838623046875">
        <ele>417.79998779296875</ele>
        <time>2026-03-21T09:02:04.000Z</time>
        <extensions>
          <ns3:TrackPointExtension>
            <ns3:hr>152</ns3:hr>
            <ns3:cad>98</ns3:cad>
          </ns3:TrackPointExtension>
        </extensions>
      </trkpt>
      <trkpt lat="34.2408987320959568023681640625" lon="108.96374822594225406646728515625">
        <ele>417.79998779296875</ele>
        <time>2026-03-21T09:02:05.000Z</time>
        <extensions>
          <ns3:TrackPointExtension>
            <ns3:hr>152</ns3:hr>
            <ns3:cad>98</ns3:cad>
          </ns3:TrackPointExtension>
        </extensions>
      </trkpt>
      <trkpt lat="34.2409245483577251434326171875" lon="108.96375006996095180511474609375">
        <ele>417.600006103515625</ele>
        <time>2026-03-21T09:02:06.000Z</time>
        <extensions>
          <ns3:TrackPointExtension>
            <ns3:hr>152</ns3:hr>
            <ns3:cad>98</ns3:cad>
          </ns3:TrackPointExtension>
        </extensions>
      </trkpt>
      <trkpt lat="34.2409540526568889617919921875" lon="108.963749818503856658935546875">
        <ele>417.600006103515625</ele>
        <time>2026-03-21T09:02:07.000Z</time>
        <extensions>
          <ns3:TrackPointExtension>
            <ns3:hr>152</ns3:hr>
            <ns3:cad>98</ns3:cad>
          </ns3:TrackPointExtension>
        </extensions>
      </trkpt>
      <trkpt lat="34.2409805394709110260009765625" lon="108.9637503214180469512939453125">
        <ele>417.600006103515625</ele>
        <time>2026-03-21T09:02:08.000Z</time>
        <extensions>
          <ns3:TrackPointExtension>
            <ns3:hr>152</ns3:hr>
            <ns3:cad>98</ns3:cad>
          </ns3:TrackPointExtension>
        </extensions>
      </trkpt>
      <trkpt lat="34.2410103790462017059326171875" lon="108.96374889649450778961181640625">
        <ele>417.600006103515625</ele>
        <time>2026-03-21T09:02:09.000Z</time>
        <extensions>
          <ns3:TrackPointExtension>
            <ns3:hr>152</ns3:hr>
            <ns3:cad>98</ns3:cad>
          </ns3:TrackPointExtension>
        </extensions>
      </trkpt>
      <trkpt lat="34.241036362946033477783203125" lon="108.963749818503856658935546875">
        <ele>417.600006103515625</ele>
        <time>2026-03-21T09:02:10.000Z</time>
        <extensions>
          <ns3:TrackPointExtension>
            <ns3:hr>152</ns3:hr>
            <ns3:cad>98</ns3:cad>
          </ns3:TrackPointExtension>
        </extensions>
      </trkpt>
      <trkpt lat="34.24106377176940441131591796875" lon="108.963754177093505859375">
        <ele>417.600006103515625</ele>
        <time>2026-03-21T09:02:11.000Z</time>
        <extensions>
          <ns3:TrackPointExtension>
            <ns3:hr>151</ns3:hr>
            <ns3:cad>98</ns3:cad>
          </ns3:TrackPointExtension>
        </extensions>
      </trkpt>
      <trkpt lat="34.24109302461147308349609375" lon="108.963755182921886444091796875">
        <ele>417.600006103515625</ele>
        <time>2026-03-21T09:02:12.000Z</time>
        <extensions>
          <ns3:TrackPointExtension>
            <ns3:hr>152</ns3:hr>
            <ns3:cad>98</ns3:cad>
          </ns3:TrackPointExtension>
        </extensions>
      </trkpt>
      <trkpt lat="34.24112143926322460174560546875" lon="108.96375694312155246734619140625">
        <ele>417.79998779296875</ele>
        <time>2026-03-21T09:02:13.000Z</time>
        <extensions>
          <ns3:TrackPointExtension>
            <ns3:hr>152</ns3:hr>
            <ns3:cad>98</ns3:cad>
          </ns3:TrackPointExtension>
        </extensions>
      </trkpt>
      <trkpt lat="34.24115060828626155853271484375" lon="108.96375006996095180511474609375">
        <ele>417.79998779296875</ele>
        <time>2026-03-21T09:02:14.000Z</time>
        <extensions>
          <ns3:TrackPointExtension>
            <ns3:hr>152</ns3:hr>
            <ns3:cad>98</ns3:cad>
          </ns3:TrackPointExtension>
        </extensions>
      </trkpt>
      <trkpt lat="34.24117575399577617645263671875" lon="108.96373875439167022705078125">
        <ele>417.79998779296875</ele>
        <time>2026-03-21T09:02:15.000Z</time>
        <extensions>
          <ns3:TrackPointExtension>
            <ns3:hr>152</ns3:hr>
            <ns3:cad>98</ns3:cad>
          </ns3:TrackPointExtension>
        </extensions>
      </trkpt>
      <trkpt lat="34.24120056442916393280029296875" lon="108.96373079158365726470947265625">
        <ele>417.79998779296875</ele>
        <time>2026-03-21T09:02:16.000Z</time>
        <extensions>
          <ns3:TrackPointExtension>
            <ns3:hr>152</ns3:hr>
            <ns3:cad>97</ns3:cad>
          </ns3:TrackPointExtension>
        </extensions>
      </trkpt>
      <trkpt lat="34.24122705124318599700927734375" lon="108.96371654234826564788818359375">
        <ele>417.79998779296875</ele>
        <time>2026-03-21T09:02:17.000Z</time>
        <extensions>
          <ns3:TrackPointExtension>
            <ns3:hr>153</ns3:hr>
            <ns3:cad>96</ns3:cad>
          </ns3:TrackPointExtension>
        </extensions>
      </trkpt>
      <trkpt lat="34.24125571735203266143798828125" lon="108.9637020416557788848876953125">
        <ele>417.600006103515625</ele>
        <time>2026-03-21T09:02:18.000Z</time>
        <extensions>
          <ns3:TrackPointExtension>
            <ns3:hr>153</ns3:hr>
            <ns3:cad>96</ns3:cad>
          </ns3:TrackPointExtension>
        </extensions>
      </trkpt>
      <trkpt lat="34.24127851612865924835205078125" lon="108.96369139663875102996826171875">
        <ele>417.600006103515625</ele>
        <time>2026-03-21T09:02:19.000Z</time>
        <extensions>
          <ns3:TrackPointExtension>
            <ns3:hr>153</ns3:hr>
            <ns3:cad>96</ns3:cad>
          </ns3:TrackPointExtension>
        </extensions>
      </trkpt>
      <trkpt lat="34.241307936608791351318359375" lon="108.963668681681156158447265625">
        <ele>417.600006103515625</ele>
        <time>2026-03-21T09:02:20.000Z</time>
        <extensions>
          <ns3:TrackPointExtension>
            <ns3:hr>153</ns3:hr>
            <ns3:cad>96</ns3:cad>
          </ns3:TrackPointExtension>
        </extensions>
      </trkpt>
      <trkpt lat="34.24133383668959140777587890625" lon="108.96365049295127391815185546875">
        <ele>417.600006103515625</ele>
        <time>2026-03-21T09:02:21.000Z</time>
        <extensions>
          <ns3:TrackPointExtension>
            <ns3:hr>153</ns3:hr>
            <ns3:cad>97</ns3:cad>
          </ns3:TrackPointExtension>
        </extensions>
      </trkpt>
      <trkpt lat="34.24135529436171054840087890625" lon="108.963631130754947662353515625">
        <ele>417.600006103515625</ele>
        <time>2026-03-21T09:02:22.000Z</time>
        <extensions>
          <ns3:TrackPointExtension>
            <ns3:hr>153</ns3:hr>
            <ns3:cad>97</ns3:cad>
          </ns3:TrackPointExtension>
        </extensions>
      </trkpt>
      <trkpt lat="34.24137909896671772003173828125" lon="108.963602297008037567138671875">
        <ele>417.600006103515625</ele>
        <time>2026-03-21T09:02:23.000Z</time>
        <extensions>
          <ns3:TrackPointExtension>
            <ns3:hr>153</ns3:hr>
            <ns3:cad>97</ns3:cad>
          </ns3:TrackPointExtension>
        </extensions>
      </trkpt>
      <trkpt lat="34.24139888025820255279541015625" lon="108.9635823480784893035888671875">
        <ele>417.600006103515625</ele>
        <time>2026-03-21T09:02:24.000Z</time>
        <extensions>
          <ns3:TrackPointExtension>
            <ns3:hr>153</ns3:hr>
            <ns3:cad>97</ns3:cad>
          </ns3:TrackPointExtension>
        </extensions>
      </trkpt>
      <trkpt lat="34.2414163984358310699462890625" lon="108.96355544216930866241455078125">
        <ele>417.600006103515625</ele>
        <time>2026-03-21T09:02:25.000Z</time>
        <extensions>
          <ns3:TrackPointExtension>
            <ns3:hr>153</ns3:hr>
            <ns3:cad>98</ns3:cad>
          </ns3:TrackPointExtension>
        </extensions>
      </trkpt>
      <trkpt lat="34.24143324606120586395263671875" lon="108.96352342329919338226318359375">
        <ele>417.600006103515625</ele>
        <time>2026-03-21T09:02:26.000Z</time>
        <extensions>
          <ns3:TrackPointExtension>
            <ns3:hr>153</ns3:hr>
            <ns3:cad>98</ns3:cad>
          </ns3:TrackPointExtension>
        </extensions>
      </trkpt>
      <trkpt lat="34.2414490878582000732421875" lon="108.96350146271288394927978515625">
        <ele>417.600006103515625</ele>
        <time>2026-03-21T09:02:27.000Z</time>
        <extensions>
          <ns3:TrackPointExtension>
            <ns3:hr>153</ns3:hr>
            <ns3:cad>97</ns3:cad>
          </ns3:TrackPointExtension>
        </extensions>
      </trkpt>
      <trkpt lat="34.2414569668471813201904296875" lon="108.9634631574153900146484375">
        <ele>417.600006103515625</ele>
        <time>2026-03-21T09:02:28.000Z</time>
        <extensions>
          <ns3:TrackPointExtension>
            <ns3:hr>153</ns3:hr>
            <ns3:cad>97</ns3:cad>
          </ns3:TrackPointExtension>
        </extensions>
      </trkpt>
      <trkpt lat="34.241467528045177459716796875" lon="108.963431976735591888427734375">
        <ele>417.600006103515625</ele>
        <time>2026-03-21T09:02:29.000Z</time>
        <extensions>
          <ns3:TrackPointExtension>
            <ns3:hr>154</ns3:hr>
            <ns3:cad>97</ns3:cad>
          </ns3:TrackPointExtension>
        </extensions>
      </trkpt>
      <trkpt lat="34.24147280864417552947998046875" lon="108.963399119675159454345703125">
        <ele>417.600006103515625</ele>
        <time>2026-03-21T09:02:30.000Z</time>
        <extensions>
          <ns3:TrackPointExtension>
            <ns3:hr>154</ns3:hr>
            <ns3:cad>97</ns3:cad>
          </ns3:TrackPointExtension>
        </extensions>
      </trkpt>
      <trkpt lat="34.241482950747013092041015625" lon="108.9633607305586338043212890625">
        <ele>417.600006103515625</ele>
        <time>2026-03-21T09:02:31.000Z</time>
        <extensions>
          <ns3:TrackPointExtension>
            <ns3:hr>154</ns3:hr>
            <ns3:cad>98</ns3:cad>
          </ns3:TrackPointExtension>
        </extensions>
      </trkpt>
      <trkpt lat="34.24148999154567718505859375" lon="108.9633315615355968475341796875">
        <ele>417.600006103515625</ele>
        <time>2026-03-21T09:02:32.000Z</time>
        <extensions>
          <ns3:TrackPointExtension>
            <ns3:hr>154</ns3:hr>
            <ns3:cad>98</ns3:cad>
          </ns3:TrackPointExtension>
        </extensions>
      </trkpt>
      <trkpt lat="34.24149292521178722381591796875" lon="108.9632919989526271820068359375">
        <ele>417.600006103515625</ele>
        <time>2026-03-21T09:02:33.000Z</time>
        <extensions>
          <ns3:TrackPointExtension>
            <ns3:hr>154</ns3:hr>
            <ns3:cad>97</ns3:cad>
          </ns3:TrackPointExtension>
        </extensions>
      </trkpt>
      <trkpt lat="34.241496361792087554931640625" lon="108.96325469948351383209228515625">
        <ele>417.600006103515625</ele>
        <time>2026-03-21T09:02:34.000Z</time>
        <extensions>
          <ns3:TrackPointExtension>
            <ns3:hr>154</ns3:hr>
            <ns3:cad>97</ns3:cad>
          </ns3:TrackPointExtension>
        </extensions>
      </trkpt>
      <trkpt lat="34.24149803817272186279296875" lon="108.9632209204137325286865234375">
        <ele>417.600006103515625</ele>
        <time>2026-03-21T09:02:35.000Z</time>
        <extensions>
          <ns3:TrackPointExtension>
            <ns3:hr>154</ns3:hr>
            <ns3:cad>97</ns3:cad>
          </ns3:TrackPointExtension>
        </extensions>
      </trkpt>
      <trkpt lat="34.2414928413927555084228515625" lon="108.9631837047636508941650390625">
        <ele>417.600006103515625</ele>
        <time>2026-03-21T09:02:36.000Z</time>
        <extensions>
          <ns3:TrackPointExtension>
            <ns3:hr>154</ns3:hr>
            <ns3:cad>97</ns3:cad>
          </ns3:TrackPointExtension>
        </extensions>
      </trkpt>
      <trkpt lat="34.241489656269550323486328125" lon="108.9631495065987110137939453125">
        <ele>417.600006103515625</ele>
        <time>2026-03-21T09:02:37.000Z</time>
        <extensions>
          <ns3:TrackPointExtension>
            <ns3:hr>153</ns3:hr>
            <ns3:cad>97</ns3:cad>
          </ns3:TrackPointExtension>
        </extensions>
      </trkpt>
      <trkpt lat="34.24148596823215484619140625" lon="108.96311924792826175689697265625">
        <ele>417.600006103515625</ele>
        <time>2026-03-21T09:02:38.000Z</time>
        <extensions>
          <ns3:TrackPointExtension>
            <ns3:hr>153</ns3:hr>
            <ns3:cad>97</ns3:cad>
          </ns3:TrackPointExtension>
        </extensions>
      </trkpt>
      <trkpt lat="34.241474568843841552734375" lon="108.96308136172592639923095703125">
        <ele>417.79998779296875</ele>
        <time>2026-03-21T09:02:39.000Z</time>
        <extensions>
          <ns3:TrackPointExtension>
            <ns3:hr>153</ns3:hr>
            <ns3:cad>97</ns3:cad>
          </ns3:TrackPointExtension>
        </extensions>
      </trkpt>
      <trkpt lat="34.24146543256938457489013671875" lon="108.963051103055477142333984375">
        <ele>417.600006103515625</ele>
        <time>2026-03-21T09:02:40.000Z</time>
        <extensions>
          <ns3:TrackPointExtension>
            <ns3:hr>153</ns3:hr>
            <ns3:cad>97</ns3:cad>
          </ns3:TrackPointExtension>
        </extensions>
      </trkpt>
      <trkpt lat="34.24145646393299102783203125" lon="108.96302335895597934722900390625">
        <ele>417.600006103515625</ele>
        <time>2026-03-21T09:02:41.000Z</time>
        <extensions>
          <ns3:TrackPointExtension>
            <ns3:hr>152</ns3:hr>
            <ns3:cad>99</ns3:cad>
          </ns3:TrackPointExtension>
        </extensions>
      </trkpt>
      <trkpt lat="34.24143911339342594146728515625" lon="108.962986730039119720458984375">
        <ele>417.600006103515625</ele>
        <time>2026-03-21T09:02:42.000Z</time>
        <extensions>
          <ns3:TrackPointExtension>
            <ns3:hr>152</ns3:hr>
            <ns3:cad>99</ns3:cad>
          </ns3:TrackPointExtension>
        </extensions>
      </trkpt>
      <trkpt lat="34.24142771400511264801025390625" lon="108.96295278333127498626708984375">
        <ele>417.79998779296875</ele>
        <time>2026-03-21T09:02:43.000Z</time>
        <extensions>
          <ns3:TrackPointExtension>
            <ns3:hr>152</ns3:hr>
            <ns3:cad>99</ns3:cad>
          </ns3:TrackPointExtension>
        </extensions>
      </trkpt>
      <trkpt lat="34.24140742979943752288818359375" lon="108.9629248715937137603759765625">
        <ele>417.600006103515625</ele>
        <time>2026-03-21T09:02:44.000Z</time>
        <extensions>
          <ns3:TrackPointExtension>
            <ns3:hr>152</ns3:hr>
            <ns3:cad>99</ns3:cad>
          </ns3:TrackPointExtension>
        </extensions>
      </trkpt>
      <trkpt lat="34.24138546921312808990478515625" lon="108.96289427764713764190673828125">
        <ele>417.600006103515625</ele>
        <time>2026-03-21T09:02:45.000Z</time>
        <extensions>
          <ns3:TrackPointExtension>
            <ns3:hr>151</ns3:hr>
            <ns3:cad>99</ns3:cad>
          </ns3:TrackPointExtension>
        </extensions>
      </trkpt>
      <trkpt lat="34.24136837013065814971923828125" lon="108.96287248469889163970947265625">
        <ele>417.600006103515625</ele>
        <time>2026-03-21T09:02:46.000Z</time>
        <extensions>
          <ns3:TrackPointExtension>
            <ns3:hr>151</ns3:hr>
            <ns3:cad>97</ns3:cad>
          </ns3:TrackPointExtension>
        </extensions>
      </trkpt>
      <trkpt lat="34.24134314060211181640625" lon="108.9628480933606624603271484375">
        <ele>417.600006103515625</ele>
        <time>2026-03-21T09:02:47.000Z</time>
        <extensions>
          <ns3:TrackPointExtension>
            <ns3:hr>152</ns3:hr>
            <ns3:cad>97</ns3:cad>
          </ns3:TrackPointExtension>
        </extensions>
      </trkpt>
      <trkpt lat="34.24131891690194606781005859375" lon="108.9628247916698455810546875">
        <ele>417.600006103515625</ele>
        <time>2026-03-21T09:02:48.000Z</time>
        <extensions>
          <ns3:TrackPointExtension>
            <ns3:hr>152</ns3:hr>
            <ns3:cad>97</ns3:cad>
          </ns3:TrackPointExtension>
        </extensions>
      </trkpt>
      <trkpt lat="34.24130148254334926605224609375" lon="108.9628048427402973175048828125">
        <ele>417.600006103515625</ele>
        <time>2026-03-21T09:02:49.000Z</time>
        <extensions>
          <ns3:TrackPointExtension>
            <ns3:hr>152</ns3:hr>
            <ns3:cad>98</ns3:cad>
          </ns3:TrackPointExtension>
        </extensions>
      </trkpt>
      <trkpt lat="34.24126912839710712432861328125" lon="108.9627907611429691314697265625">
        <ele>417.600006103515625</ele>
        <time>2026-03-21T09:02:50.000Z</time>
        <extensions>
          <ns3:TrackPointExtension>
            <ns3:hr>152</ns3:hr>
            <ns3:cad>98</ns3:cad>
          </ns3:TrackPointExtension>
        </extensions>
      </trkpt>
      <trkpt lat="34.24124213866889476776123046875" lon="108.9627765119075775146484375">
        <ele>417.600006103515625</ele>
        <time>2026-03-21T09:02:51.000Z</time>
        <extensions>
          <ns3:TrackPointExtension>
            <ns3:hr>152</ns3:hr>
            <ns3:cad>98</ns3:cad>
          </ns3:TrackPointExtension>
        </extensions>
      </trkpt>
      <trkpt lat="34.24121632240712642669677734375" lon="108.9627679623663425445556640625">
        <ele>417.600006103515625</ele>
        <time>2026-03-21T09:02:52.000Z</time>
        <extensions>
          <ns3:TrackPointExtension>
            <ns3:hr>152</ns3:hr>
            <ns3:cad>98</ns3:cad>
          </ns3:TrackPointExtension>
        </extensions>
      </trkpt>
      <trkpt lat="34.2411800287663936614990234375" lon="108.96276821382343769073486328125">
        <ele>417.600006103515625</ele>
        <time>2026-03-21T09:02:53.000Z</time>
        <extensions>
          <ns3:TrackPointExtension>
            <ns3:hr>152</ns3:hr>
            <ns3:cad>98</ns3:cad>
          </ns3:TrackPointExtension>
        </extensions>
      </trkpt>
      <trkpt lat="34.24115211702883243560791015625" lon="108.96275966428220272064208984375">
        <ele>417.600006103515625</ele>
        <time>2026-03-21T09:02:54.000Z</time>
        <extensions>
          <ns3:TrackPointExtension>
            <ns3:hr>152</ns3:hr>
            <ns3:cad>98</ns3:cad>
          </ns3:TrackPointExtension>
        </extensions>
      </trkpt>
      <trkpt lat="34.24112328328192234039306640625" lon="108.96275681443512439727783203125">
        <ele>417.399993896484375</ele>
        <time>2026-03-21T09:02:55.000Z</time>
        <extensions>
          <ns3:TrackPointExtension>
            <ns3:hr>153</ns3:hr>
            <ns3:cad>98</ns3:cad>
          </ns3:TrackPointExtension>
        </extensions>
      </trkpt>
      <trkpt lat="34.2410948686301708221435546875" lon="108.962754718959331512451171875">
        <ele>417.399993896484375</ele>
        <time>2026-03-21T09:02:56.000Z</time>
        <extensions>
          <ns3:TrackPointExtension>
            <ns3:hr>153</ns3:hr>
            <ns3:cad>98</ns3:cad>
          </ns3:TrackPointExtension>
        </extensions>
      </trkpt>
      <trkpt lat="34.24106963910162448883056640625" lon="108.9627498574554920196533203125">
        <ele>417.399993896484375</ele>
        <time>2026-03-21T09:02:57.000Z</time>
        <extensions>
          <ns3:TrackPointExtension>
            <ns3:hr>153</ns3:hr>
            <ns3:cad>98</ns3:cad>
          </ns3:TrackPointExtension>
        </extensions>
      </trkpt>
      <trkpt lat="34.24103862605988979339599609375" lon="108.9627525396645069122314453125">
        <ele>417.600006103515625</ele>
        <time>2026-03-21T09:02:58.000Z</time>
        <extensions>
          <ns3:TrackPointExtension>
            <ns3:hr>153</ns3:hr>
            <ns3:cad>97</ns3:cad>
          </ns3:TrackPointExtension>
        </extensions>
      </trkpt>
      <trkpt lat="34.241007864475250244140625" lon="108.9627582393586635589599609375">
        <ele>417.600006103515625</ele>
        <time>2026-03-21T09:02:59.000Z</time>
        <extensions>
          <ns3:TrackPointExtension>
            <ns3:hr>154</ns3:hr>
            <ns3:cad>97</ns3:cad>
          </ns3:TrackPointExtension>
        </extensions>
      </trkpt>
      <trkpt lat="34.2409823834896087646484375" lon="108.96276033483445644378662109375">
        <ele>417.600006103515625</ele>
        <time>2026-03-21T09:03:00.000Z</time>
        <extensions>
          <ns3:TrackPointExtension>
            <ns3:hr>154</ns3:hr>
            <ns3:cad>97</ns3:cad>
          </ns3:TrackPointExtension>
        </extensions>
      </trkpt>
      <trkpt lat="34.24094893969595432281494140625" lon="108.96276645362377166748046875">
        <ele>417.600006103515625</ele>
        <time>2026-03-21T09:03:01.000Z</time>
        <extensions>
          <ns3:TrackPointExtension>
            <ns3:hr>155</ns3:hr>
            <ns3:cad>97</ns3:cad>
          </ns3:TrackPointExtension>
        </extensions>
      </trkpt>
      <trkpt lat="34.24092345871031284332275390625" lon="108.96276569925248622894287109375">
        <ele>417.600006103515625</ele>
        <time>2026-03-21T09:03:02.000Z</time>
        <extensions>
          <ns3:TrackPointExtension>
            <ns3:hr>155</ns3:hr>
            <ns3:cad>97</ns3:cad>
          </ns3:TrackPointExtension>
        </extensions>
      </trkpt>
      <trkpt lat="34.24089814536273479461669921875" lon="108.96276821382343769073486328125">
        <ele>417.399993896484375</ele>
        <time>2026-03-21T09:03:03.000Z</time>
        <extensions>
          <ns3:TrackPointExtension>
            <ns3:hr>155</ns3:hr>
            <ns3:cad>97</ns3:cad>
          </ns3:TrackPointExtension>
        </extensions>
      </trkpt>
      <trkpt lat="34.24086545594036579132080078125" lon="108.962773494422435760498046875">
        <ele>417.399993896484375</ele>
        <time>2026-03-21T09:03:04.000Z</time>
        <extensions>
          <ns3:TrackPointExtension>
            <ns3:hr>155</ns3:hr>
            <ns3:cad>97</ns3:cad>
          </ns3:TrackPointExtension>
        </extensions>
      </trkpt>
      <trkpt lat="34.240843243896961212158203125" lon="108.96276972256600856781005859375">
        <ele>417.399993896484375</ele>
        <time>2026-03-21T09:03:05.000Z</time>
        <extensions>
          <ns3:TrackPointExtension>
            <ns3:hr>154</ns3:hr>
            <ns3:cad>97</ns3:cad>
          </ns3:TrackPointExtension>
        </extensions>
      </trkpt>
      <trkpt lat="34.24081315286457538604736328125" lon="108.96277424879372119903564453125">
        <ele>417.600006103515625</ele>
        <time>2026-03-21T09:03:06.000Z</time>
        <extensions>
          <ns3:TrackPointExtension>
            <ns3:hr>155</ns3:hr>
            <ns3:cad>97</ns3:cad>
          </ns3:TrackPointExtension>
        </extensions>
      </trkpt>
      <trkpt lat="34.240782894194126129150390625" lon="108.96277718245983123779296875">
        <ele>417.600006103515625</ele>
        <time>2026-03-21T09:03:07.000Z</time>
        <extensions>
          <ns3:TrackPointExtension>
            <ns3:hr>154</ns3:hr>
            <ns3:cad>97</ns3:cad>
          </ns3:TrackPointExtension>
        </extensions>
      </trkpt>
      <trkpt lat="34.2407616041600704193115234375" lon="108.9627738296985626220703125">
        <ele>417.600006103515625</ele>
        <time>2026-03-21T09:03:08.000Z</time>
        <extensions>
          <ns3:TrackPointExtension>
            <ns3:hr>154</ns3:hr>
            <ns3:cad>97</ns3:cad>
          </ns3:TrackPointExtension>
        </extensions>
      </trkpt>
      <trkpt lat="34.24073000438511371612548828125" lon="108.96277793683111667633056640625">
        <ele>417.600006103515625</ele>
        <time>2026-03-21T09:03:09.000Z</time>
        <extensions>
          <ns3:TrackPointExtension>
            <ns3:hr>154</ns3:hr>
            <ns3:cad>97</ns3:cad>
          </ns3:TrackPointExtension>
        </extensions>
      </trkpt>
      <trkpt lat="34.24070301465690135955810546875" lon="108.9627818763256072998046875">
        <ele>417.600006103515625</ele>
        <time>2026-03-21T09:03:10.000Z</time>
        <extensions>
          <ns3:TrackPointExtension>
            <ns3:hr>155</ns3:hr>
            <ns3:cad>97</ns3:cad>
          </ns3:TrackPointExtension>
        </extensions>
      </trkpt>
      <trkpt lat="34.2406781204044818878173828125" lon="108.962784893810749053955078125">
        <ele>417.600006103515625</ele>
        <time>2026-03-21T09:03:11.000Z</time>
        <extensions>
          <ns3:TrackPointExtension>
            <ns3:hr>155</ns3:hr>
            <ns3:cad>97</ns3:cad>
          </ns3:TrackPointExtension>
        </extensions>
      </trkpt>
      <trkpt lat="34.24064551480114459991455078125" lon="108.962790928781032562255859375">
        <ele>417.600006103515625</ele>
        <time>2026-03-21T09:03:12.000Z</time>
        <extensions>
          <ns3:TrackPointExtension>
            <ns3:hr>155</ns3:hr>
            <ns3:cad>97</ns3:cad>
          </ns3:TrackPointExtension>
        </extensions>
      </trkpt>
      <trkpt lat="34.2406204529106616973876953125" lon="108.96279285661876201629638671875">
        <ele>417.600006103515625</ele>
        <time>2026-03-21T09:03:13.000Z</time>
        <extensions>
          <ns3:TrackPointExtension>
            <ns3:hr>154</ns3:hr>
            <ns3:cad>97</ns3:cad>
          </ns3:TrackPointExtension>
        </extensions>
      </trkpt>
      <trkpt lat="34.240587763488292694091796875" lon="108.96280090324580669403076171875">
        <ele>417.600006103515625</ele>
        <time>2026-03-21T09:03:14.000Z</time>
        <extensions>
          <ns3:TrackPointExtension>
            <ns3:hr>155</ns3:hr>
            <ns3:cad>97</ns3:cad>
          </ns3:TrackPointExtension>
        </extensions>
      </trkpt>
      <trkpt lat="34.2405597679316997528076171875" lon="108.9627924375236034393310546875">
        <ele>417.600006103515625</ele>
        <time>2026-03-21T09:03:15.000Z</time>
        <extensions>
          <ns3:TrackPointExtension>
            <ns3:hr>155</ns3:hr>
            <ns3:cad>97</ns3:cad>
          </ns3:TrackPointExtension>
        </extensions>
      </trkpt>
      <trkpt lat="34.2405376397073268890380859375" lon="108.962780870497226715087890625">
        <ele>417.600006103515625</ele>
        <time>2026-03-21T09:03:16.000Z</time>
        <extensions>
          <ns3:TrackPointExtension>
            <ns3:hr>154</ns3:hr>
            <ns3:cad>97</ns3:cad>
          </ns3:TrackPointExtension>
        </extensions>
      </trkpt>
      <trkpt lat="34.24053587950766086578369140625" lon="108.9627548865973949432373046875">
        <ele>417.600006103515625</ele>
        <time>2026-03-21T09:03:17.000Z</time>
        <extensions>
          <ns3:TrackPointExtension>
            <ns3:hr>155</ns3:hr>
            <ns3:cad>97</ns3:cad>
          </ns3:TrackPointExtension>
        </extensions>
      </trkpt>
      <trkpt lat="34.2405505478382110595703125" lon="108.9627397991716861724853515625">
        <ele>417.600006103515625</ele>
        <time>2026-03-21T09:03:18.000Z</time>
        <extensions>
          <ns3:TrackPointExtension>
            <ns3:hr>155</ns3:hr>
            <ns3:cad>97</ns3:cad>
          </ns3:TrackPointExtension>
        </extensions>
      </trkpt>
      <trkpt lat="34.24058432690799236297607421875" lon="108.962731920182704925537109375">
        <ele>417.399993896484375</ele>
        <time>2026-03-21T09:03:19.000Z</time>
        <extensions>
          <ns3:TrackPointExtension>
            <ns3:hr>155</ns3:hr>
            <ns3:cad>97</ns3:cad>
          </ns3:TrackPointExtension>
        </extensions>
      </trkpt>
      <trkpt lat="34.24061450175940990447998046875" lon="108.96273200400173664093017578125">
        <ele>417.399993896484375</ele>
        <time>2026-03-21T09:03:20.000Z</time>
        <extensions>
          <ns3:TrackPointExtension>
            <ns3:hr>155</ns3:hr>
            <ns3:cad>97</ns3:cad>
          </ns3:TrackPointExtension>
        </extensions>
      </trkpt>
      <trkpt lat="34.240640066564083099365234375" lon="108.96272697485983371734619140625">
        <ele>417.399993896484375</ele>
        <time>2026-03-21T09:03:21.000Z</time>
        <extensions>
          <ns3:TrackPointExtension>
            <ns3:hr>155</ns3:hr>
            <ns3:cad>93</ns3:cad>
          </ns3:TrackPointExtension>
        </extensions>
      </trkpt>
      <trkpt lat="34.24067795276641845703125" lon="108.962728567421436309814453125">
        <ele>417.600006103515625</ele>
        <time>2026-03-21T09:03:22.000Z</time>
        <extensions>
          <ns3:TrackPointExtension>
            <ns3:hr>156</ns3:hr>
            <ns3:cad>95</ns3:cad>
          </ns3:TrackPointExtension>
        </extensions>
      </trkpt>
      <trkpt lat="34.240705780684947967529296875" lon="108.962727226316928863525390625">
        <ele>417.600006103515625</ele>
        <time>2026-03-21T09:03:23.000Z</time>
        <extensions>
          <ns3:TrackPointExtension>
            <ns3:hr>156</ns3:hr>
            <ns3:cad>95</ns3:cad>
          </ns3:TrackPointExtension>
        </extensions>
      </trkpt>
      <trkpt lat="34.2407374642789363861083984375" lon="108.962725885212421417236328125">
        <ele>417.600006103515625</ele>
        <time>2026-03-21T09:03:24.000Z</time>
        <extensions>
          <ns3:TrackPointExtension>
            <ns3:hr>156</ns3:hr>
            <ns3:cad>95</ns3:cad>
          </ns3:TrackPointExtension>
        </extensions>
      </trkpt>
      <trkpt lat="34.24076755531132221221923828125" lon="108.96273426711559295654296875">
        <ele>417.600006103515625</ele>
        <time>2026-03-21T09:03:25.000Z</time>
        <extensions>
          <ns3:TrackPointExtension>
            <ns3:hr>156</ns3:hr>
            <ns3:cad>96</ns3:cad>
          </ns3:TrackPointExtension>
        </extensions>
      </trkpt>
      <trkpt lat="34.240792281925678253173828125" lon="108.96274340339004993438720703125">
        <ele>417.600006103515625</ele>
        <time>2026-03-21T09:03:26.000Z</time>
        <extensions>
          <ns3:TrackPointExtension>
            <ns3:hr>156</ns3:hr>
            <ns3:cad>96</ns3:cad>
          </ns3:TrackPointExtension>
        </extensions>
      </trkpt>
      <trkpt lat="34.24082824029028415679931640625" lon="108.962743319571018218994140625">
        <ele>417.600006103515625</ele>
        <time>2026-03-21T09:03:27.000Z</time>
        <extensions>
          <ns3:TrackPointExtension>
            <ns3:hr>156</ns3:hr>
            <ns3:cad>96</ns3:cad>
          </ns3:TrackPointExtension>
        </extensions>
      </trkpt>
      <trkpt lat="34.24084953032433986663818359375" lon="108.96275731734931468963623046875">
        <ele>417.600006103515625</ele>
        <time>2026-03-21T09:03:28.000Z</time>
        <extensions>
          <ns3:TrackPointExtension>
            <ns3:hr>156</ns3:hr>
            <ns3:cad>96</ns3:cad>
          </ns3:TrackPointExtension>
        </extensions>
      </trkpt>
      <trkpt lat="34.240876771509647369384765625" lon="108.96275036036968231201171875">
        <ele>417.600006103515625</ele>
        <time>2026-03-21T09:03:29.000Z</time>
        <extensions>
          <ns3:TrackPointExtension>
            <ns3:hr>155</ns3:hr>
            <ns3:cad>96</ns3:cad>
          </ns3:TrackPointExtension>
        </extensions>
      </trkpt>
      <trkpt lat="34.240903593599796295166015625" lon="108.9627523720264434814453125">
        <ele>417.79998779296875</ele>
        <time>2026-03-21T09:03:30.000Z</time>
        <extensions>
          <ns3:TrackPointExtension>
            <ns3:hr>155</ns3:hr>
            <ns3:cad>96</ns3:cad>
          </ns3:TrackPointExtension>
        </extensions>
      </trkpt>
      <trkpt lat="34.24092832021415233612060546875" lon="108.96275497041642665863037109375">
        <ele>417.600006103515625</ele>
        <time>2026-03-21T09:03:31.000Z</time>
        <extensions>
          <ns3:TrackPointExtension>
            <ns3:hr>155</ns3:hr>
            <ns3:cad>96</ns3:cad>
          </ns3:TrackPointExtension>
        </extensions>
      </trkpt>
      <trkpt lat="34.24096134491264820098876953125" lon="108.9627424813807010650634765625">
        <ele>417.600006103515625</ele>
        <time>2026-03-21T09:03:32.000Z</time>
        <extensions>
          <ns3:TrackPointExtension>
            <ns3:hr>155</ns3:hr>
            <ns3:cad>96</ns3:cad>
          </ns3:TrackPointExtension>
        </extensions>
      </trkpt>
      <trkpt lat="34.2409842275083065032958984375" lon="108.9627384580671787261962890625">
        <ele>417.600006103515625</ele>
        <time>2026-03-21T09:03:33.000Z</time>
        <extensions>
          <ns3:TrackPointExtension>
            <ns3:hr>156</ns3:hr>
            <ns3:cad>96</ns3:cad>
          </ns3:TrackPointExtension>
        </extensions>
      </trkpt>
      <trkpt lat="34.24101180396974086761474609375" lon="108.96272228099405765533447265625">
        <ele>417.600006103515625</ele>
        <time>2026-03-21T09:03:34.000Z</time>
        <extensions>
          <ns3:TrackPointExtension>
            <ns3:hr>156</ns3:hr>
            <ns3:cad>96</ns3:cad>
          </ns3:TrackPointExtension>
        </extensions>
      </trkpt>
      <trkpt lat="34.24103795550763607025146484375" lon="108.96271842531859874725341796875">
        <ele>417.79998779296875</ele>
        <time>2026-03-21T09:03:35.000Z</time>
        <extensions>
          <ns3:TrackPointExtension>
            <ns3:hr>155</ns3:hr>
            <ns3:cad>96</ns3:cad>
          </ns3:TrackPointExtension>
        </extensions>
      </trkpt>
      <trkpt lat="34.2410655319690704345703125" lon="108.96271951496601104736328125">
        <ele>417.79998779296875</ele>
        <time>2026-03-21T09:03:36.000Z</time>
        <extensions>
          <ns3:TrackPointExtension>
            <ns3:hr>155</ns3:hr>
            <ns3:cad>96</ns3:cad>
          </ns3:TrackPointExtension>
        </extensions>
      </trkpt>
      <trkpt lat="34.24109302461147308349609375" lon="108.9627176709473133087158203125">
        <ele>418</ele>
        <time>2026-03-21T09:03:37.000Z</time>
        <extensions>
          <ns3:TrackPointExtension>
            <ns3:hr>155</ns3:hr>
            <ns3:cad>96</ns3:cad>
          </ns3:TrackPointExtension>
        </extensions>
      </trkpt>
      <trkpt lat="34.241115152835845947265625" lon="108.9627240411937236785888671875">
        <ele>418</ele>
        <time>2026-03-21T09:03:38.000Z</time>
        <extensions>
          <ns3:TrackPointExtension>
            <ns3:hr>155</ns3:hr>
            <ns3:cad>96</ns3:cad>
          </ns3:TrackPointExtension>
        </extensions>
      </trkpt>
    </trkseg>
  </trk>
</gpx>
