<gpx xmlns:ns3="http://www.garmin.com/xmlschemas/TrackPointExtension/v1" xmlns="http://www.topografix.com/GPX/1/1" xmlns:xsi="http://www.w3.org/2001/XMLSchema-instance" xmlns:ns2="http://www.garmin.com/xmlschemas/GpxExtensions/v3" creator="Garmin Connect" version="1.1" xsi:schemaLocation="http://www.topografix.com/GPX/1/1 http://www.topografix.com/GPX/11.xsd">
  <extensions>
<distance>2055.77</distance>
<average_hr>132.0</average_hr>
<average_speed>2.640000104904175</average_speed>
<start_time>2026-04-06T09:19:11+00:00</start_time>
<end_time>2026-04-06T09:32:09.580000+00:00</end_time>
<moving_time>777.044</moving_time>
<elapsed_time>778.58</elapsed_time>
</extensions>
<metadata>
    <link href="connect.garmin.com">
      <text>Garmin Connect</text>
    </link>
    <time>2026-04-06T09:19:11.000Z</time>
  </metadata>
  <trk>
    <name>西安市 跑步</name>
    <type>running</type>
    <trkseg>
      <trkpt lat="34.21493369154632091522216796875" lon="108.89635068364441394805908203125">
        <ele>412.600006103515625</ele>
        <time>2026-04-06T09:19:12.000Z</time>
        <extensions>
          <ns3:TrackPointExtension>
            <ns3:hr>80</ns3:hr>
            <ns3:cad>53</ns3:cad>
          </ns3:TrackPointExtension>
        </extensions>
      </trkpt>
      <trkpt lat="34.21499873511493206024169921875" lon="108.8962872326374053955078125">
        <ele>412.600006103515625</ele>
        <time>2026-04-06T09:19:13.000Z</time>
        <extensions>
          <ns3:TrackPointExtension>
            <ns3:hr>80</ns3:hr>
            <ns3:cad>53</ns3:cad>
          </ns3:TrackPointExtension>
        </extensions>
      </trkpt>
      <trkpt lat="34.2150348611176013946533203125" lon="108.89628681354224681854248046875">
        <ele>412.399993896484375</ele>
        <time>2026-04-06T09:19:14.000Z</time>
        <extensions>
          <ns3:TrackPointExtension>
            <ns3:hr>80</ns3:hr>
            <ns3:cad>59</ns3:cad>
          </ns3:TrackPointExtension>
        </extensions>
      </trkpt>
      <trkpt lat="34.21503938734531402587890625" lon="108.896305672824382781982421875">
        <ele>412.399993896484375</ele>
        <time>2026-04-06T09:19:15.000Z</time>
        <extensions>
          <ns3:TrackPointExtension>
            <ns3:hr>80</ns3:hr>
            <ns3:cad>59</ns3:cad>
          </ns3:TrackPointExtension>
        </extensions>
      </trkpt>
      <trkpt lat="34.21508372761309146881103515625" lon="108.89629201032221317291259765625">
        <ele>412.399993896484375</ele>
        <time>2026-04-06T09:19:16.000Z</time>
        <extensions>
          <ns3:TrackPointExtension>
            <ns3:hr>81</ns3:hr>
            <ns3:cad>59</ns3:cad>
          </ns3:TrackPointExtension>
        </extensions>
      </trkpt>
      <trkpt lat="34.21512530185282230377197265625" lon="108.8962867297232151031494140625">
        <ele>412.399993896484375</ele>
        <time>2026-04-06T09:19:17.000Z</time>
        <extensions>
          <ns3:TrackPointExtension>
            <ns3:hr>80</ns3:hr>
            <ns3:cad>92</ns3:cad>
          </ns3:TrackPointExtension>
        </extensions>
      </trkpt>
      <trkpt lat="34.21515111811459064483642578125" lon="108.89628530479967594146728515625">
        <ele>412.399993896484375</ele>
        <time>2026-04-06T09:19:18.000Z</time>
        <extensions>
          <ns3:TrackPointExtension>
            <ns3:hr>80</ns3:hr>
            <ns3:cad>92</ns3:cad>
          </ns3:TrackPointExtension>
        </extensions>
      </trkpt>
      <trkpt lat="34.215174503624439239501953125" lon="108.89628513716161251068115234375">
        <ele>412.399993896484375</ele>
        <time>2026-04-06T09:19:19.000Z</time>
        <extensions>
          <ns3:TrackPointExtension>
            <ns3:hr>81</ns3:hr>
            <ns3:cad>92</ns3:cad>
          </ns3:TrackPointExtension>
        </extensions>
      </trkpt>
      <trkpt lat="34.21519772149622440338134765625" lon="108.89627574943006038665771484375">
        <ele>412.399993896484375</ele>
        <time>2026-04-06T09:19:20.000Z</time>
        <extensions>
          <ns3:TrackPointExtension>
            <ns3:hr>81</ns3:hr>
            <ns3:cad>91</ns3:cad>
          </ns3:TrackPointExtension>
        </extensions>
      </trkpt>
      <trkpt lat="34.2152128927409648895263671875" lon="108.89628463424742221832275390625">
        <ele>412.399993896484375</ele>
        <time>2026-04-06T09:19:21.000Z</time>
        <extensions>
          <ns3:TrackPointExtension>
            <ns3:hr>82</ns3:hr>
            <ns3:cad>91</ns3:cad>
          </ns3:TrackPointExtension>
        </extensions>
      </trkpt>
      <trkpt lat="34.21523828990757465362548828125" lon="108.89628530479967594146728515625">
        <ele>412.600006103515625</ele>
        <time>2026-04-06T09:19:22.000Z</time>
        <extensions>
          <ns3:TrackPointExtension>
            <ns3:hr>82</ns3:hr>
            <ns3:cad>93</ns3:cad>
          </ns3:TrackPointExtension>
        </extensions>
      </trkpt>
      <trkpt lat="34.21525538899004459381103515625" lon="108.89628195203840732574462890625">
        <ele>412.600006103515625</ele>
        <time>2026-04-06T09:19:23.000Z</time>
        <extensions>
          <ns3:TrackPointExtension>
            <ns3:hr>84</ns3:hr>
            <ns3:cad>93</ns3:cad>
          </ns3:TrackPointExtension>
        </extensions>
      </trkpt>
      <trkpt lat="34.215277098119258880615234375" lon="108.89627843163907527923583984375">
        <ele>412.600006103515625</ele>
        <time>2026-04-06T09:19:24.000Z</time>
        <extensions>
          <ns3:TrackPointExtension>
            <ns3:hr>85</ns3:hr>
            <ns3:cad>93</ns3:cad>
          </ns3:TrackPointExtension>
        </extensions>
      </trkpt>
      <trkpt lat="34.2152977176010608673095703125" lon="108.8962818682193756103515625">
        <ele>412.600006103515625</ele>
        <time>2026-04-06T09:19:25.000Z</time>
        <extensions>
          <ns3:TrackPointExtension>
            <ns3:hr>86</ns3:hr>
            <ns3:cad>93</ns3:cad>
          </ns3:TrackPointExtension>
        </extensions>
      </trkpt>
      <trkpt lat="34.215323366224765777587890625" lon="108.8962773419916629791259765625">
        <ele>412.600006103515625</ele>
        <time>2026-04-06T09:19:26.000Z</time>
        <extensions>
          <ns3:TrackPointExtension>
            <ns3:hr>87</ns3:hr>
            <ns3:cad>92</ns3:cad>
          </ns3:TrackPointExtension>
        </extensions>
      </trkpt>
      <trkpt lat="34.2153369449079036712646484375" lon="108.8962790183722972869873046875">
        <ele>412.600006103515625</ele>
        <time>2026-04-06T09:19:27.000Z</time>
        <extensions>
          <ns3:TrackPointExtension>
            <ns3:hr>89</ns3:hr>
            <ns3:cad>92</ns3:cad>
          </ns3:TrackPointExtension>
        </extensions>
      </trkpt>
      <trkpt lat="34.21535613946616649627685546875" lon="108.89628346078097820281982421875">
        <ele>412.600006103515625</ele>
        <time>2026-04-06T09:19:28.000Z</time>
        <extensions>
          <ns3:TrackPointExtension>
            <ns3:hr>90</ns3:hr>
            <ns3:cad>92</ns3:cad>
          </ns3:TrackPointExtension>
        </extensions>
      </trkpt>
      <trkpt lat="34.2153780162334442138671875" lon="108.89628899283707141876220703125">
        <ele>412.600006103515625</ele>
        <time>2026-04-06T09:19:29.000Z</time>
        <extensions>
          <ns3:TrackPointExtension>
            <ns3:hr>91</ns3:hr>
            <ns3:cad>93</ns3:cad>
          </ns3:TrackPointExtension>
        </extensions>
      </trkpt>
      <trkpt lat="34.21539603732526302337646484375" lon="108.89629368670284748077392578125">
        <ele>412.600006103515625</ele>
        <time>2026-04-06T09:19:30.000Z</time>
        <extensions>
          <ns3:TrackPointExtension>
            <ns3:hr>92</ns3:hr>
            <ns3:cad>93</ns3:cad>
          </ns3:TrackPointExtension>
        </extensions>
      </trkpt>
      <trkpt lat="34.21541866846382617950439453125" lon="108.89630340971052646636962890625">
        <ele>412.600006103515625</ele>
        <time>2026-04-06T09:19:31.000Z</time>
        <extensions>
          <ns3:TrackPointExtension>
            <ns3:hr>93</ns3:hr>
            <ns3:cad>93</ns3:cad>
          </ns3:TrackPointExtension>
        </extensions>
      </trkpt>
      <trkpt lat="34.21543325297534465789794921875" lon="108.89631413854658603668212890625">
        <ele>412.600006103515625</ele>
        <time>2026-04-06T09:19:32.000Z</time>
        <extensions>
          <ns3:TrackPointExtension>
            <ns3:hr>94</ns3:hr>
            <ns3:cad>92</ns3:cad>
          </ns3:TrackPointExtension>
        </extensions>
      </trkpt>
      <trkpt lat="34.21545303426682949066162109375" lon="108.89633215963840484619140625">
        <ele>412.600006103515625</ele>
        <time>2026-04-06T09:19:33.000Z</time>
        <extensions>
          <ns3:TrackPointExtension>
            <ns3:hr>94</ns3:hr>
            <ns3:cad>91</ns3:cad>
          </ns3:TrackPointExtension>
        </extensions>
      </trkpt>
      <trkpt lat="34.2154660262167453765869140625" lon="108.89635118655860424041748046875">
        <ele>412.600006103515625</ele>
        <time>2026-04-06T09:19:34.000Z</time>
        <extensions>
          <ns3:TrackPointExtension>
            <ns3:hr>95</ns3:hr>
            <ns3:cad>91</ns3:cad>
          </ns3:TrackPointExtension>
        </extensions>
      </trkpt>
      <trkpt lat="34.2154868133366107940673828125" lon="108.89637834392488002777099609375">
        <ele>412.600006103515625</ele>
        <time>2026-04-06T09:19:35.000Z</time>
        <extensions>
          <ns3:TrackPointExtension>
            <ns3:hr>96</ns3:hr>
            <ns3:cad>92</ns3:cad>
          </ns3:TrackPointExtension>
        </extensions>
      </trkpt>
      <trkpt lat="34.215489327907562255859375" lon="108.8963977061212062835693359375">
        <ele>412.79998779296875</ele>
        <time>2026-04-06T09:19:36.000Z</time>
        <extensions>
          <ns3:TrackPointExtension>
            <ns3:hr>97</ns3:hr>
            <ns3:cad>92</ns3:cad>
          </ns3:TrackPointExtension>
        </extensions>
      </trkpt>
      <trkpt lat="34.21550097875297069549560546875" lon="108.8964292220771312713623046875">
        <ele>412.79998779296875</ele>
        <time>2026-04-06T09:19:37.000Z</time>
        <extensions>
          <ns3:TrackPointExtension>
            <ns3:hr>98</ns3:hr>
            <ns3:cad>92</ns3:cad>
          </ns3:TrackPointExtension>
        </extensions>
      </trkpt>
      <trkpt lat="34.21549997292459011077880859375" lon="108.89645042829215526580810546875">
        <ele>412.79998779296875</ele>
        <time>2026-04-06T09:19:38.000Z</time>
        <extensions>
          <ns3:TrackPointExtension>
            <ns3:hr>98</ns3:hr>
            <ns3:cad>92</ns3:cad>
          </ns3:TrackPointExtension>
        </extensions>
      </trkpt>
      <trkpt lat="34.2155067622661590576171875" lon="108.8964821957051753997802734375">
        <ele>412.79998779296875</ele>
        <time>2026-04-06T09:19:39.000Z</time>
        <extensions>
          <ns3:TrackPointExtension>
            <ns3:hr>99</ns3:hr>
            <ns3:cad>92</ns3:cad>
          </ns3:TrackPointExtension>
        </extensions>
      </trkpt>
      <trkpt lat="34.21550299040973186492919921875" lon="108.8965043239295482635498046875">
        <ele>412.79998779296875</ele>
        <time>2026-04-06T09:19:40.000Z</time>
        <extensions>
          <ns3:TrackPointExtension>
            <ns3:hr>100</ns3:hr>
            <ns3:cad>90</ns3:cad>
          </ns3:TrackPointExtension>
        </extensions>
      </trkpt>
      <trkpt lat="34.215505756437778472900390625" lon="108.8965365104377269744873046875">
        <ele>413</ele>
        <time>2026-04-06T09:19:41.000Z</time>
        <extensions>
          <ns3:TrackPointExtension>
            <ns3:hr>101</ns3:hr>
            <ns3:cad>90</ns3:cad>
          </ns3:TrackPointExtension>
        </extensions>
      </trkpt>
      <trkpt lat="34.21550433151423931121826171875" lon="108.896558471024036407470703125">
        <ele>413</ele>
        <time>2026-04-06T09:19:42.000Z</time>
        <extensions>
          <ns3:TrackPointExtension>
            <ns3:hr>102</ns3:hr>
            <ns3:cad>90</ns3:cad>
          </ns3:TrackPointExtension>
        </extensions>
      </trkpt>
      <trkpt lat="34.21551070176064968109130859375" lon="108.896590657532215118408203125">
        <ele>413</ele>
        <time>2026-04-06T09:19:43.000Z</time>
        <extensions>
          <ns3:TrackPointExtension>
            <ns3:hr>103</ns3:hr>
            <ns3:cad>90</ns3:cad>
          </ns3:TrackPointExtension>
        </extensions>
      </trkpt>
      <trkpt lat="34.21550600789487361907958984375" lon="108.8966129533946514129638671875">
        <ele>413</ele>
        <time>2026-04-06T09:19:44.000Z</time>
        <extensions>
          <ns3:TrackPointExtension>
            <ns3:hr>104</ns3:hr>
            <ns3:cad>90</ns3:cad>
          </ns3:TrackPointExtension>
        </extensions>
      </trkpt>
      <trkpt lat="34.2155133001506328582763671875" lon="108.8966518454253673553466796875">
        <ele>413</ele>
        <time>2026-04-06T09:19:45.000Z</time>
        <extensions>
          <ns3:TrackPointExtension>
            <ns3:hr>105</ns3:hr>
            <ns3:cad>92</ns3:cad>
          </ns3:TrackPointExtension>
        </extensions>
      </trkpt>
      <trkpt lat="34.2155148088932037353515625" lon="108.89667950570583343505859375">
        <ele>413</ele>
        <time>2026-04-06T09:19:46.000Z</time>
        <extensions>
          <ns3:TrackPointExtension>
            <ns3:hr>106</ns3:hr>
            <ns3:cad>92</ns3:cad>
          </ns3:TrackPointExtension>
        </extensions>
      </trkpt>
      <trkpt lat="34.21551682054996490478515625" lon="108.896712698042392730712890625">
        <ele>413.20001220703125</ele>
        <time>2026-04-06T09:19:47.000Z</time>
        <extensions>
          <ns3:TrackPointExtension>
            <ns3:hr>106</ns3:hr>
            <ns3:cad>92</ns3:cad>
          </ns3:TrackPointExtension>
        </extensions>
      </trkpt>
      <trkpt lat="34.21551489271223545074462890625" lon="108.89674228616058826446533203125">
        <ele>413.20001220703125</ele>
        <time>2026-04-06T09:19:48.000Z</time>
        <extensions>
          <ns3:TrackPointExtension>
            <ns3:hr>107</ns3:hr>
            <ns3:cad>93</ns3:cad>
          </ns3:TrackPointExtension>
        </extensions>
      </trkpt>
      <trkpt lat="34.21550877392292022705078125" lon="108.8967758975923061370849609375">
        <ele>413.20001220703125</ele>
        <time>2026-04-06T09:19:49.000Z</time>
        <extensions>
          <ns3:TrackPointExtension>
            <ns3:hr>108</ns3:hr>
            <ns3:cad>93</ns3:cad>
          </ns3:TrackPointExtension>
        </extensions>
      </trkpt>
      <trkpt lat="34.21550265513360500335693359375" lon="108.89680280350148677825927734375">
        <ele>413.20001220703125</ele>
        <time>2026-04-06T09:19:50.000Z</time>
        <extensions>
          <ns3:TrackPointExtension>
            <ns3:hr>109</ns3:hr>
            <ns3:cad>93</ns3:cad>
          </ns3:TrackPointExtension>
        </extensions>
      </trkpt>
      <trkpt lat="34.21549947001039981842041015625" lon="108.896829374134540557861328125">
        <ele>413.399993896484375</ele>
        <time>2026-04-06T09:19:51.000Z</time>
        <extensions>
          <ns3:TrackPointExtension>
            <ns3:hr>109</ns3:hr>
            <ns3:cad>93</ns3:cad>
          </ns3:TrackPointExtension>
        </extensions>
      </trkpt>
      <trkpt lat="34.2154965363442897796630859375" lon="108.89686013571918010711669921875">
        <ele>413.399993896484375</ele>
        <time>2026-04-06T09:19:52.000Z</time>
        <extensions>
          <ns3:TrackPointExtension>
            <ns3:hr>110</ns3:hr>
            <ns3:cad>93</ns3:cad>
          </ns3:TrackPointExtension>
        </extensions>
      </trkpt>
      <trkpt lat="34.21548589132726192474365234375" lon="108.89688645489513874053955078125">
        <ele>413.399993896484375</ele>
        <time>2026-04-06T09:19:53.000Z</time>
        <extensions>
          <ns3:TrackPointExtension>
            <ns3:hr>111</ns3:hr>
            <ns3:cad>92</ns3:cad>
          </ns3:TrackPointExtension>
        </extensions>
      </trkpt>
      <trkpt lat="34.215482957661151885986328125" lon="108.89691746793687343597412109375">
        <ele>413.399993896484375</ele>
        <time>2026-04-06T09:19:54.000Z</time>
        <extensions>
          <ns3:TrackPointExtension>
            <ns3:hr>112</ns3:hr>
            <ns3:cad>92</ns3:cad>
          </ns3:TrackPointExtension>
        </extensions>
      </trkpt>
      <trkpt lat="34.2154750786721706390380859375" lon="108.89693892560899257659912109375">
        <ele>413.600006103515625</ele>
        <time>2026-04-06T09:19:55.000Z</time>
        <extensions>
          <ns3:TrackPointExtension>
            <ns3:hr>113</ns3:hr>
            <ns3:cad>92</ns3:cad>
          </ns3:TrackPointExtension>
        </extensions>
      </trkpt>
      <trkpt lat="34.21547248028218746185302734375" lon="108.89697547070682048797607421875">
        <ele>413.600006103515625</ele>
        <time>2026-04-06T09:19:56.000Z</time>
        <extensions>
          <ns3:TrackPointExtension>
            <ns3:hr>114</ns3:hr>
            <ns3:cad>92</ns3:cad>
          </ns3:TrackPointExtension>
        </extensions>
      </trkpt>
      <trkpt lat="34.2154633440077304840087890625" lon="108.897005729377269744873046875">
        <ele>413.600006103515625</ele>
        <time>2026-04-06T09:19:57.000Z</time>
        <extensions>
          <ns3:TrackPointExtension>
            <ns3:hr>115</ns3:hr>
            <ns3:cad>92</ns3:cad>
          </ns3:TrackPointExtension>
        </extensions>
      </trkpt>
      <trkpt lat="34.21546175144612789154052734375" lon="108.897040598094463348388671875">
        <ele>413.600006103515625</ele>
        <time>2026-04-06T09:19:58.000Z</time>
        <extensions>
          <ns3:TrackPointExtension>
            <ns3:hr>116</ns3:hr>
            <ns3:cad>92</ns3:cad>
          </ns3:TrackPointExtension>
        </extensions>
      </trkpt>
      <trkpt lat="34.2154599912464618682861328125" lon="108.89706197194755077362060546875">
        <ele>413.600006103515625</ele>
        <time>2026-04-06T09:19:59.000Z</time>
        <extensions>
          <ns3:TrackPointExtension>
            <ns3:hr>117</ns3:hr>
            <ns3:cad>91</ns3:cad>
          </ns3:TrackPointExtension>
        </extensions>
      </trkpt>
      <trkpt lat="34.2154598236083984375" lon="108.8970947451889514923095703125">
        <ele>413.600006103515625</ele>
        <time>2026-04-06T09:20:00.000Z</time>
        <extensions>
          <ns3:TrackPointExtension>
            <ns3:hr>117</ns3:hr>
            <ns3:cad>91</ns3:cad>
          </ns3:TrackPointExtension>
        </extensions>
      </trkpt>
      <trkpt lat="34.21546460129320621490478515625" lon="108.89711670577526092529296875">
        <ele>413.600006103515625</ele>
        <time>2026-04-06T09:20:01.000Z</time>
        <extensions>
          <ns3:TrackPointExtension>
            <ns3:hr>118</ns3:hr>
            <ns3:cad>92</ns3:cad>
          </ns3:TrackPointExtension>
        </extensions>
      </trkpt>
      <trkpt lat="34.21548287384212017059326171875" lon="108.8971225731074810028076171875">
        <ele>413.600006103515625</ele>
        <time>2026-04-06T09:20:02.000Z</time>
        <extensions>
          <ns3:TrackPointExtension>
            <ns3:hr>119</ns3:hr>
            <ns3:cad>92</ns3:cad>
          </ns3:TrackPointExtension>
        </extensions>
      </trkpt>
      <trkpt lat="34.21549393795430660247802734375" lon="108.89711008407175540924072265625">
        <ele>413.600006103515625</ele>
        <time>2026-04-06T09:20:03.000Z</time>
        <extensions>
          <ns3:TrackPointExtension>
            <ns3:hr>120</ns3:hr>
            <ns3:cad>92</ns3:cad>
          </ns3:TrackPointExtension>
        </extensions>
      </trkpt>
      <trkpt lat="34.21549695543944835662841796875" lon="108.8970866985619068145751953125">
        <ele>413.600006103515625</ele>
        <time>2026-04-06T09:20:04.000Z</time>
        <extensions>
          <ns3:TrackPointExtension>
            <ns3:hr>121</ns3:hr>
            <ns3:cad>91</ns3:cad>
          </ns3:TrackPointExtension>
        </extensions>
      </trkpt>
      <trkpt lat="34.215503744781017303466796875" lon="108.89706482179462909698486328125">
        <ele>413.399993896484375</ele>
        <time>2026-04-06T09:20:05.000Z</time>
        <extensions>
          <ns3:TrackPointExtension>
            <ns3:hr>122</ns3:hr>
            <ns3:cad>91</ns3:cad>
          </ns3:TrackPointExtension>
        </extensions>
      </trkpt>
      <trkpt lat="34.21551103703677654266357421875" lon="108.89703691005706787109375">
        <ele>413.399993896484375</ele>
        <time>2026-04-06T09:20:06.000Z</time>
        <extensions>
          <ns3:TrackPointExtension>
            <ns3:hr>123</ns3:hr>
            <ns3:cad>90</ns3:cad>
          </ns3:TrackPointExtension>
        </extensions>
      </trkpt>
      <trkpt lat="34.21551908366382122039794921875" lon="108.897014446556568145751953125">
        <ele>413.399993896484375</ele>
        <time>2026-04-06T09:20:07.000Z</time>
        <extensions>
          <ns3:TrackPointExtension>
            <ns3:hr>123</ns3:hr>
            <ns3:cad>90</ns3:cad>
          </ns3:TrackPointExtension>
        </extensions>
      </trkpt>
      <trkpt lat="34.2155246995389461517333984375" lon="108.89697915874421596527099609375">
        <ele>413.399993896484375</ele>
        <time>2026-04-06T09:20:08.000Z</time>
        <extensions>
          <ns3:TrackPointExtension>
            <ns3:hr>124</ns3:hr>
            <ns3:cad>90</ns3:cad>
          </ns3:TrackPointExtension>
        </extensions>
      </trkpt>
      <trkpt lat="34.21553291380405426025390625" lon="108.89695283956825733184814453125">
        <ele>413.399993896484375</ele>
        <time>2026-04-06T09:20:09.000Z</time>
        <extensions>
          <ns3:TrackPointExtension>
            <ns3:hr>124</ns3:hr>
            <ns3:cad>90</ns3:cad>
          </ns3:TrackPointExtension>
        </extensions>
      </trkpt>
      <trkpt lat="34.21554054133594036102294921875" lon="108.8969229161739349365234375">
        <ele>413.399993896484375</ele>
        <time>2026-04-06T09:20:10.000Z</time>
        <extensions>
          <ns3:TrackPointExtension>
            <ns3:hr>124</ns3:hr>
            <ns3:cad>91</ns3:cad>
          </ns3:TrackPointExtension>
        </extensions>
      </trkpt>
      <trkpt lat="34.21554791741073131561279296875" lon="108.8968969322741031646728515625">
        <ele>413.600006103515625</ele>
        <time>2026-04-06T09:20:11.000Z</time>
        <extensions>
          <ns3:TrackPointExtension>
            <ns3:hr>125</ns3:hr>
            <ns3:cad>92</ns3:cad>
          </ns3:TrackPointExtension>
        </extensions>
      </trkpt>
      <trkpt lat="34.21555479057133197784423828125" lon="108.8968692719936370849609375">
        <ele>413.399993896484375</ele>
        <time>2026-04-06T09:20:12.000Z</time>
        <extensions>
          <ns3:TrackPointExtension>
            <ns3:hr>125</ns3:hr>
            <ns3:cad>92</ns3:cad>
          </ns3:TrackPointExtension>
        </extensions>
      </trkpt>
      <trkpt lat="34.21556183136999607086181640625" lon="108.89684270136058330535888671875">
        <ele>413.399993896484375</ele>
        <time>2026-04-06T09:20:13.000Z</time>
        <extensions>
          <ns3:TrackPointExtension>
            <ns3:hr>125</ns3:hr>
            <ns3:cad>92</ns3:cad>
          </ns3:TrackPointExtension>
        </extensions>
      </trkpt>
      <trkpt lat="34.21556920744478702545166015625" lon="108.89681822620332241058349609375">
        <ele>413.399993896484375</ele>
        <time>2026-04-06T09:20:14.000Z</time>
        <extensions>
          <ns3:TrackPointExtension>
            <ns3:hr>126</ns3:hr>
            <ns3:cad>93</ns3:cad>
          </ns3:TrackPointExtension>
        </extensions>
      </trkpt>
      <trkpt lat="34.2155766673386096954345703125" lon="108.89678503386676311492919921875">
        <ele>413.399993896484375</ele>
        <time>2026-04-06T09:20:15.000Z</time>
        <extensions>
          <ns3:TrackPointExtension>
            <ns3:hr>126</ns3:hr>
            <ns3:cad>93</ns3:cad>
          </ns3:TrackPointExtension>
        </extensions>
      </trkpt>
      <trkpt lat="34.21557851135730743408203125" lon="108.89676265418529510498046875">
        <ele>413.399993896484375</ele>
        <time>2026-04-06T09:20:16.000Z</time>
        <extensions>
          <ns3:TrackPointExtension>
            <ns3:hr>127</ns3:hr>
            <ns3:cad>93</ns3:cad>
          </ns3:TrackPointExtension>
        </extensions>
      </trkpt>
      <trkpt lat="34.2155860550701618194580078125" lon="108.89673055149614810943603515625">
        <ele>413.20001220703125</ele>
        <time>2026-04-06T09:20:17.000Z</time>
        <extensions>
          <ns3:TrackPointExtension>
            <ns3:hr>127</ns3:hr>
            <ns3:cad>93</ns3:cad>
          </ns3:TrackPointExtension>
        </extensions>
      </trkpt>
      <trkpt lat="34.21559167094528675079345703125" lon="108.896704651415348052978515625">
        <ele>413.20001220703125</ele>
        <time>2026-04-06T09:20:18.000Z</time>
        <extensions>
          <ns3:TrackPointExtension>
            <ns3:hr>127</ns3:hr>
            <ns3:cad>93</ns3:cad>
          </ns3:TrackPointExtension>
        </extensions>
      </trkpt>
      <trkpt lat="34.21559250913560390472412109375" lon="108.89666969887912273406982421875">
        <ele>413.20001220703125</ele>
        <time>2026-04-06T09:20:19.000Z</time>
        <extensions>
          <ns3:TrackPointExtension>
            <ns3:hr>128</ns3:hr>
            <ns3:cad>92</ns3:cad>
          </ns3:TrackPointExtension>
        </extensions>
      </trkpt>
      <trkpt lat="34.21559594571590423583984375" lon="108.89664002694189548492431640625">
        <ele>413.20001220703125</ele>
        <time>2026-04-06T09:20:20.000Z</time>
        <extensions>
          <ns3:TrackPointExtension>
            <ns3:hr>128</ns3:hr>
            <ns3:cad>92</ns3:cad>
          </ns3:TrackPointExtension>
        </extensions>
      </trkpt>
      <trkpt lat="34.21559753827750682830810546875" lon="108.8966049067676067352294921875">
        <ele>413.20001220703125</ele>
        <time>2026-04-06T09:20:21.000Z</time>
        <extensions>
          <ns3:TrackPointExtension>
            <ns3:hr>129</ns3:hr>
            <ns3:cad>92</ns3:cad>
          </ns3:TrackPointExtension>
        </extensions>
      </trkpt>
      <trkpt lat="34.21560466289520263671875" lon="108.89658135361969470977783203125">
        <ele>413.20001220703125</ele>
        <time>2026-04-06T09:20:22.000Z</time>
        <extensions>
          <ns3:TrackPointExtension>
            <ns3:hr>129</ns3:hr>
            <ns3:cad>92</ns3:cad>
          </ns3:TrackPointExtension>
        </extensions>
      </trkpt>
      <trkpt lat="34.2156071774661540985107421875" lon="108.89654313214123249053955078125">
        <ele>413.20001220703125</ele>
        <time>2026-04-06T09:20:23.000Z</time>
        <extensions>
          <ns3:TrackPointExtension>
            <ns3:hr>130</ns3:hr>
            <ns3:cad>93</ns3:cad>
          </ns3:TrackPointExtension>
        </extensions>
      </trkpt>
      <trkpt lat="34.21561128459870815277099609375" lon="108.8965173996984958648681640625">
        <ele>413.20001220703125</ele>
        <time>2026-04-06T09:20:24.000Z</time>
        <extensions>
          <ns3:TrackPointExtension>
            <ns3:hr>130</ns3:hr>
            <ns3:cad>93</ns3:cad>
          </ns3:TrackPointExtension>
        </extensions>
      </trkpt>
      <trkpt lat="34.21561061404645442962646484375" lon="108.8964905776083469390869140625">
        <ele>413</ele>
        <time>2026-04-06T09:20:25.000Z</time>
        <extensions>
          <ns3:TrackPointExtension>
            <ns3:hr>131</ns3:hr>
            <ns3:cad>93</ns3:cad>
          </ns3:TrackPointExtension>
        </extensions>
      </trkpt>
      <trkpt lat="34.21561262570321559906005859375" lon="108.8964647613465785980224609375">
        <ele>413</ele>
        <time>2026-04-06T09:20:26.000Z</time>
        <extensions>
          <ns3:TrackPointExtension>
            <ns3:hr>131</ns3:hr>
            <ns3:cad>93</ns3:cad>
          </ns3:TrackPointExtension>
        </extensions>
      </trkpt>
      <trkpt lat="34.21561715193092823028564453125" lon="108.89644154347479343414306640625">
        <ele>413</ele>
        <time>2026-04-06T09:20:27.000Z</time>
        <extensions>
          <ns3:TrackPointExtension>
            <ns3:hr>131</ns3:hr>
            <ns3:cad>93</ns3:cad>
          </ns3:TrackPointExtension>
        </extensions>
      </trkpt>
      <trkpt lat="34.21562704257667064666748046875" lon="108.89642260037362575531005859375">
        <ele>413</ele>
        <time>2026-04-06T09:20:28.000Z</time>
        <extensions>
          <ns3:TrackPointExtension>
            <ns3:hr>131</ns3:hr>
            <ns3:cad>93</ns3:cad>
          </ns3:TrackPointExtension>
        </extensions>
      </trkpt>
      <trkpt lat="34.21563793905079364776611328125" lon="108.89640717767179012298583984375">
        <ele>413</ele>
        <time>2026-04-06T09:20:29.000Z</time>
        <extensions>
          <ns3:TrackPointExtension>
            <ns3:hr>132</ns3:hr>
            <ns3:cad>94</ns3:cad>
          </ns3:TrackPointExtension>
        </extensions>
      </trkpt>
      <trkpt lat="34.2156524397432804107666015625" lon="108.89639326371252536773681640625">
        <ele>413</ele>
        <time>2026-04-06T09:20:30.000Z</time>
        <extensions>
          <ns3:TrackPointExtension>
            <ns3:hr>131</ns3:hr>
            <ns3:cad>94</ns3:cad>
          </ns3:TrackPointExtension>
        </extensions>
      </trkpt>
      <trkpt lat="34.21566291712224483489990234375" lon="108.8963856361806392669677734375">
        <ele>412.79998779296875</ele>
        <time>2026-04-06T09:20:31.000Z</time>
        <extensions>
          <ns3:TrackPointExtension>
            <ns3:hr>131</ns3:hr>
            <ns3:cad>93</ns3:cad>
          </ns3:TrackPointExtension>
        </extensions>
      </trkpt>
      <trkpt lat="34.215684123337268829345703125" lon="108.896382786333560943603515625">
        <ele>412.79998779296875</ele>
        <time>2026-04-06T09:20:32.000Z</time>
        <extensions>
          <ns3:TrackPointExtension>
            <ns3:hr>132</ns3:hr>
            <ns3:cad>92</ns3:cad>
          </ns3:TrackPointExtension>
        </extensions>
      </trkpt>
      <trkpt lat="34.2157003842294216156005859375" lon="108.89638404361903667449951171875">
        <ele>412.79998779296875</ele>
        <time>2026-04-06T09:20:33.000Z</time>
        <extensions>
          <ns3:TrackPointExtension>
            <ns3:hr>132</ns3:hr>
            <ns3:cad>92</ns3:cad>
          </ns3:TrackPointExtension>
        </extensions>
      </trkpt>
      <trkpt lat="34.2157198302447795867919921875" lon="108.8963945209980010986328125">
        <ele>412.79998779296875</ele>
        <time>2026-04-06T09:20:34.000Z</time>
        <extensions>
          <ns3:TrackPointExtension>
            <ns3:hr>132</ns3:hr>
            <ns3:cad>93</ns3:cad>
          </ns3:TrackPointExtension>
        </extensions>
      </trkpt>
      <trkpt lat="34.21573349274694919586181640625" lon="108.89640994369983673095703125">
        <ele>412.79998779296875</ele>
        <time>2026-04-06T09:20:35.000Z</time>
        <extensions>
          <ns3:TrackPointExtension>
            <ns3:hr>132</ns3:hr>
            <ns3:cad>93</ns3:cad>
          </ns3:TrackPointExtension>
        </extensions>
      </trkpt>
      <trkpt lat="34.2157557047903537750244140625" lon="108.8964235223829746246337890625">
        <ele>412.79998779296875</ele>
        <time>2026-04-06T09:20:36.000Z</time>
        <extensions>
          <ns3:TrackPointExtension>
            <ns3:hr>132</ns3:hr>
            <ns3:cad>92</ns3:cad>
          </ns3:TrackPointExtension>
        </extensions>
      </trkpt>
      <trkpt lat="34.21577255241572856903076171875" lon="108.89643701724708080291748046875">
        <ele>412.79998779296875</ele>
        <time>2026-04-06T09:20:37.000Z</time>
        <extensions>
          <ns3:TrackPointExtension>
            <ns3:hr>132</ns3:hr>
            <ns3:cad>92</ns3:cad>
          </ns3:TrackPointExtension>
        </extensions>
      </trkpt>
      <trkpt lat="34.21579350717365741729736328125" lon="108.8964506797492504119873046875">
        <ele>412.79998779296875</ele>
        <time>2026-04-06T09:20:38.000Z</time>
        <extensions>
          <ns3:TrackPointExtension>
            <ns3:hr>132</ns3:hr>
            <ns3:cad>91</ns3:cad>
          </ns3:TrackPointExtension>
        </extensions>
      </trkpt>
      <trkpt lat="34.215805493295192718505859375" lon="108.89646216295659542083740234375">
        <ele>412.79998779296875</ele>
        <time>2026-04-06T09:20:39.000Z</time>
        <extensions>
          <ns3:TrackPointExtension>
            <ns3:hr>132</ns3:hr>
            <ns3:cad>91</ns3:cad>
          </ns3:TrackPointExtension>
        </extensions>
      </trkpt>
      <trkpt lat="34.21583055518567562103271484375" lon="108.89647255651652812957763671875">
        <ele>412.79998779296875</ele>
        <time>2026-04-06T09:20:40.000Z</time>
        <extensions>
          <ns3:TrackPointExtension>
            <ns3:hr>132</ns3:hr>
            <ns3:cad>92</ns3:cad>
          </ns3:TrackPointExtension>
        </extensions>
      </trkpt>
      <trkpt lat="34.2158455587923526763916015625" lon="108.896483369171619415283203125">
        <ele>412.79998779296875</ele>
        <time>2026-04-06T09:20:41.000Z</time>
        <extensions>
          <ns3:TrackPointExtension>
            <ns3:hr>132</ns3:hr>
            <ns3:cad>92</ns3:cad>
          </ns3:TrackPointExtension>
        </extensions>
      </trkpt>
      <trkpt lat="34.2158733867108821868896484375" lon="108.89649518765509128570556640625">
        <ele>412.79998779296875</ele>
        <time>2026-04-06T09:20:42.000Z</time>
        <extensions>
          <ns3:TrackPointExtension>
            <ns3:hr>132</ns3:hr>
            <ns3:cad>92</ns3:cad>
          </ns3:TrackPointExtension>
        </extensions>
      </trkpt>
      <trkpt lat="34.2158901505172252655029296875" lon="108.89650658704340457916259765625">
        <ele>412.79998779296875</ele>
        <time>2026-04-06T09:20:43.000Z</time>
        <extensions>
          <ns3:TrackPointExtension>
            <ns3:hr>133</ns3:hr>
            <ns3:cad>92</ns3:cad>
          </ns3:TrackPointExtension>
        </extensions>
      </trkpt>
      <trkpt lat="34.21591781079769134521484375" lon="108.89651882462203502655029296875">
        <ele>412.79998779296875</ele>
        <time>2026-04-06T09:20:44.000Z</time>
        <extensions>
          <ns3:TrackPointExtension>
            <ns3:hr>133</ns3:hr>
            <ns3:cad>92</ns3:cad>
          </ns3:TrackPointExtension>
        </extensions>
      </trkpt>
      <trkpt lat="34.2159350775182247161865234375" lon="108.89653575606644153594970703125">
        <ele>412.79998779296875</ele>
        <time>2026-04-06T09:20:45.000Z</time>
        <extensions>
          <ns3:TrackPointExtension>
            <ns3:hr>133</ns3:hr>
            <ns3:cad>92</ns3:cad>
          </ns3:TrackPointExtension>
        </extensions>
      </trkpt>
      <trkpt lat="34.21595980413258075714111328125" lon="108.89655210077762603759765625">
        <ele>412.79998779296875</ele>
        <time>2026-04-06T09:20:46.000Z</time>
        <extensions>
          <ns3:TrackPointExtension>
            <ns3:hr>134</ns3:hr>
            <ns3:cad>92</ns3:cad>
          </ns3:TrackPointExtension>
        </extensions>
      </trkpt>
      <trkpt lat="34.2159833572804927825927734375" lon="108.89656710438430309295654296875">
        <ele>413</ele>
        <time>2026-04-06T09:20:47.000Z</time>
        <extensions>
          <ns3:TrackPointExtension>
            <ns3:hr>134</ns3:hr>
            <ns3:cad>92</ns3:cad>
          </ns3:TrackPointExtension>
        </extensions>
      </trkpt>
      <trkpt lat="34.21600774861872196197509765625" lon="108.89658034779131412506103515625">
        <ele>413</ele>
        <time>2026-04-06T09:20:48.000Z</time>
        <extensions>
          <ns3:TrackPointExtension>
            <ns3:hr>134</ns3:hr>
            <ns3:cad>92</ns3:cad>
          </ns3:TrackPointExtension>
        </extensions>
      </trkpt>
      <trkpt lat="34.21603239141404628753662109375" lon="108.89659375883638858795166015625">
        <ele>413</ele>
        <time>2026-04-06T09:20:49.000Z</time>
        <extensions>
          <ns3:TrackPointExtension>
            <ns3:hr>134</ns3:hr>
            <ns3:cad>92</ns3:cad>
          </ns3:TrackPointExtension>
        </extensions>
      </trkpt>
      <trkpt lat="34.21605468727648258209228515625" lon="108.89660264365375041961669921875">
        <ele>413</ele>
        <time>2026-04-06T09:20:50.000Z</time>
        <extensions>
          <ns3:TrackPointExtension>
            <ns3:hr>135</ns3:hr>
            <ns3:cad>92</ns3:cad>
          </ns3:TrackPointExtension>
        </extensions>
      </trkpt>
      <trkpt lat="34.216077737510204315185546875" lon="108.8966149650514125823974609375">
        <ele>413</ele>
        <time>2026-04-06T09:20:51.000Z</time>
        <extensions>
          <ns3:TrackPointExtension>
            <ns3:hr>135</ns3:hr>
            <ns3:cad>92</ns3:cad>
          </ns3:TrackPointExtension>
        </extensions>
      </trkpt>
      <trkpt lat="34.2160946689546108245849609375" lon="108.8966273702681064605712890625">
        <ele>413</ele>
        <time>2026-04-06T09:20:52.000Z</time>
        <extensions>
          <ns3:TrackPointExtension>
            <ns3:hr>135</ns3:hr>
            <ns3:cad>91</ns3:cad>
          </ns3:TrackPointExtension>
        </extensions>
      </trkpt>
      <trkpt lat="34.2161184735596179962158203125" lon="108.89664539135992527008056640625">
        <ele>413</ele>
        <time>2026-04-06T09:20:53.000Z</time>
        <extensions>
          <ns3:TrackPointExtension>
            <ns3:hr>135</ns3:hr>
            <ns3:cad>91</ns3:cad>
          </ns3:TrackPointExtension>
        </extensions>
      </trkpt>
      <trkpt lat="34.21613565646111965179443359375" lon="108.896658383309841156005859375">
        <ele>413</ele>
        <time>2026-04-06T09:20:54.000Z</time>
        <extensions>
          <ns3:TrackPointExtension>
            <ns3:hr>135</ns3:hr>
            <ns3:cad>93</ns3:cad>
          </ns3:TrackPointExtension>
        </extensions>
      </trkpt>
      <trkpt lat="34.2161543481051921844482421875" lon="108.89666835777461528778076171875">
        <ele>413</ele>
        <time>2026-04-06T09:20:55.000Z</time>
        <extensions>
          <ns3:TrackPointExtension>
            <ns3:hr>135</ns3:hr>
            <ns3:cad>93</ns3:cad>
          </ns3:TrackPointExtension>
        </extensions>
      </trkpt>
      <trkpt lat="34.21617018990218639373779296875" lon="108.896681182086467742919921875">
        <ele>413</ele>
        <time>2026-04-06T09:20:56.000Z</time>
        <extensions>
          <ns3:TrackPointExtension>
            <ns3:hr>134</ns3:hr>
            <ns3:cad>94</ns3:cad>
          </ns3:TrackPointExtension>
        </extensions>
      </trkpt>
      <trkpt lat="34.2161952517926692962646484375" lon="108.8966840319335460662841796875">
        <ele>413</ele>
        <time>2026-04-06T09:20:57.000Z</time>
        <extensions>
          <ns3:TrackPointExtension>
            <ns3:hr>134</ns3:hr>
            <ns3:cad>94</ns3:cad>
          </ns3:TrackPointExtension>
        </extensions>
      </trkpt>
      <trkpt lat="34.2162083275616168975830078125" lon="108.89669434167444705963134765625">
        <ele>413</ele>
        <time>2026-04-06T09:20:58.000Z</time>
        <extensions>
          <ns3:TrackPointExtension>
            <ns3:hr>134</ns3:hr>
            <ns3:cad>93</ns3:cad>
          </ns3:TrackPointExtension>
        </extensions>
      </trkpt>
      <trkpt lat="34.2162237502634525299072265625" lon="108.8966994546353816986083984375">
        <ele>413</ele>
        <time>2026-04-06T09:20:59.000Z</time>
        <extensions>
          <ns3:TrackPointExtension>
            <ns3:hr>134</ns3:hr>
            <ns3:cad>93</ns3:cad>
          </ns3:TrackPointExtension>
        </extensions>
      </trkpt>
      <trkpt lat="34.216236658394336700439453125" lon="108.89670431613922119140625">
        <ele>413</ele>
        <time>2026-04-06T09:21:00.000Z</time>
        <extensions>
          <ns3:TrackPointExtension>
            <ns3:hr>134</ns3:hr>
            <ns3:cad>92</ns3:cad>
          </ns3:TrackPointExtension>
        </extensions>
      </trkpt>
      <trkpt lat="34.2162515781819820404052734375" lon="108.89671278186142444610595703125">
        <ele>413</ele>
        <time>2026-04-06T09:21:01.000Z</time>
        <extensions>
          <ns3:TrackPointExtension>
            <ns3:hr>134</ns3:hr>
            <ns3:cad>92</ns3:cad>
          </ns3:TrackPointExtension>
        </extensions>
      </trkpt>
      <trkpt lat="34.2162690125405788421630859375" lon="108.8967289589345455169677734375">
        <ele>413</ele>
        <time>2026-04-06T09:21:02.000Z</time>
        <extensions>
          <ns3:TrackPointExtension>
            <ns3:hr>133</ns3:hr>
            <ns3:cad>94</ns3:cad>
          </ns3:TrackPointExtension>
        </extensions>
      </trkpt>
      <trkpt lat="34.2162881232798099517822265625" lon="108.89674211852252483367919921875">
        <ele>413.20001220703125</ele>
        <time>2026-04-06T09:21:03.000Z</time>
        <extensions>
          <ns3:TrackPointExtension>
            <ns3:hr>134</ns3:hr>
            <ns3:cad>94</ns3:cad>
          </ns3:TrackPointExtension>
        </extensions>
      </trkpt>
      <trkpt lat="34.21630647964775562286376953125" lon="108.89675728976726531982421875">
        <ele>413.20001220703125</ele>
        <time>2026-04-06T09:21:04.000Z</time>
        <extensions>
          <ns3:TrackPointExtension>
            <ns3:hr>134</ns3:hr>
            <ns3:cad>92</ns3:cad>
          </ns3:TrackPointExtension>
        </extensions>
      </trkpt>
      <trkpt lat="34.21631720848381519317626953125" lon="108.89677816070616245269775390625">
        <ele>413.20001220703125</ele>
        <time>2026-04-06T09:21:05.000Z</time>
        <extensions>
          <ns3:TrackPointExtension>
            <ns3:hr>133</ns3:hr>
            <ns3:cad>92</ns3:cad>
          </ns3:TrackPointExtension>
        </extensions>
      </trkpt>
      <trkpt lat="34.2163266800343990325927734375" lon="108.896798528730869293212890625">
        <ele>413.20001220703125</ele>
        <time>2026-04-06T09:21:06.000Z</time>
        <extensions>
          <ns3:TrackPointExtension>
            <ns3:hr>133</ns3:hr>
            <ns3:cad>93</ns3:cad>
          </ns3:TrackPointExtension>
        </extensions>
      </trkpt>
      <trkpt lat="34.2163266800343990325927734375" lon="108.89681822620332241058349609375">
        <ele>413.20001220703125</ele>
        <time>2026-04-06T09:21:07.000Z</time>
        <extensions>
          <ns3:TrackPointExtension>
            <ns3:hr>134</ns3:hr>
            <ns3:cad>93</ns3:cad>
          </ns3:TrackPointExtension>
        </extensions>
      </trkpt>
      <trkpt lat="34.216324500739574432373046875" lon="108.89684873633086681365966796875">
        <ele>413.20001220703125</ele>
        <time>2026-04-06T09:21:08.000Z</time>
        <extensions>
          <ns3:TrackPointExtension>
            <ns3:hr>133</ns3:hr>
            <ns3:cad>93</ns3:cad>
          </ns3:TrackPointExtension>
        </extensions>
      </trkpt>
      <trkpt lat="34.216317795217037200927734375" lon="108.89686332084238529205322265625">
        <ele>413.399993896484375</ele>
        <time>2026-04-06T09:21:09.000Z</time>
        <extensions>
          <ns3:TrackPointExtension>
            <ns3:hr>133</ns3:hr>
            <ns3:cad>93</ns3:cad>
          </ns3:TrackPointExtension>
        </extensions>
      </trkpt>
      <trkpt lat="34.216317795217037200927734375" lon="108.89689232222735881805419921875">
        <ele>413.399993896484375</ele>
        <time>2026-04-06T09:21:10.000Z</time>
        <extensions>
          <ns3:TrackPointExtension>
            <ns3:hr>133</ns3:hr>
            <ns3:cad>93</ns3:cad>
          </ns3:TrackPointExtension>
        </extensions>
      </trkpt>
      <trkpt lat="34.2163099162280559539794921875" lon="108.89690824784338474273681640625">
        <ele>413.399993896484375</ele>
        <time>2026-04-06T09:21:11.000Z</time>
        <extensions>
          <ns3:TrackPointExtension>
            <ns3:hr>134</ns3:hr>
            <ns3:cad>93</ns3:cad>
          </ns3:TrackPointExtension>
        </extensions>
      </trkpt>
      <trkpt lat="34.21631217934191226959228515625" lon="108.89693699777126312255859375">
        <ele>413.399993896484375</ele>
        <time>2026-04-06T09:21:12.000Z</time>
        <extensions>
          <ns3:TrackPointExtension>
            <ns3:hr>133</ns3:hr>
            <ns3:cad>92</ns3:cad>
          </ns3:TrackPointExtension>
        </extensions>
      </trkpt>
      <trkpt lat="34.21631000004708766937255859375" lon="108.89695753343403339385986328125">
        <ele>413.399993896484375</ele>
        <time>2026-04-06T09:21:13.000Z</time>
        <extensions>
          <ns3:TrackPointExtension>
            <ns3:hr>133</ns3:hr>
            <ns3:cad>92</ns3:cad>
          </ns3:TrackPointExtension>
        </extensions>
      </trkpt>
      <trkpt lat="34.216306395828723907470703125" lon="108.89698385260999202728271484375">
        <ele>413.399993896484375</ele>
        <time>2026-04-06T09:21:14.000Z</time>
        <extensions>
          <ns3:TrackPointExtension>
            <ns3:hr>133</ns3:hr>
            <ns3:cad>93</ns3:cad>
          </ns3:TrackPointExtension>
        </extensions>
      </trkpt>
      <trkpt lat="34.216298349201679229736328125" lon="108.89700447209179401397705078125">
        <ele>413.399993896484375</ele>
        <time>2026-04-06T09:21:15.000Z</time>
        <extensions>
          <ns3:TrackPointExtension>
            <ns3:hr>134</ns3:hr>
            <ns3:cad>93</ns3:cad>
          </ns3:TrackPointExtension>
        </extensions>
      </trkpt>
      <trkpt lat="34.216292984783649444580078125" lon="108.89703028835356235504150390625">
        <ele>413.399993896484375</ele>
        <time>2026-04-06T09:21:16.000Z</time>
        <extensions>
          <ns3:TrackPointExtension>
            <ns3:hr>133</ns3:hr>
            <ns3:cad>93</ns3:cad>
          </ns3:TrackPointExtension>
        </extensions>
      </trkpt>
      <trkpt lat="34.21628887765109539031982421875" lon="108.8970602117478847503662109375">
        <ele>413.600006103515625</ele>
        <time>2026-04-06T09:21:17.000Z</time>
        <extensions>
          <ns3:TrackPointExtension>
            <ns3:hr>133</ns3:hr>
            <ns3:cad>93</ns3:cad>
          </ns3:TrackPointExtension>
        </extensions>
      </trkpt>
      <trkpt lat="34.21628653071820735931396484375" lon="108.89708795584738254547119140625">
        <ele>413.600006103515625</ele>
        <time>2026-04-06T09:21:18.000Z</time>
        <extensions>
          <ns3:TrackPointExtension>
            <ns3:hr>133</ns3:hr>
            <ns3:cad>92</ns3:cad>
          </ns3:TrackPointExtension>
        </extensions>
      </trkpt>
      <trkpt lat="34.21627999283373355865478515625" lon="108.8971182145178318023681640625">
        <ele>413.600006103515625</ele>
        <time>2026-04-06T09:21:19.000Z</time>
        <extensions>
          <ns3:TrackPointExtension>
            <ns3:hr>132</ns3:hr>
            <ns3:cad>92</ns3:cad>
          </ns3:TrackPointExtension>
        </extensions>
      </trkpt>
      <trkpt lat="34.21627429313957691192626953125" lon="108.897147886455059051513671875">
        <ele>413.600006103515625</ele>
        <time>2026-04-06T09:21:20.000Z</time>
        <extensions>
          <ns3:TrackPointExtension>
            <ns3:hr>132</ns3:hr>
            <ns3:cad>93</ns3:cad>
          </ns3:TrackPointExtension>
        </extensions>
      </trkpt>
      <trkpt lat="34.216286279261112213134765625" lon="108.89718099497258663177490234375">
        <ele>413.600006103515625</ele>
        <time>2026-04-06T09:21:21.000Z</time>
        <extensions>
          <ns3:TrackPointExtension>
            <ns3:hr>132</ns3:hr>
            <ns3:cad>93</ns3:cad>
          </ns3:TrackPointExtension>
        </extensions>
      </trkpt>
      <trkpt lat="34.21629709191620349884033203125" lon="108.8972080685198307037353515625">
        <ele>413.79998779296875</ele>
        <time>2026-04-06T09:21:22.000Z</time>
        <extensions>
          <ns3:TrackPointExtension>
            <ns3:hr>133</ns3:hr>
            <ns3:cad>93</ns3:cad>
          </ns3:TrackPointExtension>
        </extensions>
      </trkpt>
      <trkpt lat="34.216313771903514862060546875" lon="108.89723279513418674468994140625">
        <ele>413.600006103515625</ele>
        <time>2026-04-06T09:21:23.000Z</time>
        <extensions>
          <ns3:TrackPointExtension>
            <ns3:hr>132</ns3:hr>
            <ns3:cad>92</ns3:cad>
          </ns3:TrackPointExtension>
        </extensions>
      </trkpt>
      <trkpt lat="34.21632642857730388641357421875" lon="108.8972513191401958465576171875">
        <ele>413.600006103515625</ele>
        <time>2026-04-06T09:21:24.000Z</time>
        <extensions>
          <ns3:TrackPointExtension>
            <ns3:hr>132</ns3:hr>
            <ns3:cad>91</ns3:cad>
          </ns3:TrackPointExtension>
        </extensions>
      </trkpt>
      <trkpt lat="34.216343946754932403564453125" lon="108.89726364053785800933837890625">
        <ele>413.600006103515625</ele>
        <time>2026-04-06T09:21:25.000Z</time>
        <extensions>
          <ns3:TrackPointExtension>
            <ns3:hr>132</ns3:hr>
            <ns3:cad>91</ns3:cad>
          </ns3:TrackPointExtension>
        </extensions>
      </trkpt>
      <trkpt lat="34.216359369456768035888671875" lon="108.89727738685905933380126953125">
        <ele>413.600006103515625</ele>
        <time>2026-04-06T09:21:26.000Z</time>
        <extensions>
          <ns3:TrackPointExtension>
            <ns3:hr>133</ns3:hr>
            <ns3:cad>91</ns3:cad>
          </ns3:TrackPointExtension>
        </extensions>
      </trkpt>
      <trkpt lat="34.21638275496661663055419921875" lon="108.897290043532848358154296875">
        <ele>413.600006103515625</ele>
        <time>2026-04-06T09:21:27.000Z</time>
        <extensions>
          <ns3:TrackPointExtension>
            <ns3:hr>132</ns3:hr>
            <ns3:cad>92</ns3:cad>
          </ns3:TrackPointExtension>
        </extensions>
      </trkpt>
      <trkpt lat="34.2163964174687862396240234375" lon="108.897302113473415374755859375">
        <ele>413.600006103515625</ele>
        <time>2026-04-06T09:21:28.000Z</time>
        <extensions>
          <ns3:TrackPointExtension>
            <ns3:hr>132</ns3:hr>
            <ns3:cad>93</ns3:cad>
          </ns3:TrackPointExtension>
        </extensions>
      </trkpt>
      <trkpt lat="34.21642483212053775787353515625" lon="108.89731829054653644561767578125">
        <ele>413.600006103515625</ele>
        <time>2026-04-06T09:21:29.000Z</time>
        <extensions>
          <ns3:TrackPointExtension>
            <ns3:hr>132</ns3:hr>
            <ns3:cad>93</ns3:cad>
          </ns3:TrackPointExtension>
        </extensions>
      </trkpt>
      <trkpt lat="34.21644486486911773681640625" lon="108.897328935563564300537109375">
        <ele>413.399993896484375</ele>
        <time>2026-04-06T09:21:30.000Z</time>
        <extensions>
          <ns3:TrackPointExtension>
            <ns3:hr>133</ns3:hr>
            <ns3:cad>93</ns3:cad>
          </ns3:TrackPointExtension>
        </extensions>
      </trkpt>
      <trkpt lat="34.21647059731185436248779296875" lon="108.8973431847989559173583984375">
        <ele>413.399993896484375</ele>
        <time>2026-04-06T09:21:31.000Z</time>
        <extensions>
          <ns3:TrackPointExtension>
            <ns3:hr>132</ns3:hr>
            <ns3:cad>93</ns3:cad>
          </ns3:TrackPointExtension>
        </extensions>
      </trkpt>
      <trkpt lat="34.2164859361946582794189453125" lon="108.89735885895788669586181640625">
        <ele>413.399993896484375</ele>
        <time>2026-04-06T09:21:32.000Z</time>
        <extensions>
          <ns3:TrackPointExtension>
            <ns3:hr>133</ns3:hr>
            <ns3:cad>92</ns3:cad>
          </ns3:TrackPointExtension>
        </extensions>
      </trkpt>
      <trkpt lat="34.216508232057094573974609375" lon="108.89737310819327831268310546875">
        <ele>413.399993896484375</ele>
        <time>2026-04-06T09:21:33.000Z</time>
        <extensions>
          <ns3:TrackPointExtension>
            <ns3:hr>133</ns3:hr>
            <ns3:cad>92</ns3:cad>
          </ns3:TrackPointExtension>
        </extensions>
      </trkpt>
      <trkpt lat="34.21653195284307003021240234375" lon="108.89739087782800197601318359375">
        <ele>413.399993896484375</ele>
        <time>2026-04-06T09:21:34.000Z</time>
        <extensions>
          <ns3:TrackPointExtension>
            <ns3:hr>133</ns3:hr>
            <ns3:cad>92</ns3:cad>
          </ns3:TrackPointExtension>
        </extensions>
      </trkpt>
      <trkpt lat="34.2165573500096797943115234375" lon="108.8973963260650634765625">
        <ele>413.399993896484375</ele>
        <time>2026-04-06T09:21:35.000Z</time>
        <extensions>
          <ns3:TrackPointExtension>
            <ns3:hr>133</ns3:hr>
            <ns3:cad>94</ns3:cad>
          </ns3:TrackPointExtension>
        </extensions>
      </trkpt>
      <trkpt lat="34.2165851779282093048095703125" lon="108.8974008522927761077880859375">
        <ele>413.399993896484375</ele>
        <time>2026-04-06T09:21:36.000Z</time>
        <extensions>
          <ns3:TrackPointExtension>
            <ns3:hr>133</ns3:hr>
            <ns3:cad>94</ns3:cad>
          </ns3:TrackPointExtension>
        </extensions>
      </trkpt>
      <trkpt lat="34.2166059650480747222900390625" lon="108.89739775098860263824462890625">
        <ele>413.399993896484375</ele>
        <time>2026-04-06T09:21:37.000Z</time>
        <extensions>
          <ns3:TrackPointExtension>
            <ns3:hr>132</ns3:hr>
            <ns3:cad>94</ns3:cad>
          </ns3:TrackPointExtension>
        </extensions>
      </trkpt>
      <trkpt lat="34.2166287638247013092041015625" lon="108.89738517813384532928466796875">
        <ele>413.20001220703125</ele>
        <time>2026-04-06T09:21:38.000Z</time>
        <extensions>
          <ns3:TrackPointExtension>
            <ns3:hr>132</ns3:hr>
            <ns3:cad>93</ns3:cad>
          </ns3:TrackPointExtension>
        </extensions>
      </trkpt>
      <trkpt lat="34.21664594672620296478271484375" lon="108.89737143181264400482177734375">
        <ele>413.20001220703125</ele>
        <time>2026-04-06T09:21:39.000Z</time>
        <extensions>
          <ns3:TrackPointExtension>
            <ns3:hr>132</ns3:hr>
            <ns3:cad>93</ns3:cad>
          </ns3:TrackPointExtension>
        </extensions>
      </trkpt>
      <trkpt lat="34.21666480600833892822265625" lon="108.89734846539795398712158203125">
        <ele>413.20001220703125</ele>
        <time>2026-04-06T09:21:40.000Z</time>
        <extensions>
          <ns3:TrackPointExtension>
            <ns3:hr>132</ns3:hr>
            <ns3:cad>92</ns3:cad>
          </ns3:TrackPointExtension>
        </extensions>
      </trkpt>
      <trkpt lat="34.216678552329540252685546875" lon="108.89732952229678630828857421875">
        <ele>413.20001220703125</ele>
        <time>2026-04-06T09:21:41.000Z</time>
        <extensions>
          <ns3:TrackPointExtension>
            <ns3:hr>131</ns3:hr>
            <ns3:cad>92</ns3:cad>
          </ns3:TrackPointExtension>
        </extensions>
      </trkpt>
      <trkpt lat="34.21669087372720241546630859375" lon="108.897309489548206329345703125">
        <ele>413.20001220703125</ele>
        <time>2026-04-06T09:21:42.000Z</time>
        <extensions>
          <ns3:TrackPointExtension>
            <ns3:hr>131</ns3:hr>
            <ns3:cad>92</ns3:cad>
          </ns3:TrackPointExtension>
        </extensions>
      </trkpt>
      <trkpt lat="34.2167035304009914398193359375" lon="108.8972912169992923736572265625">
        <ele>413.399993896484375</ele>
        <time>2026-04-06T09:21:43.000Z</time>
        <extensions>
          <ns3:TrackPointExtension>
            <ns3:hr>131</ns3:hr>
            <ns3:cad>92</ns3:cad>
          </ns3:TrackPointExtension>
        </extensions>
      </trkpt>
      <trkpt lat="34.2167150974273681640625" lon="108.89726866967976093292236328125">
        <ele>413.399993896484375</ele>
        <time>2026-04-06T09:21:44.000Z</time>
        <extensions>
          <ns3:TrackPointExtension>
            <ns3:hr>131</ns3:hr>
            <ns3:cad>91</ns3:cad>
          </ns3:TrackPointExtension>
        </extensions>
      </trkpt>
      <trkpt lat="34.21672825701534748077392578125" lon="108.89724838547408580780029296875">
        <ele>413.399993896484375</ele>
        <time>2026-04-06T09:21:45.000Z</time>
        <extensions>
          <ns3:TrackPointExtension>
            <ns3:hr>131</ns3:hr>
            <ns3:cad>91</ns3:cad>
          </ns3:TrackPointExtension>
        </extensions>
      </trkpt>
      <trkpt lat="34.216740243136882781982421875" lon="108.8972258381545543670654296875">
        <ele>413.399993896484375</ele>
        <time>2026-04-06T09:21:46.000Z</time>
        <extensions>
          <ns3:TrackPointExtension>
            <ns3:hr>132</ns3:hr>
            <ns3:cad>92</ns3:cad>
          </ns3:TrackPointExtension>
        </extensions>
      </trkpt>
      <trkpt lat="34.2167581804096698760986328125" lon="108.8972080685198307037353515625">
        <ele>413.399993896484375</ele>
        <time>2026-04-06T09:21:47.000Z</time>
        <extensions>
          <ns3:TrackPointExtension>
            <ns3:hr>132</ns3:hr>
            <ns3:cad>92</ns3:cad>
          </ns3:TrackPointExtension>
        </extensions>
      </trkpt>
      <trkpt lat="34.216767735779285430908203125" lon="108.8971738703548908233642578125">
        <ele>413.399993896484375</ele>
        <time>2026-04-06T09:21:48.000Z</time>
        <extensions>
          <ns3:TrackPointExtension>
            <ns3:hr>132</ns3:hr>
            <ns3:cad>92</ns3:cad>
          </ns3:TrackPointExtension>
        </extensions>
      </trkpt>
      <trkpt lat="34.21678575687110424041748046875" lon="108.89715752564370632171630859375">
        <ele>413.399993896484375</ele>
        <time>2026-04-06T09:21:49.000Z</time>
        <extensions>
          <ns3:TrackPointExtension>
            <ns3:hr>132</ns3:hr>
            <ns3:cad>92</ns3:cad>
          </ns3:TrackPointExtension>
        </extensions>
      </trkpt>
      <trkpt lat="34.21680604107677936553955078125" lon="108.897130452096462249755859375">
        <ele>413.399993896484375</ele>
        <time>2026-04-06T09:21:50.000Z</time>
        <extensions>
          <ns3:TrackPointExtension>
            <ns3:hr>132</ns3:hr>
            <ns3:cad>91</ns3:cad>
          </ns3:TrackPointExtension>
        </extensions>
      </trkpt>
      <trkpt lat="34.2168237268924713134765625" lon="108.89711461029946804046630859375">
        <ele>413.399993896484375</ele>
        <time>2026-04-06T09:21:51.000Z</time>
        <extensions>
          <ns3:TrackPointExtension>
            <ns3:hr>132</ns3:hr>
            <ns3:cad>91</ns3:cad>
          </ns3:TrackPointExtension>
        </extensions>
      </trkpt>
      <trkpt lat="34.2168440110981464385986328125" lon="108.89708728529512882232666015625">
        <ele>413.399993896484375</ele>
        <time>2026-04-06T09:21:52.000Z</time>
        <extensions>
          <ns3:TrackPointExtension>
            <ns3:hr>133</ns3:hr>
            <ns3:cad>92</ns3:cad>
          </ns3:TrackPointExtension>
        </extensions>
      </trkpt>
      <trkpt lat="34.21686203218996524810791015625" lon="108.89707085676491260528564453125">
        <ele>413.399993896484375</ele>
        <time>2026-04-06T09:21:53.000Z</time>
        <extensions>
          <ns3:TrackPointExtension>
            <ns3:hr>133</ns3:hr>
            <ns3:cad>92</ns3:cad>
          </ns3:TrackPointExtension>
        </extensions>
      </trkpt>
      <trkpt lat="34.21687527559697628021240234375" lon="108.8970441184937953948974609375">
        <ele>413.399993896484375</ele>
        <time>2026-04-06T09:21:54.000Z</time>
        <extensions>
          <ns3:TrackPointExtension>
            <ns3:hr>133</ns3:hr>
            <ns3:cad>92</ns3:cad>
          </ns3:TrackPointExtension>
        </extensions>
      </trkpt>
      <trkpt lat="34.216889105737209320068359375" lon="108.8970229960978031158447265625">
        <ele>413.399993896484375</ele>
        <time>2026-04-06T09:21:55.000Z</time>
        <extensions>
          <ns3:TrackPointExtension>
            <ns3:hr>133</ns3:hr>
            <ns3:cad>92</ns3:cad>
          </ns3:TrackPointExtension>
        </extensions>
      </trkpt>
      <trkpt lat="34.21690461225807666778564453125" lon="108.89699860475957393646240234375">
        <ele>413.399993896484375</ele>
        <time>2026-04-06T09:21:56.000Z</time>
        <extensions>
          <ns3:TrackPointExtension>
            <ns3:hr>133</ns3:hr>
            <ns3:cad>92</ns3:cad>
          </ns3:TrackPointExtension>
        </extensions>
      </trkpt>
      <trkpt lat="34.21691483817994594573974609375" lon="108.8969737105071544647216796875">
        <ele>413.399993896484375</ele>
        <time>2026-04-06T09:21:57.000Z</time>
        <extensions>
          <ns3:TrackPointExtension>
            <ns3:hr>132</ns3:hr>
            <ns3:cad>92</ns3:cad>
          </ns3:TrackPointExtension>
        </extensions>
      </trkpt>
      <trkpt lat="34.21692640520632266998291015625" lon="108.89694563113152980804443359375">
        <ele>413.399993896484375</ele>
        <time>2026-04-06T09:21:58.000Z</time>
        <extensions>
          <ns3:TrackPointExtension>
            <ns3:hr>133</ns3:hr>
            <ns3:cad>92</ns3:cad>
          </ns3:TrackPointExtension>
        </extensions>
      </trkpt>
      <trkpt lat="34.2169363796710968017578125" lon="108.89691495336592197418212890625">
        <ele>413.399993896484375</ele>
        <time>2026-04-06T09:21:59.000Z</time>
        <extensions>
          <ns3:TrackPointExtension>
            <ns3:hr>133</ns3:hr>
            <ns3:cad>92</ns3:cad>
          </ns3:TrackPointExtension>
        </extensions>
      </trkpt>
      <trkpt lat="34.2169482819736003875732421875" lon="108.89689265750348567962646484375">
        <ele>413.399993896484375</ele>
        <time>2026-04-06T09:22:00.000Z</time>
        <extensions>
          <ns3:TrackPointExtension>
            <ns3:hr>133</ns3:hr>
            <ns3:cad>93</ns3:cad>
          </ns3:TrackPointExtension>
        </extensions>
      </trkpt>
      <trkpt lat="34.21696328558027744293212890625" lon="108.896865583956241607666015625">
        <ele>413.399993896484375</ele>
        <time>2026-04-06T09:22:01.000Z</time>
        <extensions>
          <ns3:TrackPointExtension>
            <ns3:hr>133</ns3:hr>
            <ns3:cad>93</ns3:cad>
          </ns3:TrackPointExtension>
        </extensions>
      </trkpt>
      <trkpt lat="34.21697770245373249053955078125" lon="108.89684890396893024444580078125">
        <ele>413.399993896484375</ele>
        <time>2026-04-06T09:22:02.000Z</time>
        <extensions>
          <ns3:TrackPointExtension>
            <ns3:hr>133</ns3:hr>
            <ns3:cad>93</ns3:cad>
          </ns3:TrackPointExtension>
        </extensions>
      </trkpt>
      <trkpt lat="34.2169895209372043609619140625" lon="108.896819986402988433837890625">
        <ele>413.399993896484375</ele>
        <time>2026-04-06T09:22:03.000Z</time>
        <extensions>
          <ns3:TrackPointExtension>
            <ns3:hr>133</ns3:hr>
            <ns3:cad>93</ns3:cad>
          </ns3:TrackPointExtension>
        </extensions>
      </trkpt>
      <trkpt lat="34.217002093791961669921875" lon="108.896801210939884185791015625">
        <ele>413.399993896484375</ele>
        <time>2026-04-06T09:22:04.000Z</time>
        <extensions>
          <ns3:TrackPointExtension>
            <ns3:hr>134</ns3:hr>
            <ns3:cad>93</ns3:cad>
          </ns3:TrackPointExtension>
        </extensions>
      </trkpt>
      <trkpt lat="34.21701491810381412506103515625" lon="108.89677229337394237518310546875">
        <ele>413.399993896484375</ele>
        <time>2026-04-06T09:22:05.000Z</time>
        <extensions>
          <ns3:TrackPointExtension>
            <ns3:hr>133</ns3:hr>
            <ns3:cad>93</ns3:cad>
          </ns3:TrackPointExtension>
        </extensions>
      </trkpt>
      <trkpt lat="34.217026568949222564697265625" lon="108.89675670303404331207275390625">
        <ele>413.399993896484375</ele>
        <time>2026-04-06T09:22:06.000Z</time>
        <extensions>
          <ns3:TrackPointExtension>
            <ns3:hr>133</ns3:hr>
            <ns3:cad>93</ns3:cad>
          </ns3:TrackPointExtension>
        </extensions>
      </trkpt>
      <trkpt lat="34.217027910053730010986328125" lon="108.8967225886881351470947265625">
        <ele>413.399993896484375</ele>
        <time>2026-04-06T09:22:07.000Z</time>
        <extensions>
          <ns3:TrackPointExtension>
            <ns3:hr>133</ns3:hr>
            <ns3:cad>93</ns3:cad>
          </ns3:TrackPointExtension>
        </extensions>
      </trkpt>
      <trkpt lat="34.21703771688044071197509765625" lon="108.89669895172119140625">
        <ele>413.399993896484375</ele>
        <time>2026-04-06T09:22:08.000Z</time>
        <extensions>
          <ns3:TrackPointExtension>
            <ns3:hr>133</ns3:hr>
            <ns3:cad>93</ns3:cad>
          </ns3:TrackPointExtension>
        </extensions>
      </trkpt>
      <trkpt lat="34.2170478589832782745361328125" lon="108.89667606912553310394287109375">
        <ele>413.399993896484375</ele>
        <time>2026-04-06T09:22:09.000Z</time>
        <extensions>
          <ns3:TrackPointExtension>
            <ns3:hr>133</ns3:hr>
            <ns3:cad>92</ns3:cad>
          </ns3:TrackPointExtension>
        </extensions>
      </trkpt>
      <trkpt lat="34.21705615706741809844970703125" lon="108.8966515101492404937744140625">
        <ele>413.600006103515625</ele>
        <time>2026-04-06T09:22:10.000Z</time>
        <extensions>
          <ns3:TrackPointExtension>
            <ns3:hr>133</ns3:hr>
            <ns3:cad>90</ns3:cad>
          </ns3:TrackPointExtension>
        </extensions>
      </trkpt>
      <trkpt lat="34.21706847846508026123046875" lon="108.8966293819248676300048828125">
        <ele>413.600006103515625</ele>
        <time>2026-04-06T09:22:11.000Z</time>
        <extensions>
          <ns3:TrackPointExtension>
            <ns3:hr>134</ns3:hr>
            <ns3:cad>90</ns3:cad>
          </ns3:TrackPointExtension>
        </extensions>
      </trkpt>
      <trkpt lat="34.2170776985585689544677734375" lon="108.8966032303869724273681640625">
        <ele>413.600006103515625</ele>
        <time>2026-04-06T09:22:12.000Z</time>
        <extensions>
          <ns3:TrackPointExtension>
            <ns3:hr>133</ns3:hr>
            <ns3:cad>90</ns3:cad>
          </ns3:TrackPointExtension>
        </extensions>
      </trkpt>
      <trkpt lat="34.21708616428077220916748046875" lon="108.8965824432671070098876953125">
        <ele>413.600006103515625</ele>
        <time>2026-04-06T09:22:13.000Z</time>
        <extensions>
          <ns3:TrackPointExtension>
            <ns3:hr>133</ns3:hr>
            <ns3:cad>90</ns3:cad>
          </ns3:TrackPointExtension>
        </extensions>
      </trkpt>
      <trkpt lat="34.2170961387455463409423828125" lon="108.89655587263405323028564453125">
        <ele>413.600006103515625</ele>
        <time>2026-04-06T09:22:14.000Z</time>
        <extensions>
          <ns3:TrackPointExtension>
            <ns3:hr>132</ns3:hr>
            <ns3:cad>90</ns3:cad>
          </ns3:TrackPointExtension>
        </extensions>
      </trkpt>
      <trkpt lat="34.2171088792383670806884765625" lon="108.89653592370450496673583984375">
        <ele>413.600006103515625</ele>
        <time>2026-04-06T09:22:15.000Z</time>
        <extensions>
          <ns3:TrackPointExtension>
            <ns3:hr>132</ns3:hr>
            <ns3:cad>94</ns3:cad>
          </ns3:TrackPointExtension>
        </extensions>
      </trkpt>
      <trkpt lat="34.2171165905892848968505859375" lon="108.8965100236237049102783203125">
        <ele>413.600006103515625</ele>
        <time>2026-04-06T09:22:16.000Z</time>
        <extensions>
          <ns3:TrackPointExtension>
            <ns3:hr>132</ns3:hr>
            <ns3:cad>94</ns3:cad>
          </ns3:TrackPointExtension>
        </extensions>
      </trkpt>
      <trkpt lat="34.21713016927242279052734375" lon="108.89648764394223690032958984375">
        <ele>413.79998779296875</ele>
        <time>2026-04-06T09:22:17.000Z</time>
        <extensions>
          <ns3:TrackPointExtension>
            <ns3:hr>132</ns3:hr>
            <ns3:cad>94</ns3:cad>
          </ns3:TrackPointExtension>
        </extensions>
      </trkpt>
      <trkpt lat="34.2171424068510532379150390625" lon="108.8964647613465785980224609375">
        <ele>413.79998779296875</ele>
        <time>2026-04-06T09:22:18.000Z</time>
        <extensions>
          <ns3:TrackPointExtension>
            <ns3:hr>132</ns3:hr>
            <ns3:cad>94</ns3:cad>
          </ns3:TrackPointExtension>
        </extensions>
      </trkpt>
      <trkpt lat="34.2171561531722545623779296875" lon="108.89644087292253971099853515625">
        <ele>413.79998779296875</ele>
        <time>2026-04-06T09:22:19.000Z</time>
        <extensions>
          <ns3:TrackPointExtension>
            <ns3:hr>132</ns3:hr>
            <ns3:cad>94</ns3:cad>
          </ns3:TrackPointExtension>
        </extensions>
      </trkpt>
      <trkpt lat="34.21716696582734584808349609375" lon="108.8964240252971649169921875">
        <ele>413.79998779296875</ele>
        <time>2026-04-06T09:22:20.000Z</time>
        <extensions>
          <ns3:TrackPointExtension>
            <ns3:hr>132</ns3:hr>
            <ns3:cad>94</ns3:cad>
          </ns3:TrackPointExtension>
        </extensions>
      </trkpt>
      <trkpt lat="34.21718356199562549591064453125" lon="108.8964007236063480377197265625">
        <ele>413.79998779296875</ele>
        <time>2026-04-06T09:22:21.000Z</time>
        <extensions>
          <ns3:TrackPointExtension>
            <ns3:hr>132</ns3:hr>
            <ns3:cad>94</ns3:cad>
          </ns3:TrackPointExtension>
        </extensions>
      </trkpt>
      <trkpt lat="34.21719462610781192779541015625" lon="108.8963864743709564208984375">
        <ele>413.600006103515625</ele>
        <time>2026-04-06T09:22:22.000Z</time>
        <extensions>
          <ns3:TrackPointExtension>
            <ns3:hr>132</ns3:hr>
            <ns3:cad>94</ns3:cad>
          </ns3:TrackPointExtension>
        </extensions>
      </trkpt>
      <trkpt lat="34.21720636077225208282470703125" lon="108.89635571278631687164306640625">
        <ele>413.600006103515625</ele>
        <time>2026-04-06T09:22:23.000Z</time>
        <extensions>
          <ns3:TrackPointExtension>
            <ns3:hr>132</ns3:hr>
            <ns3:cad>94</ns3:cad>
          </ns3:TrackPointExtension>
        </extensions>
      </trkpt>
      <trkpt lat="34.2172175087034702301025390625" lon="108.8963355123996734619140625">
        <ele>413.399993896484375</ele>
        <time>2026-04-06T09:22:24.000Z</time>
        <extensions>
          <ns3:TrackPointExtension>
            <ns3:hr>131</ns3:hr>
            <ns3:cad>93</ns3:cad>
          </ns3:TrackPointExtension>
        </extensions>
      </trkpt>
      <trkpt lat="34.21722765080630779266357421875" lon="108.89630223624408245086669921875">
        <ele>413.399993896484375</ele>
        <time>2026-04-06T09:22:25.000Z</time>
        <extensions>
          <ns3:TrackPointExtension>
            <ns3:hr>132</ns3:hr>
            <ns3:cad>93</ns3:cad>
          </ns3:TrackPointExtension>
        </extensions>
      </trkpt>
      <trkpt lat="34.2172426544129848480224609375" lon="108.8962820358574390411376953125">
        <ele>413.600006103515625</ele>
        <time>2026-04-06T09:22:26.000Z</time>
        <extensions>
          <ns3:TrackPointExtension>
            <ns3:hr>132</ns3:hr>
            <ns3:cad>93</ns3:cad>
          </ns3:TrackPointExtension>
        </extensions>
      </trkpt>
      <trkpt lat="34.21725933440029621124267578125" lon="108.896256051957607269287109375">
        <ele>413.600006103515625</ele>
        <time>2026-04-06T09:22:27.000Z</time>
        <extensions>
          <ns3:TrackPointExtension>
            <ns3:hr>131</ns3:hr>
            <ns3:cad>94</ns3:cad>
          </ns3:TrackPointExtension>
        </extensions>
      </trkpt>
      <trkpt lat="34.21727324835956096649169921875" lon="108.8962334208190441131591796875">
        <ele>413.600006103515625</ele>
        <time>2026-04-06T09:22:28.000Z</time>
        <extensions>
          <ns3:TrackPointExtension>
            <ns3:hr>131</ns3:hr>
            <ns3:cad>94</ns3:cad>
          </ns3:TrackPointExtension>
        </extensions>
      </trkpt>
      <trkpt lat="34.2172862403094768524169921875" lon="108.89620383270084857940673828125">
        <ele>413.600006103515625</ele>
        <time>2026-04-06T09:22:29.000Z</time>
        <extensions>
          <ns3:TrackPointExtension>
            <ns3:hr>130</ns3:hr>
            <ns3:cad>93</ns3:cad>
          </ns3:TrackPointExtension>
        </extensions>
      </trkpt>
      <trkpt lat="34.21729981899261474609375" lon="108.8961801119148731231689453125">
        <ele>413.600006103515625</ele>
        <time>2026-04-06T09:22:30.000Z</time>
        <extensions>
          <ns3:TrackPointExtension>
            <ns3:hr>130</ns3:hr>
            <ns3:cad>92</ns3:cad>
          </ns3:TrackPointExtension>
        </extensions>
      </trkpt>
      <trkpt lat="34.21730727888643741607666015625" lon="108.8961569778621196746826171875">
        <ele>413.600006103515625</ele>
        <time>2026-04-06T09:22:31.000Z</time>
        <extensions>
          <ns3:TrackPointExtension>
            <ns3:hr>130</ns3:hr>
            <ns3:cad>92</ns3:cad>
          </ns3:TrackPointExtension>
        </extensions>
      </trkpt>
      <trkpt lat="34.21731666661798954010009765625" lon="108.89612923376262187957763671875">
        <ele>413.600006103515625</ele>
        <time>2026-04-06T09:22:32.000Z</time>
        <extensions>
          <ns3:TrackPointExtension>
            <ns3:hr>129</ns3:hr>
            <ns3:cad>93</ns3:cad>
          </ns3:TrackPointExtension>
        </extensions>
      </trkpt>
      <trkpt lat="34.21732504852116107940673828125" lon="108.89610425569117069244384765625">
        <ele>413.600006103515625</ele>
        <time>2026-04-06T09:22:33.000Z</time>
        <extensions>
          <ns3:TrackPointExtension>
            <ns3:hr>129</ns3:hr>
            <ns3:cad>93</ns3:cad>
          </ns3:TrackPointExtension>
        </extensions>
      </trkpt>
      <trkpt lat="34.2173365317285060882568359375" lon="108.8960738293826580047607421875">
        <ele>413.79998779296875</ele>
        <time>2026-04-06T09:22:34.000Z</time>
        <extensions>
          <ns3:TrackPointExtension>
            <ns3:hr>129</ns3:hr>
            <ns3:cad>93</ns3:cad>
          </ns3:TrackPointExtension>
        </extensions>
      </trkpt>
      <trkpt lat="34.2173548042774200439453125" lon="108.89605480246245861053466796875">
        <ele>413.79998779296875</ele>
        <time>2026-04-06T09:22:35.000Z</time>
        <extensions>
          <ns3:TrackPointExtension>
            <ns3:hr>130</ns3:hr>
            <ns3:cad>93</ns3:cad>
          </ns3:TrackPointExtension>
        </extensions>
      </trkpt>
      <trkpt lat="34.21736226417124271392822265625" lon="108.89601976610720157623291015625">
        <ele>413.79998779296875</ele>
        <time>2026-04-06T09:22:36.000Z</time>
        <extensions>
          <ns3:TrackPointExtension>
            <ns3:hr>129</ns3:hr>
            <ns3:cad>92</ns3:cad>
          </ns3:TrackPointExtension>
        </extensions>
      </trkpt>
      <trkpt lat="34.21737031079828739166259765625" lon="108.89599847607314586639404296875">
        <ele>413.600006103515625</ele>
        <time>2026-04-06T09:22:37.000Z</time>
        <extensions>
          <ns3:TrackPointExtension>
            <ns3:hr>129</ns3:hr>
            <ns3:cad>92</ns3:cad>
          </ns3:TrackPointExtension>
        </extensions>
      </trkpt>
      <trkpt lat="34.21737567521631717681884765625" lon="108.89596737921237945556640625">
        <ele>413.600006103515625</ele>
        <time>2026-04-06T09:22:38.000Z</time>
        <extensions>
          <ns3:TrackPointExtension>
            <ns3:hr>130</ns3:hr>
            <ns3:cad>93</ns3:cad>
          </ns3:TrackPointExtension>
        </extensions>
      </trkpt>
      <trkpt lat="34.2173841409385204315185546875" lon="108.895947933197021484375">
        <ele>413.600006103515625</ele>
        <time>2026-04-06T09:22:39.000Z</time>
        <extensions>
          <ns3:TrackPointExtension>
            <ns3:hr>130</ns3:hr>
            <ns3:cad>93</ns3:cad>
          </ns3:TrackPointExtension>
        </extensions>
      </trkpt>
      <trkpt lat="34.21739461831748485565185546875" lon="108.89591583050787448883056640625">
        <ele>413.600006103515625</ele>
        <time>2026-04-06T09:22:40.000Z</time>
        <extensions>
          <ns3:TrackPointExtension>
            <ns3:hr>130</ns3:hr>
            <ns3:cad>93</ns3:cad>
          </ns3:TrackPointExtension>
        </extensions>
      </trkpt>
      <trkpt lat="34.21740769408643245697021484375" lon="108.89589671976864337921142578125">
        <ele>413.600006103515625</ele>
        <time>2026-04-06T09:22:41.000Z</time>
        <extensions>
          <ns3:TrackPointExtension>
            <ns3:hr>130</ns3:hr>
            <ns3:cad>93</ns3:cad>
          </ns3:TrackPointExtension>
        </extensions>
      </trkpt>
      <trkpt lat="34.21741926111280918121337890625" lon="108.89586813747882843017578125">
        <ele>413.600006103515625</ele>
        <time>2026-04-06T09:22:42.000Z</time>
        <extensions>
          <ns3:TrackPointExtension>
            <ns3:hr>130</ns3:hr>
            <ns3:cad>92</ns3:cad>
          </ns3:TrackPointExtension>
        </extensions>
      </trkpt>
      <trkpt lat="34.21743133105337619781494140625" lon="108.8958418183028697967529296875">
        <ele>413.600006103515625</ele>
        <time>2026-04-06T09:22:43.000Z</time>
        <extensions>
          <ns3:TrackPointExtension>
            <ns3:hr>130</ns3:hr>
            <ns3:cad>92</ns3:cad>
          </ns3:TrackPointExtension>
        </extensions>
      </trkpt>
      <trkpt lat="34.21744273044168949127197265625" lon="108.89581088908016681671142578125">
        <ele>413.600006103515625</ele>
        <time>2026-04-06T09:22:44.000Z</time>
        <extensions>
          <ns3:TrackPointExtension>
            <ns3:hr>130</ns3:hr>
            <ns3:cad>92</ns3:cad>
          </ns3:TrackPointExtension>
        </extensions>
      </trkpt>
      <trkpt lat="34.21745379455387592315673828125" lon="108.89578222297132015228271484375">
        <ele>413.600006103515625</ele>
        <time>2026-04-06T09:22:45.000Z</time>
        <extensions>
          <ns3:TrackPointExtension>
            <ns3:hr>130</ns3:hr>
            <ns3:cad>94</ns3:cad>
          </ns3:TrackPointExtension>
        </extensions>
      </trkpt>
      <trkpt lat="34.2174620926380157470703125" lon="108.89575908891856670379638671875">
        <ele>413.600006103515625</ele>
        <time>2026-04-06T09:22:46.000Z</time>
        <extensions>
          <ns3:TrackPointExtension>
            <ns3:hr>130</ns3:hr>
            <ns3:cad>94</ns3:cad>
          </ns3:TrackPointExtension>
        </extensions>
      </trkpt>
      <trkpt lat="34.2174666188657283782958984375" lon="108.89573008753359317779541015625">
        <ele>413.600006103515625</ele>
        <time>2026-04-06T09:22:47.000Z</time>
        <extensions>
          <ns3:TrackPointExtension>
            <ns3:hr>130</ns3:hr>
            <ns3:cad>94</ns3:cad>
          </ns3:TrackPointExtension>
        </extensions>
      </trkpt>
      <trkpt lat="34.21747961081564426422119140625" lon="108.89570293016731739044189453125">
        <ele>413.600006103515625</ele>
        <time>2026-04-06T09:22:48.000Z</time>
        <extensions>
          <ns3:TrackPointExtension>
            <ns3:hr>130</ns3:hr>
            <ns3:cad>94</ns3:cad>
          </ns3:TrackPointExtension>
        </extensions>
      </trkpt>
      <trkpt lat="34.21749033965170383453369140625" lon="108.89566965401172637939453125">
        <ele>413.600006103515625</ele>
        <time>2026-04-06T09:22:49.000Z</time>
        <extensions>
          <ns3:TrackPointExtension>
            <ns3:hr>131</ns3:hr>
            <ns3:cad>93</ns3:cad>
          </ns3:TrackPointExtension>
        </extensions>
      </trkpt>
      <trkpt lat="34.21750827692449092864990234375" lon="108.89565548859536647796630859375">
        <ele>413.600006103515625</ele>
        <time>2026-04-06T09:22:50.000Z</time>
        <extensions>
          <ns3:TrackPointExtension>
            <ns3:hr>131</ns3:hr>
            <ns3:cad>93</ns3:cad>
          </ns3:TrackPointExtension>
        </extensions>
      </trkpt>
      <trkpt lat="34.2175266332924365997314453125" lon="108.8956292532384395599365234375">
        <ele>413.600006103515625</ele>
        <time>2026-04-06T09:22:51.000Z</time>
        <extensions>
          <ns3:TrackPointExtension>
            <ns3:hr>131</ns3:hr>
            <ns3:cad>93</ns3:cad>
          </ns3:TrackPointExtension>
        </extensions>
      </trkpt>
      <trkpt lat="34.21754398383200168609619140625" lon="108.89561357907950878143310546875">
        <ele>413.600006103515625</ele>
        <time>2026-04-06T09:22:52.000Z</time>
        <extensions>
          <ns3:TrackPointExtension>
            <ns3:hr>131</ns3:hr>
            <ns3:cad>94</ns3:cad>
          </ns3:TrackPointExtension>
        </extensions>
      </trkpt>
      <trkpt lat="34.21755873598158359527587890625" lon="108.89558516442775726318359375">
        <ele>413.600006103515625</ele>
        <time>2026-04-06T09:22:53.000Z</time>
        <extensions>
          <ns3:TrackPointExtension>
            <ns3:hr>132</ns3:hr>
            <ns3:cad>94</ns3:cad>
          </ns3:TrackPointExtension>
        </extensions>
      </trkpt>
      <trkpt lat="34.217575751245021820068359375" lon="108.89556479640305042266845703125">
        <ele>413.600006103515625</ele>
        <time>2026-04-06T09:22:54.000Z</time>
        <extensions>
          <ns3:TrackPointExtension>
            <ns3:hr>132</ns3:hr>
            <ns3:cad>94</ns3:cad>
          </ns3:TrackPointExtension>
        </extensions>
      </trkpt>
      <trkpt lat="34.2175933532416820526123046875" lon="108.8955402374267578125">
        <ele>413.600006103515625</ele>
        <time>2026-04-06T09:22:55.000Z</time>
        <extensions>
          <ns3:TrackPointExtension>
            <ns3:hr>132</ns3:hr>
            <ns3:cad>93</ns3:cad>
          </ns3:TrackPointExtension>
        </extensions>
      </trkpt>
      <trkpt lat="34.21760626137256622314453125" lon="108.8955122418701648712158203125">
        <ele>413.600006103515625</ele>
        <time>2026-04-06T09:22:56.000Z</time>
        <extensions>
          <ns3:TrackPointExtension>
            <ns3:hr>133</ns3:hr>
            <ns3:cad>92</ns3:cad>
          </ns3:TrackPointExtension>
        </extensions>
      </trkpt>
      <trkpt lat="34.21761740930378437042236328125" lon="108.89548860490322113037109375">
        <ele>413.600006103515625</ele>
        <time>2026-04-06T09:22:57.000Z</time>
        <extensions>
          <ns3:TrackPointExtension>
            <ns3:hr>132</ns3:hr>
            <ns3:cad>92</ns3:cad>
          </ns3:TrackPointExtension>
        </extensions>
      </trkpt>
      <trkpt lat="34.21762864105403423309326171875" lon="108.89545834623277187347412109375">
        <ele>413.600006103515625</ele>
        <time>2026-04-06T09:22:58.000Z</time>
        <extensions>
          <ns3:TrackPointExtension>
            <ns3:hr>132</ns3:hr>
            <ns3:cad>92</ns3:cad>
          </ns3:TrackPointExtension>
        </extensions>
      </trkpt>
      <trkpt lat="34.2176364362239837646484375" lon="108.895434625446796417236328125">
        <ele>413.600006103515625</ele>
        <time>2026-04-06T09:22:59.000Z</time>
        <extensions>
          <ns3:TrackPointExtension>
            <ns3:hr>132</ns3:hr>
            <ns3:cad>93</ns3:cad>
          </ns3:TrackPointExtension>
        </extensions>
      </trkpt>
      <trkpt lat="34.21764004044234752655029296875" lon="108.89540252275764942169189453125">
        <ele>413.600006103515625</ele>
        <time>2026-04-06T09:23:00.000Z</time>
        <extensions>
          <ns3:TrackPointExtension>
            <ns3:hr>131</ns3:hr>
            <ns3:cad>93</ns3:cad>
          </ns3:TrackPointExtension>
        </extensions>
      </trkpt>
      <trkpt lat="34.2176466621458530426025390625" lon="108.89538106508553028106689453125">
        <ele>413.600006103515625</ele>
        <time>2026-04-06T09:23:01.000Z</time>
        <extensions>
          <ns3:TrackPointExtension>
            <ns3:hr>131</ns3:hr>
            <ns3:cad>93</ns3:cad>
          </ns3:TrackPointExtension>
        </extensions>
      </trkpt>
      <trkpt lat="34.21765076927840709686279296875" lon="108.895348124206066131591796875">
        <ele>413.600006103515625</ele>
        <time>2026-04-06T09:23:02.000Z</time>
        <extensions>
          <ns3:TrackPointExtension>
            <ns3:hr>130</ns3:hr>
            <ns3:cad>93</ns3:cad>
          </ns3:TrackPointExtension>
        </extensions>
      </trkpt>
      <trkpt lat="34.21764858998358249664306640625" lon="108.89532473869621753692626953125">
        <ele>413.600006103515625</ele>
        <time>2026-04-06T09:23:03.000Z</time>
        <extensions>
          <ns3:TrackPointExtension>
            <ns3:hr>129</ns3:hr>
            <ns3:cad>93</ns3:cad>
          </ns3:TrackPointExtension>
        </extensions>
      </trkpt>
      <trkpt lat="34.21763903461396694183349609375" lon="108.8953028619289398193359375">
        <ele>413.600006103515625</ele>
        <time>2026-04-06T09:23:04.000Z</time>
        <extensions>
          <ns3:TrackPointExtension>
            <ns3:hr>128</ns3:hr>
            <ns3:cad>93</ns3:cad>
          </ns3:TrackPointExtension>
        </extensions>
      </trkpt>
      <trkpt lat="34.21762143261730670928955078125" lon="108.89528031460940837860107421875">
        <ele>413.600006103515625</ele>
        <time>2026-04-06T09:23:05.000Z</time>
        <extensions>
          <ns3:TrackPointExtension>
            <ns3:hr>128</ns3:hr>
            <ns3:cad>94</ns3:cad>
          </ns3:TrackPointExtension>
        </extensions>
      </trkpt>
      <trkpt lat="34.21759930439293384552001953125" lon="108.8952607847750186920166015625">
        <ele>413.600006103515625</ele>
        <time>2026-04-06T09:23:06.000Z</time>
        <extensions>
          <ns3:TrackPointExtension>
            <ns3:hr>128</ns3:hr>
            <ns3:cad>94</ns3:cad>
          </ns3:TrackPointExtension>
        </extensions>
      </trkpt>
      <trkpt lat="34.21758304350078105926513671875" lon="108.8952420093119144439697265625">
        <ele>413.79998779296875</ele>
        <time>2026-04-06T09:23:07.000Z</time>
        <extensions>
          <ns3:TrackPointExtension>
            <ns3:hr>126</ns3:hr>
            <ns3:cad>94</ns3:cad>
          </ns3:TrackPointExtension>
        </extensions>
      </trkpt>
      <trkpt lat="34.21756426803767681121826171875" lon="108.89522180892527103424072265625">
        <ele>413.79998779296875</ele>
        <time>2026-04-06T09:23:08.000Z</time>
        <extensions>
          <ns3:TrackPointExtension>
            <ns3:hr>125</ns3:hr>
            <ns3:cad>91</ns3:cad>
          </ns3:TrackPointExtension>
        </extensions>
      </trkpt>
      <trkpt lat="34.21754331327974796295166015625" lon="108.8952031172811985015869140625">
        <ele>413.79998779296875</ele>
        <time>2026-04-06T09:23:09.000Z</time>
        <extensions>
          <ns3:TrackPointExtension>
            <ns3:hr>124</ns3:hr>
            <ns3:cad>91</ns3:cad>
          </ns3:TrackPointExtension>
        </extensions>
      </trkpt>
      <trkpt lat="34.217518754303455352783203125" lon="108.8951856829226016998291015625">
        <ele>413.79998779296875</ele>
        <time>2026-04-06T09:23:10.000Z</time>
        <extensions>
          <ns3:TrackPointExtension>
            <ns3:hr>123</ns3:hr>
            <ns3:cad>93</ns3:cad>
          </ns3:TrackPointExtension>
        </extensions>
      </trkpt>
      <trkpt lat="34.21748958528041839599609375" lon="108.8951741158962249755859375">
        <ele>413.79998779296875</ele>
        <time>2026-04-06T09:23:11.000Z</time>
        <extensions>
          <ns3:TrackPointExtension>
            <ns3:hr>123</ns3:hr>
            <ns3:cad>93</ns3:cad>
          </ns3:TrackPointExtension>
        </extensions>
      </trkpt>
      <trkpt lat="34.2174701392650604248046875" lon="108.8951585255563259124755859375">
        <ele>413.79998779296875</ele>
        <time>2026-04-06T09:23:12.000Z</time>
        <extensions>
          <ns3:TrackPointExtension>
            <ns3:hr>124</ns3:hr>
            <ns3:cad>93</ns3:cad>
          </ns3:TrackPointExtension>
        </extensions>
      </trkpt>
      <trkpt lat="34.21744021587073802947998046875" lon="108.89514804817736148834228515625">
        <ele>413.79998779296875</ele>
        <time>2026-04-06T09:23:13.000Z</time>
        <extensions>
          <ns3:TrackPointExtension>
            <ns3:hr>124</ns3:hr>
            <ns3:cad>93</ns3:cad>
          </ns3:TrackPointExtension>
        </extensions>
      </trkpt>
      <trkpt lat="34.21741976402699947357177734375" lon="108.89513530768454074859619140625">
        <ele>413.79998779296875</ele>
        <time>2026-04-06T09:23:14.000Z</time>
        <extensions>
          <ns3:TrackPointExtension>
            <ns3:hr>124</ns3:hr>
            <ns3:cad>92</ns3:cad>
          </ns3:TrackPointExtension>
        </extensions>
      </trkpt>
      <trkpt lat="34.217394031584262847900390625" lon="108.895126171410083770751953125">
        <ele>413.79998779296875</ele>
        <time>2026-04-06T09:23:15.000Z</time>
        <extensions>
          <ns3:TrackPointExtension>
            <ns3:hr>124</ns3:hr>
            <ns3:cad>92</ns3:cad>
          </ns3:TrackPointExtension>
        </extensions>
      </trkpt>
      <trkpt lat="34.217369891703128814697265625" lon="108.89512089081108570098876953125">
        <ele>413.79998779296875</ele>
        <time>2026-04-06T09:23:16.000Z</time>
        <extensions>
          <ns3:TrackPointExtension>
            <ns3:hr>125</ns3:hr>
            <ns3:cad>92</ns3:cad>
          </ns3:TrackPointExtension>
        </extensions>
      </trkpt>
      <trkpt lat="34.2173455841839313507080078125" lon="108.89512323774397373199462890625">
        <ele>413.79998779296875</ele>
        <time>2026-04-06T09:23:17.000Z</time>
        <extensions>
          <ns3:TrackPointExtension>
            <ns3:hr>128</ns3:hr>
            <ns3:cad>92</ns3:cad>
          </ns3:TrackPointExtension>
        </extensions>
      </trkpt>
      <trkpt lat="34.21732454560697078704833984375" lon="108.8951266743242740631103515625">
        <ele>413.79998779296875</ele>
        <time>2026-04-06T09:23:18.000Z</time>
        <extensions>
          <ns3:TrackPointExtension>
            <ns3:hr>128</ns3:hr>
            <ns3:cad>92</ns3:cad>
          </ns3:TrackPointExtension>
        </extensions>
      </trkpt>
      <trkpt lat="34.2172979749739170074462890625" lon="108.89514100737869739532470703125">
        <ele>413.79998779296875</ele>
        <time>2026-04-06T09:23:19.000Z</time>
        <extensions>
          <ns3:TrackPointExtension>
            <ns3:hr>130</ns3:hr>
            <ns3:cad>92</ns3:cad>
          </ns3:TrackPointExtension>
        </extensions>
      </trkpt>
      <trkpt lat="34.21727391891181468963623046875" lon="108.89515156857669353485107421875">
        <ele>413.79998779296875</ele>
        <time>2026-04-06T09:23:20.000Z</time>
        <extensions>
          <ns3:TrackPointExtension>
            <ns3:hr>131</ns3:hr>
            <ns3:cad>92</ns3:cad>
          </ns3:TrackPointExtension>
        </extensions>
      </trkpt>
      <trkpt lat="34.2172480188310146331787109375" lon="108.895172774791717529296875">
        <ele>413.79998779296875</ele>
        <time>2026-04-06T09:23:21.000Z</time>
        <extensions>
          <ns3:TrackPointExtension>
            <ns3:hr>132</ns3:hr>
            <ns3:cad>92</ns3:cad>
          </ns3:TrackPointExtension>
        </extensions>
      </trkpt>
      <trkpt lat="34.2172268964350223541259765625" lon="108.89518844895064830780029296875">
        <ele>413.79998779296875</ele>
        <time>2026-04-06T09:23:22.000Z</time>
        <extensions>
          <ns3:TrackPointExtension>
            <ns3:hr>132</ns3:hr>
            <ns3:cad>92</ns3:cad>
          </ns3:TrackPointExtension>
        </extensions>
      </trkpt>
      <trkpt lat="34.2172027565538883209228515625" lon="108.89520429074764251708984375">
        <ele>413.79998779296875</ele>
        <time>2026-04-06T09:23:23.000Z</time>
        <extensions>
          <ns3:TrackPointExtension>
            <ns3:hr>132</ns3:hr>
            <ns3:cad>92</ns3:cad>
          </ns3:TrackPointExtension>
        </extensions>
      </trkpt>
      <trkpt lat="34.21718892641365528106689453125" lon="108.89521979726850986480712890625">
        <ele>413.79998779296875</ele>
        <time>2026-04-06T09:23:24.000Z</time>
        <extensions>
          <ns3:TrackPointExtension>
            <ns3:hr>132</ns3:hr>
            <ns3:cad>93</ns3:cad>
          </ns3:TrackPointExtension>
        </extensions>
      </trkpt>
      <trkpt lat="34.21717249788343906402587890625" lon="108.89523991383612155914306640625">
        <ele>413.79998779296875</ele>
        <time>2026-04-06T09:23:25.000Z</time>
        <extensions>
          <ns3:TrackPointExtension>
            <ns3:hr>132</ns3:hr>
            <ns3:cad>93</ns3:cad>
          </ns3:TrackPointExtension>
        </extensions>
      </trkpt>
      <trkpt lat="34.21716042794287204742431640625" lon="108.89525835402309894561767578125">
        <ele>413.79998779296875</ele>
        <time>2026-04-06T09:23:26.000Z</time>
        <extensions>
          <ns3:TrackPointExtension>
            <ns3:hr>132</ns3:hr>
            <ns3:cad>93</ns3:cad>
          </ns3:TrackPointExtension>
        </extensions>
      </trkpt>
      <trkpt lat="34.21715154312551021575927734375" lon="108.8952733576297760009765625">
        <ele>413.79998779296875</ele>
        <time>2026-04-06T09:23:27.000Z</time>
        <extensions>
          <ns3:TrackPointExtension>
            <ns3:hr>132</ns3:hr>
            <ns3:cad>93</ns3:cad>
          </ns3:TrackPointExtension>
        </extensions>
      </trkpt>
      <trkpt lat="34.2171375453472137451171875" lon="108.89529255218803882598876953125">
        <ele>413.79998779296875</ele>
        <time>2026-04-06T09:23:28.000Z</time>
        <extensions>
          <ns3:TrackPointExtension>
            <ns3:hr>132</ns3:hr>
            <ns3:cad>93</ns3:cad>
          </ns3:TrackPointExtension>
        </extensions>
      </trkpt>
      <trkpt lat="34.217115752398967742919921875" lon="108.895298503339290618896484375">
        <ele>413.79998779296875</ele>
        <time>2026-04-06T09:23:29.000Z</time>
        <extensions>
          <ns3:TrackPointExtension>
            <ns3:hr>131</ns3:hr>
            <ns3:cad>93</ns3:cad>
          </ns3:TrackPointExtension>
        </extensions>
      </trkpt>
      <trkpt lat="34.21709504909813404083251953125" lon="108.8953100703656673431396484375">
        <ele>413.600006103515625</ele>
        <time>2026-04-06T09:23:30.000Z</time>
        <extensions>
          <ns3:TrackPointExtension>
            <ns3:hr>132</ns3:hr>
            <ns3:cad>92</ns3:cad>
          </ns3:TrackPointExtension>
        </extensions>
      </trkpt>
      <trkpt lat="34.2170736752450466156005859375" lon="108.89532155357301235198974609375">
        <ele>413.600006103515625</ele>
        <time>2026-04-06T09:23:31.000Z</time>
        <extensions>
          <ns3:TrackPointExtension>
            <ns3:hr>131</ns3:hr>
            <ns3:cad>92</ns3:cad>
          </ns3:TrackPointExtension>
        </extensions>
      </trkpt>
      <trkpt lat="34.217055737972259521484375" lon="108.89534418471157550811767578125">
        <ele>413.399993896484375</ele>
        <time>2026-04-06T09:23:32.000Z</time>
        <extensions>
          <ns3:TrackPointExtension>
            <ns3:hr>131</ns3:hr>
            <ns3:cad>92</ns3:cad>
          </ns3:TrackPointExtension>
        </extensions>
      </trkpt>
      <trkpt lat="34.2170383036136627197265625" lon="108.89536731876432895660400390625">
        <ele>413.399993896484375</ele>
        <time>2026-04-06T09:23:33.000Z</time>
        <extensions>
          <ns3:TrackPointExtension>
            <ns3:hr>131</ns3:hr>
            <ns3:cad>92</ns3:cad>
          </ns3:TrackPointExtension>
        </extensions>
      </trkpt>
      <trkpt lat="34.217024557292461395263671875" lon="108.8953814841806888580322265625">
        <ele>413.399993896484375</ele>
        <time>2026-04-06T09:23:34.000Z</time>
        <extensions>
          <ns3:TrackPointExtension>
            <ns3:hr>131</ns3:hr>
            <ns3:cad>93</ns3:cad>
          </ns3:TrackPointExtension>
        </extensions>
      </trkpt>
      <trkpt lat="34.21701542101800441741943359375" lon="108.8954076357185840606689453125">
        <ele>413.399993896484375</ele>
        <time>2026-04-06T09:23:35.000Z</time>
        <extensions>
          <ns3:TrackPointExtension>
            <ns3:hr>131</ns3:hr>
            <ns3:cad>93</ns3:cad>
          </ns3:TrackPointExtension>
        </extensions>
      </trkpt>
      <trkpt lat="34.21700770966708660125732421875" lon="108.8954270817339420318603515625">
        <ele>413.399993896484375</ele>
        <time>2026-04-06T09:23:36.000Z</time>
        <extensions>
          <ns3:TrackPointExtension>
            <ns3:hr>131</ns3:hr>
            <ns3:cad>93</ns3:cad>
          </ns3:TrackPointExtension>
        </extensions>
      </trkpt>
      <trkpt lat="34.21700687147676944732666015625" lon="108.895463459193706512451171875">
        <ele>413.399993896484375</ele>
        <time>2026-04-06T09:23:37.000Z</time>
        <extensions>
          <ns3:TrackPointExtension>
            <ns3:hr>130</ns3:hr>
            <ns3:cad>93</ns3:cad>
          </ns3:TrackPointExtension>
        </extensions>
      </trkpt>
      <trkpt lat="34.21700050123035907745361328125" lon="108.895489275455474853515625">
        <ele>413.399993896484375</ele>
        <time>2026-04-06T09:23:38.000Z</time>
        <extensions>
          <ns3:TrackPointExtension>
            <ns3:hr>130</ns3:hr>
            <ns3:cad>93</ns3:cad>
          </ns3:TrackPointExtension>
        </extensions>
      </trkpt>
      <trkpt lat="34.2169875092804431915283203125" lon="108.89550880528986454010009765625">
        <ele>413.399993896484375</ele>
        <time>2026-04-06T09:23:39.000Z</time>
        <extensions>
          <ns3:TrackPointExtension>
            <ns3:hr>130</ns3:hr>
            <ns3:cad>93</ns3:cad>
          </ns3:TrackPointExtension>
        </extensions>
      </trkpt>
      <trkpt lat="34.21696663834154605865478515625" lon="108.8955281674861907958984375">
        <ele>413.399993896484375</ele>
        <time>2026-04-06T09:23:40.000Z</time>
        <extensions>
          <ns3:TrackPointExtension>
            <ns3:hr>130</ns3:hr>
            <ns3:cad>92</ns3:cad>
          </ns3:TrackPointExtension>
        </extensions>
      </trkpt>
      <trkpt lat="34.2169499583542346954345703125" lon="108.8955461047589778900146484375">
        <ele>413.399993896484375</ele>
        <time>2026-04-06T09:23:41.000Z</time>
        <extensions>
          <ns3:TrackPointExtension>
            <ns3:hr>131</ns3:hr>
            <ns3:cad>92</ns3:cad>
          </ns3:TrackPointExtension>
        </extensions>
      </trkpt>
      <trkpt lat="34.216925986111164093017578125" lon="108.89555892907083034515380859375">
        <ele>413.399993896484375</ele>
        <time>2026-04-06T09:23:42.000Z</time>
        <extensions>
          <ns3:TrackPointExtension>
            <ns3:hr>131</ns3:hr>
            <ns3:cad>92</ns3:cad>
          </ns3:TrackPointExtension>
        </extensions>
      </trkpt>
      <trkpt lat="34.216903857886791229248046875" lon="108.895567394793033599853515625">
        <ele>413.399993896484375</ele>
        <time>2026-04-06T09:23:43.000Z</time>
        <extensions>
          <ns3:TrackPointExtension>
            <ns3:hr>131</ns3:hr>
            <ns3:cad>94</ns3:cad>
          </ns3:TrackPointExtension>
        </extensions>
      </trkpt>
      <trkpt lat="34.21687896363437175750732421875" lon="108.89556773006916046142578125">
        <ele>413.399993896484375</ele>
        <time>2026-04-06T09:23:44.000Z</time>
        <extensions>
          <ns3:TrackPointExtension>
            <ns3:hr>132</ns3:hr>
            <ns3:cad>94</ns3:cad>
          </ns3:TrackPointExtension>
        </extensions>
      </trkpt>
      <trkpt lat="34.21686236746609210968017578125" lon="108.89556278474628925323486328125">
        <ele>413.399993896484375</ele>
        <time>2026-04-06T09:23:45.000Z</time>
        <extensions>
          <ns3:TrackPointExtension>
            <ns3:hr>132</ns3:hr>
            <ns3:cad>94</ns3:cad>
          </ns3:TrackPointExtension>
        </extensions>
      </trkpt>
      <trkpt lat="34.216835796833038330078125" lon="108.89555088244378566741943359375">
        <ele>413.399993896484375</ele>
        <time>2026-04-06T09:23:46.000Z</time>
        <extensions>
          <ns3:TrackPointExtension>
            <ns3:hr>132</ns3:hr>
            <ns3:cad>94</ns3:cad>
          </ns3:TrackPointExtension>
        </extensions>
      </trkpt>
      <trkpt lat="34.21682112850248813629150390625" lon="108.895542584359645843505859375">
        <ele>413.399993896484375</ele>
        <time>2026-04-06T09:23:47.000Z</time>
        <extensions>
          <ns3:TrackPointExtension>
            <ns3:hr>132</ns3:hr>
            <ns3:cad>94</ns3:cad>
          </ns3:TrackPointExtension>
        </extensions>
      </trkpt>
      <trkpt lat="34.216792546212673187255859375" lon="108.8955295085906982421875">
        <ele>413.399993896484375</ele>
        <time>2026-04-06T09:23:48.000Z</time>
        <extensions>
          <ns3:TrackPointExtension>
            <ns3:hr>131</ns3:hr>
            <ns3:cad>94</ns3:cad>
          </ns3:TrackPointExtension>
        </extensions>
      </trkpt>
      <trkpt lat="34.21677268110215663909912109375" lon="108.89551936648786067962646484375">
        <ele>413.399993896484375</ele>
        <time>2026-04-06T09:23:49.000Z</time>
        <extensions>
          <ns3:TrackPointExtension>
            <ns3:hr>132</ns3:hr>
            <ns3:cad>93</ns3:cad>
          </ns3:TrackPointExtension>
        </extensions>
      </trkpt>
      <trkpt lat="34.21675239689648151397705078125" lon="108.89550729654729366302490234375">
        <ele>413.399993896484375</ele>
        <time>2026-04-06T09:23:50.000Z</time>
        <extensions>
          <ns3:TrackPointExtension>
            <ns3:hr>132</ns3:hr>
            <ns3:cad>93</ns3:cad>
          </ns3:TrackPointExtension>
        </extensions>
      </trkpt>
      <trkpt lat="34.21672875992953777313232421875" lon="108.8954986631870269775390625">
        <ele>413.399993896484375</ele>
        <time>2026-04-06T09:23:51.000Z</time>
        <extensions>
          <ns3:TrackPointExtension>
            <ns3:hr>132</ns3:hr>
            <ns3:cad>93</ns3:cad>
          </ns3:TrackPointExtension>
        </extensions>
      </trkpt>
      <trkpt lat="34.216710068285465240478515625" lon="108.8954894430935382843017578125">
        <ele>413.399993896484375</ele>
        <time>2026-04-06T09:23:52.000Z</time>
        <extensions>
          <ns3:TrackPointExtension>
            <ns3:hr>133</ns3:hr>
            <ns3:cad>93</ns3:cad>
          </ns3:TrackPointExtension>
        </extensions>
      </trkpt>
      <trkpt lat="34.21668534167110919952392578125" lon="108.8954830728471279144287109375">
        <ele>413.399993896484375</ele>
        <time>2026-04-06T09:23:53.000Z</time>
        <extensions>
          <ns3:TrackPointExtension>
            <ns3:hr>133</ns3:hr>
            <ns3:cad>93</ns3:cad>
          </ns3:TrackPointExtension>
        </extensions>
      </trkpt>
      <trkpt lat="34.2166654765605926513671875" lon="108.89548248611390590667724609375">
        <ele>413.399993896484375</ele>
        <time>2026-04-06T09:23:54.000Z</time>
        <extensions>
          <ns3:TrackPointExtension>
            <ns3:hr>133</ns3:hr>
            <ns3:cad>93</ns3:cad>
          </ns3:TrackPointExtension>
        </extensions>
      </trkpt>
      <trkpt lat="34.21663991175591945648193359375" lon="108.8954689912497997283935546875">
        <ele>413.399993896484375</ele>
        <time>2026-04-06T09:23:55.000Z</time>
        <extensions>
          <ns3:TrackPointExtension>
            <ns3:hr>133</ns3:hr>
            <ns3:cad>93</ns3:cad>
          </ns3:TrackPointExtension>
        </extensions>
      </trkpt>
      <trkpt lat="34.2166274227201938629150390625" lon="108.89546253718435764312744140625">
        <ele>413.399993896484375</ele>
        <time>2026-04-06T09:23:56.000Z</time>
        <extensions>
          <ns3:TrackPointExtension>
            <ns3:hr>133</ns3:hr>
            <ns3:cad>93</ns3:cad>
          </ns3:TrackPointExtension>
        </extensions>
      </trkpt>
      <trkpt lat="34.21660169027745723724365234375" lon="108.89545314945280551910400390625">
        <ele>413.600006103515625</ele>
        <time>2026-04-06T09:23:57.000Z</time>
        <extensions>
          <ns3:TrackPointExtension>
            <ns3:hr>134</ns3:hr>
            <ns3:cad>93</ns3:cad>
          </ns3:TrackPointExtension>
        </extensions>
      </trkpt>
      <trkpt lat="34.2165841720998287200927734375" lon="108.89544560573995113372802734375">
        <ele>413.600006103515625</ele>
        <time>2026-04-06T09:23:58.000Z</time>
        <extensions>
          <ns3:TrackPointExtension>
            <ns3:hr>134</ns3:hr>
            <ns3:cad>93</ns3:cad>
          </ns3:TrackPointExtension>
        </extensions>
      </trkpt>
      <trkpt lat="34.2165581881999969482421875" lon="108.89543873257935047149658203125">
        <ele>413.600006103515625</ele>
        <time>2026-04-06T09:23:59.000Z</time>
        <extensions>
          <ns3:TrackPointExtension>
            <ns3:hr>133</ns3:hr>
            <ns3:cad>93</ns3:cad>
          </ns3:TrackPointExtension>
        </extensions>
      </trkpt>
      <trkpt lat="34.21653748489916324615478515625" lon="108.89542800374329090118408203125">
        <ele>413.600006103515625</ele>
        <time>2026-04-06T09:24:00.000Z</time>
        <extensions>
          <ns3:TrackPointExtension>
            <ns3:hr>133</ns3:hr>
            <ns3:cad>93</ns3:cad>
          </ns3:TrackPointExtension>
        </extensions>
      </trkpt>
      <trkpt lat="34.21651267446577548980712890625" lon="108.89541685581207275390625">
        <ele>413.600006103515625</ele>
        <time>2026-04-06T09:24:01.000Z</time>
        <extensions>
          <ns3:TrackPointExtension>
            <ns3:hr>133</ns3:hr>
            <ns3:cad>93</ns3:cad>
          </ns3:TrackPointExtension>
        </extensions>
      </trkpt>
      <trkpt lat="34.21648819930851459503173828125" lon="108.89540755189955234527587890625">
        <ele>413.600006103515625</ele>
        <time>2026-04-06T09:24:02.000Z</time>
        <extensions>
          <ns3:TrackPointExtension>
            <ns3:hr>133</ns3:hr>
            <ns3:cad>92</ns3:cad>
          </ns3:TrackPointExtension>
        </extensions>
      </trkpt>
      <trkpt lat="34.21646774746477603912353515625" lon="108.89540118165314197540283203125">
        <ele>413.600006103515625</ele>
        <time>2026-04-06T09:24:03.000Z</time>
        <extensions>
          <ns3:TrackPointExtension>
            <ns3:hr>133</ns3:hr>
            <ns3:cad>92</ns3:cad>
          </ns3:TrackPointExtension>
        </extensions>
      </trkpt>
      <trkpt lat="34.21644059009850025177001953125" lon="108.89539011754095554351806640625">
        <ele>413.600006103515625</ele>
        <time>2026-04-06T09:24:04.000Z</time>
        <extensions>
          <ns3:TrackPointExtension>
            <ns3:hr>133</ns3:hr>
            <ns3:cad>94</ns3:cad>
          </ns3:TrackPointExtension>
        </extensions>
      </trkpt>
      <trkpt lat="34.2164202220737934112548828125" lon="108.89538525603711605072021484375">
        <ele>413.600006103515625</ele>
        <time>2026-04-06T09:24:05.000Z</time>
        <extensions>
          <ns3:TrackPointExtension>
            <ns3:hr>132</ns3:hr>
            <ns3:cad>94</ns3:cad>
          </ns3:TrackPointExtension>
        </extensions>
      </trkpt>
      <trkpt lat="34.2163964174687862396240234375" lon="108.895373605191707611083984375">
        <ele>413.600006103515625</ele>
        <time>2026-04-06T09:24:06.000Z</time>
        <extensions>
          <ns3:TrackPointExtension>
            <ns3:hr>132</ns3:hr>
            <ns3:cad>92</ns3:cad>
          </ns3:TrackPointExtension>
        </extensions>
      </trkpt>
      <trkpt lat="34.21638158150017261505126953125" lon="108.89536882750689983367919921875">
        <ele>413.600006103515625</ele>
        <time>2026-04-06T09:24:07.000Z</time>
        <extensions>
          <ns3:TrackPointExtension>
            <ns3:hr>131</ns3:hr>
            <ns3:cad>92</ns3:cad>
          </ns3:TrackPointExtension>
        </extensions>
      </trkpt>
      <trkpt lat="34.2163538374006748199462890625" lon="108.8953640498220920562744140625">
        <ele>413.600006103515625</ele>
        <time>2026-04-06T09:24:08.000Z</time>
        <extensions>
          <ns3:TrackPointExtension>
            <ns3:hr>131</ns3:hr>
            <ns3:cad>93</ns3:cad>
          </ns3:TrackPointExtension>
        </extensions>
      </trkpt>
      <trkpt lat="34.21633891761302947998046875" lon="108.895354159176349639892578125">
        <ele>413.600006103515625</ele>
        <time>2026-04-06T09:24:09.000Z</time>
        <extensions>
          <ns3:TrackPointExtension>
            <ns3:hr>132</ns3:hr>
            <ns3:cad>94</ns3:cad>
          </ns3:TrackPointExtension>
        </extensions>
      </trkpt>
      <trkpt lat="34.2163139395415782928466796875" lon="108.89534150250256061553955078125">
        <ele>413.600006103515625</ele>
        <time>2026-04-06T09:24:10.000Z</time>
        <extensions>
          <ns3:TrackPointExtension>
            <ns3:hr>132</ns3:hr>
            <ns3:cad>94</ns3:cad>
          </ns3:TrackPointExtension>
        </extensions>
      </trkpt>
      <trkpt lat="34.21630212105810642242431640625" lon="108.89532775618135929107666015625">
        <ele>413.600006103515625</ele>
        <time>2026-04-06T09:24:11.000Z</time>
        <extensions>
          <ns3:TrackPointExtension>
            <ns3:hr>132</ns3:hr>
            <ns3:cad>94</ns3:cad>
          </ns3:TrackPointExtension>
        </extensions>
      </trkpt>
      <trkpt lat="34.21628569252789020538330078125" lon="108.89530344866216182708740234375">
        <ele>413.600006103515625</ele>
        <time>2026-04-06T09:24:12.000Z</time>
        <extensions>
          <ns3:TrackPointExtension>
            <ns3:hr>133</ns3:hr>
            <ns3:cad>94</ns3:cad>
          </ns3:TrackPointExtension>
        </extensions>
      </trkpt>
      <trkpt lat="34.21627395786345005035400390625" lon="108.89527511782944202423095703125">
        <ele>413.600006103515625</ele>
        <time>2026-04-06T09:24:13.000Z</time>
        <extensions>
          <ns3:TrackPointExtension>
            <ns3:hr>133</ns3:hr>
            <ns3:cad>94</ns3:cad>
          </ns3:TrackPointExtension>
        </extensions>
      </trkpt>
      <trkpt lat="34.2162733711302280426025390625" lon="108.895246200263500213623046875">
        <ele>413.600006103515625</ele>
        <time>2026-04-06T09:24:14.000Z</time>
        <extensions>
          <ns3:TrackPointExtension>
            <ns3:hr>133</ns3:hr>
            <ns3:cad>93</ns3:cad>
          </ns3:TrackPointExtension>
        </extensions>
      </trkpt>
      <trkpt lat="34.21626909635961055755615234375" lon="108.89521527104079723358154296875">
        <ele>413.600006103515625</ele>
        <time>2026-04-06T09:24:15.000Z</time>
        <extensions>
          <ns3:TrackPointExtension>
            <ns3:hr>133</ns3:hr>
            <ns3:cad>93</ns3:cad>
          </ns3:TrackPointExtension>
        </extensions>
      </trkpt>
      <trkpt lat="34.2162690125405788421630859375" lon="108.89519046060740947723388671875">
        <ele>413.79998779296875</ele>
        <time>2026-04-06T09:24:16.000Z</time>
        <extensions>
          <ns3:TrackPointExtension>
            <ns3:hr>133</ns3:hr>
            <ns3:cad>93</ns3:cad>
          </ns3:TrackPointExtension>
        </extensions>
      </trkpt>
      <trkpt lat="34.21627060510218143463134765625" lon="108.89516045339405536651611328125">
        <ele>413.600006103515625</ele>
        <time>2026-04-06T09:24:17.000Z</time>
        <extensions>
          <ns3:TrackPointExtension>
            <ns3:hr>133</ns3:hr>
            <ns3:cad>94</ns3:cad>
          </ns3:TrackPointExtension>
        </extensions>
      </trkpt>
      <trkpt lat="34.21627814881503582000732421875" lon="108.89513011090457439422607421875">
        <ele>413.600006103515625</ele>
        <time>2026-04-06T09:24:18.000Z</time>
        <extensions>
          <ns3:TrackPointExtension>
            <ns3:hr>133</ns3:hr>
            <ns3:cad>93</ns3:cad>
          </ns3:TrackPointExtension>
        </extensions>
      </trkpt>
      <trkpt lat="34.21628368087112903594970703125" lon="108.89510077424347400665283203125">
        <ele>413.79998779296875</ele>
        <time>2026-04-06T09:24:19.000Z</time>
        <extensions>
          <ns3:TrackPointExtension>
            <ns3:hr>133</ns3:hr>
            <ns3:cad>93</ns3:cad>
          </ns3:TrackPointExtension>
        </extensions>
      </trkpt>
      <trkpt lat="34.21629323624074459075927734375" lon="108.895075209438800811767578125">
        <ele>413.79998779296875</ele>
        <time>2026-04-06T09:24:20.000Z</time>
        <extensions>
          <ns3:TrackPointExtension>
            <ns3:hr>132</ns3:hr>
            <ns3:cad>91</ns3:cad>
          </ns3:TrackPointExtension>
        </extensions>
      </trkpt>
      <trkpt lat="34.21629508025944232940673828125" lon="108.8950398378074169158935546875">
        <ele>413.79998779296875</ele>
        <time>2026-04-06T09:24:21.000Z</time>
        <extensions>
          <ns3:TrackPointExtension>
            <ns3:hr>132</ns3:hr>
            <ns3:cad>91</ns3:cad>
          </ns3:TrackPointExtension>
        </extensions>
      </trkpt>
      <trkpt lat="34.21630547381937503814697265625" lon="108.895017206668853759765625">
        <ele>413.79998779296875</ele>
        <time>2026-04-06T09:24:22.000Z</time>
        <extensions>
          <ns3:TrackPointExtension>
            <ns3:hr>133</ns3:hr>
            <ns3:cad>94</ns3:cad>
          </ns3:TrackPointExtension>
        </extensions>
      </trkpt>
      <trkpt lat="34.2163146100938320159912109375" lon="108.8949804939329624176025390625">
        <ele>413.600006103515625</ele>
        <time>2026-04-06T09:24:23.000Z</time>
        <extensions>
          <ns3:TrackPointExtension>
            <ns3:hr>133</ns3:hr>
            <ns3:cad>94</ns3:cad>
          </ns3:TrackPointExtension>
        </extensions>
      </trkpt>
      <trkpt lat="34.21632525511085987091064453125" lon="108.8949568569660186767578125">
        <ele>413.600006103515625</ele>
        <time>2026-04-06T09:24:24.000Z</time>
        <extensions>
          <ns3:TrackPointExtension>
            <ns3:hr>133</ns3:hr>
            <ns3:cad>94</ns3:cad>
          </ns3:TrackPointExtension>
        </extensions>
      </trkpt>
      <trkpt lat="34.216334559023380279541015625" lon="108.89492911286652088165283203125">
        <ele>413.600006103515625</ele>
        <time>2026-04-06T09:24:25.000Z</time>
        <extensions>
          <ns3:TrackPointExtension>
            <ns3:hr>134</ns3:hr>
            <ns3:cad>92</ns3:cad>
          </ns3:TrackPointExtension>
        </extensions>
      </trkpt>
      <trkpt lat="34.216347634792327880859375" lon="108.89489491470158100128173828125">
        <ele>413.600006103515625</ele>
        <time>2026-04-06T09:24:26.000Z</time>
        <extensions>
          <ns3:TrackPointExtension>
            <ns3:hr>133</ns3:hr>
            <ns3:cad>92</ns3:cad>
          </ns3:TrackPointExtension>
        </extensions>
      </trkpt>
      <trkpt lat="34.216356687247753143310546875" lon="108.89486499130725860595703125">
        <ele>413.600006103515625</ele>
        <time>2026-04-06T09:24:27.000Z</time>
        <extensions>
          <ns3:TrackPointExtension>
            <ns3:hr>134</ns3:hr>
            <ns3:cad>92</ns3:cad>
          </ns3:TrackPointExtension>
        </extensions>
      </trkpt>
      <trkpt lat="34.21636397950351238250732421875" lon="108.8948262669146060943603515625">
        <ele>413.600006103515625</ele>
        <time>2026-04-06T09:24:28.000Z</time>
        <extensions>
          <ns3:TrackPointExtension>
            <ns3:hr>133</ns3:hr>
            <ns3:cad>92</ns3:cad>
          </ns3:TrackPointExtension>
        </extensions>
      </trkpt>
      <trkpt lat="34.21637370251119136810302734375" lon="108.89480405487120151519775390625">
        <ele>413.600006103515625</ele>
        <time>2026-04-06T09:24:29.000Z</time>
        <extensions>
          <ns3:TrackPointExtension>
            <ns3:hr>133</ns3:hr>
            <ns3:cad>93</ns3:cad>
          </ns3:TrackPointExtension>
        </extensions>
      </trkpt>
      <trkpt lat="34.216388873755931854248046875" lon="108.89476549811661243438720703125">
        <ele>413.600006103515625</ele>
        <time>2026-04-06T09:24:30.000Z</time>
        <extensions>
          <ns3:TrackPointExtension>
            <ns3:hr>133</ns3:hr>
            <ns3:cad>93</ns3:cad>
          </ns3:TrackPointExtension>
        </extensions>
      </trkpt>
      <trkpt lat="34.21640220098197460174560546875" lon="108.8947491534054279327392578125">
        <ele>413.600006103515625</ele>
        <time>2026-04-06T09:24:31.000Z</time>
        <extensions>
          <ns3:TrackPointExtension>
            <ns3:hr>133</ns3:hr>
            <ns3:cad>92</ns3:cad>
          </ns3:TrackPointExtension>
        </extensions>
      </trkpt>
      <trkpt lat="34.21642332337796688079833984375" lon="108.89471881091594696044921875">
        <ele>413.600006103515625</ele>
        <time>2026-04-06T09:24:32.000Z</time>
        <extensions>
          <ns3:TrackPointExtension>
            <ns3:hr>133</ns3:hr>
            <ns3:cad>92</ns3:cad>
          </ns3:TrackPointExtension>
        </extensions>
      </trkpt>
      <trkpt lat="34.2164373211562633514404296875" lon="108.89470003545284271240234375">
        <ele>413.399993896484375</ele>
        <time>2026-04-06T09:24:33.000Z</time>
        <extensions>
          <ns3:TrackPointExtension>
            <ns3:hr>133</ns3:hr>
            <ns3:cad>92</ns3:cad>
          </ns3:TrackPointExtension>
        </extensions>
      </trkpt>
      <trkpt lat="34.2164577730000019073486328125" lon="108.89467245899140834808349609375">
        <ele>413.399993896484375</ele>
        <time>2026-04-06T09:24:34.000Z</time>
        <extensions>
          <ns3:TrackPointExtension>
            <ns3:hr>132</ns3:hr>
            <ns3:cad>93</ns3:cad>
          </ns3:TrackPointExtension>
        </extensions>
      </trkpt>
      <trkpt lat="34.21647395007312297821044921875" lon="108.89465301297605037689208984375">
        <ele>413.399993896484375</ele>
        <time>2026-04-06T09:24:35.000Z</time>
        <extensions>
          <ns3:TrackPointExtension>
            <ns3:hr>132</ns3:hr>
            <ns3:cad>93</ns3:cad>
          </ns3:TrackPointExtension>
        </extensions>
      </trkpt>
      <trkpt lat="34.2164909653365612030029296875" lon="108.8946281187236309051513671875">
        <ele>413.399993896484375</ele>
        <time>2026-04-06T09:24:36.000Z</time>
        <extensions>
          <ns3:TrackPointExtension>
            <ns3:hr>132</ns3:hr>
            <ns3:cad>94</ns3:cad>
          </ns3:TrackPointExtension>
        </extensions>
      </trkpt>
      <trkpt lat="34.21650747768580913543701171875" lon="108.89460213482379913330078125">
        <ele>413.399993896484375</ele>
        <time>2026-04-06T09:24:37.000Z</time>
        <extensions>
          <ns3:TrackPointExtension>
            <ns3:hr>132</ns3:hr>
            <ns3:cad>94</ns3:cad>
          </ns3:TrackPointExtension>
        </extensions>
      </trkpt>
      <trkpt lat="34.21652256511151790618896484375" lon="108.89457740820944309234619140625">
        <ele>413.399993896484375</ele>
        <time>2026-04-06T09:24:38.000Z</time>
        <extensions>
          <ns3:TrackPointExtension>
            <ns3:hr>132</ns3:hr>
            <ns3:cad>93</ns3:cad>
          </ns3:TrackPointExtension>
        </extensions>
      </trkpt>
      <trkpt lat="34.21654142439365386962890625" lon="108.89454522170126438140869140625">
        <ele>413.399993896484375</ele>
        <time>2026-04-06T09:24:39.000Z</time>
        <extensions>
          <ns3:TrackPointExtension>
            <ns3:hr>133</ns3:hr>
            <ns3:cad>92</ns3:cad>
          </ns3:TrackPointExtension>
        </extensions>
      </trkpt>
      <trkpt lat="34.21655693091452121734619140625" lon="108.89452192001044750213623046875">
        <ele>413.399993896484375</ele>
        <time>2026-04-06T09:24:40.000Z</time>
        <extensions>
          <ns3:TrackPointExtension>
            <ns3:hr>132</ns3:hr>
            <ns3:cad>92</ns3:cad>
          </ns3:TrackPointExtension>
        </extensions>
      </trkpt>
      <trkpt lat="34.216570593416690826416015625" lon="108.89448679983615875244140625">
        <ele>413.399993896484375</ele>
        <time>2026-04-06T09:24:41.000Z</time>
        <extensions>
          <ns3:TrackPointExtension>
            <ns3:hr>132</ns3:hr>
            <ns3:cad>94</ns3:cad>
          </ns3:TrackPointExtension>
        </extensions>
      </trkpt>
      <trkpt lat="34.21657939441502094268798828125" lon="108.89446240849792957305908203125">
        <ele>413.399993896484375</ele>
        <time>2026-04-06T09:24:42.000Z</time>
        <extensions>
          <ns3:TrackPointExtension>
            <ns3:hr>132</ns3:hr>
            <ns3:cad>94</ns3:cad>
          </ns3:TrackPointExtension>
        </extensions>
      </trkpt>
      <trkpt lat="34.2165801487863063812255859375" lon="108.8944309763610363006591796875">
        <ele>413.399993896484375</ele>
        <time>2026-04-06T09:24:43.000Z</time>
        <extensions>
          <ns3:TrackPointExtension>
            <ns3:hr>132</ns3:hr>
            <ns3:cad>93</ns3:cad>
          </ns3:TrackPointExtension>
        </extensions>
      </trkpt>
      <trkpt lat="34.216571263968944549560546875" lon="108.89443122781813144683837890625">
        <ele>413.399993896484375</ele>
        <time>2026-04-06T09:24:44.000Z</time>
        <extensions>
          <ns3:TrackPointExtension>
            <ns3:hr>133</ns3:hr>
            <ns3:cad>92</ns3:cad>
          </ns3:TrackPointExtension>
        </extensions>
      </trkpt>
      <trkpt lat="34.21655793674290180206298828125" lon="108.89444924890995025634765625">
        <ele>413.399993896484375</ele>
        <time>2026-04-06T09:24:45.000Z</time>
        <extensions>
          <ns3:TrackPointExtension>
            <ns3:hr>132</ns3:hr>
            <ns3:cad>91</ns3:cad>
          </ns3:TrackPointExtension>
        </extensions>
      </trkpt>
      <trkpt lat="34.21654502861201763153076171875" lon="108.8944691978394985198974609375">
        <ele>413.399993896484375</ele>
        <time>2026-04-06T09:24:46.000Z</time>
        <extensions>
          <ns3:TrackPointExtension>
            <ns3:hr>132</ns3:hr>
            <ns3:cad>91</ns3:cad>
          </ns3:TrackPointExtension>
        </extensions>
      </trkpt>
      <trkpt lat="34.21653203666210174560546875" lon="108.89449509792029857635498046875">
        <ele>413.399993896484375</ele>
        <time>2026-04-06T09:24:47.000Z</time>
        <extensions>
          <ns3:TrackPointExtension>
            <ns3:hr>133</ns3:hr>
            <ns3:cad>91</ns3:cad>
          </ns3:TrackPointExtension>
        </extensions>
      </trkpt>
      <trkpt lat="34.216522313654422760009765625" lon="108.8945127837359905242919921875">
        <ele>413.399993896484375</ele>
        <time>2026-04-06T09:24:48.000Z</time>
        <extensions>
          <ns3:TrackPointExtension>
            <ns3:hr>133</ns3:hr>
            <ns3:cad>90</ns3:cad>
          </ns3:TrackPointExtension>
        </extensions>
      </trkpt>
      <trkpt lat="34.21651116572320461273193359375" lon="108.8945439644157886505126953125">
        <ele>413.399993896484375</ele>
        <time>2026-04-06T09:24:49.000Z</time>
        <extensions>
          <ns3:TrackPointExtension>
            <ns3:hr>133</ns3:hr>
            <ns3:cad>89</ns3:cad>
          </ns3:TrackPointExtension>
        </extensions>
      </trkpt>
      <trkpt lat="34.21649725176393985748291015625" lon="108.89456852339208126068115234375">
        <ele>413.399993896484375</ele>
        <time>2026-04-06T09:24:50.000Z</time>
        <extensions>
          <ns3:TrackPointExtension>
            <ns3:hr>133</ns3:hr>
            <ns3:cad>89</ns3:cad>
          </ns3:TrackPointExtension>
        </extensions>
      </trkpt>
      <trkpt lat="34.21647931449115276336669921875" lon="108.89459450729191303253173828125">
        <ele>413.399993896484375</ele>
        <time>2026-04-06T09:24:51.000Z</time>
        <extensions>
          <ns3:TrackPointExtension>
            <ns3:hr>133</ns3:hr>
            <ns3:cad>90</ns3:cad>
          </ns3:TrackPointExtension>
        </extensions>
      </trkpt>
      <trkpt lat="34.2164554260671138763427734375" lon="108.8946157135069370269775390625">
        <ele>413.399993896484375</ele>
        <time>2026-04-06T09:24:52.000Z</time>
        <extensions>
          <ns3:TrackPointExtension>
            <ns3:hr>133</ns3:hr>
            <ns3:cad>92</ns3:cad>
          </ns3:TrackPointExtension>
        </extensions>
      </trkpt>
      <trkpt lat="34.2164374887943267822265625" lon="108.894633315503597259521484375">
        <ele>413.399993896484375</ele>
        <time>2026-04-06T09:24:53.000Z</time>
        <extensions>
          <ns3:TrackPointExtension>
            <ns3:hr>134</ns3:hr>
            <ns3:cad>92</ns3:cad>
          </ns3:TrackPointExtension>
        </extensions>
      </trkpt>
      <trkpt lat="34.21642114408314228057861328125" lon="108.8946556113660335540771484375">
        <ele>413.399993896484375</ele>
        <time>2026-04-06T09:24:54.000Z</time>
        <extensions>
          <ns3:TrackPointExtension>
            <ns3:hr>133</ns3:hr>
            <ns3:cad>94</ns3:cad>
          </ns3:TrackPointExtension>
        </extensions>
      </trkpt>
      <trkpt lat="34.21640706248581409454345703125" lon="108.8946690224111080169677734375">
        <ele>413.399993896484375</ele>
        <time>2026-04-06T09:24:55.000Z</time>
        <extensions>
          <ns3:TrackPointExtension>
            <ns3:hr>133</ns3:hr>
            <ns3:cad>94</ns3:cad>
          </ns3:TrackPointExtension>
        </extensions>
      </trkpt>
      <trkpt lat="34.21639231033623218536376953125" lon="108.89469601213932037353515625">
        <ele>413.399993896484375</ele>
        <time>2026-04-06T09:24:56.000Z</time>
        <extensions>
          <ns3:TrackPointExtension>
            <ns3:hr>133</ns3:hr>
            <ns3:cad>92</ns3:cad>
          </ns3:TrackPointExtension>
        </extensions>
      </trkpt>
      <trkpt lat="34.21637722291052341461181640625" lon="108.89471604488790035247802734375">
        <ele>413.399993896484375</ele>
        <time>2026-04-06T09:24:57.000Z</time>
        <extensions>
          <ns3:TrackPointExtension>
            <ns3:hr>133</ns3:hr>
            <ns3:cad>92</ns3:cad>
          </ns3:TrackPointExtension>
        </extensions>
      </trkpt>
      <trkpt lat="34.21636649407446384429931640625" lon="108.89474186114966869354248046875">
        <ele>413.399993896484375</ele>
        <time>2026-04-06T09:24:58.000Z</time>
        <extensions>
          <ns3:TrackPointExtension>
            <ns3:hr>133</ns3:hr>
            <ns3:cad>91</ns3:cad>
          </ns3:TrackPointExtension>
        </extensions>
      </trkpt>
      <trkpt lat="34.21635358594357967376708984375" lon="108.89476465992629528045654296875">
        <ele>413.600006103515625</ele>
        <time>2026-04-06T09:24:59.000Z</time>
        <extensions>
          <ns3:TrackPointExtension>
            <ns3:hr>134</ns3:hr>
            <ns3:cad>91</ns3:cad>
          </ns3:TrackPointExtension>
        </extensions>
      </trkpt>
      <trkpt lat="34.21634771861135959625244140625" lon="108.8947913981974124908447265625">
        <ele>413.600006103515625</ele>
        <time>2026-04-06T09:25:00.000Z</time>
        <extensions>
          <ns3:TrackPointExtension>
            <ns3:hr>133</ns3:hr>
            <ns3:cad>93</ns3:cad>
          </ns3:TrackPointExtension>
        </extensions>
      </trkpt>
      <trkpt lat="34.21633816324174404144287109375" lon="108.894815035164356231689453125">
        <ele>413.600006103515625</ele>
        <time>2026-04-06T09:25:01.000Z</time>
        <extensions>
          <ns3:TrackPointExtension>
            <ns3:hr>133</ns3:hr>
            <ns3:cad>94</ns3:cad>
          </ns3:TrackPointExtension>
        </extensions>
      </trkpt>
      <trkpt lat="34.2163310386240482330322265625" lon="108.89483842067420482635498046875">
        <ele>413.600006103515625</ele>
        <time>2026-04-06T09:25:02.000Z</time>
        <extensions>
          <ns3:TrackPointExtension>
            <ns3:hr>133</ns3:hr>
            <ns3:cad>94</ns3:cad>
          </ns3:TrackPointExtension>
        </extensions>
      </trkpt>
      <trkpt lat="34.21631687320768833160400390625" lon="108.89486172236502170562744140625">
        <ele>413.600006103515625</ele>
        <time>2026-04-06T09:25:03.000Z</time>
        <extensions>
          <ns3:TrackPointExtension>
            <ns3:hr>133</ns3:hr>
            <ns3:cad>93</ns3:cad>
          </ns3:TrackPointExtension>
        </extensions>
      </trkpt>
      <trkpt lat="34.2163052223622798919677734375" lon="108.8948857784271240234375">
        <ele>413.600006103515625</ele>
        <time>2026-04-06T09:25:04.000Z</time>
        <extensions>
          <ns3:TrackPointExtension>
            <ns3:hr>133</ns3:hr>
            <ns3:cad>92</ns3:cad>
          </ns3:TrackPointExtension>
        </extensions>
      </trkpt>
      <trkpt lat="34.21630027703940868377685546875" lon="108.894915618002414703369140625">
        <ele>413.600006103515625</ele>
        <time>2026-04-06T09:25:05.000Z</time>
        <extensions>
          <ns3:TrackPointExtension>
            <ns3:hr>133</ns3:hr>
            <ns3:cad>92</ns3:cad>
          </ns3:TrackPointExtension>
        </extensions>
      </trkpt>
      <trkpt lat="34.21629130840301513671875" lon="108.8949416019022464752197265625">
        <ele>413.600006103515625</ele>
        <time>2026-04-06T09:25:06.000Z</time>
        <extensions>
          <ns3:TrackPointExtension>
            <ns3:hr>133</ns3:hr>
            <ns3:cad>92</ns3:cad>
          </ns3:TrackPointExtension>
        </extensions>
      </trkpt>
      <trkpt lat="34.21628351323306560516357421875" lon="108.89498359523713588714599609375">
        <ele>413.600006103515625</ele>
        <time>2026-04-06T09:25:07.000Z</time>
        <extensions>
          <ns3:TrackPointExtension>
            <ns3:hr>133</ns3:hr>
            <ns3:cad>92</ns3:cad>
          </ns3:TrackPointExtension>
        </extensions>
      </trkpt>
      <trkpt lat="34.21627320349216461181640625" lon="108.89501511119306087493896484375">
        <ele>413.600006103515625</ele>
        <time>2026-04-06T09:25:08.000Z</time>
        <extensions>
          <ns3:TrackPointExtension>
            <ns3:hr>133</ns3:hr>
            <ns3:cad>92</ns3:cad>
          </ns3:TrackPointExtension>
        </extensions>
      </trkpt>
      <trkpt lat="34.21626809053122997283935546875" lon="108.89505417086184024810791015625">
        <ele>413.600006103515625</ele>
        <time>2026-04-06T09:25:09.000Z</time>
        <extensions>
          <ns3:TrackPointExtension>
            <ns3:hr>133</ns3:hr>
            <ns3:cad>93</ns3:cad>
          </ns3:TrackPointExtension>
        </extensions>
      </trkpt>
      <trkpt lat="34.21626071445643901824951171875" lon="108.89508920721709728240966796875">
        <ele>413.600006103515625</ele>
        <time>2026-04-06T09:25:10.000Z</time>
        <extensions>
          <ns3:TrackPointExtension>
            <ns3:hr>133</ns3:hr>
            <ns3:cad>93</ns3:cad>
          </ns3:TrackPointExtension>
        </extensions>
      </trkpt>
      <trkpt lat="34.2162579484283924102783203125" lon="108.89512424357235431671142578125">
        <ele>413.600006103515625</ele>
        <time>2026-04-06T09:25:11.000Z</time>
        <extensions>
          <ns3:TrackPointExtension>
            <ns3:hr>133</ns3:hr>
            <ns3:cad>92</ns3:cad>
          </ns3:TrackPointExtension>
        </extensions>
      </trkpt>
      <trkpt lat="34.21624696813523769378662109375" lon="108.89515341259539127349853515625">
        <ele>413.600006103515625</ele>
        <time>2026-04-06T09:25:12.000Z</time>
        <extensions>
          <ns3:TrackPointExtension>
            <ns3:hr>133</ns3:hr>
            <ns3:cad>92</ns3:cad>
          </ns3:TrackPointExtension>
        </extensions>
      </trkpt>
      <trkpt lat="34.21623104251921176910400390625" lon="108.8951880298554897308349609375">
        <ele>413.600006103515625</ele>
        <time>2026-04-06T09:25:13.000Z</time>
        <extensions>
          <ns3:TrackPointExtension>
            <ns3:hr>134</ns3:hr>
            <ns3:cad>92</ns3:cad>
          </ns3:TrackPointExtension>
        </extensions>
      </trkpt>
      <trkpt lat="34.21621411107480525970458984375" lon="108.8952104933559894561767578125">
        <ele>413.600006103515625</ele>
        <time>2026-04-06T09:25:14.000Z</time>
        <extensions>
          <ns3:TrackPointExtension>
            <ns3:hr>134</ns3:hr>
            <ns3:cad>94</ns3:cad>
          </ns3:TrackPointExtension>
        </extensions>
      </trkpt>
      <trkpt lat="34.21619181521236896514892578125" lon="108.89523605816066265106201171875">
        <ele>413.600006103515625</ele>
        <time>2026-04-06T09:25:15.000Z</time>
        <extensions>
          <ns3:TrackPointExtension>
            <ns3:hr>134</ns3:hr>
            <ns3:cad>94</ns3:cad>
          </ns3:TrackPointExtension>
        </extensions>
      </trkpt>
      <trkpt lat="34.21617035754024982452392578125" lon="108.895254246890544891357421875">
        <ele>413.600006103515625</ele>
        <time>2026-04-06T09:25:16.000Z</time>
        <extensions>
          <ns3:TrackPointExtension>
            <ns3:hr>134</ns3:hr>
            <ns3:cad>93</ns3:cad>
          </ns3:TrackPointExtension>
        </extensions>
      </trkpt>
      <trkpt lat="34.21614470891654491424560546875" lon="108.89527126215398311614990234375">
        <ele>413.600006103515625</ele>
        <time>2026-04-06T09:25:17.000Z</time>
        <extensions>
          <ns3:TrackPointExtension>
            <ns3:hr>134</ns3:hr>
            <ns3:cad>93</ns3:cad>
          </ns3:TrackPointExtension>
        </extensions>
      </trkpt>
      <trkpt lat="34.21611906029284000396728515625" lon="108.895293138921260833740234375">
        <ele>413.79998779296875</ele>
        <time>2026-04-06T09:25:18.000Z</time>
        <extensions>
          <ns3:TrackPointExtension>
            <ns3:hr>134</ns3:hr>
            <ns3:cad>91</ns3:cad>
          </ns3:TrackPointExtension>
        </extensions>
      </trkpt>
      <trkpt lat="34.21610011719167232513427734375" lon="108.89531099237501621246337890625">
        <ele>413.79998779296875</ele>
        <time>2026-04-06T09:25:19.000Z</time>
        <extensions>
          <ns3:TrackPointExtension>
            <ns3:hr>134</ns3:hr>
            <ns3:cad>91</ns3:cad>
          </ns3:TrackPointExtension>
        </extensions>
      </trkpt>
      <trkpt lat="34.21608486212790012359619140625" lon="108.895335383713245391845703125">
        <ele>413.600006103515625</ele>
        <time>2026-04-06T09:25:20.000Z</time>
        <extensions>
          <ns3:TrackPointExtension>
            <ns3:hr>134</ns3:hr>
            <ns3:cad>92</ns3:cad>
          </ns3:TrackPointExtension>
        </extensions>
      </trkpt>
      <trkpt lat="34.21606910414993762969970703125" lon="108.8953499682247638702392578125">
        <ele>413.600006103515625</ele>
        <time>2026-04-06T09:25:21.000Z</time>
        <extensions>
          <ns3:TrackPointExtension>
            <ns3:hr>134</ns3:hr>
            <ns3:cad>92</ns3:cad>
          </ns3:TrackPointExtension>
        </extensions>
      </trkpt>
      <trkpt lat="34.21605435200035572052001953125" lon="108.8953764550387859344482421875">
        <ele>413.79998779296875</ele>
        <time>2026-04-06T09:25:22.000Z</time>
        <extensions>
          <ns3:TrackPointExtension>
            <ns3:hr>134</ns3:hr>
            <ns3:cad>93</ns3:cad>
          </ns3:TrackPointExtension>
        </extensions>
      </trkpt>
      <trkpt lat="34.21603985130786895751953125" lon="108.8953959010541439056396484375">
        <ele>413.600006103515625</ele>
        <time>2026-04-06T09:25:23.000Z</time>
        <extensions>
          <ns3:TrackPointExtension>
            <ns3:hr>134</ns3:hr>
            <ns3:cad>93</ns3:cad>
          </ns3:TrackPointExtension>
        </extensions>
      </trkpt>
      <trkpt lat="34.2160286195576190948486328125" lon="108.89541744254529476165771484375">
        <ele>413.600006103515625</ele>
        <time>2026-04-06T09:25:24.000Z</time>
        <extensions>
          <ns3:TrackPointExtension>
            <ns3:hr>134</ns3:hr>
            <ns3:cad>94</ns3:cad>
          </ns3:TrackPointExtension>
        </extensions>
      </trkpt>
      <trkpt lat="34.21601680107414722442626953125" lon="108.89544309116899967193603515625">
        <ele>413.600006103515625</ele>
        <time>2026-04-06T09:25:25.000Z</time>
        <extensions>
          <ns3:TrackPointExtension>
            <ns3:hr>134</ns3:hr>
            <ns3:cad>93</ns3:cad>
          </ns3:TrackPointExtension>
        </extensions>
      </trkpt>
      <trkpt lat="34.21600171364843845367431640625" lon="108.89546404592692852020263671875">
        <ele>413.600006103515625</ele>
        <time>2026-04-06T09:25:26.000Z</time>
        <extensions>
          <ns3:TrackPointExtension>
            <ns3:hr>134</ns3:hr>
            <ns3:cad>93</ns3:cad>
          </ns3:TrackPointExtension>
        </extensions>
      </trkpt>
      <trkpt lat="34.2159887216985225677490234375" lon="108.89549036510288715362548828125">
        <ele>413.600006103515625</ele>
        <time>2026-04-06T09:25:27.000Z</time>
        <extensions>
          <ns3:TrackPointExtension>
            <ns3:hr>133</ns3:hr>
            <ns3:cad>93</ns3:cad>
          </ns3:TrackPointExtension>
        </extensions>
      </trkpt>
      <trkpt lat="34.2159729637205600738525390625" lon="108.89551433734595775604248046875">
        <ele>413.600006103515625</ele>
        <time>2026-04-06T09:25:28.000Z</time>
        <extensions>
          <ns3:TrackPointExtension>
            <ns3:hr>133</ns3:hr>
            <ns3:cad>93</ns3:cad>
          </ns3:TrackPointExtension>
        </extensions>
      </trkpt>
      <trkpt lat="34.2159592173993587493896484375" lon="108.89553864486515522003173828125">
        <ele>413.79998779296875</ele>
        <time>2026-04-06T09:25:29.000Z</time>
        <extensions>
          <ns3:TrackPointExtension>
            <ns3:hr>133</ns3:hr>
            <ns3:cad>93</ns3:cad>
          </ns3:TrackPointExtension>
        </extensions>
      </trkpt>
      <trkpt lat="34.215943627059459686279296875" lon="108.8955632038414478302001953125">
        <ele>414</ele>
        <time>2026-04-06T09:25:30.000Z</time>
        <extensions>
          <ns3:TrackPointExtension>
            <ns3:hr>133</ns3:hr>
            <ns3:cad>93</ns3:cad>
          </ns3:TrackPointExtension>
        </extensions>
      </trkpt>
      <trkpt lat="34.21592929400503635406494140625" lon="108.8955950550734996795654296875">
        <ele>414</ele>
        <time>2026-04-06T09:25:31.000Z</time>
        <extensions>
          <ns3:TrackPointExtension>
            <ns3:hr>133</ns3:hr>
            <ns3:cad>93</ns3:cad>
          </ns3:TrackPointExtension>
        </extensions>
      </trkpt>
      <trkpt lat="34.21591722406446933746337890625" lon="108.8956166803836822509765625">
        <ele>414.20001220703125</ele>
        <time>2026-04-06T09:25:32.000Z</time>
        <extensions>
          <ns3:TrackPointExtension>
            <ns3:hr>133</ns3:hr>
            <ns3:cad>94</ns3:cad>
          </ns3:TrackPointExtension>
        </extensions>
      </trkpt>
      <trkpt lat="34.21590666286647319793701171875" lon="108.895635791122913360595703125">
        <ele>414</ele>
        <time>2026-04-06T09:25:33.000Z</time>
        <extensions>
          <ns3:TrackPointExtension>
            <ns3:hr>133</ns3:hr>
            <ns3:cad>94</ns3:cad>
          </ns3:TrackPointExtension>
        </extensions>
      </trkpt>
      <trkpt lat="34.21589903533458709716796875" lon="108.8956570811569690704345703125">
        <ele>414</ele>
        <time>2026-04-06T09:25:34.000Z</time>
        <extensions>
          <ns3:TrackPointExtension>
            <ns3:hr>133</ns3:hr>
            <ns3:cad>93</ns3:cad>
          </ns3:TrackPointExtension>
        </extensions>
      </trkpt>
      <trkpt lat="34.21588973142206668853759765625" lon="108.8956748507916927337646484375">
        <ele>413.79998779296875</ele>
        <time>2026-04-06T09:25:35.000Z</time>
        <extensions>
          <ns3:TrackPointExtension>
            <ns3:hr>133</ns3:hr>
            <ns3:cad>93</ns3:cad>
          </ns3:TrackPointExtension>
        </extensions>
      </trkpt>
      <trkpt lat="34.21588537283241748809814453125" lon="108.89569907449185848236083984375">
        <ele>413.600006103515625</ele>
        <time>2026-04-06T09:25:36.000Z</time>
        <extensions>
          <ns3:TrackPointExtension>
            <ns3:hr>133</ns3:hr>
            <ns3:cad>93</ns3:cad>
          </ns3:TrackPointExtension>
        </extensions>
      </trkpt>
      <trkpt lat="34.21587531454861164093017578125" lon="108.89571751467883586883544921875">
        <ele>413.600006103515625</ele>
        <time>2026-04-06T09:25:37.000Z</time>
        <extensions>
          <ns3:TrackPointExtension>
            <ns3:hr>132</ns3:hr>
            <ns3:cad>95</ns3:cad>
          </ns3:TrackPointExtension>
        </extensions>
      </trkpt>
      <trkpt lat="34.21586760319769382476806640625" lon="108.8957422412931919097900390625">
        <ele>413.600006103515625</ele>
        <time>2026-04-06T09:25:38.000Z</time>
        <extensions>
          <ns3:TrackPointExtension>
            <ns3:hr>132</ns3:hr>
            <ns3:cad>95</ns3:cad>
          </ns3:TrackPointExtension>
        </extensions>
      </trkpt>
      <trkpt lat="34.2158576287329196929931640625" lon="108.89576327987015247344970703125">
        <ele>413.600006103515625</ele>
        <time>2026-04-06T09:25:39.000Z</time>
        <extensions>
          <ns3:TrackPointExtension>
            <ns3:hr>131</ns3:hr>
            <ns3:cad>95</ns3:cad>
          </ns3:TrackPointExtension>
        </extensions>
      </trkpt>
      <trkpt lat="34.21584715135395526885986328125" lon="108.89578658156096935272216796875">
        <ele>413.600006103515625</ele>
        <time>2026-04-06T09:25:40.000Z</time>
        <extensions>
          <ns3:TrackPointExtension>
            <ns3:hr>131</ns3:hr>
            <ns3:cad>95</ns3:cad>
          </ns3:TrackPointExtension>
        </extensions>
      </trkpt>
      <trkpt lat="34.21583776362240314483642578125" lon="108.89580803923308849334716796875">
        <ele>413.600006103515625</ele>
        <time>2026-04-06T09:25:41.000Z</time>
        <extensions>
          <ns3:TrackPointExtension>
            <ns3:hr>130</ns3:hr>
            <ns3:cad>93</ns3:cad>
          </ns3:TrackPointExtension>
        </extensions>
      </trkpt>
      <trkpt lat="34.21582661569118499755859375" lon="108.89583519659936428070068359375">
        <ele>413.600006103515625</ele>
        <time>2026-04-06T09:25:42.000Z</time>
        <extensions>
          <ns3:TrackPointExtension>
            <ns3:hr>130</ns3:hr>
            <ns3:cad>93</ns3:cad>
          </ns3:TrackPointExtension>
        </extensions>
      </trkpt>
      <trkpt lat="34.21581697650253772735595703125" lon="108.8958553969860076904296875">
        <ele>413.600006103515625</ele>
        <time>2026-04-06T09:25:43.000Z</time>
        <extensions>
          <ns3:TrackPointExtension>
            <ns3:hr>130</ns3:hr>
            <ns3:cad>92</ns3:cad>
          </ns3:TrackPointExtension>
        </extensions>
      </trkpt>
      <trkpt lat="34.21580859459936618804931640625" lon="108.89588196761906147003173828125">
        <ele>413.600006103515625</ele>
        <time>2026-04-06T09:25:44.000Z</time>
        <extensions>
          <ns3:TrackPointExtension>
            <ns3:hr>130</ns3:hr>
            <ns3:cad>91</ns3:cad>
          </ns3:TrackPointExtension>
        </extensions>
      </trkpt>
      <trkpt lat="34.21579903922975063323974609375" lon="108.89591331593692302703857421875">
        <ele>413.600006103515625</ele>
        <time>2026-04-06T09:25:45.000Z</time>
        <extensions>
          <ns3:TrackPointExtension>
            <ns3:hr>129</ns3:hr>
            <ns3:cad>91</ns3:cad>
          </ns3:TrackPointExtension>
        </extensions>
      </trkpt>
      <trkpt lat="34.215794764459133148193359375" lon="108.8959484361112117767333984375">
        <ele>413.600006103515625</ele>
        <time>2026-04-06T09:25:46.000Z</time>
        <extensions>
          <ns3:TrackPointExtension>
            <ns3:hr>130</ns3:hr>
            <ns3:cad>92</ns3:cad>
          </ns3:TrackPointExtension>
        </extensions>
      </trkpt>
      <trkpt lat="34.215788729488849639892578125" lon="108.8959913514554500579833984375">
        <ele>413.600006103515625</ele>
        <time>2026-04-06T09:25:47.000Z</time>
        <extensions>
          <ns3:TrackPointExtension>
            <ns3:hr>130</ns3:hr>
            <ns3:cad>92</ns3:cad>
          </ns3:TrackPointExtension>
        </extensions>
      </trkpt>
      <trkpt lat="34.2157838679850101470947265625" lon="108.8960228674113750457763671875">
        <ele>413.600006103515625</ele>
        <time>2026-04-06T09:25:48.000Z</time>
        <extensions>
          <ns3:TrackPointExtension>
            <ns3:hr>130</ns3:hr>
            <ns3:cad>94</ns3:cad>
          </ns3:TrackPointExtension>
        </extensions>
      </trkpt>
      <trkpt lat="34.21578244306147098541259765625" lon="108.8960641063749790191650390625">
        <ele>413.600006103515625</ele>
        <time>2026-04-06T09:25:49.000Z</time>
        <extensions>
          <ns3:TrackPointExtension>
            <ns3:hr>130</ns3:hr>
            <ns3:cad>94</ns3:cad>
          </ns3:TrackPointExtension>
        </extensions>
      </trkpt>
      <trkpt lat="34.21577674336731433868408203125" lon="108.89609570614993572235107421875">
        <ele>413.600006103515625</ele>
        <time>2026-04-06T09:25:50.000Z</time>
        <extensions>
          <ns3:TrackPointExtension>
            <ns3:hr>130</ns3:hr>
            <ns3:cad>94</ns3:cad>
          </ns3:TrackPointExtension>
        </extensions>
      </trkpt>
      <trkpt lat="34.21577389352023601531982421875" lon="108.89613292180001735687255859375">
        <ele>413.600006103515625</ele>
        <time>2026-04-06T09:25:51.000Z</time>
        <extensions>
          <ns3:TrackPointExtension>
            <ns3:hr>130</ns3:hr>
            <ns3:cad>94</ns3:cad>
          </ns3:TrackPointExtension>
        </extensions>
      </trkpt>
      <trkpt lat="34.21576869674026966094970703125" lon="108.8961576484143733978271484375">
        <ele>413.399993896484375</ele>
        <time>2026-04-06T09:25:52.000Z</time>
        <extensions>
          <ns3:TrackPointExtension>
            <ns3:hr>130</ns3:hr>
            <ns3:cad>93</ns3:cad>
          </ns3:TrackPointExtension>
        </extensions>
      </trkpt>
      <trkpt lat="34.21576559543609619140625" lon="108.896188996732234954833984375">
        <ele>413.399993896484375</ele>
        <time>2026-04-06T09:25:53.000Z</time>
        <extensions>
          <ns3:TrackPointExtension>
            <ns3:hr>130</ns3:hr>
            <ns3:cad>93</ns3:cad>
          </ns3:TrackPointExtension>
        </extensions>
      </trkpt>
      <trkpt lat="34.215758554637432098388671875" lon="108.89622084796428680419921875">
        <ele>413.399993896484375</ele>
        <time>2026-04-06T09:25:54.000Z</time>
        <extensions>
          <ns3:TrackPointExtension>
            <ns3:hr>130</ns3:hr>
            <ns3:cad>93</ns3:cad>
          </ns3:TrackPointExtension>
        </extensions>
      </trkpt>
      <trkpt lat="34.21575109474360942840576171875" lon="108.896248675882816314697265625">
        <ele>413.399993896484375</ele>
        <time>2026-04-06T09:25:55.000Z</time>
        <extensions>
          <ns3:TrackPointExtension>
            <ns3:hr>129</ns3:hr>
            <ns3:cad>93</ns3:cad>
          </ns3:TrackPointExtension>
        </extensions>
      </trkpt>
      <trkpt lat="34.2157446406781673431396484375" lon="108.896278180181980133056640625">
        <ele>413.600006103515625</ele>
        <time>2026-04-06T09:25:56.000Z</time>
        <extensions>
          <ns3:TrackPointExtension>
            <ns3:hr>127</ns3:hr>
            <ns3:cad>93</ns3:cad>
          </ns3:TrackPointExtension>
        </extensions>
      </trkpt>
      <trkpt lat="34.21573516912758350372314453125" lon="108.8962987996637821197509765625">
        <ele>413.600006103515625</ele>
        <time>2026-04-06T09:25:57.000Z</time>
        <extensions>
          <ns3:TrackPointExtension>
            <ns3:hr>126</ns3:hr>
            <ns3:cad>93</ns3:cad>
          </ns3:TrackPointExtension>
        </extensions>
      </trkpt>
      <trkpt lat="34.215720333158969879150390625" lon="108.89633174054324626922607421875">
        <ele>413.600006103515625</ele>
        <time>2026-04-06T09:25:58.000Z</time>
        <extensions>
          <ns3:TrackPointExtension>
            <ns3:hr>125</ns3:hr>
            <ns3:cad>94</ns3:cad>
          </ns3:TrackPointExtension>
        </extensions>
      </trkpt>
      <trkpt lat="34.21570214442908763885498046875" lon="108.89634531922638416290283203125">
        <ele>413.600006103515625</ele>
        <time>2026-04-06T09:25:59.000Z</time>
        <extensions>
          <ns3:TrackPointExtension>
            <ns3:hr>124</ns3:hr>
            <ns3:cad>94</ns3:cad>
          </ns3:TrackPointExtension>
        </extensions>
      </trkpt>
      <trkpt lat="34.2156779207289218902587890625" lon="108.8963542878627777099609375">
        <ele>413.600006103515625</ele>
        <time>2026-04-06T09:26:00.000Z</time>
        <extensions>
          <ns3:TrackPointExtension>
            <ns3:hr>124</ns3:hr>
            <ns3:cad>91</ns3:cad>
          </ns3:TrackPointExtension>
        </extensions>
      </trkpt>
      <trkpt lat="34.21565830707550048828125" lon="108.8963594846427440643310546875">
        <ele>413.600006103515625</ele>
        <time>2026-04-06T09:26:01.000Z</time>
        <extensions>
          <ns3:TrackPointExtension>
            <ns3:hr>124</ns3:hr>
            <ns3:cad>91</ns3:cad>
          </ns3:TrackPointExtension>
        </extensions>
      </trkpt>
      <trkpt lat="34.21563643030822277069091796875" lon="108.8963638432323932647705078125">
        <ele>413.600006103515625</ele>
        <time>2026-04-06T09:26:02.000Z</time>
        <extensions>
          <ns3:TrackPointExtension>
            <ns3:hr>125</ns3:hr>
            <ns3:cad>92</ns3:cad>
          </ns3:TrackPointExtension>
        </extensions>
      </trkpt>
      <trkpt lat="34.21561463735997676849365234375" lon="108.8963692076504230499267578125">
        <ele>413.399993896484375</ele>
        <time>2026-04-06T09:26:03.000Z</time>
        <extensions>
          <ns3:TrackPointExtension>
            <ns3:hr>126</ns3:hr>
            <ns3:cad>94</ns3:cad>
          </ns3:TrackPointExtension>
        </extensions>
      </trkpt>
      <trkpt lat="34.215592257678508758544921875" lon="108.896379768848419189453125">
        <ele>413.399993896484375</ele>
        <time>2026-04-06T09:26:04.000Z</time>
        <extensions>
          <ns3:TrackPointExtension>
            <ns3:hr>129</ns3:hr>
            <ns3:cad>94</ns3:cad>
          </ns3:TrackPointExtension>
        </extensions>
      </trkpt>
      <trkpt lat="34.2155699618160724639892578125" lon="108.89639343135058879852294921875">
        <ele>413.399993896484375</ele>
        <time>2026-04-06T09:26:05.000Z</time>
        <extensions>
          <ns3:TrackPointExtension>
            <ns3:hr>130</ns3:hr>
            <ns3:cad>93</ns3:cad>
          </ns3:TrackPointExtension>
        </extensions>
      </trkpt>
      <trkpt lat="34.21556032262742519378662109375" lon="108.89641874469816684722900390625">
        <ele>413.600006103515625</ele>
        <time>2026-04-06T09:26:06.000Z</time>
        <extensions>
          <ns3:TrackPointExtension>
            <ns3:hr>130</ns3:hr>
            <ns3:cad>92</ns3:cad>
          </ns3:TrackPointExtension>
        </extensions>
      </trkpt>
      <trkpt lat="34.21555395238101482391357421875" lon="108.8964401185512542724609375">
        <ele>413.600006103515625</ele>
        <time>2026-04-06T09:26:07.000Z</time>
        <extensions>
          <ns3:TrackPointExtension>
            <ns3:hr>130</ns3:hr>
            <ns3:cad>92</ns3:cad>
          </ns3:TrackPointExtension>
        </extensions>
      </trkpt>
      <trkpt lat="34.2155511863529682159423828125" lon="108.896469958126544952392578125">
        <ele>413.79998779296875</ele>
        <time>2026-04-06T09:26:08.000Z</time>
        <extensions>
          <ns3:TrackPointExtension>
            <ns3:hr>130</ns3:hr>
            <ns3:cad>92</ns3:cad>
          </ns3:TrackPointExtension>
        </extensions>
      </trkpt>
      <trkpt lat="34.2155481688678264617919921875" lon="108.89649786986410617828369140625">
        <ele>413.79998779296875</ele>
        <time>2026-04-06T09:26:09.000Z</time>
        <extensions>
          <ns3:TrackPointExtension>
            <ns3:hr>131</ns3:hr>
            <ns3:cad>92</ns3:cad>
          </ns3:TrackPointExtension>
        </extensions>
      </trkpt>
      <trkpt lat="34.215537607669830322265625" lon="108.89652737416326999664306640625">
        <ele>413.79998779296875</ele>
        <time>2026-04-06T09:26:10.000Z</time>
        <extensions>
          <ns3:TrackPointExtension>
            <ns3:hr>132</ns3:hr>
            <ns3:cad>92</ns3:cad>
          </ns3:TrackPointExtension>
        </extensions>
      </trkpt>
      <trkpt lat="34.21553299762308597564697265625" lon="108.89655972830951213836669921875">
        <ele>413.79998779296875</ele>
        <time>2026-04-06T09:26:11.000Z</time>
        <extensions>
          <ns3:TrackPointExtension>
            <ns3:hr>132</ns3:hr>
            <ns3:cad>93</ns3:cad>
          </ns3:TrackPointExtension>
        </extensions>
      </trkpt>
      <trkpt lat="34.21552293933928012847900390625" lon="108.89657816849648952484130859375">
        <ele>414</ele>
        <time>2026-04-06T09:26:12.000Z</time>
        <extensions>
          <ns3:TrackPointExtension>
            <ns3:hr>132</ns3:hr>
            <ns3:cad>93</ns3:cad>
          </ns3:TrackPointExtension>
        </extensions>
      </trkpt>
      <trkpt lat="34.21551757492125034332275390625" lon="108.89660532586276531219482421875">
        <ele>414</ele>
        <time>2026-04-06T09:26:13.000Z</time>
        <extensions>
          <ns3:TrackPointExtension>
            <ns3:hr>133</ns3:hr>
            <ns3:cad>92</ns3:cad>
          </ns3:TrackPointExtension>
        </extensions>
      </trkpt>
      <trkpt lat="34.2155025713145732879638671875" lon="108.89662854373455047607421875">
        <ele>414</ele>
        <time>2026-04-06T09:26:14.000Z</time>
        <extensions>
          <ns3:TrackPointExtension>
            <ns3:hr>133</ns3:hr>
            <ns3:cad>92</ns3:cad>
          </ns3:TrackPointExtension>
        </extensions>
      </trkpt>
      <trkpt lat="34.2154978774487972259521484375" lon="108.8966662622988224029541015625">
        <ele>414.20001220703125</ele>
        <time>2026-04-06T09:26:15.000Z</time>
        <extensions>
          <ns3:TrackPointExtension>
            <ns3:hr>133</ns3:hr>
            <ns3:cad>93</ns3:cad>
          </ns3:TrackPointExtension>
        </extensions>
      </trkpt>
      <trkpt lat="34.2154905013740062713623046875" lon="108.896690905094146728515625">
        <ele>414.20001220703125</ele>
        <time>2026-04-06T09:26:16.000Z</time>
        <extensions>
          <ns3:TrackPointExtension>
            <ns3:hr>133</ns3:hr>
            <ns3:cad>93</ns3:cad>
          </ns3:TrackPointExtension>
        </extensions>
      </trkpt>
      <trkpt lat="34.21548421494662761688232421875" lon="108.896726109087467193603515625">
        <ele>414.20001220703125</ele>
        <time>2026-04-06T09:26:17.000Z</time>
        <extensions>
          <ns3:TrackPointExtension>
            <ns3:hr>134</ns3:hr>
            <ns3:cad>93</ns3:cad>
          </ns3:TrackPointExtension>
        </extensions>
      </trkpt>
      <trkpt lat="34.215477593243122100830078125" lon="108.89675620011985301971435546875">
        <ele>414.20001220703125</ele>
        <time>2026-04-06T09:26:18.000Z</time>
        <extensions>
          <ns3:TrackPointExtension>
            <ns3:hr>134</ns3:hr>
            <ns3:cad>92</ns3:cad>
          </ns3:TrackPointExtension>
        </extensions>
      </trkpt>
      <trkpt lat="34.215479604899883270263671875" lon="108.89678771607577800750732421875">
        <ele>414.20001220703125</ele>
        <time>2026-04-06T09:26:19.000Z</time>
        <extensions>
          <ns3:TrackPointExtension>
            <ns3:hr>134</ns3:hr>
            <ns3:cad>92</ns3:cad>
          </ns3:TrackPointExtension>
        </extensions>
      </trkpt>
      <trkpt lat="34.2154777608811855316162109375" lon="108.8968114368617534637451171875">
        <ele>414.20001220703125</ele>
        <time>2026-04-06T09:26:20.000Z</time>
        <extensions>
          <ns3:TrackPointExtension>
            <ns3:hr>134</ns3:hr>
            <ns3:cad>92</ns3:cad>
          </ns3:TrackPointExtension>
        </extensions>
      </trkpt>
      <trkpt lat="34.215470887720584869384765625" lon="108.89684186317026615142822265625">
        <ele>414.399993896484375</ele>
        <time>2026-04-06T09:26:21.000Z</time>
        <extensions>
          <ns3:TrackPointExtension>
            <ns3:hr>135</ns3:hr>
            <ns3:cad>92</ns3:cad>
          </ns3:TrackPointExtension>
        </extensions>
      </trkpt>
      <trkpt lat="34.21546585857868194580078125" lon="108.8968687690794467926025390625">
        <ele>414.399993896484375</ele>
        <time>2026-04-06T09:26:22.000Z</time>
        <extensions>
          <ns3:TrackPointExtension>
            <ns3:hr>135</ns3:hr>
            <ns3:cad>92</ns3:cad>
          </ns3:TrackPointExtension>
        </extensions>
      </trkpt>
      <trkpt lat="34.21546258963644504547119140625" lon="108.89689232222735881805419921875">
        <ele>414.399993896484375</ele>
        <time>2026-04-06T09:26:23.000Z</time>
        <extensions>
          <ns3:TrackPointExtension>
            <ns3:hr>135</ns3:hr>
            <ns3:cad>92</ns3:cad>
          </ns3:TrackPointExtension>
        </extensions>
      </trkpt>
      <trkpt lat="34.21545990742743015289306640625" lon="108.89693004079163074493408203125">
        <ele>414.399993896484375</ele>
        <time>2026-04-06T09:26:24.000Z</time>
        <extensions>
          <ns3:TrackPointExtension>
            <ns3:hr>135</ns3:hr>
            <ns3:cad>94</ns3:cad>
          </ns3:TrackPointExtension>
        </extensions>
      </trkpt>
      <trkpt lat="34.2154512740671634674072265625" lon="108.89694906771183013916015625">
        <ele>414.399993896484375</ele>
        <time>2026-04-06T09:26:25.000Z</time>
        <extensions>
          <ns3:TrackPointExtension>
            <ns3:hr>135</ns3:hr>
            <ns3:cad>94</ns3:cad>
          </ns3:TrackPointExtension>
        </extensions>
      </trkpt>
      <trkpt lat="34.21544842422008514404296875" lon="108.89698854647576808929443359375">
        <ele>414.399993896484375</ele>
        <time>2026-04-06T09:26:26.000Z</time>
        <extensions>
          <ns3:TrackPointExtension>
            <ns3:hr>135</ns3:hr>
            <ns3:cad>93</ns3:cad>
          </ns3:TrackPointExtension>
        </extensions>
      </trkpt>
      <trkpt lat="34.21544079668819904327392578125" lon="108.897012770175933837890625">
        <ele>414.399993896484375</ele>
        <time>2026-04-06T09:26:27.000Z</time>
        <extensions>
          <ns3:TrackPointExtension>
            <ns3:hr>135</ns3:hr>
            <ns3:cad>93</ns3:cad>
          </ns3:TrackPointExtension>
        </extensions>
      </trkpt>
      <trkpt lat="34.2154512740671634674072265625" lon="108.8970545120537281036376953125">
        <ele>414.399993896484375</ele>
        <time>2026-04-06T09:26:28.000Z</time>
        <extensions>
          <ns3:TrackPointExtension>
            <ns3:hr>134</ns3:hr>
            <ns3:cad>93</ns3:cad>
          </ns3:TrackPointExtension>
        </extensions>
      </trkpt>
      <trkpt lat="34.21544305980205535888671875" lon="108.89708510600030422210693359375">
        <ele>414.600006103515625</ele>
        <time>2026-04-06T09:26:29.000Z</time>
        <extensions>
          <ns3:TrackPointExtension>
            <ns3:hr>135</ns3:hr>
            <ns3:cad>93</ns3:cad>
          </ns3:TrackPointExtension>
        </extensions>
      </trkpt>
      <trkpt lat="34.21545353718101978302001953125" lon="108.8971178792417049407958984375">
        <ele>414.600006103515625</ele>
        <time>2026-04-06T09:26:30.000Z</time>
        <extensions>
          <ns3:TrackPointExtension>
            <ns3:hr>136</ns3:hr>
            <ns3:cad>94</ns3:cad>
          </ns3:TrackPointExtension>
        </extensions>
      </trkpt>
      <trkpt lat="34.21546560712158679962158203125" lon="108.8971426896750926971435546875">
        <ele>414.600006103515625</ele>
        <time>2026-04-06T09:26:31.000Z</time>
        <extensions>
          <ns3:TrackPointExtension>
            <ns3:hr>136</ns3:hr>
            <ns3:cad>93</ns3:cad>
          </ns3:TrackPointExtension>
        </extensions>
      </trkpt>
      <trkpt lat="34.21548438258469104766845703125" lon="108.8971433602273464202880859375">
        <ele>414.600006103515625</ele>
        <time>2026-04-06T09:26:32.000Z</time>
        <extensions>
          <ns3:TrackPointExtension>
            <ns3:hr>136</ns3:hr>
            <ns3:cad>93</ns3:cad>
          </ns3:TrackPointExtension>
        </extensions>
      </trkpt>
      <trkpt lat="34.2154955305159091949462890625" lon="108.8971242494881153106689453125">
        <ele>414.600006103515625</ele>
        <time>2026-04-06T09:26:33.000Z</time>
        <extensions>
          <ns3:TrackPointExtension>
            <ns3:hr>136</ns3:hr>
            <ns3:cad>93</ns3:cad>
          </ns3:TrackPointExtension>
        </extensions>
      </trkpt>
      <trkpt lat="34.215501062572002410888671875" lon="108.8970954157412052154541015625">
        <ele>414.600006103515625</ele>
        <time>2026-04-06T09:26:34.000Z</time>
        <extensions>
          <ns3:TrackPointExtension>
            <ns3:hr>137</ns3:hr>
            <ns3:cad>93</ns3:cad>
          </ns3:TrackPointExtension>
        </extensions>
      </trkpt>
      <trkpt lat="34.21550340950489044189453125" lon="108.89706498943269252777099609375">
        <ele>414.600006103515625</ele>
        <time>2026-04-06T09:26:35.000Z</time>
        <extensions>
          <ns3:TrackPointExtension>
            <ns3:hr>137</ns3:hr>
            <ns3:cad>93</ns3:cad>
          </ns3:TrackPointExtension>
        </extensions>
      </trkpt>
      <trkpt lat="34.2155040800571441650390625" lon="108.897034563124179840087890625">
        <ele>414.600006103515625</ele>
        <time>2026-04-06T09:26:36.000Z</time>
        <extensions>
          <ns3:TrackPointExtension>
            <ns3:hr>137</ns3:hr>
            <ns3:cad>93</ns3:cad>
          </ns3:TrackPointExtension>
        </extensions>
      </trkpt>
      <trkpt lat="34.215505085885524749755859375" lon="108.89699877239763736724853515625">
        <ele>414.399993896484375</ele>
        <time>2026-04-06T09:26:37.000Z</time>
        <extensions>
          <ns3:TrackPointExtension>
            <ns3:hr>136</ns3:hr>
            <ns3:cad>92</ns3:cad>
          </ns3:TrackPointExtension>
        </extensions>
      </trkpt>
      <trkpt lat="34.21550567261874675750732421875" lon="108.89696641825139522552490234375">
        <ele>414.399993896484375</ele>
        <time>2026-04-06T09:26:38.000Z</time>
        <extensions>
          <ns3:TrackPointExtension>
            <ns3:hr>137</ns3:hr>
            <ns3:cad>91</ns3:cad>
          </ns3:TrackPointExtension>
        </extensions>
      </trkpt>
      <trkpt lat="34.2155143059790134429931640625" lon="108.8969371654093265533447265625">
        <ele>414.399993896484375</ele>
        <time>2026-04-06T09:26:39.000Z</time>
        <extensions>
          <ns3:TrackPointExtension>
            <ns3:hr>137</ns3:hr>
            <ns3:cad>91</ns3:cad>
          </ns3:TrackPointExtension>
        </extensions>
      </trkpt>
      <trkpt lat="34.21552109532058238983154296875" lon="108.89691227115690708160400390625">
        <ele>414.399993896484375</ele>
        <time>2026-04-06T09:26:40.000Z</time>
        <extensions>
          <ns3:TrackPointExtension>
            <ns3:hr>138</ns3:hr>
            <ns3:cad>91</ns3:cad>
          </ns3:TrackPointExtension>
        </extensions>
      </trkpt>
      <trkpt lat="34.21553031541407108306884765625" lon="108.89687421731650829315185546875">
        <ele>414.399993896484375</ele>
        <time>2026-04-06T09:26:41.000Z</time>
        <extensions>
          <ns3:TrackPointExtension>
            <ns3:hr>138</ns3:hr>
            <ns3:cad>92</ns3:cad>
          </ns3:TrackPointExtension>
        </extensions>
      </trkpt>
      <trkpt lat="34.21554070897400379180908203125" lon="108.89684890396893024444580078125">
        <ele>414.399993896484375</ele>
        <time>2026-04-06T09:26:42.000Z</time>
        <extensions>
          <ns3:TrackPointExtension>
            <ns3:hr>138</ns3:hr>
            <ns3:cad>93</ns3:cad>
          </ns3:TrackPointExtension>
        </extensions>
      </trkpt>
      <trkpt lat="34.21554808504879474639892578125" lon="108.8968183100223541259765625">
        <ele>414.399993896484375</ele>
        <time>2026-04-06T09:26:43.000Z</time>
        <extensions>
          <ns3:TrackPointExtension>
            <ns3:hr>137</ns3:hr>
            <ns3:cad>93</ns3:cad>
          </ns3:TrackPointExtension>
        </extensions>
      </trkpt>
      <trkpt lat="34.21555981971323490142822265625" lon="108.89679391868412494659423828125">
        <ele>414.20001220703125</ele>
        <time>2026-04-06T09:26:44.000Z</time>
        <extensions>
          <ns3:TrackPointExtension>
            <ns3:hr>138</ns3:hr>
            <ns3:cad>92</ns3:cad>
          </ns3:TrackPointExtension>
        </extensions>
      </trkpt>
      <trkpt lat="34.21556401066482067108154296875" lon="108.896765671670436859130859375">
        <ele>414.20001220703125</ele>
        <time>2026-04-06T09:26:45.000Z</time>
        <extensions>
          <ns3:TrackPointExtension>
            <ns3:hr>138</ns3:hr>
            <ns3:cad>92</ns3:cad>
          </ns3:TrackPointExtension>
        </extensions>
      </trkpt>
      <trkpt lat="34.21556987799704074859619140625" lon="108.89673407189548015594482421875">
        <ele>414.20001220703125</ele>
        <time>2026-04-06T09:26:46.000Z</time>
        <extensions>
          <ns3:TrackPointExtension>
            <ns3:hr>138</ns3:hr>
            <ns3:cad>92</ns3:cad>
          </ns3:TrackPointExtension>
        </extensions>
      </trkpt>
      <trkpt lat="34.21557205729186534881591796875" lon="108.89670540578663349151611328125">
        <ele>414.20001220703125</ele>
        <time>2026-04-06T09:26:47.000Z</time>
        <extensions>
          <ns3:TrackPointExtension>
            <ns3:hr>138</ns3:hr>
            <ns3:cad>92</ns3:cad>
          </ns3:TrackPointExtension>
        </extensions>
      </trkpt>
      <trkpt lat="34.2155778408050537109375" lon="108.8966766558587551116943359375">
        <ele>414.20001220703125</ele>
        <time>2026-04-06T09:26:48.000Z</time>
        <extensions>
          <ns3:TrackPointExtension>
            <ns3:hr>138</ns3:hr>
            <ns3:cad>92</ns3:cad>
          </ns3:TrackPointExtension>
        </extensions>
      </trkpt>
      <trkpt lat="34.215582199394702911376953125" lon="108.89665226452052593231201171875">
        <ele>414</ele>
        <time>2026-04-06T09:26:49.000Z</time>
        <extensions>
          <ns3:TrackPointExtension>
            <ns3:hr>138</ns3:hr>
            <ns3:cad>92</ns3:cad>
          </ns3:TrackPointExtension>
        </extensions>
      </trkpt>
      <trkpt lat="34.215580187737941741943359375" lon="108.89662343077361583709716796875">
        <ele>414</ele>
        <time>2026-04-06T09:26:50.000Z</time>
        <extensions>
          <ns3:TrackPointExtension>
            <ns3:hr>138</ns3:hr>
            <ns3:cad>92</ns3:cad>
          </ns3:TrackPointExtension>
        </extensions>
      </trkpt>
      <trkpt lat="34.215582199394702911376953125" lon="108.89659702777862548828125">
        <ele>414</ele>
        <time>2026-04-06T09:26:51.000Z</time>
        <extensions>
          <ns3:TrackPointExtension>
            <ns3:hr>138</ns3:hr>
            <ns3:cad>92</ns3:cad>
          </ns3:TrackPointExtension>
        </extensions>
      </trkpt>
      <trkpt lat="34.2155853845179080963134765625" lon="108.8965683616697788238525390625">
        <ele>414</ele>
        <time>2026-04-06T09:26:52.000Z</time>
        <extensions>
          <ns3:TrackPointExtension>
            <ns3:hr>138</ns3:hr>
            <ns3:cad>92</ns3:cad>
          </ns3:TrackPointExtension>
        </extensions>
      </trkpt>
      <trkpt lat="34.215583540499210357666015625" lon="108.89653676189482212066650390625">
        <ele>414</ele>
        <time>2026-04-06T09:26:53.000Z</time>
        <extensions>
          <ns3:TrackPointExtension>
            <ns3:hr>138</ns3:hr>
            <ns3:cad>94</ns3:cad>
          </ns3:TrackPointExtension>
        </extensions>
      </trkpt>
      <trkpt lat="34.2155877314507961273193359375" lon="108.89650558121502399444580078125">
        <ele>414</ele>
        <time>2026-04-06T09:26:54.000Z</time>
        <extensions>
          <ns3:TrackPointExtension>
            <ns3:hr>138</ns3:hr>
            <ns3:cad>94</ns3:cad>
          </ns3:TrackPointExtension>
        </extensions>
      </trkpt>
      <trkpt lat="34.2155917547643184661865234375" lon="108.89646652154624462127685546875">
        <ele>414</ele>
        <time>2026-04-06T09:26:55.000Z</time>
        <extensions>
          <ns3:TrackPointExtension>
            <ns3:hr>138</ns3:hr>
            <ns3:cad>94</ns3:cad>
          </ns3:TrackPointExtension>
        </extensions>
      </trkpt>
      <trkpt lat="34.21559938229620456695556640625" lon="108.896434418857097625732421875">
        <ele>414</ele>
        <time>2026-04-06T09:26:56.000Z</time>
        <extensions>
          <ns3:TrackPointExtension>
            <ns3:hr>138</ns3:hr>
            <ns3:cad>94</ns3:cad>
          </ns3:TrackPointExtension>
        </extensions>
      </trkpt>
      <trkpt lat="34.21561698429286479949951171875" lon="108.8964106142520904541015625">
        <ele>413.79998779296875</ele>
        <time>2026-04-06T09:26:57.000Z</time>
        <extensions>
          <ns3:TrackPointExtension>
            <ns3:hr>138</ns3:hr>
            <ns3:cad>94</ns3:cad>
          </ns3:TrackPointExtension>
        </extensions>
      </trkpt>
      <trkpt lat="34.2156293056905269622802734375" lon="108.89639996923506259918212890625">
        <ele>413.79998779296875</ele>
        <time>2026-04-06T09:26:58.000Z</time>
        <extensions>
          <ns3:TrackPointExtension>
            <ns3:hr>138</ns3:hr>
            <ns3:cad>93</ns3:cad>
          </ns3:TrackPointExtension>
        </extensions>
      </trkpt>
      <trkpt lat="34.21565604396164417266845703125" lon="108.89639242552220821380615234375">
        <ele>413.79998779296875</ele>
        <time>2026-04-06T09:26:59.000Z</time>
        <extensions>
          <ns3:TrackPointExtension>
            <ns3:hr>138</ns3:hr>
            <ns3:cad>93</ns3:cad>
          </ns3:TrackPointExtension>
        </extensions>
      </trkpt>
      <trkpt lat="34.215671382844448089599609375" lon="108.896396867930889129638671875">
        <ele>413.600006103515625</ele>
        <time>2026-04-06T09:27:00.000Z</time>
        <extensions>
          <ns3:TrackPointExtension>
            <ns3:hr>138</ns3:hr>
            <ns3:cad>93</ns3:cad>
          </ns3:TrackPointExtension>
        </extensions>
      </trkpt>
      <trkpt lat="34.2156987078487873077392578125" lon="108.8964060880243778228759765625">
        <ele>413.600006103515625</ele>
        <time>2026-04-06T09:27:01.000Z</time>
        <extensions>
          <ns3:TrackPointExtension>
            <ns3:hr>138</ns3:hr>
            <ns3:cad>93</ns3:cad>
          </ns3:TrackPointExtension>
        </extensions>
      </trkpt>
      <trkpt lat="34.21571304090321063995361328125" lon="108.89641338028013706207275390625">
        <ele>413.600006103515625</ele>
        <time>2026-04-06T09:27:02.000Z</time>
        <extensions>
          <ns3:TrackPointExtension>
            <ns3:hr>137</ns3:hr>
            <ns3:cad>93</ns3:cad>
          </ns3:TrackPointExtension>
        </extensions>
      </trkpt>
      <trkpt lat="34.21573835425078868865966796875" lon="108.89641891233623027801513671875">
        <ele>413.600006103515625</ele>
        <time>2026-04-06T09:27:03.000Z</time>
        <extensions>
          <ns3:TrackPointExtension>
            <ns3:hr>137</ns3:hr>
            <ns3:cad>93</ns3:cad>
          </ns3:TrackPointExtension>
        </extensions>
      </trkpt>
      <trkpt lat="34.21575578860938549041748046875" lon="108.89642980881035327911376953125">
        <ele>413.600006103515625</ele>
        <time>2026-04-06T09:27:04.000Z</time>
        <extensions>
          <ns3:TrackPointExtension>
            <ns3:hr>137</ns3:hr>
            <ns3:cad>93</ns3:cad>
          </ns3:TrackPointExtension>
        </extensions>
      </trkpt>
      <trkpt lat="34.2157744802534580230712890625" lon="108.896439783275127410888671875">
        <ele>413.600006103515625</ele>
        <time>2026-04-06T09:27:05.000Z</time>
        <extensions>
          <ns3:TrackPointExtension>
            <ns3:hr>137</ns3:hr>
            <ns3:cad>92</ns3:cad>
          </ns3:TrackPointExtension>
        </extensions>
      </trkpt>
      <trkpt lat="34.21579350717365741729736328125" lon="108.89645059593021869659423828125">
        <ele>413.600006103515625</ele>
        <time>2026-04-06T09:27:06.000Z</time>
        <extensions>
          <ns3:TrackPointExtension>
            <ns3:hr>137</ns3:hr>
            <ns3:cad>92</ns3:cad>
          </ns3:TrackPointExtension>
        </extensions>
      </trkpt>
      <trkpt lat="34.21581412665545940399169921875" lon="108.89646652154624462127685546875">
        <ele>413.600006103515625</ele>
        <time>2026-04-06T09:27:07.000Z</time>
        <extensions>
          <ns3:TrackPointExtension>
            <ns3:hr>137</ns3:hr>
            <ns3:cad>92</ns3:cad>
          </ns3:TrackPointExtension>
        </extensions>
      </trkpt>
      <trkpt lat="34.21583625487983226776123046875" lon="108.89648546464741230010986328125">
        <ele>413.600006103515625</ele>
        <time>2026-04-06T09:27:08.000Z</time>
        <extensions>
          <ns3:TrackPointExtension>
            <ns3:hr>136</ns3:hr>
            <ns3:cad>92</ns3:cad>
          </ns3:TrackPointExtension>
        </extensions>
      </trkpt>
      <trkpt lat="34.21585385687649250030517578125" lon="108.896500803530216217041015625">
        <ele>413.600006103515625</ele>
        <time>2026-04-06T09:27:09.000Z</time>
        <extensions>
          <ns3:TrackPointExtension>
            <ns3:hr>136</ns3:hr>
            <ns3:cad>92</ns3:cad>
          </ns3:TrackPointExtension>
        </extensions>
      </trkpt>
      <trkpt lat="34.21588218770921230316162109375" lon="108.89651178382337093353271484375">
        <ele>413.600006103515625</ele>
        <time>2026-04-06T09:27:10.000Z</time>
        <extensions>
          <ns3:TrackPointExtension>
            <ns3:hr>136</ns3:hr>
            <ns3:cad>92</ns3:cad>
          </ns3:TrackPointExtension>
        </extensions>
      </trkpt>
      <trkpt lat="34.21590196900069713592529296875" lon="108.8965247757732868194580078125">
        <ele>413.600006103515625</ele>
        <time>2026-04-06T09:27:11.000Z</time>
        <extensions>
          <ns3:TrackPointExtension>
            <ns3:hr>137</ns3:hr>
            <ns3:cad>92</ns3:cad>
          </ns3:TrackPointExtension>
        </extensions>
      </trkpt>
      <trkpt lat="34.21592962928116321563720703125" lon="108.89653558842837810516357421875">
        <ele>413.399993896484375</ele>
        <time>2026-04-06T09:27:12.000Z</time>
        <extensions>
          <ns3:TrackPointExtension>
            <ns3:hr>136</ns3:hr>
            <ns3:cad>93</ns3:cad>
          </ns3:TrackPointExtension>
        </extensions>
      </trkpt>
      <trkpt lat="34.21594672836363315582275390625" lon="108.89654816128313541412353515625">
        <ele>413.399993896484375</ele>
        <time>2026-04-06T09:27:13.000Z</time>
        <extensions>
          <ns3:TrackPointExtension>
            <ns3:hr>136</ns3:hr>
            <ns3:cad>93</ns3:cad>
          </ns3:TrackPointExtension>
        </extensions>
      </trkpt>
      <trkpt lat="34.21596801839768886566162109375" lon="108.89656241051852703094482421875">
        <ele>413.600006103515625</ele>
        <time>2026-04-06T09:27:14.000Z</time>
        <extensions>
          <ns3:TrackPointExtension>
            <ns3:hr>136</ns3:hr>
            <ns3:cad>93</ns3:cad>
          </ns3:TrackPointExtension>
        </extensions>
      </trkpt>
      <trkpt lat="34.21599048189818859100341796875" lon="108.8965743966400623321533203125">
        <ele>413.600006103515625</ele>
        <time>2026-04-06T09:27:15.000Z</time>
        <extensions>
          <ns3:TrackPointExtension>
            <ns3:hr>136</ns3:hr>
            <ns3:cad>93</ns3:cad>
          </ns3:TrackPointExtension>
        </extensions>
      </trkpt>
      <trkpt lat="34.216009341180324554443359375" lon="108.8965849578380584716796875">
        <ele>413.600006103515625</ele>
        <time>2026-04-06T09:27:16.000Z</time>
        <extensions>
          <ns3:TrackPointExtension>
            <ns3:hr>137</ns3:hr>
            <ns3:cad>93</ns3:cad>
          </ns3:TrackPointExtension>
        </extensions>
      </trkpt>
      <trkpt lat="34.21602987684309482574462890625" lon="108.89659694395959377288818359375">
        <ele>413.600006103515625</ele>
        <time>2026-04-06T09:27:17.000Z</time>
        <extensions>
          <ns3:TrackPointExtension>
            <ns3:hr>136</ns3:hr>
            <ns3:cad>92</ns3:cad>
          </ns3:TrackPointExtension>
        </extensions>
      </trkpt>
      <trkpt lat="34.216046221554279327392578125" lon="108.8966064155101776123046875">
        <ele>413.600006103515625</ele>
        <time>2026-04-06T09:27:18.000Z</time>
        <extensions>
          <ns3:TrackPointExtension>
            <ns3:hr>136</ns3:hr>
            <ns3:cad>92</ns3:cad>
          </ns3:TrackPointExtension>
        </extensions>
      </trkpt>
      <trkpt lat="34.216069690883159637451171875" lon="108.8966198265552520751953125">
        <ele>413.600006103515625</ele>
        <time>2026-04-06T09:27:19.000Z</time>
        <extensions>
          <ns3:TrackPointExtension>
            <ns3:hr>137</ns3:hr>
            <ns3:cad>94</ns3:cad>
          </ns3:TrackPointExtension>
        </extensions>
      </trkpt>
      <trkpt lat="34.21608435921370983123779296875" lon="108.8966305553913116455078125">
        <ele>413.600006103515625</ele>
        <time>2026-04-06T09:27:20.000Z</time>
        <extensions>
          <ns3:TrackPointExtension>
            <ns3:hr>136</ns3:hr>
            <ns3:cad>94</ns3:cad>
          </ns3:TrackPointExtension>
        </extensions>
      </trkpt>
      <trkpt lat="34.2161114327609539031982421875" lon="108.89663969166576862335205078125">
        <ele>413.600006103515625</ele>
        <time>2026-04-06T09:27:21.000Z</time>
        <extensions>
          <ns3:TrackPointExtension>
            <ns3:hr>136</ns3:hr>
            <ns3:cad>92</ns3:cad>
          </ns3:TrackPointExtension>
        </extensions>
      </trkpt>
      <trkpt lat="34.2161318846046924591064453125" lon="108.89665461145341396331787109375">
        <ele>413.600006103515625</ele>
        <time>2026-04-06T09:27:22.000Z</time>
        <extensions>
          <ns3:TrackPointExtension>
            <ns3:hr>137</ns3:hr>
            <ns3:cad>92</ns3:cad>
          </ns3:TrackPointExtension>
        </extensions>
      </trkpt>
      <trkpt lat="34.21615443192422389984130859375" lon="108.8966652564704418182373046875">
        <ele>413.600006103515625</ele>
        <time>2026-04-06T09:27:23.000Z</time>
        <extensions>
          <ns3:TrackPointExtension>
            <ns3:hr>136</ns3:hr>
            <ns3:cad>92</ns3:cad>
          </ns3:TrackPointExtension>
        </extensions>
      </trkpt>
      <trkpt lat="34.21617873944342136383056640625" lon="108.89667724259197711944580078125">
        <ele>413.600006103515625</ele>
        <time>2026-04-06T09:27:24.000Z</time>
        <extensions>
          <ns3:TrackPointExtension>
            <ns3:hr>136</ns3:hr>
            <ns3:cad>92</ns3:cad>
          </ns3:TrackPointExtension>
        </extensions>
      </trkpt>
      <trkpt lat="34.21619701199233531951904296875" lon="108.89668026007711887359619140625">
        <ele>413.600006103515625</ele>
        <time>2026-04-06T09:27:25.000Z</time>
        <extensions>
          <ns3:TrackPointExtension>
            <ns3:hr>136</ns3:hr>
            <ns3:cad>92</ns3:cad>
          </ns3:TrackPointExtension>
        </extensions>
      </trkpt>
      <trkpt lat="34.21621344052255153656005859375" lon="108.89668478630483150482177734375">
        <ele>413.600006103515625</ele>
        <time>2026-04-06T09:27:26.000Z</time>
        <extensions>
          <ns3:TrackPointExtension>
            <ns3:hr>137</ns3:hr>
            <ns3:cad>92</ns3:cad>
          </ns3:TrackPointExtension>
        </extensions>
      </trkpt>
      <trkpt lat="34.21622986905276775360107421875" lon="108.8966920785605907440185546875">
        <ele>413.600006103515625</ele>
        <time>2026-04-06T09:27:27.000Z</time>
        <extensions>
          <ns3:TrackPointExtension>
            <ns3:hr>136</ns3:hr>
            <ns3:cad>92</ns3:cad>
          </ns3:TrackPointExtension>
        </extensions>
      </trkpt>
      <trkpt lat="34.21625501476228237152099609375" lon="108.89670096337795257568359375">
        <ele>413.600006103515625</ele>
        <time>2026-04-06T09:27:28.000Z</time>
        <extensions>
          <ns3:TrackPointExtension>
            <ns3:hr>136</ns3:hr>
            <ns3:cad>92</ns3:cad>
          </ns3:TrackPointExtension>
        </extensions>
      </trkpt>
      <trkpt lat="34.21627026982605457305908203125" lon="108.89671764336526393890380859375">
        <ele>413.79998779296875</ele>
        <time>2026-04-06T09:27:29.000Z</time>
        <extensions>
          <ns3:TrackPointExtension>
            <ns3:hr>137</ns3:hr>
            <ns3:cad>92</ns3:cad>
          </ns3:TrackPointExtension>
        </extensions>
      </trkpt>
      <trkpt lat="34.2162968404591083526611328125" lon="108.89673910103738307952880859375">
        <ele>413.79998779296875</ele>
        <time>2026-04-06T09:27:30.000Z</time>
        <extensions>
          <ns3:TrackPointExtension>
            <ns3:hr>136</ns3:hr>
            <ns3:cad>93</ns3:cad>
          </ns3:TrackPointExtension>
        </extensions>
      </trkpt>
      <trkpt lat="34.21631209552288055419921875" lon="108.89676156453788280487060546875">
        <ele>413.79998779296875</ele>
        <time>2026-04-06T09:27:31.000Z</time>
        <extensions>
          <ns3:TrackPointExtension>
            <ns3:hr>136</ns3:hr>
            <ns3:cad>93</ns3:cad>
          </ns3:TrackPointExtension>
        </extensions>
      </trkpt>
      <trkpt lat="34.21632349491119384765625" lon="108.89678872190415859222412109375">
        <ele>413.79998779296875</ele>
        <time>2026-04-06T09:27:32.000Z</time>
        <extensions>
          <ns3:TrackPointExtension>
            <ns3:hr>136</ns3:hr>
            <ns3:cad>93</ns3:cad>
          </ns3:TrackPointExtension>
        </extensions>
      </trkpt>
      <trkpt lat="34.21633095480501651763916015625" lon="108.89681822620332241058349609375">
        <ele>413.79998779296875</ele>
        <time>2026-04-06T09:27:33.000Z</time>
        <extensions>
          <ns3:TrackPointExtension>
            <ns3:hr>136</ns3:hr>
            <ns3:cad>93</ns3:cad>
          </ns3:TrackPointExtension>
        </extensions>
      </trkpt>
      <trkpt lat="34.216333888471126556396484375" lon="108.8968419469892978668212890625">
        <ele>413.79998779296875</ele>
        <time>2026-04-06T09:27:34.000Z</time>
        <extensions>
          <ns3:TrackPointExtension>
            <ns3:hr>137</ns3:hr>
            <ns3:cad>93</ns3:cad>
          </ns3:TrackPointExtension>
        </extensions>
      </trkpt>
      <trkpt lat="34.21633497811853885650634765625" lon="108.89687597751617431640625">
        <ele>414</ele>
        <time>2026-04-06T09:27:35.000Z</time>
        <extensions>
          <ns3:TrackPointExtension>
            <ns3:hr>136</ns3:hr>
            <ns3:cad>94</ns3:cad>
          </ns3:TrackPointExtension>
        </extensions>
      </trkpt>
      <trkpt lat="34.21633698977530002593994140625" lon="108.89689802192151546478271484375">
        <ele>413.79998779296875</ele>
        <time>2026-04-06T09:27:36.000Z</time>
        <extensions>
          <ns3:TrackPointExtension>
            <ns3:hr>136</ns3:hr>
            <ns3:cad>94</ns3:cad>
          </ns3:TrackPointExtension>
        </extensions>
      </trkpt>
      <trkpt lat="34.21633757650852203369140625" lon="108.8969318009912967681884765625">
        <ele>413.79998779296875</ele>
        <time>2026-04-06T09:27:37.000Z</time>
        <extensions>
          <ns3:TrackPointExtension>
            <ns3:hr>137</ns3:hr>
            <ns3:cad>94</ns3:cad>
          </ns3:TrackPointExtension>
        </extensions>
      </trkpt>
      <trkpt lat="34.21633011661469936370849609375" lon="108.8969542644917964935302734375">
        <ele>413.79998779296875</ele>
        <time>2026-04-06T09:27:38.000Z</time>
        <extensions>
          <ns3:TrackPointExtension>
            <ns3:hr>137</ns3:hr>
            <ns3:cad>94</ns3:cad>
          </ns3:TrackPointExtension>
        </extensions>
      </trkpt>
      <trkpt lat="34.21633095480501651763916015625" lon="108.89698586426675319671630859375">
        <ele>414</ele>
        <time>2026-04-06T09:27:39.000Z</time>
        <extensions>
          <ns3:TrackPointExtension>
            <ns3:hr>137</ns3:hr>
            <ns3:cad>94</ns3:cad>
          </ns3:TrackPointExtension>
        </extensions>
      </trkpt>
      <trkpt lat="34.2163276858627796173095703125" lon="108.897013776004314422607421875">
        <ele>414</ele>
        <time>2026-04-06T09:27:40.000Z</time>
        <extensions>
          <ns3:TrackPointExtension>
            <ns3:hr>137</ns3:hr>
            <ns3:cad>94</ns3:cad>
          </ns3:TrackPointExtension>
        </extensions>
      </trkpt>
      <trkpt lat="34.21632944606244564056396484375" lon="108.89704336412250995635986328125">
        <ele>414</ele>
        <time>2026-04-06T09:27:41.000Z</time>
        <extensions>
          <ns3:TrackPointExtension>
            <ns3:hr>136</ns3:hr>
            <ns3:cad>94</ns3:cad>
          </ns3:TrackPointExtension>
        </extensions>
      </trkpt>
      <trkpt lat="34.21632844023406505584716796875" lon="108.89707102440297603607177734375">
        <ele>414</ele>
        <time>2026-04-06T09:27:42.000Z</time>
        <extensions>
          <ns3:TrackPointExtension>
            <ns3:hr>136</ns3:hr>
            <ns3:cad>94</ns3:cad>
          </ns3:TrackPointExtension>
        </extensions>
      </trkpt>
      <trkpt lat="34.2163273505866527557373046875" lon="108.89709499664604663848876953125">
        <ele>414</ele>
        <time>2026-04-06T09:27:43.000Z</time>
        <extensions>
          <ns3:TrackPointExtension>
            <ns3:hr>136</ns3:hr>
            <ns3:cad>94</ns3:cad>
          </ns3:TrackPointExtension>
        </extensions>
      </trkpt>
      <trkpt lat="34.21632274053990840911865234375" lon="108.8971172086894512176513671875">
        <ele>414.20001220703125</ele>
        <time>2026-04-06T09:27:44.000Z</time>
        <extensions>
          <ns3:TrackPointExtension>
            <ns3:hr>136</ns3:hr>
            <ns3:cad>93</ns3:cad>
          </ns3:TrackPointExtension>
        </extensions>
      </trkpt>
      <trkpt lat="34.2163186334073543548583984375" lon="108.89713690616190433502197265625">
        <ele>414.20001220703125</ele>
        <time>2026-04-06T09:27:45.000Z</time>
        <extensions>
          <ns3:TrackPointExtension>
            <ns3:hr>136</ns3:hr>
            <ns3:cad>93</ns3:cad>
          </ns3:TrackPointExtension>
        </extensions>
      </trkpt>
      <trkpt lat="34.21633397229015827178955078125" lon="108.8971698470413684844970703125">
        <ele>414.20001220703125</ele>
        <time>2026-04-06T09:27:46.000Z</time>
        <extensions>
          <ns3:TrackPointExtension>
            <ns3:hr>137</ns3:hr>
            <ns3:cad>92</ns3:cad>
          </ns3:TrackPointExtension>
        </extensions>
      </trkpt>
      <trkpt lat="34.21632408164441585540771484375" lon="108.89719373546540737152099609375">
        <ele>414.20001220703125</ele>
        <time>2026-04-06T09:27:47.000Z</time>
        <extensions>
          <ns3:TrackPointExtension>
            <ns3:hr>137</ns3:hr>
            <ns3:cad>92</ns3:cad>
          </ns3:TrackPointExtension>
        </extensions>
      </trkpt>
      <trkpt lat="34.216336570680141448974609375" lon="108.89722407795488834381103515625">
        <ele>414.20001220703125</ele>
        <time>2026-04-06T09:27:48.000Z</time>
        <extensions>
          <ns3:TrackPointExtension>
            <ns3:hr>138</ns3:hr>
            <ns3:cad>93</ns3:cad>
          </ns3:TrackPointExtension>
        </extensions>
      </trkpt>
      <trkpt lat="34.216339588165283203125" lon="108.8972447812557220458984375">
        <ele>414.20001220703125</ele>
        <time>2026-04-06T09:27:49.000Z</time>
        <extensions>
          <ns3:TrackPointExtension>
            <ns3:hr>139</ns3:hr>
            <ns3:cad>94</ns3:cad>
          </ns3:TrackPointExtension>
        </extensions>
      </trkpt>
      <trkpt lat="34.216352999210357666015625" lon="108.89726850204169750213623046875">
        <ele>414</ele>
        <time>2026-04-06T09:27:50.000Z</time>
        <extensions>
          <ns3:TrackPointExtension>
            <ns3:hr>139</ns3:hr>
            <ns3:cad>94</ns3:cad>
          </ns3:TrackPointExtension>
        </extensions>
      </trkpt>
      <trkpt lat="34.2163712717592716217041015625" lon="108.897285349667072296142578125">
        <ele>414</ele>
        <time>2026-04-06T09:27:51.000Z</time>
        <extensions>
          <ns3:TrackPointExtension>
            <ns3:hr>139</ns3:hr>
            <ns3:cad>94</ns3:cad>
          </ns3:TrackPointExtension>
        </extensions>
      </trkpt>
      <trkpt lat="34.2163913883268833160400390625" lon="108.897299431264400482177734375">
        <ele>414</ele>
        <time>2026-04-06T09:27:52.000Z</time>
        <extensions>
          <ns3:TrackPointExtension>
            <ns3:hr>139</ns3:hr>
            <ns3:cad>93</ns3:cad>
          </ns3:TrackPointExtension>
        </extensions>
      </trkpt>
      <trkpt lat="34.21641846187412738800048828125" lon="108.897315524518489837646484375">
        <ele>414</ele>
        <time>2026-04-06T09:27:53.000Z</time>
        <extensions>
          <ns3:TrackPointExtension>
            <ns3:hr>140</ns3:hr>
            <ns3:cad>93</ns3:cad>
          </ns3:TrackPointExtension>
        </extensions>
      </trkpt>
      <trkpt lat="34.2164332978427410125732421875" lon="108.89732784591615200042724609375">
        <ele>414</ele>
        <time>2026-04-06T09:27:54.000Z</time>
        <extensions>
          <ns3:TrackPointExtension>
            <ns3:hr>140</ns3:hr>
            <ns3:cad>93</ns3:cad>
          </ns3:TrackPointExtension>
        </extensions>
      </trkpt>
      <trkpt lat="34.2164607904851436614990234375" lon="108.8973425142467021942138671875">
        <ele>414</ele>
        <time>2026-04-06T09:27:55.000Z</time>
        <extensions>
          <ns3:TrackPointExtension>
            <ns3:hr>140</ns3:hr>
            <ns3:cad>95</ns3:cad>
          </ns3:TrackPointExtension>
        </extensions>
      </trkpt>
      <trkpt lat="34.21647864393889904022216796875" lon="108.89735684730112552642822265625">
        <ele>414</ele>
        <time>2026-04-06T09:27:56.000Z</time>
        <extensions>
          <ns3:TrackPointExtension>
            <ns3:hr>140</ns3:hr>
            <ns3:cad>95</ns3:cad>
          </ns3:TrackPointExtension>
        </extensions>
      </trkpt>
      <trkpt lat="34.21650546602904796600341796875" lon="108.8973710127174854278564453125">
        <ele>414</ele>
        <time>2026-04-06T09:27:57.000Z</time>
        <extensions>
          <ns3:TrackPointExtension>
            <ns3:hr>139</ns3:hr>
            <ns3:cad>94</ns3:cad>
          </ns3:TrackPointExtension>
        </extensions>
      </trkpt>
      <trkpt lat="34.2165278457105159759521484375" lon="108.897384591400623321533203125">
        <ele>414</ele>
        <time>2026-04-06T09:27:58.000Z</time>
        <extensions>
          <ns3:TrackPointExtension>
            <ns3:hr>140</ns3:hr>
            <ns3:cad>92</ns3:cad>
          </ns3:TrackPointExtension>
        </extensions>
      </trkpt>
      <trkpt lat="34.2165533266961574554443359375" lon="108.89739741571247577667236328125">
        <ele>414</ele>
        <time>2026-04-06T09:27:59.000Z</time>
        <extensions>
          <ns3:TrackPointExtension>
            <ns3:hr>140</ns3:hr>
            <ns3:cad>92</ns3:cad>
          </ns3:TrackPointExtension>
        </extensions>
      </trkpt>
      <trkpt lat="34.2165804840624332427978515625" lon="108.89740546233952045440673828125">
        <ele>414</ele>
        <time>2026-04-06T09:28:00.000Z</time>
        <extensions>
          <ns3:TrackPointExtension>
            <ns3:hr>140</ns3:hr>
            <ns3:cad>92</ns3:cad>
          </ns3:TrackPointExtension>
        </extensions>
      </trkpt>
      <trkpt lat="34.21660101972520351409912109375" lon="108.89740596525371074676513671875">
        <ele>414</ele>
        <time>2026-04-06T09:28:01.000Z</time>
        <extensions>
          <ns3:TrackPointExtension>
            <ns3:hr>140</ns3:hr>
            <ns3:cad>92</ns3:cad>
          </ns3:TrackPointExtension>
        </extensions>
      </trkpt>
      <trkpt lat="34.21662633307278156280517578125" lon="108.89739808626472949981689453125">
        <ele>414</ele>
        <time>2026-04-06T09:28:02.000Z</time>
        <extensions>
          <ns3:TrackPointExtension>
            <ns3:hr>140</ns3:hr>
            <ns3:cad>93</ns3:cad>
          </ns3:TrackPointExtension>
        </extensions>
      </trkpt>
      <trkpt lat="34.2166468687355518341064453125" lon="108.89739104546606540679931640625">
        <ele>414</ele>
        <time>2026-04-06T09:28:03.000Z</time>
        <extensions>
          <ns3:TrackPointExtension>
            <ns3:hr>141</ns3:hr>
            <ns3:cad>93</ns3:cad>
          </ns3:TrackPointExtension>
        </extensions>
      </trkpt>
      <trkpt lat="34.21667226590216159820556640625" lon="108.8973681628704071044921875">
        <ele>414</ele>
        <time>2026-04-06T09:28:04.000Z</time>
        <extensions>
          <ns3:TrackPointExtension>
            <ns3:hr>140</ns3:hr>
            <ns3:cad>92</ns3:cad>
          </ns3:TrackPointExtension>
        </extensions>
      </trkpt>
      <trkpt lat="34.21669288538396358489990234375" lon="108.89735408127307891845703125">
        <ele>414</ele>
        <time>2026-04-06T09:28:05.000Z</time>
        <extensions>
          <ns3:TrackPointExtension>
            <ns3:hr>140</ns3:hr>
            <ns3:cad>92</ns3:cad>
          </ns3:TrackPointExtension>
        </extensions>
      </trkpt>
      <trkpt lat="34.21670964919030666351318359375" lon="108.89733321033418178558349609375">
        <ele>414</ele>
        <time>2026-04-06T09:28:06.000Z</time>
        <extensions>
          <ns3:TrackPointExtension>
            <ns3:hr>140</ns3:hr>
            <ns3:cad>92</ns3:cad>
          </ns3:TrackPointExtension>
        </extensions>
      </trkpt>
      <trkpt lat="34.216728173196315765380859375" lon="108.89731225557625293731689453125">
        <ele>414</ele>
        <time>2026-04-06T09:28:07.000Z</time>
        <extensions>
          <ns3:TrackPointExtension>
            <ns3:hr>140</ns3:hr>
            <ns3:cad>92</ns3:cad>
          </ns3:TrackPointExtension>
        </extensions>
      </trkpt>
      <trkpt lat="34.21674284152686595916748046875" lon="108.89728426001965999603271484375">
        <ele>414</ele>
        <time>2026-04-06T09:28:08.000Z</time>
        <extensions>
          <ns3:TrackPointExtension>
            <ns3:hr>140</ns3:hr>
            <ns3:cad>92</ns3:cad>
          </ns3:TrackPointExtension>
        </extensions>
      </trkpt>
      <trkpt lat="34.2167585156857967376708984375" lon="108.89725777320563793182373046875">
        <ele>414</ele>
        <time>2026-04-06T09:28:09.000Z</time>
        <extensions>
          <ns3:TrackPointExtension>
            <ns3:hr>140</ns3:hr>
            <ns3:cad>95</ns3:cad>
          </ns3:TrackPointExtension>
        </extensions>
      </trkpt>
      <trkpt lat="34.21677385456860065460205078125" lon="108.8972335495054721832275390625">
        <ele>414</ele>
        <time>2026-04-06T09:28:10.000Z</time>
        <extensions>
          <ns3:TrackPointExtension>
            <ns3:hr>140</ns3:hr>
            <ns3:cad>95</ns3:cad>
          </ns3:TrackPointExtension>
        </extensions>
      </trkpt>
      <trkpt lat="34.21678609214723110198974609375" lon="108.89720312319695949554443359375">
        <ele>414</ele>
        <time>2026-04-06T09:28:11.000Z</time>
        <extensions>
          <ns3:TrackPointExtension>
            <ns3:hr>139</ns3:hr>
            <ns3:cad>93</ns3:cad>
          </ns3:TrackPointExtension>
        </extensions>
      </trkpt>
      <trkpt lat="34.21680352650582790374755859375" lon="108.897176720201969146728515625">
        <ele>414</ele>
        <time>2026-04-06T09:28:12.000Z</time>
        <extensions>
          <ns3:TrackPointExtension>
            <ns3:hr>139</ns3:hr>
            <ns3:cad>92</ns3:cad>
          </ns3:TrackPointExtension>
        </extensions>
      </trkpt>
      <trkpt lat="34.2168151773512363433837890625" lon="108.897148557007312774658203125">
        <ele>414</ele>
        <time>2026-04-06T09:28:13.000Z</time>
        <extensions>
          <ns3:TrackPointExtension>
            <ns3:hr>139</ns3:hr>
            <ns3:cad>92</ns3:cad>
          </ns3:TrackPointExtension>
        </extensions>
      </trkpt>
      <trkpt lat="34.21683521009981632232666015625" lon="108.89713422395288944244384765625">
        <ele>413.79998779296875</ele>
        <time>2026-04-06T09:28:14.000Z</time>
        <extensions>
          <ns3:TrackPointExtension>
            <ns3:hr>139</ns3:hr>
            <ns3:cad>92</ns3:cad>
          </ns3:TrackPointExtension>
        </extensions>
      </trkpt>
      <trkpt lat="34.2168399877846240997314453125" lon="108.89710287563502788543701171875">
        <ele>413.79998779296875</ele>
        <time>2026-04-06T09:28:15.000Z</time>
        <extensions>
          <ns3:TrackPointExtension>
            <ns3:hr>139</ns3:hr>
            <ns3:cad>93</ns3:cad>
          </ns3:TrackPointExtension>
        </extensions>
      </trkpt>
      <trkpt lat="34.21684962697327136993408203125" lon="108.89708393253386020660400390625">
        <ele>413.79998779296875</ele>
        <time>2026-04-06T09:28:16.000Z</time>
        <extensions>
          <ns3:TrackPointExtension>
            <ns3:hr>139</ns3:hr>
            <ns3:cad>93</ns3:cad>
          </ns3:TrackPointExtension>
        </extensions>
      </trkpt>
      <trkpt lat="34.21686454676091670989990234375" lon="108.897053338587284088134765625">
        <ele>413.79998779296875</ele>
        <time>2026-04-06T09:28:17.000Z</time>
        <extensions>
          <ns3:TrackPointExtension>
            <ns3:hr>139</ns3:hr>
            <ns3:cad>93</ns3:cad>
          </ns3:TrackPointExtension>
        </extensions>
      </trkpt>
      <trkpt lat="34.216876365244388580322265625" lon="108.89702911488711833953857421875">
        <ele>413.79998779296875</ele>
        <time>2026-04-06T09:28:18.000Z</time>
        <extensions>
          <ns3:TrackPointExtension>
            <ns3:hr>139</ns3:hr>
            <ns3:cad>93</ns3:cad>
          </ns3:TrackPointExtension>
        </extensions>
      </trkpt>
      <trkpt lat="34.2168879322707653045654296875" lon="108.89700178988277912139892578125">
        <ele>413.79998779296875</ele>
        <time>2026-04-06T09:28:19.000Z</time>
        <extensions>
          <ns3:TrackPointExtension>
            <ns3:hr>139</ns3:hr>
            <ns3:cad>93</ns3:cad>
          </ns3:TrackPointExtension>
        </extensions>
      </trkpt>
      <trkpt lat="34.21689706854522228240966796875" lon="108.89696792699396610260009765625">
        <ele>413.79998779296875</ele>
        <time>2026-04-06T09:28:20.000Z</time>
        <extensions>
          <ns3:TrackPointExtension>
            <ns3:hr>138</ns3:hr>
            <ns3:cad>93</ns3:cad>
          </ns3:TrackPointExtension>
        </extensions>
      </trkpt>
      <trkpt lat="34.21690645627677440643310546875" lon="108.89693909324705600738525390625">
        <ele>413.79998779296875</ele>
        <time>2026-04-06T09:28:21.000Z</time>
        <extensions>
          <ns3:TrackPointExtension>
            <ns3:hr>138</ns3:hr>
            <ns3:cad>93</ns3:cad>
          </ns3:TrackPointExtension>
        </extensions>
      </trkpt>
      <trkpt lat="34.2169238068163394927978515625" lon="108.89690824784338474273681640625">
        <ele>413.79998779296875</ele>
        <time>2026-04-06T09:28:22.000Z</time>
        <extensions>
          <ns3:TrackPointExtension>
            <ns3:hr>138</ns3:hr>
            <ns3:cad>93</ns3:cad>
          </ns3:TrackPointExtension>
        </extensions>
      </trkpt>
      <trkpt lat="34.21693881042301654815673828125" lon="108.89688913710415363311767578125">
        <ele>413.79998779296875</ele>
        <time>2026-04-06T09:28:23.000Z</time>
        <extensions>
          <ns3:TrackPointExtension>
            <ns3:hr>138</ns3:hr>
            <ns3:cad>92</ns3:cad>
          </ns3:TrackPointExtension>
        </extensions>
      </trkpt>
      <trkpt lat="34.21695440076291561126708984375" lon="108.89685845933854579925537109375">
        <ele>413.79998779296875</ele>
        <time>2026-04-06T09:28:24.000Z</time>
        <extensions>
          <ns3:TrackPointExtension>
            <ns3:hr>138</ns3:hr>
            <ns3:cad>92</ns3:cad>
          </ns3:TrackPointExtension>
        </extensions>
      </trkpt>
      <trkpt lat="34.2169700749218463897705078125" lon="108.89683985151350498199462890625">
        <ele>413.79998779296875</ele>
        <time>2026-04-06T09:28:25.000Z</time>
        <extensions>
          <ns3:TrackPointExtension>
            <ns3:hr>137</ns3:hr>
            <ns3:cad>93</ns3:cad>
          </ns3:TrackPointExtension>
        </extensions>
      </trkpt>
      <trkpt lat="34.2169801332056522369384765625" lon="108.89680867083370685577392578125">
        <ele>413.79998779296875</ele>
        <time>2026-04-06T09:28:26.000Z</time>
        <extensions>
          <ns3:TrackPointExtension>
            <ns3:hr>136</ns3:hr>
            <ns3:cad>93</ns3:cad>
          </ns3:TrackPointExtension>
        </extensions>
      </trkpt>
      <trkpt lat="34.21698926948010921478271484375" lon="108.89678318984806537628173828125">
        <ele>413.79998779296875</ele>
        <time>2026-04-06T09:28:27.000Z</time>
        <extensions>
          <ns3:TrackPointExtension>
            <ns3:hr>136</ns3:hr>
            <ns3:cad>93</ns3:cad>
          </ns3:TrackPointExtension>
        </extensions>
      </trkpt>
      <trkpt lat="34.2169992439448833465576171875" lon="108.89675552956759929656982421875">
        <ele>413.79998779296875</ele>
        <time>2026-04-06T09:28:28.000Z</time>
        <extensions>
          <ns3:TrackPointExtension>
            <ns3:hr>136</ns3:hr>
            <ns3:cad>93</ns3:cad>
          </ns3:TrackPointExtension>
        </extensions>
      </trkpt>
      <trkpt lat="34.21701022423803806304931640625" lon="108.8967256061732769012451171875">
        <ele>413.79998779296875</ele>
        <time>2026-04-06T09:28:29.000Z</time>
        <extensions>
          <ns3:TrackPointExtension>
            <ns3:hr>137</ns3:hr>
            <ns3:cad>92</ns3:cad>
          </ns3:TrackPointExtension>
        </extensions>
      </trkpt>
      <trkpt lat="34.21702028252184391021728515625" lon="108.89670590870082378387451171875">
        <ele>413.79998779296875</ele>
        <time>2026-04-06T09:28:30.000Z</time>
        <extensions>
          <ns3:TrackPointExtension>
            <ns3:hr>136</ns3:hr>
            <ns3:cad>92</ns3:cad>
          </ns3:TrackPointExtension>
        </extensions>
      </trkpt>
      <trkpt lat="34.21703050844371318817138671875" lon="108.89667724259197711944580078125">
        <ele>413.79998779296875</ele>
        <time>2026-04-06T09:28:31.000Z</time>
        <extensions>
          <ns3:TrackPointExtension>
            <ns3:hr>136</ns3:hr>
            <ns3:cad>93</ns3:cad>
          </ns3:TrackPointExtension>
        </extensions>
      </trkpt>
      <trkpt lat="34.21704090200364589691162109375" lon="108.8966582156717777252197265625">
        <ele>413.79998779296875</ele>
        <time>2026-04-06T09:28:32.000Z</time>
        <extensions>
          <ns3:TrackPointExtension>
            <ns3:hr>136</ns3:hr>
            <ns3:cad>93</ns3:cad>
          </ns3:TrackPointExtension>
        </extensions>
      </trkpt>
      <trkpt lat="34.21705506742000579833984375" lon="108.89663114212453365325927734375">
        <ele>413.79998779296875</ele>
        <time>2026-04-06T09:28:33.000Z</time>
        <extensions>
          <ns3:TrackPointExtension>
            <ns3:hr>136</ns3:hr>
            <ns3:cad>93</ns3:cad>
          </ns3:TrackPointExtension>
        </extensions>
      </trkpt>
      <trkpt lat="34.2170662991702556610107421875" lon="108.8966122828423976898193359375">
        <ele>413.79998779296875</ele>
        <time>2026-04-06T09:28:34.000Z</time>
        <extensions>
          <ns3:TrackPointExtension>
            <ns3:hr>136</ns3:hr>
            <ns3:cad>93</ns3:cad>
          </ns3:TrackPointExtension>
        </extensions>
      </trkpt>
      <trkpt lat="34.2170790396630764007568359375" lon="108.896585293114185333251953125">
        <ele>413.79998779296875</ele>
        <time>2026-04-06T09:28:35.000Z</time>
        <extensions>
          <ns3:TrackPointExtension>
            <ns3:hr>137</ns3:hr>
            <ns3:cad>93</ns3:cad>
          </ns3:TrackPointExtension>
        </extensions>
      </trkpt>
      <trkpt lat="34.21708884648978710174560546875" lon="108.896565176546573638916015625">
        <ele>413.79998779296875</ele>
        <time>2026-04-06T09:28:36.000Z</time>
        <extensions>
          <ns3:TrackPointExtension>
            <ns3:hr>136</ns3:hr>
            <ns3:cad>93</ns3:cad>
          </ns3:TrackPointExtension>
        </extensions>
      </trkpt>
      <trkpt lat="34.21709957532584667205810546875" lon="108.89653994701802730560302734375">
        <ele>413.79998779296875</ele>
        <time>2026-04-06T09:28:37.000Z</time>
        <extensions>
          <ns3:TrackPointExtension>
            <ns3:hr>136</ns3:hr>
            <ns3:cad>93</ns3:cad>
          </ns3:TrackPointExtension>
        </extensions>
      </trkpt>
      <trkpt lat="34.21710829250514507293701171875" lon="108.8965086825191974639892578125">
        <ele>413.79998779296875</ele>
        <time>2026-04-06T09:28:38.000Z</time>
        <extensions>
          <ns3:TrackPointExtension>
            <ns3:hr>136</ns3:hr>
            <ns3:cad>92</ns3:cad>
          </ns3:TrackPointExtension>
        </extensions>
      </trkpt>
      <trkpt lat="34.21711742877960205078125" lon="108.89648663811385631561279296875">
        <ele>413.79998779296875</ele>
        <time>2026-04-06T09:28:39.000Z</time>
        <extensions>
          <ns3:TrackPointExtension>
            <ns3:hr>136</ns3:hr>
            <ns3:cad>92</ns3:cad>
          </ns3:TrackPointExtension>
        </extensions>
      </trkpt>
      <trkpt lat="34.21712706796824932098388671875" lon="108.8964563794434070587158203125">
        <ele>413.79998779296875</ele>
        <time>2026-04-06T09:28:40.000Z</time>
        <extensions>
          <ns3:TrackPointExtension>
            <ns3:hr>135</ns3:hr>
            <ns3:cad>92</ns3:cad>
          </ns3:TrackPointExtension>
        </extensions>
      </trkpt>
      <trkpt lat="34.217133857309818267822265625" lon="108.8964332453906536102294921875">
        <ele>413.79998779296875</ele>
        <time>2026-04-06T09:28:41.000Z</time>
        <extensions>
          <ns3:TrackPointExtension>
            <ns3:hr>135</ns3:hr>
            <ns3:cad>93</ns3:cad>
          </ns3:TrackPointExtension>
        </extensions>
      </trkpt>
      <trkpt lat="34.217150621116161346435546875" lon="108.89640189707279205322265625">
        <ele>413.79998779296875</ele>
        <time>2026-04-06T09:28:42.000Z</time>
        <extensions>
          <ns3:TrackPointExtension>
            <ns3:hr>135</ns3:hr>
            <ns3:cad>93</ns3:cad>
          </ns3:TrackPointExtension>
        </extensions>
      </trkpt>
      <trkpt lat="34.21716864220798015594482421875" lon="108.8963829539716243743896484375">
        <ele>413.79998779296875</ele>
        <time>2026-04-06T09:28:43.000Z</time>
        <extensions>
          <ns3:TrackPointExtension>
            <ns3:hr>135</ns3:hr>
            <ns3:cad>93</ns3:cad>
          </ns3:TrackPointExtension>
        </extensions>
      </trkpt>
      <trkpt lat="34.21718490310013294219970703125" lon="108.89635923318564891815185546875">
        <ele>413.79998779296875</ele>
        <time>2026-04-06T09:28:44.000Z</time>
        <extensions>
          <ns3:TrackPointExtension>
            <ns3:hr>135</ns3:hr>
            <ns3:cad>92</ns3:cad>
          </ns3:TrackPointExtension>
        </extensions>
      </trkpt>
      <trkpt lat="34.2172047682106494903564453125" lon="108.89633760787546634674072265625">
        <ele>413.79998779296875</ele>
        <time>2026-04-06T09:28:45.000Z</time>
        <extensions>
          <ns3:TrackPointExtension>
            <ns3:hr>135</ns3:hr>
            <ns3:cad>92</ns3:cad>
          </ns3:TrackPointExtension>
        </extensions>
      </trkpt>
      <trkpt lat="34.21721893362700939178466796875" lon="108.89630843885242938995361328125">
        <ele>413.79998779296875</ele>
        <time>2026-04-06T09:28:46.000Z</time>
        <extensions>
          <ns3:TrackPointExtension>
            <ns3:hr>134</ns3:hr>
            <ns3:cad>93</ns3:cad>
          </ns3:TrackPointExtension>
        </extensions>
      </trkpt>
      <trkpt lat="34.217232763767242431640625" lon="108.8962818682193756103515625">
        <ele>413.79998779296875</ele>
        <time>2026-04-06T09:28:47.000Z</time>
        <extensions>
          <ns3:TrackPointExtension>
            <ns3:hr>134</ns3:hr>
            <ns3:cad>93</ns3:cad>
          </ns3:TrackPointExtension>
        </extensions>
      </trkpt>
      <trkpt lat="34.217245168983936309814453125" lon="108.896258063614368438720703125">
        <ele>413.79998779296875</ele>
        <time>2026-04-06T09:28:48.000Z</time>
        <extensions>
          <ns3:TrackPointExtension>
            <ns3:hr>134</ns3:hr>
            <ns3:cad>93</ns3:cad>
          </ns3:TrackPointExtension>
        </extensions>
      </trkpt>
      <trkpt lat="34.217253886163234710693359375" lon="108.896224536001682281494140625">
        <ele>413.79998779296875</ele>
        <time>2026-04-06T09:28:49.000Z</time>
        <extensions>
          <ns3:TrackPointExtension>
            <ns3:hr>133</ns3:hr>
            <ns3:cad>92</ns3:cad>
          </ns3:TrackPointExtension>
        </extensions>
      </trkpt>
      <trkpt lat="34.21725849620997905731201171875" lon="108.89619930647313594818115234375">
        <ele>413.79998779296875</ele>
        <time>2026-04-06T09:28:50.000Z</time>
        <extensions>
          <ns3:TrackPointExtension>
            <ns3:hr>133</ns3:hr>
            <ns3:cad>92</ns3:cad>
          </ns3:TrackPointExtension>
        </extensions>
      </trkpt>
      <trkpt lat="34.21726763248443603515625" lon="108.896163515746593475341796875">
        <ele>413.79998779296875</ele>
        <time>2026-04-06T09:28:51.000Z</time>
        <extensions>
          <ns3:TrackPointExtension>
            <ns3:hr>133</ns3:hr>
            <ns3:cad>93</ns3:cad>
          </ns3:TrackPointExtension>
        </extensions>
      </trkpt>
      <trkpt lat="34.21728414483368396759033203125" lon="108.8961472548544406890869140625">
        <ele>414</ele>
        <time>2026-04-06T09:28:52.000Z</time>
        <extensions>
          <ns3:TrackPointExtension>
            <ns3:hr>132</ns3:hr>
            <ns3:cad>93</ns3:cad>
          </ns3:TrackPointExtension>
        </extensions>
      </trkpt>
      <trkpt lat="34.2172984778881072998046875" lon="108.89611917547881603240966796875">
        <ele>414</ele>
        <time>2026-04-06T09:28:53.000Z</time>
        <extensions>
          <ns3:TrackPointExtension>
            <ns3:hr>132</ns3:hr>
            <ns3:cad>93</ns3:cad>
          </ns3:TrackPointExtension>
        </extensions>
      </trkpt>
      <trkpt lat="34.2173065245151519775390625" lon="108.89610123820602893829345703125">
        <ele>414</ele>
        <time>2026-04-06T09:28:54.000Z</time>
        <extensions>
          <ns3:TrackPointExtension>
            <ns3:hr>132</ns3:hr>
            <ns3:cad>92</ns3:cad>
          </ns3:TrackPointExtension>
        </extensions>
      </trkpt>
      <trkpt lat="34.2173127271234989166259765625" lon="108.896075002849102020263671875">
        <ele>414</ele>
        <time>2026-04-06T09:28:55.000Z</time>
        <extensions>
          <ns3:TrackPointExtension>
            <ns3:hr>132</ns3:hr>
            <ns3:cad>92</ns3:cad>
          </ns3:TrackPointExtension>
        </extensions>
      </trkpt>
      <trkpt lat="34.2173231206834316253662109375" lon="108.8960553891956806182861328125">
        <ele>414</ele>
        <time>2026-04-06T09:28:56.000Z</time>
        <extensions>
          <ns3:TrackPointExtension>
            <ns3:hr>131</ns3:hr>
            <ns3:cad>93</ns3:cad>
          </ns3:TrackPointExtension>
        </extensions>
      </trkpt>
      <trkpt lat="34.21732706017792224884033203125" lon="108.89602965675294399261474609375">
        <ele>414</ele>
        <time>2026-04-06T09:28:57.000Z</time>
        <extensions>
          <ns3:TrackPointExtension>
            <ns3:hr>132</ns3:hr>
            <ns3:cad>94</ns3:cad>
          </ns3:TrackPointExtension>
        </extensions>
      </trkpt>
      <trkpt lat="34.2173331789672374725341796875" lon="108.8960188440978527069091796875">
        <ele>414.20001220703125</ele>
        <time>2026-04-06T09:28:58.000Z</time>
        <extensions>
          <ns3:TrackPointExtension>
            <ns3:hr>132</ns3:hr>
            <ns3:cad>94</ns3:cad>
          </ns3:TrackPointExtension>
        </extensions>
      </trkpt>
      <trkpt lat="34.21734382398426532745361328125" lon="108.89600669033825397491455078125">
        <ele>414.20001220703125</ele>
        <time>2026-04-06T09:28:59.000Z</time>
        <extensions>
          <ns3:TrackPointExtension>
            <ns3:hr>132</ns3:hr>
            <ns3:cad>94</ns3:cad>
          </ns3:TrackPointExtension>
        </extensions>
      </trkpt>
      <trkpt lat="34.2173579894006252288818359375" lon="108.89599109999835491180419921875">
        <ele>414</ele>
        <time>2026-04-06T09:29:00.000Z</time>
        <extensions>
          <ns3:TrackPointExtension>
            <ns3:hr>131</ns3:hr>
            <ns3:cad>94</ns3:cad>
          </ns3:TrackPointExtension>
        </extensions>
      </trkpt>
      <trkpt lat="34.21737299300730228424072265625" lon="108.895967714488506317138671875">
        <ele>414</ele>
        <time>2026-04-06T09:29:01.000Z</time>
        <extensions>
          <ns3:TrackPointExtension>
            <ns3:hr>131</ns3:hr>
            <ns3:cad>94</ns3:cad>
          </ns3:TrackPointExtension>
        </extensions>
      </trkpt>
      <trkpt lat="34.21738740988075733184814453125" lon="108.89594600535929203033447265625">
        <ele>414</ele>
        <time>2026-04-06T09:29:02.000Z</time>
        <extensions>
          <ns3:TrackPointExtension>
            <ns3:hr>131</ns3:hr>
            <ns3:cad>94</ns3:cad>
          </ns3:TrackPointExtension>
        </extensions>
      </trkpt>
      <trkpt lat="34.21740266494452953338623046875" lon="108.89592044055461883544921875">
        <ele>413.79998779296875</ele>
        <time>2026-04-06T09:29:03.000Z</time>
        <extensions>
          <ns3:TrackPointExtension>
            <ns3:hr>131</ns3:hr>
            <ns3:cad>89</ns3:cad>
          </ns3:TrackPointExtension>
        </extensions>
      </trkpt>
      <trkpt lat="34.21741087920963764190673828125" lon="108.89588967896997928619384765625">
        <ele>413.79998779296875</ele>
        <time>2026-04-06T09:29:04.000Z</time>
        <extensions>
          <ns3:TrackPointExtension>
            <ns3:hr>131</ns3:hr>
            <ns3:cad>89</ns3:cad>
          </ns3:TrackPointExtension>
        </extensions>
      </trkpt>
      <trkpt lat="34.21742445789277553558349609375" lon="108.89586813747882843017578125">
        <ele>414</ele>
        <time>2026-04-06T09:29:05.000Z</time>
        <extensions>
          <ns3:TrackPointExtension>
            <ns3:hr>131</ns3:hr>
            <ns3:cad>94</ns3:cad>
          </ns3:TrackPointExtension>
        </extensions>
      </trkpt>
      <trkpt lat="34.21743929386138916015625" lon="108.89583469368517398834228515625">
        <ele>414</ele>
        <time>2026-04-06T09:29:06.000Z</time>
        <extensions>
          <ns3:TrackPointExtension>
            <ns3:hr>130</ns3:hr>
            <ns3:cad>94</ns3:cad>
          </ns3:TrackPointExtension>
        </extensions>
      </trkpt>
      <trkpt lat="34.217450357973575592041015625" lon="108.8958149962127208709716796875">
        <ele>414</ele>
        <time>2026-04-06T09:29:07.000Z</time>
        <extensions>
          <ns3:TrackPointExtension>
            <ns3:hr>131</ns3:hr>
            <ns3:cad>93</ns3:cad>
          </ns3:TrackPointExtension>
        </extensions>
      </trkpt>
      <trkpt lat="34.2174620926380157470703125" lon="108.89578054659068584442138671875">
        <ele>414</ele>
        <time>2026-04-06T09:29:08.000Z</time>
        <extensions>
          <ns3:TrackPointExtension>
            <ns3:hr>131</ns3:hr>
            <ns3:cad>93</ns3:cad>
          </ns3:TrackPointExtension>
        </extensions>
      </trkpt>
      <trkpt lat="34.21747910790145397186279296875" lon="108.89576026238501071929931640625">
        <ele>414</ele>
        <time>2026-04-06T09:29:09.000Z</time>
        <extensions>
          <ns3:TrackPointExtension>
            <ns3:hr>131</ns3:hr>
            <ns3:cad>93</ns3:cad>
          </ns3:TrackPointExtension>
        </extensions>
      </trkpt>
      <trkpt lat="34.2174984700977802276611328125" lon="108.89572656713426113128662109375">
        <ele>414</ele>
        <time>2026-04-06T09:29:10.000Z</time>
        <extensions>
          <ns3:TrackPointExtension>
            <ns3:hr>130</ns3:hr>
            <ns3:cad>94</ns3:cad>
          </ns3:TrackPointExtension>
        </extensions>
      </trkpt>
      <trkpt lat="34.21752152033150196075439453125" lon="108.89570494182407855987548828125">
        <ele>413.79998779296875</ele>
        <time>2026-04-06T09:29:11.000Z</time>
        <extensions>
          <ns3:TrackPointExtension>
            <ns3:hr>131</ns3:hr>
            <ns3:cad>94</ns3:cad>
          </ns3:TrackPointExtension>
        </extensions>
      </trkpt>
      <trkpt lat="34.21754549257457256317138671875" lon="108.89567409642040729522705078125">
        <ele>413.79998779296875</ele>
        <time>2026-04-06T09:29:12.000Z</time>
        <extensions>
          <ns3:TrackPointExtension>
            <ns3:hr>131</ns3:hr>
            <ns3:cad>94</ns3:cad>
          </ns3:TrackPointExtension>
        </extensions>
      </trkpt>
      <trkpt lat="34.21756376512348651885986328125" lon="108.89565163291990756988525390625">
        <ele>413.79998779296875</ele>
        <time>2026-04-06T09:29:13.000Z</time>
        <extensions>
          <ns3:TrackPointExtension>
            <ns3:hr>131</ns3:hr>
            <ns3:cad>93</ns3:cad>
          </ns3:TrackPointExtension>
        </extensions>
      </trkpt>
      <trkpt lat="34.2175822891294956207275390625" lon="108.89562682248651981353759765625">
        <ele>413.79998779296875</ele>
        <time>2026-04-06T09:29:14.000Z</time>
        <extensions>
          <ns3:TrackPointExtension>
            <ns3:hr>132</ns3:hr>
            <ns3:cad>93</ns3:cad>
          </ns3:TrackPointExtension>
        </extensions>
      </trkpt>
      <trkpt lat="34.2175923474133014678955078125" lon="108.89559346251189708709716796875">
        <ele>413.79998779296875</ele>
        <time>2026-04-06T09:29:15.000Z</time>
        <extensions>
          <ns3:TrackPointExtension>
            <ns3:hr>132</ns3:hr>
            <ns3:cad>93</ns3:cad>
          </ns3:TrackPointExtension>
        </extensions>
      </trkpt>
      <trkpt lat="34.21760885976254940032958984375" lon="108.8955658860504627227783203125">
        <ele>413.79998779296875</ele>
        <time>2026-04-06T09:29:16.000Z</time>
        <extensions>
          <ns3:TrackPointExtension>
            <ns3:hr>132</ns3:hr>
            <ns3:cad>94</ns3:cad>
          </ns3:TrackPointExtension>
        </extensions>
      </trkpt>
      <trkpt lat="34.21762478537857532501220703125" lon="108.8955353759229183197021484375">
        <ele>413.79998779296875</ele>
        <time>2026-04-06T09:29:17.000Z</time>
        <extensions>
          <ns3:TrackPointExtension>
            <ns3:hr>132</ns3:hr>
            <ns3:cad>94</ns3:cad>
          </ns3:TrackPointExtension>
        </extensions>
      </trkpt>
      <trkpt lat="34.21763987280428409576416015625" lon="108.89551986940205097198486328125">
        <ele>413.79998779296875</ele>
        <time>2026-04-06T09:29:18.000Z</time>
        <extensions>
          <ns3:TrackPointExtension>
            <ns3:hr>133</ns3:hr>
            <ns3:cad>94</ns3:cad>
          </ns3:TrackPointExtension>
        </extensions>
      </trkpt>
      <trkpt lat="34.217651188373565673828125" lon="108.89549153856933116912841796875">
        <ele>413.79998779296875</ele>
        <time>2026-04-06T09:29:19.000Z</time>
        <extensions>
          <ns3:TrackPointExtension>
            <ns3:hr>133</ns3:hr>
            <ns3:cad>93</ns3:cad>
          </ns3:TrackPointExtension>
        </extensions>
      </trkpt>
      <trkpt lat="34.21765915118157863616943359375" lon="108.89546823687851428985595703125">
        <ele>413.79998779296875</ele>
        <time>2026-04-06T09:29:20.000Z</time>
        <extensions>
          <ns3:TrackPointExtension>
            <ns3:hr>133</ns3:hr>
            <ns3:cad>93</ns3:cad>
          </ns3:TrackPointExtension>
        </extensions>
      </trkpt>
      <trkpt lat="34.21766602434217929840087890625" lon="108.89544426463544368743896484375">
        <ele>413.79998779296875</ele>
        <time>2026-04-06T09:29:21.000Z</time>
        <extensions>
          <ns3:TrackPointExtension>
            <ns3:hr>133</ns3:hr>
            <ns3:cad>93</ns3:cad>
          </ns3:TrackPointExtension>
        </extensions>
      </trkpt>
      <trkpt lat="34.21767197549343109130859375" lon="108.8954180292785167694091796875">
        <ele>413.79998779296875</ele>
        <time>2026-04-06T09:29:22.000Z</time>
        <extensions>
          <ns3:TrackPointExtension>
            <ns3:hr>133</ns3:hr>
            <ns3:cad>94</ns3:cad>
          </ns3:TrackPointExtension>
        </extensions>
      </trkpt>
      <trkpt lat="34.21767599880695343017578125" lon="108.8953932188451290130615234375">
        <ele>413.79998779296875</ele>
        <time>2026-04-06T09:29:23.000Z</time>
        <extensions>
          <ns3:TrackPointExtension>
            <ns3:hr>133</ns3:hr>
            <ns3:cad>94</ns3:cad>
          </ns3:TrackPointExtension>
        </extensions>
      </trkpt>
      <trkpt lat="34.21767876483500003814697265625" lon="108.895362205803394317626953125">
        <ele>413.79998779296875</ele>
        <time>2026-04-06T09:29:24.000Z</time>
        <extensions>
          <ns3:TrackPointExtension>
            <ns3:hr>133</ns3:hr>
            <ns3:cad>95</ns3:cad>
          </ns3:TrackPointExtension>
        </extensions>
      </trkpt>
      <trkpt lat="34.2176768369972705841064453125" lon="108.89533571898937225341796875">
        <ele>413.79998779296875</ele>
        <time>2026-04-06T09:29:25.000Z</time>
        <extensions>
          <ns3:TrackPointExtension>
            <ns3:hr>133</ns3:hr>
            <ns3:cad>95</ns3:cad>
          </ns3:TrackPointExtension>
        </extensions>
      </trkpt>
      <trkpt lat="34.217659570276737213134765625" lon="108.89530596323311328887939453125">
        <ele>413.79998779296875</ele>
        <time>2026-04-06T09:29:26.000Z</time>
        <extensions>
          <ns3:TrackPointExtension>
            <ns3:hr>134</ns3:hr>
            <ns3:cad>95</ns3:cad>
          </ns3:TrackPointExtension>
        </extensions>
      </trkpt>
      <trkpt lat="34.21764456667006015777587890625" lon="108.89528333209455013275146484375">
        <ele>413.79998779296875</ele>
        <time>2026-04-06T09:29:27.000Z</time>
        <extensions>
          <ns3:TrackPointExtension>
            <ns3:hr>134</ns3:hr>
            <ns3:cad>95</ns3:cad>
          </ns3:TrackPointExtension>
        </extensions>
      </trkpt>
      <trkpt lat="34.2176218517124652862548828125" lon="108.89525659382343292236328125">
        <ele>413.79998779296875</ele>
        <time>2026-04-06T09:29:28.000Z</time>
        <extensions>
          <ns3:TrackPointExtension>
            <ns3:hr>134</ns3:hr>
            <ns3:cad>92</ns3:cad>
          </ns3:TrackPointExtension>
        </extensions>
      </trkpt>
      <trkpt lat="34.21759419143199920654296875" lon="108.89523387886583805084228515625">
        <ele>413.79998779296875</ele>
        <time>2026-04-06T09:29:29.000Z</time>
        <extensions>
          <ns3:TrackPointExtension>
            <ns3:hr>133</ns3:hr>
            <ns3:cad>92</ns3:cad>
          </ns3:TrackPointExtension>
        </extensions>
      </trkpt>
      <trkpt lat="34.21755907125771045684814453125" lon="108.8952101580798625946044921875">
        <ele>413.79998779296875</ele>
        <time>2026-04-06T09:29:30.000Z</time>
        <extensions>
          <ns3:TrackPointExtension>
            <ns3:hr>133</ns3:hr>
            <ns3:cad>92</ns3:cad>
          </ns3:TrackPointExtension>
        </extensions>
      </trkpt>
      <trkpt lat="34.2175269685685634613037109375" lon="108.895191214978694915771484375">
        <ele>413.79998779296875</ele>
        <time>2026-04-06T09:29:31.000Z</time>
        <extensions>
          <ns3:TrackPointExtension>
            <ns3:hr>133</ns3:hr>
            <ns3:cad>92</ns3:cad>
          </ns3:TrackPointExtension>
        </extensions>
      </trkpt>
      <trkpt lat="34.2175023257732391357421875" lon="108.89517101459205150604248046875">
        <ele>413.79998779296875</ele>
        <time>2026-04-06T09:29:32.000Z</time>
        <extensions>
          <ns3:TrackPointExtension>
            <ns3:hr>134</ns3:hr>
            <ns3:cad>92</ns3:cad>
          </ns3:TrackPointExtension>
        </extensions>
      </trkpt>
      <trkpt lat="34.2174686305224895477294921875" lon="108.89515290968120098114013671875">
        <ele>413.79998779296875</ele>
        <time>2026-04-06T09:29:33.000Z</time>
        <extensions>
          <ns3:TrackPointExtension>
            <ns3:hr>134</ns3:hr>
            <ns3:cad>92</ns3:cad>
          </ns3:TrackPointExtension>
        </extensions>
      </trkpt>
      <trkpt lat="34.21744658611714839935302734375" lon="108.89515425078570842742919921875">
        <ele>413.79998779296875</ele>
        <time>2026-04-06T09:29:34.000Z</time>
        <extensions>
          <ns3:TrackPointExtension>
            <ns3:hr>134</ns3:hr>
            <ns3:cad>92</ns3:cad>
          </ns3:TrackPointExtension>
        </extensions>
      </trkpt>
      <trkpt lat="34.21741339378058910369873046875" lon="108.89515123330056667327880859375">
        <ele>413.79998779296875</ele>
        <time>2026-04-06T09:29:35.000Z</time>
        <extensions>
          <ns3:TrackPointExtension>
            <ns3:hr>135</ns3:hr>
            <ns3:cad>94</ns3:cad>
          </ns3:TrackPointExtension>
        </extensions>
      </trkpt>
      <trkpt lat="34.21739176847040653228759765625" lon="108.89514603652060031890869140625">
        <ele>413.79998779296875</ele>
        <time>2026-04-06T09:29:36.000Z</time>
        <extensions>
          <ns3:TrackPointExtension>
            <ns3:hr>135</ns3:hr>
            <ns3:cad>94</ns3:cad>
          </ns3:TrackPointExtension>
        </extensions>
      </trkpt>
      <trkpt lat="34.21736293472349643707275390625" lon="108.895148299634456634521484375">
        <ele>413.79998779296875</ele>
        <time>2026-04-06T09:29:37.000Z</time>
        <extensions>
          <ns3:TrackPointExtension>
            <ns3:hr>135</ns3:hr>
            <ns3:cad>92</ns3:cad>
          </ns3:TrackPointExtension>
        </extensions>
      </trkpt>
      <trkpt lat="34.217341057956218719482421875" lon="108.89515324495732784271240234375">
        <ele>413.79998779296875</ele>
        <time>2026-04-06T09:29:38.000Z</time>
        <extensions>
          <ns3:TrackPointExtension>
            <ns3:hr>135</ns3:hr>
            <ns3:cad>92</ns3:cad>
          </ns3:TrackPointExtension>
        </extensions>
      </trkpt>
      <trkpt lat="34.2173226177692413330078125" lon="108.89516196213662624359130859375">
        <ele>413.79998779296875</ele>
        <time>2026-04-06T09:29:39.000Z</time>
        <extensions>
          <ns3:TrackPointExtension>
            <ns3:hr>135</ns3:hr>
            <ns3:cad>92</ns3:cad>
          </ns3:TrackPointExtension>
        </extensions>
      </trkpt>
      <trkpt lat="34.21730292029678821563720703125" lon="108.895177133381366729736328125">
        <ele>413.79998779296875</ele>
        <time>2026-04-06T09:29:40.000Z</time>
        <extensions>
          <ns3:TrackPointExtension>
            <ns3:hr>135</ns3:hr>
            <ns3:cad>92</ns3:cad>
          </ns3:TrackPointExtension>
        </extensions>
      </trkpt>
      <trkpt lat="34.2172822169959545135498046875" lon="108.895194232463836669921875">
        <ele>414</ele>
        <time>2026-04-06T09:29:41.000Z</time>
        <extensions>
          <ns3:TrackPointExtension>
            <ns3:hr>135</ns3:hr>
            <ns3:cad>92</ns3:cad>
          </ns3:TrackPointExtension>
        </extensions>
      </trkpt>
      <trkpt lat="34.21725346706807613372802734375" lon="108.89521024189889430999755859375">
        <ele>414</ele>
        <time>2026-04-06T09:29:42.000Z</time>
        <extensions>
          <ns3:TrackPointExtension>
            <ns3:hr>135</ns3:hr>
            <ns3:cad>92</ns3:cad>
          </ns3:TrackPointExtension>
        </extensions>
      </trkpt>
      <trkpt lat="34.21723033301532268524169921875" lon="108.89522172510623931884765625">
        <ele>414</ele>
        <time>2026-04-06T09:29:43.000Z</time>
        <extensions>
          <ns3:TrackPointExtension>
            <ns3:hr>135</ns3:hr>
            <ns3:cad>92</ns3:cad>
          </ns3:TrackPointExtension>
        </extensions>
      </trkpt>
      <trkpt lat="34.21721407212316989898681640625" lon="108.8952319510281085968017578125">
        <ele>414</ele>
        <time>2026-04-06T09:29:44.000Z</time>
        <extensions>
          <ns3:TrackPointExtension>
            <ns3:hr>135</ns3:hr>
            <ns3:cad>92</ns3:cad>
          </ns3:TrackPointExtension>
        </extensions>
      </trkpt>
      <trkpt lat="34.2171926982700824737548828125" lon="108.8952477090060710906982421875">
        <ele>414</ele>
        <time>2026-04-06T09:29:45.000Z</time>
        <extensions>
          <ns3:TrackPointExtension>
            <ns3:hr>135</ns3:hr>
            <ns3:cad>92</ns3:cad>
          </ns3:TrackPointExtension>
        </extensions>
      </trkpt>
      <trkpt lat="34.21718171797692775726318359375" lon="108.895268999040126800537109375">
        <ele>414</ele>
        <time>2026-04-06T09:29:46.000Z</time>
        <extensions>
          <ns3:TrackPointExtension>
            <ns3:hr>136</ns3:hr>
            <ns3:cad>92</ns3:cad>
          </ns3:TrackPointExtension>
        </extensions>
      </trkpt>
      <trkpt lat="34.2171652056276798248291015625" lon="108.89528970234096050262451171875">
        <ele>413.79998779296875</ele>
        <time>2026-04-06T09:29:47.000Z</time>
        <extensions>
          <ns3:TrackPointExtension>
            <ns3:hr>135</ns3:hr>
            <ns3:cad>94</ns3:cad>
          </ns3:TrackPointExtension>
        </extensions>
      </trkpt>
      <trkpt lat="34.21714517287909984588623046875" lon="108.89529976062476634979248046875">
        <ele>413.79998779296875</ele>
        <time>2026-04-06T09:29:48.000Z</time>
        <extensions>
          <ns3:TrackPointExtension>
            <ns3:hr>135</ns3:hr>
            <ns3:cad>94</ns3:cad>
          </ns3:TrackPointExtension>
        </extensions>
      </trkpt>
      <trkpt lat="34.21711667440831661224365234375" lon="108.89531317166984081268310546875">
        <ele>413.79998779296875</ele>
        <time>2026-04-06T09:29:49.000Z</time>
        <extensions>
          <ns3:TrackPointExtension>
            <ns3:hr>135</ns3:hr>
            <ns3:cad>94</ns3:cad>
          </ns3:TrackPointExtension>
        </extensions>
      </trkpt>
      <trkpt lat="34.21709069050848484039306640625" lon="108.8953323662281036376953125">
        <ele>413.600006103515625</ele>
        <time>2026-04-06T09:29:50.000Z</time>
        <extensions>
          <ns3:TrackPointExtension>
            <ns3:hr>135</ns3:hr>
            <ns3:cad>94</ns3:cad>
          </ns3:TrackPointExtension>
        </extensions>
      </trkpt>
      <trkpt lat="34.2170572467148303985595703125" lon="108.89534921385347843170166015625">
        <ele>413.600006103515625</ele>
        <time>2026-04-06T09:29:51.000Z</time>
        <extensions>
          <ns3:TrackPointExtension>
            <ns3:hr>135</ns3:hr>
            <ns3:cad>94</ns3:cad>
          </ns3:TrackPointExtension>
        </extensions>
      </trkpt>
      <trkpt lat="34.21703821979463100433349609375" lon="108.8953720964491367340087890625">
        <ele>413.600006103515625</ele>
        <time>2026-04-06T09:29:52.000Z</time>
        <extensions>
          <ns3:TrackPointExtension>
            <ns3:hr>135</ns3:hr>
            <ns3:cad>94</ns3:cad>
          </ns3:TrackPointExtension>
        </extensions>
      </trkpt>
      <trkpt lat="34.21702765859663486480712890625" lon="108.89541375450789928436279296875">
        <ele>413.399993896484375</ele>
        <time>2026-04-06T09:29:53.000Z</time>
        <extensions>
          <ns3:TrackPointExtension>
            <ns3:hr>135</ns3:hr>
            <ns3:cad>94</ns3:cad>
          </ns3:TrackPointExtension>
        </extensions>
      </trkpt>
      <trkpt lat="34.21701206825673580169677734375" lon="108.8954391516745090484619140625">
        <ele>413.399993896484375</ele>
        <time>2026-04-06T09:29:54.000Z</time>
        <extensions>
          <ns3:TrackPointExtension>
            <ns3:hr>135</ns3:hr>
            <ns3:cad>94</ns3:cad>
          </ns3:TrackPointExtension>
        </extensions>
      </trkpt>
      <trkpt lat="34.21699698083102703094482421875" lon="108.89546186663210391998291015625">
        <ele>413.399993896484375</ele>
        <time>2026-04-06T09:29:55.000Z</time>
        <extensions>
          <ns3:TrackPointExtension>
            <ns3:hr>135</ns3:hr>
            <ns3:cad>94</ns3:cad>
          </ns3:TrackPointExtension>
        </extensions>
      </trkpt>
      <trkpt lat="34.2169875092804431915283203125" lon="108.89549338258802890777587890625">
        <ele>413.399993896484375</ele>
        <time>2026-04-06T09:29:56.000Z</time>
        <extensions>
          <ns3:TrackPointExtension>
            <ns3:hr>135</ns3:hr>
            <ns3:cad>94</ns3:cad>
          </ns3:TrackPointExtension>
        </extensions>
      </trkpt>
      <trkpt lat="34.21697468496859073638916015625" lon="108.89551274478435516357421875">
        <ele>413.399993896484375</ele>
        <time>2026-04-06T09:29:57.000Z</time>
        <extensions>
          <ns3:TrackPointExtension>
            <ns3:hr>136</ns3:hr>
            <ns3:cad>94</ns3:cad>
          </ns3:TrackPointExtension>
        </extensions>
      </trkpt>
      <trkpt lat="34.216963537037372589111328125" lon="108.89553847722709178924560546875">
        <ele>413.399993896484375</ele>
        <time>2026-04-06T09:29:58.000Z</time>
        <extensions>
          <ns3:TrackPointExtension>
            <ns3:hr>135</ns3:hr>
            <ns3:cad>94</ns3:cad>
          </ns3:TrackPointExtension>
        </extensions>
      </trkpt>
      <trkpt lat="34.2169546522200107574462890625" lon="108.89555809088051319122314453125">
        <ele>413.399993896484375</ele>
        <time>2026-04-06T09:29:59.000Z</time>
        <extensions>
          <ns3:TrackPointExtension>
            <ns3:hr>135</ns3:hr>
            <ns3:cad>94</ns3:cad>
          </ns3:TrackPointExtension>
        </extensions>
      </trkpt>
      <trkpt lat="34.21694098971784114837646484375" lon="108.89558373950421810150146484375">
        <ele>413.399993896484375</ele>
        <time>2026-04-06T09:30:00.000Z</time>
        <extensions>
          <ns3:TrackPointExtension>
            <ns3:hr>135</ns3:hr>
            <ns3:cad>94</ns3:cad>
          </ns3:TrackPointExtension>
        </extensions>
      </trkpt>
      <trkpt lat="34.21691919676959514617919921875" lon="108.89559916220605373382568359375">
        <ele>413.399993896484375</ele>
        <time>2026-04-06T09:30:01.000Z</time>
        <extensions>
          <ns3:TrackPointExtension>
            <ns3:hr>136</ns3:hr>
            <ns3:cad>94</ns3:cad>
          </ns3:TrackPointExtension>
        </extensions>
      </trkpt>
      <trkpt lat="34.21690008603036403656005859375" lon="108.89561223797500133514404296875">
        <ele>413.399993896484375</ele>
        <time>2026-04-06T09:30:02.000Z</time>
        <extensions>
          <ns3:TrackPointExtension>
            <ns3:hr>135</ns3:hr>
            <ns3:cad>93</ns3:cad>
          </ns3:TrackPointExtension>
        </extensions>
      </trkpt>
      <trkpt lat="34.21687494032084941864013671875" lon="108.89561810530722141265869140625">
        <ele>413.399993896484375</ele>
        <time>2026-04-06T09:30:03.000Z</time>
        <extensions>
          <ns3:TrackPointExtension>
            <ns3:hr>135</ns3:hr>
            <ns3:cad>93</ns3:cad>
          </ns3:TrackPointExtension>
        </extensions>
      </trkpt>
      <trkpt lat="34.21685650013387203216552734375" lon="108.895618356764316558837890625">
        <ele>413.399993896484375</ele>
        <time>2026-04-06T09:30:04.000Z</time>
        <extensions>
          <ns3:TrackPointExtension>
            <ns3:hr>135</ns3:hr>
            <ns3:cad>94</ns3:cad>
          </ns3:TrackPointExtension>
        </extensions>
      </trkpt>
      <trkpt lat="34.21682615764439105987548828125" lon="108.89560285024344921112060546875">
        <ele>413.399993896484375</ele>
        <time>2026-04-06T09:30:05.000Z</time>
        <extensions>
          <ns3:TrackPointExtension>
            <ns3:hr>135</ns3:hr>
            <ns3:cad>94</ns3:cad>
          </ns3:TrackPointExtension>
        </extensions>
      </trkpt>
      <trkpt lat="34.21681366860866546630859375" lon="108.89559186995029449462890625">
        <ele>413.399993896484375</ele>
        <time>2026-04-06T09:30:06.000Z</time>
        <extensions>
          <ns3:TrackPointExtension>
            <ns3:hr>135</ns3:hr>
            <ns3:cad>94</ns3:cad>
          </ns3:TrackPointExtension>
        </extensions>
      </trkpt>
      <trkpt lat="34.21678818762302398681640625" lon="108.8955737650394439697265625">
        <ele>413.399993896484375</ele>
        <time>2026-04-06T09:30:07.000Z</time>
        <extensions>
          <ns3:TrackPointExtension>
            <ns3:hr>136</ns3:hr>
            <ns3:cad>94</ns3:cad>
          </ns3:TrackPointExtension>
        </extensions>
      </trkpt>
      <trkpt lat="34.2167702503502368927001953125" lon="108.89555658213794231414794921875">
        <ele>413.399993896484375</ele>
        <time>2026-04-06T09:30:08.000Z</time>
        <extensions>
          <ns3:TrackPointExtension>
            <ns3:hr>136</ns3:hr>
            <ns3:cad>93</ns3:cad>
          </ns3:TrackPointExtension>
        </extensions>
      </trkpt>
      <trkpt lat="34.21674602665007114410400390625" lon="108.89554350636899471282958984375">
        <ele>413.399993896484375</ele>
        <time>2026-04-06T09:30:09.000Z</time>
        <extensions>
          <ns3:TrackPointExtension>
            <ns3:hr>137</ns3:hr>
            <ns3:cad>93</ns3:cad>
          </ns3:TrackPointExtension>
        </extensions>
      </trkpt>
      <trkpt lat="34.21672423370182514190673828125" lon="108.89553126879036426544189453125">
        <ele>413.399993896484375</ele>
        <time>2026-04-06T09:30:10.000Z</time>
        <extensions>
          <ns3:TrackPointExtension>
            <ns3:hr>137</ns3:hr>
            <ns3:cad>93</ns3:cad>
          </ns3:TrackPointExtension>
        </extensions>
      </trkpt>
      <trkpt lat="34.21670663170516490936279296875" lon="108.8955196179449558258056640625">
        <ele>413.399993896484375</ele>
        <time>2026-04-06T09:30:11.000Z</time>
        <extensions>
          <ns3:TrackPointExtension>
            <ns3:hr>137</ns3:hr>
            <ns3:cad>94</ns3:cad>
          </ns3:TrackPointExtension>
        </extensions>
      </trkpt>
      <trkpt lat="34.21667729504406452178955078125" lon="108.8955035246908664703369140625">
        <ele>413.399993896484375</ele>
        <time>2026-04-06T09:30:12.000Z</time>
        <extensions>
          <ns3:TrackPointExtension>
            <ns3:hr>138</ns3:hr>
            <ns3:cad>94</ns3:cad>
          </ns3:TrackPointExtension>
        </extensions>
      </trkpt>
      <trkpt lat="34.21666036359965801239013671875" lon="108.89549254439771175384521484375">
        <ele>413.399993896484375</ele>
        <time>2026-04-06T09:30:13.000Z</time>
        <extensions>
          <ns3:TrackPointExtension>
            <ns3:hr>138</ns3:hr>
            <ns3:cad>94</ns3:cad>
          </ns3:TrackPointExtension>
        </extensions>
      </trkpt>
      <trkpt lat="34.2166359722614288330078125" lon="108.8954780437052249908447265625">
        <ele>413.399993896484375</ele>
        <time>2026-04-06T09:30:14.000Z</time>
        <extensions>
          <ns3:TrackPointExtension>
            <ns3:hr>138</ns3:hr>
            <ns3:cad>93</ns3:cad>
          </ns3:TrackPointExtension>
        </extensions>
      </trkpt>
      <trkpt lat="34.2166180349886417388916015625" lon="108.89546236954629421234130859375">
        <ele>413.399993896484375</ele>
        <time>2026-04-06T09:30:15.000Z</time>
        <extensions>
          <ns3:TrackPointExtension>
            <ns3:hr>138</ns3:hr>
            <ns3:cad>93</ns3:cad>
          </ns3:TrackPointExtension>
        </extensions>
      </trkpt>
      <trkpt lat="34.21658375300467014312744140625" lon="108.895454742014408111572265625">
        <ele>413.600006103515625</ele>
        <time>2026-04-06T09:30:16.000Z</time>
        <extensions>
          <ns3:TrackPointExtension>
            <ns3:hr>138</ns3:hr>
            <ns3:cad>93</ns3:cad>
          </ns3:TrackPointExtension>
        </extensions>
      </trkpt>
      <trkpt lat="34.21656162478029727935791015625" lon="108.89543772675096988677978515625">
        <ele>413.600006103515625</ele>
        <time>2026-04-06T09:30:17.000Z</time>
        <extensions>
          <ns3:TrackPointExtension>
            <ns3:hr>139</ns3:hr>
            <ns3:cad>92</ns3:cad>
          </ns3:TrackPointExtension>
        </extensions>
      </trkpt>
      <trkpt lat="34.21653463505208492279052734375" lon="108.8954243995249271392822265625">
        <ele>413.600006103515625</ele>
        <time>2026-04-06T09:30:18.000Z</time>
        <extensions>
          <ns3:TrackPointExtension>
            <ns3:hr>139</ns3:hr>
            <ns3:cad>92</ns3:cad>
          </ns3:TrackPointExtension>
        </extensions>
      </trkpt>
      <trkpt lat="34.21651049517095088958740234375" lon="108.89540604315698146820068359375">
        <ele>413.600006103515625</ele>
        <time>2026-04-06T09:30:19.000Z</time>
        <extensions>
          <ns3:TrackPointExtension>
            <ns3:hr>139</ns3:hr>
            <ns3:cad>93</ns3:cad>
          </ns3:TrackPointExtension>
        </extensions>
      </trkpt>
      <trkpt lat="34.21649071387946605682373046875" lon="108.8953922130167484283447265625">
        <ele>413.600006103515625</ele>
        <time>2026-04-06T09:30:20.000Z</time>
        <extensions>
          <ns3:TrackPointExtension>
            <ns3:hr>139</ns3:hr>
            <ns3:cad>93</ns3:cad>
          </ns3:TrackPointExtension>
        </extensions>
      </trkpt>
      <trkpt lat="34.2164643108844757080078125" lon="108.895379640161991119384765625">
        <ele>413.600006103515625</ele>
        <time>2026-04-06T09:30:21.000Z</time>
        <extensions>
          <ns3:TrackPointExtension>
            <ns3:hr>140</ns3:hr>
            <ns3:cad>93</ns3:cad>
          </ns3:TrackPointExtension>
        </extensions>
      </trkpt>
      <trkpt lat="34.2164500616490840911865234375" lon="108.895372264087200164794921875">
        <ele>413.600006103515625</ele>
        <time>2026-04-06T09:30:22.000Z</time>
        <extensions>
          <ns3:TrackPointExtension>
            <ns3:hr>139</ns3:hr>
            <ns3:cad>93</ns3:cad>
          </ns3:TrackPointExtension>
        </extensions>
      </trkpt>
      <trkpt lat="34.21642382629215717315673828125" lon="108.8953618705272674560546875">
        <ele>413.600006103515625</ele>
        <time>2026-04-06T09:30:23.000Z</time>
        <extensions>
          <ns3:TrackPointExtension>
            <ns3:hr>139</ns3:hr>
            <ns3:cad>93</ns3:cad>
          </ns3:TrackPointExtension>
        </extensions>
      </trkpt>
      <trkpt lat="34.2164054699242115020751953125" lon="108.8953506387770175933837890625">
        <ele>413.600006103515625</ele>
        <time>2026-04-06T09:30:24.000Z</time>
        <extensions>
          <ns3:TrackPointExtension>
            <ns3:hr>139</ns3:hr>
            <ns3:cad>93</ns3:cad>
          </ns3:TrackPointExtension>
        </extensions>
      </trkpt>
      <trkpt lat="34.21637722291052341461181640625" lon="108.8953338749706745147705078125">
        <ele>413.600006103515625</ele>
        <time>2026-04-06T09:30:25.000Z</time>
        <extensions>
          <ns3:TrackPointExtension>
            <ns3:hr>140</ns3:hr>
            <ns3:cad>93</ns3:cad>
          </ns3:TrackPointExtension>
        </extensions>
      </trkpt>
      <trkpt lat="34.21634989790618419647216796875" lon="108.89532138593494892120361328125">
        <ele>413.600006103515625</ele>
        <time>2026-04-06T09:30:26.000Z</time>
        <extensions>
          <ns3:TrackPointExtension>
            <ns3:hr>139</ns3:hr>
            <ns3:cad>93</ns3:cad>
          </ns3:TrackPointExtension>
        </extensions>
      </trkpt>
      <trkpt lat="34.21632726676762104034423828125" lon="108.8953050412237644195556640625">
        <ele>413.600006103515625</ele>
        <time>2026-04-06T09:30:27.000Z</time>
        <extensions>
          <ns3:TrackPointExtension>
            <ns3:hr>139</ns3:hr>
            <ns3:cad>93</ns3:cad>
          </ns3:TrackPointExtension>
        </extensions>
      </trkpt>
      <trkpt lat="34.216299355030059814453125" lon="108.8952832482755184173583984375">
        <ele>413.600006103515625</ele>
        <time>2026-04-06T09:30:28.000Z</time>
        <extensions>
          <ns3:TrackPointExtension>
            <ns3:hr>140</ns3:hr>
            <ns3:cad>93</ns3:cad>
          </ns3:TrackPointExtension>
        </extensions>
      </trkpt>
      <trkpt lat="34.2162874527275562286376953125" lon="108.8952661491930484771728515625">
        <ele>413.600006103515625</ele>
        <time>2026-04-06T09:30:29.000Z</time>
        <extensions>
          <ns3:TrackPointExtension>
            <ns3:hr>139</ns3:hr>
            <ns3:cad>94</ns3:cad>
          </ns3:TrackPointExtension>
        </extensions>
      </trkpt>
      <trkpt lat="34.21626909635961055755615234375" lon="108.89523237012326717376708984375">
        <ele>413.600006103515625</ele>
        <time>2026-04-06T09:30:30.000Z</time>
        <extensions>
          <ns3:TrackPointExtension>
            <ns3:hr>139</ns3:hr>
            <ns3:cad>94</ns3:cad>
          </ns3:TrackPointExtension>
        </extensions>
      </trkpt>
      <trkpt lat="34.2162549309432506561279296875" lon="108.89520990662276744842529296875">
        <ele>413.600006103515625</ele>
        <time>2026-04-06T09:30:31.000Z</time>
        <extensions>
          <ns3:TrackPointExtension>
            <ns3:hr>139</ns3:hr>
            <ns3:cad>94</ns3:cad>
          </ns3:TrackPointExtension>
        </extensions>
      </trkpt>
      <trkpt lat="34.21624428592622280120849609375" lon="108.8951756246387958526611328125">
        <ele>413.600006103515625</ele>
        <time>2026-04-06T09:30:32.000Z</time>
        <extensions>
          <ns3:TrackPointExtension>
            <ns3:hr>139</ns3:hr>
            <ns3:cad>93</ns3:cad>
          </ns3:TrackPointExtension>
        </extensions>
      </trkpt>
      <trkpt lat="34.21624411828815937042236328125" lon="108.89515324495732784271240234375">
        <ele>413.600006103515625</ele>
        <time>2026-04-06T09:30:33.000Z</time>
        <extensions>
          <ns3:TrackPointExtension>
            <ns3:hr>139</ns3:hr>
            <ns3:cad>92</ns3:cad>
          </ns3:TrackPointExtension>
        </extensions>
      </trkpt>
      <trkpt lat="34.2162455432116985321044921875" lon="108.8951270096004009246826171875">
        <ele>413.600006103515625</ele>
        <time>2026-04-06T09:30:34.000Z</time>
        <extensions>
          <ns3:TrackPointExtension>
            <ns3:hr>138</ns3:hr>
            <ns3:cad>92</ns3:cad>
          </ns3:TrackPointExtension>
        </extensions>
      </trkpt>
      <trkpt lat="34.2162488959729671478271484375" lon="108.8950995169579982757568359375">
        <ele>413.600006103515625</ele>
        <time>2026-04-06T09:30:35.000Z</time>
        <extensions>
          <ns3:TrackPointExtension>
            <ns3:hr>138</ns3:hr>
            <ns3:cad>92</ns3:cad>
          </ns3:TrackPointExtension>
        </extensions>
      </trkpt>
      <trkpt lat="34.2162576131522655487060546875" lon="108.89507646672427654266357421875">
        <ele>413.600006103515625</ele>
        <time>2026-04-06T09:30:36.000Z</time>
        <extensions>
          <ns3:TrackPointExtension>
            <ns3:hr>138</ns3:hr>
            <ns3:cad>93</ns3:cad>
          </ns3:TrackPointExtension>
        </extensions>
      </trkpt>
      <trkpt lat="34.216261804103851318359375" lon="108.895049728453159332275390625">
        <ele>413.600006103515625</ele>
        <time>2026-04-06T09:30:37.000Z</time>
        <extensions>
          <ns3:TrackPointExtension>
            <ns3:hr>138</ns3:hr>
            <ns3:cad>93</ns3:cad>
          </ns3:TrackPointExtension>
        </extensions>
      </trkpt>
      <trkpt lat="34.216268844902515411376953125" lon="108.8950274325907230377197265625">
        <ele>413.600006103515625</ele>
        <time>2026-04-06T09:30:38.000Z</time>
        <extensions>
          <ns3:TrackPointExtension>
            <ns3:hr>138</ns3:hr>
            <ns3:cad>93</ns3:cad>
          </ns3:TrackPointExtension>
        </extensions>
      </trkpt>
      <trkpt lat="34.21627932228147983551025390625" lon="108.89499633572995662689208984375">
        <ele>413.600006103515625</ele>
        <time>2026-04-06T09:30:39.000Z</time>
        <extensions>
          <ns3:TrackPointExtension>
            <ns3:hr>139</ns3:hr>
            <ns3:cad>92</ns3:cad>
          </ns3:TrackPointExtension>
        </extensions>
      </trkpt>
      <trkpt lat="34.21629608608782291412353515625" lon="108.89497362077236175537109375">
        <ele>413.600006103515625</ele>
        <time>2026-04-06T09:30:40.000Z</time>
        <extensions>
          <ns3:TrackPointExtension>
            <ns3:hr>138</ns3:hr>
            <ns3:cad>92</ns3:cad>
          </ns3:TrackPointExtension>
        </extensions>
      </trkpt>
      <trkpt lat="34.21631083823740482330322265625" lon="108.8949409313499927520751953125">
        <ele>413.600006103515625</ele>
        <time>2026-04-06T09:30:41.000Z</time>
        <extensions>
          <ns3:TrackPointExtension>
            <ns3:hr>138</ns3:hr>
            <ns3:cad>92</ns3:cad>
          </ns3:TrackPointExtension>
        </extensions>
      </trkpt>
      <trkpt lat="34.2163246683776378631591796875" lon="108.89492039568722248077392578125">
        <ele>413.600006103515625</ele>
        <time>2026-04-06T09:30:42.000Z</time>
        <extensions>
          <ns3:TrackPointExtension>
            <ns3:hr>138</ns3:hr>
            <ns3:cad>92</ns3:cad>
          </ns3:TrackPointExtension>
        </extensions>
      </trkpt>
      <trkpt lat="34.216339588165283203125" lon="108.8948871195316314697265625">
        <ele>413.600006103515625</ele>
        <time>2026-04-06T09:30:43.000Z</time>
        <extensions>
          <ns3:TrackPointExtension>
            <ns3:hr>138</ns3:hr>
            <ns3:cad>92</ns3:cad>
          </ns3:TrackPointExtension>
        </extensions>
      </trkpt>
      <trkpt lat="34.21635006554424762725830078125" lon="108.894860632717609405517578125">
        <ele>413.600006103515625</ele>
        <time>2026-04-06T09:30:44.000Z</time>
        <extensions>
          <ns3:TrackPointExtension>
            <ns3:hr>139</ns3:hr>
            <ns3:cad>92</ns3:cad>
          </ns3:TrackPointExtension>
        </extensions>
      </trkpt>
      <trkpt lat="34.216363728046417236328125" lon="108.8948336429893970489501953125">
        <ele>413.600006103515625</ele>
        <time>2026-04-06T09:30:45.000Z</time>
        <extensions>
          <ns3:TrackPointExtension>
            <ns3:hr>139</ns3:hr>
            <ns3:cad>92</ns3:cad>
          </ns3:TrackPointExtension>
        </extensions>
      </trkpt>
      <trkpt lat="34.21638208441436290740966796875" lon="108.89480338431894779205322265625">
        <ele>413.600006103515625</ele>
        <time>2026-04-06T09:30:46.000Z</time>
        <extensions>
          <ns3:TrackPointExtension>
            <ns3:hr>140</ns3:hr>
            <ns3:cad>92</ns3:cad>
          </ns3:TrackPointExtension>
        </extensions>
      </trkpt>
      <trkpt lat="34.216389544308185577392578125" lon="108.89477455057203769683837890625">
        <ele>413.399993896484375</ele>
        <time>2026-04-06T09:30:47.000Z</time>
        <extensions>
          <ns3:TrackPointExtension>
            <ns3:hr>140</ns3:hr>
            <ns3:cad>92</ns3:cad>
          </ns3:TrackPointExtension>
        </extensions>
      </trkpt>
      <trkpt lat="34.216413013637065887451171875" lon="108.89474839903414249420166015625">
        <ele>413.399993896484375</ele>
        <time>2026-04-06T09:30:48.000Z</time>
        <extensions>
          <ns3:TrackPointExtension>
            <ns3:hr>140</ns3:hr>
            <ns3:cad>92</ns3:cad>
          </ns3:TrackPointExtension>
        </extensions>
      </trkpt>
      <trkpt lat="34.21641879715025424957275390625" lon="108.89472040347754955291748046875">
        <ele>413.399993896484375</ele>
        <time>2026-04-06T09:30:49.000Z</time>
        <extensions>
          <ns3:TrackPointExtension>
            <ns3:hr>139</ns3:hr>
            <ns3:cad>92</ns3:cad>
          </ns3:TrackPointExtension>
        </extensions>
      </trkpt>
      <trkpt lat="34.21643011271953582763671875" lon="108.8946861214935779571533203125">
        <ele>413.399993896484375</ele>
        <time>2026-04-06T09:30:50.000Z</time>
        <extensions>
          <ns3:TrackPointExtension>
            <ns3:hr>140</ns3:hr>
            <ns3:cad>92</ns3:cad>
          </ns3:TrackPointExtension>
        </extensions>
      </trkpt>
      <trkpt lat="34.21645031310617923736572265625" lon="108.89467111788690090179443359375">
        <ele>413.399993896484375</ele>
        <time>2026-04-06T09:30:51.000Z</time>
        <extensions>
          <ns3:TrackPointExtension>
            <ns3:hr>140</ns3:hr>
            <ns3:cad>92</ns3:cad>
          </ns3:TrackPointExtension>
        </extensions>
      </trkpt>
      <trkpt lat="34.216464646160602569580078125" lon="108.8946428708732128143310546875">
        <ele>413.399993896484375</ele>
        <time>2026-04-06T09:30:52.000Z</time>
        <extensions>
          <ns3:TrackPointExtension>
            <ns3:hr>141</ns3:hr>
            <ns3:cad>92</ns3:cad>
          </ns3:TrackPointExtension>
        </extensions>
      </trkpt>
      <trkpt lat="34.21647747047245502471923828125" lon="108.89461898244917392730712890625">
        <ele>413.399993896484375</ele>
        <time>2026-04-06T09:30:53.000Z</time>
        <extensions>
          <ns3:TrackPointExtension>
            <ns3:hr>141</ns3:hr>
            <ns3:cad>92</ns3:cad>
          </ns3:TrackPointExtension>
        </extensions>
      </trkpt>
      <trkpt lat="34.21649255789816379547119140625" lon="108.89459299854934215545654296875">
        <ele>413.399993896484375</ele>
        <time>2026-04-06T09:30:54.000Z</time>
        <extensions>
          <ns3:TrackPointExtension>
            <ns3:hr>141</ns3:hr>
            <ns3:cad>92</ns3:cad>
          </ns3:TrackPointExtension>
        </extensions>
      </trkpt>
      <trkpt lat="34.21650915406644344329833984375" lon="108.8945640809834003448486328125">
        <ele>413.399993896484375</ele>
        <time>2026-04-06T09:30:55.000Z</time>
        <extensions>
          <ns3:TrackPointExtension>
            <ns3:hr>141</ns3:hr>
            <ns3:cad>94</ns3:cad>
          </ns3:TrackPointExtension>
        </extensions>
      </trkpt>
      <trkpt lat="34.216523654758930206298828125" lon="108.8945473171770572662353515625">
        <ele>413.399993896484375</ele>
        <time>2026-04-06T09:30:56.000Z</time>
        <extensions>
          <ns3:TrackPointExtension>
            <ns3:hr>141</ns3:hr>
            <ns3:cad>94</ns3:cad>
          </ns3:TrackPointExtension>
        </extensions>
      </trkpt>
      <trkpt lat="34.21653681434690952301025390625" lon="108.894512616097927093505859375">
        <ele>413.399993896484375</ele>
        <time>2026-04-06T09:30:57.000Z</time>
        <extensions>
          <ns3:TrackPointExtension>
            <ns3:hr>141</ns3:hr>
            <ns3:cad>94</ns3:cad>
          </ns3:TrackPointExtension>
        </extensions>
      </trkpt>
      <trkpt lat="34.21655290760099887847900390625" lon="108.8944946788251399993896484375">
        <ele>413.399993896484375</ele>
        <time>2026-04-06T09:30:58.000Z</time>
        <extensions>
          <ns3:TrackPointExtension>
            <ns3:hr>141</ns3:hr>
            <ns3:cad>93</ns3:cad>
          </ns3:TrackPointExtension>
        </extensions>
      </trkpt>
      <trkpt lat="34.2165620438754558563232421875" lon="108.89446240849792957305908203125">
        <ele>413.399993896484375</ele>
        <time>2026-04-06T09:30:59.000Z</time>
        <extensions>
          <ns3:TrackPointExtension>
            <ns3:hr>142</ns3:hr>
            <ns3:cad>93</ns3:cad>
          </ns3:TrackPointExtension>
        </extensions>
      </trkpt>
      <trkpt lat="34.21654720790684223175048828125" lon="108.89445788227021694183349609375">
        <ele>413.20001220703125</ele>
        <time>2026-04-06T09:31:00.000Z</time>
        <extensions>
          <ns3:TrackPointExtension>
            <ns3:hr>142</ns3:hr>
            <ns3:cad>93</ns3:cad>
          </ns3:TrackPointExtension>
        </extensions>
      </trkpt>
      <trkpt lat="34.21653396449983119964599609375" lon="108.8944819383323192596435546875">
        <ele>413.20001220703125</ele>
        <time>2026-04-06T09:31:01.000Z</time>
        <extensions>
          <ns3:TrackPointExtension>
            <ns3:hr>142</ns3:hr>
            <ns3:cad>93</ns3:cad>
          </ns3:TrackPointExtension>
        </extensions>
      </trkpt>
      <trkpt lat="34.21652005054056644439697265625" lon="108.89450029470026493072509765625">
        <ele>413.20001220703125</ele>
        <time>2026-04-06T09:31:02.000Z</time>
        <extensions>
          <ns3:TrackPointExtension>
            <ns3:hr>142</ns3:hr>
            <ns3:cad>93</ns3:cad>
          </ns3:TrackPointExtension>
        </extensions>
      </trkpt>
      <trkpt lat="34.216514267027378082275390625" lon="108.89452971518039703369140625">
        <ele>413.20001220703125</ele>
        <time>2026-04-06T09:31:03.000Z</time>
        <extensions>
          <ns3:TrackPointExtension>
            <ns3:hr>141</ns3:hr>
            <ns3:cad>93</ns3:cad>
          </ns3:TrackPointExtension>
        </extensions>
      </trkpt>
      <trkpt lat="34.21650127507746219635009765625" lon="108.89455527998507022857666015625">
        <ele>413.20001220703125</ele>
        <time>2026-04-06T09:31:04.000Z</time>
        <extensions>
          <ns3:TrackPointExtension>
            <ns3:hr>141</ns3:hr>
            <ns3:cad>93</ns3:cad>
          </ns3:TrackPointExtension>
        </extensions>
      </trkpt>
      <trkpt lat="34.2164872772991657257080078125" lon="108.89457439072430133819580078125">
        <ele>413.399993896484375</ele>
        <time>2026-04-06T09:31:05.000Z</time>
        <extensions>
          <ns3:TrackPointExtension>
            <ns3:hr>141</ns3:hr>
            <ns3:cad>93</ns3:cad>
          </ns3:TrackPointExtension>
        </extensions>
      </trkpt>
      <trkpt lat="34.216474033892154693603515625" lon="108.8946001231670379638671875">
        <ele>413.399993896484375</ele>
        <time>2026-04-06T09:31:06.000Z</time>
        <extensions>
          <ns3:TrackPointExtension>
            <ns3:hr>141</ns3:hr>
            <ns3:cad>89</ns3:cad>
          </ns3:TrackPointExtension>
        </extensions>
      </trkpt>
      <trkpt lat="34.216463305056095123291015625" lon="108.89462468214333057403564453125">
        <ele>413.399993896484375</ele>
        <time>2026-04-06T09:31:07.000Z</time>
        <extensions>
          <ns3:TrackPointExtension>
            <ns3:hr>142</ns3:hr>
            <ns3:cad>89</ns3:cad>
          </ns3:TrackPointExtension>
        </extensions>
      </trkpt>
      <trkpt lat="34.2164482176303863525390625" lon="108.894648738205432891845703125">
        <ele>413.399993896484375</ele>
        <time>2026-04-06T09:31:08.000Z</time>
        <extensions>
          <ns3:TrackPointExtension>
            <ns3:hr>141</ns3:hr>
            <ns3:cad>92</ns3:cad>
          </ns3:TrackPointExtension>
        </extensions>
      </trkpt>
      <trkpt lat="34.2164348065853118896484375" lon="108.89465904794633388519287109375">
        <ele>413.399993896484375</ele>
        <time>2026-04-06T09:31:09.000Z</time>
        <extensions>
          <ns3:TrackPointExtension>
            <ns3:hr>141</ns3:hr>
            <ns3:cad>94</ns3:cad>
          </ns3:TrackPointExtension>
        </extensions>
      </trkpt>
      <trkpt lat="34.21641946770250797271728515625" lon="108.89468536712229251861572265625">
        <ele>413.399993896484375</ele>
        <time>2026-04-06T09:31:10.000Z</time>
        <extensions>
          <ns3:TrackPointExtension>
            <ns3:hr>140</ns3:hr>
            <ns3:cad>94</ns3:cad>
          </ns3:TrackPointExtension>
        </extensions>
      </trkpt>
      <trkpt lat="34.2164108343422412872314453125" lon="108.89470984227955341339111328125">
        <ele>413.399993896484375</ele>
        <time>2026-04-06T09:31:11.000Z</time>
        <extensions>
          <ns3:TrackPointExtension>
            <ns3:hr>140</ns3:hr>
            <ns3:cad>94</ns3:cad>
          </ns3:TrackPointExtension>
        </extensions>
      </trkpt>
      <trkpt lat="34.21639666892588138580322265625" lon="108.894733898341655731201171875">
        <ele>413.399993896484375</ele>
        <time>2026-04-06T09:31:12.000Z</time>
        <extensions>
          <ns3:TrackPointExtension>
            <ns3:hr>140</ns3:hr>
            <ns3:cad>94</ns3:cad>
          </ns3:TrackPointExtension>
        </extensions>
      </trkpt>
      <trkpt lat="34.21638786792755126953125" lon="108.894756026566028594970703125">
        <ele>413.399993896484375</ele>
        <time>2026-04-06T09:31:13.000Z</time>
        <extensions>
          <ns3:TrackPointExtension>
            <ns3:hr>141</ns3:hr>
            <ns3:cad>94</ns3:cad>
          </ns3:TrackPointExtension>
        </extensions>
      </trkpt>
      <trkpt lat="34.21638376079499721527099609375" lon="108.89477706514298915863037109375">
        <ele>413.399993896484375</ele>
        <time>2026-04-06T09:31:14.000Z</time>
        <extensions>
          <ns3:TrackPointExtension>
            <ns3:hr>141</ns3:hr>
            <ns3:cad>94</ns3:cad>
          </ns3:TrackPointExtension>
        </extensions>
      </trkpt>
      <trkpt lat="34.2163752950727939605712890625" lon="108.89479818753898143768310546875">
        <ele>413.399993896484375</ele>
        <time>2026-04-06T09:31:15.000Z</time>
        <extensions>
          <ns3:TrackPointExtension>
            <ns3:hr>141</ns3:hr>
            <ns3:cad>93</ns3:cad>
          </ns3:TrackPointExtension>
        </extensions>
      </trkpt>
      <trkpt lat="34.21636641025543212890625" lon="108.89481805264949798583984375">
        <ele>413.399993896484375</ele>
        <time>2026-04-06T09:31:16.000Z</time>
        <extensions>
          <ns3:TrackPointExtension>
            <ns3:hr>141</ns3:hr>
            <ns3:cad>93</ns3:cad>
          </ns3:TrackPointExtension>
        </extensions>
      </trkpt>
      <trkpt lat="34.21635710634291172027587890625" lon="108.8948363251984119415283203125">
        <ele>413.399993896484375</ele>
        <time>2026-04-06T09:31:17.000Z</time>
        <extensions>
          <ns3:TrackPointExtension>
            <ns3:hr>141</ns3:hr>
            <ns3:cad>93</ns3:cad>
          </ns3:TrackPointExtension>
        </extensions>
      </trkpt>
      <trkpt lat="34.216346628963947296142578125" lon="108.89485602267086505889892578125">
        <ele>413.399993896484375</ele>
        <time>2026-04-06T09:31:18.000Z</time>
        <extensions>
          <ns3:TrackPointExtension>
            <ns3:hr>141</ns3:hr>
            <ns3:cad>94</ns3:cad>
          </ns3:TrackPointExtension>
        </extensions>
      </trkpt>
      <trkpt lat="34.21633967198431491851806640625" lon="108.894880749285221099853515625">
        <ele>413.399993896484375</ele>
        <time>2026-04-06T09:31:19.000Z</time>
        <extensions>
          <ns3:TrackPointExtension>
            <ns3:hr>141</ns3:hr>
            <ns3:cad>94</ns3:cad>
          </ns3:TrackPointExtension>
        </extensions>
      </trkpt>
      <trkpt lat="34.2163236625492572784423828125" lon="108.89491033740341663360595703125">
        <ele>413.399993896484375</ele>
        <time>2026-04-06T09:31:20.000Z</time>
        <extensions>
          <ns3:TrackPointExtension>
            <ns3:hr>140</ns3:hr>
            <ns3:cad>94</ns3:cad>
          </ns3:TrackPointExtension>
        </extensions>
      </trkpt>
      <trkpt lat="34.216313771903514862060546875" lon="108.8949382491409778594970703125">
        <ele>413.600006103515625</ele>
        <time>2026-04-06T09:31:21.000Z</time>
        <extensions>
          <ns3:TrackPointExtension>
            <ns3:hr>140</ns3:hr>
            <ns3:cad>93</ns3:cad>
          </ns3:TrackPointExtension>
        </extensions>
      </trkpt>
      <trkpt lat="34.21630203723907470703125" lon="108.8949675858020782470703125">
        <ele>413.600006103515625</ele>
        <time>2026-04-06T09:31:22.000Z</time>
        <extensions>
          <ns3:TrackPointExtension>
            <ns3:hr>139</ns3:hr>
            <ns3:cad>93</ns3:cad>
          </ns3:TrackPointExtension>
        </extensions>
      </trkpt>
      <trkpt lat="34.21628938056528568267822265625" lon="108.894997425377368927001953125">
        <ele>413.600006103515625</ele>
        <time>2026-04-06T09:31:23.000Z</time>
        <extensions>
          <ns3:TrackPointExtension>
            <ns3:hr>139</ns3:hr>
            <ns3:cad>93</ns3:cad>
          </ns3:TrackPointExtension>
        </extensions>
      </trkpt>
      <trkpt lat="34.2162723653018474578857421875" lon="108.8950438611209392547607421875">
        <ele>413.600006103515625</ele>
        <time>2026-04-06T09:31:24.000Z</time>
        <extensions>
          <ns3:TrackPointExtension>
            <ns3:hr>139</ns3:hr>
            <ns3:cad>93</ns3:cad>
          </ns3:TrackPointExtension>
        </extensions>
      </trkpt>
      <trkpt lat="34.21625535003840923309326171875" lon="108.89507881365716457366943359375">
        <ele>413.600006103515625</ele>
        <time>2026-04-06T09:31:25.000Z</time>
        <extensions>
          <ns3:TrackPointExtension>
            <ns3:hr>138</ns3:hr>
            <ns3:cad>94</ns3:cad>
          </ns3:TrackPointExtension>
        </extensions>
      </trkpt>
      <trkpt lat="34.21624504029750823974609375" lon="108.8951263390481472015380859375">
        <ele>413.600006103515625</ele>
        <time>2026-04-06T09:31:26.000Z</time>
        <extensions>
          <ns3:TrackPointExtension>
            <ns3:hr>138</ns3:hr>
            <ns3:cad>94</ns3:cad>
          </ns3:TrackPointExtension>
        </extensions>
      </trkpt>
      <trkpt lat="34.21623137779533863067626953125" lon="108.8951538316905498504638671875">
        <ele>413.600006103515625</ele>
        <time>2026-04-06T09:31:27.000Z</time>
        <extensions>
          <ns3:TrackPointExtension>
            <ns3:hr>138</ns3:hr>
            <ns3:cad>92</ns3:cad>
          </ns3:TrackPointExtension>
        </extensions>
      </trkpt>
      <trkpt lat="34.21621193177998065948486328125" lon="108.89519230462610721588134765625">
        <ele>413.600006103515625</ele>
        <time>2026-04-06T09:31:28.000Z</time>
        <extensions>
          <ns3:TrackPointExtension>
            <ns3:hr>138</ns3:hr>
            <ns3:cad>92</ns3:cad>
          </ns3:TrackPointExtension>
        </extensions>
      </trkpt>
      <trkpt lat="34.21619315631687641143798828125" lon="108.8952208869159221649169921875">
        <ele>413.600006103515625</ele>
        <time>2026-04-06T09:31:29.000Z</time>
        <extensions>
          <ns3:TrackPointExtension>
            <ns3:hr>138</ns3:hr>
            <ns3:cad>92</ns3:cad>
          </ns3:TrackPointExtension>
        </extensions>
      </trkpt>
      <trkpt lat="34.21617203392088413238525390625" lon="108.8952450267970561981201171875">
        <ele>413.600006103515625</ele>
        <time>2026-04-06T09:31:30.000Z</time>
        <extensions>
          <ns3:TrackPointExtension>
            <ns3:hr>138</ns3:hr>
            <ns3:cad>94</ns3:cad>
          </ns3:TrackPointExtension>
        </extensions>
      </trkpt>
      <trkpt lat="34.21614973805844783782958984375" lon="108.8952718488872051239013671875">
        <ele>413.600006103515625</ele>
        <time>2026-04-06T09:31:31.000Z</time>
        <extensions>
          <ns3:TrackPointExtension>
            <ns3:hr>138</ns3:hr>
            <ns3:cad>94</ns3:cad>
          </ns3:TrackPointExtension>
        </extensions>
      </trkpt>
      <trkpt lat="34.21613230369985103607177734375" lon="108.89529104344546794891357421875">
        <ele>413.600006103515625</ele>
        <time>2026-04-06T09:31:32.000Z</time>
        <extensions>
          <ns3:TrackPointExtension>
            <ns3:hr>139</ns3:hr>
            <ns3:cad>94</ns3:cad>
          </ns3:TrackPointExtension>
        </extensions>
      </trkpt>
      <trkpt lat="34.216111935675144195556640625" lon="108.8953157700598239898681640625">
        <ele>413.600006103515625</ele>
        <time>2026-04-06T09:31:33.000Z</time>
        <extensions>
          <ns3:TrackPointExtension>
            <ns3:hr>139</ns3:hr>
            <ns3:cad>94</ns3:cad>
          </ns3:TrackPointExtension>
        </extensions>
      </trkpt>
      <trkpt lat="34.21609357930719852447509765625" lon="108.895339071750640869140625">
        <ele>413.600006103515625</ele>
        <time>2026-04-06T09:31:34.000Z</time>
        <extensions>
          <ns3:TrackPointExtension>
            <ns3:hr>139</ns3:hr>
            <ns3:cad>94</ns3:cad>
          </ns3:TrackPointExtension>
        </extensions>
      </trkpt>
      <trkpt lat="34.21607597731053829193115234375" lon="108.8953613676130771636962890625">
        <ele>413.600006103515625</ele>
        <time>2026-04-06T09:31:35.000Z</time>
        <extensions>
          <ns3:TrackPointExtension>
            <ns3:hr>138</ns3:hr>
            <ns3:cad>95</ns3:cad>
          </ns3:TrackPointExtension>
        </extensions>
      </trkpt>
      <trkpt lat="34.21606105752289295196533203125" lon="108.8953794725239276885986328125">
        <ele>413.600006103515625</ele>
        <time>2026-04-06T09:31:36.000Z</time>
        <extensions>
          <ns3:TrackPointExtension>
            <ns3:hr>138</ns3:hr>
            <ns3:cad>95</ns3:cad>
          </ns3:TrackPointExtension>
        </extensions>
      </trkpt>
      <trkpt lat="34.2160480655729770660400390625" lon="108.89540000818669795989990234375">
        <ele>413.600006103515625</ele>
        <time>2026-04-06T09:31:37.000Z</time>
        <extensions>
          <ns3:TrackPointExtension>
            <ns3:hr>138</ns3:hr>
            <ns3:cad>95</ns3:cad>
          </ns3:TrackPointExtension>
        </extensions>
      </trkpt>
      <trkpt lat="34.21603423543274402618408203125" lon="108.895423226058483123779296875">
        <ele>413.600006103515625</ele>
        <time>2026-04-06T09:31:38.000Z</time>
        <extensions>
          <ns3:TrackPointExtension>
            <ns3:hr>137</ns3:hr>
            <ns3:cad>95</ns3:cad>
          </ns3:TrackPointExtension>
        </extensions>
      </trkpt>
      <trkpt lat="34.21602308750152587890625" lon="108.89544426463544368743896484375">
        <ele>413.600006103515625</ele>
        <time>2026-04-06T09:31:39.000Z</time>
        <extensions>
          <ns3:TrackPointExtension>
            <ns3:hr>137</ns3:hr>
            <ns3:cad>95</ns3:cad>
          </ns3:TrackPointExtension>
        </extensions>
      </trkpt>
      <trkpt lat="34.21600607223808765411376953125" lon="108.8954716734588146209716796875">
        <ele>413.399993896484375</ele>
        <time>2026-04-06T09:31:40.000Z</time>
        <extensions>
          <ns3:TrackPointExtension>
            <ns3:hr>137</ns3:hr>
            <ns3:cad>95</ns3:cad>
          </ns3:TrackPointExtension>
        </extensions>
      </trkpt>
      <trkpt lat="34.2159937508404254913330078125" lon="108.8954968191683292388916015625">
        <ele>413.399993896484375</ele>
        <time>2026-04-06T09:31:41.000Z</time>
        <extensions>
          <ns3:TrackPointExtension>
            <ns3:hr>137</ns3:hr>
            <ns3:cad>95</ns3:cad>
          </ns3:TrackPointExtension>
        </extensions>
      </trkpt>
      <trkpt lat="34.215979836881160736083984375" lon="108.89552942477166652679443359375">
        <ele>413.399993896484375</ele>
        <time>2026-04-06T09:31:42.000Z</time>
        <extensions>
          <ns3:TrackPointExtension>
            <ns3:hr>137</ns3:hr>
            <ns3:cad>95</ns3:cad>
          </ns3:TrackPointExtension>
        </extensions>
      </trkpt>
      <trkpt lat="34.2159669287502765655517578125" lon="108.89555842615664005279541015625">
        <ele>413.399993896484375</ele>
        <time>2026-04-06T09:31:43.000Z</time>
        <extensions>
          <ns3:TrackPointExtension>
            <ns3:hr>137</ns3:hr>
            <ns3:cad>95</ns3:cad>
          </ns3:TrackPointExtension>
        </extensions>
      </trkpt>
      <trkpt lat="34.2159588821232318878173828125" lon="108.89558725990355014801025390625">
        <ele>413.399993896484375</ele>
        <time>2026-04-06T09:31:44.000Z</time>
        <extensions>
          <ns3:TrackPointExtension>
            <ns3:hr>136</ns3:hr>
            <ns3:cad>94</ns3:cad>
          </ns3:TrackPointExtension>
        </extensions>
      </trkpt>
      <trkpt lat="34.215944297611713409423828125" lon="108.89562229625880718231201171875">
        <ele>413.399993896484375</ele>
        <time>2026-04-06T09:31:45.000Z</time>
        <extensions>
          <ns3:TrackPointExtension>
            <ns3:hr>136</ns3:hr>
            <ns3:cad>94</ns3:cad>
          </ns3:TrackPointExtension>
        </extensions>
      </trkpt>
      <trkpt lat="34.21593658626079559326171875" lon="108.8956450112164020538330078125">
        <ele>413.600006103515625</ele>
        <time>2026-04-06T09:31:46.000Z</time>
        <extensions>
          <ns3:TrackPointExtension>
            <ns3:hr>136</ns3:hr>
            <ns3:cad>94</ns3:cad>
          </ns3:TrackPointExtension>
        </extensions>
      </trkpt>
      <trkpt lat="34.21592493541538715362548828125" lon="108.89567610807716846466064453125">
        <ele>413.600006103515625</ele>
        <time>2026-04-06T09:31:47.000Z</time>
        <extensions>
          <ns3:TrackPointExtension>
            <ns3:hr>136</ns3:hr>
            <ns3:cad>94</ns3:cad>
          </ns3:TrackPointExtension>
        </extensions>
      </trkpt>
      <trkpt lat="34.21591487713158130645751953125" lon="108.89569756574928760528564453125">
        <ele>413.399993896484375</ele>
        <time>2026-04-06T09:31:48.000Z</time>
        <extensions>
          <ns3:TrackPointExtension>
            <ns3:hr>136</ns3:hr>
            <ns3:cad>94</ns3:cad>
          </ns3:TrackPointExtension>
        </extensions>
      </trkpt>
      <trkpt lat="34.21590498648583889007568359375" lon="108.89572556130588054656982421875">
        <ele>413.399993896484375</ele>
        <time>2026-04-06T09:31:49.000Z</time>
        <extensions>
          <ns3:TrackPointExtension>
            <ns3:hr>136</ns3:hr>
            <ns3:cad>94</ns3:cad>
          </ns3:TrackPointExtension>
        </extensions>
      </trkpt>
      <trkpt lat="34.2158978618681430816650390625" lon="108.89574467204511165618896484375">
        <ele>413.399993896484375</ele>
        <time>2026-04-06T09:31:50.000Z</time>
        <extensions>
          <ns3:TrackPointExtension>
            <ns3:hr>136</ns3:hr>
            <ns3:cad>94</ns3:cad>
          </ns3:TrackPointExtension>
        </extensions>
      </trkpt>
      <trkpt lat="34.215887300670146942138671875" lon="108.89576311223208904266357421875">
        <ele>413.399993896484375</ele>
        <time>2026-04-06T09:31:51.000Z</time>
        <extensions>
          <ns3:TrackPointExtension>
            <ns3:hr>135</ns3:hr>
            <ns3:cad>94</ns3:cad>
          </ns3:TrackPointExtension>
        </extensions>
      </trkpt>
      <trkpt lat="34.21587833203375339508056640625" lon="108.89578289352357387542724609375">
        <ele>413.399993896484375</ele>
        <time>2026-04-06T09:31:52.000Z</time>
        <extensions>
          <ns3:TrackPointExtension>
            <ns3:hr>135</ns3:hr>
            <ns3:cad>94</ns3:cad>
          </ns3:TrackPointExtension>
        </extensions>
      </trkpt>
      <trkpt lat="34.2158707045018672943115234375" lon="108.89579831622540950775146484375">
        <ele>413.399993896484375</ele>
        <time>2026-04-06T09:31:53.000Z</time>
        <extensions>
          <ns3:TrackPointExtension>
            <ns3:hr>135</ns3:hr>
            <ns3:cad>94</ns3:cad>
          </ns3:TrackPointExtension>
        </extensions>
      </trkpt>
      <trkpt lat="34.2158636637032032012939453125" lon="108.89581709168851375579833984375">
        <ele>413.399993896484375</ele>
        <time>2026-04-06T09:31:54.000Z</time>
        <extensions>
          <ns3:TrackPointExtension>
            <ns3:hr>135</ns3:hr>
            <ns3:cad>94</ns3:cad>
          </ns3:TrackPointExtension>
        </extensions>
      </trkpt>
      <trkpt lat="34.21585855074226856231689453125" lon="108.89583452604711055755615234375">
        <ele>413.399993896484375</ele>
        <time>2026-04-06T09:31:55.000Z</time>
        <extensions>
          <ns3:TrackPointExtension>
            <ns3:hr>134</ns3:hr>
            <ns3:cad>94</ns3:cad>
          </ns3:TrackPointExtension>
        </extensions>
      </trkpt>
      <trkpt lat="34.21585402451455593109130859375" lon="108.89585346914827823638916015625">
        <ele>413.600006103515625</ele>
        <time>2026-04-06T09:31:56.000Z</time>
        <extensions>
          <ns3:TrackPointExtension>
            <ns3:hr>135</ns3:hr>
            <ns3:cad>94</ns3:cad>
          </ns3:TrackPointExtension>
        </extensions>
      </trkpt>
      <trkpt lat="34.2158562876284122467041015625" lon="108.895865790545940399169921875">
        <ele>413.600006103515625</ele>
        <time>2026-04-06T09:31:57.000Z</time>
        <extensions>
          <ns3:TrackPointExtension>
            <ns3:hr>135</ns3:hr>
            <ns3:cad>94</ns3:cad>
          </ns3:TrackPointExtension>
        </extensions>
      </trkpt>
      <trkpt lat="34.21585368923842906951904296875" lon="108.8958797045052051544189453125">
        <ele>413.600006103515625</ele>
        <time>2026-04-06T09:31:58.000Z</time>
        <extensions>
          <ns3:TrackPointExtension>
            <ns3:hr>135</ns3:hr>
            <ns3:cad>94</ns3:cad>
          </ns3:TrackPointExtension>
        </extensions>
      </trkpt>
      <trkpt lat="34.21585754491388797760009765625" lon="108.895873166620731353759765625">
        <ele>413.600006103515625</ele>
        <time>2026-04-06T09:31:59.000Z</time>
        <extensions>
          <ns3:TrackPointExtension>
            <ns3:hr>135</ns3:hr>
            <ns3:cad>94</ns3:cad>
          </ns3:TrackPointExtension>
        </extensions>
      </trkpt>
      <trkpt lat="34.21586659736931324005126953125" lon="108.895853720605373382568359375">
        <ele>413.399993896484375</ele>
        <time>2026-04-06T09:32:00.000Z</time>
        <extensions>
          <ns3:TrackPointExtension>
            <ns3:hr>134</ns3:hr>
            <ns3:cad>94</ns3:cad>
          </ns3:TrackPointExtension>
        </extensions>
      </trkpt>
      <trkpt lat="34.21587347052991390228271484375" lon="108.89583301730453968048095703125">
        <ele>413.399993896484375</ele>
        <time>2026-04-06T09:32:01.000Z</time>
        <extensions>
          <ns3:TrackPointExtension>
            <ns3:hr>135</ns3:hr>
            <ns3:cad>94</ns3:cad>
          </ns3:TrackPointExtension>
        </extensions>
      </trkpt>
      <trkpt lat="34.2158844508230686187744140625" lon="108.89581675641238689422607421875">
        <ele>413.20001220703125</ele>
        <time>2026-04-06T09:32:02.000Z</time>
        <extensions>
          <ns3:TrackPointExtension>
            <ns3:hr>134</ns3:hr>
            <ns3:cad>94</ns3:cad>
          </ns3:TrackPointExtension>
        </extensions>
      </trkpt>
      <trkpt lat="34.2159010469913482666015625" lon="108.8958042673766613006591796875">
        <ele>413.20001220703125</ele>
        <time>2026-04-06T09:32:03.000Z</time>
        <extensions>
          <ns3:TrackPointExtension>
            <ns3:hr>134</ns3:hr>
            <ns3:cad>94</ns3:cad>
          </ns3:TrackPointExtension>
        </extensions>
      </trkpt>
      <trkpt lat="34.21591521240770816802978515625" lon="108.8957921974360942840576171875">
        <ele>413.399993896484375</ele>
        <time>2026-04-06T09:32:04.000Z</time>
        <extensions>
          <ns3:TrackPointExtension>
            <ns3:hr>134</ns3:hr>
            <ns3:cad>93</ns3:cad>
          </ns3:TrackPointExtension>
        </extensions>
      </trkpt>
      <trkpt lat="34.215926192700862884521484375" lon="108.89577870257198810577392578125">
        <ele>413.399993896484375</ele>
        <time>2026-04-06T09:32:05.000Z</time>
        <extensions>
          <ns3:TrackPointExtension>
            <ns3:hr>135</ns3:hr>
            <ns3:cad>92</ns3:cad>
          </ns3:TrackPointExtension>
        </extensions>
      </trkpt>
      <trkpt lat="34.21593750827014446258544921875" lon="108.89576227404177188873291015625">
        <ele>413.399993896484375</ele>
        <time>2026-04-06T09:32:06.000Z</time>
        <extensions>
          <ns3:TrackPointExtension>
            <ns3:hr>135</ns3:hr>
            <ns3:cad>91</ns3:cad>
          </ns3:TrackPointExtension>
        </extensions>
      </trkpt>
      <trkpt lat="34.2159511707723140716552734375" lon="108.8957442529499530792236328125">
        <ele>413.600006103515625</ele>
        <time>2026-04-06T09:32:07.000Z</time>
        <extensions>
          <ns3:TrackPointExtension>
            <ns3:hr>135</ns3:hr>
            <ns3:cad>91</ns3:cad>
          </ns3:TrackPointExtension>
        </extensions>
      </trkpt>
      <trkpt lat="34.21596148051321506500244140625" lon="108.8957375474274158477783203125">
        <ele>413.600006103515625</ele>
        <time>2026-04-06T09:32:08.000Z</time>
        <extensions>
          <ns3:TrackPointExtension>
            <ns3:hr>135</ns3:hr>
            <ns3:cad>91</ns3:cad>
          </ns3:TrackPointExtension>
        </extensions>
      </trkpt>
      <trkpt lat="34.215969778597354888916015625" lon="108.895728327333927154541015625">
        <ele>413.600006103515625</ele>
        <time>2026-04-06T09:32:09.000Z</time>
        <extensions>
          <ns3:TrackPointExtension>
            <ns3:hr>134</ns3:hr>
            <ns3:cad>91</ns3:cad>
          </ns3:TrackPointExtension>
        </extensions>
      </trkpt>
    </trkseg>
  </trk>
</gpx>
