<gpx xmlns:ns3="http://www.garmin.com/xmlschemas/TrackPointExtension/v1" xmlns="http://www.topografix.com/GPX/1/1" xmlns:xsi="http://www.w3.org/2001/XMLSchema-instance" xmlns:ns2="http://www.garmin.com/xmlschemas/GpxExtensions/v3" creator="Garmin Connect" version="1.1" xsi:schemaLocation="http://www.topografix.com/GPX/1/1 http://www.topografix.com/GPX/11.xsd">
  <extensions>
<distance>2132.59</distance>
<average_hr>165.0</average_hr>
<average_speed>4.066999912261963</average_speed>
<start_time>2026-04-07T12:54:00+00:00</start_time>
<end_time>2026-04-07T13:02:44.417000+00:00</end_time>
<moving_time>522.0</moving_time>
<elapsed_time>524.417</elapsed_time>
</extensions>
<metadata>
    <link href="connect.garmin.com">
      <text>Garmin Connect</text>
    </link>
    <time>2026-04-07T12:54:00.000Z</time>
  </metadata>
  <trk>
    <name>西安市 跑步</name>
    <type>running</type>
    <trkseg>
      <trkpt lat="34.2346897535026073455810546875" lon="108.93725303001701831817626953125">
        <ele>410.79998779296875</ele>
        <time>2026-04-07T12:54:00.000Z</time>
        <extensions>
          <ns3:TrackPointExtension>
            <ns3:hr>106</ns3:hr>
            <ns3:cad>0</ns3:cad>
          </ns3:TrackPointExtension>
        </extensions>
      </trkpt>
      <trkpt lat="34.23467324115335941314697265625" lon="108.93722419627010822296142578125">
        <ele>410.79998779296875</ele>
        <time>2026-04-07T12:54:01.000Z</time>
        <extensions>
          <ns3:TrackPointExtension>
            <ns3:hr>107</ns3:hr>
            <ns3:cad>0</ns3:cad>
          </ns3:TrackPointExtension>
        </extensions>
      </trkpt>
      <trkpt lat="34.23465530388057231903076171875" lon="108.93719117157161235809326171875">
        <ele>410.79998779296875</ele>
        <time>2026-04-07T12:54:02.000Z</time>
        <extensions>
          <ns3:TrackPointExtension>
            <ns3:hr>106</ns3:hr>
            <ns3:cad>0</ns3:cad>
          </ns3:TrackPointExtension>
        </extensions>
      </trkpt>
      <trkpt lat="34.23462814651429653167724609375" lon="108.9371632598340511322021484375">
        <ele>410.79998779296875</ele>
        <time>2026-04-07T12:54:03.000Z</time>
        <extensions>
          <ns3:TrackPointExtension>
            <ns3:hr>106</ns3:hr>
            <ns3:cad>0</ns3:cad>
          </ns3:TrackPointExtension>
        </extensions>
      </trkpt>
      <trkpt lat="34.23459269106388092041015625" lon="108.937137611210346221923828125">
        <ele>410.79998779296875</ele>
        <time>2026-04-07T12:54:04.000Z</time>
        <extensions>
          <ns3:TrackPointExtension>
            <ns3:hr>107</ns3:hr>
            <ns3:cad>0</ns3:cad>
          </ns3:TrackPointExtension>
        </extensions>
      </trkpt>
      <trkpt lat="34.234562180936336517333984375" lon="108.93711104057729244232177734375">
        <ele>410.600006103515625</ele>
        <time>2026-04-07T12:54:05.000Z</time>
        <extensions>
          <ns3:TrackPointExtension>
            <ns3:hr>107</ns3:hr>
            <ns3:cad>100</ns3:cad>
          </ns3:TrackPointExtension>
        </extensions>
      </trkpt>
      <trkpt lat="34.23453100025653839111328125" lon="108.9370851404964923858642578125">
        <ele>410.79998779296875</ele>
        <time>2026-04-07T12:54:06.000Z</time>
        <extensions>
          <ns3:TrackPointExtension>
            <ns3:hr>108</ns3:hr>
            <ns3:cad>100</ns3:cad>
          </ns3:TrackPointExtension>
        </extensions>
      </trkpt>
      <trkpt lat="34.2344929464161396026611328125" lon="108.93706326372921466827392578125">
        <ele>410.79998779296875</ele>
        <time>2026-04-07T12:54:07.000Z</time>
        <extensions>
          <ns3:TrackPointExtension>
            <ns3:hr>108</ns3:hr>
            <ns3:cad>100</ns3:cad>
          </ns3:TrackPointExtension>
        </extensions>
      </trkpt>
      <trkpt lat="34.23445765860378742218017578125" lon="108.93704649992287158966064453125">
        <ele>410.79998779296875</ele>
        <time>2026-04-07T12:54:08.000Z</time>
        <extensions>
          <ns3:TrackPointExtension>
            <ns3:hr>109</ns3:hr>
            <ns3:cad>100</ns3:cad>
          </ns3:TrackPointExtension>
        </extensions>
      </trkpt>
      <trkpt lat="34.23441968858242034912109375" lon="108.93703526817262172698974609375">
        <ele>411</ele>
        <time>2026-04-07T12:54:09.000Z</time>
        <extensions>
          <ns3:TrackPointExtension>
            <ns3:hr>109</ns3:hr>
            <ns3:cad>98</ns3:cad>
          </ns3:TrackPointExtension>
        </extensions>
      </trkpt>
      <trkpt lat="34.23437015153467655181884765625" lon="108.93704482354223728179931640625">
        <ele>411</ele>
        <time>2026-04-07T12:54:10.000Z</time>
        <extensions>
          <ns3:TrackPointExtension>
            <ns3:hr>110</ns3:hr>
            <ns3:cad>99</ns3:cad>
          </ns3:TrackPointExtension>
        </extensions>
      </trkpt>
      <trkpt lat="34.23433251678943634033203125" lon="108.9370378665626049041748046875">
        <ele>411</ele>
        <time>2026-04-07T12:54:11.000Z</time>
        <extensions>
          <ns3:TrackPointExtension>
            <ns3:hr>113</ns3:hr>
            <ns3:cad>99</ns3:cad>
          </ns3:TrackPointExtension>
        </extensions>
      </trkpt>
      <trkpt lat="34.23429504968225955963134765625" lon="108.93703828565776348114013671875">
        <ele>411</ele>
        <time>2026-04-07T12:54:12.000Z</time>
        <extensions>
          <ns3:TrackPointExtension>
            <ns3:hr>114</ns3:hr>
            <ns3:cad>99</ns3:cad>
          </ns3:TrackPointExtension>
        </extensions>
      </trkpt>
      <trkpt lat="34.23424928449094295501708984375" lon="108.9370509423315525054931640625">
        <ele>411</ele>
        <time>2026-04-07T12:54:13.000Z</time>
        <extensions>
          <ns3:TrackPointExtension>
            <ns3:hr>115</ns3:hr>
            <ns3:cad>99</ns3:cad>
          </ns3:TrackPointExtension>
        </extensions>
      </trkpt>
      <trkpt lat="34.23421693034470081329345703125" lon="108.9370442368090152740478515625">
        <ele>411.20001220703125</ele>
        <time>2026-04-07T12:54:14.000Z</time>
        <extensions>
          <ns3:TrackPointExtension>
            <ns3:hr>116</ns3:hr>
            <ns3:cad>99</ns3:cad>
          </ns3:TrackPointExtension>
        </extensions>
      </trkpt>
      <trkpt lat="34.23418021760880947113037109375" lon="108.9370455779135227203369140625">
        <ele>411.20001220703125</ele>
        <time>2026-04-07T12:54:15.000Z</time>
        <extensions>
          <ns3:TrackPointExtension>
            <ns3:hr>117</ns3:hr>
            <ns3:cad>99</ns3:cad>
          </ns3:TrackPointExtension>
        </extensions>
      </trkpt>
      <trkpt lat="34.2341368831694126129150390625" lon="108.93705706112086772918701171875">
        <ele>411.20001220703125</ele>
        <time>2026-04-07T12:54:16.000Z</time>
        <extensions>
          <ns3:TrackPointExtension>
            <ns3:hr>118</ns3:hr>
            <ns3:cad>99</ns3:cad>
          </ns3:TrackPointExtension>
        </extensions>
      </trkpt>
      <trkpt lat="34.2341026850044727325439453125" lon="108.93705203197896480560302734375">
        <ele>411.399993896484375</ele>
        <time>2026-04-07T12:54:17.000Z</time>
        <extensions>
          <ns3:TrackPointExtension>
            <ns3:hr>119</ns3:hr>
            <ns3:cad>101</ns3:cad>
          </ns3:TrackPointExtension>
        </extensions>
      </trkpt>
      <trkpt lat="34.2340671457350254058837890625" lon="108.937053121626377105712890625">
        <ele>411.399993896484375</ele>
        <time>2026-04-07T12:54:18.000Z</time>
        <extensions>
          <ns3:TrackPointExtension>
            <ns3:hr>120</ns3:hr>
            <ns3:cad>101</ns3:cad>
          </ns3:TrackPointExtension>
        </extensions>
      </trkpt>
      <trkpt lat="34.23402112908661365509033203125" lon="108.93705739639699459075927734375">
        <ele>411.399993896484375</ele>
        <time>2026-04-07T12:54:19.000Z</time>
        <extensions>
          <ns3:TrackPointExtension>
            <ns3:hr>120</ns3:hr>
            <ns3:cad>99</ns3:cad>
          </ns3:TrackPointExtension>
        </extensions>
      </trkpt>
      <trkpt lat="34.23398810438811779022216796875" lon="108.93705219961702823638916015625">
        <ele>411.399993896484375</ele>
        <time>2026-04-07T12:54:20.000Z</time>
        <extensions>
          <ns3:TrackPointExtension>
            <ns3:hr>120</ns3:hr>
            <ns3:cad>99</ns3:cad>
          </ns3:TrackPointExtension>
        </extensions>
      </trkpt>
      <trkpt lat="34.23395575024187564849853515625" lon="108.93705538474023342132568359375">
        <ele>411.399993896484375</ele>
        <time>2026-04-07T12:54:21.000Z</time>
        <extensions>
          <ns3:TrackPointExtension>
            <ns3:hr>121</ns3:hr>
            <ns3:cad>99</ns3:cad>
          </ns3:TrackPointExtension>
        </extensions>
      </trkpt>
      <trkpt lat="34.2339176125824451446533203125" lon="108.9370568096637725830078125">
        <ele>411.399993896484375</ele>
        <time>2026-04-07T12:54:22.000Z</time>
        <extensions>
          <ns3:TrackPointExtension>
            <ns3:hr>121</ns3:hr>
            <ns3:cad>100</ns3:cad>
          </ns3:TrackPointExtension>
        </extensions>
      </trkpt>
      <trkpt lat="34.2338837496936321258544921875" lon="108.93705907277762889862060546875">
        <ele>411.399993896484375</ele>
        <time>2026-04-07T12:54:23.000Z</time>
        <extensions>
          <ns3:TrackPointExtension>
            <ns3:hr>122</ns3:hr>
            <ns3:cad>101</ns3:cad>
          </ns3:TrackPointExtension>
        </extensions>
      </trkpt>
      <trkpt lat="34.2338530719280242919921875" lon="108.937059156596660614013671875">
        <ele>411.399993896484375</ele>
        <time>2026-04-07T12:54:24.000Z</time>
        <extensions>
          <ns3:TrackPointExtension>
            <ns3:hr>124</ns3:hr>
            <ns3:cad>101</ns3:cad>
          </ns3:TrackPointExtension>
        </extensions>
      </trkpt>
      <trkpt lat="34.23381309024989604949951171875" lon="108.93705748021602630615234375">
        <ele>411.399993896484375</ele>
        <time>2026-04-07T12:54:25.000Z</time>
        <extensions>
          <ns3:TrackPointExtension>
            <ns3:hr>126</ns3:hr>
            <ns3:cad>101</ns3:cad>
          </ns3:TrackPointExtension>
        </extensions>
      </trkpt>
      <trkpt lat="34.23377235420048236846923828125" lon="108.93706292845308780670166015625">
        <ele>411.399993896484375</ele>
        <time>2026-04-07T12:54:26.000Z</time>
        <extensions>
          <ns3:TrackPointExtension>
            <ns3:hr>128</ns3:hr>
            <ns3:cad>101</ns3:cad>
          </ns3:TrackPointExtension>
        </extensions>
      </trkpt>
      <trkpt lat="34.23373614437878131866455078125" lon="108.9370583184063434600830078125">
        <ele>411.399993896484375</ele>
        <time>2026-04-07T12:54:27.000Z</time>
        <extensions>
          <ns3:TrackPointExtension>
            <ns3:hr>130</ns3:hr>
            <ns3:cad>101</ns3:cad>
          </ns3:TrackPointExtension>
        </extensions>
      </trkpt>
      <trkpt lat="34.233700521290302276611328125" lon="108.93706259317696094512939453125">
        <ele>411.399993896484375</ele>
        <time>2026-04-07T12:54:28.000Z</time>
        <extensions>
          <ns3:TrackPointExtension>
            <ns3:hr>132</ns3:hr>
            <ns3:cad>101</ns3:cad>
          </ns3:TrackPointExtension>
        </extensions>
      </trkpt>
      <trkpt lat="34.2336587794125080108642578125" lon="108.93707198090851306915283203125">
        <ele>411.399993896484375</ele>
        <time>2026-04-07T12:54:29.000Z</time>
        <extensions>
          <ns3:TrackPointExtension>
            <ns3:hr>134</ns3:hr>
            <ns3:cad>101</ns3:cad>
          </ns3:TrackPointExtension>
        </extensions>
      </trkpt>
      <trkpt lat="34.2336252517998218536376953125" lon="108.93706762231886386871337890625">
        <ele>411.399993896484375</ele>
        <time>2026-04-07T12:54:30.000Z</time>
        <extensions>
          <ns3:TrackPointExtension>
            <ns3:hr>136</ns3:hr>
            <ns3:cad>101</ns3:cad>
          </ns3:TrackPointExtension>
        </extensions>
      </trkpt>
      <trkpt lat="34.2335910536348819732666015625" lon="108.93707516603171825408935546875">
        <ele>411.399993896484375</ele>
        <time>2026-04-07T12:54:31.000Z</time>
        <extensions>
          <ns3:TrackPointExtension>
            <ns3:hr>139</ns3:hr>
            <ns3:cad>101</ns3:cad>
          </ns3:TrackPointExtension>
        </extensions>
      </trkpt>
      <trkpt lat="34.23354738391935825347900390625" lon="108.93709234893321990966796875">
        <ele>411.399993896484375</ele>
        <time>2026-04-07T12:54:32.000Z</time>
        <extensions>
          <ns3:TrackPointExtension>
            <ns3:hr>142</ns3:hr>
            <ns3:cad>101</ns3:cad>
          </ns3:TrackPointExtension>
        </extensions>
      </trkpt>
      <trkpt lat="34.23351117409765720367431640625" lon="108.9371032454073429107666015625">
        <ele>411.399993896484375</ele>
        <time>2026-04-07T12:54:33.000Z</time>
        <extensions>
          <ns3:TrackPointExtension>
            <ns3:hr>144</ns3:hr>
            <ns3:cad>101</ns3:cad>
          </ns3:TrackPointExtension>
        </extensions>
      </trkpt>
      <trkpt lat="34.2334797419607639312744140625" lon="108.93711254931986331939697265625">
        <ele>411.399993896484375</ele>
        <time>2026-04-07T12:54:34.000Z</time>
        <extensions>
          <ns3:TrackPointExtension>
            <ns3:hr>145</ns3:hr>
            <ns3:cad>101</ns3:cad>
          </ns3:TrackPointExtension>
        </extensions>
      </trkpt>
      <trkpt lat="34.23344277776777744293212890625" lon="108.9371371082961559295654296875">
        <ele>411.399993896484375</ele>
        <time>2026-04-07T12:54:35.000Z</time>
        <extensions>
          <ns3:TrackPointExtension>
            <ns3:hr>147</ns3:hr>
            <ns3:cad>101</ns3:cad>
          </ns3:TrackPointExtension>
        </extensions>
      </trkpt>
      <trkpt lat="34.2334120161831378936767578125" lon="108.937163092195987701416015625">
        <ele>411.399993896484375</ele>
        <time>2026-04-07T12:54:36.000Z</time>
        <extensions>
          <ns3:TrackPointExtension>
            <ns3:hr>148</ns3:hr>
            <ns3:cad>101</ns3:cad>
          </ns3:TrackPointExtension>
        </extensions>
      </trkpt>
      <trkpt lat="34.2333863675594329833984375" lon="108.9371857233345508575439453125">
        <ele>411.399993896484375</ele>
        <time>2026-04-07T12:54:37.000Z</time>
        <extensions>
          <ns3:TrackPointExtension>
            <ns3:hr>148</ns3:hr>
            <ns3:cad>101</ns3:cad>
          </ns3:TrackPointExtension>
        </extensions>
      </trkpt>
      <trkpt lat="34.23336247913539409637451171875" lon="108.93722218461334705352783203125">
        <ele>411.600006103515625</ele>
        <time>2026-04-07T12:54:38.000Z</time>
        <extensions>
          <ns3:TrackPointExtension>
            <ns3:hr>149</ns3:hr>
            <ns3:cad>101</ns3:cad>
          </ns3:TrackPointExtension>
        </extensions>
      </trkpt>
      <trkpt lat="34.23334202729165554046630859375" lon="108.9372645132243633270263671875">
        <ele>411.399993896484375</ele>
        <time>2026-04-07T12:54:39.000Z</time>
        <extensions>
          <ns3:TrackPointExtension>
            <ns3:hr>151</ns3:hr>
            <ns3:cad>101</ns3:cad>
          </ns3:TrackPointExtension>
        </extensions>
      </trkpt>
      <trkpt lat="34.23332258127629756927490234375" lon="108.9372946880757808685302734375">
        <ele>411.399993896484375</ele>
        <time>2026-04-07T12:54:40.000Z</time>
        <extensions>
          <ns3:TrackPointExtension>
            <ns3:hr>152</ns3:hr>
            <ns3:cad>95</ns3:cad>
          </ns3:TrackPointExtension>
        </extensions>
      </trkpt>
      <trkpt lat="34.2333050630986690521240234375" lon="108.93732913769781589508056640625">
        <ele>411.399993896484375</ele>
        <time>2026-04-07T12:54:41.000Z</time>
        <extensions>
          <ns3:TrackPointExtension>
            <ns3:hr>153</ns3:hr>
            <ns3:cad>95</ns3:cad>
          </ns3:TrackPointExtension>
        </extensions>
      </trkpt>
      <trkpt lat="34.2333007045090198516845703125" lon="108.93737121485173702239990234375">
        <ele>411.399993896484375</ele>
        <time>2026-04-07T12:54:42.000Z</time>
        <extensions>
          <ns3:TrackPointExtension>
            <ns3:hr>154</ns3:hr>
            <ns3:cad>95</ns3:cad>
          </ns3:TrackPointExtension>
        </extensions>
      </trkpt>
      <trkpt lat="34.233293831348419189453125" lon="108.937415890395641326904296875">
        <ele>411.399993896484375</ele>
        <time>2026-04-07T12:54:43.000Z</time>
        <extensions>
          <ns3:TrackPointExtension>
            <ns3:hr>155</ns3:hr>
            <ns3:cad>95</ns3:cad>
          </ns3:TrackPointExtension>
        </extensions>
      </trkpt>
      <trkpt lat="34.23328871838748455047607421875" lon="108.9374539442360401153564453125">
        <ele>411.399993896484375</ele>
        <time>2026-04-07T12:54:44.000Z</time>
        <extensions>
          <ns3:TrackPointExtension>
            <ns3:hr>156</ns3:hr>
            <ns3:cad>95</ns3:cad>
          </ns3:TrackPointExtension>
        </extensions>
      </trkpt>
      <trkpt lat="34.23328922130167484283447265625" lon="108.93749677576124668121337890625">
        <ele>411.399993896484375</ele>
        <time>2026-04-07T12:54:45.000Z</time>
        <extensions>
          <ns3:TrackPointExtension>
            <ns3:hr>157</ns3:hr>
            <ns3:cad>95</ns3:cad>
          </ns3:TrackPointExtension>
        </extensions>
      </trkpt>
      <trkpt lat="34.23329777084290981292724609375" lon="108.93754421733319759368896484375">
        <ele>411.399993896484375</ele>
        <time>2026-04-07T12:54:46.000Z</time>
        <extensions>
          <ns3:TrackPointExtension>
            <ns3:hr>158</ns3:hr>
            <ns3:cad>95</ns3:cad>
          </ns3:TrackPointExtension>
        </extensions>
      </trkpt>
      <trkpt lat="34.2333018779754638671875" lon="108.937585540115833282470703125">
        <ele>411.399993896484375</ele>
        <time>2026-04-07T12:54:47.000Z</time>
        <extensions>
          <ns3:TrackPointExtension>
            <ns3:hr>157</ns3:hr>
            <ns3:cad>95</ns3:cad>
          </ns3:TrackPointExtension>
        </extensions>
      </trkpt>
      <trkpt lat="34.2333090864121913909912109375" lon="108.9376212470233440399169921875">
        <ele>411.399993896484375</ele>
        <time>2026-04-07T12:54:48.000Z</time>
        <extensions>
          <ns3:TrackPointExtension>
            <ns3:hr>156</ns3:hr>
            <ns3:cad>102</ns3:cad>
          </ns3:TrackPointExtension>
        </extensions>
      </trkpt>
      <trkpt lat="34.2333275265991687774658203125" lon="108.93766223452985286712646484375">
        <ele>411.399993896484375</ele>
        <time>2026-04-07T12:54:49.000Z</time>
        <extensions>
          <ns3:TrackPointExtension>
            <ns3:hr>155</ns3:hr>
            <ns3:cad>102</ns3:cad>
          </ns3:TrackPointExtension>
        </extensions>
      </trkpt>
      <trkpt lat="34.2333422787487506866455078125" lon="108.9377000369131565093994140625">
        <ele>411.399993896484375</ele>
        <time>2026-04-07T12:54:50.000Z</time>
        <extensions>
          <ns3:TrackPointExtension>
            <ns3:hr>154</ns3:hr>
            <ns3:cad>102</ns3:cad>
          </ns3:TrackPointExtension>
        </extensions>
      </trkpt>
      <trkpt lat="34.23335493542253971099853515625" lon="108.9377318881452083587646484375">
        <ele>411.399993896484375</ele>
        <time>2026-04-07T12:54:51.000Z</time>
        <extensions>
          <ns3:TrackPointExtension>
            <ns3:hr>154</ns3:hr>
            <ns3:cad>95</ns3:cad>
          </ns3:TrackPointExtension>
        </extensions>
      </trkpt>
      <trkpt lat="34.23337656073272228240966796875" lon="108.93776918761432170867919921875">
        <ele>411.399993896484375</ele>
        <time>2026-04-07T12:54:52.000Z</time>
        <extensions>
          <ns3:TrackPointExtension>
            <ns3:hr>153</ns3:hr>
            <ns3:cad>95</ns3:cad>
          </ns3:TrackPointExtension>
        </extensions>
      </trkpt>
      <trkpt lat="34.23339986242353916168212890625" lon="108.93779936246573925018310546875">
        <ele>411.600006103515625</ele>
        <time>2026-04-07T12:54:53.000Z</time>
        <extensions>
          <ns3:TrackPointExtension>
            <ns3:hr>154</ns3:hr>
            <ns3:cad>95</ns3:cad>
          </ns3:TrackPointExtension>
        </extensions>
      </trkpt>
      <trkpt lat="34.233419895172119140625" lon="108.93782953731715679168701171875">
        <ele>411.399993896484375</ele>
        <time>2026-04-07T12:54:54.000Z</time>
        <extensions>
          <ns3:TrackPointExtension>
            <ns3:hr>154</ns3:hr>
            <ns3:cad>102</ns3:cad>
          </ns3:TrackPointExtension>
        </extensions>
      </trkpt>
      <trkpt lat="34.23344914801418781280517578125" lon="108.93785753287374973297119140625">
        <ele>411.399993896484375</ele>
        <time>2026-04-07T12:54:55.000Z</time>
        <extensions>
          <ns3:TrackPointExtension>
            <ns3:hr>154</ns3:hr>
            <ns3:cad>102</ns3:cad>
          </ns3:TrackPointExtension>
        </extensions>
      </trkpt>
      <trkpt lat="34.2334877885878086090087890625" lon="108.937889635562896728515625">
        <ele>411.399993896484375</ele>
        <time>2026-04-07T12:54:56.000Z</time>
        <extensions>
          <ns3:TrackPointExtension>
            <ns3:hr>154</ns3:hr>
            <ns3:cad>102</ns3:cad>
          </ns3:TrackPointExtension>
        </extensions>
      </trkpt>
      <trkpt lat="34.23351670615375041961669921875" lon="108.937910757958889007568359375">
        <ele>411.600006103515625</ele>
        <time>2026-04-07T12:54:57.000Z</time>
        <extensions>
          <ns3:TrackPointExtension>
            <ns3:hr>155</ns3:hr>
            <ns3:cad>102</ns3:cad>
          </ns3:TrackPointExtension>
        </extensions>
      </trkpt>
      <trkpt lat="34.23354118131101131439208984375" lon="108.93792559392750263214111328125">
        <ele>411.600006103515625</ele>
        <time>2026-04-07T12:54:58.000Z</time>
        <extensions>
          <ns3:TrackPointExtension>
            <ns3:hr>155</ns3:hr>
            <ns3:cad>101</ns3:cad>
          </ns3:TrackPointExtension>
        </extensions>
      </trkpt>
      <trkpt lat="34.23358107917010784149169921875" lon="108.9379384182393550872802734375">
        <ele>411.600006103515625</ele>
        <time>2026-04-07T12:54:59.000Z</time>
        <extensions>
          <ns3:TrackPointExtension>
            <ns3:hr>156</ns3:hr>
            <ns3:cad>101</ns3:cad>
          </ns3:TrackPointExtension>
        </extensions>
      </trkpt>
      <trkpt lat="34.23361594788730144500732421875" lon="108.93794185481965541839599609375">
        <ele>411.600006103515625</ele>
        <time>2026-04-07T12:55:00.000Z</time>
        <extensions>
          <ns3:TrackPointExtension>
            <ns3:hr>156</ns3:hr>
            <ns3:cad>101</ns3:cad>
          </ns3:TrackPointExtension>
        </extensions>
      </trkpt>
      <trkpt lat="34.2336426861584186553955078125" lon="108.937946297228336334228515625">
        <ele>411.600006103515625</ele>
        <time>2026-04-07T12:55:01.000Z</time>
        <extensions>
          <ns3:TrackPointExtension>
            <ns3:hr>156</ns3:hr>
            <ns3:cad>101</ns3:cad>
          </ns3:TrackPointExtension>
        </extensions>
      </trkpt>
      <trkpt lat="34.23368048854172229766845703125" lon="108.937936909496784210205078125">
        <ele>411.600006103515625</ele>
        <time>2026-04-07T12:55:02.000Z</time>
        <extensions>
          <ns3:TrackPointExtension>
            <ns3:hr>156</ns3:hr>
            <ns3:cad>101</ns3:cad>
          </ns3:TrackPointExtension>
        </extensions>
      </trkpt>
      <trkpt lat="34.233716614544391632080078125" lon="108.93793188035488128662109375">
        <ele>411.600006103515625</ele>
        <time>2026-04-07T12:55:03.000Z</time>
        <extensions>
          <ns3:TrackPointExtension>
            <ns3:hr>157</ns3:hr>
            <ns3:cad>101</ns3:cad>
          </ns3:TrackPointExtension>
        </extensions>
      </trkpt>
      <trkpt lat="34.23374888487160205841064453125" lon="108.9379330538213253021240234375">
        <ele>411.600006103515625</ele>
        <time>2026-04-07T12:55:04.000Z</time>
        <extensions>
          <ns3:TrackPointExtension>
            <ns3:hr>156</ns3:hr>
            <ns3:cad>101</ns3:cad>
          </ns3:TrackPointExtension>
        </extensions>
      </trkpt>
      <trkpt lat="34.23377855680882930755615234375" lon="108.9379258453845977783203125">
        <ele>411.600006103515625</ele>
        <time>2026-04-07T12:55:05.000Z</time>
        <extensions>
          <ns3:TrackPointExtension>
            <ns3:hr>157</ns3:hr>
            <ns3:cad>100</ns3:cad>
          </ns3:TrackPointExtension>
        </extensions>
      </trkpt>
      <trkpt lat="34.2338182032108306884765625" lon="108.93792240880429744720458984375">
        <ele>411.600006103515625</ele>
        <time>2026-04-07T12:55:06.000Z</time>
        <extensions>
          <ns3:TrackPointExtension>
            <ns3:hr>157</ns3:hr>
            <ns3:cad>100</ns3:cad>
          </ns3:TrackPointExtension>
        </extensions>
      </trkpt>
      <trkpt lat="34.23385349102318286895751953125" lon="108.93792827613651752471923828125">
        <ele>411.600006103515625</ele>
        <time>2026-04-07T12:55:07.000Z</time>
        <extensions>
          <ns3:TrackPointExtension>
            <ns3:hr>157</ns3:hr>
            <ns3:cad>101</ns3:cad>
          </ns3:TrackPointExtension>
        </extensions>
      </trkpt>
      <trkpt lat="34.2338864319026470184326171875" lon="108.93793783150613307952880859375">
        <ele>411.600006103515625</ele>
        <time>2026-04-07T12:55:08.000Z</time>
        <extensions>
          <ns3:TrackPointExtension>
            <ns3:hr>157</ns3:hr>
            <ns3:cad>101</ns3:cad>
          </ns3:TrackPointExtension>
        </extensions>
      </trkpt>
      <trkpt lat="34.2339273355901241302490234375" lon="108.9379297010600566864013671875">
        <ele>411.399993896484375</ele>
        <time>2026-04-07T12:55:09.000Z</time>
        <extensions>
          <ns3:TrackPointExtension>
            <ns3:hr>158</ns3:hr>
            <ns3:cad>101</ns3:cad>
          </ns3:TrackPointExtension>
        </extensions>
      </trkpt>
      <trkpt lat="34.233960025012493133544921875" lon="108.937926180660724639892578125">
        <ele>411.399993896484375</ele>
        <time>2026-04-07T12:55:10.000Z</time>
        <extensions>
          <ns3:TrackPointExtension>
            <ns3:hr>158</ns3:hr>
            <ns3:cad>101</ns3:cad>
          </ns3:TrackPointExtension>
        </extensions>
      </trkpt>
      <trkpt lat="34.2339898645877838134765625" lon="108.93793053925037384033203125">
        <ele>411.399993896484375</ele>
        <time>2026-04-07T12:55:11.000Z</time>
        <extensions>
          <ns3:TrackPointExtension>
            <ns3:hr>158</ns3:hr>
            <ns3:cad>101</ns3:cad>
          </ns3:TrackPointExtension>
        </extensions>
      </trkpt>
      <trkpt lat="34.23402666114270687103271484375" lon="108.9379246719181537628173828125">
        <ele>411.399993896484375</ele>
        <time>2026-04-07T12:55:12.000Z</time>
        <extensions>
          <ns3:TrackPointExtension>
            <ns3:hr>158</ns3:hr>
            <ns3:cad>102</ns3:cad>
          </ns3:TrackPointExtension>
        </extensions>
      </trkpt>
      <trkpt lat="34.23406085930764675140380859375" lon="108.937920816242694854736328125">
        <ele>411.399993896484375</ele>
        <time>2026-04-07T12:55:13.000Z</time>
        <extensions>
          <ns3:TrackPointExtension>
            <ns3:hr>158</ns3:hr>
            <ns3:cad>102</ns3:cad>
          </ns3:TrackPointExtension>
        </extensions>
      </trkpt>
      <trkpt lat="34.23409514129161834716796875" lon="108.93792693503201007843017578125">
        <ele>411.399993896484375</ele>
        <time>2026-04-07T12:55:14.000Z</time>
        <extensions>
          <ns3:TrackPointExtension>
            <ns3:hr>158</ns3:hr>
            <ns3:cad>102</ns3:cad>
          </ns3:TrackPointExtension>
        </extensions>
      </trkpt>
      <trkpt lat="34.2341244779527187347412109375" lon="108.9379293657839298248291015625">
        <ele>411.399993896484375</ele>
        <time>2026-04-07T12:55:15.000Z</time>
        <extensions>
          <ns3:TrackPointExtension>
            <ns3:hr>159</ns3:hr>
            <ns3:cad>102</ns3:cad>
          </ns3:TrackPointExtension>
        </extensions>
      </trkpt>
      <trkpt lat="34.23416328616440296173095703125" lon="108.93793095834553241729736328125">
        <ele>411.399993896484375</ele>
        <time>2026-04-07T12:55:16.000Z</time>
        <extensions>
          <ns3:TrackPointExtension>
            <ns3:hr>159</ns3:hr>
            <ns3:cad>102</ns3:cad>
          </ns3:TrackPointExtension>
        </extensions>
      </trkpt>
      <trkpt lat="34.2341990768909454345703125" lon="108.93793095834553241729736328125">
        <ele>411.600006103515625</ele>
        <time>2026-04-07T12:55:17.000Z</time>
        <extensions>
          <ns3:TrackPointExtension>
            <ns3:hr>159</ns3:hr>
            <ns3:cad>102</ns3:cad>
          </ns3:TrackPointExtension>
        </extensions>
      </trkpt>
      <trkpt lat="34.2342258989810943603515625" lon="108.93793565221130847930908203125">
        <ele>411.600006103515625</ele>
        <time>2026-04-07T12:55:18.000Z</time>
        <extensions>
          <ns3:TrackPointExtension>
            <ns3:hr>160</ns3:hr>
            <ns3:cad>102</ns3:cad>
          </ns3:TrackPointExtension>
        </extensions>
      </trkpt>
      <trkpt lat="34.23425883986055850982666015625" lon="108.93792760558426380157470703125">
        <ele>411.600006103515625</ele>
        <time>2026-04-07T12:55:19.000Z</time>
        <extensions>
          <ns3:TrackPointExtension>
            <ns3:hr>161</ns3:hr>
            <ns3:cad>102</ns3:cad>
          </ns3:TrackPointExtension>
        </extensions>
      </trkpt>
      <trkpt lat="34.234298653900623321533203125" lon="108.93792324699461460113525390625">
        <ele>411.600006103515625</ele>
        <time>2026-04-07T12:55:20.000Z</time>
        <extensions>
          <ns3:TrackPointExtension>
            <ns3:hr>161</ns3:hr>
            <ns3:cad>102</ns3:cad>
          </ns3:TrackPointExtension>
        </extensions>
      </trkpt>
      <trkpt lat="34.2343326844274997711181640625" lon="108.937927521765232086181640625">
        <ele>411.600006103515625</ele>
        <time>2026-04-07T12:55:21.000Z</time>
        <extensions>
          <ns3:TrackPointExtension>
            <ns3:hr>161</ns3:hr>
            <ns3:cad>102</ns3:cad>
          </ns3:TrackPointExtension>
        </extensions>
      </trkpt>
      <trkpt lat="34.23435707576572895050048828125" lon="108.93792525865137577056884765625">
        <ele>411.600006103515625</ele>
        <time>2026-04-07T12:55:22.000Z</time>
        <extensions>
          <ns3:TrackPointExtension>
            <ns3:hr>161</ns3:hr>
            <ns3:cad>102</ns3:cad>
          </ns3:TrackPointExtension>
        </extensions>
      </trkpt>
      <trkpt lat="34.23439546488225460052490234375" lon="108.93791955895721912384033203125">
        <ele>411.600006103515625</ele>
        <time>2026-04-07T12:55:23.000Z</time>
        <extensions>
          <ns3:TrackPointExtension>
            <ns3:hr>161</ns3:hr>
            <ns3:cad>102</ns3:cad>
          </ns3:TrackPointExtension>
        </extensions>
      </trkpt>
      <trkpt lat="34.234429411590099334716796875" lon="108.9379233308136463165283203125">
        <ele>411.600006103515625</ele>
        <time>2026-04-07T12:55:24.000Z</time>
        <extensions>
          <ns3:TrackPointExtension>
            <ns3:hr>161</ns3:hr>
            <ns3:cad>102</ns3:cad>
          </ns3:TrackPointExtension>
        </extensions>
      </trkpt>
      <trkpt lat="34.234458915889263153076171875" lon="108.9379285275936126708984375">
        <ele>411.600006103515625</ele>
        <time>2026-04-07T12:55:25.000Z</time>
        <extensions>
          <ns3:TrackPointExtension>
            <ns3:hr>161</ns3:hr>
            <ns3:cad>102</ns3:cad>
          </ns3:TrackPointExtension>
        </extensions>
      </trkpt>
      <trkpt lat="34.23449403606355190277099609375" lon="108.9379151165485382080078125">
        <ele>411.600006103515625</ele>
        <time>2026-04-07T12:55:26.000Z</time>
        <extensions>
          <ns3:TrackPointExtension>
            <ns3:hr>161</ns3:hr>
            <ns3:cad>102</ns3:cad>
          </ns3:TrackPointExtension>
        </extensions>
      </trkpt>
      <trkpt lat="34.23453100025653839111328125" lon="108.9378931559622287750244140625">
        <ele>411.600006103515625</ele>
        <time>2026-04-07T12:55:27.000Z</time>
        <extensions>
          <ns3:TrackPointExtension>
            <ns3:hr>161</ns3:hr>
            <ns3:cad>102</ns3:cad>
          </ns3:TrackPointExtension>
        </extensions>
      </trkpt>
      <trkpt lat="34.23456360585987567901611328125" lon="108.93787932582199573516845703125">
        <ele>411.600006103515625</ele>
        <time>2026-04-07T12:55:28.000Z</time>
        <extensions>
          <ns3:TrackPointExtension>
            <ns3:hr>161</ns3:hr>
            <ns3:cad>103</ns3:cad>
          </ns3:TrackPointExtension>
        </extensions>
      </trkpt>
      <trkpt lat="34.23459134995937347412109375" lon="108.9378686808049678802490234375">
        <ele>411.600006103515625</ele>
        <time>2026-04-07T12:55:29.000Z</time>
        <extensions>
          <ns3:TrackPointExtension>
            <ns3:hr>161</ns3:hr>
            <ns3:cad>103</ns3:cad>
          </ns3:TrackPointExtension>
        </extensions>
      </trkpt>
      <trkpt lat="34.234624207019805908203125" lon="108.93783934414386749267578125">
        <ele>411.600006103515625</ele>
        <time>2026-04-07T12:55:30.000Z</time>
        <extensions>
          <ns3:TrackPointExtension>
            <ns3:hr>162</ns3:hr>
            <ns3:cad>103</ns3:cad>
          </ns3:TrackPointExtension>
        </extensions>
      </trkpt>
      <trkpt lat="34.2346525378525257110595703125" lon="108.937801457941532135009765625">
        <ele>411.600006103515625</ele>
        <time>2026-04-07T12:55:31.000Z</time>
        <extensions>
          <ns3:TrackPointExtension>
            <ns3:hr>161</ns3:hr>
            <ns3:cad>103</ns3:cad>
          </ns3:TrackPointExtension>
        </extensions>
      </trkpt>
      <trkpt lat="34.2346830479800701141357421875" lon="108.937776647508144378662109375">
        <ele>411.399993896484375</ele>
        <time>2026-04-07T12:55:32.000Z</time>
        <extensions>
          <ns3:TrackPointExtension>
            <ns3:hr>161</ns3:hr>
            <ns3:cad>103</ns3:cad>
          </ns3:TrackPointExtension>
        </extensions>
      </trkpt>
      <trkpt lat="34.23470266163349151611328125" lon="108.93774840049445629119873046875">
        <ele>411.600006103515625</ele>
        <time>2026-04-07T12:55:33.000Z</time>
        <extensions>
          <ns3:TrackPointExtension>
            <ns3:hr>161</ns3:hr>
            <ns3:cad>103</ns3:cad>
          </ns3:TrackPointExtension>
        </extensions>
      </trkpt>
      <trkpt lat="34.234721772372722625732421875" lon="108.93769978545606136322021484375">
        <ele>411.600006103515625</ele>
        <time>2026-04-07T12:55:34.000Z</time>
        <extensions>
          <ns3:TrackPointExtension>
            <ns3:hr>161</ns3:hr>
            <ns3:cad>103</ns3:cad>
          </ns3:TrackPointExtension>
        </extensions>
      </trkpt>
      <trkpt lat="34.23473979346454143524169921875" lon="108.9376534335315227508544921875">
        <ele>411.600006103515625</ele>
        <time>2026-04-07T12:55:35.000Z</time>
        <extensions>
          <ns3:TrackPointExtension>
            <ns3:hr>161</ns3:hr>
            <ns3:cad>103</ns3:cad>
          </ns3:TrackPointExtension>
        </extensions>
      </trkpt>
      <trkpt lat="34.234756641089916229248046875" lon="108.9376185648143291473388671875">
        <ele>411.600006103515625</ele>
        <time>2026-04-07T12:55:36.000Z</time>
        <extensions>
          <ns3:TrackPointExtension>
            <ns3:hr>162</ns3:hr>
            <ns3:cad>103</ns3:cad>
          </ns3:TrackPointExtension>
        </extensions>
      </trkpt>
      <trkpt lat="34.23476443625986576080322265625" lon="108.93757975660264492034912109375">
        <ele>411.600006103515625</ele>
        <time>2026-04-07T12:55:37.000Z</time>
        <extensions>
          <ns3:TrackPointExtension>
            <ns3:hr>162</ns3:hr>
            <ns3:cad>103</ns3:cad>
          </ns3:TrackPointExtension>
        </extensions>
      </trkpt>
      <trkpt lat="34.23477214761078357696533203125" lon="108.93752778880298137664794921875">
        <ele>411.600006103515625</ele>
        <time>2026-04-07T12:55:38.000Z</time>
        <extensions>
          <ns3:TrackPointExtension>
            <ns3:hr>162</ns3:hr>
            <ns3:cad>103</ns3:cad>
          </ns3:TrackPointExtension>
        </extensions>
      </trkpt>
      <trkpt lat="34.23477767966687679290771484375" lon="108.93748118542134761810302734375">
        <ele>411.600006103515625</ele>
        <time>2026-04-07T12:55:39.000Z</time>
        <extensions>
          <ns3:TrackPointExtension>
            <ns3:hr>162</ns3:hr>
            <ns3:cad>104</ns3:cad>
          </ns3:TrackPointExtension>
        </extensions>
      </trkpt>
      <trkpt lat="34.23478002659976482391357421875" lon="108.9374482445418834686279296875">
        <ele>411.600006103515625</ele>
        <time>2026-04-07T12:55:40.000Z</time>
        <extensions>
          <ns3:TrackPointExtension>
            <ns3:hr>162</ns3:hr>
            <ns3:cad>104</ns3:cad>
          </ns3:TrackPointExtension>
        </extensions>
      </trkpt>
      <trkpt lat="34.2347779311239719390869140625" lon="108.93740340135991573333740234375">
        <ele>411.600006103515625</ele>
        <time>2026-04-07T12:55:41.000Z</time>
        <extensions>
          <ns3:TrackPointExtension>
            <ns3:hr>163</ns3:hr>
            <ns3:cad>103</ns3:cad>
          </ns3:TrackPointExtension>
        </extensions>
      </trkpt>
      <trkpt lat="34.234770052134990692138671875" lon="108.9373553730547428131103515625">
        <ele>411.600006103515625</ele>
        <time>2026-04-07T12:55:42.000Z</time>
        <extensions>
          <ns3:TrackPointExtension>
            <ns3:hr>163</ns3:hr>
            <ns3:cad>103</ns3:cad>
          </ns3:TrackPointExtension>
        </extensions>
      </trkpt>
      <trkpt lat="34.234765358269214630126953125" lon="108.937316648662090301513671875">
        <ele>411.600006103515625</ele>
        <time>2026-04-07T12:55:43.000Z</time>
        <extensions>
          <ns3:TrackPointExtension>
            <ns3:hr>163</ns3:hr>
            <ns3:cad>103</ns3:cad>
          </ns3:TrackPointExtension>
        </extensions>
      </trkpt>
      <trkpt lat="34.23475001938641071319580078125" lon="108.93728136084973812103271484375">
        <ele>411.600006103515625</ele>
        <time>2026-04-07T12:55:44.000Z</time>
        <extensions>
          <ns3:TrackPointExtension>
            <ns3:hr>163</ns3:hr>
            <ns3:cad>103</ns3:cad>
          </ns3:TrackPointExtension>
        </extensions>
      </trkpt>
      <trkpt lat="34.23472537659108638763427734375" lon="108.93723861314356327056884765625">
        <ele>411.79998779296875</ele>
        <time>2026-04-07T12:55:45.000Z</time>
        <extensions>
          <ns3:TrackPointExtension>
            <ns3:hr>163</ns3:hr>
            <ns3:cad>102</ns3:cad>
          </ns3:TrackPointExtension>
        </extensions>
      </trkpt>
      <trkpt lat="34.2347038350999355316162109375" lon="108.93720072694122791290283203125">
        <ele>411.79998779296875</ele>
        <time>2026-04-07T12:55:46.000Z</time>
        <extensions>
          <ns3:TrackPointExtension>
            <ns3:hr>163</ns3:hr>
            <ns3:cad>102</ns3:cad>
          </ns3:TrackPointExtension>
        </extensions>
      </trkpt>
      <trkpt lat="34.234681539237499237060546875" lon="108.9371749944984912872314453125">
        <ele>411.79998779296875</ele>
        <time>2026-04-07T12:55:47.000Z</time>
        <extensions>
          <ns3:TrackPointExtension>
            <ns3:hr>164</ns3:hr>
            <ns3:cad>102</ns3:cad>
          </ns3:TrackPointExtension>
        </extensions>
      </trkpt>
      <trkpt lat="34.234648011624813079833984375" lon="108.9371441490948200225830078125">
        <ele>411.79998779296875</ele>
        <time>2026-04-07T12:55:48.000Z</time>
        <extensions>
          <ns3:TrackPointExtension>
            <ns3:hr>163</ns3:hr>
            <ns3:cad>102</ns3:cad>
          </ns3:TrackPointExtension>
        </extensions>
      </trkpt>
      <trkpt lat="34.23461305908858776092529296875" lon="108.93712545745074748992919921875">
        <ele>411.79998779296875</ele>
        <time>2026-04-07T12:55:49.000Z</time>
        <extensions>
          <ns3:TrackPointExtension>
            <ns3:hr>163</ns3:hr>
            <ns3:cad>102</ns3:cad>
          </ns3:TrackPointExtension>
        </extensions>
      </trkpt>
      <trkpt lat="34.234584309160709381103515625" lon="108.9370997250080108642578125">
        <ele>411.79998779296875</ele>
        <time>2026-04-07T12:55:50.000Z</time>
        <extensions>
          <ns3:TrackPointExtension>
            <ns3:hr>163</ns3:hr>
            <ns3:cad>102</ns3:cad>
          </ns3:TrackPointExtension>
        </extensions>
      </trkpt>
      <trkpt lat="34.2345509491860866546630859375" lon="108.93708371557295322418212890625">
        <ele>411.79998779296875</ele>
        <time>2026-04-07T12:55:51.000Z</time>
        <extensions>
          <ns3:TrackPointExtension>
            <ns3:hr>164</ns3:hr>
            <ns3:cad>102</ns3:cad>
          </ns3:TrackPointExtension>
        </extensions>
      </trkpt>
      <trkpt lat="34.23450811766088008880615234375" lon="108.937081284821033477783203125">
        <ele>411.79998779296875</ele>
        <time>2026-04-07T12:55:52.000Z</time>
        <extensions>
          <ns3:TrackPointExtension>
            <ns3:hr>164</ns3:hr>
            <ns3:cad>102</ns3:cad>
          </ns3:TrackPointExtension>
        </extensions>
      </trkpt>
      <trkpt lat="34.23447425477206707000732421875" lon="108.937073238193988800048828125">
        <ele>411.79998779296875</ele>
        <time>2026-04-07T12:55:53.000Z</time>
        <extensions>
          <ns3:TrackPointExtension>
            <ns3:hr>165</ns3:hr>
            <ns3:cad>102</ns3:cad>
          </ns3:TrackPointExtension>
        </extensions>
      </trkpt>
      <trkpt lat="34.23444458283483982086181640625" lon="108.937068544328212738037109375">
        <ele>411.79998779296875</ele>
        <time>2026-04-07T12:55:54.000Z</time>
        <extensions>
          <ns3:TrackPointExtension>
            <ns3:hr>166</ns3:hr>
            <ns3:cad>102</ns3:cad>
          </ns3:TrackPointExtension>
        </extensions>
      </trkpt>
      <trkpt lat="34.2344054393470287322998046875" lon="108.937066532671451568603515625">
        <ele>411.79998779296875</ele>
        <time>2026-04-07T12:55:55.000Z</time>
        <extensions>
          <ns3:TrackPointExtension>
            <ns3:hr>165</ns3:hr>
            <ns3:cad>102</ns3:cad>
          </ns3:TrackPointExtension>
        </extensions>
      </trkpt>
      <trkpt lat="34.23436210490763187408447265625" lon="108.93706762231886386871337890625">
        <ele>411.79998779296875</ele>
        <time>2026-04-07T12:55:56.000Z</time>
        <extensions>
          <ns3:TrackPointExtension>
            <ns3:hr>165</ns3:hr>
            <ns3:cad>102</ns3:cad>
          </ns3:TrackPointExtension>
        </extensions>
      </trkpt>
      <trkpt lat="34.2343293316662311553955078125" lon="108.93705756403505802154541015625">
        <ele>411.79998779296875</ele>
        <time>2026-04-07T12:55:57.000Z</time>
        <extensions>
          <ns3:TrackPointExtension>
            <ns3:hr>165</ns3:hr>
            <ns3:cad>102</ns3:cad>
          </ns3:TrackPointExtension>
        </extensions>
      </trkpt>
      <trkpt lat="34.23429287038743495941162109375" lon="108.93704809248447418212890625">
        <ele>411.79998779296875</ele>
        <time>2026-04-07T12:55:58.000Z</time>
        <extensions>
          <ns3:TrackPointExtension>
            <ns3:hr>165</ns3:hr>
            <ns3:cad>102</ns3:cad>
          </ns3:TrackPointExtension>
        </extensions>
      </trkpt>
      <trkpt lat="34.2342522181570529937744140625" lon="108.93704800866544246673583984375">
        <ele>411.79998779296875</ele>
        <time>2026-04-07T12:55:59.000Z</time>
        <extensions>
          <ns3:TrackPointExtension>
            <ns3:hr>165</ns3:hr>
            <ns3:cad>104</ns3:cad>
          </ns3:TrackPointExtension>
        </extensions>
      </trkpt>
      <trkpt lat="34.234212823212146759033203125" lon="108.93705052323639392852783203125">
        <ele>411.600006103515625</ele>
        <time>2026-04-07T12:56:00.000Z</time>
        <extensions>
          <ns3:TrackPointExtension>
            <ns3:hr>165</ns3:hr>
            <ns3:cad>104</ns3:cad>
          </ns3:TrackPointExtension>
        </extensions>
      </trkpt>
      <trkpt lat="34.2341818101704120635986328125" lon="108.9370469190180301666259765625">
        <ele>411.600006103515625</ele>
        <time>2026-04-07T12:56:01.000Z</time>
        <extensions>
          <ns3:TrackPointExtension>
            <ns3:hr>165</ns3:hr>
            <ns3:cad>104</ns3:cad>
          </ns3:TrackPointExtension>
        </extensions>
      </trkpt>
      <trkpt lat="34.2341482825577259063720703125" lon="108.93705488182604312896728515625">
        <ele>411.600006103515625</ele>
        <time>2026-04-07T12:56:02.000Z</time>
        <extensions>
          <ns3:TrackPointExtension>
            <ns3:hr>165</ns3:hr>
            <ns3:cad>104</ns3:cad>
          </ns3:TrackPointExtension>
        </extensions>
      </trkpt>
      <trkpt lat="34.23410846851766109466552734375" lon="108.937059156596660614013671875">
        <ele>411.79998779296875</ele>
        <time>2026-04-07T12:56:03.000Z</time>
        <extensions>
          <ns3:TrackPointExtension>
            <ns3:hr>165</ns3:hr>
            <ns3:cad>104</ns3:cad>
          </ns3:TrackPointExtension>
        </extensions>
      </trkpt>
      <trkpt lat="34.2340772040188312530517578125" lon="108.93705605529248714447021484375">
        <ele>411.79998779296875</ele>
        <time>2026-04-07T12:56:04.000Z</time>
        <extensions>
          <ns3:TrackPointExtension>
            <ns3:hr>165</ns3:hr>
            <ns3:cad>104</ns3:cad>
          </ns3:TrackPointExtension>
        </extensions>
      </trkpt>
      <trkpt lat="34.2340461909770965576171875" lon="108.93705354072153568267822265625">
        <ele>411.79998779296875</ele>
        <time>2026-04-07T12:56:05.000Z</time>
        <extensions>
          <ns3:TrackPointExtension>
            <ns3:hr>164</ns3:hr>
            <ns3:cad>104</ns3:cad>
          </ns3:TrackPointExtension>
        </extensions>
      </trkpt>
      <trkpt lat="34.2340114898979663848876953125" lon="108.93706007860600948333740234375">
        <ele>411.79998779296875</ele>
        <time>2026-04-07T12:56:06.000Z</time>
        <extensions>
          <ns3:TrackPointExtension>
            <ns3:hr>165</ns3:hr>
            <ns3:cad>104</ns3:cad>
          </ns3:TrackPointExtension>
        </extensions>
      </trkpt>
      <trkpt lat="34.23397175967693328857421875" lon="108.93706577830016613006591796875">
        <ele>411.79998779296875</ele>
        <time>2026-04-07T12:56:07.000Z</time>
        <extensions>
          <ns3:TrackPointExtension>
            <ns3:hr>165</ns3:hr>
            <ns3:cad>104</ns3:cad>
          </ns3:TrackPointExtension>
        </extensions>
      </trkpt>
      <trkpt lat="34.23394024372100830078125" lon="108.93706276081502437591552734375">
        <ele>411.79998779296875</ele>
        <time>2026-04-07T12:56:08.000Z</time>
        <extensions>
          <ns3:TrackPointExtension>
            <ns3:hr>165</ns3:hr>
            <ns3:cad>104</ns3:cad>
          </ns3:TrackPointExtension>
        </extensions>
      </trkpt>
      <trkpt lat="34.2339109070599079132080078125" lon="108.937060832977294921875">
        <ele>411.79998779296875</ele>
        <time>2026-04-07T12:56:09.000Z</time>
        <extensions>
          <ns3:TrackPointExtension>
            <ns3:hr>165</ns3:hr>
            <ns3:cad>104</ns3:cad>
          </ns3:TrackPointExtension>
        </extensions>
      </trkpt>
      <trkpt lat="34.23387276940047740936279296875" lon="108.9370650239288806915283203125">
        <ele>412</ele>
        <time>2026-04-07T12:56:10.000Z</time>
        <extensions>
          <ns3:TrackPointExtension>
            <ns3:hr>166</ns3:hr>
            <ns3:cad>104</ns3:cad>
          </ns3:TrackPointExtension>
        </extensions>
      </trkpt>
      <trkpt lat="34.23383404500782489776611328125" lon="108.93707131035625934600830078125">
        <ele>411.79998779296875</ele>
        <time>2026-04-07T12:56:11.000Z</time>
        <extensions>
          <ns3:TrackPointExtension>
            <ns3:hr>166</ns3:hr>
            <ns3:cad>104</ns3:cad>
          </ns3:TrackPointExtension>
        </extensions>
      </trkpt>
      <trkpt lat="34.2338029481470584869384765625" lon="108.9370636828243732452392578125">
        <ele>411.79998779296875</ele>
        <time>2026-04-07T12:56:12.000Z</time>
        <extensions>
          <ns3:TrackPointExtension>
            <ns3:hr>166</ns3:hr>
            <ns3:cad>104</ns3:cad>
          </ns3:TrackPointExtension>
        </extensions>
      </trkpt>
      <trkpt lat="34.23377268947660923004150390625" lon="108.9370576478540897369384765625">
        <ele>411.79998779296875</ele>
        <time>2026-04-07T12:56:13.000Z</time>
        <extensions>
          <ns3:TrackPointExtension>
            <ns3:hr>166</ns3:hr>
            <ns3:cad>104</ns3:cad>
          </ns3:TrackPointExtension>
        </extensions>
      </trkpt>
      <trkpt lat="34.23373882658779621124267578125" lon="108.93705940805375576019287109375">
        <ele>411.79998779296875</ele>
        <time>2026-04-07T12:56:14.000Z</time>
        <extensions>
          <ns3:TrackPointExtension>
            <ns3:hr>165</ns3:hr>
            <ns3:cad>104</ns3:cad>
          </ns3:TrackPointExtension>
        </extensions>
      </trkpt>
      <trkpt lat="34.23370328731834888458251953125" lon="108.93706418573856353759765625">
        <ele>411.79998779296875</ele>
        <time>2026-04-07T12:56:15.000Z</time>
        <extensions>
          <ns3:TrackPointExtension>
            <ns3:hr>166</ns3:hr>
            <ns3:cad>105</ns3:cad>
          </ns3:TrackPointExtension>
        </extensions>
      </trkpt>
      <trkpt lat="34.23367193900048732757568359375" lon="108.93706041388213634490966796875">
        <ele>411.79998779296875</ele>
        <time>2026-04-07T12:56:16.000Z</time>
        <extensions>
          <ns3:TrackPointExtension>
            <ns3:hr>166</ns3:hr>
            <ns3:cad>105</ns3:cad>
          </ns3:TrackPointExtension>
        </extensions>
      </trkpt>
      <trkpt lat="34.23364008776843547821044921875" lon="108.9370599947869777679443359375">
        <ele>411.79998779296875</ele>
        <time>2026-04-07T12:56:17.000Z</time>
        <extensions>
          <ns3:TrackPointExtension>
            <ns3:hr>166</ns3:hr>
            <ns3:cad>105</ns3:cad>
          </ns3:TrackPointExtension>
        </extensions>
      </trkpt>
      <trkpt lat="34.2335982620716094970703125" lon="108.93707080744206905364990234375">
        <ele>411.79998779296875</ele>
        <time>2026-04-07T12:56:18.000Z</time>
        <extensions>
          <ns3:TrackPointExtension>
            <ns3:hr>166</ns3:hr>
            <ns3:cad>103</ns3:cad>
          </ns3:TrackPointExtension>
        </extensions>
      </trkpt>
      <trkpt lat="34.2335635609924793243408203125" lon="108.93708053044974803924560546875">
        <ele>411.79998779296875</ele>
        <time>2026-04-07T12:56:19.000Z</time>
        <extensions>
          <ns3:TrackPointExtension>
            <ns3:hr>166</ns3:hr>
            <ns3:cad>105</ns3:cad>
          </ns3:TrackPointExtension>
        </extensions>
      </trkpt>
      <trkpt lat="34.23352919518947601318359375" lon="108.937088660895824432373046875">
        <ele>411.79998779296875</ele>
        <time>2026-04-07T12:56:20.000Z</time>
        <extensions>
          <ns3:TrackPointExtension>
            <ns3:hr>166</ns3:hr>
            <ns3:cad>105</ns3:cad>
          </ns3:TrackPointExtension>
        </extensions>
      </trkpt>
      <trkpt lat="34.233492650091648101806640625" lon="108.937106095254421234130859375">
        <ele>411.79998779296875</ele>
        <time>2026-04-07T12:56:21.000Z</time>
        <extensions>
          <ns3:TrackPointExtension>
            <ns3:hr>166</ns3:hr>
            <ns3:cad>105</ns3:cad>
          </ns3:TrackPointExtension>
        </extensions>
      </trkpt>
      <trkpt lat="34.233456440269947052001953125" lon="108.93713685683906078338623046875">
        <ele>411.79998779296875</ele>
        <time>2026-04-07T12:56:22.000Z</time>
        <extensions>
          <ns3:TrackPointExtension>
            <ns3:hr>166</ns3:hr>
            <ns3:cad>104</ns3:cad>
          </ns3:TrackPointExtension>
        </extensions>
      </trkpt>
      <trkpt lat="34.23342618159949779510498046875" lon="108.93715764395892620086669921875">
        <ele>411.79998779296875</ele>
        <time>2026-04-07T12:56:23.000Z</time>
        <extensions>
          <ns3:TrackPointExtension>
            <ns3:hr>166</ns3:hr>
            <ns3:cad>104</ns3:cad>
          </ns3:TrackPointExtension>
        </extensions>
      </trkpt>
      <trkpt lat="34.2333965934813022613525390625" lon="108.9371756650507450103759765625">
        <ele>411.79998779296875</ele>
        <time>2026-04-07T12:56:24.000Z</time>
        <extensions>
          <ns3:TrackPointExtension>
            <ns3:hr>165</ns3:hr>
            <ns3:cad>104</ns3:cad>
          </ns3:TrackPointExtension>
        </extensions>
      </trkpt>
      <trkpt lat="34.2333674244582653045654296875" lon="108.93721170723438262939453125">
        <ele>411.79998779296875</ele>
        <time>2026-04-07T12:56:25.000Z</time>
        <extensions>
          <ns3:TrackPointExtension>
            <ns3:hr>166</ns3:hr>
            <ns3:cad>105</ns3:cad>
          </ns3:TrackPointExtension>
        </extensions>
      </trkpt>
      <trkpt lat="34.23334420658648014068603515625" lon="108.937251605093479156494140625">
        <ele>411.79998779296875</ele>
        <time>2026-04-07T12:56:26.000Z</time>
        <extensions>
          <ns3:TrackPointExtension>
            <ns3:hr>166</ns3:hr>
            <ns3:cad>104</ns3:cad>
          </ns3:TrackPointExtension>
        </extensions>
      </trkpt>
      <trkpt lat="34.2333235032856464385986328125" lon="108.93728504888713359832763671875">
        <ele>411.79998779296875</ele>
        <time>2026-04-07T12:56:27.000Z</time>
        <extensions>
          <ns3:TrackPointExtension>
            <ns3:hr>166</ns3:hr>
            <ns3:cad>104</ns3:cad>
          </ns3:TrackPointExtension>
        </extensions>
      </trkpt>
      <trkpt lat="34.23330564983189105987548828125" lon="108.9373215101659297943115234375">
        <ele>411.79998779296875</ele>
        <time>2026-04-07T12:56:28.000Z</time>
        <extensions>
          <ns3:TrackPointExtension>
            <ns3:hr>166</ns3:hr>
            <ns3:cad>104</ns3:cad>
          </ns3:TrackPointExtension>
        </extensions>
      </trkpt>
      <trkpt lat="34.2332950048148632049560546875" lon="108.9373667724430561065673828125">
        <ele>411.79998779296875</ele>
        <time>2026-04-07T12:56:29.000Z</time>
        <extensions>
          <ns3:TrackPointExtension>
            <ns3:hr>166</ns3:hr>
            <ns3:cad>104</ns3:cad>
          </ns3:TrackPointExtension>
        </extensions>
      </trkpt>
      <trkpt lat="34.23328620381653308868408203125" lon="108.937414549291133880615234375">
        <ele>411.79998779296875</ele>
        <time>2026-04-07T12:56:30.000Z</time>
        <extensions>
          <ns3:TrackPointExtension>
            <ns3:hr>166</ns3:hr>
            <ns3:cad>104</ns3:cad>
          </ns3:TrackPointExtension>
        </extensions>
      </trkpt>
      <trkpt lat="34.2332785762846469879150390625" lon="108.93745285458862781524658203125">
        <ele>411.79998779296875</ele>
        <time>2026-04-07T12:56:31.000Z</time>
        <extensions>
          <ns3:TrackPointExtension>
            <ns3:hr>166</ns3:hr>
            <ns3:cad>104</ns3:cad>
          </ns3:TrackPointExtension>
        </extensions>
      </trkpt>
      <trkpt lat="34.233284108340740203857421875" lon="108.93750465475022792816162109375">
        <ele>411.79998779296875</ele>
        <time>2026-04-07T12:56:32.000Z</time>
        <extensions>
          <ns3:TrackPointExtension>
            <ns3:hr>166</ns3:hr>
            <ns3:cad>102</ns3:cad>
          </ns3:TrackPointExtension>
        </extensions>
      </trkpt>
      <trkpt lat="34.23329290933907032012939453125" lon="108.93755729310214519500732421875">
        <ele>411.79998779296875</ele>
        <time>2026-04-07T12:56:33.000Z</time>
        <extensions>
          <ns3:TrackPointExtension>
            <ns3:hr>166</ns3:hr>
            <ns3:cad>104</ns3:cad>
          </ns3:TrackPointExtension>
        </extensions>
      </trkpt>
      <trkpt lat="34.23329458571970462799072265625" lon="108.93760171718895435333251953125">
        <ele>411.79998779296875</ele>
        <time>2026-04-07T12:56:34.000Z</time>
        <extensions>
          <ns3:TrackPointExtension>
            <ns3:hr>166</ns3:hr>
            <ns3:cad>104</ns3:cad>
          </ns3:TrackPointExtension>
        </extensions>
      </trkpt>
      <trkpt lat="34.23330447636544704437255859375" lon="108.93764798529446125030517578125">
        <ele>411.79998779296875</ele>
        <time>2026-04-07T12:56:35.000Z</time>
        <extensions>
          <ns3:TrackPointExtension>
            <ns3:hr>166</ns3:hr>
            <ns3:cad>104</ns3:cad>
          </ns3:TrackPointExtension>
        </extensions>
      </trkpt>
      <trkpt lat="34.2333235032856464385986328125" lon="108.9376946724951267242431640625">
        <ele>412</ele>
        <time>2026-04-07T12:56:36.000Z</time>
        <extensions>
          <ns3:TrackPointExtension>
            <ns3:hr>166</ns3:hr>
            <ns3:cad>104</ns3:cad>
          </ns3:TrackPointExtension>
        </extensions>
      </trkpt>
      <trkpt lat="34.23334253020584583282470703125" lon="108.93773901276290416717529296875">
        <ele>412</ele>
        <time>2026-04-07T12:56:37.000Z</time>
        <extensions>
          <ns3:TrackPointExtension>
            <ns3:hr>166</ns3:hr>
            <ns3:cad>104</ns3:cad>
          </ns3:TrackPointExtension>
        </extensions>
      </trkpt>
      <trkpt lat="34.2333566956222057342529296875" lon="108.93777404911816120147705078125">
        <ele>412</ele>
        <time>2026-04-07T12:56:38.000Z</time>
        <extensions>
          <ns3:TrackPointExtension>
            <ns3:hr>166</ns3:hr>
            <ns3:cad>102</ns3:cad>
          </ns3:TrackPointExtension>
        </extensions>
      </trkpt>
      <trkpt lat="34.2333882115781307220458984375" lon="108.93781227059662342071533203125">
        <ele>412</ele>
        <time>2026-04-07T12:56:39.000Z</time>
        <extensions>
          <ns3:TrackPointExtension>
            <ns3:hr>166</ns3:hr>
            <ns3:cad>102</ns3:cad>
          </ns3:TrackPointExtension>
        </extensions>
      </trkpt>
      <trkpt lat="34.23342031426727771759033203125" lon="108.93784546293318271636962890625">
        <ele>412</ele>
        <time>2026-04-07T12:56:40.000Z</time>
        <extensions>
          <ns3:TrackPointExtension>
            <ns3:hr>166</ns3:hr>
            <ns3:cad>102</ns3:cad>
          </ns3:TrackPointExtension>
        </extensions>
      </trkpt>
      <trkpt lat="34.23344562761485576629638671875" lon="108.93787479959428310394287109375">
        <ele>412</ele>
        <time>2026-04-07T12:56:41.000Z</time>
        <extensions>
          <ns3:TrackPointExtension>
            <ns3:hr>167</ns3:hr>
            <ns3:cad>102</ns3:cad>
          </ns3:TrackPointExtension>
        </extensions>
      </trkpt>
      <trkpt lat="34.2334743775427341461181640625" lon="108.93789726309478282928466796875">
        <ele>412</ele>
        <time>2026-04-07T12:56:42.000Z</time>
        <extensions>
          <ns3:TrackPointExtension>
            <ns3:hr>167</ns3:hr>
            <ns3:cad>102</ns3:cad>
          </ns3:TrackPointExtension>
        </extensions>
      </trkpt>
      <trkpt lat="34.2335136048495769500732421875" lon="108.9379204809665679931640625">
        <ele>412</ele>
        <time>2026-04-07T12:56:43.000Z</time>
        <extensions>
          <ns3:TrackPointExtension>
            <ns3:hr>167</ns3:hr>
            <ns3:cad>102</ns3:cad>
          </ns3:TrackPointExtension>
        </extensions>
      </trkpt>
      <trkpt lat="34.2335457913577556610107421875" lon="108.93793481402099132537841796875">
        <ele>412</ele>
        <time>2026-04-07T12:56:44.000Z</time>
        <extensions>
          <ns3:TrackPointExtension>
            <ns3:hr>167</ns3:hr>
            <ns3:cad>102</ns3:cad>
          </ns3:TrackPointExtension>
        </extensions>
      </trkpt>
      <trkpt lat="34.23357672058045864105224609375" lon="108.93793799914419651031494140625">
        <ele>412</ele>
        <time>2026-04-07T12:56:45.000Z</time>
        <extensions>
          <ns3:TrackPointExtension>
            <ns3:hr>167</ns3:hr>
            <ns3:cad>102</ns3:cad>
          </ns3:TrackPointExtension>
        </extensions>
      </trkpt>
      <trkpt lat="34.2336118407547473907470703125" lon="108.93793783150613307952880859375">
        <ele>412</ele>
        <time>2026-04-07T12:56:46.000Z</time>
        <extensions>
          <ns3:TrackPointExtension>
            <ns3:hr>167</ns3:hr>
            <ns3:cad>102</ns3:cad>
          </ns3:TrackPointExtension>
        </extensions>
      </trkpt>
      <trkpt lat="34.233656264841556549072265625" lon="108.9379360713064670562744140625">
        <ele>412</ele>
        <time>2026-04-07T12:56:47.000Z</time>
        <extensions>
          <ns3:TrackPointExtension>
            <ns3:hr>167</ns3:hr>
            <ns3:cad>103</ns3:cad>
          </ns3:TrackPointExtension>
        </extensions>
      </trkpt>
      <trkpt lat="34.23369088210165500640869140625" lon="108.93794001080095767974853515625">
        <ele>412</ele>
        <time>2026-04-07T12:56:48.000Z</time>
        <extensions>
          <ns3:TrackPointExtension>
            <ns3:hr>167</ns3:hr>
            <ns3:cad>103</ns3:cad>
          </ns3:TrackPointExtension>
        </extensions>
      </trkpt>
      <trkpt lat="34.2337171174585819244384765625" lon="108.937944956123828887939453125">
        <ele>412</ele>
        <time>2026-04-07T12:56:49.000Z</time>
        <extensions>
          <ns3:TrackPointExtension>
            <ns3:hr>168</ns3:hr>
            <ns3:cad>103</ns3:cad>
          </ns3:TrackPointExtension>
        </extensions>
      </trkpt>
      <trkpt lat="34.23375726677477359771728515625" lon="108.93793581984937191009521484375">
        <ele>412</ele>
        <time>2026-04-07T12:56:50.000Z</time>
        <extensions>
          <ns3:TrackPointExtension>
            <ns3:hr>167</ns3:hr>
            <ns3:cad>104</ns3:cad>
          </ns3:TrackPointExtension>
        </extensions>
      </trkpt>
      <trkpt lat="34.23379465006291866302490234375" lon="108.93792919814586639404296875">
        <ele>412</ele>
        <time>2026-04-07T12:56:51.000Z</time>
        <extensions>
          <ns3:TrackPointExtension>
            <ns3:hr>167</ns3:hr>
            <ns3:cad>104</ns3:cad>
          </ns3:TrackPointExtension>
        </extensions>
      </trkpt>
      <trkpt lat="34.23382692039012908935546875" lon="108.93793431110680103302001953125">
        <ele>412</ele>
        <time>2026-04-07T12:56:52.000Z</time>
        <extensions>
          <ns3:TrackPointExtension>
            <ns3:hr>168</ns3:hr>
            <ns3:cad>104</ns3:cad>
          </ns3:TrackPointExtension>
        </extensions>
      </trkpt>
      <trkpt lat="34.2338606156408786773681640625" lon="108.93793498165905475616455078125">
        <ele>412</ele>
        <time>2026-04-07T12:56:53.000Z</time>
        <extensions>
          <ns3:TrackPointExtension>
            <ns3:hr>168</ns3:hr>
            <ns3:cad>104</ns3:cad>
          </ns3:TrackPointExtension>
        </extensions>
      </trkpt>
      <trkpt lat="34.2339038662612438201904296875" lon="108.9379236660897731781005859375">
        <ele>412</ele>
        <time>2026-04-07T12:56:54.000Z</time>
        <extensions>
          <ns3:TrackPointExtension>
            <ns3:hr>168</ns3:hr>
            <ns3:cad>103</ns3:cad>
          </ns3:TrackPointExtension>
        </extensions>
      </trkpt>
      <trkpt lat="34.23394250683486461639404296875" lon="108.93792442046105861663818359375">
        <ele>412</ele>
        <time>2026-04-07T12:56:55.000Z</time>
        <extensions>
          <ns3:TrackPointExtension>
            <ns3:hr>167</ns3:hr>
            <ns3:cad>103</ns3:cad>
          </ns3:TrackPointExtension>
        </extensions>
      </trkpt>
      <trkpt lat="34.23397033475339412689208984375" lon="108.93792928196489810943603515625">
        <ele>412</ele>
        <time>2026-04-07T12:56:56.000Z</time>
        <extensions>
          <ns3:TrackPointExtension>
            <ns3:hr>168</ns3:hr>
            <ns3:cad>103</ns3:cad>
          </ns3:TrackPointExtension>
        </extensions>
      </trkpt>
      <trkpt lat="34.234009645879268646240234375" lon="108.93792115151882171630859375">
        <ele>412</ele>
        <time>2026-04-07T12:56:57.000Z</time>
        <extensions>
          <ns3:TrackPointExtension>
            <ns3:hr>168</ns3:hr>
            <ns3:cad>103</ns3:cad>
          </ns3:TrackPointExtension>
        </extensions>
      </trkpt>
      <trkpt lat="34.23405448906123638153076171875" lon="108.93791452981531620025634765625">
        <ele>412</ele>
        <time>2026-04-07T12:56:58.000Z</time>
        <extensions>
          <ns3:TrackPointExtension>
            <ns3:hr>167</ns3:hr>
            <ns3:cad>103</ns3:cad>
          </ns3:TrackPointExtension>
        </extensions>
      </trkpt>
      <trkpt lat="34.23409187234938144683837890625" lon="108.93791905604302883148193359375">
        <ele>412</ele>
        <time>2026-04-07T12:56:59.000Z</time>
        <extensions>
          <ns3:TrackPointExtension>
            <ns3:hr>168</ns3:hr>
            <ns3:cad>103</ns3:cad>
          </ns3:TrackPointExtension>
        </extensions>
      </trkpt>
      <trkpt lat="34.234118275344371795654296875" lon="108.9379209838807582855224609375">
        <ele>412</ele>
        <time>2026-04-07T12:57:00.000Z</time>
        <extensions>
          <ns3:TrackPointExtension>
            <ns3:hr>168</ns3:hr>
            <ns3:cad>103</ns3:cad>
          </ns3:TrackPointExtension>
        </extensions>
      </trkpt>
      <trkpt lat="34.234163202345371246337890625" lon="108.9379172958433628082275390625">
        <ele>412</ele>
        <time>2026-04-07T12:57:01.000Z</time>
        <extensions>
          <ns3:TrackPointExtension>
            <ns3:hr>168</ns3:hr>
            <ns3:cad>103</ns3:cad>
          </ns3:TrackPointExtension>
        </extensions>
      </trkpt>
      <trkpt lat="34.234198741614818572998046875" lon="108.937913440167903900146484375">
        <ele>412</ele>
        <time>2026-04-07T12:57:02.000Z</time>
        <extensions>
          <ns3:TrackPointExtension>
            <ns3:hr>169</ns3:hr>
            <ns3:cad>104</ns3:cad>
          </ns3:TrackPointExtension>
        </extensions>
      </trkpt>
      <trkpt lat="34.23422380350530147552490234375" lon="108.9379223249852657318115234375">
        <ele>412</ele>
        <time>2026-04-07T12:57:03.000Z</time>
        <extensions>
          <ns3:TrackPointExtension>
            <ns3:hr>168</ns3:hr>
            <ns3:cad>104</ns3:cad>
          </ns3:TrackPointExtension>
        </extensions>
      </trkpt>
      <trkpt lat="34.2342572472989559173583984375" lon="108.93792090006172657012939453125">
        <ele>412</ele>
        <time>2026-04-07T12:57:04.000Z</time>
        <extensions>
          <ns3:TrackPointExtension>
            <ns3:hr>168</ns3:hr>
            <ns3:cad>103</ns3:cad>
          </ns3:TrackPointExtension>
        </extensions>
      </trkpt>
      <trkpt lat="34.2343018390238285064697265625" lon="108.937914781272411346435546875">
        <ele>412</ele>
        <time>2026-04-07T12:57:05.000Z</time>
        <extensions>
          <ns3:TrackPointExtension>
            <ns3:hr>168</ns3:hr>
            <ns3:cad>103</ns3:cad>
          </ns3:TrackPointExtension>
        </extensions>
      </trkpt>
      <trkpt lat="34.2343343608081340789794921875" lon="108.93791821785271167755126953125">
        <ele>412</ele>
        <time>2026-04-07T12:57:06.000Z</time>
        <extensions>
          <ns3:TrackPointExtension>
            <ns3:hr>168</ns3:hr>
            <ns3:cad>103</ns3:cad>
          </ns3:TrackPointExtension>
        </extensions>
      </trkpt>
      <trkpt lat="34.23436210490763187408447265625" lon="108.937921822071075439453125">
        <ele>412</ele>
        <time>2026-04-07T12:57:07.000Z</time>
        <extensions>
          <ns3:TrackPointExtension>
            <ns3:hr>167</ns3:hr>
            <ns3:cad>103</ns3:cad>
          </ns3:TrackPointExtension>
        </extensions>
      </trkpt>
      <trkpt lat="34.23439948819577693939208984375" lon="108.93791444599628448486328125">
        <ele>412</ele>
        <time>2026-04-07T12:57:08.000Z</time>
        <extensions>
          <ns3:TrackPointExtension>
            <ns3:hr>167</ns3:hr>
            <ns3:cad>103</ns3:cad>
          </ns3:TrackPointExtension>
        </extensions>
      </trkpt>
      <trkpt lat="34.234439469873905181884765625" lon="108.93791042268276214599609375">
        <ele>412</ele>
        <time>2026-04-07T12:57:09.000Z</time>
        <extensions>
          <ns3:TrackPointExtension>
            <ns3:hr>167</ns3:hr>
            <ns3:cad>102</ns3:cad>
          </ns3:TrackPointExtension>
        </extensions>
      </trkpt>
      <trkpt lat="34.234473668038845062255859375" lon="108.9379149489104747772216796875">
        <ele>411.79998779296875</ele>
        <time>2026-04-07T12:57:10.000Z</time>
        <extensions>
          <ns3:TrackPointExtension>
            <ns3:hr>167</ns3:hr>
            <ns3:cad>96</ns3:cad>
          </ns3:TrackPointExtension>
        </extensions>
      </trkpt>
      <trkpt lat="34.2345063574612140655517578125" lon="108.9379055611789226531982421875">
        <ele>412</ele>
        <time>2026-04-07T12:57:11.000Z</time>
        <extensions>
          <ns3:TrackPointExtension>
            <ns3:hr>167</ns3:hr>
            <ns3:cad>96</ns3:cad>
          </ns3:TrackPointExtension>
        </extensions>
      </trkpt>
      <trkpt lat="34.23454768024384975433349609375" lon="108.93789273686707019805908203125">
        <ele>411.79998779296875</ele>
        <time>2026-04-07T12:57:12.000Z</time>
        <extensions>
          <ns3:TrackPointExtension>
            <ns3:hr>167</ns3:hr>
            <ns3:cad>96</ns3:cad>
          </ns3:TrackPointExtension>
        </extensions>
      </trkpt>
      <trkpt lat="34.23458221368491649627685546875" lon="108.937874548137187957763671875">
        <ele>412</ele>
        <time>2026-04-07T12:57:13.000Z</time>
        <extensions>
          <ns3:TrackPointExtension>
            <ns3:hr>167</ns3:hr>
            <ns3:cad>102</ns3:cad>
          </ns3:TrackPointExtension>
        </extensions>
      </trkpt>
      <trkpt lat="34.234611131250858306884765625" lon="108.93785853870213031768798828125">
        <ele>412</ele>
        <time>2026-04-07T12:57:14.000Z</time>
        <extensions>
          <ns3:TrackPointExtension>
            <ns3:hr>167</ns3:hr>
            <ns3:cad>103</ns3:cad>
          </ns3:TrackPointExtension>
        </extensions>
      </trkpt>
      <trkpt lat="34.23464499413967132568359375" lon="108.9378266036510467529296875">
        <ele>412</ele>
        <time>2026-04-07T12:57:15.000Z</time>
        <extensions>
          <ns3:TrackPointExtension>
            <ns3:hr>167</ns3:hr>
            <ns3:cad>103</ns3:cad>
          </ns3:TrackPointExtension>
        </extensions>
      </trkpt>
      <trkpt lat="34.23467240296304225921630859375" lon="108.9377908967435359954833984375">
        <ele>412</ele>
        <time>2026-04-07T12:57:16.000Z</time>
        <extensions>
          <ns3:TrackPointExtension>
            <ns3:hr>167</ns3:hr>
            <ns3:cad>103</ns3:cad>
          </ns3:TrackPointExtension>
        </extensions>
      </trkpt>
      <trkpt lat="34.234698303043842315673828125" lon="108.937767259776592254638671875">
        <ele>412</ele>
        <time>2026-04-07T12:57:17.000Z</time>
        <extensions>
          <ns3:TrackPointExtension>
            <ns3:hr>167</ns3:hr>
            <ns3:cad>103</ns3:cad>
          </ns3:TrackPointExtension>
        </extensions>
      </trkpt>
      <trkpt lat="34.2347195930778980255126953125" lon="108.9377312175929546356201171875">
        <ele>412</ele>
        <time>2026-04-07T12:57:18.000Z</time>
        <extensions>
          <ns3:TrackPointExtension>
            <ns3:hr>168</ns3:hr>
            <ns3:cad>103</ns3:cad>
          </ns3:TrackPointExtension>
        </extensions>
      </trkpt>
      <trkpt lat="34.23473996110260486602783203125" lon="108.937684781849384307861328125">
        <ele>412.20001220703125</ele>
        <time>2026-04-07T12:57:19.000Z</time>
        <extensions>
          <ns3:TrackPointExtension>
            <ns3:hr>167</ns3:hr>
            <ns3:cad>102</ns3:cad>
          </ns3:TrackPointExtension>
        </extensions>
      </trkpt>
      <trkpt lat="34.2347561381757259368896484375" lon="108.93764781765639781951904296875">
        <ele>412.20001220703125</ele>
        <time>2026-04-07T12:57:20.000Z</time>
        <extensions>
          <ns3:TrackPointExtension>
            <ns3:hr>167</ns3:hr>
            <ns3:cad>102</ns3:cad>
          </ns3:TrackPointExtension>
        </extensions>
      </trkpt>
      <trkpt lat="34.23476711846888065338134765625" lon="108.93761345185339450836181640625">
        <ele>412.20001220703125</ele>
        <time>2026-04-07T12:57:21.000Z</time>
        <extensions>
          <ns3:TrackPointExtension>
            <ns3:hr>168</ns3:hr>
            <ns3:cad>102</ns3:cad>
          </ns3:TrackPointExtension>
        </extensions>
      </trkpt>
      <trkpt lat="34.234774410724639892578125" lon="108.93756668083369731903076171875">
        <ele>412.20001220703125</ele>
        <time>2026-04-07T12:57:22.000Z</time>
        <extensions>
          <ns3:TrackPointExtension>
            <ns3:hr>168</ns3:hr>
            <ns3:cad>102</ns3:cad>
          </ns3:TrackPointExtension>
        </extensions>
      </trkpt>
      <trkpt lat="34.234778098762035369873046875" lon="108.93751907162368297576904296875">
        <ele>412.20001220703125</ele>
        <time>2026-04-07T12:57:23.000Z</time>
        <extensions>
          <ns3:TrackPointExtension>
            <ns3:hr>168</ns3:hr>
            <ns3:cad>102</ns3:cad>
          </ns3:TrackPointExtension>
        </extensions>
      </trkpt>
      <trkpt lat="34.2347849719226360321044921875" lon="108.93748261034488677978515625">
        <ele>412.20001220703125</ele>
        <time>2026-04-07T12:57:24.000Z</time>
        <extensions>
          <ns3:TrackPointExtension>
            <ns3:hr>168</ns3:hr>
            <ns3:cad>102</ns3:cad>
          </ns3:TrackPointExtension>
        </extensions>
      </trkpt>
      <trkpt lat="34.2347839660942554473876953125" lon="108.93744514323770999908447265625">
        <ele>412.20001220703125</ele>
        <time>2026-04-07T12:57:25.000Z</time>
        <extensions>
          <ns3:TrackPointExtension>
            <ns3:hr>168</ns3:hr>
            <ns3:cad>102</ns3:cad>
          </ns3:TrackPointExtension>
        </extensions>
      </trkpt>
      <trkpt lat="34.2347729019820690155029296875" lon="108.93739485181868076324462890625">
        <ele>412.20001220703125</ele>
        <time>2026-04-07T12:57:26.000Z</time>
        <extensions>
          <ns3:TrackPointExtension>
            <ns3:hr>168</ns3:hr>
            <ns3:cad>102</ns3:cad>
          </ns3:TrackPointExtension>
        </extensions>
      </trkpt>
      <trkpt lat="34.2347658611834049224853515625" lon="108.9373486675322055816650390625">
        <ele>412.20001220703125</ele>
        <time>2026-04-07T12:57:27.000Z</time>
        <extensions>
          <ns3:TrackPointExtension>
            <ns3:hr>168</ns3:hr>
            <ns3:cad>102</ns3:cad>
          </ns3:TrackPointExtension>
        </extensions>
      </trkpt>
      <trkpt lat="34.23476058058440685272216796875" lon="108.93730960786342620849609375">
        <ele>412.20001220703125</ele>
        <time>2026-04-07T12:57:28.000Z</time>
        <extensions>
          <ns3:TrackPointExtension>
            <ns3:hr>168</ns3:hr>
            <ns3:cad>102</ns3:cad>
          </ns3:TrackPointExtension>
        </extensions>
      </trkpt>
      <trkpt lat="34.23473526723682880401611328125" lon="108.93726225011050701141357421875">
        <ele>412.20001220703125</ele>
        <time>2026-04-07T12:57:29.000Z</time>
        <extensions>
          <ns3:TrackPointExtension>
            <ns3:hr>168</ns3:hr>
            <ns3:cad>102</ns3:cad>
          </ns3:TrackPointExtension>
        </extensions>
      </trkpt>
      <trkpt lat="34.23471163026988506317138671875" lon="108.93722201697528362274169921875">
        <ele>412.20001220703125</ele>
        <time>2026-04-07T12:57:30.000Z</time>
        <extensions>
          <ns3:TrackPointExtension>
            <ns3:hr>169</ns3:hr>
            <ns3:cad>102</ns3:cad>
          </ns3:TrackPointExtension>
        </extensions>
      </trkpt>
      <trkpt lat="34.2346927709877490997314453125" lon="108.93718530423939228057861328125">
        <ele>412.20001220703125</ele>
        <time>2026-04-07T12:57:31.000Z</time>
        <extensions>
          <ns3:TrackPointExtension>
            <ns3:hr>169</ns3:hr>
            <ns3:cad>102</ns3:cad>
          </ns3:TrackPointExtension>
        </extensions>
      </trkpt>
      <trkpt lat="34.23466703854501247406005859375" lon="108.9371560513973236083984375">
        <ele>412.20001220703125</ele>
        <time>2026-04-07T12:57:32.000Z</time>
        <extensions>
          <ns3:TrackPointExtension>
            <ns3:hr>170</ns3:hr>
            <ns3:cad>102</ns3:cad>
          </ns3:TrackPointExtension>
        </extensions>
      </trkpt>
      <trkpt lat="34.23463133163750171661376953125" lon="108.93712881021201610565185546875">
        <ele>412.20001220703125</ele>
        <time>2026-04-07T12:57:33.000Z</time>
        <extensions>
          <ns3:TrackPointExtension>
            <ns3:hr>171</ns3:hr>
            <ns3:cad>102</ns3:cad>
          </ns3:TrackPointExtension>
        </extensions>
      </trkpt>
      <trkpt lat="34.23459780402481555938720703125" lon="108.93710567615926265716552734375">
        <ele>412.20001220703125</ele>
        <time>2026-04-07T12:57:34.000Z</time>
        <extensions>
          <ns3:TrackPointExtension>
            <ns3:hr>171</ns3:hr>
            <ns3:cad>103</ns3:cad>
          </ns3:TrackPointExtension>
        </extensions>
      </trkpt>
      <trkpt lat="34.23457047902047634124755859375" lon="108.93708304502069950103759765625">
        <ele>412.20001220703125</ele>
        <time>2026-04-07T12:57:35.000Z</time>
        <extensions>
          <ns3:TrackPointExtension>
            <ns3:hr>171</ns3:hr>
            <ns3:cad>103</ns3:cad>
          </ns3:TrackPointExtension>
        </extensions>
      </trkpt>
      <trkpt lat="34.23453644849359989166259765625" lon="108.93706879578530788421630859375">
        <ele>412.20001220703125</ele>
        <time>2026-04-07T12:57:36.000Z</time>
        <extensions>
          <ns3:TrackPointExtension>
            <ns3:hr>171</ns3:hr>
            <ns3:cad>104</ns3:cad>
          </ns3:TrackPointExtension>
        </extensions>
      </trkpt>
      <trkpt lat="34.23449420370161533355712890625" lon="108.93706829287111759185791015625">
        <ele>412.20001220703125</ele>
        <time>2026-04-07T12:57:37.000Z</time>
        <extensions>
          <ns3:TrackPointExtension>
            <ns3:hr>171</ns3:hr>
            <ns3:cad>104</ns3:cad>
          </ns3:TrackPointExtension>
        </extensions>
      </trkpt>
      <trkpt lat="34.2344614304602146148681640625" lon="108.93705974332988262176513671875">
        <ele>412.20001220703125</ele>
        <time>2026-04-07T12:57:38.000Z</time>
        <extensions>
          <ns3:TrackPointExtension>
            <ns3:hr>171</ns3:hr>
            <ns3:cad>104</ns3:cad>
          </ns3:TrackPointExtension>
        </extensions>
      </trkpt>
      <trkpt lat="34.2344309203326702117919921875" lon="108.937061168253421783447265625">
        <ele>412.20001220703125</ele>
        <time>2026-04-07T12:57:39.000Z</time>
        <extensions>
          <ns3:TrackPointExtension>
            <ns3:hr>170</ns3:hr>
            <ns3:cad>104</ns3:cad>
          </ns3:TrackPointExtension>
        </extensions>
      </trkpt>
      <trkpt lat="34.234392531216144561767578125" lon="108.93707047216594219207763671875">
        <ele>412.20001220703125</ele>
        <time>2026-04-07T12:57:40.000Z</time>
        <extensions>
          <ns3:TrackPointExtension>
            <ns3:hr>170</ns3:hr>
            <ns3:cad>104</ns3:cad>
          </ns3:TrackPointExtension>
        </extensions>
      </trkpt>
      <trkpt lat="34.2343528009951114654541015625" lon="108.93708237446844577789306640625">
        <ele>412.20001220703125</ele>
        <time>2026-04-07T12:57:41.000Z</time>
        <extensions>
          <ns3:TrackPointExtension>
            <ns3:hr>170</ns3:hr>
            <ns3:cad>102</ns3:cad>
          </ns3:TrackPointExtension>
        </extensions>
      </trkpt>
      <trkpt lat="34.23431910574436187744140625" lon="108.937077261507511138916015625">
        <ele>412.20001220703125</ele>
        <time>2026-04-07T12:57:42.000Z</time>
        <extensions>
          <ns3:TrackPointExtension>
            <ns3:hr>169</ns3:hr>
            <ns3:cad>103</ns3:cad>
          </ns3:TrackPointExtension>
        </extensions>
      </trkpt>
      <trkpt lat="34.2342864163219928741455078125" lon="108.9370764233171939849853515625">
        <ele>412.20001220703125</ele>
        <time>2026-04-07T12:57:43.000Z</time>
        <extensions>
          <ns3:TrackPointExtension>
            <ns3:hr>169</ns3:hr>
            <ns3:cad>104</ns3:cad>
          </ns3:TrackPointExtension>
        </extensions>
      </trkpt>
      <trkpt lat="34.2342465184628963470458984375" lon="108.93707223236560821533203125">
        <ele>412.20001220703125</ele>
        <time>2026-04-07T12:57:44.000Z</time>
        <extensions>
          <ns3:TrackPointExtension>
            <ns3:hr>169</ns3:hr>
            <ns3:cad>105</ns3:cad>
          </ns3:TrackPointExtension>
        </extensions>
      </trkpt>
      <trkpt lat="34.2342082969844341278076171875" lon="108.93707164563238620758056640625">
        <ele>412.20001220703125</ele>
        <time>2026-04-07T12:57:45.000Z</time>
        <extensions>
          <ns3:TrackPointExtension>
            <ns3:hr>169</ns3:hr>
            <ns3:cad>105</ns3:cad>
          </ns3:TrackPointExtension>
        </extensions>
      </trkpt>
      <trkpt lat="34.2341754399240016937255859375" lon="108.9370707236230373382568359375">
        <ele>412.20001220703125</ele>
        <time>2026-04-07T12:57:46.000Z</time>
        <extensions>
          <ns3:TrackPointExtension>
            <ns3:hr>169</ns3:hr>
            <ns3:cad>105</ns3:cad>
          </ns3:TrackPointExtension>
        </extensions>
      </trkpt>
      <trkpt lat="34.23413629643619060516357421875" lon="108.93707013688981533050537109375">
        <ele>412.20001220703125</ele>
        <time>2026-04-07T12:57:47.000Z</time>
        <extensions>
          <ns3:TrackPointExtension>
            <ns3:hr>169</ns3:hr>
            <ns3:cad>105</ns3:cad>
          </ns3:TrackPointExtension>
        </extensions>
      </trkpt>
      <trkpt lat="34.23409891314804553985595703125" lon="108.93707248382270336151123046875">
        <ele>412.20001220703125</ele>
        <time>2026-04-07T12:57:48.000Z</time>
        <extensions>
          <ns3:TrackPointExtension>
            <ns3:hr>168</ns3:hr>
            <ns3:cad>105</ns3:cad>
          </ns3:TrackPointExtension>
        </extensions>
      </trkpt>
      <trkpt lat="34.23406572081148624420166015625" lon="108.93706963397562503814697265625">
        <ele>412.20001220703125</ele>
        <time>2026-04-07T12:57:49.000Z</time>
        <extensions>
          <ns3:TrackPointExtension>
            <ns3:hr>168</ns3:hr>
            <ns3:cad>103</ns3:cad>
          </ns3:TrackPointExtension>
        </extensions>
      </trkpt>
      <trkpt lat="34.234031103551387786865234375" lon="108.9370683766901493072509765625">
        <ele>412.20001220703125</ele>
        <time>2026-04-07T12:57:50.000Z</time>
        <extensions>
          <ns3:TrackPointExtension>
            <ns3:hr>168</ns3:hr>
            <ns3:cad>103</ns3:cad>
          </ns3:TrackPointExtension>
        </extensions>
      </trkpt>
      <trkpt lat="34.233994893729686737060546875" lon="108.93707080744206905364990234375">
        <ele>412.20001220703125</ele>
        <time>2026-04-07T12:57:51.000Z</time>
        <extensions>
          <ns3:TrackPointExtension>
            <ns3:hr>167</ns3:hr>
            <ns3:cad>103</ns3:cad>
          </ns3:TrackPointExtension>
        </extensions>
      </trkpt>
      <trkpt lat="34.2339608632028102874755859375" lon="108.9370713941752910614013671875">
        <ele>412.20001220703125</ele>
        <time>2026-04-07T12:57:52.000Z</time>
        <extensions>
          <ns3:TrackPointExtension>
            <ns3:hr>168</ns3:hr>
            <ns3:cad>103</ns3:cad>
          </ns3:TrackPointExtension>
        </extensions>
      </trkpt>
      <trkpt lat="34.23392909578979015350341796875" lon="108.93706963397562503814697265625">
        <ele>412.20001220703125</ele>
        <time>2026-04-07T12:57:53.000Z</time>
        <extensions>
          <ns3:TrackPointExtension>
            <ns3:hr>169</ns3:hr>
            <ns3:cad>103</ns3:cad>
          </ns3:TrackPointExtension>
        </extensions>
      </trkpt>
      <trkpt lat="34.23389020375907421112060546875" lon="108.93706820905208587646484375">
        <ele>412.20001220703125</ele>
        <time>2026-04-07T12:57:54.000Z</time>
        <extensions>
          <ns3:TrackPointExtension>
            <ns3:hr>169</ns3:hr>
            <ns3:cad>103</ns3:cad>
          </ns3:TrackPointExtension>
        </extensions>
      </trkpt>
      <trkpt lat="34.2338515631854534149169921875" lon="108.9370675384998321533203125">
        <ele>412.20001220703125</ele>
        <time>2026-04-07T12:57:55.000Z</time>
        <extensions>
          <ns3:TrackPointExtension>
            <ns3:hr>170</ns3:hr>
            <ns3:cad>103</ns3:cad>
          </ns3:TrackPointExtension>
        </extensions>
      </trkpt>
      <trkpt lat="34.2338168621063232421875" lon="108.93706686794757843017578125">
        <ele>412.20001220703125</ele>
        <time>2026-04-07T12:57:56.000Z</time>
        <extensions>
          <ns3:TrackPointExtension>
            <ns3:hr>170</ns3:hr>
            <ns3:cad>104</ns3:cad>
          </ns3:TrackPointExtension>
        </extensions>
      </trkpt>
      <trkpt lat="34.23378509469330310821533203125" lon="108.93706074915826320648193359375">
        <ele>412.20001220703125</ele>
        <time>2026-04-07T12:57:57.000Z</time>
        <extensions>
          <ns3:TrackPointExtension>
            <ns3:hr>170</ns3:hr>
            <ns3:cad>103</ns3:cad>
          </ns3:TrackPointExtension>
        </extensions>
      </trkpt>
      <trkpt lat="34.23374704085290431976318359375" lon="108.9370626769959926605224609375">
        <ele>412.20001220703125</ele>
        <time>2026-04-07T12:57:58.000Z</time>
        <extensions>
          <ns3:TrackPointExtension>
            <ns3:hr>170</ns3:hr>
            <ns3:cad>102</ns3:cad>
          </ns3:TrackPointExtension>
        </extensions>
      </trkpt>
      <trkpt lat="34.23371024429798126220703125" lon="108.93706552684307098388671875">
        <ele>412.20001220703125</ele>
        <time>2026-04-07T12:57:59.000Z</time>
        <extensions>
          <ns3:TrackPointExtension>
            <ns3:hr>169</ns3:hr>
            <ns3:cad>102</ns3:cad>
          </ns3:TrackPointExtension>
        </extensions>
      </trkpt>
      <trkpt lat="34.2336819134652614593505859375" lon="108.93705789931118488311767578125">
        <ele>412.399993896484375</ele>
        <time>2026-04-07T12:58:00.000Z</time>
        <extensions>
          <ns3:TrackPointExtension>
            <ns3:hr>169</ns3:hr>
            <ns3:cad>102</ns3:cad>
          </ns3:TrackPointExtension>
        </extensions>
      </trkpt>
      <trkpt lat="34.23364880494773387908935546875" lon="108.93705706112086772918701171875">
        <ele>412.399993896484375</ele>
        <time>2026-04-07T12:58:01.000Z</time>
        <extensions>
          <ns3:TrackPointExtension>
            <ns3:hr>169</ns3:hr>
            <ns3:cad>102</ns3:cad>
          </ns3:TrackPointExtension>
        </extensions>
      </trkpt>
      <trkpt lat="34.2336104996502399444580078125" lon="108.93706150352954864501953125">
        <ele>412.399993896484375</ele>
        <time>2026-04-07T12:58:02.000Z</time>
        <extensions>
          <ns3:TrackPointExtension>
            <ns3:hr>169</ns3:hr>
            <ns3:cad>102</ns3:cad>
          </ns3:TrackPointExtension>
        </extensions>
      </trkpt>
      <trkpt lat="34.23357152380049228668212890625" lon="108.93707198090851306915283203125">
        <ele>412.399993896484375</ele>
        <time>2026-04-07T12:58:03.000Z</time>
        <extensions>
          <ns3:TrackPointExtension>
            <ns3:hr>170</ns3:hr>
            <ns3:cad>103</ns3:cad>
          </ns3:TrackPointExtension>
        </extensions>
      </trkpt>
      <trkpt lat="34.23353849910199642181396484375" lon="108.93707625567913055419921875">
        <ele>412.399993896484375</ele>
        <time>2026-04-07T12:58:04.000Z</time>
        <extensions>
          <ns3:TrackPointExtension>
            <ns3:hr>169</ns3:hr>
            <ns3:cad>103</ns3:cad>
          </ns3:TrackPointExtension>
        </extensions>
      </trkpt>
      <trkpt lat="34.23350580967962741851806640625" lon="108.93709100782871246337890625">
        <ele>412.399993896484375</ele>
        <time>2026-04-07T12:58:05.000Z</time>
        <extensions>
          <ns3:TrackPointExtension>
            <ns3:hr>169</ns3:hr>
            <ns3:cad>103</ns3:cad>
          </ns3:TrackPointExtension>
        </extensions>
      </trkpt>
      <trkpt lat="34.23346859402954578399658203125" lon="108.937113471329212188720703125">
        <ele>412.399993896484375</ele>
        <time>2026-04-07T12:58:06.000Z</time>
        <extensions>
          <ns3:TrackPointExtension>
            <ns3:hr>170</ns3:hr>
            <ns3:cad>103</ns3:cad>
          </ns3:TrackPointExtension>
        </extensions>
      </trkpt>
      <trkpt lat="34.2334331385791301727294921875" lon="108.93713367171585559844970703125">
        <ele>412.399993896484375</ele>
        <time>2026-04-07T12:58:07.000Z</time>
        <extensions>
          <ns3:TrackPointExtension>
            <ns3:hr>170</ns3:hr>
            <ns3:cad>103</ns3:cad>
          </ns3:TrackPointExtension>
        </extensions>
      </trkpt>
      <trkpt lat="34.2334026284515857696533203125" lon="108.93715328536927700042724609375">
        <ele>412.399993896484375</ele>
        <time>2026-04-07T12:58:08.000Z</time>
        <extensions>
          <ns3:TrackPointExtension>
            <ns3:hr>170</ns3:hr>
            <ns3:cad>103</ns3:cad>
          </ns3:TrackPointExtension>
        </extensions>
      </trkpt>
      <trkpt lat="34.23337521962821483612060546875" lon="108.93719159066677093505859375">
        <ele>412.399993896484375</ele>
        <time>2026-04-07T12:58:09.000Z</time>
        <extensions>
          <ns3:TrackPointExtension>
            <ns3:hr>169</ns3:hr>
            <ns3:cad>103</ns3:cad>
          </ns3:TrackPointExtension>
        </extensions>
      </trkpt>
      <trkpt lat="34.2333506606519222259521484375" lon="108.93723450601100921630859375">
        <ele>412.399993896484375</ele>
        <time>2026-04-07T12:58:10.000Z</time>
        <extensions>
          <ns3:TrackPointExtension>
            <ns3:hr>169</ns3:hr>
            <ns3:cad>95</ns3:cad>
          </ns3:TrackPointExtension>
        </extensions>
      </trkpt>
      <trkpt lat="34.23332861624658107757568359375" lon="108.93727180548012256622314453125">
        <ele>412.399993896484375</ele>
        <time>2026-04-07T12:58:11.000Z</time>
        <extensions>
          <ns3:TrackPointExtension>
            <ns3:hr>169</ns3:hr>
            <ns3:cad>95</ns3:cad>
          </ns3:TrackPointExtension>
        </extensions>
      </trkpt>
      <trkpt lat="34.23331000842154026031494140625" lon="108.9373054169118404388427734375">
        <ele>412.399993896484375</ele>
        <time>2026-04-07T12:58:12.000Z</time>
        <extensions>
          <ns3:TrackPointExtension>
            <ns3:hr>169</ns3:hr>
            <ns3:cad>95</ns3:cad>
          </ns3:TrackPointExtension>
        </extensions>
      </trkpt>
      <trkpt lat="34.2333033867180347442626953125" lon="108.9373583905398845672607421875">
        <ele>412.399993896484375</ele>
        <time>2026-04-07T12:58:13.000Z</time>
        <extensions>
          <ns3:TrackPointExtension>
            <ns3:hr>169</ns3:hr>
            <ns3:cad>102</ns3:cad>
          </ns3:TrackPointExtension>
        </extensions>
      </trkpt>
      <trkpt lat="34.23329584300518035888671875" lon="108.93742150627076625823974609375">
        <ele>412.600006103515625</ele>
        <time>2026-04-07T12:58:14.000Z</time>
        <extensions>
          <ns3:TrackPointExtension>
            <ns3:hr>169</ns3:hr>
            <ns3:cad>102</ns3:cad>
          </ns3:TrackPointExtension>
        </extensions>
      </trkpt>
      <trkpt lat="34.23328586854040622711181640625" lon="108.93746525980532169342041015625">
        <ele>412.600006103515625</ele>
        <time>2026-04-07T12:58:15.000Z</time>
        <extensions>
          <ns3:TrackPointExtension>
            <ns3:hr>169</ns3:hr>
            <ns3:cad>102</ns3:cad>
          </ns3:TrackPointExtension>
        </extensions>
      </trkpt>
      <trkpt lat="34.23328150995075702667236328125" lon="108.93750482238829135894775390625">
        <ele>412.600006103515625</ele>
        <time>2026-04-07T12:58:16.000Z</time>
        <extensions>
          <ns3:TrackPointExtension>
            <ns3:hr>168</ns3:hr>
            <ns3:cad>102</ns3:cad>
          </ns3:TrackPointExtension>
        </extensions>
      </trkpt>
      <trkpt lat="34.23329181969165802001953125" lon="108.9375557005405426025390625">
        <ele>412.600006103515625</ele>
        <time>2026-04-07T12:58:17.000Z</time>
        <extensions>
          <ns3:TrackPointExtension>
            <ns3:hr>168</ns3:hr>
            <ns3:cad>102</ns3:cad>
          </ns3:TrackPointExtension>
        </extensions>
      </trkpt>
      <trkpt lat="34.2333030514419078826904296875" lon="108.93760607577860355377197265625">
        <ele>412.600006103515625</ele>
        <time>2026-04-07T12:58:18.000Z</time>
        <extensions>
          <ns3:TrackPointExtension>
            <ns3:hr>168</ns3:hr>
            <ns3:cad>102</ns3:cad>
          </ns3:TrackPointExtension>
        </extensions>
      </trkpt>
      <trkpt lat="34.2333114333450794219970703125" lon="108.93765016458928585052490234375">
        <ele>412.600006103515625</ele>
        <time>2026-04-07T12:58:19.000Z</time>
        <extensions>
          <ns3:TrackPointExtension>
            <ns3:hr>168</ns3:hr>
            <ns3:cad>102</ns3:cad>
          </ns3:TrackPointExtension>
        </extensions>
      </trkpt>
      <trkpt lat="34.23331989906728267669677734375" lon="108.937686122953891754150390625">
        <ele>412.600006103515625</ele>
        <time>2026-04-07T12:58:20.000Z</time>
        <extensions>
          <ns3:TrackPointExtension>
            <ns3:hr>169</ns3:hr>
            <ns3:cad>105</ns3:cad>
          </ns3:TrackPointExtension>
        </extensions>
      </trkpt>
      <trkpt lat="34.23334504477679729461669921875" lon="108.9377312175929546356201171875">
        <ele>412.600006103515625</ele>
        <time>2026-04-07T12:58:21.000Z</time>
        <extensions>
          <ns3:TrackPointExtension>
            <ns3:hr>168</ns3:hr>
            <ns3:cad>105</ns3:cad>
          </ns3:TrackPointExtension>
        </extensions>
      </trkpt>
      <trkpt lat="34.2333687655627727508544921875" lon="108.9377701096236705780029296875">
        <ele>412.600006103515625</ele>
        <time>2026-04-07T12:58:22.000Z</time>
        <extensions>
          <ns3:TrackPointExtension>
            <ns3:hr>168</ns3:hr>
            <ns3:cad>105</ns3:cad>
          </ns3:TrackPointExtension>
        </extensions>
      </trkpt>
      <trkpt lat="34.2333851940929889678955078125" lon="108.93780455924570560455322265625">
        <ele>412.600006103515625</ele>
        <time>2026-04-07T12:58:23.000Z</time>
        <extensions>
          <ns3:TrackPointExtension>
            <ns3:hr>169</ns3:hr>
            <ns3:cad>105</ns3:cad>
          </ns3:TrackPointExtension>
        </extensions>
      </trkpt>
      <trkpt lat="34.23340581357479095458984375" lon="108.93783666193485260009765625">
        <ele>412.600006103515625</ele>
        <time>2026-04-07T12:58:24.000Z</time>
        <extensions>
          <ns3:TrackPointExtension>
            <ns3:hr>169</ns3:hr>
            <ns3:cad>105</ns3:cad>
          </ns3:TrackPointExtension>
        </extensions>
      </trkpt>
      <trkpt lat="34.2334418557584285736083984375" lon="108.9378710277378559112548828125">
        <ele>412.399993896484375</ele>
        <time>2026-04-07T12:58:25.000Z</time>
        <extensions>
          <ns3:TrackPointExtension>
            <ns3:hr>169</ns3:hr>
            <ns3:cad>105</ns3:cad>
          </ns3:TrackPointExtension>
        </extensions>
      </trkpt>
      <trkpt lat="34.2334770597517490386962890625" lon="108.937894664704799652099609375">
        <ele>412.600006103515625</ele>
        <time>2026-04-07T12:58:26.000Z</time>
        <extensions>
          <ns3:TrackPointExtension>
            <ns3:hr>168</ns3:hr>
            <ns3:cad>104</ns3:cad>
          </ns3:TrackPointExtension>
        </extensions>
      </trkpt>
      <trkpt lat="34.2335038818418979644775390625" lon="108.93791452981531620025634765625">
        <ele>412.600006103515625</ele>
        <time>2026-04-07T12:58:27.000Z</time>
        <extensions>
          <ns3:TrackPointExtension>
            <ns3:hr>169</ns3:hr>
            <ns3:cad>104</ns3:cad>
          </ns3:TrackPointExtension>
        </extensions>
      </trkpt>
      <trkpt lat="34.23354034312069416046142578125" lon="108.93792794086039066314697265625">
        <ele>412.600006103515625</ele>
        <time>2026-04-07T12:58:28.000Z</time>
        <extensions>
          <ns3:TrackPointExtension>
            <ns3:hr>169</ns3:hr>
            <ns3:cad>105</ns3:cad>
          </ns3:TrackPointExtension>
        </extensions>
      </trkpt>
      <trkpt lat="34.23358258791267871856689453125" lon="108.9379367418587207794189453125">
        <ele>412.600006103515625</ele>
        <time>2026-04-07T12:58:29.000Z</time>
        <extensions>
          <ns3:TrackPointExtension>
            <ns3:hr>170</ns3:hr>
            <ns3:cad>105</ns3:cad>
          </ns3:TrackPointExtension>
        </extensions>
      </trkpt>
      <trkpt lat="34.23362298868596553802490234375" lon="108.9379451237618923187255859375">
        <ele>412.79998779296875</ele>
        <time>2026-04-07T12:58:30.000Z</time>
        <extensions>
          <ns3:TrackPointExtension>
            <ns3:hr>169</ns3:hr>
            <ns3:cad>105</ns3:cad>
          </ns3:TrackPointExtension>
        </extensions>
      </trkpt>
      <trkpt lat="34.23365232534706592559814453125" lon="108.9379468001425266265869140625">
        <ele>412.600006103515625</ele>
        <time>2026-04-07T12:58:31.000Z</time>
        <extensions>
          <ns3:TrackPointExtension>
            <ns3:hr>169</ns3:hr>
            <ns3:cad>105</ns3:cad>
          </ns3:TrackPointExtension>
        </extensions>
      </trkpt>
      <trkpt lat="34.23368752934038639068603515625" lon="108.93794286064803600311279296875">
        <ele>412.79998779296875</ele>
        <time>2026-04-07T12:58:32.000Z</time>
        <extensions>
          <ns3:TrackPointExtension>
            <ns3:hr>168</ns3:hr>
            <ns3:cad>105</ns3:cad>
          </ns3:TrackPointExtension>
        </extensions>
      </trkpt>
      <trkpt lat="34.23372709192335605621337890625" lon="108.9379427768290042877197265625">
        <ele>412.79998779296875</ele>
        <time>2026-04-07T12:58:33.000Z</time>
        <extensions>
          <ns3:TrackPointExtension>
            <ns3:hr>168</ns3:hr>
            <ns3:cad>105</ns3:cad>
          </ns3:TrackPointExtension>
        </extensions>
      </trkpt>
      <trkpt lat="34.23376279883086681365966796875" lon="108.93794872798025608062744140625">
        <ele>412.600006103515625</ele>
        <time>2026-04-07T12:58:34.000Z</time>
        <extensions>
          <ns3:TrackPointExtension>
            <ns3:hr>168</ns3:hr>
            <ns3:cad>105</ns3:cad>
          </ns3:TrackPointExtension>
        </extensions>
      </trkpt>
      <trkpt lat="34.23379263840615749359130859375" lon="108.93794663250446319580078125">
        <ele>412.600006103515625</ele>
        <time>2026-04-07T12:58:35.000Z</time>
        <extensions>
          <ns3:TrackPointExtension>
            <ns3:hr>168</ns3:hr>
            <ns3:cad>105</ns3:cad>
          </ns3:TrackPointExtension>
        </extensions>
      </trkpt>
      <trkpt lat="34.23383521847426891326904296875" lon="108.93794269300997257232666015625">
        <ele>412.600006103515625</ele>
        <time>2026-04-07T12:58:36.000Z</time>
        <extensions>
          <ns3:TrackPointExtension>
            <ns3:hr>169</ns3:hr>
            <ns3:cad>105</ns3:cad>
          </ns3:TrackPointExtension>
        </extensions>
      </trkpt>
      <trkpt lat="34.233866147696971893310546875" lon="108.93793816678225994110107421875">
        <ele>412.600006103515625</ele>
        <time>2026-04-07T12:58:37.000Z</time>
        <extensions>
          <ns3:TrackPointExtension>
            <ns3:hr>169</ns3:hr>
            <ns3:cad>103</ns3:cad>
          </ns3:TrackPointExtension>
        </extensions>
      </trkpt>
      <trkpt lat="34.2338961549103260040283203125" lon="108.937941603362560272216796875">
        <ele>412.600006103515625</ele>
        <time>2026-04-07T12:58:38.000Z</time>
        <extensions>
          <ns3:TrackPointExtension>
            <ns3:hr>169</ns3:hr>
            <ns3:cad>103</ns3:cad>
          </ns3:TrackPointExtension>
        </extensions>
      </trkpt>
      <trkpt lat="34.233929179608821868896484375" lon="108.93793850205838680267333984375">
        <ele>412.600006103515625</ele>
        <time>2026-04-07T12:58:39.000Z</time>
        <extensions>
          <ns3:TrackPointExtension>
            <ns3:hr>170</ns3:hr>
            <ns3:cad>103</ns3:cad>
          </ns3:TrackPointExtension>
        </extensions>
      </trkpt>
      <trkpt lat="34.2339746095240116119384765625" lon="108.9379300363361835479736328125">
        <ele>412.600006103515625</ele>
        <time>2026-04-07T12:58:40.000Z</time>
        <extensions>
          <ns3:TrackPointExtension>
            <ns3:hr>170</ns3:hr>
            <ns3:cad>103</ns3:cad>
          </ns3:TrackPointExtension>
        </extensions>
      </trkpt>
      <trkpt lat="34.23401056788861751556396484375" lon="108.9379320479929447174072265625">
        <ele>412.79998779296875</ele>
        <time>2026-04-07T12:58:41.000Z</time>
        <extensions>
          <ns3:TrackPointExtension>
            <ns3:hr>170</ns3:hr>
            <ns3:cad>103</ns3:cad>
          </ns3:TrackPointExtension>
        </extensions>
      </trkpt>
      <trkpt lat="34.23403906635940074920654296875" lon="108.93793431110680103302001953125">
        <ele>412.79998779296875</ele>
        <time>2026-04-07T12:58:42.000Z</time>
        <extensions>
          <ns3:TrackPointExtension>
            <ns3:hr>170</ns3:hr>
            <ns3:cad>104</ns3:cad>
          </ns3:TrackPointExtension>
        </extensions>
      </trkpt>
      <trkpt lat="34.23408080823719501495361328125" lon="108.9379390887916088104248046875">
        <ele>412.600006103515625</ele>
        <time>2026-04-07T12:58:43.000Z</time>
        <extensions>
          <ns3:TrackPointExtension>
            <ns3:hr>171</ns3:hr>
            <ns3:cad>103</ns3:cad>
          </ns3:TrackPointExtension>
        </extensions>
      </trkpt>
      <trkpt lat="34.2341164313256740570068359375" lon="108.937938921153545379638671875">
        <ele>412.79998779296875</ele>
        <time>2026-04-07T12:58:44.000Z</time>
        <extensions>
          <ns3:TrackPointExtension>
            <ns3:hr>171</ns3:hr>
            <ns3:cad>103</ns3:cad>
          </ns3:TrackPointExtension>
        </extensions>
      </trkpt>
      <trkpt lat="34.234146773815155029296875" lon="108.93793967552483081817626953125">
        <ele>412.79998779296875</ele>
        <time>2026-04-07T12:58:45.000Z</time>
        <extensions>
          <ns3:TrackPointExtension>
            <ns3:hr>171</ns3:hr>
            <ns3:cad>103</ns3:cad>
          </ns3:TrackPointExtension>
        </extensions>
      </trkpt>
      <trkpt lat="34.23417317681014537811279296875" lon="108.9379365742206573486328125">
        <ele>412.79998779296875</ele>
        <time>2026-04-07T12:58:46.000Z</time>
        <extensions>
          <ns3:TrackPointExtension>
            <ns3:hr>171</ns3:hr>
            <ns3:cad>103</ns3:cad>
          </ns3:TrackPointExtension>
        </extensions>
      </trkpt>
      <trkpt lat="34.234212823212146759033203125" lon="108.937930874526500701904296875">
        <ele>412.79998779296875</ele>
        <time>2026-04-07T12:58:47.000Z</time>
        <extensions>
          <ns3:TrackPointExtension>
            <ns3:hr>171</ns3:hr>
            <ns3:cad>102</ns3:cad>
          </ns3:TrackPointExtension>
        </extensions>
      </trkpt>
      <trkpt lat="34.23424559645354747772216796875" lon="108.93793196417391300201416015625">
        <ele>412.79998779296875</ele>
        <time>2026-04-07T12:58:48.000Z</time>
        <extensions>
          <ns3:TrackPointExtension>
            <ns3:hr>171</ns3:hr>
            <ns3:cad>102</ns3:cad>
          </ns3:TrackPointExtension>
        </extensions>
      </trkpt>
      <trkpt lat="34.23427141271531581878662109375" lon="108.937934897840023040771484375">
        <ele>412.79998779296875</ele>
        <time>2026-04-07T12:58:49.000Z</time>
        <extensions>
          <ns3:TrackPointExtension>
            <ns3:hr>171</ns3:hr>
            <ns3:cad>103</ns3:cad>
          </ns3:TrackPointExtension>
        </extensions>
      </trkpt>
      <trkpt lat="34.23430896364152431488037109375" lon="108.9379293657839298248291015625">
        <ele>412.79998779296875</ele>
        <time>2026-04-07T12:58:50.000Z</time>
        <extensions>
          <ns3:TrackPointExtension>
            <ns3:hr>171</ns3:hr>
            <ns3:cad>103</ns3:cad>
          </ns3:TrackPointExtension>
        </extensions>
      </trkpt>
      <trkpt lat="34.23434819094836711883544921875" lon="108.9379233308136463165283203125">
        <ele>412.79998779296875</ele>
        <time>2026-04-07T12:58:51.000Z</time>
        <extensions>
          <ns3:TrackPointExtension>
            <ns3:hr>171</ns3:hr>
            <ns3:cad>103</ns3:cad>
          </ns3:TrackPointExtension>
        </extensions>
      </trkpt>
      <trkpt lat="34.2343769408762454986572265625" lon="108.93793045543134212493896484375">
        <ele>412.79998779296875</ele>
        <time>2026-04-07T12:58:52.000Z</time>
        <extensions>
          <ns3:TrackPointExtension>
            <ns3:hr>171</ns3:hr>
            <ns3:cad>102</ns3:cad>
          </ns3:TrackPointExtension>
        </extensions>
      </trkpt>
      <trkpt lat="34.23441088758409023284912109375" lon="108.93793079070746898651123046875">
        <ele>412.79998779296875</ele>
        <time>2026-04-07T12:58:53.000Z</time>
        <extensions>
          <ns3:TrackPointExtension>
            <ns3:hr>171</ns3:hr>
            <ns3:cad>102</ns3:cad>
          </ns3:TrackPointExtension>
        </extensions>
      </trkpt>
      <trkpt lat="34.2344513721764087677001953125" lon="108.9379246719181537628173828125">
        <ele>412.79998779296875</ele>
        <time>2026-04-07T12:58:54.000Z</time>
        <extensions>
          <ns3:TrackPointExtension>
            <ns3:hr>171</ns3:hr>
            <ns3:cad>102</ns3:cad>
          </ns3:TrackPointExtension>
        </extensions>
      </trkpt>
      <trkpt lat="34.2344842292368412017822265625" lon="108.9379209838807582855224609375">
        <ele>412.79998779296875</ele>
        <time>2026-04-07T12:58:55.000Z</time>
        <extensions>
          <ns3:TrackPointExtension>
            <ns3:hr>171</ns3:hr>
            <ns3:cad>102</ns3:cad>
          </ns3:TrackPointExtension>
        </extensions>
      </trkpt>
      <trkpt lat="34.2345120571553707122802734375" lon="108.937923498451709747314453125">
        <ele>412.79998779296875</ele>
        <time>2026-04-07T12:58:56.000Z</time>
        <extensions>
          <ns3:TrackPointExtension>
            <ns3:hr>171</ns3:hr>
            <ns3:cad>102</ns3:cad>
          </ns3:TrackPointExtension>
        </extensions>
      </trkpt>
      <trkpt lat="34.2345455847680568695068359375" lon="108.9379070699214935302734375">
        <ele>412.79998779296875</ele>
        <time>2026-04-07T12:58:57.000Z</time>
        <extensions>
          <ns3:TrackPointExtension>
            <ns3:hr>171</ns3:hr>
            <ns3:cad>104</ns3:cad>
          </ns3:TrackPointExtension>
        </extensions>
      </trkpt>
      <trkpt lat="34.234577603638172149658203125" lon="108.937887959182262420654296875">
        <ele>412.79998779296875</ele>
        <time>2026-04-07T12:58:58.000Z</time>
        <extensions>
          <ns3:TrackPointExtension>
            <ns3:hr>171</ns3:hr>
            <ns3:cad>104</ns3:cad>
          </ns3:TrackPointExtension>
        </extensions>
      </trkpt>
      <trkpt lat="34.23460735939443111419677734375" lon="108.93787597306072711944580078125">
        <ele>412.79998779296875</ele>
        <time>2026-04-07T12:58:59.000Z</time>
        <extensions>
          <ns3:TrackPointExtension>
            <ns3:hr>172</ns3:hr>
            <ns3:cad>104</ns3:cad>
          </ns3:TrackPointExtension>
        </extensions>
      </trkpt>
      <trkpt lat="34.23463351093232631683349609375" lon="108.9378542639315128326416015625">
        <ele>412.79998779296875</ele>
        <time>2026-04-07T12:59:00.000Z</time>
        <extensions>
          <ns3:TrackPointExtension>
            <ns3:hr>171</ns3:hr>
            <ns3:cad>104</ns3:cad>
          </ns3:TrackPointExtension>
        </extensions>
      </trkpt>
      <trkpt lat="34.23465706408023834228515625" lon="108.937814533710479736328125">
        <ele>412.79998779296875</ele>
        <time>2026-04-07T12:59:01.000Z</time>
        <extensions>
          <ns3:TrackPointExtension>
            <ns3:hr>171</ns3:hr>
            <ns3:cad>104</ns3:cad>
          </ns3:TrackPointExtension>
        </extensions>
      </trkpt>
      <trkpt lat="34.2346845567226409912109375" lon="108.93778393976390361785888671875">
        <ele>413</ele>
        <time>2026-04-07T12:59:02.000Z</time>
        <extensions>
          <ns3:TrackPointExtension>
            <ns3:hr>171</ns3:hr>
            <ns3:cad>104</ns3:cad>
          </ns3:TrackPointExtension>
        </extensions>
      </trkpt>
      <trkpt lat="34.2347068525850772857666015625" lon="108.9377587102353572845458984375">
        <ele>412.79998779296875</ele>
        <time>2026-04-07T12:59:03.000Z</time>
        <extensions>
          <ns3:TrackPointExtension>
            <ns3:hr>171</ns3:hr>
            <ns3:cad>102</ns3:cad>
          </ns3:TrackPointExtension>
        </extensions>
      </trkpt>
      <trkpt lat="34.2347293160855770111083984375" lon="108.93771168775856494903564453125">
        <ele>413</ele>
        <time>2026-04-07T12:59:04.000Z</time>
        <extensions>
          <ns3:TrackPointExtension>
            <ns3:hr>171</ns3:hr>
            <ns3:cad>102</ns3:cad>
          </ns3:TrackPointExtension>
        </extensions>
      </trkpt>
      <trkpt lat="34.23474557697772979736328125" lon="108.93766357563436031341552734375">
        <ele>413</ele>
        <time>2026-04-07T12:59:05.000Z</time>
        <extensions>
          <ns3:TrackPointExtension>
            <ns3:hr>171</ns3:hr>
            <ns3:cad>102</ns3:cad>
          </ns3:TrackPointExtension>
        </extensions>
      </trkpt>
      <trkpt lat="34.23476074822247028350830078125" lon="108.9376302994787693023681640625">
        <ele>412.79998779296875</ele>
        <time>2026-04-07T12:59:06.000Z</time>
        <extensions>
          <ns3:TrackPointExtension>
            <ns3:hr>171</ns3:hr>
            <ns3:cad>102</ns3:cad>
          </ns3:TrackPointExtension>
        </extensions>
      </trkpt>
      <trkpt lat="34.23477030359208583831787109375" lon="108.93758855760097503662109375">
        <ele>412.79998779296875</ele>
        <time>2026-04-07T12:59:07.000Z</time>
        <extensions>
          <ns3:TrackPointExtension>
            <ns3:hr>171</ns3:hr>
            <ns3:cad>102</ns3:cad>
          </ns3:TrackPointExtension>
        </extensions>
      </trkpt>
      <trkpt lat="34.234771393239498138427734375" lon="108.93753851763904094696044921875">
        <ele>412.79998779296875</ele>
        <time>2026-04-07T12:59:08.000Z</time>
        <extensions>
          <ns3:TrackPointExtension>
            <ns3:hr>171</ns3:hr>
            <ns3:cad>102</ns3:cad>
          </ns3:TrackPointExtension>
        </extensions>
      </trkpt>
      <trkpt lat="34.23477767966687679290771484375" lon="108.93749945797026157379150390625">
        <ele>412.79998779296875</ele>
        <time>2026-04-07T12:59:09.000Z</time>
        <extensions>
          <ns3:TrackPointExtension>
            <ns3:hr>171</ns3:hr>
            <ns3:cad>102</ns3:cad>
          </ns3:TrackPointExtension>
        </extensions>
      </trkpt>
      <trkpt lat="34.23477985896170139312744140625" lon="108.93745905719697475433349609375">
        <ele>412.79998779296875</ele>
        <time>2026-04-07T12:59:10.000Z</time>
        <extensions>
          <ns3:TrackPointExtension>
            <ns3:hr>171</ns3:hr>
            <ns3:cad>102</ns3:cad>
          </ns3:TrackPointExtension>
        </extensions>
      </trkpt>
      <trkpt lat="34.23477365635335445404052734375" lon="108.93741094507277011871337890625">
        <ele>412.79998779296875</ele>
        <time>2026-04-07T12:59:11.000Z</time>
        <extensions>
          <ns3:TrackPointExtension>
            <ns3:hr>171</ns3:hr>
            <ns3:cad>103</ns3:cad>
          </ns3:TrackPointExtension>
        </extensions>
      </trkpt>
      <trkpt lat="34.2347655259072780609130859375" lon="108.9373661018908023834228515625">
        <ele>412.79998779296875</ele>
        <time>2026-04-07T12:59:12.000Z</time>
        <extensions>
          <ns3:TrackPointExtension>
            <ns3:hr>171</ns3:hr>
            <ns3:cad>103</ns3:cad>
          </ns3:TrackPointExtension>
        </extensions>
      </trkpt>
      <trkpt lat="34.23475764691829681396484375" lon="108.93732838332653045654296875">
        <ele>412.79998779296875</ele>
        <time>2026-04-07T12:59:13.000Z</time>
        <extensions>
          <ns3:TrackPointExtension>
            <ns3:hr>171</ns3:hr>
            <ns3:cad>103</ns3:cad>
          </ns3:TrackPointExtension>
        </extensions>
      </trkpt>
      <trkpt lat="34.2347363568842411041259765625" lon="108.9372869767248630523681640625">
        <ele>412.79998779296875</ele>
        <time>2026-04-07T12:59:14.000Z</time>
        <extensions>
          <ns3:TrackPointExtension>
            <ns3:hr>171</ns3:hr>
            <ns3:cad>103</ns3:cad>
          </ns3:TrackPointExtension>
        </extensions>
      </trkpt>
      <trkpt lat="34.23471146263182163238525390625" lon="108.93724531866610050201416015625">
        <ele>412.79998779296875</ele>
        <time>2026-04-07T12:59:15.000Z</time>
        <extensions>
          <ns3:TrackPointExtension>
            <ns3:hr>171</ns3:hr>
            <ns3:cad>102</ns3:cad>
          </ns3:TrackPointExtension>
        </extensions>
      </trkpt>
      <trkpt lat="34.23469453118741512298583984375" lon="108.93720793537795543670654296875">
        <ele>412.79998779296875</ele>
        <time>2026-04-07T12:59:16.000Z</time>
        <extensions>
          <ns3:TrackPointExtension>
            <ns3:hr>171</ns3:hr>
            <ns3:cad>102</ns3:cad>
          </ns3:TrackPointExtension>
        </extensions>
      </trkpt>
      <trkpt lat="34.2346726544201374053955078125" lon="108.93718245439231395721435546875">
        <ele>412.79998779296875</ele>
        <time>2026-04-07T12:59:17.000Z</time>
        <extensions>
          <ns3:TrackPointExtension>
            <ns3:hr>171</ns3:hr>
            <ns3:cad>101</ns3:cad>
          </ns3:TrackPointExtension>
        </extensions>
      </trkpt>
      <trkpt lat="34.2346362769603729248046875" lon="108.93715538084506988525390625">
        <ele>413</ele>
        <time>2026-04-07T12:59:18.000Z</time>
        <extensions>
          <ns3:TrackPointExtension>
            <ns3:hr>171</ns3:hr>
            <ns3:cad>102</ns3:cad>
          </ns3:TrackPointExtension>
        </extensions>
      </trkpt>
      <trkpt lat="34.234607107937335968017578125" lon="108.93712989985942840576171875">
        <ele>413</ele>
        <time>2026-04-07T12:59:19.000Z</time>
        <extensions>
          <ns3:TrackPointExtension>
            <ns3:hr>171</ns3:hr>
            <ns3:cad>103</ns3:cad>
          </ns3:TrackPointExtension>
        </extensions>
      </trkpt>
      <trkpt lat="34.23458120785653591156005859375" lon="108.9371015690267086029052734375">
        <ele>413</ele>
        <time>2026-04-07T12:59:20.000Z</time>
        <extensions>
          <ns3:TrackPointExtension>
            <ns3:hr>171</ns3:hr>
            <ns3:cad>103</ns3:cad>
          </ns3:TrackPointExtension>
        </extensions>
      </trkpt>
      <trkpt lat="34.2345492728054523468017578125" lon="108.93708321265876293182373046875">
        <ele>413</ele>
        <time>2026-04-07T12:59:21.000Z</time>
        <extensions>
          <ns3:TrackPointExtension>
            <ns3:hr>171</ns3:hr>
            <ns3:cad>103</ns3:cad>
          </ns3:TrackPointExtension>
        </extensions>
      </trkpt>
      <trkpt lat="34.23451096750795841217041015625" lon="108.937071226537227630615234375">
        <ele>413</ele>
        <time>2026-04-07T12:59:22.000Z</time>
        <extensions>
          <ns3:TrackPointExtension>
            <ns3:hr>172</ns3:hr>
            <ns3:cad>103</ns3:cad>
          </ns3:TrackPointExtension>
        </extensions>
      </trkpt>
      <trkpt lat="34.2344785295426845550537109375" lon="108.93705706112086772918701171875">
        <ele>413</ele>
        <time>2026-04-07T12:59:23.000Z</time>
        <extensions>
          <ns3:TrackPointExtension>
            <ns3:hr>171</ns3:hr>
            <ns3:cad>103</ns3:cad>
          </ns3:TrackPointExtension>
        </extensions>
      </trkpt>
      <trkpt lat="34.23445053398609161376953125" lon="108.93704867921769618988037109375">
        <ele>413</ele>
        <time>2026-04-07T12:59:24.000Z</time>
        <extensions>
          <ns3:TrackPointExtension>
            <ns3:hr>171</ns3:hr>
            <ns3:cad>103</ns3:cad>
          </ns3:TrackPointExtension>
        </extensions>
      </trkpt>
      <trkpt lat="34.23441055230796337127685546875" lon="108.93705052323639392852783203125">
        <ele>413</ele>
        <time>2026-04-07T12:59:25.000Z</time>
        <extensions>
          <ns3:TrackPointExtension>
            <ns3:hr>171</ns3:hr>
            <ns3:cad>103</ns3:cad>
          </ns3:TrackPointExtension>
        </extensions>
      </trkpt>
      <trkpt lat="34.2343749292194843292236328125" lon="108.9370487630367279052734375">
        <ele>413</ele>
        <time>2026-04-07T12:59:26.000Z</time>
        <extensions>
          <ns3:TrackPointExtension>
            <ns3:hr>171</ns3:hr>
            <ns3:cad>103</ns3:cad>
          </ns3:TrackPointExtension>
        </extensions>
      </trkpt>
      <trkpt lat="34.2343450896441936492919921875" lon="108.9370475895702838897705078125">
        <ele>412.79998779296875</ele>
        <time>2026-04-07T12:59:27.000Z</time>
        <extensions>
          <ns3:TrackPointExtension>
            <ns3:hr>171</ns3:hr>
            <ns3:cad>103</ns3:cad>
          </ns3:TrackPointExtension>
        </extensions>
      </trkpt>
      <trkpt lat="34.23430644907057285308837890625" lon="108.93704901449382305145263671875">
        <ele>412.79998779296875</ele>
        <time>2026-04-07T12:59:28.000Z</time>
        <extensions>
          <ns3:TrackPointExtension>
            <ns3:hr>171</ns3:hr>
            <ns3:cad>103</ns3:cad>
          </ns3:TrackPointExtension>
        </extensions>
      </trkpt>
      <trkpt lat="34.2342666350305080413818359375" lon="108.93705572001636028289794921875">
        <ele>412.79998779296875</ele>
        <time>2026-04-07T12:59:29.000Z</time>
        <extensions>
          <ns3:TrackPointExtension>
            <ns3:hr>170</ns3:hr>
            <ns3:cad>103</ns3:cad>
          </ns3:TrackPointExtension>
        </extensions>
      </trkpt>
      <trkpt lat="34.23423436470329761505126953125" lon="108.937055133283138275146484375">
        <ele>413</ele>
        <time>2026-04-07T12:59:30.000Z</time>
        <extensions>
          <ns3:TrackPointExtension>
            <ns3:hr>171</ns3:hr>
            <ns3:cad>104</ns3:cad>
          </ns3:TrackPointExtension>
        </extensions>
      </trkpt>
      <trkpt lat="34.2342002503573894500732421875" lon="108.9370563067495822906494140625">
        <ele>412.79998779296875</ele>
        <time>2026-04-07T12:59:31.000Z</time>
        <extensions>
          <ns3:TrackPointExtension>
            <ns3:hr>171</ns3:hr>
            <ns3:cad>104</ns3:cad>
          </ns3:TrackPointExtension>
        </extensions>
      </trkpt>
      <trkpt lat="34.234163872897624969482421875" lon="108.937059827148914337158203125">
        <ele>413</ele>
        <time>2026-04-07T12:59:32.000Z</time>
        <extensions>
          <ns3:TrackPointExtension>
            <ns3:hr>170</ns3:hr>
            <ns3:cad>104</ns3:cad>
          </ns3:TrackPointExtension>
        </extensions>
      </trkpt>
      <trkpt lat="34.2341293394565582275390625" lon="108.9370593242347240447998046875">
        <ele>413</ele>
        <time>2026-04-07T12:59:33.000Z</time>
        <extensions>
          <ns3:TrackPointExtension>
            <ns3:hr>170</ns3:hr>
            <ns3:cad>104</ns3:cad>
          </ns3:TrackPointExtension>
        </extensions>
      </trkpt>
      <trkpt lat="34.23410008661448955535888671875" lon="108.9370583184063434600830078125">
        <ele>413</ele>
        <time>2026-04-07T12:59:34.000Z</time>
        <extensions>
          <ns3:TrackPointExtension>
            <ns3:hr>170</ns3:hr>
            <ns3:cad>104</ns3:cad>
          </ns3:TrackPointExtension>
        </extensions>
      </trkpt>
      <trkpt lat="34.23406521789729595184326171875" lon="108.937061838805675506591796875">
        <ele>413</ele>
        <time>2026-04-07T12:59:35.000Z</time>
        <extensions>
          <ns3:TrackPointExtension>
            <ns3:hr>170</ns3:hr>
            <ns3:cad>102</ns3:cad>
          </ns3:TrackPointExtension>
        </extensions>
      </trkpt>
      <trkpt lat="34.2340306006371974945068359375" lon="108.937061838805675506591796875">
        <ele>413.20001220703125</ele>
        <time>2026-04-07T12:59:36.000Z</time>
        <extensions>
          <ns3:TrackPointExtension>
            <ns3:hr>170</ns3:hr>
            <ns3:cad>102</ns3:cad>
          </ns3:TrackPointExtension>
        </extensions>
      </trkpt>
      <trkpt lat="34.2339992523193359375" lon="108.937057144939899444580078125">
        <ele>413.20001220703125</ele>
        <time>2026-04-07T12:59:37.000Z</time>
        <extensions>
          <ns3:TrackPointExtension>
            <ns3:hr>171</ns3:hr>
            <ns3:cad>102</ns3:cad>
          </ns3:TrackPointExtension>
        </extensions>
      </trkpt>
      <trkpt lat="34.23396631143987178802490234375" lon="108.93705488182604312896728515625">
        <ele>413.20001220703125</ele>
        <time>2026-04-07T12:59:38.000Z</time>
        <extensions>
          <ns3:TrackPointExtension>
            <ns3:hr>171</ns3:hr>
            <ns3:cad>102</ns3:cad>
          </ns3:TrackPointExtension>
        </extensions>
      </trkpt>
      <trkpt lat="34.23392926342785358428955078125" lon="108.9370569773018360137939453125">
        <ele>413.20001220703125</ele>
        <time>2026-04-07T12:59:39.000Z</time>
        <extensions>
          <ns3:TrackPointExtension>
            <ns3:hr>171</ns3:hr>
            <ns3:cad>102</ns3:cad>
          </ns3:TrackPointExtension>
        </extensions>
      </trkpt>
      <trkpt lat="34.23389707691967487335205078125" lon="108.9370526187121868133544921875">
        <ele>413.20001220703125</ele>
        <time>2026-04-07T12:59:40.000Z</time>
        <extensions>
          <ns3:TrackPointExtension>
            <ns3:hr>170</ns3:hr>
            <ns3:cad>102</ns3:cad>
          </ns3:TrackPointExtension>
        </extensions>
      </trkpt>
      <trkpt lat="34.233864136040210723876953125" lon="108.93705270253121852874755859375">
        <ele>413.20001220703125</ele>
        <time>2026-04-07T12:59:41.000Z</time>
        <extensions>
          <ns3:TrackPointExtension>
            <ns3:hr>170</ns3:hr>
            <ns3:cad>102</ns3:cad>
          </ns3:TrackPointExtension>
        </extensions>
      </trkpt>
      <trkpt lat="34.233828596770763397216796875" lon="108.93705253489315509796142578125">
        <ele>413.20001220703125</ele>
        <time>2026-04-07T12:59:42.000Z</time>
        <extensions>
          <ns3:TrackPointExtension>
            <ns3:hr>170</ns3:hr>
            <ns3:cad>102</ns3:cad>
          </ns3:TrackPointExtension>
        </extensions>
      </trkpt>
      <trkpt lat="34.233785010874271392822265625" lon="108.93705454654991626739501953125">
        <ele>413.20001220703125</ele>
        <time>2026-04-07T12:59:43.000Z</time>
        <extensions>
          <ns3:TrackPointExtension>
            <ns3:hr>170</ns3:hr>
            <ns3:cad>103</ns3:cad>
          </ns3:TrackPointExtension>
        </extensions>
      </trkpt>
      <trkpt lat="34.23374854959547519683837890625" lon="108.93705504946410655975341796875">
        <ele>413.399993896484375</ele>
        <time>2026-04-07T12:59:44.000Z</time>
        <extensions>
          <ns3:TrackPointExtension>
            <ns3:hr>171</ns3:hr>
            <ns3:cad>103</ns3:cad>
          </ns3:TrackPointExtension>
        </extensions>
      </trkpt>
      <trkpt lat="34.2337162792682647705078125" lon="108.93705219961702823638916015625">
        <ele>413.399993896484375</ele>
        <time>2026-04-07T12:59:45.000Z</time>
        <extensions>
          <ns3:TrackPointExtension>
            <ns3:hr>170</ns3:hr>
            <ns3:cad>103</ns3:cad>
          </ns3:TrackPointExtension>
        </extensions>
      </trkpt>
      <trkpt lat="34.23367713578045368194580078125" lon="108.93705169670283794403076171875">
        <ele>413.399993896484375</ele>
        <time>2026-04-07T12:59:46.000Z</time>
        <extensions>
          <ns3:TrackPointExtension>
            <ns3:hr>170</ns3:hr>
            <ns3:cad>103</ns3:cad>
          </ns3:TrackPointExtension>
        </extensions>
      </trkpt>
      <trkpt lat="34.2336343042552471160888671875" lon="108.93705588765442371368408203125">
        <ele>413.399993896484375</ele>
        <time>2026-04-07T12:59:47.000Z</time>
        <extensions>
          <ns3:TrackPointExtension>
            <ns3:hr>170</ns3:hr>
            <ns3:cad>103</ns3:cad>
          </ns3:TrackPointExtension>
        </extensions>
      </trkpt>
      <trkpt lat="34.23360161483287811279296875" lon="108.9370541274547576904296875">
        <ele>413.399993896484375</ele>
        <time>2026-04-07T12:59:48.000Z</time>
        <extensions>
          <ns3:TrackPointExtension>
            <ns3:hr>170</ns3:hr>
            <ns3:cad>103</ns3:cad>
          </ns3:TrackPointExtension>
        </extensions>
      </trkpt>
      <trkpt lat="34.233571104705333709716796875" lon="108.9370553009212017059326171875">
        <ele>413.399993896484375</ele>
        <time>2026-04-07T12:59:49.000Z</time>
        <extensions>
          <ns3:TrackPointExtension>
            <ns3:hr>170</ns3:hr>
            <ns3:cad>104</ns3:cad>
          </ns3:TrackPointExtension>
        </extensions>
      </trkpt>
      <trkpt lat="34.23353481106460094451904296875" lon="108.93706762231886386871337890625">
        <ele>413.399993896484375</ele>
        <time>2026-04-07T12:59:50.000Z</time>
        <extensions>
          <ns3:TrackPointExtension>
            <ns3:hr>170</ns3:hr>
            <ns3:cad>103</ns3:cad>
          </ns3:TrackPointExtension>
        </extensions>
      </trkpt>
      <trkpt lat="34.23349834978580474853515625" lon="108.9370797760784626007080078125">
        <ele>413.399993896484375</ele>
        <time>2026-04-07T12:59:51.000Z</time>
        <extensions>
          <ns3:TrackPointExtension>
            <ns3:hr>170</ns3:hr>
            <ns3:cad>103</ns3:cad>
          </ns3:TrackPointExtension>
        </extensions>
      </trkpt>
      <trkpt lat="34.2334643192589282989501953125" lon="108.9370884932577610015869140625">
        <ele>413.399993896484375</ele>
        <time>2026-04-07T12:59:52.000Z</time>
        <extensions>
          <ns3:TrackPointExtension>
            <ns3:hr>171</ns3:hr>
            <ns3:cad>104</ns3:cad>
          </ns3:TrackPointExtension>
        </extensions>
      </trkpt>
      <trkpt lat="34.2334368266165256500244140625" lon="108.9371116273105144500732421875">
        <ele>413.399993896484375</ele>
        <time>2026-04-07T12:59:53.000Z</time>
        <extensions>
          <ns3:TrackPointExtension>
            <ns3:hr>171</ns3:hr>
            <ns3:cad>104</ns3:cad>
          </ns3:TrackPointExtension>
        </extensions>
      </trkpt>
      <trkpt lat="34.23340455628931522369384765625" lon="108.93714440055191516876220703125">
        <ele>413.399993896484375</ele>
        <time>2026-04-07T12:59:54.000Z</time>
        <extensions>
          <ns3:TrackPointExtension>
            <ns3:hr>171</ns3:hr>
            <ns3:cad>104</ns3:cad>
          </ns3:TrackPointExtension>
        </extensions>
      </trkpt>
      <trkpt lat="34.23337773419916629791259765625" lon="108.937175832688808441162109375">
        <ele>413.399993896484375</ele>
        <time>2026-04-07T12:59:55.000Z</time>
        <extensions>
          <ns3:TrackPointExtension>
            <ns3:hr>171</ns3:hr>
            <ns3:cad>104</ns3:cad>
          </ns3:TrackPointExtension>
        </extensions>
      </trkpt>
      <trkpt lat="34.23335744999349117279052734375" lon="108.9372041635215282440185546875">
        <ele>413.399993896484375</ele>
        <time>2026-04-07T12:59:56.000Z</time>
        <extensions>
          <ns3:TrackPointExtension>
            <ns3:hr>171</ns3:hr>
            <ns3:cad>104</ns3:cad>
          </ns3:TrackPointExtension>
        </extensions>
      </trkpt>
      <trkpt lat="34.23333331011235713958740234375" lon="108.93723844550549983978271484375">
        <ele>413.399993896484375</ele>
        <time>2026-04-07T12:59:57.000Z</time>
        <extensions>
          <ns3:TrackPointExtension>
            <ns3:hr>171</ns3:hr>
            <ns3:cad>104</ns3:cad>
          </ns3:TrackPointExtension>
        </extensions>
      </trkpt>
      <trkpt lat="34.2333117686212062835693359375" lon="108.93728404305875301361083984375">
        <ele>413.399993896484375</ele>
        <time>2026-04-07T12:59:58.000Z</time>
        <extensions>
          <ns3:TrackPointExtension>
            <ns3:hr>171</ns3:hr>
            <ns3:cad>105</ns3:cad>
          </ns3:TrackPointExtension>
        </extensions>
      </trkpt>
      <trkpt lat="34.233292825520038604736328125" lon="108.937325365841388702392578125">
        <ele>413.600006103515625</ele>
        <time>2026-04-07T12:59:59.000Z</time>
        <extensions>
          <ns3:TrackPointExtension>
            <ns3:hr>171</ns3:hr>
            <ns3:cad>105</ns3:cad>
          </ns3:TrackPointExtension>
        </extensions>
      </trkpt>
      <trkpt lat="34.233277738094329833984375" lon="108.9373607374727725982666015625">
        <ele>413.600006103515625</ele>
        <time>2026-04-07T13:00:00.000Z</time>
        <extensions>
          <ns3:TrackPointExtension>
            <ns3:hr>170</ns3:hr>
            <ns3:cad>105</ns3:cad>
          </ns3:TrackPointExtension>
        </extensions>
      </trkpt>
      <trkpt lat="34.233276732265949249267578125" lon="108.93741597421467304229736328125">
        <ele>413.600006103515625</ele>
        <time>2026-04-07T13:00:01.000Z</time>
        <extensions>
          <ns3:TrackPointExtension>
            <ns3:hr>171</ns3:hr>
            <ns3:cad>105</ns3:cad>
          </ns3:TrackPointExtension>
        </extensions>
      </trkpt>
      <trkpt lat="34.233277402818202972412109375" lon="108.93747012130916118621826171875">
        <ele>413.600006103515625</ele>
        <time>2026-04-07T13:00:02.000Z</time>
        <extensions>
          <ns3:TrackPointExtension>
            <ns3:hr>171</ns3:hr>
            <ns3:cad>105</ns3:cad>
          </ns3:TrackPointExtension>
        </extensions>
      </trkpt>
      <trkpt lat="34.2332752235233783721923828125" lon="108.9375154674053192138671875">
        <ele>413.600006103515625</ele>
        <time>2026-04-07T13:00:03.000Z</time>
        <extensions>
          <ns3:TrackPointExtension>
            <ns3:hr>171</ns3:hr>
            <ns3:cad>105</ns3:cad>
          </ns3:TrackPointExtension>
        </extensions>
      </trkpt>
      <trkpt lat="34.233275391161441802978515625" lon="108.9375568740069866180419921875">
        <ele>413.600006103515625</ele>
        <time>2026-04-07T13:00:04.000Z</time>
        <extensions>
          <ns3:TrackPointExtension>
            <ns3:hr>171</ns3:hr>
            <ns3:cad>104</ns3:cad>
          </ns3:TrackPointExtension>
        </extensions>
      </trkpt>
      <trkpt lat="34.233282767236232757568359375" lon="108.9376044832170009613037109375">
        <ele>413.600006103515625</ele>
        <time>2026-04-07T13:00:05.000Z</time>
        <extensions>
          <ns3:TrackPointExtension>
            <ns3:hr>171</ns3:hr>
            <ns3:cad>103</ns3:cad>
          </ns3:TrackPointExtension>
        </extensions>
      </trkpt>
      <trkpt lat="34.233294166624546051025390625" lon="108.937654606997966766357421875">
        <ele>413.79998779296875</ele>
        <time>2026-04-07T13:00:06.000Z</time>
        <extensions>
          <ns3:TrackPointExtension>
            <ns3:hr>171</ns3:hr>
            <ns3:cad>103</ns3:cad>
          </ns3:TrackPointExtension>
        </extensions>
      </trkpt>
      <trkpt lat="34.23330330289900302886962890625" lon="108.9376943372189998626708984375">
        <ele>413.600006103515625</ele>
        <time>2026-04-07T13:00:07.000Z</time>
        <extensions>
          <ns3:TrackPointExtension>
            <ns3:hr>171</ns3:hr>
            <ns3:cad>103</ns3:cad>
          </ns3:TrackPointExtension>
        </extensions>
      </trkpt>
      <trkpt lat="34.23331973142921924591064453125" lon="108.937734067440032958984375">
        <ele>413.79998779296875</ele>
        <time>2026-04-07T13:00:08.000Z</time>
        <extensions>
          <ns3:TrackPointExtension>
            <ns3:hr>171</ns3:hr>
            <ns3:cad>105</ns3:cad>
          </ns3:TrackPointExtension>
        </extensions>
      </trkpt>
      <trkpt lat="34.23334202729165554046630859375" lon="108.93777572549879550933837890625">
        <ele>413.600006103515625</ele>
        <time>2026-04-07T13:00:09.000Z</time>
        <extensions>
          <ns3:TrackPointExtension>
            <ns3:hr>171</ns3:hr>
            <ns3:cad>105</ns3:cad>
          </ns3:TrackPointExtension>
        </extensions>
      </trkpt>
      <trkpt lat="34.23336465843021869659423828125" lon="108.9378150366246700286865234375">
        <ele>413.79998779296875</ele>
        <time>2026-04-07T13:00:10.000Z</time>
        <extensions>
          <ns3:TrackPointExtension>
            <ns3:hr>171</ns3:hr>
            <ns3:cad>105</ns3:cad>
          </ns3:TrackPointExtension>
        </extensions>
      </trkpt>
      <trkpt lat="34.233388043940067291259765625" lon="108.93784814514219760894775390625">
        <ele>413.79998779296875</ele>
        <time>2026-04-07T13:00:11.000Z</time>
        <extensions>
          <ns3:TrackPointExtension>
            <ns3:hr>172</ns3:hr>
            <ns3:cad>105</ns3:cad>
          </ns3:TrackPointExtension>
        </extensions>
      </trkpt>
      <trkpt lat="34.23342450521886348724365234375" lon="108.93787421286106109619140625">
        <ele>413.79998779296875</ele>
        <time>2026-04-07T13:00:12.000Z</time>
        <extensions>
          <ns3:TrackPointExtension>
            <ns3:hr>171</ns3:hr>
            <ns3:cad>104</ns3:cad>
          </ns3:TrackPointExtension>
        </extensions>
      </trkpt>
      <trkpt lat="34.23346624709665775299072265625" lon="108.937902040779590606689453125">
        <ele>413.79998779296875</ele>
        <time>2026-04-07T13:00:13.000Z</time>
        <extensions>
          <ns3:TrackPointExtension>
            <ns3:hr>171</ns3:hr>
            <ns3:cad>104</ns3:cad>
          </ns3:TrackPointExtension>
        </extensions>
      </trkpt>
      <trkpt lat="34.23350010998547077178955078125" lon="108.9379236660897731781005859375">
        <ele>413.79998779296875</ele>
        <time>2026-04-07T13:00:14.000Z</time>
        <extensions>
          <ns3:TrackPointExtension>
            <ns3:hr>171</ns3:hr>
            <ns3:cad>96</ns3:cad>
          </ns3:TrackPointExtension>
        </extensions>
      </trkpt>
      <trkpt lat="34.23352726735174655914306640625" lon="108.93793397583067417144775390625">
        <ele>413.79998779296875</ele>
        <time>2026-04-07T13:00:15.000Z</time>
        <extensions>
          <ns3:TrackPointExtension>
            <ns3:hr>171</ns3:hr>
            <ns3:cad>96</ns3:cad>
          </ns3:TrackPointExtension>
        </extensions>
      </trkpt>
      <trkpt lat="34.23357051797211170196533203125" lon="108.93793934024870395660400390625">
        <ele>413.79998779296875</ele>
        <time>2026-04-07T13:00:16.000Z</time>
        <extensions>
          <ns3:TrackPointExtension>
            <ns3:hr>172</ns3:hr>
            <ns3:cad>96</ns3:cad>
          </ns3:TrackPointExtension>
        </extensions>
      </trkpt>
      <trkpt lat="34.23360739834606647491455078125" lon="108.93794403411448001861572265625">
        <ele>413.79998779296875</ele>
        <time>2026-04-07T13:00:17.000Z</time>
        <extensions>
          <ns3:TrackPointExtension>
            <ns3:hr>171</ns3:hr>
            <ns3:cad>96</ns3:cad>
          </ns3:TrackPointExtension>
        </extensions>
      </trkpt>
      <trkpt lat="34.23363941721618175506591796875" lon="108.93795124255120754241943359375">
        <ele>414</ele>
        <time>2026-04-07T13:00:18.000Z</time>
        <extensions>
          <ns3:TrackPointExtension>
            <ns3:hr>171</ns3:hr>
            <ns3:cad>96</ns3:cad>
          </ns3:TrackPointExtension>
        </extensions>
      </trkpt>
      <trkpt lat="34.2336735315620899200439453125" lon="108.93794923089444637298583984375">
        <ele>414</ele>
        <time>2026-04-07T13:00:19.000Z</time>
        <extensions>
          <ns3:TrackPointExtension>
            <ns3:hr>171</ns3:hr>
            <ns3:cad>96</ns3:cad>
          </ns3:TrackPointExtension>
        </extensions>
      </trkpt>
      <trkpt lat="34.2337189614772796630859375" lon="108.937942944467067718505859375">
        <ele>414</ele>
        <time>2026-04-07T13:00:20.000Z</time>
        <extensions>
          <ns3:TrackPointExtension>
            <ns3:hr>171</ns3:hr>
            <ns3:cad>96</ns3:cad>
          </ns3:TrackPointExtension>
        </extensions>
      </trkpt>
      <trkpt lat="34.2337526567280292510986328125" lon="108.93794503994286060333251953125">
        <ele>414</ele>
        <time>2026-04-07T13:00:21.000Z</time>
        <extensions>
          <ns3:TrackPointExtension>
            <ns3:hr>171</ns3:hr>
            <ns3:cad>104</ns3:cad>
          </ns3:TrackPointExtension>
        </extensions>
      </trkpt>
      <trkpt lat="34.23378207720816135406494140625" lon="108.93794638104736804962158203125">
        <ele>414</ele>
        <time>2026-04-07T13:00:22.000Z</time>
        <extensions>
          <ns3:TrackPointExtension>
            <ns3:hr>172</ns3:hr>
            <ns3:cad>105</ns3:cad>
          </ns3:TrackPointExtension>
        </extensions>
      </trkpt>
      <trkpt lat="34.233817197382450103759765625" lon="108.937942273914813995361328125">
        <ele>414</ele>
        <time>2026-04-07T13:00:23.000Z</time>
        <extensions>
          <ns3:TrackPointExtension>
            <ns3:hr>171</ns3:hr>
            <ns3:cad>105</ns3:cad>
          </ns3:TrackPointExtension>
        </extensions>
      </trkpt>
      <trkpt lat="34.2338579334318637847900390625" lon="108.937935568392276763916015625">
        <ele>414</ele>
        <time>2026-04-07T13:00:24.000Z</time>
        <extensions>
          <ns3:TrackPointExtension>
            <ns3:hr>172</ns3:hr>
            <ns3:cad>105</ns3:cad>
          </ns3:TrackPointExtension>
        </extensions>
      </trkpt>
      <trkpt lat="34.23389238305389881134033203125" lon="108.93793850205838680267333984375">
        <ele>414</ele>
        <time>2026-04-07T13:00:25.000Z</time>
        <extensions>
          <ns3:TrackPointExtension>
            <ns3:hr>172</ns3:hr>
            <ns3:cad>105</ns3:cad>
          </ns3:TrackPointExtension>
        </extensions>
      </trkpt>
      <trkpt lat="34.23391819931566715240478515625" lon="108.93793330527842044830322265625">
        <ele>414</ele>
        <time>2026-04-07T13:00:26.000Z</time>
        <extensions>
          <ns3:TrackPointExtension>
            <ns3:hr>172</ns3:hr>
            <ns3:cad>105</ns3:cad>
          </ns3:TrackPointExtension>
        </extensions>
      </trkpt>
      <trkpt lat="34.2339568398892879486083984375" lon="108.93792475573718547821044921875">
        <ele>414</ele>
        <time>2026-04-07T13:00:27.000Z</time>
        <extensions>
          <ns3:TrackPointExtension>
            <ns3:hr>172</ns3:hr>
            <ns3:cad>104</ns3:cad>
          </ns3:TrackPointExtension>
        </extensions>
      </trkpt>
      <trkpt lat="34.233990199863910675048828125" lon="108.93792073242366313934326171875">
        <ele>414</ele>
        <time>2026-04-07T13:00:28.000Z</time>
        <extensions>
          <ns3:TrackPointExtension>
            <ns3:hr>172</ns3:hr>
            <ns3:cad>104</ns3:cad>
          </ns3:TrackPointExtension>
        </extensions>
      </trkpt>
      <trkpt lat="34.2340181954205036163330078125" lon="108.937926180660724639892578125">
        <ele>414</ele>
        <time>2026-04-07T13:00:29.000Z</time>
        <extensions>
          <ns3:TrackPointExtension>
            <ns3:hr>171</ns3:hr>
            <ns3:cad>104</ns3:cad>
          </ns3:TrackPointExtension>
        </extensions>
      </trkpt>
      <trkpt lat="34.23405222594738006591796875" lon="108.9379172958433628082275390625">
        <ele>414</ele>
        <time>2026-04-07T13:00:30.000Z</time>
        <extensions>
          <ns3:TrackPointExtension>
            <ns3:hr>171</ns3:hr>
            <ns3:cad>104</ns3:cad>
          </ns3:TrackPointExtension>
        </extensions>
      </trkpt>
      <trkpt lat="34.23409220762550830841064453125" lon="108.9379075728356838226318359375">
        <ele>414</ele>
        <time>2026-04-07T13:00:31.000Z</time>
        <extensions>
          <ns3:TrackPointExtension>
            <ns3:hr>171</ns3:hr>
            <ns3:cad>104</ns3:cad>
          </ns3:TrackPointExtension>
        </extensions>
      </trkpt>
      <trkpt lat="34.23412539996206760406494140625" lon="108.93790815956890583038330078125">
        <ele>413.79998779296875</ele>
        <time>2026-04-07T13:00:32.000Z</time>
        <extensions>
          <ns3:TrackPointExtension>
            <ns3:hr>171</ns3:hr>
            <ns3:cad>104</ns3:cad>
          </ns3:TrackPointExtension>
        </extensions>
      </trkpt>
      <trkpt lat="34.2341536469757556915283203125" lon="108.93791268579661846160888671875">
        <ele>413.79998779296875</ele>
        <time>2026-04-07T13:00:33.000Z</time>
        <extensions>
          <ns3:TrackPointExtension>
            <ns3:hr>171</ns3:hr>
            <ns3:cad>104</ns3:cad>
          </ns3:TrackPointExtension>
        </extensions>
      </trkpt>
      <trkpt lat="34.23419035971164703369140625" lon="108.93790614791214466094970703125">
        <ele>413.79998779296875</ele>
        <time>2026-04-07T13:00:34.000Z</time>
        <extensions>
          <ns3:TrackPointExtension>
            <ns3:hr>171</ns3:hr>
            <ns3:cad>104</ns3:cad>
          </ns3:TrackPointExtension>
        </extensions>
      </trkpt>
      <trkpt lat="34.23422346822917461395263671875" lon="108.9379043877124786376953125">
        <ele>413.79998779296875</ele>
        <time>2026-04-07T13:00:35.000Z</time>
        <extensions>
          <ns3:TrackPointExtension>
            <ns3:hr>171</ns3:hr>
            <ns3:cad>104</ns3:cad>
          </ns3:TrackPointExtension>
        </extensions>
      </trkpt>
      <trkpt lat="34.234256409108638763427734375" lon="108.9379058964550495147705078125">
        <ele>413.79998779296875</ele>
        <time>2026-04-07T13:00:36.000Z</time>
        <extensions>
          <ns3:TrackPointExtension>
            <ns3:hr>171</ns3:hr>
            <ns3:cad>103</ns3:cad>
          </ns3:TrackPointExtension>
        </extensions>
      </trkpt>
      <trkpt lat="34.2342837341129779815673828125" lon="108.93790782429277896881103515625">
        <ele>413.79998779296875</ele>
        <time>2026-04-07T13:00:37.000Z</time>
        <extensions>
          <ns3:TrackPointExtension>
            <ns3:hr>171</ns3:hr>
            <ns3:cad>103</ns3:cad>
          </ns3:TrackPointExtension>
        </extensions>
      </trkpt>
      <trkpt lat="34.23432840965688228607177734375" lon="108.9379018731415271759033203125">
        <ele>413.79998779296875</ele>
        <time>2026-04-07T13:00:38.000Z</time>
        <extensions>
          <ns3:TrackPointExtension>
            <ns3:hr>171</ns3:hr>
            <ns3:cad>103</ns3:cad>
          </ns3:TrackPointExtension>
        </extensions>
      </trkpt>
      <trkpt lat="34.2343642003834247589111328125" lon="108.93790447153151035308837890625">
        <ele>413.79998779296875</ele>
        <time>2026-04-07T13:00:39.000Z</time>
        <extensions>
          <ns3:TrackPointExtension>
            <ns3:hr>171</ns3:hr>
            <ns3:cad>103</ns3:cad>
          </ns3:TrackPointExtension>
        </extensions>
      </trkpt>
      <trkpt lat="34.23439688980579376220703125" lon="108.93791176378726959228515625">
        <ele>413.79998779296875</ele>
        <time>2026-04-07T13:00:40.000Z</time>
        <extensions>
          <ns3:TrackPointExtension>
            <ns3:hr>171</ns3:hr>
            <ns3:cad>103</ns3:cad>
          </ns3:TrackPointExtension>
        </extensions>
      </trkpt>
      <trkpt lat="34.23443234525620937347412109375" lon="108.93791050650179386138916015625">
        <ele>413.79998779296875</ele>
        <time>2026-04-07T13:00:41.000Z</time>
        <extensions>
          <ns3:TrackPointExtension>
            <ns3:hr>171</ns3:hr>
            <ns3:cad>104</ns3:cad>
          </ns3:TrackPointExtension>
        </extensions>
      </trkpt>
      <trkpt lat="34.23446972854435443878173828125" lon="108.9379008673131465911865234375">
        <ele>414</ele>
        <time>2026-04-07T13:00:42.000Z</time>
        <extensions>
          <ns3:TrackPointExtension>
            <ns3:hr>171</ns3:hr>
            <ns3:cad>104</ns3:cad>
          </ns3:TrackPointExtension>
        </extensions>
      </trkpt>
      <trkpt lat="34.2345070280134677886962890625" lon="108.93789608962833881378173828125">
        <ele>414</ele>
        <time>2026-04-07T13:00:43.000Z</time>
        <extensions>
          <ns3:TrackPointExtension>
            <ns3:hr>171</ns3:hr>
            <ns3:cad>104</ns3:cad>
          </ns3:TrackPointExtension>
        </extensions>
      </trkpt>
      <trkpt lat="34.2345372028648853302001953125" lon="108.93789156340062618255615234375">
        <ele>414</ele>
        <time>2026-04-07T13:00:44.000Z</time>
        <extensions>
          <ns3:TrackPointExtension>
            <ns3:hr>171</ns3:hr>
            <ns3:cad>104</ns3:cad>
          </ns3:TrackPointExtension>
        </extensions>
      </trkpt>
      <trkpt lat="34.2345714010298252105712890625" lon="108.93787513487040996551513671875">
        <ele>414</ele>
        <time>2026-04-07T13:00:45.000Z</time>
        <extensions>
          <ns3:TrackPointExtension>
            <ns3:hr>171</ns3:hr>
            <ns3:cad>103</ns3:cad>
          </ns3:TrackPointExtension>
        </extensions>
      </trkpt>
      <trkpt lat="34.234599731862545013427734375" lon="108.93784881569445133209228515625">
        <ele>414</ele>
        <time>2026-04-07T13:00:46.000Z</time>
        <extensions>
          <ns3:TrackPointExtension>
            <ns3:hr>171</ns3:hr>
            <ns3:cad>103</ns3:cad>
          </ns3:TrackPointExtension>
        </extensions>
      </trkpt>
      <trkpt lat="34.234629906713962554931640625" lon="108.93782903440296649932861328125">
        <ele>414</ele>
        <time>2026-04-07T13:00:47.000Z</time>
        <extensions>
          <ns3:TrackPointExtension>
            <ns3:hr>171</ns3:hr>
            <ns3:cad>103</ns3:cad>
          </ns3:TrackPointExtension>
        </extensions>
      </trkpt>
      <trkpt lat="34.2346585728228092193603515625" lon="108.9378024637699127197265625">
        <ele>414</ele>
        <time>2026-04-07T13:00:48.000Z</time>
        <extensions>
          <ns3:TrackPointExtension>
            <ns3:hr>171</ns3:hr>
            <ns3:cad>103</ns3:cad>
          </ns3:TrackPointExtension>
        </extensions>
      </trkpt>
      <trkpt lat="34.2346847243607044219970703125" lon="108.93775946460664272308349609375">
        <ele>414</ele>
        <time>2026-04-07T13:00:49.000Z</time>
        <extensions>
          <ns3:TrackPointExtension>
            <ns3:hr>171</ns3:hr>
            <ns3:cad>103</ns3:cad>
          </ns3:TrackPointExtension>
        </extensions>
      </trkpt>
      <trkpt lat="34.23471112735569477081298828125" lon="108.93772174604237079620361328125">
        <ele>414</ele>
        <time>2026-04-07T13:00:50.000Z</time>
        <extensions>
          <ns3:TrackPointExtension>
            <ns3:hr>171</ns3:hr>
            <ns3:cad>96</ns3:cad>
          </ns3:TrackPointExtension>
        </extensions>
      </trkpt>
      <trkpt lat="34.23473526723682880401611328125" lon="108.93769442103803157806396484375">
        <ele>414</ele>
        <time>2026-04-07T13:00:51.000Z</time>
        <extensions>
          <ns3:TrackPointExtension>
            <ns3:hr>171</ns3:hr>
            <ns3:cad>96</ns3:cad>
          </ns3:TrackPointExtension>
        </extensions>
      </trkpt>
      <trkpt lat="34.23475119285285472869873046875" lon="108.93765318207442760467529296875">
        <ele>414</ele>
        <time>2026-04-07T13:00:52.000Z</time>
        <extensions>
          <ns3:TrackPointExtension>
            <ns3:hr>171</ns3:hr>
            <ns3:cad>96</ns3:cad>
          </ns3:TrackPointExtension>
        </extensions>
      </trkpt>
      <trkpt lat="34.23476225696504116058349609375" lon="108.93760356120765209197998046875">
        <ele>414</ele>
        <time>2026-04-07T13:00:53.000Z</time>
        <extensions>
          <ns3:TrackPointExtension>
            <ns3:hr>171</ns3:hr>
            <ns3:cad>103</ns3:cad>
          </ns3:TrackPointExtension>
        </extensions>
      </trkpt>
      <trkpt lat="34.23477550037205219268798828125" lon="108.93757204525172710418701171875">
        <ele>414</ele>
        <time>2026-04-07T13:00:54.000Z</time>
        <extensions>
          <ns3:TrackPointExtension>
            <ns3:hr>171</ns3:hr>
            <ns3:cad>103</ns3:cad>
          </ns3:TrackPointExtension>
        </extensions>
      </trkpt>
      <trkpt lat="34.2347799427807331085205078125" lon="108.93753734417259693145751953125">
        <ele>414</ele>
        <time>2026-04-07T13:00:55.000Z</time>
        <extensions>
          <ns3:TrackPointExtension>
            <ns3:hr>171</ns3:hr>
            <ns3:cad>103</ns3:cad>
          </ns3:TrackPointExtension>
        </extensions>
      </trkpt>
      <trkpt lat="34.234782792627811431884765625" lon="108.93749191425740718841552734375">
        <ele>414</ele>
        <time>2026-04-07T13:00:56.000Z</time>
        <extensions>
          <ns3:TrackPointExtension>
            <ns3:hr>171</ns3:hr>
            <ns3:cad>103</ns3:cad>
          </ns3:TrackPointExtension>
        </extensions>
      </trkpt>
      <trkpt lat="34.23478421755135059356689453125" lon="108.9374469034373760223388671875">
        <ele>414</ele>
        <time>2026-04-07T13:00:57.000Z</time>
        <extensions>
          <ns3:TrackPointExtension>
            <ns3:hr>171</ns3:hr>
            <ns3:cad>103</ns3:cad>
          </ns3:TrackPointExtension>
        </extensions>
      </trkpt>
      <trkpt lat="34.23478170298039913177490234375" lon="108.93741563893854618072509765625">
        <ele>414</ele>
        <time>2026-04-07T13:00:58.000Z</time>
        <extensions>
          <ns3:TrackPointExtension>
            <ns3:hr>171</ns3:hr>
            <ns3:cad>103</ns3:cad>
          </ns3:TrackPointExtension>
        </extensions>
      </trkpt>
      <trkpt lat="34.2347692139446735382080078125" lon="108.93737741746008396148681640625">
        <ele>414</ele>
        <time>2026-04-07T13:00:59.000Z</time>
        <extensions>
          <ns3:TrackPointExtension>
            <ns3:hr>171</ns3:hr>
            <ns3:cad>103</ns3:cad>
          </ns3:TrackPointExtension>
        </extensions>
      </trkpt>
      <trkpt lat="34.23475270159542560577392578125" lon="108.937327377498149871826171875">
        <ele>414</ele>
        <time>2026-04-07T13:01:00.000Z</time>
        <extensions>
          <ns3:TrackPointExtension>
            <ns3:hr>171</ns3:hr>
            <ns3:cad>103</ns3:cad>
          </ns3:TrackPointExtension>
        </extensions>
      </trkpt>
      <trkpt lat="34.23474364914000034332275390625" lon="108.93728672526776790618896484375">
        <ele>414</ele>
        <time>2026-04-07T13:01:01.000Z</time>
        <extensions>
          <ns3:TrackPointExtension>
            <ns3:hr>171</ns3:hr>
            <ns3:cad>103</ns3:cad>
          </ns3:TrackPointExtension>
        </extensions>
      </trkpt>
      <trkpt lat="34.23472839407622814178466796875" lon="108.93725034780800342559814453125">
        <ele>414</ele>
        <time>2026-04-07T13:01:02.000Z</time>
        <extensions>
          <ns3:TrackPointExtension>
            <ns3:hr>171</ns3:hr>
            <ns3:cad>103</ns3:cad>
          </ns3:TrackPointExtension>
        </extensions>
      </trkpt>
      <trkpt lat="34.23470534384250640869140625" lon="108.9372078515589237213134765625">
        <ele>414</ele>
        <time>2026-04-07T13:01:03.000Z</time>
        <extensions>
          <ns3:TrackPointExtension>
            <ns3:hr>171</ns3:hr>
            <ns3:cad>103</ns3:cad>
          </ns3:TrackPointExtension>
        </extensions>
      </trkpt>
      <trkpt lat="34.23467625863850116729736328125" lon="108.9371669478714466094970703125">
        <ele>414</ele>
        <time>2026-04-07T13:01:04.000Z</time>
        <extensions>
          <ns3:TrackPointExtension>
            <ns3:hr>171</ns3:hr>
            <ns3:cad>103</ns3:cad>
          </ns3:TrackPointExtension>
        </extensions>
      </trkpt>
      <trkpt lat="34.2346522025763988494873046875" lon="108.93713685683906078338623046875">
        <ele>414</ele>
        <time>2026-04-07T13:01:05.000Z</time>
        <extensions>
          <ns3:TrackPointExtension>
            <ns3:hr>171</ns3:hr>
            <ns3:cad>103</ns3:cad>
          </ns3:TrackPointExtension>
        </extensions>
      </trkpt>
      <trkpt lat="34.2346213571727275848388671875" lon="108.937116824090480804443359375">
        <ele>414</ele>
        <time>2026-04-07T13:01:06.000Z</time>
        <extensions>
          <ns3:TrackPointExtension>
            <ns3:hr>171</ns3:hr>
            <ns3:cad>103</ns3:cad>
          </ns3:TrackPointExtension>
        </extensions>
      </trkpt>
      <trkpt lat="34.23458254896104335784912109375" lon="108.9370928518474102020263671875">
        <ele>414</ele>
        <time>2026-04-07T13:01:07.000Z</time>
        <extensions>
          <ns3:TrackPointExtension>
            <ns3:hr>171</ns3:hr>
            <ns3:cad>103</ns3:cad>
          </ns3:TrackPointExtension>
        </extensions>
      </trkpt>
      <trkpt lat="34.2345509491860866546630859375" lon="108.9370727352797985076904296875">
        <ele>414.20001220703125</ele>
        <time>2026-04-07T13:01:08.000Z</time>
        <extensions>
          <ns3:TrackPointExtension>
            <ns3:hr>171</ns3:hr>
            <ns3:cad>101</ns3:cad>
          </ns3:TrackPointExtension>
        </extensions>
      </trkpt>
      <trkpt lat="34.23452253453433513641357421875" lon="108.93705873750150203704833984375">
        <ele>414.20001220703125</ele>
        <time>2026-04-07T13:01:09.000Z</time>
        <extensions>
          <ns3:TrackPointExtension>
            <ns3:hr>171</ns3:hr>
            <ns3:cad>101</ns3:cad>
          </ns3:TrackPointExtension>
        </extensions>
      </trkpt>
      <trkpt lat="34.23448028974235057830810546875" lon="108.93705287016928195953369140625">
        <ele>414.20001220703125</ele>
        <time>2026-04-07T13:01:10.000Z</time>
        <extensions>
          <ns3:TrackPointExtension>
            <ns3:hr>171</ns3:hr>
            <ns3:cad>101</ns3:cad>
          </ns3:TrackPointExtension>
        </extensions>
      </trkpt>
      <trkpt lat="34.23443972133100032806396484375" lon="108.93704750575125217437744140625">
        <ele>414.20001220703125</ele>
        <time>2026-04-07T13:01:11.000Z</time>
        <extensions>
          <ns3:TrackPointExtension>
            <ns3:hr>172</ns3:hr>
            <ns3:cad>101</ns3:cad>
          </ns3:TrackPointExtension>
        </extensions>
      </trkpt>
      <trkpt lat="34.23440686427056789398193359375" lon="108.937044404447078704833984375">
        <ele>414.20001220703125</ele>
        <time>2026-04-07T13:01:12.000Z</time>
        <extensions>
          <ns3:TrackPointExtension>
            <ns3:hr>172</ns3:hr>
            <ns3:cad>101</ns3:cad>
          </ns3:TrackPointExtension>
        </extensions>
      </trkpt>
      <trkpt lat="34.23436746932566165924072265625" lon="108.9370502717792987823486328125">
        <ele>414.20001220703125</ele>
        <time>2026-04-07T13:01:13.000Z</time>
        <extensions>
          <ns3:TrackPointExtension>
            <ns3:hr>172</ns3:hr>
            <ns3:cad>101</ns3:cad>
          </ns3:TrackPointExtension>
        </extensions>
      </trkpt>
      <trkpt lat="34.23432220704853534698486328125" lon="108.93705924041569232940673828125">
        <ele>414.20001220703125</ele>
        <time>2026-04-07T13:01:14.000Z</time>
        <extensions>
          <ns3:TrackPointExtension>
            <ns3:hr>172</ns3:hr>
            <ns3:cad>101</ns3:cad>
          </ns3:TrackPointExtension>
        </extensions>
      </trkpt>
      <trkpt lat="34.23429035581648349761962890625" lon="108.93705337308347225189208984375">
        <ele>414</ele>
        <time>2026-04-07T13:01:15.000Z</time>
        <extensions>
          <ns3:TrackPointExtension>
            <ns3:hr>171</ns3:hr>
            <ns3:cad>101</ns3:cad>
          </ns3:TrackPointExtension>
        </extensions>
      </trkpt>
      <trkpt lat="34.23425699584186077117919921875" lon="108.93705957569181919097900390625">
        <ele>414</ele>
        <time>2026-04-07T13:01:16.000Z</time>
        <extensions>
          <ns3:TrackPointExtension>
            <ns3:hr>172</ns3:hr>
            <ns3:cad>101</ns3:cad>
          </ns3:TrackPointExtension>
        </extensions>
      </trkpt>
      <trkpt lat="34.2342180199921131134033203125" lon="108.93706410191953182220458984375">
        <ele>414</ele>
        <time>2026-04-07T13:01:17.000Z</time>
        <extensions>
          <ns3:TrackPointExtension>
            <ns3:hr>172</ns3:hr>
            <ns3:cad>101</ns3:cad>
          </ns3:TrackPointExtension>
        </extensions>
      </trkpt>
      <trkpt lat="34.23417988233268260955810546875" lon="108.937069885432720184326171875">
        <ele>414</ele>
        <time>2026-04-07T13:01:18.000Z</time>
        <extensions>
          <ns3:TrackPointExtension>
            <ns3:hr>172</ns3:hr>
            <ns3:cad>101</ns3:cad>
          </ns3:TrackPointExtension>
        </extensions>
      </trkpt>
      <trkpt lat="34.2341476120054721832275390625" lon="108.9370680414140224456787109375">
        <ele>414</ele>
        <time>2026-04-07T13:01:19.000Z</time>
        <extensions>
          <ns3:TrackPointExtension>
            <ns3:hr>172</ns3:hr>
            <ns3:cad>101</ns3:cad>
          </ns3:TrackPointExtension>
        </extensions>
      </trkpt>
      <trkpt lat="34.23410930670797824859619140625" lon="108.9370703883469104766845703125">
        <ele>414</ele>
        <time>2026-04-07T13:01:20.000Z</time>
        <extensions>
          <ns3:TrackPointExtension>
            <ns3:hr>172</ns3:hr>
            <ns3:cad>101</ns3:cad>
          </ns3:TrackPointExtension>
        </extensions>
      </trkpt>
      <trkpt lat="34.2340671457350254058837890625" lon="108.93707449547946453094482421875">
        <ele>414</ele>
        <time>2026-04-07T13:01:21.000Z</time>
        <extensions>
          <ns3:TrackPointExtension>
            <ns3:hr>172</ns3:hr>
            <ns3:cad>104</ns3:cad>
          </ns3:TrackPointExtension>
        </extensions>
      </trkpt>
      <trkpt lat="34.23403236083686351776123046875" lon="108.93707315437495708465576171875">
        <ele>414</ele>
        <time>2026-04-07T13:01:22.000Z</time>
        <extensions>
          <ns3:TrackPointExtension>
            <ns3:hr>172</ns3:hr>
            <ns3:cad>104</ns3:cad>
          </ns3:TrackPointExtension>
        </extensions>
      </trkpt>
      <trkpt lat="34.2340037785470485687255859375" lon="108.93707432784140110015869140625">
        <ele>414.20001220703125</ele>
        <time>2026-04-07T13:01:23.000Z</time>
        <extensions>
          <ns3:TrackPointExtension>
            <ns3:hr>172</ns3:hr>
            <ns3:cad>104</ns3:cad>
          </ns3:TrackPointExtension>
        </extensions>
      </trkpt>
      <trkpt lat="34.23396094702184200286865234375" lon="108.93707701005041599273681640625">
        <ele>414</ele>
        <time>2026-04-07T13:01:24.000Z</time>
        <extensions>
          <ns3:TrackPointExtension>
            <ns3:hr>173</ns3:hr>
            <ns3:cad>103</ns3:cad>
          </ns3:TrackPointExtension>
        </extensions>
      </trkpt>
      <trkpt lat="34.23392004333436489105224609375" lon="108.937077932059764862060546875">
        <ele>414.20001220703125</ele>
        <time>2026-04-07T13:01:25.000Z</time>
        <extensions>
          <ns3:TrackPointExtension>
            <ns3:hr>172</ns3:hr>
            <ns3:cad>103</ns3:cad>
          </ns3:TrackPointExtension>
        </extensions>
      </trkpt>
      <trkpt lat="34.23388634808361530303955078125" lon="108.9370754174888134002685546875">
        <ele>414.20001220703125</ele>
        <time>2026-04-07T13:01:26.000Z</time>
        <extensions>
          <ns3:TrackPointExtension>
            <ns3:hr>172</ns3:hr>
            <ns3:cad>103</ns3:cad>
          </ns3:TrackPointExtension>
        </extensions>
      </trkpt>
      <trkpt lat="34.233854748308658599853515625" lon="108.93707181327044963836669921875">
        <ele>414.20001220703125</ele>
        <time>2026-04-07T13:01:27.000Z</time>
        <extensions>
          <ns3:TrackPointExtension>
            <ns3:hr>173</ns3:hr>
            <ns3:cad>103</ns3:cad>
          </ns3:TrackPointExtension>
        </extensions>
      </trkpt>
      <trkpt lat="34.2338089831173419952392578125" lon="108.9370777644217014312744140625">
        <ele>414.20001220703125</ele>
        <time>2026-04-07T13:01:28.000Z</time>
        <extensions>
          <ns3:TrackPointExtension>
            <ns3:hr>172</ns3:hr>
            <ns3:cad>103</ns3:cad>
          </ns3:TrackPointExtension>
        </extensions>
      </trkpt>
      <trkpt lat="34.2337726056575775146484375" lon="108.93707692623138427734375">
        <ele>414.20001220703125</ele>
        <time>2026-04-07T13:01:29.000Z</time>
        <extensions>
          <ns3:TrackPointExtension>
            <ns3:hr>172</ns3:hr>
            <ns3:cad>102</ns3:cad>
          </ns3:TrackPointExtension>
        </extensions>
      </trkpt>
      <trkpt lat="34.23374150879681110382080078125" lon="108.9370757527649402618408203125">
        <ele>414.20001220703125</ele>
        <time>2026-04-07T13:01:30.000Z</time>
        <extensions>
          <ns3:TrackPointExtension>
            <ns3:hr>173</ns3:hr>
            <ns3:cad>102</ns3:cad>
          </ns3:TrackPointExtension>
        </extensions>
      </trkpt>
      <trkpt lat="34.23369892872869968414306640625" lon="108.93707768060266971588134765625">
        <ele>414.20001220703125</ele>
        <time>2026-04-07T13:01:31.000Z</time>
        <extensions>
          <ns3:TrackPointExtension>
            <ns3:hr>173</ns3:hr>
            <ns3:cad>102</ns3:cad>
          </ns3:TrackPointExtension>
        </extensions>
      </trkpt>
      <trkpt lat="34.2336574383080005645751953125" lon="108.93707985989749431610107421875">
        <ele>414.20001220703125</ele>
        <time>2026-04-07T13:01:32.000Z</time>
        <extensions>
          <ns3:TrackPointExtension>
            <ns3:hr>173</ns3:hr>
            <ns3:cad>102</ns3:cad>
          </ns3:TrackPointExtension>
        </extensions>
      </trkpt>
      <trkpt lat="34.2336269281804561614990234375" lon="108.93707298673689365386962890625">
        <ele>414.20001220703125</ele>
        <time>2026-04-07T13:01:33.000Z</time>
        <extensions>
          <ns3:TrackPointExtension>
            <ns3:hr>173</ns3:hr>
            <ns3:cad>102</ns3:cad>
          </ns3:TrackPointExtension>
        </extensions>
      </trkpt>
      <trkpt lat="34.23359247855842113494873046875" lon="108.93708287738263607025146484375">
        <ele>414.20001220703125</ele>
        <time>2026-04-07T13:01:34.000Z</time>
        <extensions>
          <ns3:TrackPointExtension>
            <ns3:hr>173</ns3:hr>
            <ns3:cad>102</ns3:cad>
          </ns3:TrackPointExtension>
        </extensions>
      </trkpt>
      <trkpt lat="34.23355065286159515380859375" lon="108.93709612078964710235595703125">
        <ele>414.20001220703125</ele>
        <time>2026-04-07T13:01:35.000Z</time>
        <extensions>
          <ns3:TrackPointExtension>
            <ns3:hr>173</ns3:hr>
            <ns3:cad>102</ns3:cad>
          </ns3:TrackPointExtension>
        </extensions>
      </trkpt>
      <trkpt lat="34.233514778316020965576171875" lon="108.937111794948577880859375">
        <ele>414.20001220703125</ele>
        <time>2026-04-07T13:01:36.000Z</time>
        <extensions>
          <ns3:TrackPointExtension>
            <ns3:hr>173</ns3:hr>
            <ns3:cad>102</ns3:cad>
          </ns3:TrackPointExtension>
        </extensions>
      </trkpt>
      <trkpt lat="34.23348435200750827789306640625" lon="108.93712562508881092071533203125">
        <ele>414.20001220703125</ele>
        <time>2026-04-07T13:01:37.000Z</time>
        <extensions>
          <ns3:TrackPointExtension>
            <ns3:hr>173</ns3:hr>
            <ns3:cad>102</ns3:cad>
          </ns3:TrackPointExtension>
        </extensions>
      </trkpt>
      <trkpt lat="34.23345250077545642852783203125" lon="108.93715269863605499267578125">
        <ele>414.20001220703125</ele>
        <time>2026-04-07T13:01:38.000Z</time>
        <extensions>
          <ns3:TrackPointExtension>
            <ns3:hr>173</ns3:hr>
            <ns3:cad>102</ns3:cad>
          </ns3:TrackPointExtension>
        </extensions>
      </trkpt>
      <trkpt lat="34.2334210686385631561279296875" lon="108.93719033338129520416259765625">
        <ele>414.20001220703125</ele>
        <time>2026-04-07T13:01:39.000Z</time>
        <extensions>
          <ns3:TrackPointExtension>
            <ns3:hr>173</ns3:hr>
            <ns3:cad>102</ns3:cad>
          </ns3:TrackPointExtension>
        </extensions>
      </trkpt>
      <trkpt lat="34.233392067253589630126953125" lon="108.93721975386142730712890625">
        <ele>414.20001220703125</ele>
        <time>2026-04-07T13:01:40.000Z</time>
        <extensions>
          <ns3:TrackPointExtension>
            <ns3:hr>173</ns3:hr>
            <ns3:cad>102</ns3:cad>
          </ns3:TrackPointExtension>
        </extensions>
      </trkpt>
      <trkpt lat="34.23335996456444263458251953125" lon="108.937251605093479156494140625">
        <ele>414.20001220703125</ele>
        <time>2026-04-07T13:01:41.000Z</time>
        <extensions>
          <ns3:TrackPointExtension>
            <ns3:hr>173</ns3:hr>
            <ns3:cad>102</ns3:cad>
          </ns3:TrackPointExtension>
        </extensions>
      </trkpt>
      <trkpt lat="34.23333339393138885498046875" lon="108.93729845993220806121826171875">
        <ele>414.20001220703125</ele>
        <time>2026-04-07T13:01:42.000Z</time>
        <extensions>
          <ns3:TrackPointExtension>
            <ns3:hr>173</ns3:hr>
            <ns3:cad>102</ns3:cad>
          </ns3:TrackPointExtension>
        </extensions>
      </trkpt>
      <trkpt lat="34.233313612639904022216796875" lon="108.937342464923858642578125">
        <ele>414.20001220703125</ele>
        <time>2026-04-07T13:01:43.000Z</time>
        <extensions>
          <ns3:TrackPointExtension>
            <ns3:hr>173</ns3:hr>
            <ns3:cad>95</ns3:cad>
          </ns3:TrackPointExtension>
        </extensions>
      </trkpt>
      <trkpt lat="34.2332933284342288970947265625" lon="108.937379010021686553955078125">
        <ele>414.20001220703125</ele>
        <time>2026-04-07T13:01:44.000Z</time>
        <extensions>
          <ns3:TrackPointExtension>
            <ns3:hr>173</ns3:hr>
            <ns3:cad>95</ns3:cad>
          </ns3:TrackPointExtension>
        </extensions>
      </trkpt>
      <trkpt lat="34.2332856170833110809326171875" lon="108.93742603249847888946533203125">
        <ele>414.399993896484375</ele>
        <time>2026-04-07T13:01:45.000Z</time>
        <extensions>
          <ns3:TrackPointExtension>
            <ns3:hr>173</ns3:hr>
            <ns3:cad>102</ns3:cad>
          </ns3:TrackPointExtension>
        </extensions>
      </trkpt>
      <trkpt lat="34.23328201286494731903076171875" lon="108.9374824427068233489990234375">
        <ele>414.399993896484375</ele>
        <time>2026-04-07T13:01:46.000Z</time>
        <extensions>
          <ns3:TrackPointExtension>
            <ns3:hr>173</ns3:hr>
            <ns3:cad>102</ns3:cad>
          </ns3:TrackPointExtension>
        </extensions>
      </trkpt>
      <trkpt lat="34.233277738094329833984375" lon="108.937523849308490753173828125">
        <ele>414.20001220703125</ele>
        <time>2026-04-07T13:01:47.000Z</time>
        <extensions>
          <ns3:TrackPointExtension>
            <ns3:hr>173</ns3:hr>
            <ns3:cad>102</ns3:cad>
          </ns3:TrackPointExtension>
        </extensions>
      </trkpt>
      <trkpt lat="34.2332804203033447265625" lon="108.93756383098661899566650390625">
        <ele>414.20001220703125</ele>
        <time>2026-04-07T13:01:48.000Z</time>
        <extensions>
          <ns3:TrackPointExtension>
            <ns3:hr>173</ns3:hr>
            <ns3:cad>102</ns3:cad>
          </ns3:TrackPointExtension>
        </extensions>
      </trkpt>
      <trkpt lat="34.2332919873297214508056640625" lon="108.9376108534634113311767578125">
        <ele>414.20001220703125</ele>
        <time>2026-04-07T13:01:49.000Z</time>
        <extensions>
          <ns3:TrackPointExtension>
            <ns3:hr>173</ns3:hr>
            <ns3:cad>102</ns3:cad>
          </ns3:TrackPointExtension>
        </extensions>
      </trkpt>
      <trkpt lat="34.23330925405025482177734375" lon="108.93766139633953571319580078125">
        <ele>414.20001220703125</ele>
        <time>2026-04-07T13:01:50.000Z</time>
        <extensions>
          <ns3:TrackPointExtension>
            <ns3:hr>174</ns3:hr>
            <ns3:cad>102</ns3:cad>
          </ns3:TrackPointExtension>
        </extensions>
      </trkpt>
      <trkpt lat="34.233320653438568115234375" lon="108.9377003721892833709716796875">
        <ele>414.399993896484375</ele>
        <time>2026-04-07T13:01:51.000Z</time>
        <extensions>
          <ns3:TrackPointExtension>
            <ns3:hr>174</ns3:hr>
            <ns3:cad>102</ns3:cad>
          </ns3:TrackPointExtension>
        </extensions>
      </trkpt>
      <trkpt lat="34.23334839753806591033935546875" lon="108.93774420954287052154541015625">
        <ele>414.399993896484375</ele>
        <time>2026-04-07T13:01:52.000Z</time>
        <extensions>
          <ns3:TrackPointExtension>
            <ns3:hr>175</ns3:hr>
            <ns3:cad>102</ns3:cad>
          </ns3:TrackPointExtension>
        </extensions>
      </trkpt>
      <trkpt lat="34.23337840475142002105712890625" lon="108.93778947181999683380126953125">
        <ele>414.399993896484375</ele>
        <time>2026-04-07T13:01:53.000Z</time>
        <extensions>
          <ns3:TrackPointExtension>
            <ns3:hr>175</ns3:hr>
            <ns3:cad>103</ns3:cad>
          </ns3:TrackPointExtension>
        </extensions>
      </trkpt>
      <trkpt lat="34.23340003006160259246826171875" lon="108.93782995641231536865234375">
        <ele>414.399993896484375</ele>
        <time>2026-04-07T13:01:54.000Z</time>
        <extensions>
          <ns3:TrackPointExtension>
            <ns3:hr>175</ns3:hr>
            <ns3:cad>103</ns3:cad>
          </ns3:TrackPointExtension>
        </extensions>
      </trkpt>
      <trkpt lat="34.2334274388849735260009765625" lon="108.9378676749765872955322265625">
        <ele>414.399993896484375</ele>
        <time>2026-04-07T13:01:55.000Z</time>
        <extensions>
          <ns3:TrackPointExtension>
            <ns3:hr>175</ns3:hr>
            <ns3:cad>103</ns3:cad>
          </ns3:TrackPointExtension>
        </extensions>
      </trkpt>
      <trkpt lat="34.233467839658260345458984375" lon="108.9379015378654003143310546875">
        <ele>414.399993896484375</ele>
        <time>2026-04-07T13:01:56.000Z</time>
        <extensions>
          <ns3:TrackPointExtension>
            <ns3:hr>175</ns3:hr>
            <ns3:cad>103</ns3:cad>
          </ns3:TrackPointExtension>
        </extensions>
      </trkpt>
      <trkpt lat="34.23350279219448566436767578125" lon="108.9379258453845977783203125">
        <ele>414.399993896484375</ele>
        <time>2026-04-07T13:01:57.000Z</time>
        <extensions>
          <ns3:TrackPointExtension>
            <ns3:hr>175</ns3:hr>
            <ns3:cad>102</ns3:cad>
          </ns3:TrackPointExtension>
        </extensions>
      </trkpt>
      <trkpt lat="34.23353196121752262115478515625" lon="108.93793816678225994110107421875">
        <ele>414.399993896484375</ele>
        <time>2026-04-07T13:01:58.000Z</time>
        <extensions>
          <ns3:TrackPointExtension>
            <ns3:hr>175</ns3:hr>
            <ns3:cad>101</ns3:cad>
          </ns3:TrackPointExtension>
        </extensions>
      </trkpt>
      <trkpt lat="34.2335719428956508636474609375" lon="108.937942273914813995361328125">
        <ele>414.399993896484375</ele>
        <time>2026-04-07T13:01:59.000Z</time>
        <extensions>
          <ns3:TrackPointExtension>
            <ns3:hr>175</ns3:hr>
            <ns3:cad>101</ns3:cad>
          </ns3:TrackPointExtension>
        </extensions>
      </trkpt>
      <trkpt lat="34.23361309804022312164306640625" lon="108.9379461295902729034423828125">
        <ele>414.399993896484375</ele>
        <time>2026-04-07T13:02:00.000Z</time>
        <extensions>
          <ns3:TrackPointExtension>
            <ns3:hr>175</ns3:hr>
            <ns3:cad>101</ns3:cad>
          </ns3:TrackPointExtension>
        </extensions>
      </trkpt>
      <trkpt lat="34.233643524348735809326171875" lon="108.9379468001425266265869140625">
        <ele>414.399993896484375</ele>
        <time>2026-04-07T13:02:01.000Z</time>
        <extensions>
          <ns3:TrackPointExtension>
            <ns3:hr>175</ns3:hr>
            <ns3:cad>101</ns3:cad>
          </ns3:TrackPointExtension>
        </extensions>
      </trkpt>
      <trkpt lat="34.2336775548756122589111328125" lon="108.937944956123828887939453125">
        <ele>414.399993896484375</ele>
        <time>2026-04-07T13:02:02.000Z</time>
        <extensions>
          <ns3:TrackPointExtension>
            <ns3:hr>174</ns3:hr>
            <ns3:cad>101</ns3:cad>
          </ns3:TrackPointExtension>
        </extensions>
      </trkpt>
      <trkpt lat="34.233719967305660247802734375" lon="108.937936238944530487060546875">
        <ele>414.399993896484375</ele>
        <time>2026-04-07T13:02:03.000Z</time>
        <extensions>
          <ns3:TrackPointExtension>
            <ns3:hr>174</ns3:hr>
            <ns3:cad>101</ns3:cad>
          </ns3:TrackPointExtension>
        </extensions>
      </trkpt>
      <trkpt lat="34.23375726677477359771728515625" lon="108.9379394240677356719970703125">
        <ele>414.399993896484375</ele>
        <time>2026-04-07T13:02:04.000Z</time>
        <extensions>
          <ns3:TrackPointExtension>
            <ns3:hr>174</ns3:hr>
            <ns3:cad>101</ns3:cad>
          </ns3:TrackPointExtension>
        </extensions>
      </trkpt>
      <trkpt lat="34.23379045911133289337158203125" lon="108.9379347302019596099853515625">
        <ele>414.600006103515625</ele>
        <time>2026-04-07T13:02:05.000Z</time>
        <extensions>
          <ns3:TrackPointExtension>
            <ns3:hr>175</ns3:hr>
            <ns3:cad>101</ns3:cad>
          </ns3:TrackPointExtension>
        </extensions>
      </trkpt>
      <trkpt lat="34.23383203335106372833251953125" lon="108.93792475573718547821044921875">
        <ele>414.600006103515625</ele>
        <time>2026-04-07T13:02:06.000Z</time>
        <extensions>
          <ns3:TrackPointExtension>
            <ns3:hr>175</ns3:hr>
            <ns3:cad>101</ns3:cad>
          </ns3:TrackPointExtension>
        </extensions>
      </trkpt>
      <trkpt lat="34.2338767088949680328369140625" lon="108.93791737966239452362060546875">
        <ele>414.600006103515625</ele>
        <time>2026-04-07T13:02:07.000Z</time>
        <extensions>
          <ns3:TrackPointExtension>
            <ns3:hr>175</ns3:hr>
            <ns3:cad>95</ns3:cad>
          </ns3:TrackPointExtension>
        </extensions>
      </trkpt>
      <trkpt lat="34.2339135892689228057861328125" lon="108.93791981041431427001953125">
        <ele>414.600006103515625</ele>
        <time>2026-04-07T13:02:08.000Z</time>
        <extensions>
          <ns3:TrackPointExtension>
            <ns3:hr>175</ns3:hr>
            <ns3:cad>95</ns3:cad>
          </ns3:TrackPointExtension>
        </extensions>
      </trkpt>
      <trkpt lat="34.23394384793937206268310546875" lon="108.937921486794948577880859375">
        <ele>414.600006103515625</ele>
        <time>2026-04-07T13:02:09.000Z</time>
        <extensions>
          <ns3:TrackPointExtension>
            <ns3:hr>175</ns3:hr>
            <ns3:cad>102</ns3:cad>
          </ns3:TrackPointExtension>
        </extensions>
      </trkpt>
      <trkpt lat="34.23398911021649837493896484375" lon="108.9379162900149822235107421875">
        <ele>414.600006103515625</ele>
        <time>2026-04-07T13:02:10.000Z</time>
        <extensions>
          <ns3:TrackPointExtension>
            <ns3:hr>175</ns3:hr>
            <ns3:cad>102</ns3:cad>
          </ns3:TrackPointExtension>
        </extensions>
      </trkpt>
      <trkpt lat="34.23402448184788227081298828125" lon="108.93791872076690196990966796875">
        <ele>414.600006103515625</ele>
        <time>2026-04-07T13:02:11.000Z</time>
        <extensions>
          <ns3:TrackPointExtension>
            <ns3:hr>174</ns3:hr>
            <ns3:cad>102</ns3:cad>
          </ns3:TrackPointExtension>
        </extensions>
      </trkpt>
      <trkpt lat="34.2340564168989658355712890625" lon="108.937924839556217193603515625">
        <ele>414.600006103515625</ele>
        <time>2026-04-07T13:02:12.000Z</time>
        <extensions>
          <ns3:TrackPointExtension>
            <ns3:hr>175</ns3:hr>
            <ns3:cad>103</ns3:cad>
          </ns3:TrackPointExtension>
        </extensions>
      </trkpt>
      <trkpt lat="34.23409203998744487762451171875" lon="108.9379216544330120086669921875">
        <ele>414.600006103515625</ele>
        <time>2026-04-07T13:02:13.000Z</time>
        <extensions>
          <ns3:TrackPointExtension>
            <ns3:hr>175</ns3:hr>
            <ns3:cad>103</ns3:cad>
          </ns3:TrackPointExtension>
        </extensions>
      </trkpt>
      <trkpt lat="34.23413646407425403594970703125" lon="108.93791620619595050811767578125">
        <ele>414.600006103515625</ele>
        <time>2026-04-07T13:02:14.000Z</time>
        <extensions>
          <ns3:TrackPointExtension>
            <ns3:hr>175</ns3:hr>
            <ns3:cad>103</ns3:cad>
          </ns3:TrackPointExtension>
        </extensions>
      </trkpt>
      <trkpt lat="34.23416948877274990081787109375" lon="108.9379226602613925933837890625">
        <ele>414.600006103515625</ele>
        <time>2026-04-07T13:02:15.000Z</time>
        <extensions>
          <ns3:TrackPointExtension>
            <ns3:hr>175</ns3:hr>
            <ns3:cad>103</ns3:cad>
          </ns3:TrackPointExtension>
        </extensions>
      </trkpt>
      <trkpt lat="34.23419999890029430389404296875" lon="108.93791444599628448486328125">
        <ele>414.600006103515625</ele>
        <time>2026-04-07T13:02:16.000Z</time>
        <extensions>
          <ns3:TrackPointExtension>
            <ns3:hr>175</ns3:hr>
            <ns3:cad>103</ns3:cad>
          </ns3:TrackPointExtension>
        </extensions>
      </trkpt>
      <trkpt lat="34.23424358479678630828857421875" lon="108.93791151233017444610595703125">
        <ele>414.600006103515625</ele>
        <time>2026-04-07T13:02:17.000Z</time>
        <extensions>
          <ns3:TrackPointExtension>
            <ns3:hr>175</ns3:hr>
            <ns3:cad>103</ns3:cad>
          </ns3:TrackPointExtension>
        </extensions>
      </trkpt>
      <trkpt lat="34.2342902719974517822265625" lon="108.93791167996823787689208984375">
        <ele>414.600006103515625</ele>
        <time>2026-04-07T13:02:18.000Z</time>
        <extensions>
          <ns3:TrackPointExtension>
            <ns3:hr>176</ns3:hr>
            <ns3:cad>103</ns3:cad>
          </ns3:TrackPointExtension>
        </extensions>
      </trkpt>
      <trkpt lat="34.23432891257107257843017578125" lon="108.93791721202433109283447265625">
        <ele>414.399993896484375</ele>
        <time>2026-04-07T13:02:19.000Z</time>
        <extensions>
          <ns3:TrackPointExtension>
            <ns3:hr>175</ns3:hr>
            <ns3:cad>103</ns3:cad>
          </ns3:TrackPointExtension>
        </extensions>
      </trkpt>
      <trkpt lat="34.234364368021488189697265625" lon="108.9379075728356838226318359375">
        <ele>414.600006103515625</ele>
        <time>2026-04-07T13:02:20.000Z</time>
        <extensions>
          <ns3:TrackPointExtension>
            <ns3:hr>175</ns3:hr>
            <ns3:cad>103</ns3:cad>
          </ns3:TrackPointExtension>
        </extensions>
      </trkpt>
      <trkpt lat="34.23440627753734588623046875" lon="108.93790480680763721466064453125">
        <ele>414.399993896484375</ele>
        <time>2026-04-07T13:02:21.000Z</time>
        <extensions>
          <ns3:TrackPointExtension>
            <ns3:hr>175</ns3:hr>
            <ns3:cad>95</ns3:cad>
          </ns3:TrackPointExtension>
        </extensions>
      </trkpt>
      <trkpt lat="34.23444391228258609771728515625" lon="108.93790304660797119140625">
        <ele>414.600006103515625</ele>
        <time>2026-04-07T13:02:22.000Z</time>
        <extensions>
          <ns3:TrackPointExtension>
            <ns3:hr>175</ns3:hr>
            <ns3:cad>95</ns3:cad>
          </ns3:TrackPointExtension>
        </extensions>
      </trkpt>
      <trkpt lat="34.23447869718074798583984375" lon="108.93790598027408123016357421875">
        <ele>414.600006103515625</ele>
        <time>2026-04-07T13:02:23.000Z</time>
        <extensions>
          <ns3:TrackPointExtension>
            <ns3:hr>175</ns3:hr>
            <ns3:cad>104</ns3:cad>
          </ns3:TrackPointExtension>
        </extensions>
      </trkpt>
      <trkpt lat="34.23451666720211505889892578125" lon="108.9378921501338481903076171875">
        <ele>414.600006103515625</ele>
        <time>2026-04-07T13:02:24.000Z</time>
        <extensions>
          <ns3:TrackPointExtension>
            <ns3:hr>175</ns3:hr>
            <ns3:cad>104</ns3:cad>
          </ns3:TrackPointExtension>
        </extensions>
      </trkpt>
      <trkpt lat="34.23455421812832355499267578125" lon="108.9378700219094753265380859375">
        <ele>414.600006103515625</ele>
        <time>2026-04-07T13:02:25.000Z</time>
        <extensions>
          <ns3:TrackPointExtension>
            <ns3:hr>175</ns3:hr>
            <ns3:cad>104</ns3:cad>
          </ns3:TrackPointExtension>
        </extensions>
      </trkpt>
      <trkpt lat="34.2345878295600414276123046875" lon="108.9378646574914455413818359375">
        <ele>414.600006103515625</ele>
        <time>2026-04-07T13:02:26.000Z</time>
        <extensions>
          <ns3:TrackPointExtension>
            <ns3:hr>175</ns3:hr>
            <ns3:cad>105</ns3:cad>
          </ns3:TrackPointExtension>
        </extensions>
      </trkpt>
      <trkpt lat="34.23461842350661754608154296875" lon="108.93785183317959308624267578125">
        <ele>414.600006103515625</ele>
        <time>2026-04-07T13:02:27.000Z</time>
        <extensions>
          <ns3:TrackPointExtension>
            <ns3:hr>175</ns3:hr>
            <ns3:cad>105</ns3:cad>
          </ns3:TrackPointExtension>
        </extensions>
      </trkpt>
      <trkpt lat="34.2346555553376674652099609375" lon="108.9378173835575580596923828125">
        <ele>414.600006103515625</ele>
        <time>2026-04-07T13:02:28.000Z</time>
        <extensions>
          <ns3:TrackPointExtension>
            <ns3:hr>175</ns3:hr>
            <ns3:cad>105</ns3:cad>
          </ns3:TrackPointExtension>
        </extensions>
      </trkpt>
      <trkpt lat="34.2346843890845775604248046875" lon="108.9377865381538867950439453125">
        <ele>414.600006103515625</ele>
        <time>2026-04-07T13:02:29.000Z</time>
        <extensions>
          <ns3:TrackPointExtension>
            <ns3:hr>175</ns3:hr>
            <ns3:cad>105</ns3:cad>
          </ns3:TrackPointExtension>
        </extensions>
      </trkpt>
      <trkpt lat="34.23471062444150447845458984375" lon="108.93775753676891326904296875">
        <ele>414.600006103515625</ele>
        <time>2026-04-07T13:02:30.000Z</time>
        <extensions>
          <ns3:TrackPointExtension>
            <ns3:hr>175</ns3:hr>
            <ns3:cad>105</ns3:cad>
          </ns3:TrackPointExtension>
        </extensions>
      </trkpt>
      <trkpt lat="34.23473359085619449615478515625" lon="108.93771369941532611846923828125">
        <ele>414.600006103515625</ele>
        <time>2026-04-07T13:02:31.000Z</time>
        <extensions>
          <ns3:TrackPointExtension>
            <ns3:hr>175</ns3:hr>
            <ns3:cad>105</ns3:cad>
          </ns3:TrackPointExtension>
        </extensions>
      </trkpt>
      <trkpt lat="34.2347507737576961517333984375" lon="108.93766374327242374420166015625">
        <ele>414.600006103515625</ele>
        <time>2026-04-07T13:02:32.000Z</time>
        <extensions>
          <ns3:TrackPointExtension>
            <ns3:hr>175</ns3:hr>
            <ns3:cad>105</ns3:cad>
          </ns3:TrackPointExtension>
        </extensions>
      </trkpt>
      <trkpt lat="34.2347692139446735382080078125" lon="108.93762820400297641754150390625">
        <ele>414.600006103515625</ele>
        <time>2026-04-07T13:02:33.000Z</time>
        <extensions>
          <ns3:TrackPointExtension>
            <ns3:hr>175</ns3:hr>
            <ns3:cad>105</ns3:cad>
          </ns3:TrackPointExtension>
        </extensions>
      </trkpt>
      <trkpt lat="34.23477801494300365447998046875" lon="108.937588892877101898193359375">
        <ele>414.600006103515625</ele>
        <time>2026-04-07T13:02:34.000Z</time>
        <extensions>
          <ns3:TrackPointExtension>
            <ns3:hr>175</ns3:hr>
            <ns3:cad>105</ns3:cad>
          </ns3:TrackPointExtension>
        </extensions>
      </trkpt>
      <trkpt lat="34.2347836308181285858154296875" lon="108.93753315322101116180419921875">
        <ele>414.600006103515625</ele>
        <time>2026-04-07T13:02:35.000Z</time>
        <extensions>
          <ns3:TrackPointExtension>
            <ns3:hr>176</ns3:hr>
            <ns3:cad>105</ns3:cad>
          </ns3:TrackPointExtension>
        </extensions>
      </trkpt>
      <trkpt lat="34.23479159362614154815673828125" lon="108.93748722039163112640380859375">
        <ele>414.600006103515625</ele>
        <time>2026-04-07T13:02:36.000Z</time>
        <extensions>
          <ns3:TrackPointExtension>
            <ns3:hr>176</ns3:hr>
            <ns3:cad>102</ns3:cad>
          </ns3:TrackPointExtension>
        </extensions>
      </trkpt>
      <trkpt lat="34.23478757031261920928955078125" lon="108.937402479350566864013671875">
        <ele>414.600006103515625</ele>
        <time>2026-04-07T13:02:37.000Z</time>
        <extensions>
          <ns3:TrackPointExtension>
            <ns3:hr>175</ns3:hr>
            <ns3:cad>102</ns3:cad>
          </ns3:TrackPointExtension>
        </extensions>
      </trkpt>
      <trkpt lat="34.23477482981979846954345703125" lon="108.9373590610921382904052734375">
        <ele>414.600006103515625</ele>
        <time>2026-04-07T13:02:38.000Z</time>
        <extensions>
          <ns3:TrackPointExtension>
            <ns3:hr>175</ns3:hr>
            <ns3:cad>102</ns3:cad>
          </ns3:TrackPointExtension>
        </extensions>
      </trkpt>
      <trkpt lat="34.2347618378698825836181640625" lon="108.9373141340911388397216796875">
        <ele>414.600006103515625</ele>
        <time>2026-04-07T13:02:39.000Z</time>
        <extensions>
          <ns3:TrackPointExtension>
            <ns3:hr>175</ns3:hr>
            <ns3:cad>102</ns3:cad>
          </ns3:TrackPointExtension>
        </extensions>
      </trkpt>
      <trkpt lat="34.23475152812898159027099609375" lon="108.93726509995758533477783203125">
        <ele>414.600006103515625</ele>
        <time>2026-04-07T13:02:40.000Z</time>
        <extensions>
          <ns3:TrackPointExtension>
            <ns3:hr>175</ns3:hr>
            <ns3:cad>102</ns3:cad>
          </ns3:TrackPointExtension>
        </extensions>
      </trkpt>
      <trkpt lat="34.23474884591996669769287109375" lon="108.93722109496593475341796875">
        <ele>414.600006103515625</ele>
        <time>2026-04-07T13:02:41.000Z</time>
        <extensions>
          <ns3:TrackPointExtension>
            <ns3:hr>176</ns3:hr>
            <ns3:cad>102</ns3:cad>
          </ns3:TrackPointExtension>
        </extensions>
      </trkpt>
      <trkpt lat="34.23474934883415699005126953125" lon="108.9371813647449016571044921875">
        <ele>414.600006103515625</ele>
        <time>2026-04-07T13:02:42.000Z</time>
        <extensions>
          <ns3:TrackPointExtension>
            <ns3:hr>176</ns3:hr>
            <ns3:cad>103</ns3:cad>
          </ns3:TrackPointExtension>
        </extensions>
      </trkpt>
      <trkpt lat="34.23475219868123531341552734375" lon="108.9371374435722827911376953125">
        <ele>414.79998779296875</ele>
        <time>2026-04-07T13:02:43.000Z</time>
        <extensions>
          <ns3:TrackPointExtension>
            <ns3:hr>176</ns3:hr>
            <ns3:cad>103</ns3:cad>
          </ns3:TrackPointExtension>
        </extensions>
      </trkpt>
      <trkpt lat="34.23476527445018291473388671875" lon="108.9371223561465740203857421875">
        <ele>414.79998779296875</ele>
        <time>2026-04-07T13:02:44.000Z</time>
        <extensions>
          <ns3:TrackPointExtension>
            <ns3:hr>176</ns3:hr>
            <ns3:cad>102</ns3:cad>
          </ns3:TrackPointExtension>
        </extensions>
      </trkpt>
    </trkseg>
  </trk>
</gpx>
