<gpx xmlns:ns3="http://www.garmin.com/xmlschemas/TrackPointExtension/v1" xmlns="http://www.topografix.com/GPX/1/1" xmlns:xsi="http://www.w3.org/2001/XMLSchema-instance" xmlns:ns2="http://www.garmin.com/xmlschemas/GpxExtensions/v3" creator="Garmin Connect" version="1.1" xsi:schemaLocation="http://www.topografix.com/GPX/1/1 http://www.topografix.com/GPX/11.xsd">
  <extensions>
<distance>1710.0</distance>
<average_hr>154.0</average_hr>
<average_speed>3.2739999294281006</average_speed>
<start_time>2026-05-15T23:49:05+00:00</start_time>
<end_time>2026-05-15T23:57:47.306000+00:00</end_time>
<moving_time>521.037</moving_time>
<elapsed_time>522.306</elapsed_time>
</extensions>
<metadata>
    <link href="connect.garmin.com">
      <text>Garmin Connect</text>
    </link>
    <time>2026-05-15T23:49:05.000Z</time>
  </metadata>
  <trk>
    <name>西安市 操场跑步</name>
    <type>track_running</type>
    <trkseg>
      <trkpt lat="34.26896394230425357818603515625" lon="108.95366144366562366485595703125">
        <ele>411.20001220703125</ele>
        <time>2026-05-15T23:49:05.000Z</time>
        <extensions>
          <ns3:TrackPointExtension>
            <ns3:hr>110</ns3:hr>
            <ns3:cad>55</ns3:cad>
          </ns3:TrackPointExtension>
        </extensions>
      </trkpt>
      <trkpt lat="34.26895983517169952392578125" lon="108.95370804704725742340087890625">
        <ele>411.399993896484375</ele>
        <time>2026-05-15T23:49:06.000Z</time>
        <extensions>
          <ns3:TrackPointExtension>
            <ns3:hr>110</ns3:hr>
            <ns3:cad>55</ns3:cad>
          </ns3:TrackPointExtension>
        </extensions>
      </trkpt>
      <trkpt lat="34.26892354153096675872802734375" lon="108.95370729267597198486328125">
        <ele>411.399993896484375</ele>
        <time>2026-05-15T23:49:07.000Z</time>
        <extensions>
          <ns3:TrackPointExtension>
            <ns3:hr>110</ns3:hr>
            <ns3:cad>56</ns3:cad>
          </ns3:TrackPointExtension>
        </extensions>
      </trkpt>
      <trkpt lat="34.268905855715274810791015625" lon="108.953706957399845123291015625">
        <ele>411.399993896484375</ele>
        <time>2026-05-15T23:49:08.000Z</time>
        <extensions>
          <ns3:TrackPointExtension>
            <ns3:hr>110</ns3:hr>
            <ns3:cad>55</ns3:cad>
          </ns3:TrackPointExtension>
        </extensions>
      </trkpt>
      <trkpt lat="34.268873669207096099853515625" lon="108.95370637066662311553955078125">
        <ele>411.399993896484375</ele>
        <time>2026-05-15T23:49:09.000Z</time>
        <extensions>
          <ns3:TrackPointExtension>
            <ns3:hr>110</ns3:hr>
            <ns3:cad>55</ns3:cad>
          </ns3:TrackPointExtension>
        </extensions>
      </trkpt>
      <trkpt lat="34.26883653737604618072509765625" lon="108.953705616295337677001953125">
        <ele>411.399993896484375</ele>
        <time>2026-05-15T23:49:10.000Z</time>
        <extensions>
          <ns3:TrackPointExtension>
            <ns3:hr>109</ns3:hr>
            <ns3:cad>55</ns3:cad>
          </ns3:TrackPointExtension>
        </extensions>
      </trkpt>
      <trkpt lat="34.26880971528589725494384765625" lon="108.9537051133811473846435546875">
        <ele>411.399993896484375</ele>
        <time>2026-05-15T23:49:11.000Z</time>
        <extensions>
          <ns3:TrackPointExtension>
            <ns3:hr>110</ns3:hr>
            <ns3:cad>100</ns3:cad>
          </ns3:TrackPointExtension>
        </extensions>
      </trkpt>
      <trkpt lat="34.26876026205718517303466796875" lon="108.9537044428288936614990234375">
        <ele>411.399993896484375</ele>
        <time>2026-05-15T23:49:12.000Z</time>
        <extensions>
          <ns3:TrackPointExtension>
            <ns3:hr>110</ns3:hr>
            <ns3:cad>100</ns3:cad>
          </ns3:TrackPointExtension>
        </extensions>
      </trkpt>
      <trkpt lat="34.2687186039984226226806640625" lon="108.95370653830468654632568359375">
        <ele>411.399993896484375</ele>
        <time>2026-05-15T23:49:13.000Z</time>
        <extensions>
          <ns3:TrackPointExtension>
            <ns3:hr>111</ns3:hr>
            <ns3:cad>100</ns3:cad>
          </ns3:TrackPointExtension>
        </extensions>
      </trkpt>
      <trkpt lat="34.26870930008590221405029296875" lon="108.95370821468532085418701171875">
        <ele>411.399993896484375</ele>
        <time>2026-05-15T23:49:14.000Z</time>
        <extensions>
          <ns3:TrackPointExtension>
            <ns3:hr>112</ns3:hr>
            <ns3:cad>98</ns3:cad>
          </ns3:TrackPointExtension>
        </extensions>
      </trkpt>
      <trkpt lat="34.26866672001779079437255859375" lon="108.95371726714074611663818359375">
        <ele>411.399993896484375</ele>
        <time>2026-05-15T23:49:15.000Z</time>
        <extensions>
          <ns3:TrackPointExtension>
            <ns3:hr>113</ns3:hr>
            <ns3:cad>99</ns3:cad>
          </ns3:TrackPointExtension>
        </extensions>
      </trkpt>
      <trkpt lat="34.2686321027576923370361328125" lon="108.953729085624217987060546875">
        <ele>411.399993896484375</ele>
        <time>2026-05-15T23:49:16.000Z</time>
        <extensions>
          <ns3:TrackPointExtension>
            <ns3:hr>115</ns3:hr>
            <ns3:cad>99</ns3:cad>
          </ns3:TrackPointExtension>
        </extensions>
      </trkpt>
      <trkpt lat="34.26861919462680816650390625" lon="108.95373486913740634918212890625">
        <ele>411.399993896484375</ele>
        <time>2026-05-15T23:49:17.000Z</time>
        <extensions>
          <ns3:TrackPointExtension>
            <ns3:hr>117</ns3:hr>
            <ns3:cad>99</ns3:cad>
          </ns3:TrackPointExtension>
        </extensions>
      </trkpt>
      <trkpt lat="34.268584661185741424560546875" lon="108.953752219676971435546875">
        <ele>411.399993896484375</ele>
        <time>2026-05-15T23:49:18.000Z</time>
        <extensions>
          <ns3:TrackPointExtension>
            <ns3:hr>119</ns3:hr>
            <ns3:cad>99</ns3:cad>
          </ns3:TrackPointExtension>
        </extensions>
      </trkpt>
      <trkpt lat="34.26855339668691158294677734375" lon="108.95377325825393199920654296875">
        <ele>411.399993896484375</ele>
        <time>2026-05-15T23:49:19.000Z</time>
        <extensions>
          <ns3:TrackPointExtension>
            <ns3:hr>120</ns3:hr>
            <ns3:cad>99</ns3:cad>
          </ns3:TrackPointExtension>
        </extensions>
      </trkpt>
      <trkpt lat="34.268539734184741973876953125" lon="108.95378348417580127716064453125">
        <ele>411.399993896484375</ele>
        <time>2026-05-15T23:49:20.000Z</time>
        <extensions>
          <ns3:TrackPointExtension>
            <ns3:hr>121</ns3:hr>
            <ns3:cad>99</ns3:cad>
          </ns3:TrackPointExtension>
        </extensions>
      </trkpt>
      <trkpt lat="34.26851064898073673248291015625" lon="108.953808881342411041259765625">
        <ele>411.399993896484375</ele>
        <time>2026-05-15T23:49:21.000Z</time>
        <extensions>
          <ns3:TrackPointExtension>
            <ns3:hr>122</ns3:hr>
            <ns3:cad>99</ns3:cad>
          </ns3:TrackPointExtension>
        </extensions>
      </trkpt>
      <trkpt lat="34.2684879340231418609619140625" lon="108.95383310504257678985595703125">
        <ele>411.399993896484375</ele>
        <time>2026-05-15T23:49:22.000Z</time>
        <extensions>
          <ns3:TrackPointExtension>
            <ns3:hr>123</ns3:hr>
            <ns3:cad>99</ns3:cad>
          </ns3:TrackPointExtension>
        </extensions>
      </trkpt>
      <trkpt lat="34.26847946830093860626220703125" lon="108.9538425765931606292724609375">
        <ele>411.399993896484375</ele>
        <time>2026-05-15T23:49:23.000Z</time>
        <extensions>
          <ns3:TrackPointExtension>
            <ns3:hr>124</ns3:hr>
            <ns3:cad>100</ns3:cad>
          </ns3:TrackPointExtension>
        </extensions>
      </trkpt>
      <trkpt lat="34.26844962872564792633056640625" lon="108.9538824744522571563720703125">
        <ele>411.399993896484375</ele>
        <time>2026-05-15T23:49:24.000Z</time>
        <extensions>
          <ns3:TrackPointExtension>
            <ns3:hr>126</ns3:hr>
            <ns3:cad>100</ns3:cad>
          </ns3:TrackPointExtension>
        </extensions>
      </trkpt>
      <trkpt lat="34.268432445824146270751953125" lon="108.95391055382788181304931640625">
        <ele>411.399993896484375</ele>
        <time>2026-05-15T23:49:25.000Z</time>
        <extensions>
          <ns3:TrackPointExtension>
            <ns3:hr>127</ns3:hr>
            <ns3:cad>99</ns3:cad>
          </ns3:TrackPointExtension>
        </extensions>
      </trkpt>
      <trkpt lat="34.2684240639209747314453125" lon="108.9539253897964954376220703125">
        <ele>411.399993896484375</ele>
        <time>2026-05-15T23:49:26.000Z</time>
        <extensions>
          <ns3:TrackPointExtension>
            <ns3:hr>128</ns3:hr>
            <ns3:cad>99</ns3:cad>
          </ns3:TrackPointExtension>
        </extensions>
      </trkpt>
      <trkpt lat="34.268404282629489898681640625" lon="108.9539676345884799957275390625">
        <ele>411.399993896484375</ele>
        <time>2026-05-15T23:49:27.000Z</time>
        <extensions>
          <ns3:TrackPointExtension>
            <ns3:hr>129</ns3:hr>
            <ns3:cad>99</ns3:cad>
          </ns3:TrackPointExtension>
        </extensions>
      </trkpt>
      <trkpt lat="34.26839246414601802825927734375" lon="108.9539978094398975372314453125">
        <ele>411.399993896484375</ele>
        <time>2026-05-15T23:49:28.000Z</time>
        <extensions>
          <ns3:TrackPointExtension>
            <ns3:hr>130</ns3:hr>
            <ns3:cad>99</ns3:cad>
          </ns3:TrackPointExtension>
        </extensions>
      </trkpt>
      <trkpt lat="34.26838709972798824310302734375" lon="108.9540149085223674774169921875">
        <ele>411.399993896484375</ele>
        <time>2026-05-15T23:49:29.000Z</time>
        <extensions>
          <ns3:TrackPointExtension>
            <ns3:hr>131</ns3:hr>
            <ns3:cad>99</ns3:cad>
          </ns3:TrackPointExtension>
        </extensions>
      </trkpt>
      <trkpt lat="34.26837553270161151885986328125" lon="108.954057991504669189453125">
        <ele>411.399993896484375</ele>
        <time>2026-05-15T23:49:30.000Z</time>
        <extensions>
          <ns3:TrackPointExtension>
            <ns3:hr>132</ns3:hr>
            <ns3:cad>100</ns3:cad>
          </ns3:TrackPointExtension>
        </extensions>
      </trkpt>
      <trkpt lat="34.2683705873787403106689453125" lon="108.95408120937645435333251953125">
        <ele>411.399993896484375</ele>
        <time>2026-05-15T23:49:31.000Z</time>
        <extensions>
          <ns3:TrackPointExtension>
            <ns3:hr>133</ns3:hr>
            <ns3:cad>100</ns3:cad>
          </ns3:TrackPointExtension>
        </extensions>
      </trkpt>
      <trkpt lat="34.268366396427154541015625" lon="108.95410853438079357147216796875">
        <ele>411.399993896484375</ele>
        <time>2026-05-15T23:49:32.000Z</time>
        <extensions>
          <ns3:TrackPointExtension>
            <ns3:hr>134</ns3:hr>
            <ns3:cad>100</ns3:cad>
          </ns3:TrackPointExtension>
        </extensions>
      </trkpt>
      <trkpt lat="34.2683618701994419097900390625" lon="108.95415798760950565338134765625">
        <ele>411.399993896484375</ele>
        <time>2026-05-15T23:49:33.000Z</time>
        <extensions>
          <ns3:TrackPointExtension>
            <ns3:hr>135</ns3:hr>
            <ns3:cad>100</ns3:cad>
          </ns3:TrackPointExtension>
        </extensions>
      </trkpt>
      <trkpt lat="34.26836161874234676361083984375" lon="108.954183049499988555908203125">
        <ele>411.399993896484375</ele>
        <time>2026-05-15T23:49:34.000Z</time>
        <extensions>
          <ns3:TrackPointExtension>
            <ns3:hr>136</ns3:hr>
            <ns3:cad>99</ns3:cad>
          </ns3:TrackPointExtension>
        </extensions>
      </trkpt>
      <trkpt lat="34.268361367285251617431640625" lon="108.9541979692876338958740234375">
        <ele>411.399993896484375</ele>
        <time>2026-05-15T23:49:35.000Z</time>
        <extensions>
          <ns3:TrackPointExtension>
            <ns3:hr>137</ns3:hr>
            <ns3:cad>99</ns3:cad>
          </ns3:TrackPointExtension>
        </extensions>
      </trkpt>
      <trkpt lat="34.26836480386555194854736328125" lon="108.9542465843260288238525390625">
        <ele>411.399993896484375</ele>
        <time>2026-05-15T23:49:36.000Z</time>
        <extensions>
          <ns3:TrackPointExtension>
            <ns3:hr>138</ns3:hr>
            <ns3:cad>99</ns3:cad>
          </ns3:TrackPointExtension>
        </extensions>
      </trkpt>
      <trkpt lat="34.2683689109981060028076171875" lon="108.95427600480616092681884765625">
        <ele>411.399993896484375</ele>
        <time>2026-05-15T23:49:37.000Z</time>
        <extensions>
          <ns3:TrackPointExtension>
            <ns3:hr>138</ns3:hr>
            <ns3:cad>99</ns3:cad>
          </ns3:TrackPointExtension>
        </extensions>
      </trkpt>
      <trkpt lat="34.26837268285453319549560546875" lon="108.95429679192602634429931640625">
        <ele>411.399993896484375</ele>
        <time>2026-05-15T23:49:38.000Z</time>
        <extensions>
          <ns3:TrackPointExtension>
            <ns3:hr>139</ns3:hr>
            <ns3:cad>100</ns3:cad>
          </ns3:TrackPointExtension>
        </extensions>
      </trkpt>
      <trkpt lat="34.26838642917573451995849609375" lon="108.9543511904776096343994140625">
        <ele>411.399993896484375</ele>
        <time>2026-05-15T23:49:39.000Z</time>
        <extensions>
          <ns3:TrackPointExtension>
            <ns3:hr>140</ns3:hr>
            <ns3:cad>100</ns3:cad>
          </ns3:TrackPointExtension>
        </extensions>
      </trkpt>
      <trkpt lat="34.26839816384017467498779296875" lon="108.954385221004486083984375">
        <ele>411.399993896484375</ele>
        <time>2026-05-15T23:49:40.000Z</time>
        <extensions>
          <ns3:TrackPointExtension>
            <ns3:hr>141</ns3:hr>
            <ns3:cad>100</ns3:cad>
          </ns3:TrackPointExtension>
        </extensions>
      </trkpt>
      <trkpt lat="34.26840621046721935272216796875" lon="108.95440542139112949371337890625">
        <ele>411.399993896484375</ele>
        <time>2026-05-15T23:49:41.000Z</time>
        <extensions>
          <ns3:TrackPointExtension>
            <ns3:hr>142</ns3:hr>
            <ns3:cad>101</ns3:cad>
          </ns3:TrackPointExtension>
        </extensions>
      </trkpt>
      <trkpt lat="34.268427751958370208740234375" lon="108.95444934256374835968017578125">
        <ele>411.399993896484375</ele>
        <time>2026-05-15T23:49:42.000Z</time>
        <extensions>
          <ns3:TrackPointExtension>
            <ns3:hr>143</ns3:hr>
            <ns3:cad>101</ns3:cad>
          </ns3:TrackPointExtension>
        </extensions>
      </trkpt>
      <trkpt lat="34.26844594068825244903564453125" lon="108.95447968505322933197021484375">
        <ele>411.399993896484375</ele>
        <time>2026-05-15T23:49:43.000Z</time>
        <extensions>
          <ns3:TrackPointExtension>
            <ns3:hr>144</ns3:hr>
            <ns3:cad>101</ns3:cad>
          </ns3:TrackPointExtension>
        </extensions>
      </trkpt>
      <trkpt lat="34.2684534005820751190185546875" lon="108.954490832984447479248046875">
        <ele>411.399993896484375</ele>
        <time>2026-05-15T23:49:44.000Z</time>
        <extensions>
          <ns3:TrackPointExtension>
            <ns3:hr>146</ns3:hr>
            <ns3:cad>101</ns3:cad>
          </ns3:TrackPointExtension>
        </extensions>
      </trkpt>
      <trkpt lat="34.26847930066287517547607421875" lon="108.9545248635113239288330078125">
        <ele>411.399993896484375</ele>
        <time>2026-05-15T23:49:45.000Z</time>
        <extensions>
          <ns3:TrackPointExtension>
            <ns3:hr>147</ns3:hr>
            <ns3:cad>101</ns3:cad>
          </ns3:TrackPointExtension>
        </extensions>
      </trkpt>
      <trkpt lat="34.268502853810787200927734375" lon="108.9545513503253459930419921875">
        <ele>411.399993896484375</ele>
        <time>2026-05-15T23:49:46.000Z</time>
        <extensions>
          <ns3:TrackPointExtension>
            <ns3:hr>147</ns3:hr>
            <ns3:cad>100</ns3:cad>
          </ns3:TrackPointExtension>
        </extensions>
      </trkpt>
      <trkpt lat="34.26851048134267330169677734375" lon="108.95455847494304180145263671875">
        <ele>411.399993896484375</ele>
        <time>2026-05-15T23:49:47.000Z</time>
        <extensions>
          <ns3:TrackPointExtension>
            <ns3:hr>148</ns3:hr>
            <ns3:cad>100</ns3:cad>
          </ns3:TrackPointExtension>
        </extensions>
      </trkpt>
      <trkpt lat="34.26853529177606105804443359375" lon="108.954581357538700103759765625">
        <ele>411.399993896484375</ele>
        <time>2026-05-15T23:49:48.000Z</time>
        <extensions>
          <ns3:TrackPointExtension>
            <ns3:hr>149</ns3:hr>
            <ns3:cad>100</ns3:cad>
          </ns3:TrackPointExtension>
        </extensions>
      </trkpt>
      <trkpt lat="34.2685623653233051300048828125" lon="108.9546009711921215057373046875">
        <ele>411.399993896484375</ele>
        <time>2026-05-15T23:49:49.000Z</time>
        <extensions>
          <ns3:TrackPointExtension>
            <ns3:hr>149</ns3:hr>
            <ns3:cad>101</ns3:cad>
          </ns3:TrackPointExtension>
        </extensions>
      </trkpt>
      <trkpt lat="34.2685804702341556549072265625" lon="108.954612873494625091552734375">
        <ele>411.399993896484375</ele>
        <time>2026-05-15T23:49:50.000Z</time>
        <extensions>
          <ns3:TrackPointExtension>
            <ns3:hr>149</ns3:hr>
            <ns3:cad>101</ns3:cad>
          </ns3:TrackPointExtension>
        </extensions>
      </trkpt>
      <trkpt lat="34.2685984075069427490234375" lon="108.95462268032133579254150390625">
        <ele>411.399993896484375</ele>
        <time>2026-05-15T23:49:51.000Z</time>
        <extensions>
          <ns3:TrackPointExtension>
            <ns3:hr>149</ns3:hr>
            <ns3:cad>101</ns3:cad>
          </ns3:TrackPointExtension>
        </extensions>
      </trkpt>
      <trkpt lat="34.26863922737538814544677734375" lon="108.9546412043273448944091796875">
        <ele>411.399993896484375</ele>
        <time>2026-05-15T23:49:52.000Z</time>
        <extensions>
          <ns3:TrackPointExtension>
            <ns3:hr>149</ns3:hr>
            <ns3:cad>101</ns3:cad>
          </ns3:TrackPointExtension>
        </extensions>
      </trkpt>
      <trkpt lat="34.268647693097591400146484375" lon="108.954644389450550079345703125">
        <ele>411.399993896484375</ele>
        <time>2026-05-15T23:49:53.000Z</time>
        <extensions>
          <ns3:TrackPointExtension>
            <ns3:hr>150</ns3:hr>
            <ns3:cad>101</ns3:cad>
          </ns3:TrackPointExtension>
        </extensions>
      </trkpt>
      <trkpt lat="34.26867862232029438018798828125" lon="108.954653441905975341796875">
        <ele>411.399993896484375</ele>
        <time>2026-05-15T23:49:54.000Z</time>
        <extensions>
          <ns3:TrackPointExtension>
            <ns3:hr>149</ns3:hr>
            <ns3:cad>101</ns3:cad>
          </ns3:TrackPointExtension>
        </extensions>
      </trkpt>
      <trkpt lat="34.26871441304683685302734375" lon="108.954660482704639434814453125">
        <ele>411.399993896484375</ele>
        <time>2026-05-15T23:49:55.000Z</time>
        <extensions>
          <ns3:TrackPointExtension>
            <ns3:hr>149</ns3:hr>
            <ns3:cad>101</ns3:cad>
          </ns3:TrackPointExtension>
        </extensions>
      </trkpt>
      <trkpt lat="34.26873193122446537017822265625" lon="108.95466207526624202728271484375">
        <ele>411.399993896484375</ele>
        <time>2026-05-15T23:49:56.000Z</time>
        <extensions>
          <ns3:TrackPointExtension>
            <ns3:hr>149</ns3:hr>
            <ns3:cad>100</ns3:cad>
          </ns3:TrackPointExtension>
        </extensions>
      </trkpt>
      <trkpt lat="34.26875171251595020294189453125" lon="108.954663835465908050537109375">
        <ele>411.399993896484375</ele>
        <time>2026-05-15T23:49:57.000Z</time>
        <extensions>
          <ns3:TrackPointExtension>
            <ns3:hr>149</ns3:hr>
            <ns3:cad>100</ns3:cad>
          </ns3:TrackPointExtension>
        </extensions>
      </trkpt>
      <trkpt lat="34.26878373138606548309326171875" lon="108.95466442219913005828857421875">
        <ele>411.399993896484375</ele>
        <time>2026-05-15T23:49:58.000Z</time>
        <extensions>
          <ns3:TrackPointExtension>
            <ns3:hr>149</ns3:hr>
            <ns3:cad>100</ns3:cad>
          </ns3:TrackPointExtension>
        </extensions>
      </trkpt>
      <trkpt lat="34.26881072111427783966064453125" lon="108.95466492511332035064697265625">
        <ele>411.399993896484375</ele>
        <time>2026-05-15T23:49:59.000Z</time>
        <extensions>
          <ns3:TrackPointExtension>
            <ns3:hr>150</ns3:hr>
            <ns3:cad>100</ns3:cad>
          </ns3:TrackPointExtension>
        </extensions>
      </trkpt>
      <trkpt lat="34.26884156651794910430908203125" lon="108.9546655118465423583984375">
        <ele>411.399993896484375</ele>
        <time>2026-05-15T23:50:00.000Z</time>
        <extensions>
          <ns3:TrackPointExtension>
            <ns3:hr>150</ns3:hr>
            <ns3:cad>100</ns3:cad>
          </ns3:TrackPointExtension>
        </extensions>
      </trkpt>
      <trkpt lat="34.26888582296669483184814453125" lon="108.9546663500368595123291015625">
        <ele>411.399993896484375</ele>
        <time>2026-05-15T23:50:01.000Z</time>
        <extensions>
          <ns3:TrackPointExtension>
            <ns3:hr>150</ns3:hr>
            <ns3:cad>100</ns3:cad>
          </ns3:TrackPointExtension>
        </extensions>
      </trkpt>
      <trkpt lat="34.26890426315367221832275390625" lon="108.95466676913201808929443359375">
        <ele>411.399993896484375</ele>
        <time>2026-05-15T23:50:02.000Z</time>
        <extensions>
          <ns3:TrackPointExtension>
            <ns3:hr>150</ns3:hr>
            <ns3:cad>100</ns3:cad>
          </ns3:TrackPointExtension>
        </extensions>
      </trkpt>
      <trkpt lat="34.26891851238906383514404296875" lon="108.9546670205891132354736328125">
        <ele>411.399993896484375</ele>
        <time>2026-05-15T23:50:03.000Z</time>
        <extensions>
          <ns3:TrackPointExtension>
            <ns3:hr>150</ns3:hr>
            <ns3:cad>100</ns3:cad>
          </ns3:TrackPointExtension>
        </extensions>
      </trkpt>
      <trkpt lat="34.26897525787353515625" lon="108.95466811023652553558349609375">
        <ele>411.399993896484375</ele>
        <time>2026-05-15T23:50:04.000Z</time>
        <extensions>
          <ns3:TrackPointExtension>
            <ns3:hr>149</ns3:hr>
            <ns3:cad>101</ns3:cad>
          </ns3:TrackPointExtension>
        </extensions>
      </trkpt>
      <trkpt lat="34.26899612881243228912353515625" lon="108.954668529331684112548828125">
        <ele>411.399993896484375</ele>
        <time>2026-05-15T23:50:05.000Z</time>
        <extensions>
          <ns3:TrackPointExtension>
            <ns3:hr>149</ns3:hr>
            <ns3:cad>102</ns3:cad>
          </ns3:TrackPointExtension>
        </extensions>
      </trkpt>
      <trkpt lat="34.26901750266551971435546875" lon="108.95466894842684268951416015625">
        <ele>411.399993896484375</ele>
        <time>2026-05-15T23:50:06.000Z</time>
        <extensions>
          <ns3:TrackPointExtension>
            <ns3:hr>149</ns3:hr>
            <ns3:cad>102</ns3:cad>
          </ns3:TrackPointExtension>
        </extensions>
      </trkpt>
      <trkpt lat="34.2690558917820453643798828125" lon="108.95466961897909641265869140625">
        <ele>411.399993896484375</ele>
        <time>2026-05-15T23:50:07.000Z</time>
        <extensions>
          <ns3:TrackPointExtension>
            <ns3:hr>148</ns3:hr>
            <ns3:cad>102</ns3:cad>
          </ns3:TrackPointExtension>
        </extensions>
      </trkpt>
      <trkpt lat="34.2690763436257839202880859375" lon="108.9546700380742549896240234375">
        <ele>411.399993896484375</ele>
        <time>2026-05-15T23:50:08.000Z</time>
        <extensions>
          <ns3:TrackPointExtension>
            <ns3:hr>148</ns3:hr>
            <ns3:cad>101</ns3:cad>
          </ns3:TrackPointExtension>
        </extensions>
      </trkpt>
      <trkpt lat="34.26909788511693477630615234375" lon="108.95467045716941356658935546875">
        <ele>411.399993896484375</ele>
        <time>2026-05-15T23:50:09.000Z</time>
        <extensions>
          <ns3:TrackPointExtension>
            <ns3:hr>147</ns3:hr>
            <ns3:cad>101</ns3:cad>
          </ns3:TrackPointExtension>
        </extensions>
      </trkpt>
      <trkpt lat="34.26913811825215816497802734375" lon="108.954671211540699005126953125">
        <ele>411.399993896484375</ele>
        <time>2026-05-15T23:50:10.000Z</time>
        <extensions>
          <ns3:TrackPointExtension>
            <ns3:hr>147</ns3:hr>
            <ns3:cad>101</ns3:cad>
          </ns3:TrackPointExtension>
        </extensions>
      </trkpt>
      <trkpt lat="34.26916426979005336761474609375" lon="108.9546717144548892974853515625">
        <ele>411.399993896484375</ele>
        <time>2026-05-15T23:50:11.000Z</time>
        <extensions>
          <ns3:TrackPointExtension>
            <ns3:hr>147</ns3:hr>
            <ns3:cad>101</ns3:cad>
          </ns3:TrackPointExtension>
        </extensions>
      </trkpt>
      <trkpt lat="34.26918170414865016937255859375" lon="108.9546720497310161590576171875">
        <ele>411.399993896484375</ele>
        <time>2026-05-15T23:50:12.000Z</time>
        <extensions>
          <ns3:TrackPointExtension>
            <ns3:hr>147</ns3:hr>
            <ns3:cad>101</ns3:cad>
          </ns3:TrackPointExtension>
        </extensions>
      </trkpt>
      <trkpt lat="34.269230067729949951171875" lon="108.95467297174036502838134765625">
        <ele>411.399993896484375</ele>
        <time>2026-05-15T23:50:13.000Z</time>
        <extensions>
          <ns3:TrackPointExtension>
            <ns3:hr>147</ns3:hr>
            <ns3:cad>102</ns3:cad>
          </ns3:TrackPointExtension>
        </extensions>
      </trkpt>
      <trkpt lat="34.269253201782703399658203125" lon="108.95467347465455532073974609375">
        <ele>411.399993896484375</ele>
        <time>2026-05-15T23:50:14.000Z</time>
        <extensions>
          <ns3:TrackPointExtension>
            <ns3:hr>148</ns3:hr>
            <ns3:cad>102</ns3:cad>
          </ns3:TrackPointExtension>
        </extensions>
      </trkpt>
      <trkpt lat="34.26927792839705944061279296875" lon="108.954673893749713897705078125">
        <ele>411.399993896484375</ele>
        <time>2026-05-15T23:50:15.000Z</time>
        <extensions>
          <ns3:TrackPointExtension>
            <ns3:hr>147</ns3:hr>
            <ns3:cad>102</ns3:cad>
          </ns3:TrackPointExtension>
        </extensions>
      </trkpt>
      <trkpt lat="34.26931321620941162109375" lon="108.954674564301967620849609375">
        <ele>411.399993896484375</ele>
        <time>2026-05-15T23:50:16.000Z</time>
        <extensions>
          <ns3:TrackPointExtension>
            <ns3:hr>148</ns3:hr>
            <ns3:cad>102</ns3:cad>
          </ns3:TrackPointExtension>
        </extensions>
      </trkpt>
      <trkpt lat="34.2693381942808628082275390625" lon="108.9546750672161579132080078125">
        <ele>411.399993896484375</ele>
        <time>2026-05-15T23:50:17.000Z</time>
        <extensions>
          <ns3:TrackPointExtension>
            <ns3:hr>148</ns3:hr>
            <ns3:cad>102</ns3:cad>
          </ns3:TrackPointExtension>
        </extensions>
      </trkpt>
      <trkpt lat="34.26935604773461818695068359375" lon="108.9546754024922847747802734375">
        <ele>411.399993896484375</ele>
        <time>2026-05-15T23:50:18.000Z</time>
        <extensions>
          <ns3:TrackPointExtension>
            <ns3:hr>148</ns3:hr>
            <ns3:cad>102</ns3:cad>
          </ns3:TrackPointExtension>
        </extensions>
      </trkpt>
      <trkpt lat="34.26939443685114383697509765625" lon="108.95467615686357021331787109375">
        <ele>411.399993896484375</ele>
        <time>2026-05-15T23:50:19.000Z</time>
        <extensions>
          <ns3:TrackPointExtension>
            <ns3:hr>148</ns3:hr>
            <ns3:cad>102</ns3:cad>
          </ns3:TrackPointExtension>
        </extensions>
      </trkpt>
      <trkpt lat="34.26942829973995685577392578125" lon="108.95467682741582393646240234375">
        <ele>411.399993896484375</ele>
        <time>2026-05-15T23:50:20.000Z</time>
        <extensions>
          <ns3:TrackPointExtension>
            <ns3:hr>148</ns3:hr>
            <ns3:cad>102</ns3:cad>
          </ns3:TrackPointExtension>
        </extensions>
      </trkpt>
      <trkpt lat="34.26944824866950511932373046875" lon="108.95467716269195079803466796875">
        <ele>411.399993896484375</ele>
        <time>2026-05-15T23:50:21.000Z</time>
        <extensions>
          <ns3:TrackPointExtension>
            <ns3:hr>148</ns3:hr>
            <ns3:cad>102</ns3:cad>
          </ns3:TrackPointExtension>
        </extensions>
      </trkpt>
      <trkpt lat="34.2694790102541446685791015625" lon="108.9546774141490459442138671875">
        <ele>411.399993896484375</ele>
        <time>2026-05-15T23:50:22.000Z</time>
        <extensions>
          <ns3:TrackPointExtension>
            <ns3:hr>148</ns3:hr>
            <ns3:cad>101</ns3:cad>
          </ns3:TrackPointExtension>
        </extensions>
      </trkpt>
      <trkpt lat="34.2695008032023906707763671875" lon="108.95467632450163364410400390625">
        <ele>411.399993896484375</ele>
        <time>2026-05-15T23:50:23.000Z</time>
        <extensions>
          <ns3:TrackPointExtension>
            <ns3:hr>149</ns3:hr>
            <ns3:cad>101</ns3:cad>
          </ns3:TrackPointExtension>
        </extensions>
      </trkpt>
      <trkpt lat="34.26951848901808261871337890625" lon="108.9546754024922847747802734375">
        <ele>411.399993896484375</ele>
        <time>2026-05-15T23:50:24.000Z</time>
        <extensions>
          <ns3:TrackPointExtension>
            <ns3:hr>149</ns3:hr>
            <ns3:cad>101</ns3:cad>
          </ns3:TrackPointExtension>
        </extensions>
      </trkpt>
      <trkpt lat="34.26954816095530986785888671875" lon="108.95466995425522327423095703125">
        <ele>411.399993896484375</ele>
        <time>2026-05-15T23:50:25.000Z</time>
        <extensions>
          <ns3:TrackPointExtension>
            <ns3:hr>149</ns3:hr>
            <ns3:cad>101</ns3:cad>
          </ns3:TrackPointExtension>
        </extensions>
      </trkpt>
      <trkpt lat="34.26958085037767887115478515625" lon="108.95466140471398830413818359375">
        <ele>411.399993896484375</ele>
        <time>2026-05-15T23:50:26.000Z</time>
        <extensions>
          <ns3:TrackPointExtension>
            <ns3:hr>150</ns3:hr>
            <ns3:cad>101</ns3:cad>
          </ns3:TrackPointExtension>
        </extensions>
      </trkpt>
      <trkpt lat="34.2695963568985462188720703125" lon="108.95465604029595851898193359375">
        <ele>411.399993896484375</ele>
        <time>2026-05-15T23:50:27.000Z</time>
        <extensions>
          <ns3:TrackPointExtension>
            <ns3:hr>150</ns3:hr>
            <ns3:cad>101</ns3:cad>
          </ns3:TrackPointExtension>
        </extensions>
      </trkpt>
      <trkpt lat="34.269605241715908050537109375" lon="108.95465302281081676483154296875">
        <ele>411.399993896484375</ele>
        <time>2026-05-15T23:50:28.000Z</time>
        <extensions>
          <ns3:TrackPointExtension>
            <ns3:hr>150</ns3:hr>
            <ns3:cad>101</ns3:cad>
          </ns3:TrackPointExtension>
        </extensions>
      </trkpt>
      <trkpt lat="34.26963441073894500732421875" lon="108.95463927648961544036865234375">
        <ele>411.399993896484375</ele>
        <time>2026-05-15T23:50:29.000Z</time>
        <extensions>
          <ns3:TrackPointExtension>
            <ns3:hr>150</ns3:hr>
            <ns3:cad>101</ns3:cad>
          </ns3:TrackPointExtension>
        </extensions>
      </trkpt>
      <trkpt lat="34.2696677707135677337646484375" lon="108.95461999811232089996337890625">
        <ele>411.399993896484375</ele>
        <time>2026-05-15T23:50:30.000Z</time>
        <extensions>
          <ns3:TrackPointExtension>
            <ns3:hr>149</ns3:hr>
            <ns3:cad>100</ns3:cad>
          </ns3:TrackPointExtension>
        </extensions>
      </trkpt>
      <trkpt lat="34.269674979150295257568359375" lon="108.95461513660848140716552734375">
        <ele>411.399993896484375</ele>
        <time>2026-05-15T23:50:31.000Z</time>
        <extensions>
          <ns3:TrackPointExtension>
            <ns3:hr>150</ns3:hr>
            <ns3:cad>100</ns3:cad>
          </ns3:TrackPointExtension>
        </extensions>
      </trkpt>
      <trkpt lat="34.26970993168652057647705078125" lon="108.9545882306993007659912109375">
        <ele>411.399993896484375</ele>
        <time>2026-05-15T23:50:32.000Z</time>
        <extensions>
          <ns3:TrackPointExtension>
            <ns3:hr>150</ns3:hr>
            <ns3:cad>100</ns3:cad>
          </ns3:TrackPointExtension>
        </extensions>
      </trkpt>
      <trkpt lat="34.2697227559983730316162109375" lon="108.9545769989490509033203125">
        <ele>411.399993896484375</ele>
        <time>2026-05-15T23:50:33.000Z</time>
        <extensions>
          <ns3:TrackPointExtension>
            <ns3:hr>151</ns3:hr>
            <ns3:cad>100</ns3:cad>
          </ns3:TrackPointExtension>
        </extensions>
      </trkpt>
      <trkpt lat="34.26974228583276271820068359375" lon="108.95455730147659778594970703125">
        <ele>411.399993896484375</ele>
        <time>2026-05-15T23:50:34.000Z</time>
        <extensions>
          <ns3:TrackPointExtension>
            <ns3:hr>151</ns3:hr>
            <ns3:cad>100</ns3:cad>
          </ns3:TrackPointExtension>
        </extensions>
      </trkpt>
      <trkpt lat="34.26976718008518218994140625" lon="108.954529054462909698486328125">
        <ele>411.399993896484375</ele>
        <time>2026-05-15T23:50:35.000Z</time>
        <extensions>
          <ns3:TrackPointExtension>
            <ns3:hr>151</ns3:hr>
            <ns3:cad>100</ns3:cad>
          </ns3:TrackPointExtension>
        </extensions>
      </trkpt>
      <trkpt lat="34.2697787471115589141845703125" lon="108.9545127935707569122314453125">
        <ele>411.399993896484375</ele>
        <time>2026-05-15T23:50:36.000Z</time>
        <extensions>
          <ns3:TrackPointExtension>
            <ns3:hr>151</ns3:hr>
            <ns3:cad>100</ns3:cad>
          </ns3:TrackPointExtension>
        </extensions>
      </trkpt>
      <trkpt lat="34.2697919905185699462890625" lon="108.9544943533837795257568359375">
        <ele>411.399993896484375</ele>
        <time>2026-05-15T23:50:37.000Z</time>
        <extensions>
          <ns3:TrackPointExtension>
            <ns3:hr>151</ns3:hr>
            <ns3:cad>100</ns3:cad>
          </ns3:TrackPointExtension>
        </extensions>
      </trkpt>
      <trkpt lat="34.26981084980070590972900390625" lon="108.95446191541850566864013671875">
        <ele>411.399993896484375</ele>
        <time>2026-05-15T23:50:38.000Z</time>
        <extensions>
          <ns3:TrackPointExtension>
            <ns3:hr>151</ns3:hr>
            <ns3:cad>100</ns3:cad>
          </ns3:TrackPointExtension>
        </extensions>
      </trkpt>
      <trkpt lat="34.2698214948177337646484375" lon="108.9544423855841159820556640625">
        <ele>411.399993896484375</ele>
        <time>2026-05-15T23:50:39.000Z</time>
        <extensions>
          <ns3:TrackPointExtension>
            <ns3:hr>151</ns3:hr>
            <ns3:cad>100</ns3:cad>
          </ns3:TrackPointExtension>
        </extensions>
      </trkpt>
      <trkpt lat="34.26983331330120563507080078125" lon="108.95441497676074504852294921875">
        <ele>411.399993896484375</ele>
        <time>2026-05-15T23:50:40.000Z</time>
        <extensions>
          <ns3:TrackPointExtension>
            <ns3:hr>151</ns3:hr>
            <ns3:cad>100</ns3:cad>
          </ns3:TrackPointExtension>
        </extensions>
      </trkpt>
      <trkpt lat="34.26984705962240695953369140625" lon="108.95437893457710742950439453125">
        <ele>411.399993896484375</ele>
        <time>2026-05-15T23:50:41.000Z</time>
        <extensions>
          <ns3:TrackPointExtension>
            <ns3:hr>152</ns3:hr>
            <ns3:cad>100</ns3:cad>
          </ns3:TrackPointExtension>
        </extensions>
      </trkpt>
      <trkpt lat="34.26985242404043674468994140625" lon="108.95436200313270092010498046875">
        <ele>411.399993896484375</ele>
        <time>2026-05-15T23:50:42.000Z</time>
        <extensions>
          <ns3:TrackPointExtension>
            <ns3:hr>151</ns3:hr>
            <ns3:cad>99</ns3:cad>
          </ns3:TrackPointExtension>
        </extensions>
      </trkpt>
      <trkpt lat="34.26985971629619598388671875" lon="108.95433702506124973297119140625">
        <ele>411.399993896484375</ele>
        <time>2026-05-15T23:50:43.000Z</time>
        <extensions>
          <ns3:TrackPointExtension>
            <ns3:hr>150</ns3:hr>
            <ns3:cad>99</ns3:cad>
          </ns3:TrackPointExtension>
        </extensions>
      </trkpt>
      <trkpt lat="34.26986684091389179229736328125" lon="108.954303078353404998779296875">
        <ele>411.399993896484375</ele>
        <time>2026-05-15T23:50:44.000Z</time>
        <extensions>
          <ns3:TrackPointExtension>
            <ns3:hr>148</ns3:hr>
            <ns3:cad>100</ns3:cad>
          </ns3:TrackPointExtension>
        </extensions>
      </trkpt>
      <trkpt lat="34.2698706127703189849853515625" lon="108.95428170450031757354736328125">
        <ele>411.399993896484375</ele>
        <time>2026-05-15T23:50:45.000Z</time>
        <extensions>
          <ns3:TrackPointExtension>
            <ns3:hr>148</ns3:hr>
            <ns3:cad>100</ns3:cad>
          </ns3:TrackPointExtension>
        </extensions>
      </trkpt>
      <trkpt lat="34.26987312734127044677734375" lon="108.9542583189904689788818359375">
        <ele>411.399993896484375</ele>
        <time>2026-05-15T23:50:46.000Z</time>
        <extensions>
          <ns3:TrackPointExtension>
            <ns3:hr>147</ns3:hr>
            <ns3:cad>100</ns3:cad>
          </ns3:TrackPointExtension>
        </extensions>
      </trkpt>
      <trkpt lat="34.269876144826412200927734375" lon="108.9542174153029918670654296875">
        <ele>411.399993896484375</ele>
        <time>2026-05-15T23:50:47.000Z</time>
        <extensions>
          <ns3:TrackPointExtension>
            <ns3:hr>147</ns3:hr>
            <ns3:cad>100</ns3:cad>
          </ns3:TrackPointExtension>
        </extensions>
      </trkpt>
      <trkpt lat="34.26987656392157077789306640625" lon="108.9541768468916416168212890625">
        <ele>411.399993896484375</ele>
        <time>2026-05-15T23:50:48.000Z</time>
        <extensions>
          <ns3:TrackPointExtension>
            <ns3:hr>147</ns3:hr>
            <ns3:cad>100</ns3:cad>
          </ns3:TrackPointExtension>
        </extensions>
      </trkpt>
      <trkpt lat="34.2698756419122219085693359375" lon="108.95416536368429660797119140625">
        <ele>411.399993896484375</ele>
        <time>2026-05-15T23:50:49.000Z</time>
        <extensions>
          <ns3:TrackPointExtension>
            <ns3:hr>148</ns3:hr>
            <ns3:cad>100</ns3:cad>
          </ns3:TrackPointExtension>
        </extensions>
      </trkpt>
      <trkpt lat="34.26987270824611186981201171875" lon="108.95413108170032501220703125">
        <ele>411.399993896484375</ele>
        <time>2026-05-15T23:50:50.000Z</time>
        <extensions>
          <ns3:TrackPointExtension>
            <ns3:hr>148</ns3:hr>
            <ns3:cad>100</ns3:cad>
          </ns3:TrackPointExtension>
        </extensions>
      </trkpt>
      <trkpt lat="34.26986650563776493072509765625" lon="108.9540920220315456390380859375">
        <ele>411.399993896484375</ele>
        <time>2026-05-15T23:50:51.000Z</time>
        <extensions>
          <ns3:TrackPointExtension>
            <ns3:hr>147</ns3:hr>
            <ns3:cad>101</ns3:cad>
          </ns3:TrackPointExtension>
        </extensions>
      </trkpt>
      <trkpt lat="34.26986373960971832275390625" lon="108.9540765993297100067138671875">
        <ele>411.399993896484375</ele>
        <time>2026-05-15T23:50:52.000Z</time>
        <extensions>
          <ns3:TrackPointExtension>
            <ns3:hr>147</ns3:hr>
            <ns3:cad>101</ns3:cad>
          </ns3:TrackPointExtension>
        </extensions>
      </trkpt>
      <trkpt lat="34.2698535136878490447998046875" lon="108.9540377072989940643310546875">
        <ele>411.399993896484375</ele>
        <time>2026-05-15T23:50:53.000Z</time>
        <extensions>
          <ns3:TrackPointExtension>
            <ns3:hr>147</ns3:hr>
            <ns3:cad>101</ns3:cad>
          </ns3:TrackPointExtension>
        </extensions>
      </trkpt>
      <trkpt lat="34.2698431201279163360595703125" lon="108.95400526933372020721435546875">
        <ele>411.399993896484375</ele>
        <time>2026-05-15T23:50:54.000Z</time>
        <extensions>
          <ns3:TrackPointExtension>
            <ns3:hr>147</ns3:hr>
            <ns3:cad>101</ns3:cad>
          </ns3:TrackPointExtension>
        </extensions>
      </trkpt>
      <trkpt lat="34.2698354087769985198974609375" lon="108.953985907137393951416015625">
        <ele>411.399993896484375</ele>
        <time>2026-05-15T23:50:55.000Z</time>
        <extensions>
          <ns3:TrackPointExtension>
            <ns3:hr>148</ns3:hr>
            <ns3:cad>101</ns3:cad>
          </ns3:TrackPointExtension>
        </extensions>
      </trkpt>
      <trkpt lat="34.26982107572257518768310546875" lon="108.95395346917212009429931640625">
        <ele>411.399993896484375</ele>
        <time>2026-05-15T23:50:56.000Z</time>
        <extensions>
          <ns3:TrackPointExtension>
            <ns3:hr>147</ns3:hr>
            <ns3:cad>100</ns3:cad>
          </ns3:TrackPointExtension>
        </extensions>
      </trkpt>
      <trkpt lat="34.26980615593492984771728515625" lon="108.9539250545203685760498046875">
        <ele>411.399993896484375</ele>
        <time>2026-05-15T23:50:57.000Z</time>
        <extensions>
          <ns3:TrackPointExtension>
            <ns3:hr>147</ns3:hr>
            <ns3:cad>100</ns3:cad>
          </ns3:TrackPointExtension>
        </extensions>
      </trkpt>
      <trkpt lat="34.26979660056531429290771484375" lon="108.9539091289043426513671875">
        <ele>411.399993896484375</ele>
        <time>2026-05-15T23:50:58.000Z</time>
        <extensions>
          <ns3:TrackPointExtension>
            <ns3:hr>147</ns3:hr>
            <ns3:cad>100</ns3:cad>
          </ns3:TrackPointExtension>
        </extensions>
      </trkpt>
      <trkpt lat="34.269769191741943359375" lon="108.95386948250234127044677734375">
        <ele>411.399993896484375</ele>
        <time>2026-05-15T23:50:59.000Z</time>
        <extensions>
          <ns3:TrackPointExtension>
            <ns3:hr>147</ns3:hr>
            <ns3:cad>99</ns3:cad>
          </ns3:TrackPointExtension>
        </extensions>
      </trkpt>
      <trkpt lat="34.26975050009787082672119140625" lon="108.95384752191603183746337890625">
        <ele>411.399993896484375</ele>
        <time>2026-05-15T23:51:00.000Z</time>
        <extensions>
          <ns3:TrackPointExtension>
            <ns3:hr>147</ns3:hr>
            <ns3:cad>99</ns3:cad>
          </ns3:TrackPointExtension>
        </extensions>
      </trkpt>
      <trkpt lat="34.269733987748622894287109375" lon="108.95382958464324474334716796875">
        <ele>411.399993896484375</ele>
        <time>2026-05-15T23:51:01.000Z</time>
        <extensions>
          <ns3:TrackPointExtension>
            <ns3:hr>147</ns3:hr>
            <ns3:cad>99</ns3:cad>
          </ns3:TrackPointExtension>
        </extensions>
      </trkpt>
      <trkpt lat="34.269704483449459075927734375" lon="108.95380209200084209442138671875">
        <ele>411.399993896484375</ele>
        <time>2026-05-15T23:51:02.000Z</time>
        <extensions>
          <ns3:TrackPointExtension>
            <ns3:hr>147</ns3:hr>
            <ns3:cad>99</ns3:cad>
          </ns3:TrackPointExtension>
        </extensions>
      </trkpt>
      <trkpt lat="34.269680343568325042724609375" lon="108.95378449000418186187744140625">
        <ele>411.399993896484375</ele>
        <time>2026-05-15T23:51:03.000Z</time>
        <extensions>
          <ns3:TrackPointExtension>
            <ns3:hr>148</ns3:hr>
            <ns3:cad>100</ns3:cad>
          </ns3:TrackPointExtension>
        </extensions>
      </trkpt>
      <trkpt lat="34.269666261970996856689453125" lon="108.95377426408231258392333984375">
        <ele>411.399993896484375</ele>
        <time>2026-05-15T23:51:04.000Z</time>
        <extensions>
          <ns3:TrackPointExtension>
            <ns3:hr>147</ns3:hr>
            <ns3:cad>100</ns3:cad>
          </ns3:TrackPointExtension>
        </extensions>
      </trkpt>
      <trkpt lat="34.26962636411190032958984375" lon="108.95375213585793972015380859375">
        <ele>411.399993896484375</ele>
        <time>2026-05-15T23:51:05.000Z</time>
        <extensions>
          <ns3:TrackPointExtension>
            <ns3:hr>147</ns3:hr>
            <ns3:cad>100</ns3:cad>
          </ns3:TrackPointExtension>
        </extensions>
      </trkpt>
      <trkpt lat="34.26959685981273651123046875" lon="108.95374006591737270355224609375">
        <ele>411.399993896484375</ele>
        <time>2026-05-15T23:51:06.000Z</time>
        <extensions>
          <ns3:TrackPointExtension>
            <ns3:hr>147</ns3:hr>
            <ns3:cad>100</ns3:cad>
          </ns3:TrackPointExtension>
        </extensions>
      </trkpt>
      <trkpt lat="34.26957464776933193206787109375" lon="108.95373201929032802581787109375">
        <ele>411.399993896484375</ele>
        <time>2026-05-15T23:51:07.000Z</time>
        <extensions>
          <ns3:TrackPointExtension>
            <ns3:hr>147</ns3:hr>
            <ns3:cad>100</ns3:cad>
          </ns3:TrackPointExtension>
        </extensions>
      </trkpt>
      <trkpt lat="34.26954078488051891326904296875" lon="108.95372414030134677886962890625">
        <ele>411.399993896484375</ele>
        <time>2026-05-15T23:51:08.000Z</time>
        <extensions>
          <ns3:TrackPointExtension>
            <ns3:hr>147</ns3:hr>
            <ns3:cad>100</ns3:cad>
          </ns3:TrackPointExtension>
        </extensions>
      </trkpt>
      <trkpt lat="34.2695195786654949188232421875" lon="108.95372112281620502471923828125">
        <ele>411.399993896484375</ele>
        <time>2026-05-15T23:51:09.000Z</time>
        <extensions>
          <ns3:TrackPointExtension>
            <ns3:hr>147</ns3:hr>
            <ns3:cad>100</ns3:cad>
          </ns3:TrackPointExtension>
        </extensions>
      </trkpt>
      <trkpt lat="34.26949736662209033966064453125" lon="108.95371911115944385528564453125">
        <ele>411.399993896484375</ele>
        <time>2026-05-15T23:51:10.000Z</time>
        <extensions>
          <ns3:TrackPointExtension>
            <ns3:hr>147</ns3:hr>
            <ns3:cad>100</ns3:cad>
          </ns3:TrackPointExtension>
        </extensions>
      </trkpt>
      <trkpt lat="34.269463084638118743896484375" lon="108.953717686235904693603515625">
        <ele>411.399993896484375</ele>
        <time>2026-05-15T23:51:11.000Z</time>
        <extensions>
          <ns3:TrackPointExtension>
            <ns3:hr>147</ns3:hr>
            <ns3:cad>100</ns3:cad>
          </ns3:TrackPointExtension>
        </extensions>
      </trkpt>
      <trkpt lat="34.26944003440439701080322265625" lon="108.95371726714074611663818359375">
        <ele>411.399993896484375</ele>
        <time>2026-05-15T23:51:12.000Z</time>
        <extensions>
          <ns3:TrackPointExtension>
            <ns3:hr>147</ns3:hr>
            <ns3:cad>100</ns3:cad>
          </ns3:TrackPointExtension>
        </extensions>
      </trkpt>
      <trkpt lat="34.26941849291324615478515625" lon="108.9537168480455875396728515625">
        <ele>411.399993896484375</ele>
        <time>2026-05-15T23:51:13.000Z</time>
        <extensions>
          <ns3:TrackPointExtension>
            <ns3:hr>146</ns3:hr>
            <ns3:cad>100</ns3:cad>
          </ns3:TrackPointExtension>
        </extensions>
      </trkpt>
      <trkpt lat="34.26937549374997615814208984375" lon="108.9537160098552703857421875">
        <ele>411.399993896484375</ele>
        <time>2026-05-15T23:51:14.000Z</time>
        <extensions>
          <ns3:TrackPointExtension>
            <ns3:hr>146</ns3:hr>
            <ns3:cad>101</ns3:cad>
          </ns3:TrackPointExtension>
        </extensions>
      </trkpt>
      <trkpt lat="34.2693482525646686553955078125" lon="108.9537155069410800933837890625">
        <ele>411.399993896484375</ele>
        <time>2026-05-15T23:51:15.000Z</time>
        <extensions>
          <ns3:TrackPointExtension>
            <ns3:hr>146</ns3:hr>
            <ns3:cad>101</ns3:cad>
          </ns3:TrackPointExtension>
        </extensions>
      </trkpt>
      <trkpt lat="34.269329644739627838134765625" lon="108.95371508784592151641845703125">
        <ele>411.399993896484375</ele>
        <time>2026-05-15T23:51:16.000Z</time>
        <extensions>
          <ns3:TrackPointExtension>
            <ns3:hr>147</ns3:hr>
            <ns3:cad>101</ns3:cad>
          </ns3:TrackPointExtension>
        </extensions>
      </trkpt>
      <trkpt lat="34.26929175853729248046875" lon="108.95371441729366779327392578125">
        <ele>411.399993896484375</ele>
        <time>2026-05-15T23:51:17.000Z</time>
        <extensions>
          <ns3:TrackPointExtension>
            <ns3:hr>147</ns3:hr>
            <ns3:cad>101</ns3:cad>
          </ns3:TrackPointExtension>
        </extensions>
      </trkpt>
      <trkpt lat="34.26925898529589176177978515625" lon="108.95371374674141407012939453125">
        <ele>411.399993896484375</ele>
        <time>2026-05-15T23:51:18.000Z</time>
        <extensions>
          <ns3:TrackPointExtension>
            <ns3:hr>147</ns3:hr>
            <ns3:cad>101</ns3:cad>
          </ns3:TrackPointExtension>
        </extensions>
      </trkpt>
      <trkpt lat="34.26923811435699462890625" lon="108.9537133276462554931640625">
        <ele>411.399993896484375</ele>
        <time>2026-05-15T23:51:19.000Z</time>
        <extensions>
          <ns3:TrackPointExtension>
            <ns3:hr>147</ns3:hr>
            <ns3:cad>101</ns3:cad>
          </ns3:TrackPointExtension>
        </extensions>
      </trkpt>
      <trkpt lat="34.269203580915927886962890625" lon="108.95371274091303348541259765625">
        <ele>411.399993896484375</ele>
        <time>2026-05-15T23:51:20.000Z</time>
        <extensions>
          <ns3:TrackPointExtension>
            <ns3:hr>147</ns3:hr>
            <ns3:cad>101</ns3:cad>
          </ns3:TrackPointExtension>
        </extensions>
      </trkpt>
      <trkpt lat="34.2691745795309543609619140625" lon="108.9537121541798114776611328125">
        <ele>411.399993896484375</ele>
        <time>2026-05-15T23:51:21.000Z</time>
        <extensions>
          <ns3:TrackPointExtension>
            <ns3:hr>147</ns3:hr>
            <ns3:cad>101</ns3:cad>
          </ns3:TrackPointExtension>
        </extensions>
      </trkpt>
      <trkpt lat="34.2691544629633426666259765625" lon="108.95371173508465290069580078125">
        <ele>411.399993896484375</ele>
        <time>2026-05-15T23:51:22.000Z</time>
        <extensions>
          <ns3:TrackPointExtension>
            <ns3:hr>147</ns3:hr>
            <ns3:cad>101</ns3:cad>
          </ns3:TrackPointExtension>
        </extensions>
      </trkpt>
      <trkpt lat="34.26912755705416202545166015625" lon="108.95371123217046260833740234375">
        <ele>411.399993896484375</ele>
        <time>2026-05-15T23:51:23.000Z</time>
        <extensions>
          <ns3:TrackPointExtension>
            <ns3:hr>147</ns3:hr>
            <ns3:cad>101</ns3:cad>
          </ns3:TrackPointExtension>
        </extensions>
      </trkpt>
      <trkpt lat="34.26908380351960659027099609375" lon="108.95371039398014545440673828125">
        <ele>411.399993896484375</ele>
        <time>2026-05-15T23:51:24.000Z</time>
        <extensions>
          <ns3:TrackPointExtension>
            <ns3:hr>147</ns3:hr>
            <ns3:cad>101</ns3:cad>
          </ns3:TrackPointExtension>
        </extensions>
      </trkpt>
      <trkpt lat="34.26906108856201171875" lon="108.95370997488498687744140625">
        <ele>411.399993896484375</ele>
        <time>2026-05-15T23:51:25.000Z</time>
        <extensions>
          <ns3:TrackPointExtension>
            <ns3:hr>147</ns3:hr>
            <ns3:cad>101</ns3:cad>
          </ns3:TrackPointExtension>
        </extensions>
      </trkpt>
      <trkpt lat="34.26905681379139423370361328125" lon="108.95370989106595516204833984375">
        <ele>411.399993896484375</ele>
        <time>2026-05-15T23:51:26.000Z</time>
        <extensions>
          <ns3:TrackPointExtension>
            <ns3:hr>147</ns3:hr>
            <ns3:cad>101</ns3:cad>
          </ns3:TrackPointExtension>
        </extensions>
      </trkpt>
      <trkpt lat="34.2690099589526653289794921875" lon="108.953708969056606292724609375">
        <ele>411.399993896484375</ele>
        <time>2026-05-15T23:51:27.000Z</time>
        <extensions>
          <ns3:TrackPointExtension>
            <ns3:hr>147</ns3:hr>
            <ns3:cad>101</ns3:cad>
          </ns3:TrackPointExtension>
        </extensions>
      </trkpt>
      <trkpt lat="34.26897634752094745635986328125" lon="108.953708298504352569580078125">
        <ele>411.399993896484375</ele>
        <time>2026-05-15T23:51:28.000Z</time>
        <extensions>
          <ns3:TrackPointExtension>
            <ns3:hr>147</ns3:hr>
            <ns3:cad>101</ns3:cad>
          </ns3:TrackPointExtension>
        </extensions>
      </trkpt>
      <trkpt lat="34.26896980963647365570068359375" lon="108.95370821468532085418701171875">
        <ele>411.399993896484375</ele>
        <time>2026-05-15T23:51:29.000Z</time>
        <extensions>
          <ns3:TrackPointExtension>
            <ns3:hr>147</ns3:hr>
            <ns3:cad>101</ns3:cad>
          </ns3:TrackPointExtension>
        </extensions>
      </trkpt>
      <trkpt lat="34.26893728785216808319091796875" lon="108.95370754413306713104248046875">
        <ele>411.399993896484375</ele>
        <time>2026-05-15T23:51:30.000Z</time>
        <extensions>
          <ns3:TrackPointExtension>
            <ns3:hr>148</ns3:hr>
            <ns3:cad>100</ns3:cad>
          </ns3:TrackPointExtension>
        </extensions>
      </trkpt>
      <trkpt lat="34.26888942718505859375" lon="108.95370670594274997711181640625">
        <ele>411.399993896484375</ele>
        <time>2026-05-15T23:51:31.000Z</time>
        <extensions>
          <ns3:TrackPointExtension>
            <ns3:hr>148</ns3:hr>
            <ns3:cad>100</ns3:cad>
          </ns3:TrackPointExtension>
        </extensions>
      </trkpt>
      <trkpt lat="34.26887056790292263031005859375" lon="108.953706286847591400146484375">
        <ele>411.399993896484375</ele>
        <time>2026-05-15T23:51:32.000Z</time>
        <extensions>
          <ns3:TrackPointExtension>
            <ns3:hr>149</ns3:hr>
            <ns3:cad>101</ns3:cad>
          </ns3:TrackPointExtension>
        </extensions>
      </trkpt>
      <trkpt lat="34.2688398063182830810546875" lon="108.95370570011436939239501953125">
        <ele>411.399993896484375</ele>
        <time>2026-05-15T23:51:33.000Z</time>
        <extensions>
          <ns3:TrackPointExtension>
            <ns3:hr>149</ns3:hr>
            <ns3:cad>101</ns3:cad>
          </ns3:TrackPointExtension>
        </extensions>
      </trkpt>
      <trkpt lat="34.26880485378205776214599609375" lon="108.95370502956211566925048828125">
        <ele>411.399993896484375</ele>
        <time>2026-05-15T23:51:34.000Z</time>
        <extensions>
          <ns3:TrackPointExtension>
            <ns3:hr>148</ns3:hr>
            <ns3:cad>101</ns3:cad>
          </ns3:TrackPointExtension>
        </extensions>
      </trkpt>
      <trkpt lat="34.26879085600376129150390625" lon="108.9537047781050205230712890625">
        <ele>411.399993896484375</ele>
        <time>2026-05-15T23:51:35.000Z</time>
        <extensions>
          <ns3:TrackPointExtension>
            <ns3:hr>148</ns3:hr>
            <ns3:cad>101</ns3:cad>
          </ns3:TrackPointExtension>
        </extensions>
      </trkpt>
      <trkpt lat="34.26876428537070751190185546875" lon="108.953704275190830230712890625">
        <ele>411.399993896484375</ele>
        <time>2026-05-15T23:51:36.000Z</time>
        <extensions>
          <ns3:TrackPointExtension>
            <ns3:hr>148</ns3:hr>
            <ns3:cad>101</ns3:cad>
          </ns3:TrackPointExtension>
        </extensions>
      </trkpt>
      <trkpt lat="34.268712066113948822021484375" lon="108.95370771177113056182861328125">
        <ele>411.399993896484375</ele>
        <time>2026-05-15T23:51:37.000Z</time>
        <extensions>
          <ns3:TrackPointExtension>
            <ns3:hr>148</ns3:hr>
            <ns3:cad>101</ns3:cad>
          </ns3:TrackPointExtension>
        </extensions>
      </trkpt>
      <trkpt lat="34.2686961404979228973388671875" lon="108.9537108130753040313720703125">
        <ele>411.399993896484375</ele>
        <time>2026-05-15T23:51:38.000Z</time>
        <extensions>
          <ns3:TrackPointExtension>
            <ns3:hr>148</ns3:hr>
            <ns3:cad>101</ns3:cad>
          </ns3:TrackPointExtension>
        </extensions>
      </trkpt>
      <trkpt lat="34.268675185739994049072265625" lon="108.9537148363888263702392578125">
        <ele>411.399993896484375</ele>
        <time>2026-05-15T23:51:39.000Z</time>
        <extensions>
          <ns3:TrackPointExtension>
            <ns3:hr>147</ns3:hr>
            <ns3:cad>93</ns3:cad>
          </ns3:TrackPointExtension>
        </extensions>
      </trkpt>
      <trkpt lat="34.26862983964383602142333984375" lon="108.95372983999550342559814453125">
        <ele>411.399993896484375</ele>
        <time>2026-05-15T23:51:40.000Z</time>
        <extensions>
          <ns3:TrackPointExtension>
            <ns3:hr>147</ns3:hr>
            <ns3:cad>93</ns3:cad>
          </ns3:TrackPointExtension>
        </extensions>
      </trkpt>
      <trkpt lat="34.26859597675502300262451171875" lon="108.953746519982814788818359375">
        <ele>411.399993896484375</ele>
        <time>2026-05-15T23:51:41.000Z</time>
        <extensions>
          <ns3:TrackPointExtension>
            <ns3:hr>147</ns3:hr>
            <ns3:cad>94</ns3:cad>
          </ns3:TrackPointExtension>
        </extensions>
      </trkpt>
      <trkpt lat="34.26858290098607540130615234375" lon="108.9537533931434154510498046875">
        <ele>411.399993896484375</ele>
        <time>2026-05-15T23:51:42.000Z</time>
        <extensions>
          <ns3:TrackPointExtension>
            <ns3:hr>148</ns3:hr>
            <ns3:cad>94</ns3:cad>
          </ns3:TrackPointExtension>
        </extensions>
      </trkpt>
      <trkpt lat="34.26855624653398990631103515625" lon="108.953771330416202545166015625">
        <ele>411.399993896484375</ele>
        <time>2026-05-15T23:51:43.000Z</time>
        <extensions>
          <ns3:TrackPointExtension>
            <ns3:hr>149</ns3:hr>
            <ns3:cad>101</ns3:cad>
          </ns3:TrackPointExtension>
        </extensions>
      </trkpt>
      <trkpt lat="34.2685207910835742950439453125" lon="108.9537999965250492095947265625">
        <ele>411.399993896484375</ele>
        <time>2026-05-15T23:51:44.000Z</time>
        <extensions>
          <ns3:TrackPointExtension>
            <ns3:hr>150</ns3:hr>
            <ns3:cad>102</ns3:cad>
          </ns3:TrackPointExtension>
        </extensions>
      </trkpt>
      <trkpt lat="34.268502853810787200927734375" lon="108.95381667651236057281494140625">
        <ele>411.399993896484375</ele>
        <time>2026-05-15T23:51:45.000Z</time>
        <extensions>
          <ns3:TrackPointExtension>
            <ns3:hr>150</ns3:hr>
            <ns3:cad>102</ns3:cad>
          </ns3:TrackPointExtension>
        </extensions>
      </trkpt>
      <trkpt lat="34.26848801784217357635498046875" lon="108.95383310504257678985595703125">
        <ele>411.399993896484375</ele>
        <time>2026-05-15T23:51:46.000Z</time>
        <extensions>
          <ns3:TrackPointExtension>
            <ns3:hr>150</ns3:hr>
            <ns3:cad>95</ns3:cad>
          </ns3:TrackPointExtension>
        </extensions>
      </trkpt>
      <trkpt lat="34.26846119575202465057373046875" lon="108.95386629737913608551025390625">
        <ele>411.399993896484375</ele>
        <time>2026-05-15T23:51:47.000Z</time>
        <extensions>
          <ns3:TrackPointExtension>
            <ns3:hr>150</ns3:hr>
            <ns3:cad>95</ns3:cad>
          </ns3:TrackPointExtension>
        </extensions>
      </trkpt>
      <trkpt lat="34.26844124682247638702392578125" lon="108.9538948796689510345458984375">
        <ele>411.399993896484375</ele>
        <time>2026-05-15T23:51:48.000Z</time>
        <extensions>
          <ns3:TrackPointExtension>
            <ns3:hr>150</ns3:hr>
            <ns3:cad>95</ns3:cad>
          </ns3:TrackPointExtension>
        </extensions>
      </trkpt>
      <trkpt lat="34.2684346251189708709716796875" lon="108.9539066143333911895751953125">
        <ele>411.399993896484375</ele>
        <time>2026-05-15T23:51:49.000Z</time>
        <extensions>
          <ns3:TrackPointExtension>
            <ns3:hr>151</ns3:hr>
            <ns3:cad>95</ns3:cad>
          </ns3:TrackPointExtension>
        </extensions>
      </trkpt>
      <trkpt lat="34.2684114910662174224853515625" lon="108.95395095460116863250732421875">
        <ele>411.399993896484375</ele>
        <time>2026-05-15T23:51:50.000Z</time>
        <extensions>
          <ns3:TrackPointExtension>
            <ns3:hr>151</ns3:hr>
            <ns3:cad>101</ns3:cad>
          </ns3:TrackPointExtension>
        </extensions>
      </trkpt>
      <trkpt lat="34.26839699037373065948486328125" lon="108.953984566032886505126953125">
        <ele>411.399993896484375</ele>
        <time>2026-05-15T23:51:51.000Z</time>
        <extensions>
          <ns3:TrackPointExtension>
            <ns3:hr>150</ns3:hr>
            <ns3:cad>101</ns3:cad>
          </ns3:TrackPointExtension>
        </extensions>
      </trkpt>
      <trkpt lat="34.2683917097747325897216796875" lon="108.9540003240108489990234375">
        <ele>411.399993896484375</ele>
        <time>2026-05-15T23:51:52.000Z</time>
        <extensions>
          <ns3:TrackPointExtension>
            <ns3:hr>150</ns3:hr>
            <ns3:cad>100</ns3:cad>
          </ns3:TrackPointExtension>
        </extensions>
      </trkpt>
      <trkpt lat="34.26838324405252933502197265625" lon="108.9540271461009979248046875">
        <ele>411.399993896484375</ele>
        <time>2026-05-15T23:51:53.000Z</time>
        <extensions>
          <ns3:TrackPointExtension>
            <ns3:hr>150</ns3:hr>
            <ns3:cad>100</ns3:cad>
          </ns3:TrackPointExtension>
        </extensions>
      </trkpt>
      <trkpt lat="34.26837184466421604156494140625" lon="108.95407534204423427581787109375">
        <ele>411.399993896484375</ele>
        <time>2026-05-15T23:51:54.000Z</time>
        <extensions>
          <ns3:TrackPointExtension>
            <ns3:hr>151</ns3:hr>
            <ns3:cad>101</ns3:cad>
          </ns3:TrackPointExtension>
        </extensions>
      </trkpt>
      <trkpt lat="34.26836706697940826416015625" lon="108.9541024155914783477783203125">
        <ele>411.399993896484375</ele>
        <time>2026-05-15T23:51:55.000Z</time>
        <extensions>
          <ns3:TrackPointExtension>
            <ns3:hr>151</ns3:hr>
            <ns3:cad>101</ns3:cad>
          </ns3:TrackPointExtension>
        </extensions>
      </trkpt>
      <trkpt lat="34.26836438477039337158203125" lon="108.9541268907487392425537109375">
        <ele>411.399993896484375</ele>
        <time>2026-05-15T23:51:56.000Z</time>
        <extensions>
          <ns3:TrackPointExtension>
            <ns3:hr>151</ns3:hr>
            <ns3:cad>101</ns3:cad>
          </ns3:TrackPointExtension>
        </extensions>
      </trkpt>
      <trkpt lat="34.26836170256137847900390625" lon="108.95417659543454647064208984375">
        <ele>411.399993896484375</ele>
        <time>2026-05-15T23:51:57.000Z</time>
        <extensions>
          <ns3:TrackPointExtension>
            <ns3:hr>150</ns3:hr>
            <ns3:cad>101</ns3:cad>
          </ns3:TrackPointExtension>
        </extensions>
      </trkpt>
      <trkpt lat="34.26836128346621990203857421875" lon="108.95420425571501255035400390625">
        <ele>411.399993896484375</ele>
        <time>2026-05-15T23:51:58.000Z</time>
        <extensions>
          <ns3:TrackPointExtension>
            <ns3:hr>151</ns3:hr>
            <ns3:cad>100</ns3:cad>
          </ns3:TrackPointExtension>
        </extensions>
      </trkpt>
      <trkpt lat="34.26836396567523479461669921875" lon="108.95423610694706439971923828125">
        <ele>411.399993896484375</ele>
        <time>2026-05-15T23:51:59.000Z</time>
        <extensions>
          <ns3:TrackPointExtension>
            <ns3:hr>151</ns3:hr>
            <ns3:cad>100</ns3:cad>
          </ns3:TrackPointExtension>
        </extensions>
      </trkpt>
      <trkpt lat="34.26837083883583545684814453125" lon="108.9542868174612522125244140625">
        <ele>411.399993896484375</ele>
        <time>2026-05-15T23:52:00.000Z</time>
        <extensions>
          <ns3:TrackPointExtension>
            <ns3:hr>150</ns3:hr>
            <ns3:cad>102</ns3:cad>
          </ns3:TrackPointExtension>
        </extensions>
      </trkpt>
      <trkpt lat="34.2683772929012775421142578125" lon="108.95431942306458950042724609375">
        <ele>411.399993896484375</ele>
        <time>2026-05-15T23:52:01.000Z</time>
        <extensions>
          <ns3:TrackPointExtension>
            <ns3:hr>151</ns3:hr>
            <ns3:cad>102</ns3:cad>
          </ns3:TrackPointExtension>
        </extensions>
      </trkpt>
      <trkpt lat="34.268383495509624481201171875" lon="108.95434104837477207183837890625">
        <ele>411.399993896484375</ele>
        <time>2026-05-15T23:52:02.000Z</time>
        <extensions>
          <ns3:TrackPointExtension>
            <ns3:hr>151</ns3:hr>
            <ns3:cad>102</ns3:cad>
          </ns3:TrackPointExtension>
        </extensions>
      </trkpt>
      <trkpt lat="34.2684027738869190216064453125" lon="108.95439687184989452362060546875">
        <ele>411.399993896484375</ele>
        <time>2026-05-15T23:52:03.000Z</time>
        <extensions>
          <ns3:TrackPointExtension>
            <ns3:hr>151</ns3:hr>
            <ns3:cad>102</ns3:cad>
          </ns3:TrackPointExtension>
        </extensions>
      </trkpt>
      <trkpt lat="34.26841693930327892303466796875" lon="108.95442872308194637298583984375">
        <ele>411.399993896484375</ele>
        <time>2026-05-15T23:52:04.000Z</time>
        <extensions>
          <ns3:TrackPointExtension>
            <ns3:hr>151</ns3:hr>
            <ns3:cad>102</ns3:cad>
          </ns3:TrackPointExtension>
        </extensions>
      </trkpt>
      <trkpt lat="34.268425069749355316162109375" lon="108.95444414578378200531005859375">
        <ele>411.399993896484375</ele>
        <time>2026-05-15T23:52:05.000Z</time>
        <extensions>
          <ns3:TrackPointExtension>
            <ns3:hr>151</ns3:hr>
            <ns3:cad>101</ns3:cad>
          </ns3:TrackPointExtension>
        </extensions>
      </trkpt>
      <trkpt lat="34.26844845525920391082763671875" lon="108.95448337309062480926513671875">
        <ele>411.399993896484375</ele>
        <time>2026-05-15T23:52:06.000Z</time>
        <extensions>
          <ns3:TrackPointExtension>
            <ns3:hr>151</ns3:hr>
            <ns3:cad>101</ns3:cad>
          </ns3:TrackPointExtension>
        </extensions>
      </trkpt>
      <trkpt lat="34.26847108639776706695556640625" lon="108.95451522432267665863037109375">
        <ele>411.399993896484375</ele>
        <time>2026-05-15T23:52:07.000Z</time>
        <extensions>
          <ns3:TrackPointExtension>
            <ns3:hr>152</ns3:hr>
            <ns3:cad>101</ns3:cad>
          </ns3:TrackPointExtension>
        </extensions>
      </trkpt>
      <trkpt lat="34.26848516799509525299072265625" lon="108.954531736671924591064453125">
        <ele>411.399993896484375</ele>
        <time>2026-05-15T23:52:08.000Z</time>
        <extensions>
          <ns3:TrackPointExtension>
            <ns3:hr>153</ns3:hr>
            <ns3:cad>100</ns3:cad>
          </ns3:TrackPointExtension>
        </extensions>
      </trkpt>
      <trkpt lat="34.26851601339876651763916015625" lon="108.9545635879039764404296875">
        <ele>411.399993896484375</ele>
        <time>2026-05-15T23:52:09.000Z</time>
        <extensions>
          <ns3:TrackPointExtension>
            <ns3:hr>153</ns3:hr>
            <ns3:cad>100</ns3:cad>
          </ns3:TrackPointExtension>
        </extensions>
      </trkpt>
      <trkpt lat="34.26854518242180347442626953125" lon="108.95458848215639591217041015625">
        <ele>411.399993896484375</ele>
        <time>2026-05-15T23:52:10.000Z</time>
        <extensions>
          <ns3:TrackPointExtension>
            <ns3:hr>153</ns3:hr>
            <ns3:cad>100</ns3:cad>
          </ns3:TrackPointExtension>
        </extensions>
      </trkpt>
      <trkpt lat="34.2685570009052753448486328125" lon="108.95459711551666259765625">
        <ele>411.399993896484375</ele>
        <time>2026-05-15T23:52:11.000Z</time>
        <extensions>
          <ns3:TrackPointExtension>
            <ns3:hr>154</ns3:hr>
            <ns3:cad>100</ns3:cad>
          </ns3:TrackPointExtension>
        </extensions>
      </trkpt>
      <trkpt lat="34.26857384853065013885498046875" lon="108.95460926927626132965087890625">
        <ele>411.399993896484375</ele>
        <time>2026-05-15T23:52:12.000Z</time>
        <extensions>
          <ns3:TrackPointExtension>
            <ns3:hr>153</ns3:hr>
            <ns3:cad>101</ns3:cad>
          </ns3:TrackPointExtension>
        </extensions>
      </trkpt>
      <trkpt lat="34.26860637031495571136474609375" lon="108.95462703891098499298095703125">
        <ele>411.399993896484375</ele>
        <time>2026-05-15T23:52:13.000Z</time>
        <extensions>
          <ns3:TrackPointExtension>
            <ns3:hr>153</ns3:hr>
            <ns3:cad>101</ns3:cad>
          </ns3:TrackPointExtension>
        </extensions>
      </trkpt>
      <trkpt lat="34.26861810497939586639404296875" lon="108.95463307388126850128173828125">
        <ele>411.399993896484375</ele>
        <time>2026-05-15T23:52:14.000Z</time>
        <extensions>
          <ns3:TrackPointExtension>
            <ns3:hr>153</ns3:hr>
            <ns3:cad>101</ns3:cad>
          </ns3:TrackPointExtension>
        </extensions>
      </trkpt>
      <trkpt lat="34.26864123903214931488037109375" lon="108.95464195869863033294677734375">
        <ele>411.399993896484375</ele>
        <time>2026-05-15T23:52:15.000Z</time>
        <extensions>
          <ns3:TrackPointExtension>
            <ns3:hr>153</ns3:hr>
            <ns3:cad>101</ns3:cad>
          </ns3:TrackPointExtension>
        </extensions>
      </trkpt>
      <trkpt lat="34.26868398673832416534423828125" lon="108.95465469919145107269287109375">
        <ele>411.399993896484375</ele>
        <time>2026-05-15T23:52:16.000Z</time>
        <extensions>
          <ns3:TrackPointExtension>
            <ns3:hr>153</ns3:hr>
            <ns3:cad>101</ns3:cad>
          </ns3:TrackPointExtension>
        </extensions>
      </trkpt>
      <trkpt lat="34.2686976492404937744140625" lon="108.95465788431465625762939453125">
        <ele>411.399993896484375</ele>
        <time>2026-05-15T23:52:17.000Z</time>
        <extensions>
          <ns3:TrackPointExtension>
            <ns3:hr>153</ns3:hr>
            <ns3:cad>101</ns3:cad>
          </ns3:TrackPointExtension>
        </extensions>
      </trkpt>
      <trkpt lat="34.26872757263481616973876953125" lon="108.9546616561710834503173828125">
        <ele>411.399993896484375</ele>
        <time>2026-05-15T23:52:18.000Z</time>
        <extensions>
          <ns3:TrackPointExtension>
            <ns3:hr>153</ns3:hr>
            <ns3:cad>101</ns3:cad>
          </ns3:TrackPointExtension>
        </extensions>
      </trkpt>
      <trkpt lat="34.26877350546419620513916015625" lon="108.95466425456106662750244140625">
        <ele>411.399993896484375</ele>
        <time>2026-05-15T23:52:19.000Z</time>
        <extensions>
          <ns3:TrackPointExtension>
            <ns3:hr>153</ns3:hr>
            <ns3:cad>101</ns3:cad>
          </ns3:TrackPointExtension>
        </extensions>
      </trkpt>
      <trkpt lat="34.268802590668201446533203125" lon="108.95466475747525691986083984375">
        <ele>411.399993896484375</ele>
        <time>2026-05-15T23:52:20.000Z</time>
        <extensions>
          <ns3:TrackPointExtension>
            <ns3:hr>153</ns3:hr>
            <ns3:cad>101</ns3:cad>
          </ns3:TrackPointExtension>
        </extensions>
      </trkpt>
      <trkpt lat="34.26882036030292510986328125" lon="108.95466509275138378143310546875">
        <ele>411.399993896484375</ele>
        <time>2026-05-15T23:52:21.000Z</time>
        <extensions>
          <ns3:TrackPointExtension>
            <ns3:hr>153</ns3:hr>
            <ns3:cad>101</ns3:cad>
          </ns3:TrackPointExtension>
        </extensions>
      </trkpt>
      <trkpt lat="34.26887132227420806884765625" lon="108.95466609857976436614990234375">
        <ele>411.399993896484375</ele>
        <time>2026-05-15T23:52:22.000Z</time>
        <extensions>
          <ns3:TrackPointExtension>
            <ns3:hr>153</ns3:hr>
            <ns3:cad>101</ns3:cad>
          </ns3:TrackPointExtension>
        </extensions>
      </trkpt>
      <trkpt lat="34.26890409551560878753662109375" lon="108.95466676913201808929443359375">
        <ele>411.399993896484375</ele>
        <time>2026-05-15T23:52:23.000Z</time>
        <extensions>
          <ns3:TrackPointExtension>
            <ns3:hr>153</ns3:hr>
            <ns3:cad>101</ns3:cad>
          </ns3:TrackPointExtension>
        </extensions>
      </trkpt>
      <trkpt lat="34.26891960203647613525390625" lon="108.9546670205891132354736328125">
        <ele>411.399993896484375</ele>
        <time>2026-05-15T23:52:24.000Z</time>
        <extensions>
          <ns3:TrackPointExtension>
            <ns3:hr>153</ns3:hr>
            <ns3:cad>101</ns3:cad>
          </ns3:TrackPointExtension>
        </extensions>
      </trkpt>
      <trkpt lat="34.26896729506552219390869140625" lon="108.95466794259846210479736328125">
        <ele>411.399993896484375</ele>
        <time>2026-05-15T23:52:25.000Z</time>
        <extensions>
          <ns3:TrackPointExtension>
            <ns3:hr>154</ns3:hr>
            <ns3:cad>101</ns3:cad>
          </ns3:TrackPointExtension>
        </extensions>
      </trkpt>
      <trkpt lat="34.26900618709623813629150390625" lon="108.9546686969697475433349609375">
        <ele>411.399993896484375</ele>
        <time>2026-05-15T23:52:26.000Z</time>
        <extensions>
          <ns3:TrackPointExtension>
            <ns3:hr>154</ns3:hr>
            <ns3:cad>100</ns3:cad>
          </ns3:TrackPointExtension>
        </extensions>
      </trkpt>
      <trkpt lat="34.26902160979807376861572265625" lon="108.9546690322458744049072265625">
        <ele>411.399993896484375</ele>
        <time>2026-05-15T23:52:27.000Z</time>
        <extensions>
          <ns3:TrackPointExtension>
            <ns3:hr>154</ns3:hr>
            <ns3:cad>101</ns3:cad>
          </ns3:TrackPointExtension>
        </extensions>
      </trkpt>
      <trkpt lat="34.2690491862595081329345703125" lon="108.954669535160064697265625">
        <ele>411.399993896484375</ele>
        <time>2026-05-15T23:52:28.000Z</time>
        <extensions>
          <ns3:TrackPointExtension>
            <ns3:hr>154</ns3:hr>
            <ns3:cad>101</ns3:cad>
          </ns3:TrackPointExtension>
        </extensions>
      </trkpt>
      <trkpt lat="34.26909956149756908416748046875" lon="108.95467045716941356658935546875">
        <ele>411.399993896484375</ele>
        <time>2026-05-15T23:52:29.000Z</time>
        <extensions>
          <ns3:TrackPointExtension>
            <ns3:hr>154</ns3:hr>
            <ns3:cad>101</ns3:cad>
          </ns3:TrackPointExtension>
        </extensions>
      </trkpt>
      <trkpt lat="34.26911615766584873199462890625" lon="108.95467079244554042816162109375">
        <ele>411.399993896484375</ele>
        <time>2026-05-15T23:52:30.000Z</time>
        <extensions>
          <ns3:TrackPointExtension>
            <ns3:hr>155</ns3:hr>
            <ns3:cad>101</ns3:cad>
          </ns3:TrackPointExtension>
        </extensions>
      </trkpt>
      <trkpt lat="34.2691417224705219268798828125" lon="108.95467129535973072052001953125">
        <ele>411.399993896484375</ele>
        <time>2026-05-15T23:52:31.000Z</time>
        <extensions>
          <ns3:TrackPointExtension>
            <ns3:hr>155</ns3:hr>
            <ns3:cad>102</ns3:cad>
          </ns3:TrackPointExtension>
        </extensions>
      </trkpt>
      <trkpt lat="34.2691938579082489013671875" lon="108.95467230118811130523681640625">
        <ele>411.399993896484375</ele>
        <time>2026-05-15T23:52:32.000Z</time>
        <extensions>
          <ns3:TrackPointExtension>
            <ns3:hr>155</ns3:hr>
            <ns3:cad>102</ns3:cad>
          </ns3:TrackPointExtension>
        </extensions>
      </trkpt>
      <trkpt lat="34.269222356379032135009765625" lon="108.95467288792133331298828125">
        <ele>411.399993896484375</ele>
        <time>2026-05-15T23:52:33.000Z</time>
        <extensions>
          <ns3:TrackPointExtension>
            <ns3:hr>155</ns3:hr>
            <ns3:cad>101</ns3:cad>
          </ns3:TrackPointExtension>
        </extensions>
      </trkpt>
      <trkpt lat="34.26924020983278751373291015625" lon="108.954673223197460174560546875">
        <ele>411.399993896484375</ele>
        <time>2026-05-15T23:52:34.000Z</time>
        <extensions>
          <ns3:TrackPointExtension>
            <ns3:hr>156</ns3:hr>
            <ns3:cad>100</ns3:cad>
          </ns3:TrackPointExtension>
        </extensions>
      </trkpt>
      <trkpt lat="34.26927356980741024017333984375" lon="108.95467380993068218231201171875">
        <ele>411.399993896484375</ele>
        <time>2026-05-15T23:52:35.000Z</time>
        <extensions>
          <ns3:TrackPointExtension>
            <ns3:hr>155</ns3:hr>
            <ns3:cad>100</ns3:cad>
          </ns3:TrackPointExtension>
        </extensions>
      </trkpt>
      <trkpt lat="34.26930542103946208953857421875" lon="108.95467448048293590545654296875">
        <ele>411.399993896484375</ele>
        <time>2026-05-15T23:52:36.000Z</time>
        <extensions>
          <ns3:TrackPointExtension>
            <ns3:hr>156</ns3:hr>
            <ns3:cad>100</ns3:cad>
          </ns3:TrackPointExtension>
        </extensions>
      </trkpt>
      <trkpt lat="34.26931858062744140625" lon="108.9546747319400310516357421875">
        <ele>411.399993896484375</ele>
        <time>2026-05-15T23:52:37.000Z</time>
        <extensions>
          <ns3:TrackPointExtension>
            <ns3:hr>155</ns3:hr>
            <ns3:cad>101</ns3:cad>
          </ns3:TrackPointExtension>
        </extensions>
      </trkpt>
      <trkpt lat="34.2693655192852020263671875" lon="108.95467557013034820556640625">
        <ele>411.399993896484375</ele>
        <time>2026-05-15T23:52:38.000Z</time>
        <extensions>
          <ns3:TrackPointExtension>
            <ns3:hr>156</ns3:hr>
            <ns3:cad>101</ns3:cad>
          </ns3:TrackPointExtension>
        </extensions>
      </trkpt>
      <trkpt lat="34.26939695142209529876708984375" lon="108.9546762406826019287109375">
        <ele>411.399993896484375</ele>
        <time>2026-05-15T23:52:39.000Z</time>
        <extensions>
          <ns3:TrackPointExtension>
            <ns3:hr>156</ns3:hr>
            <ns3:cad>101</ns3:cad>
          </ns3:TrackPointExtension>
        </extensions>
      </trkpt>
      <trkpt lat="34.26941907964646816253662109375" lon="108.95467665977776050567626953125">
        <ele>411.399993896484375</ele>
        <time>2026-05-15T23:52:40.000Z</time>
        <extensions>
          <ns3:TrackPointExtension>
            <ns3:hr>156</ns3:hr>
            <ns3:cad>101</ns3:cad>
          </ns3:TrackPointExtension>
        </extensions>
      </trkpt>
      <trkpt lat="34.2694609053432941436767578125" lon="108.9546774141490459442138671875">
        <ele>411.399993896484375</ele>
        <time>2026-05-15T23:52:41.000Z</time>
        <extensions>
          <ns3:TrackPointExtension>
            <ns3:hr>156</ns3:hr>
            <ns3:cad>101</ns3:cad>
          </ns3:TrackPointExtension>
        </extensions>
      </trkpt>
      <trkpt lat="34.26948286592960357666015625" lon="108.954677246510982513427734375">
        <ele>411.399993896484375</ele>
        <time>2026-05-15T23:52:42.000Z</time>
        <extensions>
          <ns3:TrackPointExtension>
            <ns3:hr>156</ns3:hr>
            <ns3:cad>101</ns3:cad>
          </ns3:TrackPointExtension>
        </extensions>
      </trkpt>
      <trkpt lat="34.26950004883110523223876953125" lon="108.9546764083206653594970703125">
        <ele>411.399993896484375</ele>
        <time>2026-05-15T23:52:43.000Z</time>
        <extensions>
          <ns3:TrackPointExtension>
            <ns3:hr>156</ns3:hr>
            <ns3:cad>101</ns3:cad>
          </ns3:TrackPointExtension>
        </extensions>
      </trkpt>
      <trkpt lat="34.269534833729267120361328125" lon="108.954672552645206451416015625">
        <ele>411.399993896484375</ele>
        <time>2026-05-15T23:52:44.000Z</time>
        <extensions>
          <ns3:TrackPointExtension>
            <ns3:hr>156</ns3:hr>
            <ns3:cad>101</ns3:cad>
          </ns3:TrackPointExtension>
        </extensions>
      </trkpt>
      <trkpt lat="34.26955905742943286895751953125" lon="108.95466777496039867401123046875">
        <ele>411.399993896484375</ele>
        <time>2026-05-15T23:52:45.000Z</time>
        <extensions>
          <ns3:TrackPointExtension>
            <ns3:hr>156</ns3:hr>
            <ns3:cad>101</ns3:cad>
          </ns3:TrackPointExtension>
        </extensions>
      </trkpt>
      <trkpt lat="34.269583113491535186767578125" lon="108.95466056652367115020751953125">
        <ele>411.399993896484375</ele>
        <time>2026-05-15T23:52:46.000Z</time>
        <extensions>
          <ns3:TrackPointExtension>
            <ns3:hr>156</ns3:hr>
            <ns3:cad>101</ns3:cad>
          </ns3:TrackPointExtension>
        </extensions>
      </trkpt>
      <trkpt lat="34.26961219869554042816162109375" lon="108.95465034060180187225341796875">
        <ele>411.399993896484375</ele>
        <time>2026-05-15T23:52:47.000Z</time>
        <extensions>
          <ns3:TrackPointExtension>
            <ns3:hr>156</ns3:hr>
            <ns3:cad>101</ns3:cad>
          </ns3:TrackPointExtension>
        </extensions>
      </trkpt>
      <trkpt lat="34.26963231526315212249755859375" lon="108.95464028231799602508544921875">
        <ele>411.399993896484375</ele>
        <time>2026-05-15T23:52:48.000Z</time>
        <extensions>
          <ns3:TrackPointExtension>
            <ns3:hr>157</ns3:hr>
            <ns3:cad>101</ns3:cad>
          </ns3:TrackPointExtension>
        </extensions>
      </trkpt>
      <trkpt lat="34.26965159364044666290283203125" lon="108.9546306431293487548828125">
        <ele>411.399993896484375</ele>
        <time>2026-05-15T23:52:49.000Z</time>
        <extensions>
          <ns3:TrackPointExtension>
            <ns3:hr>156</ns3:hr>
            <ns3:cad>101</ns3:cad>
          </ns3:TrackPointExtension>
        </extensions>
      </trkpt>
      <trkpt lat="34.2696778289973735809326171875" lon="108.954613208770751953125">
        <ele>411.399993896484375</ele>
        <time>2026-05-15T23:52:50.000Z</time>
        <extensions>
          <ns3:TrackPointExtension>
            <ns3:hr>156</ns3:hr>
            <ns3:cad>101</ns3:cad>
          </ns3:TrackPointExtension>
        </extensions>
      </trkpt>
      <trkpt lat="34.26971076987683773040771484375" lon="108.9545875601470470428466796875">
        <ele>411.399993896484375</ele>
        <time>2026-05-15T23:52:51.000Z</time>
        <extensions>
          <ns3:TrackPointExtension>
            <ns3:hr>156</ns3:hr>
            <ns3:cad>101</ns3:cad>
          </ns3:TrackPointExtension>
        </extensions>
      </trkpt>
      <trkpt lat="34.26972837187349796295166015625" lon="108.95457222126424312591552734375">
        <ele>411.399993896484375</ele>
        <time>2026-05-15T23:52:52.000Z</time>
        <extensions>
          <ns3:TrackPointExtension>
            <ns3:hr>156</ns3:hr>
            <ns3:cad>101</ns3:cad>
          </ns3:TrackPointExtension>
        </extensions>
      </trkpt>
      <trkpt lat="34.269745387136936187744140625" lon="108.95455378107726573944091796875">
        <ele>411.399993896484375</ele>
        <time>2026-05-15T23:52:53.000Z</time>
        <extensions>
          <ns3:TrackPointExtension>
            <ns3:hr>157</ns3:hr>
            <ns3:cad>101</ns3:cad>
          </ns3:TrackPointExtension>
        </extensions>
      </trkpt>
      <trkpt lat="34.2697753943502902984619140625" lon="108.9545174874365329742431640625">
        <ele>411.399993896484375</ele>
        <time>2026-05-15T23:52:54.000Z</time>
        <extensions>
          <ns3:TrackPointExtension>
            <ns3:hr>156</ns3:hr>
            <ns3:cad>101</ns3:cad>
          </ns3:TrackPointExtension>
        </extensions>
      </trkpt>
      <trkpt lat="34.2697908170521259307861328125" lon="108.9544960297644138336181640625">
        <ele>411.399993896484375</ele>
        <time>2026-05-15T23:52:55.000Z</time>
        <extensions>
          <ns3:TrackPointExtension>
            <ns3:hr>156</ns3:hr>
            <ns3:cad>101</ns3:cad>
          </ns3:TrackPointExtension>
        </extensions>
      </trkpt>
      <trkpt lat="34.26979928277432918548583984375" lon="108.95448236726224422454833984375">
        <ele>411.399993896484375</ele>
        <time>2026-05-15T23:52:56.000Z</time>
        <extensions>
          <ns3:TrackPointExtension>
            <ns3:hr>156</ns3:hr>
            <ns3:cad>101</ns3:cad>
          </ns3:TrackPointExtension>
        </extensions>
      </trkpt>
      <trkpt lat="34.26981973461806774139404296875" lon="108.9544460736215114593505859375">
        <ele>411.399993896484375</ele>
        <time>2026-05-15T23:52:57.000Z</time>
        <extensions>
          <ns3:TrackPointExtension>
            <ns3:hr>156</ns3:hr>
            <ns3:cad>101</ns3:cad>
          </ns3:TrackPointExtension>
        </extensions>
      </trkpt>
      <trkpt lat="34.26983289420604705810546875" lon="108.9544160664081573486328125">
        <ele>411.399993896484375</ele>
        <time>2026-05-15T23:52:58.000Z</time>
        <extensions>
          <ns3:TrackPointExtension>
            <ns3:hr>157</ns3:hr>
            <ns3:cad>101</ns3:cad>
          </ns3:TrackPointExtension>
        </extensions>
      </trkpt>
      <trkpt lat="34.26984119229018688201904296875" lon="108.95439687184989452362060546875">
        <ele>411.399993896484375</ele>
        <time>2026-05-15T23:52:59.000Z</time>
        <extensions>
          <ns3:TrackPointExtension>
            <ns3:hr>157</ns3:hr>
            <ns3:cad>101</ns3:cad>
          </ns3:TrackPointExtension>
        </extensions>
      </trkpt>
      <trkpt lat="34.26985309459269046783447265625" lon="108.9543599076569080352783203125">
        <ele>411.399993896484375</ele>
        <time>2026-05-15T23:53:00.000Z</time>
        <extensions>
          <ns3:TrackPointExtension>
            <ns3:hr>157</ns3:hr>
            <ns3:cad>101</ns3:cad>
          </ns3:TrackPointExtension>
        </extensions>
      </trkpt>
      <trkpt lat="34.26986399106681346893310546875" lon="108.95431640557944774627685546875">
        <ele>411.399993896484375</ele>
        <time>2026-05-15T23:53:01.000Z</time>
        <extensions>
          <ns3:TrackPointExtension>
            <ns3:hr>157</ns3:hr>
            <ns3:cad>101</ns3:cad>
          </ns3:TrackPointExtension>
        </extensions>
      </trkpt>
      <trkpt lat="34.26986642181873321533203125" lon="108.9543049223721027374267578125">
        <ele>411.399993896484375</ele>
        <time>2026-05-15T23:53:02.000Z</time>
        <extensions>
          <ns3:TrackPointExtension>
            <ns3:hr>156</ns3:hr>
            <ns3:cad>100</ns3:cad>
          </ns3:TrackPointExtension>
        </extensions>
      </trkpt>
      <trkpt lat="34.26987153477966785430908203125" lon="108.95427281968295574188232421875">
        <ele>411.399993896484375</ele>
        <time>2026-05-15T23:53:03.000Z</time>
        <extensions>
          <ns3:TrackPointExtension>
            <ns3:hr>156</ns3:hr>
            <ns3:cad>100</ns3:cad>
          </ns3:TrackPointExtension>
        </extensions>
      </trkpt>
      <trkpt lat="34.269876144826412200927734375" lon="108.95421691238880157470703125">
        <ele>411.399993896484375</ele>
        <time>2026-05-15T23:53:04.000Z</time>
        <extensions>
          <ns3:TrackPointExtension>
            <ns3:hr>156</ns3:hr>
            <ns3:cad>100</ns3:cad>
          </ns3:TrackPointExtension>
        </extensions>
      </trkpt>
      <trkpt lat="34.2698763124644756317138671875" lon="108.9542013220489025115966796875">
        <ele>411.399993896484375</ele>
        <time>2026-05-15T23:53:05.000Z</time>
        <extensions>
          <ns3:TrackPointExtension>
            <ns3:hr>156</ns3:hr>
            <ns3:cad>100</ns3:cad>
          </ns3:TrackPointExtension>
        </extensions>
      </trkpt>
      <trkpt lat="34.2698764801025390625" lon="108.9541755057871341705322265625">
        <ele>411.399993896484375</ele>
        <time>2026-05-15T23:53:06.000Z</time>
        <extensions>
          <ns3:TrackPointExtension>
            <ns3:hr>156</ns3:hr>
            <ns3:cad>101</ns3:cad>
          </ns3:TrackPointExtension>
        </extensions>
      </trkpt>
      <trkpt lat="34.2698722891509532928466796875" lon="108.95412580110132694244384765625">
        <ele>411.399993896484375</ele>
        <time>2026-05-15T23:53:07.000Z</time>
        <extensions>
          <ns3:TrackPointExtension>
            <ns3:hr>156</ns3:hr>
            <ns3:cad>101</ns3:cad>
          </ns3:TrackPointExtension>
        </extensions>
      </trkpt>
      <trkpt lat="34.26987002603709697723388671875" lon="108.95411138422787189483642578125">
        <ele>411.399993896484375</ele>
        <time>2026-05-15T23:53:08.000Z</time>
        <extensions>
          <ns3:TrackPointExtension>
            <ns3:hr>156</ns3:hr>
            <ns3:cad>101</ns3:cad>
          </ns3:TrackPointExtension>
        </extensions>
      </trkpt>
      <trkpt lat="34.26986600272357463836669921875" lon="108.954089172184467315673828125">
        <ele>411.399993896484375</ele>
        <time>2026-05-15T23:53:09.000Z</time>
        <extensions>
          <ns3:TrackPointExtension>
            <ns3:hr>156</ns3:hr>
            <ns3:cad>101</ns3:cad>
          </ns3:TrackPointExtension>
        </extensions>
      </trkpt>
      <trkpt lat="34.2698521725833415985107421875" lon="108.95403309725224971771240234375">
        <ele>411.399993896484375</ele>
        <time>2026-05-15T23:53:10.000Z</time>
        <extensions>
          <ns3:TrackPointExtension>
            <ns3:hr>155</ns3:hr>
            <ns3:cad>101</ns3:cad>
          </ns3:TrackPointExtension>
        </extensions>
      </trkpt>
      <trkpt lat="34.2698394320905208587646484375" lon="108.95399588160216808319091796875">
        <ele>411.399993896484375</ele>
        <time>2026-05-15T23:53:11.000Z</time>
        <extensions>
          <ns3:TrackPointExtension>
            <ns3:hr>155</ns3:hr>
            <ns3:cad>101</ns3:cad>
          </ns3:TrackPointExtension>
        </extensions>
      </trkpt>
      <trkpt lat="34.2698367498815059661865234375" lon="108.95398917607963085174560546875">
        <ele>411.399993896484375</ele>
        <time>2026-05-15T23:53:12.000Z</time>
        <extensions>
          <ns3:TrackPointExtension>
            <ns3:hr>155</ns3:hr>
            <ns3:cad>101</ns3:cad>
          </ns3:TrackPointExtension>
        </extensions>
      </trkpt>
      <trkpt lat="34.2698159627616405487060546875" lon="108.953943662345409393310546875">
        <ele>411.399993896484375</ele>
        <time>2026-05-15T23:53:13.000Z</time>
        <extensions>
          <ns3:TrackPointExtension>
            <ns3:hr>155</ns3:hr>
            <ns3:cad>101</ns3:cad>
          </ns3:TrackPointExtension>
        </extensions>
      </trkpt>
      <trkpt lat="34.26980095915496349334716796875" lon="108.9539156667888164520263671875">
        <ele>411.399993896484375</ele>
        <time>2026-05-15T23:53:14.000Z</time>
        <extensions>
          <ns3:TrackPointExtension>
            <ns3:hr>155</ns3:hr>
            <ns3:cad>101</ns3:cad>
          </ns3:TrackPointExtension>
        </extensions>
      </trkpt>
      <trkpt lat="34.2697874642908573150634765625" lon="108.95389546640217304229736328125">
        <ele>411.399993896484375</ele>
        <time>2026-05-15T23:53:15.000Z</time>
        <extensions>
          <ns3:TrackPointExtension>
            <ns3:hr>155</ns3:hr>
            <ns3:cad>101</ns3:cad>
          </ns3:TrackPointExtension>
        </extensions>
      </trkpt>
      <trkpt lat="34.26976743154227733612060546875" lon="108.9538673870265483856201171875">
        <ele>411.399993896484375</ele>
        <time>2026-05-15T23:53:16.000Z</time>
        <extensions>
          <ns3:TrackPointExtension>
            <ns3:hr>155</ns3:hr>
            <ns3:cad>101</ns3:cad>
          </ns3:TrackPointExtension>
        </extensions>
      </trkpt>
      <trkpt lat="34.26973625086247920989990234375" lon="108.953831680119037628173828125">
        <ele>411.399993896484375</ele>
        <time>2026-05-15T23:53:17.000Z</time>
        <extensions>
          <ns3:TrackPointExtension>
            <ns3:hr>155</ns3:hr>
            <ns3:cad>101</ns3:cad>
          </ns3:TrackPointExtension>
        </extensions>
      </trkpt>
      <trkpt lat="34.26971948705613613128662109375" lon="108.9538160897791385650634765625">
        <ele>411.399993896484375</ele>
        <time>2026-05-15T23:53:18.000Z</time>
        <extensions>
          <ns3:TrackPointExtension>
            <ns3:hr>155</ns3:hr>
            <ns3:cad>101</ns3:cad>
          </ns3:TrackPointExtension>
        </extensions>
      </trkpt>
      <trkpt lat="34.26970339380204677581787109375" lon="108.95380108617246150970458984375">
        <ele>411.399993896484375</ele>
        <time>2026-05-15T23:53:19.000Z</time>
        <extensions>
          <ns3:TrackPointExtension>
            <ns3:hr>156</ns3:hr>
            <ns3:cad>101</ns3:cad>
          </ns3:TrackPointExtension>
        </extensions>
      </trkpt>
      <trkpt lat="34.26966031081974506378173828125" lon="108.95377057604491710662841796875">
        <ele>411.399993896484375</ele>
        <time>2026-05-15T23:53:20.000Z</time>
        <extensions>
          <ns3:TrackPointExtension>
            <ns3:hr>156</ns3:hr>
            <ns3:cad>101</ns3:cad>
          </ns3:TrackPointExtension>
        </extensions>
      </trkpt>
      <trkpt lat="34.26963843405246734619140625" lon="108.95375867374241352081298828125">
        <ele>411.399993896484375</ele>
        <time>2026-05-15T23:53:21.000Z</time>
        <extensions>
          <ns3:TrackPointExtension>
            <ns3:hr>156</ns3:hr>
            <ns3:cad>101</ns3:cad>
          </ns3:TrackPointExtension>
        </extensions>
      </trkpt>
      <trkpt lat="34.2696204967796802520751953125" lon="108.95374911837279796600341796875">
        <ele>411.399993896484375</ele>
        <time>2026-05-15T23:53:22.000Z</time>
        <extensions>
          <ns3:TrackPointExtension>
            <ns3:hr>156</ns3:hr>
            <ns3:cad>101</ns3:cad>
          </ns3:TrackPointExtension>
        </extensions>
      </trkpt>
      <trkpt lat="34.26957448013126850128173828125" lon="108.95373201929032802581787109375">
        <ele>411.399993896484375</ele>
        <time>2026-05-15T23:53:23.000Z</time>
        <extensions>
          <ns3:TrackPointExtension>
            <ns3:hr>156</ns3:hr>
            <ns3:cad>101</ns3:cad>
          </ns3:TrackPointExtension>
        </extensions>
      </trkpt>
      <trkpt lat="34.26954547874629497528076171875" lon="108.9537252299487590789794921875">
        <ele>411.399993896484375</ele>
        <time>2026-05-15T23:53:24.000Z</time>
        <extensions>
          <ns3:TrackPointExtension>
            <ns3:hr>156</ns3:hr>
            <ns3:cad>101</ns3:cad>
          </ns3:TrackPointExtension>
        </extensions>
      </trkpt>
      <trkpt lat="34.26953324116766452789306640625" lon="108.953722380101680755615234375">
        <ele>411.399993896484375</ele>
        <time>2026-05-15T23:53:25.000Z</time>
        <extensions>
          <ns3:TrackPointExtension>
            <ns3:hr>156</ns3:hr>
            <ns3:cad>101</ns3:cad>
          </ns3:TrackPointExtension>
        </extensions>
      </trkpt>
      <trkpt lat="34.26948529668152332305908203125" lon="108.95371810533106327056884765625">
        <ele>411.399993896484375</ele>
        <time>2026-05-15T23:53:26.000Z</time>
        <extensions>
          <ns3:TrackPointExtension>
            <ns3:hr>156</ns3:hr>
            <ns3:cad>100</ns3:cad>
          </ns3:TrackPointExtension>
        </extensions>
      </trkpt>
      <trkpt lat="34.26943936385214328765869140625" lon="108.95371726714074611663818359375">
        <ele>411.399993896484375</ele>
        <time>2026-05-15T23:53:27.000Z</time>
        <extensions>
          <ns3:TrackPointExtension>
            <ns3:hr>156</ns3:hr>
            <ns3:cad>100</ns3:cad>
          </ns3:TrackPointExtension>
        </extensions>
      </trkpt>
      <trkpt lat="34.269428886473178863525390625" lon="108.953717015683650970458984375">
        <ele>411.399993896484375</ele>
        <time>2026-05-15T23:53:28.000Z</time>
        <extensions>
          <ns3:TrackPointExtension>
            <ns3:hr>155</ns3:hr>
            <ns3:cad>101</ns3:cad>
          </ns3:TrackPointExtension>
        </extensions>
      </trkpt>
      <trkpt lat="34.26939611323177814483642578125" lon="108.95371642895042896270751953125">
        <ele>411.399993896484375</ele>
        <time>2026-05-15T23:53:29.000Z</time>
        <extensions>
          <ns3:TrackPointExtension>
            <ns3:hr>156</ns3:hr>
            <ns3:cad>101</ns3:cad>
          </ns3:TrackPointExtension>
        </extensions>
      </trkpt>
      <trkpt lat="34.26935386843979358673095703125" lon="108.95371559076011180877685546875">
        <ele>411.399993896484375</ele>
        <time>2026-05-15T23:53:30.000Z</time>
        <extensions>
          <ns3:TrackPointExtension>
            <ns3:hr>156</ns3:hr>
            <ns3:cad>101</ns3:cad>
          </ns3:TrackPointExtension>
        </extensions>
      </trkpt>
      <trkpt lat="34.26932738162577152252197265625" lon="108.95371508784592151641845703125">
        <ele>411.399993896484375</ele>
        <time>2026-05-15T23:53:31.000Z</time>
        <extensions>
          <ns3:TrackPointExtension>
            <ns3:hr>156</ns3:hr>
            <ns3:cad>101</ns3:cad>
          </ns3:TrackPointExtension>
        </extensions>
      </trkpt>
      <trkpt lat="34.26931346766650676727294921875" lon="108.9537148363888263702392578125">
        <ele>411.399993896484375</ele>
        <time>2026-05-15T23:53:32.000Z</time>
        <extensions>
          <ns3:TrackPointExtension>
            <ns3:hr>156</ns3:hr>
            <ns3:cad>101</ns3:cad>
          </ns3:TrackPointExtension>
        </extensions>
      </trkpt>
      <trkpt lat="34.26926351152360439300537109375" lon="108.9537138305604457855224609375">
        <ele>411.399993896484375</ele>
        <time>2026-05-15T23:53:33.000Z</time>
        <extensions>
          <ns3:TrackPointExtension>
            <ns3:hr>155</ns3:hr>
            <ns3:cad>101</ns3:cad>
          </ns3:TrackPointExtension>
        </extensions>
      </trkpt>
      <trkpt lat="34.269226379692554473876953125" lon="108.9537131600081920623779296875">
        <ele>411.399993896484375</ele>
        <time>2026-05-15T23:53:34.000Z</time>
        <extensions>
          <ns3:TrackPointExtension>
            <ns3:hr>156</ns3:hr>
            <ns3:cad>101</ns3:cad>
          </ns3:TrackPointExtension>
        </extensions>
      </trkpt>
      <trkpt lat="34.269213974475860595703125" lon="108.95371290855109691619873046875">
        <ele>411.399993896484375</ele>
        <time>2026-05-15T23:53:35.000Z</time>
        <extensions>
          <ns3:TrackPointExtension>
            <ns3:hr>156</ns3:hr>
            <ns3:cad>102</ns3:cad>
          </ns3:TrackPointExtension>
        </extensions>
      </trkpt>
      <trkpt lat="34.269171394407749176025390625" lon="108.95371207036077976226806640625">
        <ele>411.399993896484375</ele>
        <time>2026-05-15T23:53:36.000Z</time>
        <extensions>
          <ns3:TrackPointExtension>
            <ns3:hr>156</ns3:hr>
            <ns3:cad>102</ns3:cad>
          </ns3:TrackPointExtension>
        </extensions>
      </trkpt>
      <trkpt lat="34.26912252791225910186767578125" lon="108.9537111483514308929443359375">
        <ele>411.399993896484375</ele>
        <time>2026-05-15T23:53:37.000Z</time>
        <extensions>
          <ns3:TrackPointExtension>
            <ns3:hr>156</ns3:hr>
            <ns3:cad>102</ns3:cad>
          </ns3:TrackPointExtension>
        </extensions>
      </trkpt>
      <trkpt lat="34.26911112852394580841064453125" lon="108.95371089689433574676513671875">
        <ele>411.399993896484375</ele>
        <time>2026-05-15T23:53:38.000Z</time>
        <extensions>
          <ns3:TrackPointExtension>
            <ns3:hr>156</ns3:hr>
            <ns3:cad>102</ns3:cad>
          </ns3:TrackPointExtension>
        </extensions>
      </trkpt>
      <trkpt lat="34.26908724009990692138671875" lon="108.9537104777991771697998046875">
        <ele>411.399993896484375</ele>
        <time>2026-05-15T23:53:39.000Z</time>
        <extensions>
          <ns3:TrackPointExtension>
            <ns3:hr>157</ns3:hr>
            <ns3:cad>102</ns3:cad>
          </ns3:TrackPointExtension>
        </extensions>
      </trkpt>
      <trkpt lat="34.2690382897853851318359375" lon="108.95370955578982830047607421875">
        <ele>411.399993896484375</ele>
        <time>2026-05-15T23:53:40.000Z</time>
        <extensions>
          <ns3:TrackPointExtension>
            <ns3:hr>157</ns3:hr>
            <ns3:cad>102</ns3:cad>
          </ns3:TrackPointExtension>
        </extensions>
      </trkpt>
      <trkpt lat="34.26900518126785755157470703125" lon="108.95370888523757457733154296875">
        <ele>411.399993896484375</ele>
        <time>2026-05-15T23:53:41.000Z</time>
        <extensions>
          <ns3:TrackPointExtension>
            <ns3:hr>158</ns3:hr>
            <ns3:cad>102</ns3:cad>
          </ns3:TrackPointExtension>
        </extensions>
      </trkpt>
      <trkpt lat="34.26899445243179798126220703125" lon="108.95370871759951114654541015625">
        <ele>411.399993896484375</ele>
        <time>2026-05-15T23:53:42.000Z</time>
        <extensions>
          <ns3:TrackPointExtension>
            <ns3:hr>158</ns3:hr>
            <ns3:cad>102</ns3:cad>
          </ns3:TrackPointExtension>
        </extensions>
      </trkpt>
      <trkpt lat="34.2689516209065914154052734375" lon="108.95370787940919399261474609375">
        <ele>411.399993896484375</ele>
        <time>2026-05-15T23:53:43.000Z</time>
        <extensions>
          <ns3:TrackPointExtension>
            <ns3:hr>157</ns3:hr>
            <ns3:cad>102</ns3:cad>
          </ns3:TrackPointExtension>
        </extensions>
      </trkpt>
      <trkpt lat="34.26890292204916477203369140625" lon="108.953706957399845123291015625">
        <ele>411.399993896484375</ele>
        <time>2026-05-15T23:53:44.000Z</time>
        <extensions>
          <ns3:TrackPointExtension>
            <ns3:hr>157</ns3:hr>
            <ns3:cad>102</ns3:cad>
          </ns3:TrackPointExtension>
        </extensions>
      </trkpt>
      <trkpt lat="34.26888850517570972442626953125" lon="108.95370662212371826171875">
        <ele>411.399993896484375</ele>
        <time>2026-05-15T23:53:45.000Z</time>
        <extensions>
          <ns3:TrackPointExtension>
            <ns3:hr>157</ns3:hr>
            <ns3:cad>102</ns3:cad>
          </ns3:TrackPointExtension>
        </extensions>
      </trkpt>
      <trkpt lat="34.26885581575334072113037109375" lon="108.95370603539049625396728515625">
        <ele>411.399993896484375</ele>
        <time>2026-05-15T23:53:46.000Z</time>
        <extensions>
          <ns3:TrackPointExtension>
            <ns3:hr>157</ns3:hr>
            <ns3:cad>102</ns3:cad>
          </ns3:TrackPointExtension>
        </extensions>
      </trkpt>
      <trkpt lat="34.2688064463436603546142578125" lon="108.95370502956211566925048828125">
        <ele>411.399993896484375</ele>
        <time>2026-05-15T23:53:47.000Z</time>
        <extensions>
          <ns3:TrackPointExtension>
            <ns3:hr>157</ns3:hr>
            <ns3:cad>102</ns3:cad>
          </ns3:TrackPointExtension>
        </extensions>
      </trkpt>
      <trkpt lat="34.26879261620342731475830078125" lon="108.9537047781050205230712890625">
        <ele>411.399993896484375</ele>
        <time>2026-05-15T23:53:48.000Z</time>
        <extensions>
          <ns3:TrackPointExtension>
            <ns3:hr>157</ns3:hr>
            <ns3:cad>102</ns3:cad>
          </ns3:TrackPointExtension>
        </extensions>
      </trkpt>
      <trkpt lat="34.2687705717980861663818359375" lon="108.95370435900986194610595703125">
        <ele>411.399993896484375</ele>
        <time>2026-05-15T23:53:49.000Z</time>
        <extensions>
          <ns3:TrackPointExtension>
            <ns3:hr>157</ns3:hr>
            <ns3:cad>101</ns3:cad>
          </ns3:TrackPointExtension>
        </extensions>
      </trkpt>
      <trkpt lat="34.26872019656002521514892578125" lon="108.9537064544856548309326171875">
        <ele>411.399993896484375</ele>
        <time>2026-05-15T23:53:50.000Z</time>
        <extensions>
          <ns3:TrackPointExtension>
            <ns3:hr>157</ns3:hr>
            <ns3:cad>101</ns3:cad>
          </ns3:TrackPointExtension>
        </extensions>
      </trkpt>
      <trkpt lat="34.2686984874308109283447265625" lon="108.953710310161113739013671875">
        <ele>411.399993896484375</ele>
        <time>2026-05-15T23:53:51.000Z</time>
        <extensions>
          <ns3:TrackPointExtension>
            <ns3:hr>157</ns3:hr>
            <ns3:cad>101</ns3:cad>
          </ns3:TrackPointExtension>
        </extensions>
      </trkpt>
      <trkpt lat="34.2686854116618633270263671875" lon="108.9537128247320652008056640625">
        <ele>411.399993896484375</ele>
        <time>2026-05-15T23:53:52.000Z</time>
        <extensions>
          <ns3:TrackPointExtension>
            <ns3:hr>158</ns3:hr>
            <ns3:cad>101</ns3:cad>
          </ns3:TrackPointExtension>
        </extensions>
      </trkpt>
      <trkpt lat="34.2686440050601959228515625" lon="108.953725062310695648193359375">
        <ele>411.399993896484375</ele>
        <time>2026-05-15T23:53:53.000Z</time>
        <extensions>
          <ns3:TrackPointExtension>
            <ns3:hr>157</ns3:hr>
            <ns3:cad>101</ns3:cad>
          </ns3:TrackPointExtension>
        </extensions>
      </trkpt>
      <trkpt lat="34.2686096392571926116943359375" lon="108.9537396468222141265869140625">
        <ele>411.399993896484375</ele>
        <time>2026-05-15T23:53:54.000Z</time>
        <extensions>
          <ns3:TrackPointExtension>
            <ns3:hr>157</ns3:hr>
            <ns3:cad>101</ns3:cad>
          </ns3:TrackPointExtension>
        </extensions>
      </trkpt>
      <trkpt lat="34.2686042748391628265380859375" lon="108.9537423290312290191650390625">
        <ele>411.399993896484375</ele>
        <time>2026-05-15T23:53:55.000Z</time>
        <extensions>
          <ns3:TrackPointExtension>
            <ns3:hr>158</ns3:hr>
            <ns3:cad>101</ns3:cad>
          </ns3:TrackPointExtension>
        </extensions>
      </trkpt>
      <trkpt lat="34.2685657180845737457275390625" lon="108.95376496016979217529296875">
        <ele>411.399993896484375</ele>
        <time>2026-05-15T23:53:56.000Z</time>
        <extensions>
          <ns3:TrackPointExtension>
            <ns3:hr>157</ns3:hr>
            <ns3:cad>101</ns3:cad>
          </ns3:TrackPointExtension>
        </extensions>
      </trkpt>
      <trkpt lat="34.2685342021286487579345703125" lon="108.95378834567964076995849609375">
        <ele>411.399993896484375</ele>
        <time>2026-05-15T23:53:57.000Z</time>
        <extensions>
          <ns3:TrackPointExtension>
            <ns3:hr>157</ns3:hr>
            <ns3:cad>101</ns3:cad>
          </ns3:TrackPointExtension>
        </extensions>
      </trkpt>
      <trkpt lat="34.26852531731128692626953125" lon="108.95379605703055858612060546875">
        <ele>411.399993896484375</ele>
        <time>2026-05-15T23:53:58.000Z</time>
        <extensions>
          <ns3:TrackPointExtension>
            <ns3:hr>157</ns3:hr>
            <ns3:cad>101</ns3:cad>
          </ns3:TrackPointExtension>
        </extensions>
      </trkpt>
      <trkpt lat="34.26849438808858394622802734375" lon="108.95382606424391269683837890625">
        <ele>411.399993896484375</ele>
        <time>2026-05-15T23:53:59.000Z</time>
        <extensions>
          <ns3:TrackPointExtension>
            <ns3:hr>158</ns3:hr>
            <ns3:cad>101</ns3:cad>
          </ns3:TrackPointExtension>
        </extensions>
      </trkpt>
      <trkpt lat="34.26846890710294246673583984375" lon="108.95385556854307651519775390625">
        <ele>411.399993896484375</ele>
        <time>2026-05-15T23:54:00.000Z</time>
        <extensions>
          <ns3:TrackPointExtension>
            <ns3:hr>158</ns3:hr>
            <ns3:cad>101</ns3:cad>
          </ns3:TrackPointExtension>
        </extensions>
      </trkpt>
      <trkpt lat="34.26846119575202465057373046875" lon="108.95386629737913608551025390625">
        <ele>411.399993896484375</ele>
        <time>2026-05-15T23:54:01.000Z</time>
        <extensions>
          <ns3:TrackPointExtension>
            <ns3:hr>158</ns3:hr>
            <ns3:cad>101</ns3:cad>
          </ns3:TrackPointExtension>
        </extensions>
      </trkpt>
      <trkpt lat="34.26844107918441295623779296875" lon="108.95389513112604618072509765625">
        <ele>411.399993896484375</ele>
        <time>2026-05-15T23:54:02.000Z</time>
        <extensions>
          <ns3:TrackPointExtension>
            <ns3:hr>158</ns3:hr>
            <ns3:cad>101</ns3:cad>
          </ns3:TrackPointExtension>
        </extensions>
      </trkpt>
      <trkpt lat="34.268419705331325531005859375" lon="108.95393318496644496917724609375">
        <ele>411.399993896484375</ele>
        <time>2026-05-15T23:54:03.000Z</time>
        <extensions>
          <ns3:TrackPointExtension>
            <ns3:hr>157</ns3:hr>
            <ns3:cad>101</ns3:cad>
          </ns3:TrackPointExtension>
        </extensions>
      </trkpt>
      <trkpt lat="34.26840998232364654541015625" lon="108.95395430736243724822998046875">
        <ele>411.399993896484375</ele>
        <time>2026-05-15T23:54:04.000Z</time>
        <extensions>
          <ns3:TrackPointExtension>
            <ns3:hr>158</ns3:hr>
            <ns3:cad>101</ns3:cad>
          </ns3:TrackPointExtension>
        </extensions>
      </trkpt>
      <trkpt lat="34.268398918211460113525390625" lon="108.95398012362420558929443359375">
        <ele>411.399993896484375</ele>
        <time>2026-05-15T23:54:05.000Z</time>
        <extensions>
          <ns3:TrackPointExtension>
            <ns3:hr>158</ns3:hr>
            <ns3:cad>101</ns3:cad>
          </ns3:TrackPointExtension>
        </extensions>
      </trkpt>
      <trkpt lat="34.26838391460478305816650390625" lon="108.95402488298714160919189453125">
        <ele>411.399993896484375</ele>
        <time>2026-05-15T23:54:06.000Z</time>
        <extensions>
          <ns3:TrackPointExtension>
            <ns3:hr>157</ns3:hr>
            <ns3:cad>101</ns3:cad>
          </ns3:TrackPointExtension>
        </extensions>
      </trkpt>
      <trkpt lat="34.2683759517967700958251953125" lon="108.95405572839081287384033203125">
        <ele>411.399993896484375</ele>
        <time>2026-05-15T23:54:07.000Z</time>
        <extensions>
          <ns3:TrackPointExtension>
            <ns3:hr>158</ns3:hr>
            <ns3:cad>101</ns3:cad>
          </ns3:TrackPointExtension>
        </extensions>
      </trkpt>
      <trkpt lat="34.2683719284832477569580078125" lon="108.9540749229490756988525390625">
        <ele>411.399993896484375</ele>
        <time>2026-05-15T23:54:08.000Z</time>
        <extensions>
          <ns3:TrackPointExtension>
            <ns3:hr>158</ns3:hr>
            <ns3:cad>101</ns3:cad>
          </ns3:TrackPointExtension>
        </extensions>
      </trkpt>
      <trkpt lat="34.26836446858942508697509765625" lon="108.95412647165358066558837890625">
        <ele>411.399993896484375</ele>
        <time>2026-05-15T23:54:09.000Z</time>
        <extensions>
          <ns3:TrackPointExtension>
            <ns3:hr>158</ns3:hr>
            <ns3:cad>101</ns3:cad>
          </ns3:TrackPointExtension>
        </extensions>
      </trkpt>
      <trkpt lat="34.2683618701994419097900390625" lon="108.9541634358465671539306640625">
        <ele>411.399993896484375</ele>
        <time>2026-05-15T23:54:10.000Z</time>
        <extensions>
          <ns3:TrackPointExtension>
            <ns3:hr>158</ns3:hr>
            <ns3:cad>101</ns3:cad>
          </ns3:TrackPointExtension>
        </extensions>
      </trkpt>
      <trkpt lat="34.26836161874234676361083984375" lon="108.9541808702051639556884765625">
        <ele>411.399993896484375</ele>
        <time>2026-05-15T23:54:11.000Z</time>
        <extensions>
          <ns3:TrackPointExtension>
            <ns3:hr>159</ns3:hr>
            <ns3:cad>101</ns3:cad>
          </ns3:TrackPointExtension>
        </extensions>
      </trkpt>
      <trkpt lat="34.2683635465800762176513671875" lon="108.95423166453838348388671875">
        <ele>411.399993896484375</ele>
        <time>2026-05-15T23:54:12.000Z</time>
        <extensions>
          <ns3:TrackPointExtension>
            <ns3:hr>159</ns3:hr>
            <ns3:cad>101</ns3:cad>
          </ns3:TrackPointExtension>
        </extensions>
      </trkpt>
      <trkpt lat="34.26836782135069370269775390625" lon="108.9542700536549091339111328125">
        <ele>411.399993896484375</ele>
        <time>2026-05-15T23:54:13.000Z</time>
        <extensions>
          <ns3:TrackPointExtension>
            <ns3:hr>159</ns3:hr>
            <ns3:cad>101</ns3:cad>
          </ns3:TrackPointExtension>
        </extensions>
      </trkpt>
      <trkpt lat="34.26837150938808917999267578125" lon="108.95429025404155254364013671875">
        <ele>411.399993896484375</ele>
        <time>2026-05-15T23:54:14.000Z</time>
        <extensions>
          <ns3:TrackPointExtension>
            <ns3:hr>159</ns3:hr>
            <ns3:cad>101</ns3:cad>
          </ns3:TrackPointExtension>
        </extensions>
      </trkpt>
      <trkpt lat="34.26838181912899017333984375" lon="108.95433518104255199432373046875">
        <ele>411.399993896484375</ele>
        <time>2026-05-15T23:54:15.000Z</time>
        <extensions>
          <ns3:TrackPointExtension>
            <ns3:hr>158</ns3:hr>
            <ns3:cad>101</ns3:cad>
          </ns3:TrackPointExtension>
        </extensions>
      </trkpt>
      <trkpt lat="34.268393218517303466796875" lon="108.9543726481497287750244140625">
        <ele>411.399993896484375</ele>
        <time>2026-05-15T23:54:16.000Z</time>
        <extensions>
          <ns3:TrackPointExtension>
            <ns3:hr>158</ns3:hr>
            <ns3:cad>100</ns3:cad>
          </ns3:TrackPointExtension>
        </extensions>
      </trkpt>
      <trkpt lat="34.2684007622301578521728515625" lon="108.95439167506992816925048828125">
        <ele>411.399993896484375</ele>
        <time>2026-05-15T23:54:17.000Z</time>
        <extensions>
          <ns3:TrackPointExtension>
            <ns3:hr>158</ns3:hr>
            <ns3:cad>100</ns3:cad>
          </ns3:TrackPointExtension>
        </extensions>
      </trkpt>
      <trkpt lat="34.26841760985553264617919921875" lon="108.95443006418645381927490234375">
        <ele>411.399993896484375</ele>
        <time>2026-05-15T23:54:18.000Z</time>
        <extensions>
          <ns3:TrackPointExtension>
            <ns3:hr>158</ns3:hr>
            <ns3:cad>100</ns3:cad>
          </ns3:TrackPointExtension>
        </extensions>
      </trkpt>
      <trkpt lat="34.26843990571796894073486328125" lon="108.95447063259780406951904296875">
        <ele>411.399993896484375</ele>
        <time>2026-05-15T23:54:19.000Z</time>
        <extensions>
          <ns3:TrackPointExtension>
            <ns3:hr>159</ns3:hr>
            <ns3:cad>100</ns3:cad>
          </ns3:TrackPointExtension>
        </extensions>
      </trkpt>
      <trkpt lat="34.268451221287250518798828125" lon="108.95448756404221057891845703125">
        <ele>411.399993896484375</ele>
        <time>2026-05-15T23:54:20.000Z</time>
        <extensions>
          <ns3:TrackPointExtension>
            <ns3:hr>158</ns3:hr>
            <ns3:cad>100</ns3:cad>
          </ns3:TrackPointExtension>
        </extensions>
      </trkpt>
      <trkpt lat="34.26847276277840137481689453125" lon="108.9545171521604061126708984375">
        <ele>411.399993896484375</ele>
        <time>2026-05-15T23:54:21.000Z</time>
        <extensions>
          <ns3:TrackPointExtension>
            <ns3:hr>158</ns3:hr>
            <ns3:cad>101</ns3:cad>
          </ns3:TrackPointExtension>
        </extensions>
      </trkpt>
      <trkpt lat="34.268506206572055816650390625" lon="108.95455445162951946258544921875">
        <ele>411.399993896484375</ele>
        <time>2026-05-15T23:54:22.000Z</time>
        <extensions>
          <ns3:TrackPointExtension>
            <ns3:hr>158</ns3:hr>
            <ns3:cad>101</ns3:cad>
          </ns3:TrackPointExtension>
        </extensions>
      </trkpt>
      <trkpt lat="34.268519617617130279541015625" lon="108.95456702448427677154541015625">
        <ele>411.399993896484375</ele>
        <time>2026-05-15T23:54:23.000Z</time>
        <extensions>
          <ns3:TrackPointExtension>
            <ns3:hr>158</ns3:hr>
            <ns3:cad>101</ns3:cad>
          </ns3:TrackPointExtension>
        </extensions>
      </trkpt>
      <trkpt lat="34.26853780634701251983642578125" lon="108.9545832015573978424072265625">
        <ele>411.399993896484375</ele>
        <time>2026-05-15T23:54:24.000Z</time>
        <extensions>
          <ns3:TrackPointExtension>
            <ns3:hr>158</ns3:hr>
            <ns3:cad>101</ns3:cad>
          </ns3:TrackPointExtension>
        </extensions>
      </trkpt>
      <trkpt lat="34.26857166923582553863525390625" lon="108.95460776053369045257568359375">
        <ele>411.399993896484375</ele>
        <time>2026-05-15T23:54:25.000Z</time>
        <extensions>
          <ns3:TrackPointExtension>
            <ns3:hr>159</ns3:hr>
            <ns3:cad>93</ns3:cad>
          </ns3:TrackPointExtension>
        </extensions>
      </trkpt>
      <trkpt lat="34.26859664730727672576904296875" lon="108.9546217583119869232177734375">
        <ele>411.399993896484375</ele>
        <time>2026-05-15T23:54:26.000Z</time>
        <extensions>
          <ns3:TrackPointExtension>
            <ns3:hr>158</ns3:hr>
            <ns3:cad>93</ns3:cad>
          </ns3:TrackPointExtension>
        </extensions>
      </trkpt>
      <trkpt lat="34.26860804669559001922607421875" lon="108.9546279609203338623046875">
        <ele>411.399993896484375</ele>
        <time>2026-05-15T23:54:27.000Z</time>
        <extensions>
          <ns3:TrackPointExtension>
            <ns3:hr>158</ns3:hr>
            <ns3:cad>93</ns3:cad>
          </ns3:TrackPointExtension>
        </extensions>
      </trkpt>
      <trkpt lat="34.26863973028957843780517578125" lon="108.9546413719654083251953125">
        <ele>411.399993896484375</ele>
        <time>2026-05-15T23:54:28.000Z</time>
        <extensions>
          <ns3:TrackPointExtension>
            <ns3:hr>158</ns3:hr>
            <ns3:cad>95</ns3:cad>
          </ns3:TrackPointExtension>
        </extensions>
      </trkpt>
      <trkpt lat="34.26867191679775714874267578125" lon="108.9546519331634044647216796875">
        <ele>411.399993896484375</ele>
        <time>2026-05-15T23:54:29.000Z</time>
        <extensions>
          <ns3:TrackPointExtension>
            <ns3:hr>158</ns3:hr>
            <ns3:cad>102</ns3:cad>
          </ns3:TrackPointExtension>
        </extensions>
      </trkpt>
      <trkpt lat="34.26868415437638759613037109375" lon="108.9546547830104827880859375">
        <ele>411.399993896484375</ele>
        <time>2026-05-15T23:54:30.000Z</time>
        <extensions>
          <ns3:TrackPointExtension>
            <ns3:hr>158</ns3:hr>
            <ns3:cad>102</ns3:cad>
          </ns3:TrackPointExtension>
        </extensions>
      </trkpt>
      <trkpt lat="34.2687239684164524078369140625" lon="108.9546613208949565887451171875">
        <ele>411.399993896484375</ele>
        <time>2026-05-15T23:54:31.000Z</time>
        <extensions>
          <ns3:TrackPointExtension>
            <ns3:hr>157</ns3:hr>
            <ns3:cad>101</ns3:cad>
          </ns3:TrackPointExtension>
        </extensions>
      </trkpt>
      <trkpt lat="34.2687568254768848419189453125" lon="108.95466391928493976593017578125">
        <ele>411.399993896484375</ele>
        <time>2026-05-15T23:54:32.000Z</time>
        <extensions>
          <ns3:TrackPointExtension>
            <ns3:hr>158</ns3:hr>
            <ns3:cad>101</ns3:cad>
          </ns3:TrackPointExtension>
        </extensions>
      </trkpt>
      <trkpt lat="34.26877886988222599029541015625" lon="108.9546643383800983428955078125">
        <ele>411.399993896484375</ele>
        <time>2026-05-15T23:54:33.000Z</time>
        <extensions>
          <ns3:TrackPointExtension>
            <ns3:hr>158</ns3:hr>
            <ns3:cad>101</ns3:cad>
          </ns3:TrackPointExtension>
        </extensions>
      </trkpt>
      <trkpt lat="34.268817007541656494140625" lon="108.95466509275138378143310546875">
        <ele>411.399993896484375</ele>
        <time>2026-05-15T23:54:34.000Z</time>
        <extensions>
          <ns3:TrackPointExtension>
            <ns3:hr>157</ns3:hr>
            <ns3:cad>100</ns3:cad>
          </ns3:TrackPointExtension>
        </extensions>
      </trkpt>
      <trkpt lat="34.26885967142879962921142578125" lon="108.954665847122669219970703125">
        <ele>411.399993896484375</ele>
        <time>2026-05-15T23:54:35.000Z</time>
        <extensions>
          <ns3:TrackPointExtension>
            <ns3:hr>157</ns3:hr>
            <ns3:cad>100</ns3:cad>
          </ns3:TrackPointExtension>
        </extensions>
      </trkpt>
      <trkpt lat="34.26888029091060161590576171875" lon="108.95466626621782779693603515625">
        <ele>411.399993896484375</ele>
        <time>2026-05-15T23:54:36.000Z</time>
        <extensions>
          <ns3:TrackPointExtension>
            <ns3:hr>157</ns3:hr>
            <ns3:cad>100</ns3:cad>
          </ns3:TrackPointExtension>
        </extensions>
      </trkpt>
      <trkpt lat="34.26890476606786251068115234375" lon="108.95466676913201808929443359375">
        <ele>411.399993896484375</ele>
        <time>2026-05-15T23:54:37.000Z</time>
        <extensions>
          <ns3:TrackPointExtension>
            <ns3:hr>157</ns3:hr>
            <ns3:cad>100</ns3:cad>
          </ns3:TrackPointExtension>
        </extensions>
      </trkpt>
      <trkpt lat="34.26895581185817718505859375" lon="108.9546676911413669586181640625">
        <ele>411.399993896484375</ele>
        <time>2026-05-15T23:54:38.000Z</time>
        <extensions>
          <ns3:TrackPointExtension>
            <ns3:hr>158</ns3:hr>
            <ns3:cad>100</ns3:cad>
          </ns3:TrackPointExtension>
        </extensions>
      </trkpt>
      <trkpt lat="34.268983639776706695556640625" lon="108.95466827787458896636962890625">
        <ele>411.399993896484375</ele>
        <time>2026-05-15T23:54:39.000Z</time>
        <extensions>
          <ns3:TrackPointExtension>
            <ns3:hr>157</ns3:hr>
            <ns3:cad>100</ns3:cad>
          </ns3:TrackPointExtension>
        </extensions>
      </trkpt>
      <trkpt lat="34.26899763755500316619873046875" lon="108.954668529331684112548828125">
        <ele>411.399993896484375</ele>
        <time>2026-05-15T23:54:40.000Z</time>
        <extensions>
          <ns3:TrackPointExtension>
            <ns3:hr>157</ns3:hr>
            <ns3:cad>100</ns3:cad>
          </ns3:TrackPointExtension>
        </extensions>
      </trkpt>
      <trkpt lat="34.26905463449656963348388671875" lon="108.95466961897909641265869140625">
        <ele>411.399993896484375</ele>
        <time>2026-05-15T23:54:41.000Z</time>
        <extensions>
          <ns3:TrackPointExtension>
            <ns3:hr>158</ns3:hr>
            <ns3:cad>101</ns3:cad>
          </ns3:TrackPointExtension>
        </extensions>
      </trkpt>
      <trkpt lat="34.26908665336668491363525390625" lon="108.95467020571231842041015625">
        <ele>411.399993896484375</ele>
        <time>2026-05-15T23:54:42.000Z</time>
        <extensions>
          <ns3:TrackPointExtension>
            <ns3:hr>158</ns3:hr>
            <ns3:cad>101</ns3:cad>
          </ns3:TrackPointExtension>
        </extensions>
      </trkpt>
      <trkpt lat="34.269107021391391754150390625" lon="108.95467062480747699737548828125">
        <ele>411.399993896484375</ele>
        <time>2026-05-15T23:54:43.000Z</time>
        <extensions>
          <ns3:TrackPointExtension>
            <ns3:hr>158</ns3:hr>
            <ns3:cad>101</ns3:cad>
          </ns3:TrackPointExtension>
        </extensions>
      </trkpt>
      <trkpt lat="34.26915203221142292022705078125" lon="108.95467146299779415130615234375">
        <ele>411.399993896484375</ele>
        <time>2026-05-15T23:54:44.000Z</time>
        <extensions>
          <ns3:TrackPointExtension>
            <ns3:hr>158</ns3:hr>
            <ns3:cad>101</ns3:cad>
          </ns3:TrackPointExtension>
        </extensions>
      </trkpt>
      <trkpt lat="34.26918840967118740081787109375" lon="108.95467221736907958984375">
        <ele>411.399993896484375</ele>
        <time>2026-05-15T23:54:45.000Z</time>
        <extensions>
          <ns3:TrackPointExtension>
            <ns3:hr>159</ns3:hr>
            <ns3:cad>101</ns3:cad>
          </ns3:TrackPointExtension>
        </extensions>
      </trkpt>
      <trkpt lat="34.2692037485539913177490234375" lon="108.95467246882617473602294921875">
        <ele>411.399993896484375</ele>
        <time>2026-05-15T23:54:46.000Z</time>
        <extensions>
          <ns3:TrackPointExtension>
            <ns3:hr>159</ns3:hr>
            <ns3:cad>101</ns3:cad>
          </ns3:TrackPointExtension>
        </extensions>
      </trkpt>
      <trkpt lat="34.26923819817602634429931640625" lon="108.95467313937842845916748046875">
        <ele>411.399993896484375</ele>
        <time>2026-05-15T23:54:47.000Z</time>
        <extensions>
          <ns3:TrackPointExtension>
            <ns3:hr>159</ns3:hr>
            <ns3:cad>101</ns3:cad>
          </ns3:TrackPointExtension>
        </extensions>
      </trkpt>
      <trkpt lat="34.269275665283203125" lon="108.954673893749713897705078125">
        <ele>411.399993896484375</ele>
        <time>2026-05-15T23:54:48.000Z</time>
        <extensions>
          <ns3:TrackPointExtension>
            <ns3:hr>159</ns3:hr>
            <ns3:cad>101</ns3:cad>
          </ns3:TrackPointExtension>
        </extensions>
      </trkpt>
      <trkpt lat="34.2692959494888782501220703125" lon="108.95467422902584075927734375">
        <ele>411.399993896484375</ele>
        <time>2026-05-15T23:54:49.000Z</time>
        <extensions>
          <ns3:TrackPointExtension>
            <ns3:hr>159</ns3:hr>
            <ns3:cad>101</ns3:cad>
          </ns3:TrackPointExtension>
        </extensions>
      </trkpt>
      <trkpt lat="34.2693247832357883453369140625" lon="108.95467481575906276702880859375">
        <ele>411.399993896484375</ele>
        <time>2026-05-15T23:54:50.000Z</time>
        <extensions>
          <ns3:TrackPointExtension>
            <ns3:hr>160</ns3:hr>
            <ns3:cad>101</ns3:cad>
          </ns3:TrackPointExtension>
        </extensions>
      </trkpt>
      <trkpt lat="34.26937314681708812713623046875" lon="108.9546757377684116363525390625">
        <ele>411.399993896484375</ele>
        <time>2026-05-15T23:54:51.000Z</time>
        <extensions>
          <ns3:TrackPointExtension>
            <ns3:hr>159</ns3:hr>
            <ns3:cad>101</ns3:cad>
          </ns3:TrackPointExtension>
        </extensions>
      </trkpt>
      <trkpt lat="34.26939426921308040618896484375" lon="108.95467615686357021331787109375">
        <ele>411.399993896484375</ele>
        <time>2026-05-15T23:54:52.000Z</time>
        <extensions>
          <ns3:TrackPointExtension>
            <ns3:hr>159</ns3:hr>
            <ns3:cad>101</ns3:cad>
          </ns3:TrackPointExtension>
        </extensions>
      </trkpt>
      <trkpt lat="34.26941270940005779266357421875" lon="108.95467649213969707489013671875">
        <ele>411.399993896484375</ele>
        <time>2026-05-15T23:54:53.000Z</time>
        <extensions>
          <ns3:TrackPointExtension>
            <ns3:hr>159</ns3:hr>
            <ns3:cad>101</ns3:cad>
          </ns3:TrackPointExtension>
        </extensions>
      </trkpt>
      <trkpt lat="34.2694538645446300506591796875" lon="108.95467733033001422882080078125">
        <ele>411.399993896484375</ele>
        <time>2026-05-15T23:54:54.000Z</time>
        <extensions>
          <ns3:TrackPointExtension>
            <ns3:hr>159</ns3:hr>
            <ns3:cad>101</ns3:cad>
          </ns3:TrackPointExtension>
        </extensions>
      </trkpt>
      <trkpt lat="34.26949627697467803955078125" lon="108.954676575958728790283203125">
        <ele>411.399993896484375</ele>
        <time>2026-05-15T23:54:55.000Z</time>
        <extensions>
          <ns3:TrackPointExtension>
            <ns3:hr>158</ns3:hr>
            <ns3:cad>101</ns3:cad>
          </ns3:TrackPointExtension>
        </extensions>
      </trkpt>
      <trkpt lat="34.26950926892459392547607421875" lon="108.954675905406475067138671875">
        <ele>411.399993896484375</ele>
        <time>2026-05-15T23:54:56.000Z</time>
        <extensions>
          <ns3:TrackPointExtension>
            <ns3:hr>159</ns3:hr>
            <ns3:cad>101</ns3:cad>
          </ns3:TrackPointExtension>
        </extensions>
      </trkpt>
      <trkpt lat="34.26955335773527622222900390625" lon="108.95466894842684268951416015625">
        <ele>411.399993896484375</ele>
        <time>2026-05-15T23:54:57.000Z</time>
        <extensions>
          <ns3:TrackPointExtension>
            <ns3:hr>160</ns3:hr>
            <ns3:cad>101</ns3:cad>
          </ns3:TrackPointExtension>
        </extensions>
      </trkpt>
      <trkpt lat="34.26958587951958179473876953125" lon="108.9546596445143222808837890625">
        <ele>411.399993896484375</ele>
        <time>2026-05-15T23:54:58.000Z</time>
        <extensions>
          <ns3:TrackPointExtension>
            <ns3:hr>160</ns3:hr>
            <ns3:cad>101</ns3:cad>
          </ns3:TrackPointExtension>
        </extensions>
      </trkpt>
      <trkpt lat="34.2696064151823520660400390625" lon="108.9546526037156581878662109375">
        <ele>411.399993896484375</ele>
        <time>2026-05-15T23:54:59.000Z</time>
        <extensions>
          <ns3:TrackPointExtension>
            <ns3:hr>161</ns3:hr>
            <ns3:cad>101</ns3:cad>
          </ns3:TrackPointExtension>
        </extensions>
      </trkpt>
      <trkpt lat="34.2696391046047210693359375" lon="108.95463692955672740936279296875">
        <ele>411.399993896484375</ele>
        <time>2026-05-15T23:55:00.000Z</time>
        <extensions>
          <ns3:TrackPointExtension>
            <ns3:hr>160</ns3:hr>
            <ns3:cad>101</ns3:cad>
          </ns3:TrackPointExtension>
        </extensions>
      </trkpt>
      <trkpt lat="34.26967070437967777252197265625" lon="108.95461798645555973052978515625">
        <ele>411.399993896484375</ele>
        <time>2026-05-15T23:55:01.000Z</time>
        <extensions>
          <ns3:TrackPointExtension>
            <ns3:hr>160</ns3:hr>
            <ns3:cad>101</ns3:cad>
          </ns3:TrackPointExtension>
        </extensions>
      </trkpt>
      <trkpt lat="34.26968176849186420440673828125" lon="108.954610526561737060546875">
        <ele>411.399993896484375</ele>
        <time>2026-05-15T23:55:02.000Z</time>
        <extensions>
          <ns3:TrackPointExtension>
            <ns3:hr>160</ns3:hr>
            <ns3:cad>101</ns3:cad>
          </ns3:TrackPointExtension>
        </extensions>
      </trkpt>
      <trkpt lat="34.26971261389553546905517578125" lon="108.9545858837664127349853515625">
        <ele>411.399993896484375</ele>
        <time>2026-05-15T23:55:03.000Z</time>
        <extensions>
          <ns3:TrackPointExtension>
            <ns3:hr>161</ns3:hr>
            <ns3:cad>101</ns3:cad>
          </ns3:TrackPointExtension>
        </extensions>
      </trkpt>
      <trkpt lat="34.26974060945212841033935546875" lon="108.95455914549529552459716796875">
        <ele>411.399993896484375</ele>
        <time>2026-05-15T23:55:04.000Z</time>
        <extensions>
          <ns3:TrackPointExtension>
            <ns3:hr>160</ns3:hr>
            <ns3:cad>100</ns3:cad>
          </ns3:TrackPointExtension>
        </extensions>
      </trkpt>
      <trkpt lat="34.2697517573833465576171875" lon="108.95454682409763336181640625">
        <ele>411.399993896484375</ele>
        <time>2026-05-15T23:55:05.000Z</time>
        <extensions>
          <ns3:TrackPointExtension>
            <ns3:hr>160</ns3:hr>
            <ns3:cad>100</ns3:cad>
          </ns3:TrackPointExtension>
        </extensions>
      </trkpt>
      <trkpt lat="34.2697774060070514678955078125" lon="108.95451472140848636627197265625">
        <ele>411.399993896484375</ele>
        <time>2026-05-15T23:55:06.000Z</time>
        <extensions>
          <ns3:TrackPointExtension>
            <ns3:hr>161</ns3:hr>
            <ns3:cad>100</ns3:cad>
          </ns3:TrackPointExtension>
        </extensions>
      </trkpt>
      <trkpt lat="34.2698038928210735321044921875" lon="108.9544742368161678314208984375">
        <ele>411.399993896484375</ele>
        <time>2026-05-15T23:55:07.000Z</time>
        <extensions>
          <ns3:TrackPointExtension>
            <ns3:hr>161</ns3:hr>
            <ns3:cad>100</ns3:cad>
          </ns3:TrackPointExtension>
        </extensions>
      </trkpt>
      <trkpt lat="34.26980900578200817108154296875" lon="108.95446510054171085357666015625">
        <ele>411.399993896484375</ele>
        <time>2026-05-15T23:55:08.000Z</time>
        <extensions>
          <ns3:TrackPointExtension>
            <ns3:hr>161</ns3:hr>
            <ns3:cad>100</ns3:cad>
          </ns3:TrackPointExtension>
        </extensions>
      </trkpt>
      <trkpt lat="34.26982593722641468048095703125" lon="108.95443224348127841949462890625">
        <ele>411.399993896484375</ele>
        <time>2026-05-15T23:55:09.000Z</time>
        <extensions>
          <ns3:TrackPointExtension>
            <ns3:hr>161</ns3:hr>
            <ns3:cad>100</ns3:cad>
          </ns3:TrackPointExtension>
        </extensions>
      </trkpt>
      <trkpt lat="34.26984672434628009796142578125" lon="108.95438010804355144500732421875">
        <ele>411.399993896484375</ele>
        <time>2026-05-15T23:55:10.000Z</time>
        <extensions>
          <ns3:TrackPointExtension>
            <ns3:hr>161</ns3:hr>
            <ns3:cad>100</ns3:cad>
          </ns3:TrackPointExtension>
        </extensions>
      </trkpt>
      <trkpt lat="34.26985091529786586761474609375" lon="108.95436669699847698211669921875">
        <ele>411.399993896484375</ele>
        <time>2026-05-15T23:55:11.000Z</time>
        <extensions>
          <ns3:TrackPointExtension>
            <ns3:hr>161</ns3:hr>
            <ns3:cad>100</ns3:cad>
          </ns3:TrackPointExtension>
        </extensions>
      </trkpt>
      <trkpt lat="34.26985728554427623748779296875" lon="108.954346664249897003173828125">
        <ele>411.399993896484375</ele>
        <time>2026-05-15T23:55:12.000Z</time>
        <extensions>
          <ns3:TrackPointExtension>
            <ns3:hr>161</ns3:hr>
            <ns3:cad>101</ns3:cad>
          </ns3:TrackPointExtension>
        </extensions>
      </trkpt>
      <trkpt lat="34.269868768751621246337890625" lon="108.9542938582599163055419921875">
        <ele>411.399993896484375</ele>
        <time>2026-05-15T23:55:13.000Z</time>
        <extensions>
          <ns3:TrackPointExtension>
            <ns3:hr>162</ns3:hr>
            <ns3:cad>101</ns3:cad>
          </ns3:TrackPointExtension>
        </extensions>
      </trkpt>
      <trkpt lat="34.26987203769385814666748046875" lon="108.95426829345524311065673828125">
        <ele>411.399993896484375</ele>
        <time>2026-05-15T23:55:14.000Z</time>
        <extensions>
          <ns3:TrackPointExtension>
            <ns3:hr>162</ns3:hr>
            <ns3:cad>101</ns3:cad>
          </ns3:TrackPointExtension>
        </extensions>
      </trkpt>
      <trkpt lat="34.26987421698868274688720703125" lon="108.9542489312589168548583984375">
        <ele>411.399993896484375</ele>
        <time>2026-05-15T23:55:15.000Z</time>
        <extensions>
          <ns3:TrackPointExtension>
            <ns3:hr>162</ns3:hr>
            <ns3:cad>101</ns3:cad>
          </ns3:TrackPointExtension>
        </extensions>
      </trkpt>
      <trkpt lat="34.2698764801025390625" lon="108.9541882462799549102783203125">
        <ele>411.399993896484375</ele>
        <time>2026-05-15T23:55:16.000Z</time>
        <extensions>
          <ns3:TrackPointExtension>
            <ns3:hr>162</ns3:hr>
            <ns3:cad>101</ns3:cad>
          </ns3:TrackPointExtension>
        </extensions>
      </trkpt>
      <trkpt lat="34.26987555809319019317626953125" lon="108.95416502840816974639892578125">
        <ele>411.399993896484375</ele>
        <time>2026-05-15T23:55:17.000Z</time>
        <extensions>
          <ns3:TrackPointExtension>
            <ns3:hr>161</ns3:hr>
            <ns3:cad>101</ns3:cad>
          </ns3:TrackPointExtension>
        </extensions>
      </trkpt>
      <trkpt lat="34.26987404935061931610107421875" lon="108.9541463367640972137451171875">
        <ele>411.399993896484375</ele>
        <time>2026-05-15T23:55:18.000Z</time>
        <extensions>
          <ns3:TrackPointExtension>
            <ns3:hr>161</ns3:hr>
            <ns3:cad>101</ns3:cad>
          </ns3:TrackPointExtension>
        </extensions>
      </trkpt>
      <trkpt lat="34.2698665894567966461181640625" lon="108.95409227348864078521728515625">
        <ele>411.399993896484375</ele>
        <time>2026-05-15T23:55:19.000Z</time>
        <extensions>
          <ns3:TrackPointExtension>
            <ns3:hr>161</ns3:hr>
            <ns3:cad>100</ns3:cad>
          </ns3:TrackPointExtension>
        </extensions>
      </trkpt>
      <trkpt lat="34.26985996775329113006591796875" lon="108.95406025461852550506591796875">
        <ele>411.399993896484375</ele>
        <time>2026-05-15T23:55:20.000Z</time>
        <extensions>
          <ns3:TrackPointExtension>
            <ns3:hr>161</ns3:hr>
            <ns3:cad>100</ns3:cad>
          </ns3:TrackPointExtension>
        </extensions>
      </trkpt>
      <trkpt lat="34.26985577680170536041259765625" lon="108.95404567010700702667236328125">
        <ele>411.399993896484375</ele>
        <time>2026-05-15T23:55:21.000Z</time>
        <extensions>
          <ns3:TrackPointExtension>
            <ns3:hr>161</ns3:hr>
            <ns3:cad>100</ns3:cad>
          </ns3:TrackPointExtension>
        </extensions>
      </trkpt>
      <trkpt lat="34.2698411084711551666259765625" lon="108.95400007255375385284423828125">
        <ele>411.399993896484375</ele>
        <time>2026-05-15T23:55:22.000Z</time>
        <extensions>
          <ns3:TrackPointExtension>
            <ns3:hr>162</ns3:hr>
            <ns3:cad>100</ns3:cad>
          </ns3:TrackPointExtension>
        </extensions>
      </trkpt>
      <trkpt lat="34.26982493139803409576416015625" lon="108.95396084524691104888916015625">
        <ele>411.399993896484375</ele>
        <time>2026-05-15T23:55:23.000Z</time>
        <extensions>
          <ns3:TrackPointExtension>
            <ns3:hr>161</ns3:hr>
            <ns3:cad>101</ns3:cad>
          </ns3:TrackPointExtension>
        </extensions>
      </trkpt>
      <trkpt lat="34.26982040517032146453857421875" lon="108.95395212806761264801025390625">
        <ele>411.399993896484375</ele>
        <time>2026-05-15T23:55:24.000Z</time>
        <extensions>
          <ns3:TrackPointExtension>
            <ns3:hr>161</ns3:hr>
            <ns3:cad>101</ns3:cad>
          </ns3:TrackPointExtension>
        </extensions>
      </trkpt>
      <trkpt lat="34.269798696041107177734375" lon="108.95391223020851612091064453125">
        <ele>411.399993896484375</ele>
        <time>2026-05-15T23:55:25.000Z</time>
        <extensions>
          <ns3:TrackPointExtension>
            <ns3:hr>161</ns3:hr>
            <ns3:cad>101</ns3:cad>
          </ns3:TrackPointExtension>
        </extensions>
      </trkpt>
      <trkpt lat="34.269772209227085113525390625" lon="108.9538730867207050323486328125">
        <ele>411.399993896484375</ele>
        <time>2026-05-15T23:55:26.000Z</time>
        <extensions>
          <ns3:TrackPointExtension>
            <ns3:hr>160</ns3:hr>
            <ns3:cad>101</ns3:cad>
          </ns3:TrackPointExtension>
        </extensions>
      </trkpt>
      <trkpt lat="34.26976005546748638153076171875" lon="108.95385875366628170013427734375">
        <ele>411.399993896484375</ele>
        <time>2026-05-15T23:55:27.000Z</time>
        <extensions>
          <ns3:TrackPointExtension>
            <ns3:hr>160</ns3:hr>
            <ns3:cad>101</ns3:cad>
          </ns3:TrackPointExtension>
        </extensions>
      </trkpt>
      <trkpt lat="34.2697375081479549407958984375" lon="108.9538328535854816436767578125">
        <ele>411.399993896484375</ele>
        <time>2026-05-15T23:55:28.000Z</time>
        <extensions>
          <ns3:TrackPointExtension>
            <ns3:hr>160</ns3:hr>
            <ns3:cad>101</ns3:cad>
          </ns3:TrackPointExtension>
        </extensions>
      </trkpt>
      <trkpt lat="34.26969945430755615234375" lon="108.95379823632538318634033203125">
        <ele>411.399993896484375</ele>
        <time>2026-05-15T23:55:29.000Z</time>
        <extensions>
          <ns3:TrackPointExtension>
            <ns3:hr>161</ns3:hr>
            <ns3:cad>101</ns3:cad>
          </ns3:TrackPointExtension>
        </extensions>
      </trkpt>
      <trkpt lat="34.26968109793961048126220703125" lon="108.95378499291837215423583984375">
        <ele>411.399993896484375</ele>
        <time>2026-05-15T23:55:30.000Z</time>
        <extensions>
          <ns3:TrackPointExtension>
            <ns3:hr>160</ns3:hr>
            <ns3:cad>100</ns3:cad>
          </ns3:TrackPointExtension>
        </extensions>
      </trkpt>
      <trkpt lat="34.26965964026749134063720703125" lon="108.9537701569497585296630859375">
        <ele>411.399993896484375</ele>
        <time>2026-05-15T23:55:31.000Z</time>
        <extensions>
          <ns3:TrackPointExtension>
            <ns3:hr>160</ns3:hr>
            <ns3:cad>100</ns3:cad>
          </ns3:TrackPointExtension>
        </extensions>
      </trkpt>
      <trkpt lat="34.26961622200906276702880859375" lon="108.95374752581119537353515625">
        <ele>411.399993896484375</ele>
        <time>2026-05-15T23:55:32.000Z</time>
        <extensions>
          <ns3:TrackPointExtension>
            <ns3:hr>160</ns3:hr>
            <ns3:cad>101</ns3:cad>
          </ns3:TrackPointExtension>
        </extensions>
      </trkpt>
      <trkpt lat="34.2695933394134044647216796875" lon="108.95373872481286525726318359375">
        <ele>411.399993896484375</ele>
        <time>2026-05-15T23:55:33.000Z</time>
        <extensions>
          <ns3:TrackPointExtension>
            <ns3:hr>160</ns3:hr>
            <ns3:cad>101</ns3:cad>
          </ns3:TrackPointExtension>
        </extensions>
      </trkpt>
      <trkpt lat="34.26956743933260440826416015625" lon="108.95373034290969371795654296875">
        <ele>411.399993896484375</ele>
        <time>2026-05-15T23:55:34.000Z</time>
        <extensions>
          <ns3:TrackPointExtension>
            <ns3:hr>161</ns3:hr>
            <ns3:cad>101</ns3:cad>
          </ns3:TrackPointExtension>
        </extensions>
      </trkpt>
      <trkpt lat="34.26951505243778228759765625" lon="108.95372070372104644775390625">
        <ele>411.399993896484375</ele>
        <time>2026-05-15T23:55:35.000Z</time>
        <extensions>
          <ns3:TrackPointExtension>
            <ns3:hr>160</ns3:hr>
            <ns3:cad>101</ns3:cad>
          </ns3:TrackPointExtension>
        </extensions>
      </trkpt>
      <trkpt lat="34.26948781125247478485107421875" lon="108.95371827296912670135498046875">
        <ele>411.399993896484375</ele>
        <time>2026-05-15T23:55:36.000Z</time>
        <extensions>
          <ns3:TrackPointExtension>
            <ns3:hr>161</ns3:hr>
            <ns3:cad>101</ns3:cad>
          </ns3:TrackPointExtension>
        </extensions>
      </trkpt>
      <trkpt lat="34.26946534775197505950927734375" lon="108.95371777005493640899658203125">
        <ele>411.399993896484375</ele>
        <time>2026-05-15T23:55:37.000Z</time>
        <extensions>
          <ns3:TrackPointExtension>
            <ns3:hr>161</ns3:hr>
            <ns3:cad>100</ns3:cad>
          </ns3:TrackPointExtension>
        </extensions>
      </trkpt>
      <trkpt lat="34.269424863159656524658203125" lon="108.95371693186461925506591796875">
        <ele>411.399993896484375</ele>
        <time>2026-05-15T23:55:38.000Z</time>
        <extensions>
          <ns3:TrackPointExtension>
            <ns3:hr>161</ns3:hr>
            <ns3:cad>100</ns3:cad>
          </ns3:TrackPointExtension>
        </extensions>
      </trkpt>
      <trkpt lat="34.26937364973127841949462890625" lon="108.9537160098552703857421875">
        <ele>411.399993896484375</ele>
        <time>2026-05-15T23:55:39.000Z</time>
        <extensions>
          <ns3:TrackPointExtension>
            <ns3:hr>161</ns3:hr>
            <ns3:cad>101</ns3:cad>
          </ns3:TrackPointExtension>
        </extensions>
      </trkpt>
      <trkpt lat="34.26935353316366672515869140625" lon="108.95371559076011180877685546875">
        <ele>411.399993896484375</ele>
        <time>2026-05-15T23:55:40.000Z</time>
        <extensions>
          <ns3:TrackPointExtension>
            <ns3:hr>160</ns3:hr>
            <ns3:cad>101</ns3:cad>
          </ns3:TrackPointExtension>
        </extensions>
      </trkpt>
      <trkpt lat="34.26932117901742458343505859375" lon="108.953715004026889801025390625">
        <ele>411.399993896484375</ele>
        <time>2026-05-15T23:55:41.000Z</time>
        <extensions>
          <ns3:TrackPointExtension>
            <ns3:hr>160</ns3:hr>
            <ns3:cad>101</ns3:cad>
          </ns3:TrackPointExtension>
        </extensions>
      </trkpt>
      <trkpt lat="34.26926334388554096221923828125" lon="108.9537138305604457855224609375">
        <ele>411.399993896484375</ele>
        <time>2026-05-15T23:55:42.000Z</time>
        <extensions>
          <ns3:TrackPointExtension>
            <ns3:hr>160</ns3:hr>
            <ns3:cad>101</ns3:cad>
          </ns3:TrackPointExtension>
        </extensions>
      </trkpt>
      <trkpt lat="34.2692429758608341217041015625" lon="108.9537134952843189239501953125">
        <ele>411.399993896484375</ele>
        <time>2026-05-15T23:55:43.000Z</time>
        <extensions>
          <ns3:TrackPointExtension>
            <ns3:hr>160</ns3:hr>
            <ns3:cad>101</ns3:cad>
          </ns3:TrackPointExtension>
        </extensions>
      </trkpt>
      <trkpt lat="34.26922696642577648162841796875" lon="108.9537131600081920623779296875">
        <ele>411.399993896484375</ele>
        <time>2026-05-15T23:55:44.000Z</time>
        <extensions>
          <ns3:TrackPointExtension>
            <ns3:hr>160</ns3:hr>
            <ns3:cad>103</ns3:cad>
          </ns3:TrackPointExtension>
        </extensions>
      </trkpt>
      <trkpt lat="34.26916544325649738311767578125" lon="108.953711986541748046875">
        <ele>411.399993896484375</ele>
        <time>2026-05-15T23:55:45.000Z</time>
        <extensions>
          <ns3:TrackPointExtension>
            <ns3:hr>161</ns3:hr>
            <ns3:cad>103</ns3:cad>
          </ns3:TrackPointExtension>
        </extensions>
      </trkpt>
      <trkpt lat="34.2691484279930591583251953125" lon="108.953711651265621185302734375">
        <ele>411.399993896484375</ele>
        <time>2026-05-15T23:55:46.000Z</time>
        <extensions>
          <ns3:TrackPointExtension>
            <ns3:hr>161</ns3:hr>
            <ns3:cad>102</ns3:cad>
          </ns3:TrackPointExtension>
        </extensions>
      </trkpt>
      <trkpt lat="34.26911582238972187042236328125" lon="108.953710980713367462158203125">
        <ele>411.399993896484375</ele>
        <time>2026-05-15T23:55:47.000Z</time>
        <extensions>
          <ns3:TrackPointExtension>
            <ns3:hr>161</ns3:hr>
            <ns3:cad>101</ns3:cad>
          </ns3:TrackPointExtension>
        </extensions>
      </trkpt>
      <trkpt lat="34.2690649442374706268310546875" lon="108.95371005870401859283447265625">
        <ele>411.399993896484375</ele>
        <time>2026-05-15T23:55:48.000Z</time>
        <extensions>
          <ns3:TrackPointExtension>
            <ns3:hr>161</ns3:hr>
            <ns3:cad>101</ns3:cad>
          </ns3:TrackPointExtension>
        </extensions>
      </trkpt>
      <trkpt lat="34.2690478451550006866455078125" lon="108.95370972342789173126220703125">
        <ele>411.399993896484375</ele>
        <time>2026-05-15T23:55:49.000Z</time>
        <extensions>
          <ns3:TrackPointExtension>
            <ns3:hr>160</ns3:hr>
            <ns3:cad>100</ns3:cad>
          </ns3:TrackPointExtension>
        </extensions>
      </trkpt>
      <trkpt lat="34.269031584262847900390625" lon="108.95370938815176486968994140625">
        <ele>408.20001220703125</ele>
        <time>2026-05-15T23:55:50.000Z</time>
        <extensions>
          <ns3:TrackPointExtension>
            <ns3:hr>161</ns3:hr>
            <ns3:cad>100</ns3:cad>
          </ns3:TrackPointExtension>
        </extensions>
      </trkpt>
      <trkpt lat="34.26897768862545490264892578125" lon="108.95370838232338428497314453125">
        <ele>408.20001220703125</ele>
        <time>2026-05-15T23:55:51.000Z</time>
        <extensions>
          <ns3:TrackPointExtension>
            <ns3:hr>161</ns3:hr>
            <ns3:cad>100</ns3:cad>
          </ns3:TrackPointExtension>
        </extensions>
      </trkpt>
      <trkpt lat="34.2689455859363079071044921875" lon="108.95370771177113056182861328125">
        <ele>408.20001220703125</ele>
        <time>2026-05-15T23:55:52.000Z</time>
        <extensions>
          <ns3:TrackPointExtension>
            <ns3:hr>161</ns3:hr>
            <ns3:cad>100</ns3:cad>
          </ns3:TrackPointExtension>
        </extensions>
      </trkpt>
      <trkpt lat="34.268926642835140228271484375" lon="108.95370737649500370025634765625">
        <ele>408.20001220703125</ele>
        <time>2026-05-15T23:55:53.000Z</time>
        <extensions>
          <ns3:TrackPointExtension>
            <ns3:hr>161</ns3:hr>
            <ns3:cad>101</ns3:cad>
          </ns3:TrackPointExtension>
        </extensions>
      </trkpt>
      <trkpt lat="34.26889018155634403228759765625" lon="108.95370670594274997711181640625">
        <ele>408.20001220703125</ele>
        <time>2026-05-15T23:55:54.000Z</time>
        <extensions>
          <ns3:TrackPointExtension>
            <ns3:hr>161</ns3:hr>
            <ns3:cad>101</ns3:cad>
          </ns3:TrackPointExtension>
        </extensions>
      </trkpt>
      <trkpt lat="34.26884894259274005889892578125" lon="108.95370586775243282318115234375">
        <ele>408.20001220703125</ele>
        <time>2026-05-15T23:55:55.000Z</time>
        <extensions>
          <ns3:TrackPointExtension>
            <ns3:hr>161</ns3:hr>
            <ns3:cad>101</ns3:cad>
          </ns3:TrackPointExtension>
        </extensions>
      </trkpt>
      <trkpt lat="34.26883854903280735015869140625" lon="108.95370570011436939239501953125">
        <ele>408.20001220703125</ele>
        <time>2026-05-15T23:55:56.000Z</time>
        <extensions>
          <ns3:TrackPointExtension>
            <ns3:hr>161</ns3:hr>
            <ns3:cad>101</ns3:cad>
          </ns3:TrackPointExtension>
        </extensions>
      </trkpt>
      <trkpt lat="34.2688084580004215240478515625" lon="108.9537051133811473846435546875">
        <ele>408.20001220703125</ele>
        <time>2026-05-15T23:55:57.000Z</time>
        <extensions>
          <ns3:TrackPointExtension>
            <ns3:hr>161</ns3:hr>
            <ns3:cad>101</ns3:cad>
          </ns3:TrackPointExtension>
        </extensions>
      </trkpt>
      <trkpt lat="34.268751628696918487548828125" lon="108.95370486192405223846435546875">
        <ele>408.20001220703125</ele>
        <time>2026-05-15T23:55:58.000Z</time>
        <extensions>
          <ns3:TrackPointExtension>
            <ns3:hr>161</ns3:hr>
            <ns3:cad>102</ns3:cad>
          </ns3:TrackPointExtension>
        </extensions>
      </trkpt>
      <trkpt lat="34.26873855292797088623046875" lon="108.95370553247630596160888671875">
        <ele>408.20001220703125</ele>
        <time>2026-05-15T23:55:59.000Z</time>
        <extensions>
          <ns3:TrackPointExtension>
            <ns3:hr>161</ns3:hr>
            <ns3:cad>102</ns3:cad>
          </ns3:TrackPointExtension>
        </extensions>
      </trkpt>
      <trkpt lat="34.26871466450393199920654296875" lon="108.95370720885694026947021484375">
        <ele>408.20001220703125</ele>
        <time>2026-05-15T23:56:00.000Z</time>
        <extensions>
          <ns3:TrackPointExtension>
            <ns3:hr>162</ns3:hr>
            <ns3:cad>102</ns3:cad>
          </ns3:TrackPointExtension>
        </extensions>
      </trkpt>
      <trkpt lat="34.26865280605852603912353515625" lon="108.95372204482555389404296875">
        <ele>408.20001220703125</ele>
        <time>2026-05-15T23:56:01.000Z</time>
        <extensions>
          <ns3:TrackPointExtension>
            <ns3:hr>162</ns3:hr>
            <ns3:cad>102</ns3:cad>
          </ns3:TrackPointExtension>
        </extensions>
      </trkpt>
      <trkpt lat="34.268636293709278106689453125" lon="108.95372766070067882537841796875">
        <ele>408.20001220703125</ele>
        <time>2026-05-15T23:56:02.000Z</time>
        <extensions>
          <ns3:TrackPointExtension>
            <ns3:hr>163</ns3:hr>
            <ns3:cad>102</ns3:cad>
          </ns3:TrackPointExtension>
        </extensions>
      </trkpt>
      <trkpt lat="34.26862045191228389739990234375" lon="108.9537342824041843414306640625">
        <ele>408.20001220703125</ele>
        <time>2026-05-15T23:56:03.000Z</time>
        <extensions>
          <ns3:TrackPointExtension>
            <ns3:hr>163</ns3:hr>
            <ns3:cad>102</ns3:cad>
          </ns3:TrackPointExtension>
        </extensions>
      </trkpt>
      <trkpt lat="34.2685781233012676239013671875" lon="108.953756578266620635986328125">
        <ele>408.20001220703125</ele>
        <time>2026-05-15T23:56:04.000Z</time>
        <extensions>
          <ns3:TrackPointExtension>
            <ns3:hr>163</ns3:hr>
            <ns3:cad>102</ns3:cad>
          </ns3:TrackPointExtension>
        </extensions>
      </trkpt>
      <trkpt lat="34.26855322904884815216064453125" lon="108.95377342589199542999267578125">
        <ele>408.20001220703125</ele>
        <time>2026-05-15T23:56:05.000Z</time>
        <extensions>
          <ns3:TrackPointExtension>
            <ns3:hr>163</ns3:hr>
            <ns3:cad>102</ns3:cad>
          </ns3:TrackPointExtension>
        </extensions>
      </trkpt>
      <trkpt lat="34.268541745841503143310546875" lon="108.95378172397613525390625">
        <ele>408.20001220703125</ele>
        <time>2026-05-15T23:56:06.000Z</time>
        <extensions>
          <ns3:TrackPointExtension>
            <ns3:hr>163</ns3:hr>
            <ns3:cad>102</ns3:cad>
          </ns3:TrackPointExtension>
        </extensions>
      </trkpt>
      <trkpt lat="34.26850964315235614776611328125" lon="108.95380963571369647979736328125">
        <ele>408.20001220703125</ele>
        <time>2026-05-15T23:56:07.000Z</time>
        <extensions>
          <ns3:TrackPointExtension>
            <ns3:hr>163</ns3:hr>
            <ns3:cad>101</ns3:cad>
          </ns3:TrackPointExtension>
        </extensions>
      </trkpt>
      <trkpt lat="34.26848097704350948333740234375" lon="108.95384081639349460601806640625">
        <ele>408.20001220703125</ele>
        <time>2026-05-15T23:56:08.000Z</time>
        <extensions>
          <ns3:TrackPointExtension>
            <ns3:hr>163</ns3:hr>
            <ns3:cad>101</ns3:cad>
          </ns3:TrackPointExtension>
        </extensions>
      </trkpt>
      <trkpt lat="34.26846488378942012786865234375" lon="108.95386110059916973114013671875">
        <ele>408.20001220703125</ele>
        <time>2026-05-15T23:56:09.000Z</time>
        <extensions>
          <ns3:TrackPointExtension>
            <ns3:hr>163</ns3:hr>
            <ns3:cad>101</ns3:cad>
          </ns3:TrackPointExtension>
        </extensions>
      </trkpt>
      <trkpt lat="34.2684455215930938720703125" lon="108.9538881741464138031005859375">
        <ele>408.20001220703125</ele>
        <time>2026-05-15T23:56:10.000Z</time>
        <extensions>
          <ns3:TrackPointExtension>
            <ns3:hr>163</ns3:hr>
            <ns3:cad>101</ns3:cad>
          </ns3:TrackPointExtension>
        </extensions>
      </trkpt>
      <trkpt lat="34.26842297427356243133544921875" lon="108.9539274014532566070556640625">
        <ele>408.20001220703125</ele>
        <time>2026-05-15T23:56:11.000Z</time>
        <extensions>
          <ns3:TrackPointExtension>
            <ns3:hr>164</ns3:hr>
            <ns3:cad>101</ns3:cad>
          </ns3:TrackPointExtension>
        </extensions>
      </trkpt>
      <trkpt lat="34.26841199398040771484375" lon="108.95394978113472461700439453125">
        <ele>408.20001220703125</ele>
        <time>2026-05-15T23:56:12.000Z</time>
        <extensions>
          <ns3:TrackPointExtension>
            <ns3:hr>164</ns3:hr>
            <ns3:cad>101</ns3:cad>
          </ns3:TrackPointExtension>
        </extensions>
      </trkpt>
      <trkpt lat="34.26840000785887241363525390625" lon="108.95397760905325412750244140625">
        <ele>408.20001220703125</ele>
        <time>2026-05-15T23:56:13.000Z</time>
        <extensions>
          <ns3:TrackPointExtension>
            <ns3:hr>164</ns3:hr>
            <ns3:cad>101</ns3:cad>
          </ns3:TrackPointExtension>
        </extensions>
      </trkpt>
      <trkpt lat="34.26838173530995845794677734375" lon="108.95403192378580570220947265625">
        <ele>408.20001220703125</ele>
        <time>2026-05-15T23:56:14.000Z</time>
        <extensions>
          <ns3:TrackPointExtension>
            <ns3:hr>164</ns3:hr>
            <ns3:cad>101</ns3:cad>
          </ns3:TrackPointExtension>
        </extensions>
      </trkpt>
      <trkpt lat="34.26837980747222900390625" lon="108.9540378749370574951171875">
        <ele>408.20001220703125</ele>
        <time>2026-05-15T23:56:15.000Z</time>
        <extensions>
          <ns3:TrackPointExtension>
            <ns3:hr>164</ns3:hr>
            <ns3:cad>101</ns3:cad>
          </ns3:TrackPointExtension>
        </extensions>
      </trkpt>
      <trkpt lat="34.268373437225818634033203125" lon="108.9540678821504116058349609375">
        <ele>408.20001220703125</ele>
        <time>2026-05-15T23:56:16.000Z</time>
        <extensions>
          <ns3:TrackPointExtension>
            <ns3:hr>164</ns3:hr>
            <ns3:cad>101</ns3:cad>
          </ns3:TrackPointExtension>
        </extensions>
      </trkpt>
      <trkpt lat="34.26836513914167881011962890625" lon="108.9541201852262020111083984375">
        <ele>408.20001220703125</ele>
        <time>2026-05-15T23:56:17.000Z</time>
        <extensions>
          <ns3:TrackPointExtension>
            <ns3:hr>164</ns3:hr>
            <ns3:cad>101</ns3:cad>
          </ns3:TrackPointExtension>
        </extensions>
      </trkpt>
      <trkpt lat="34.26836195401847362518310546875" lon="108.954154886305332183837890625">
        <ele>408.20001220703125</ele>
        <time>2026-05-15T23:56:18.000Z</time>
        <extensions>
          <ns3:TrackPointExtension>
            <ns3:hr>164</ns3:hr>
            <ns3:cad>100</ns3:cad>
          </ns3:TrackPointExtension>
        </extensions>
      </trkpt>
      <trkpt lat="34.26836161874234676361083984375" lon="108.95418011583387851715087890625">
        <ele>408.20001220703125</ele>
        <time>2026-05-15T23:56:19.000Z</time>
        <extensions>
          <ns3:TrackPointExtension>
            <ns3:hr>164</ns3:hr>
            <ns3:cad>100</ns3:cad>
          </ns3:TrackPointExtension>
        </extensions>
      </trkpt>
      <trkpt lat="34.26836396567523479461669921875" lon="108.95423577167093753814697265625">
        <ele>408.20001220703125</ele>
        <time>2026-05-15T23:56:20.000Z</time>
        <extensions>
          <ns3:TrackPointExtension>
            <ns3:hr>164</ns3:hr>
            <ns3:cad>100</ns3:cad>
          </ns3:TrackPointExtension>
        </extensions>
      </trkpt>
      <trkpt lat="34.268368743360042572021484375" lon="108.95427516661584377288818359375">
        <ele>408.20001220703125</ele>
        <time>2026-05-15T23:56:21.000Z</time>
        <extensions>
          <ns3:TrackPointExtension>
            <ns3:hr>164</ns3:hr>
            <ns3:cad>100</ns3:cad>
          </ns3:TrackPointExtension>
        </extensions>
      </trkpt>
      <trkpt lat="34.26837167702615261077880859375" lon="108.95429142750799655914306640625">
        <ele>408.20001220703125</ele>
        <time>2026-05-15T23:56:22.000Z</time>
        <extensions>
          <ns3:TrackPointExtension>
            <ns3:hr>164</ns3:hr>
            <ns3:cad>100</ns3:cad>
          </ns3:TrackPointExtension>
        </extensions>
      </trkpt>
      <trkpt lat="34.26838391460478305816650390625" lon="108.954342640936374664306640625">
        <ele>408.20001220703125</ele>
        <time>2026-05-15T23:56:23.000Z</time>
        <extensions>
          <ns3:TrackPointExtension>
            <ns3:hr>164</ns3:hr>
            <ns3:cad>101</ns3:cad>
          </ns3:TrackPointExtension>
        </extensions>
      </trkpt>
      <trkpt lat="34.26840000785887241363525390625" lon="108.95438991487026214599609375">
        <ele>408.20001220703125</ele>
        <time>2026-05-15T23:56:24.000Z</time>
        <extensions>
          <ns3:TrackPointExtension>
            <ns3:hr>164</ns3:hr>
            <ns3:cad>101</ns3:cad>
          </ns3:TrackPointExtension>
        </extensions>
      </trkpt>
      <trkpt lat="34.26840537227690219879150390625" lon="108.95440324209630489349365234375">
        <ele>408.20001220703125</ele>
        <time>2026-05-15T23:56:25.000Z</time>
        <extensions>
          <ns3:TrackPointExtension>
            <ns3:hr>164</ns3:hr>
            <ns3:cad>101</ns3:cad>
          </ns3:TrackPointExtension>
        </extensions>
      </trkpt>
      <trkpt lat="34.2684238962829113006591796875" lon="108.954441882669925689697265625">
        <ele>408.20001220703125</ele>
        <time>2026-05-15T23:56:26.000Z</time>
        <extensions>
          <ns3:TrackPointExtension>
            <ns3:hr>165</ns3:hr>
            <ns3:cad>101</ns3:cad>
          </ns3:TrackPointExtension>
        </extensions>
      </trkpt>
      <trkpt lat="34.2684470303356647491455078125" lon="108.9544812776148319244384765625">
        <ele>408.20001220703125</ele>
        <time>2026-05-15T23:56:27.000Z</time>
        <extensions>
          <ns3:TrackPointExtension>
            <ns3:hr>164</ns3:hr>
            <ns3:cad>101</ns3:cad>
          </ns3:TrackPointExtension>
        </extensions>
      </trkpt>
      <trkpt lat="34.268452227115631103515625" lon="108.95448907278478145599365234375">
        <ele>408.20001220703125</ele>
        <time>2026-05-15T23:56:28.000Z</time>
        <extensions>
          <ns3:TrackPointExtension>
            <ns3:hr>164</ns3:hr>
            <ns3:cad>101</ns3:cad>
          </ns3:TrackPointExtension>
        </extensions>
      </trkpt>
      <trkpt lat="34.26847829483449459075927734375" lon="108.954523690044879913330078125">
        <ele>408.20001220703125</ele>
        <time>2026-05-15T23:56:29.000Z</time>
        <extensions>
          <ns3:TrackPointExtension>
            <ns3:hr>164</ns3:hr>
            <ns3:cad>101</ns3:cad>
          </ns3:TrackPointExtension>
        </extensions>
      </trkpt>
      <trkpt lat="34.26850444637238979339599609375" lon="108.9545528590679168701171875">
        <ele>408.20001220703125</ele>
        <time>2026-05-15T23:56:30.000Z</time>
        <extensions>
          <ns3:TrackPointExtension>
            <ns3:hr>165</ns3:hr>
            <ns3:cad>101</ns3:cad>
          </ns3:TrackPointExtension>
        </extensions>
      </trkpt>
      <trkpt lat="34.268509559333324432373046875" lon="108.95455763675272464752197265625">
        <ele>408.20001220703125</ele>
        <time>2026-05-15T23:56:31.000Z</time>
        <extensions>
          <ns3:TrackPointExtension>
            <ns3:hr>165</ns3:hr>
            <ns3:cad>100</ns3:cad>
          </ns3:TrackPointExtension>
        </extensions>
      </trkpt>
      <trkpt lat="34.26853914745151996612548828125" lon="108.95458412356674671173095703125">
        <ele>408.20001220703125</ele>
        <time>2026-05-15T23:56:32.000Z</time>
        <extensions>
          <ns3:TrackPointExtension>
            <ns3:hr>165</ns3:hr>
            <ns3:cad>100</ns3:cad>
          </ns3:TrackPointExtension>
        </extensions>
      </trkpt>
      <trkpt lat="34.2685657180845737457275390625" lon="108.95460340194404125213623046875">
        <ele>408.20001220703125</ele>
        <time>2026-05-15T23:56:33.000Z</time>
        <extensions>
          <ns3:TrackPointExtension>
            <ns3:hr>165</ns3:hr>
            <ns3:cad>100</ns3:cad>
          </ns3:TrackPointExtension>
        </extensions>
      </trkpt>
      <trkpt lat="34.2685801349580287933349609375" lon="108.9546127058565616607666015625">
        <ele>408.20001220703125</ele>
        <time>2026-05-15T23:56:34.000Z</time>
        <extensions>
          <ns3:TrackPointExtension>
            <ns3:hr>165</ns3:hr>
            <ns3:cad>100</ns3:cad>
          </ns3:TrackPointExtension>
        </extensions>
      </trkpt>
      <trkpt lat="34.26861559040844440460205078125" lon="108.95463206805288791656494140625">
        <ele>408.20001220703125</ele>
        <time>2026-05-15T23:56:35.000Z</time>
        <extensions>
          <ns3:TrackPointExtension>
            <ns3:hr>165</ns3:hr>
            <ns3:cad>100</ns3:cad>
          </ns3:TrackPointExtension>
        </extensions>
      </trkpt>
      <trkpt lat="34.26864140667021274566650390625" lon="108.95464204251766204833984375">
        <ele>408.20001220703125</ele>
        <time>2026-05-15T23:56:36.000Z</time>
        <extensions>
          <ns3:TrackPointExtension>
            <ns3:hr>165</ns3:hr>
            <ns3:cad>100</ns3:cad>
          </ns3:TrackPointExtension>
        </extensions>
      </trkpt>
      <trkpt lat="34.26865230314433574676513671875" lon="108.95464614965021610260009765625">
        <ele>408.20001220703125</ele>
        <time>2026-05-15T23:56:37.000Z</time>
        <extensions>
          <ns3:TrackPointExtension>
            <ns3:hr>165</ns3:hr>
            <ns3:cad>99</ns3:cad>
          </ns3:TrackPointExtension>
        </extensions>
      </trkpt>
      <trkpt lat="34.2686976492404937744140625" lon="108.95465788431465625762939453125">
        <ele>408.20001220703125</ele>
        <time>2026-05-15T23:56:38.000Z</time>
        <extensions>
          <ns3:TrackPointExtension>
            <ns3:hr>165</ns3:hr>
            <ns3:cad>99</ns3:cad>
          </ns3:TrackPointExtension>
        </extensions>
      </trkpt>
      <trkpt lat="34.2687219567596912384033203125" lon="108.954661153256893157958984375">
        <ele>408.20001220703125</ele>
        <time>2026-05-15T23:56:39.000Z</time>
        <extensions>
          <ns3:TrackPointExtension>
            <ns3:hr>164</ns3:hr>
            <ns3:cad>99</ns3:cad>
          </ns3:TrackPointExtension>
        </extensions>
      </trkpt>
      <trkpt lat="34.26874048076570034027099609375" lon="108.9546628296375274658203125">
        <ele>408.20001220703125</ele>
        <time>2026-05-15T23:56:40.000Z</time>
        <extensions>
          <ns3:TrackPointExtension>
            <ns3:hr>163</ns3:hr>
            <ns3:cad>99</ns3:cad>
          </ns3:TrackPointExtension>
        </extensions>
      </trkpt>
      <trkpt lat="34.2687957175076007843017578125" lon="108.9546646736562252044677734375">
        <ele>408.20001220703125</ele>
        <time>2026-05-15T23:56:41.000Z</time>
        <extensions>
          <ns3:TrackPointExtension>
            <ns3:hr>163</ns3:hr>
            <ns3:cad>100</ns3:cad>
          </ns3:TrackPointExtension>
        </extensions>
      </trkpt>
      <trkpt lat="34.26882010884582996368408203125" lon="108.95466509275138378143310546875">
        <ele>408.20001220703125</ele>
        <time>2026-05-15T23:56:42.000Z</time>
        <extensions>
          <ns3:TrackPointExtension>
            <ns3:hr>162</ns3:hr>
            <ns3:cad>100</ns3:cad>
          </ns3:TrackPointExtension>
        </extensions>
      </trkpt>
      <trkpt lat="34.2688424885272979736328125" lon="108.9546655118465423583984375">
        <ele>408.20001220703125</ele>
        <time>2026-05-15T23:56:43.000Z</time>
        <extensions>
          <ns3:TrackPointExtension>
            <ns3:hr>162</ns3:hr>
            <ns3:cad>100</ns3:cad>
          </ns3:TrackPointExtension>
        </extensions>
      </trkpt>
      <trkpt lat="34.26889403723180294036865234375" lon="108.954666517674922943115234375">
        <ele>408.20001220703125</ele>
        <time>2026-05-15T23:56:44.000Z</time>
        <extensions>
          <ns3:TrackPointExtension>
            <ns3:hr>162</ns3:hr>
            <ns3:cad>100</ns3:cad>
          </ns3:TrackPointExtension>
        </extensions>
      </trkpt>
      <trkpt lat="34.2689170874655246734619140625" lon="108.9546670205891132354736328125">
        <ele>408.20001220703125</ele>
        <time>2026-05-15T23:56:45.000Z</time>
        <extensions>
          <ns3:TrackPointExtension>
            <ns3:hr>162</ns3:hr>
            <ns3:cad>99</ns3:cad>
          </ns3:TrackPointExtension>
        </extensions>
      </trkpt>
      <trkpt lat="34.26894298754632472991943359375" lon="108.95466752350330352783203125">
        <ele>408.20001220703125</ele>
        <time>2026-05-15T23:56:46.000Z</time>
        <extensions>
          <ns3:TrackPointExtension>
            <ns3:hr>162</ns3:hr>
            <ns3:cad>99</ns3:cad>
          </ns3:TrackPointExtension>
        </extensions>
      </trkpt>
      <trkpt lat="34.26898841746151447296142578125" lon="108.9546683616936206817626953125">
        <ele>408.20001220703125</ele>
        <time>2026-05-15T23:56:47.000Z</time>
        <extensions>
          <ns3:TrackPointExtension>
            <ns3:hr>162</ns3:hr>
            <ns3:cad>99</ns3:cad>
          </ns3:TrackPointExtension>
        </extensions>
      </trkpt>
      <trkpt lat="34.26900434307754039764404296875" lon="108.9546686969697475433349609375">
        <ele>408.20001220703125</ele>
        <time>2026-05-15T23:56:48.000Z</time>
        <extensions>
          <ns3:TrackPointExtension>
            <ns3:hr>162</ns3:hr>
            <ns3:cad>99</ns3:cad>
          </ns3:TrackPointExtension>
        </extensions>
      </trkpt>
      <trkpt lat="34.269040636718273162841796875" lon="108.9546693675220012664794921875">
        <ele>408.20001220703125</ele>
        <time>2026-05-15T23:56:49.000Z</time>
        <extensions>
          <ns3:TrackPointExtension>
            <ns3:hr>162</ns3:hr>
            <ns3:cad>99</ns3:cad>
          </ns3:TrackPointExtension>
        </extensions>
      </trkpt>
      <trkpt lat="34.2690731585025787353515625" lon="108.95466995425522327423095703125">
        <ele>408.20001220703125</ele>
        <time>2026-05-15T23:56:50.000Z</time>
        <extensions>
          <ns3:TrackPointExtension>
            <ns3:hr>162</ns3:hr>
            <ns3:cad>99</ns3:cad>
          </ns3:TrackPointExtension>
        </extensions>
      </trkpt>
      <trkpt lat="34.2690937779843807220458984375" lon="108.9546703733503818511962890625">
        <ele>408.20001220703125</ele>
        <time>2026-05-15T23:56:51.000Z</time>
        <extensions>
          <ns3:TrackPointExtension>
            <ns3:hr>162</ns3:hr>
            <ns3:cad>99</ns3:cad>
          </ns3:TrackPointExtension>
        </extensions>
      </trkpt>
      <trkpt lat="34.2691393755376338958740234375" lon="108.95467129535973072052001953125">
        <ele>408.20001220703125</ele>
        <time>2026-05-15T23:56:52.000Z</time>
        <extensions>
          <ns3:TrackPointExtension>
            <ns3:hr>162</ns3:hr>
            <ns3:cad>99</ns3:cad>
          </ns3:TrackPointExtension>
        </extensions>
      </trkpt>
      <trkpt lat="34.26916745491325855255126953125" lon="108.95467179827392101287841796875">
        <ele>408.20001220703125</ele>
        <time>2026-05-15T23:56:53.000Z</time>
        <extensions>
          <ns3:TrackPointExtension>
            <ns3:hr>162</ns3:hr>
            <ns3:cad>98</ns3:cad>
          </ns3:TrackPointExtension>
        </extensions>
      </trkpt>
      <trkpt lat="34.26919519901275634765625" lon="108.95467230118811130523681640625">
        <ele>408.20001220703125</ele>
        <time>2026-05-15T23:56:54.000Z</time>
        <extensions>
          <ns3:TrackPointExtension>
            <ns3:hr>161</ns3:hr>
            <ns3:cad>98</ns3:cad>
          </ns3:TrackPointExtension>
        </extensions>
      </trkpt>
      <trkpt lat="34.269244484603404998779296875" lon="108.95467330701649188995361328125">
        <ele>408.20001220703125</ele>
        <time>2026-05-15T23:56:55.000Z</time>
        <extensions>
          <ns3:TrackPointExtension>
            <ns3:hr>161</ns3:hr>
            <ns3:cad>98</ns3:cad>
          </ns3:TrackPointExtension>
        </extensions>
      </trkpt>
      <trkpt lat="34.2692657746374607086181640625" lon="108.9546737261116504669189453125">
        <ele>408.20001220703125</ele>
        <time>2026-05-15T23:56:56.000Z</time>
        <extensions>
          <ns3:TrackPointExtension>
            <ns3:hr>162</ns3:hr>
            <ns3:cad>98</ns3:cad>
          </ns3:TrackPointExtension>
        </extensions>
      </trkpt>
      <trkpt lat="34.26928530447185039520263671875" lon="108.9546740613877773284912109375">
        <ele>408.20001220703125</ele>
        <time>2026-05-15T23:56:57.000Z</time>
        <extensions>
          <ns3:TrackPointExtension>
            <ns3:hr>163</ns3:hr>
            <ns3:cad>98</ns3:cad>
          </ns3:TrackPointExtension>
        </extensions>
      </trkpt>
      <trkpt lat="34.26932771690189838409423828125" lon="108.954674899578094482421875">
        <ele>408.20001220703125</ele>
        <time>2026-05-15T23:56:58.000Z</time>
        <extensions>
          <ns3:TrackPointExtension>
            <ns3:hr>163</ns3:hr>
            <ns3:cad>99</ns3:cad>
          </ns3:TrackPointExtension>
        </extensions>
      </trkpt>
      <trkpt lat="34.26935814321041107177734375" lon="108.95467548631131649017333984375">
        <ele>408.20001220703125</ele>
        <time>2026-05-15T23:56:59.000Z</time>
        <extensions>
          <ns3:TrackPointExtension>
            <ns3:hr>163</ns3:hr>
            <ns3:cad>99</ns3:cad>
          </ns3:TrackPointExtension>
        </extensions>
      </trkpt>
      <trkpt lat="34.269372560083866119384765625" lon="108.9546757377684116363525390625">
        <ele>408.20001220703125</ele>
        <time>2026-05-15T23:57:00.000Z</time>
        <extensions>
          <ns3:TrackPointExtension>
            <ns3:hr>163</ns3:hr>
            <ns3:cad>100</ns3:cad>
          </ns3:TrackPointExtension>
        </extensions>
      </trkpt>
      <trkpt lat="34.2694243602454662322998046875" lon="108.9546767435967922210693359375">
        <ele>408.20001220703125</ele>
        <time>2026-05-15T23:57:01.000Z</time>
        <extensions>
          <ns3:TrackPointExtension>
            <ns3:hr>163</ns3:hr>
            <ns3:cad>100</ns3:cad>
          </ns3:TrackPointExtension>
        </extensions>
      </trkpt>
      <trkpt lat="34.26944724284112453460693359375" lon="108.95467716269195079803466796875">
        <ele>408.20001220703125</ele>
        <time>2026-05-15T23:57:02.000Z</time>
        <extensions>
          <ns3:TrackPointExtension>
            <ns3:hr>164</ns3:hr>
            <ns3:cad>100</ns3:cad>
          </ns3:TrackPointExtension>
        </extensions>
      </trkpt>
      <trkpt lat="34.2694639228284358978271484375" lon="108.95467749796807765960693359375">
        <ele>408.20001220703125</ele>
        <time>2026-05-15T23:57:03.000Z</time>
        <extensions>
          <ns3:TrackPointExtension>
            <ns3:hr>164</ns3:hr>
            <ns3:cad>100</ns3:cad>
          </ns3:TrackPointExtension>
        </extensions>
      </trkpt>
      <trkpt lat="34.26950725726783275604248046875" lon="108.95467598922550678253173828125">
        <ele>408.20001220703125</ele>
        <time>2026-05-15T23:57:04.000Z</time>
        <extensions>
          <ns3:TrackPointExtension>
            <ns3:hr>164</ns3:hr>
            <ns3:cad>99</ns3:cad>
          </ns3:TrackPointExtension>
        </extensions>
      </trkpt>
      <trkpt lat="34.2695303075015544891357421875" lon="108.9546733908355236053466796875">
        <ele>408.20001220703125</ele>
        <time>2026-05-15T23:57:05.000Z</time>
        <extensions>
          <ns3:TrackPointExtension>
            <ns3:hr>164</ns3:hr>
            <ns3:cad>99</ns3:cad>
          </ns3:TrackPointExtension>
        </extensions>
      </trkpt>
      <trkpt lat="34.2695504240691661834716796875" lon="108.95466945134103298187255859375">
        <ele>408.20001220703125</ele>
        <time>2026-05-15T23:57:06.000Z</time>
        <extensions>
          <ns3:TrackPointExtension>
            <ns3:hr>164</ns3:hr>
            <ns3:cad>99</ns3:cad>
          </ns3:TrackPointExtension>
        </extensions>
      </trkpt>
      <trkpt lat="34.26959275268018245697021484375" lon="108.9546572975814342498779296875">
        <ele>408.20001220703125</ele>
        <time>2026-05-15T23:57:07.000Z</time>
        <extensions>
          <ns3:TrackPointExtension>
            <ns3:hr>164</ns3:hr>
            <ns3:cad>99</ns3:cad>
          </ns3:TrackPointExtension>
        </extensions>
      </trkpt>
      <trkpt lat="34.26961622200906276702880859375" lon="108.95464832894504070281982421875">
        <ele>408.20001220703125</ele>
        <time>2026-05-15T23:57:08.000Z</time>
        <extensions>
          <ns3:TrackPointExtension>
            <ns3:hr>165</ns3:hr>
            <ns3:cad>97</ns3:cad>
          </ns3:TrackPointExtension>
        </extensions>
      </trkpt>
      <trkpt lat="34.269642792642116546630859375" lon="108.95463508553802967071533203125">
        <ele>408.20001220703125</ele>
        <time>2026-05-15T23:57:09.000Z</time>
        <extensions>
          <ns3:TrackPointExtension>
            <ns3:hr>164</ns3:hr>
            <ns3:cad>97</ns3:cad>
          </ns3:TrackPointExtension>
        </extensions>
      </trkpt>
      <trkpt lat="34.26967288367450237274169921875" lon="108.95461656153202056884765625">
        <ele>408.20001220703125</ele>
        <time>2026-05-15T23:57:10.000Z</time>
        <extensions>
          <ns3:TrackPointExtension>
            <ns3:hr>164</ns3:hr>
            <ns3:cad>97</ns3:cad>
          </ns3:TrackPointExtension>
        </extensions>
      </trkpt>
      <trkpt lat="34.26969132386147975921630859375" lon="108.95460407249629497528076171875">
        <ele>408.20001220703125</ele>
        <time>2026-05-15T23:57:11.000Z</time>
        <extensions>
          <ns3:TrackPointExtension>
            <ns3:hr>164</ns3:hr>
            <ns3:cad>100</ns3:cad>
          </ns3:TrackPointExtension>
        </extensions>
      </trkpt>
      <trkpt lat="34.26972988061606884002685546875" lon="108.95457088015973567962646484375">
        <ele>408.20001220703125</ele>
        <time>2026-05-15T23:57:12.000Z</time>
        <extensions>
          <ns3:TrackPointExtension>
            <ns3:hr>163</ns3:hr>
            <ns3:cad>100</ns3:cad>
          </ns3:TrackPointExtension>
        </extensions>
      </trkpt>
      <trkpt lat="34.26974899135529994964599609375" lon="108.95454992540180683135986328125">
        <ele>408.20001220703125</ele>
        <time>2026-05-15T23:57:13.000Z</time>
        <extensions>
          <ns3:TrackPointExtension>
            <ns3:hr>163</ns3:hr>
            <ns3:cad>100</ns3:cad>
          </ns3:TrackPointExtension>
        </extensions>
      </trkpt>
      <trkpt lat="34.26975972019135951995849609375" lon="108.95453802309930324554443359375">
        <ele>408.20001220703125</ele>
        <time>2026-05-15T23:57:14.000Z</time>
        <extensions>
          <ns3:TrackPointExtension>
            <ns3:hr>163</ns3:hr>
            <ns3:cad>98</ns3:cad>
          </ns3:TrackPointExtension>
        </extensions>
      </trkpt>
      <trkpt lat="34.2697958461940288543701171875" lon="108.95448856987059116363525390625">
        <ele>408.20001220703125</ele>
        <time>2026-05-15T23:57:15.000Z</time>
        <extensions>
          <ns3:TrackPointExtension>
            <ns3:hr>163</ns3:hr>
            <ns3:cad>98</ns3:cad>
          </ns3:TrackPointExtension>
        </extensions>
      </trkpt>
      <trkpt lat="34.2698015458881855010986328125" lon="108.95447834394872188568115234375">
        <ele>408.20001220703125</ele>
        <time>2026-05-15T23:57:16.000Z</time>
        <extensions>
          <ns3:TrackPointExtension>
            <ns3:hr>164</ns3:hr>
            <ns3:cad>98</ns3:cad>
          </ns3:TrackPointExtension>
        </extensions>
      </trkpt>
      <trkpt lat="34.2698214948177337646484375" lon="108.954442553222179412841796875">
        <ele>408.20001220703125</ele>
        <time>2026-05-15T23:57:17.000Z</time>
        <extensions>
          <ns3:TrackPointExtension>
            <ns3:hr>164</ns3:hr>
            <ns3:cad>98</ns3:cad>
          </ns3:TrackPointExtension>
        </extensions>
      </trkpt>
      <trkpt lat="34.2698337323963642120361328125" lon="108.95441413857042789459228515625">
        <ele>408.20001220703125</ele>
        <time>2026-05-15T23:57:18.000Z</time>
        <extensions>
          <ns3:TrackPointExtension>
            <ns3:hr>164</ns3:hr>
            <ns3:cad>97</ns3:cad>
          </ns3:TrackPointExtension>
        </extensions>
      </trkpt>
      <trkpt lat="34.2698394320905208587646484375" lon="108.9544008113443851470947265625">
        <ele>408.20001220703125</ele>
        <time>2026-05-15T23:57:19.000Z</time>
        <extensions>
          <ns3:TrackPointExtension>
            <ns3:hr>163</ns3:hr>
            <ns3:cad>96</ns3:cad>
          </ns3:TrackPointExtension>
        </extensions>
      </trkpt>
      <trkpt lat="34.26986047066748142242431640625" lon="108.954333253204822540283203125">
        <ele>408.20001220703125</ele>
        <time>2026-05-15T23:57:20.000Z</time>
        <extensions>
          <ns3:TrackPointExtension>
            <ns3:hr>164</ns3:hr>
            <ns3:cad>97</ns3:cad>
          </ns3:TrackPointExtension>
        </extensions>
      </trkpt>
      <trkpt lat="34.269863404333591461181640625" lon="108.9543193392455577850341796875">
        <ele>408.20001220703125</ele>
        <time>2026-05-15T23:57:21.000Z</time>
        <extensions>
          <ns3:TrackPointExtension>
            <ns3:hr>164</ns3:hr>
            <ns3:cad>97</ns3:cad>
          </ns3:TrackPointExtension>
        </extensions>
      </trkpt>
      <trkpt lat="34.26986952312290668487548828125" lon="108.95429008640348911285400390625">
        <ele>408.20001220703125</ele>
        <time>2026-05-15T23:57:22.000Z</time>
        <extensions>
          <ns3:TrackPointExtension>
            <ns3:hr>164</ns3:hr>
            <ns3:cad>97</ns3:cad>
          </ns3:TrackPointExtension>
        </extensions>
      </trkpt>
      <trkpt lat="34.26987580955028533935546875" lon="108.95423426292836666107177734375">
        <ele>408.20001220703125</ele>
        <time>2026-05-15T23:57:23.000Z</time>
        <extensions>
          <ns3:TrackPointExtension>
            <ns3:hr>164</ns3:hr>
            <ns3:cad>96</ns3:cad>
          </ns3:TrackPointExtension>
        </extensions>
      </trkpt>
      <trkpt lat="34.26987606100738048553466796875" lon="108.9542211033403873443603515625">
        <ele>408.20001220703125</ele>
        <time>2026-05-15T23:57:24.000Z</time>
        <extensions>
          <ns3:TrackPointExtension>
            <ns3:hr>164</ns3:hr>
            <ns3:cad>96</ns3:cad>
          </ns3:TrackPointExtension>
        </extensions>
      </trkpt>
      <trkpt lat="34.26987656392157077789306640625" lon="108.95418195985257625579833984375">
        <ele>408.20001220703125</ele>
        <time>2026-05-15T23:57:25.000Z</time>
        <extensions>
          <ns3:TrackPointExtension>
            <ns3:hr>163</ns3:hr>
            <ns3:cad>96</ns3:cad>
          </ns3:TrackPointExtension>
        </extensions>
      </trkpt>
      <trkpt lat="34.26987203769385814666748046875" lon="108.95412278361618518829345703125">
        <ele>408.20001220703125</ele>
        <time>2026-05-15T23:57:26.000Z</time>
        <extensions>
          <ns3:TrackPointExtension>
            <ns3:hr>163</ns3:hr>
            <ns3:cad>96</ns3:cad>
          </ns3:TrackPointExtension>
        </extensions>
      </trkpt>
      <trkpt lat="34.26987153477966785430908203125" lon="108.9541195146739482879638671875">
        <ele>408.20001220703125</ele>
        <time>2026-05-15T23:57:27.000Z</time>
        <extensions>
          <ns3:TrackPointExtension>
            <ns3:hr>163</ns3:hr>
            <ns3:cad>96</ns3:cad>
          </ns3:TrackPointExtension>
        </extensions>
      </trkpt>
      <trkpt lat="34.2698625661432743072509765625" lon="108.9540702290832996368408203125">
        <ele>408.20001220703125</ele>
        <time>2026-05-15T23:57:28.000Z</time>
        <extensions>
          <ns3:TrackPointExtension>
            <ns3:hr>163</ns3:hr>
            <ns3:cad>98</ns3:cad>
          </ns3:TrackPointExtension>
        </extensions>
      </trkpt>
      <trkpt lat="34.2698494903743267059326171875" lon="108.954023458063602447509765625">
        <ele>408.20001220703125</ele>
        <time>2026-05-15T23:57:29.000Z</time>
        <extensions>
          <ns3:TrackPointExtension>
            <ns3:hr>163</ns3:hr>
            <ns3:cad>99</ns3:cad>
          </ns3:TrackPointExtension>
        </extensions>
      </trkpt>
      <trkpt lat="34.2698458023369312286376953125" lon="108.95401197485625743865966796875">
        <ele>408.20001220703125</ele>
        <time>2026-05-15T23:57:30.000Z</time>
        <extensions>
          <ns3:TrackPointExtension>
            <ns3:hr>163</ns3:hr>
            <ns3:cad>99</ns3:cad>
          </ns3:TrackPointExtension>
        </extensions>
      </trkpt>
      <trkpt lat="34.2698256857693195343017578125" lon="108.9539622701704502105712890625">
        <ele>408.20001220703125</ele>
        <time>2026-05-15T23:57:31.000Z</time>
        <extensions>
          <ns3:TrackPointExtension>
            <ns3:hr>163</ns3:hr>
            <ns3:cad>99</ns3:cad>
          </ns3:TrackPointExtension>
        </extensions>
      </trkpt>
      <trkpt lat="34.26980447955429553985595703125" lon="108.9539217017590999603271484375">
        <ele>408.20001220703125</ele>
        <time>2026-05-15T23:57:32.000Z</time>
        <extensions>
          <ns3:TrackPointExtension>
            <ns3:hr>164</ns3:hr>
            <ns3:cad>99</ns3:cad>
          </ns3:TrackPointExtension>
        </extensions>
      </trkpt>
      <trkpt lat="34.2697968520224094390869140625" lon="108.95390954799950122833251953125">
        <ele>408.20001220703125</ele>
        <time>2026-05-15T23:57:33.000Z</time>
        <extensions>
          <ns3:TrackPointExtension>
            <ns3:hr>163</ns3:hr>
            <ns3:cad>99</ns3:cad>
          </ns3:TrackPointExtension>
        </extensions>
      </trkpt>
      <trkpt lat="34.26976357586681842803955078125" lon="108.95386294461786746978759765625">
        <ele>408.20001220703125</ele>
        <time>2026-05-15T23:57:34.000Z</time>
        <extensions>
          <ns3:TrackPointExtension>
            <ns3:hr>163</ns3:hr>
            <ns3:cad>99</ns3:cad>
          </ns3:TrackPointExtension>
        </extensions>
      </trkpt>
      <trkpt lat="34.269740693271160125732421875" lon="108.95383595488965511322021484375">
        <ele>408.20001220703125</ele>
        <time>2026-05-15T23:57:35.000Z</time>
        <extensions>
          <ns3:TrackPointExtension>
            <ns3:hr>163</ns3:hr>
            <ns3:cad>99</ns3:cad>
          </ns3:TrackPointExtension>
        </extensions>
      </trkpt>
      <trkpt lat="34.2697214148938655853271484375" lon="108.9538179337978363037109375">
        <ele>408.20001220703125</ele>
        <time>2026-05-15T23:57:36.000Z</time>
        <extensions>
          <ns3:TrackPointExtension>
            <ns3:hr>163</ns3:hr>
            <ns3:cad>99</ns3:cad>
          </ns3:TrackPointExtension>
        </extensions>
      </trkpt>
      <trkpt lat="34.26968461833894252777099609375" lon="108.95378750748932361602783203125">
        <ele>408.20001220703125</ele>
        <time>2026-05-15T23:57:37.000Z</time>
        <extensions>
          <ns3:TrackPointExtension>
            <ns3:hr>164</ns3:hr>
            <ns3:cad>99</ns3:cad>
          </ns3:TrackPointExtension>
        </extensions>
      </trkpt>
      <trkpt lat="34.26966466940939426422119140625" lon="108.95377309061586856842041015625">
        <ele>408.20001220703125</ele>
        <time>2026-05-15T23:57:38.000Z</time>
        <extensions>
          <ns3:TrackPointExtension>
            <ns3:hr>163</ns3:hr>
            <ns3:cad>99</ns3:cad>
          </ns3:TrackPointExtension>
        </extensions>
      </trkpt>
      <trkpt lat="34.26963952369987964630126953125" lon="108.953759260475635528564453125">
        <ele>408.20001220703125</ele>
        <time>2026-05-15T23:57:39.000Z</time>
        <extensions>
          <ns3:TrackPointExtension>
            <ns3:hr>163</ns3:hr>
            <ns3:cad>99</ns3:cad>
          </ns3:TrackPointExtension>
        </extensions>
      </trkpt>
      <trkpt lat="34.26959627307951450347900390625" lon="108.953739814460277557373046875">
        <ele>408.20001220703125</ele>
        <time>2026-05-15T23:57:40.000Z</time>
        <extensions>
          <ns3:TrackPointExtension>
            <ns3:hr>163</ns3:hr>
            <ns3:cad>98</ns3:cad>
          </ns3:TrackPointExtension>
        </extensions>
      </trkpt>
      <trkpt lat="34.2695827782154083251953125" lon="108.95373470149934291839599609375">
        <ele>408.20001220703125</ele>
        <time>2026-05-15T23:57:41.000Z</time>
        <extensions>
          <ns3:TrackPointExtension>
            <ns3:hr>163</ns3:hr>
            <ns3:cad>98</ns3:cad>
          </ns3:TrackPointExtension>
        </extensions>
      </trkpt>
      <trkpt lat="34.26953843794763088226318359375" lon="108.95372363738715648651123046875">
        <ele>408.20001220703125</ele>
        <time>2026-05-15T23:57:42.000Z</time>
        <extensions>
          <ns3:TrackPointExtension>
            <ns3:hr>164</ns3:hr>
            <ns3:cad>98</ns3:cad>
          </ns3:TrackPointExtension>
        </extensions>
      </trkpt>
      <trkpt lat="34.26949250511825084686279296875" lon="108.9537186920642852783203125">
        <ele>408.20001220703125</ele>
        <time>2026-05-15T23:57:43.000Z</time>
        <extensions>
          <ns3:TrackPointExtension>
            <ns3:hr>163</ns3:hr>
            <ns3:cad>98</ns3:cad>
          </ns3:TrackPointExtension>
        </extensions>
      </trkpt>
      <trkpt lat="34.2694786749780178070068359375" lon="108.95371802151203155517578125">
        <ele>408.20001220703125</ele>
        <time>2026-05-15T23:57:44.000Z</time>
        <extensions>
          <ns3:TrackPointExtension>
            <ns3:hr>163</ns3:hr>
            <ns3:cad>98</ns3:cad>
          </ns3:TrackPointExtension>
        </extensions>
      </trkpt>
      <trkpt lat="34.26943886093795299530029296875" lon="108.9537171833217144012451171875">
        <ele>408.20001220703125</ele>
        <time>2026-05-15T23:57:45.000Z</time>
        <extensions>
          <ns3:TrackPointExtension>
            <ns3:hr>164</ns3:hr>
            <ns3:cad>98</ns3:cad>
          </ns3:TrackPointExtension>
        </extensions>
      </trkpt>
      <trkpt lat="34.26939611323177814483642578125" lon="108.95371642895042896270751953125">
        <ele>408.20001220703125</ele>
        <time>2026-05-15T23:57:46.000Z</time>
        <extensions>
          <ns3:TrackPointExtension>
            <ns3:hr>164</ns3:hr>
            <ns3:cad>98</ns3:cad>
          </ns3:TrackPointExtension>
        </extensions>
      </trkpt>
      <trkpt lat="34.269369877874851226806640625" lon="108.95371592603623867034912109375">
        <ele>408.20001220703125</ele>
        <time>2026-05-15T23:57:47.000Z</time>
        <extensions>
          <ns3:TrackPointExtension>
            <ns3:hr>164</ns3:hr>
            <ns3:cad>98</ns3:cad>
          </ns3:TrackPointExtension>
        </extensions>
      </trkpt>
    </trkseg>
  </trk>
</gpx>
