<gpx xmlns:ns3="http://www.garmin.com/xmlschemas/TrackPointExtension/v1" xmlns="http://www.topografix.com/GPX/1/1" xmlns:xsi="http://www.w3.org/2001/XMLSchema-instance" xmlns:ns2="http://www.garmin.com/xmlschemas/GpxExtensions/v3" creator="Garmin Connect" version="1.1" xsi:schemaLocation="http://www.topografix.com/GPX/1/1 http://www.topografix.com/GPX/11.xsd">
  <extensions>
<distance>7176.31</distance>
<average_hr>163.0</average_hr>
<average_speed>3.0759999752044678</average_speed>
<start_time>2026-06-13T03:23:15+00:00</start_time>
<end_time>2026-06-13T04:02:07.666000+00:00</end_time>
<moving_time>2317.856</moving_time>
<elapsed_time>2332.666</elapsed_time>
</extensions>
<metadata>
    <link href="connect.garmin.com">
      <text>Garmin Connect</text>
    </link>
    <time>2026-06-13T03:23:15.000Z</time>
  </metadata>
  <trk>
    <name>张家口市 跑步</name>
    <type>running</type>
    <trkseg>
      <trkpt lat="41.24341732822358608245849609375" lon="115.09314785711467266082763671875">
        <ele>1687</ele>
        <time>2026-06-13T03:23:15.000Z</time>
        <extensions>
          <ns3:TrackPointExtension>
            <ns3:hr>91</ns3:hr>
            <ns3:cad>0</ns3:cad>
          </ns3:TrackPointExtension>
        </extensions>
      </trkpt>
      <trkpt lat="41.243410371243953704833984375" lon="115.09314802475273609161376953125">
        <ele>1687.199951171875</ele>
        <time>2026-06-13T03:23:16.000Z</time>
        <extensions>
          <ns3:TrackPointExtension>
            <ns3:hr>91</ns3:hr>
            <ns3:cad>0</ns3:cad>
          </ns3:TrackPointExtension>
        </extensions>
      </trkpt>
      <trkpt lat="41.243411712348461151123046875" lon="115.0931534729897975921630859375">
        <ele>1687.199951171875</ele>
        <time>2026-06-13T03:23:17.000Z</time>
        <extensions>
          <ns3:TrackPointExtension>
            <ns3:hr>91</ns3:hr>
            <ns3:cad>0</ns3:cad>
          </ns3:TrackPointExtension>
        </extensions>
      </trkpt>
      <trkpt lat="41.24341364018619060516357421875" lon="115.09315573610365390777587890625">
        <ele>1687.199951171875</ele>
        <time>2026-06-13T03:23:18.000Z</time>
        <extensions>
          <ns3:TrackPointExtension>
            <ns3:hr>92</ns3:hr>
            <ns3:cad>0</ns3:cad>
          </ns3:TrackPointExtension>
        </extensions>
      </trkpt>
      <trkpt lat="41.2434199266135692596435546875" lon="115.09316344745457172393798828125">
        <ele>1687.199951171875</ele>
        <time>2026-06-13T03:23:19.000Z</time>
        <extensions>
          <ns3:TrackPointExtension>
            <ns3:hr>93</ns3:hr>
            <ns3:cad>41</ns3:cad>
          </ns3:TrackPointExtension>
        </extensions>
      </trkpt>
      <trkpt lat="41.24342638067901134490966796875" lon="115.0931769423186779022216796875">
        <ele>1687.199951171875</ele>
        <time>2026-06-13T03:23:20.000Z</time>
        <extensions>
          <ns3:TrackPointExtension>
            <ns3:hr>93</ns3:hr>
            <ns3:cad>0</ns3:cad>
          </ns3:TrackPointExtension>
        </extensions>
      </trkpt>
      <trkpt lat="41.24343308620154857635498046875" lon="115.0932025909423828125">
        <ele>1687.199951171875</ele>
        <time>2026-06-13T03:23:21.000Z</time>
        <extensions>
          <ns3:TrackPointExtension>
            <ns3:hr>94</ns3:hr>
            <ns3:cad>0</ns3:cad>
          </ns3:TrackPointExtension>
        </extensions>
      </trkpt>
      <trkpt lat="41.24344415031373500823974609375" lon="115.09322698228061199188232421875">
        <ele>1687.4000244140625</ele>
        <time>2026-06-13T03:23:22.000Z</time>
        <extensions>
          <ns3:TrackPointExtension>
            <ns3:hr>94</ns3:hr>
            <ns3:cad>0</ns3:cad>
          </ns3:TrackPointExtension>
        </extensions>
      </trkpt>
      <trkpt lat="41.2434588186442852020263671875" lon="115.0932495296001434326171875">
        <ele>1687.5999755859375</ele>
        <time>2026-06-13T03:23:23.000Z</time>
        <extensions>
          <ns3:TrackPointExtension>
            <ns3:hr>94</ns3:hr>
            <ns3:cad>0</ns3:cad>
          </ns3:TrackPointExtension>
        </extensions>
      </trkpt>
      <trkpt lat="41.24347516335546970367431640625" lon="115.0932781957089900970458984375">
        <ele>1688</ele>
        <time>2026-06-13T03:23:24.000Z</time>
        <extensions>
          <ns3:TrackPointExtension>
            <ns3:hr>94</ns3:hr>
            <ns3:cad>0</ns3:cad>
          </ns3:TrackPointExtension>
        </extensions>
      </trkpt>
      <trkpt lat="41.24349175952374935150146484375" lon="115.09330409578979015350341796875">
        <ele>1688.4000244140625</ele>
        <time>2026-06-13T03:23:25.000Z</time>
        <extensions>
          <ns3:TrackPointExtension>
            <ns3:hr>95</ns3:hr>
            <ns3:cad>0</ns3:cad>
          </ns3:TrackPointExtension>
        </extensions>
      </trkpt>
      <trkpt lat="41.24350433237850666046142578125" lon="115.093330331146717071533203125">
        <ele>1689</ele>
        <time>2026-06-13T03:23:26.000Z</time>
        <extensions>
          <ns3:TrackPointExtension>
            <ns3:hr>96</ns3:hr>
            <ns3:cad>0</ns3:cad>
          </ns3:TrackPointExtension>
        </extensions>
      </trkpt>
      <trkpt lat="41.24352134764194488525390625" lon="115.09334935806691646575927734375">
        <ele>1689.199951171875</ele>
        <time>2026-06-13T03:23:27.000Z</time>
        <extensions>
          <ns3:TrackPointExtension>
            <ns3:hr>98</ns3:hr>
            <ns3:cad>0</ns3:cad>
          </ns3:TrackPointExtension>
        </extensions>
      </trkpt>
      <trkpt lat="41.24353014864027500152587890625" lon="115.09337198920547962188720703125">
        <ele>1689.800048828125</ele>
        <time>2026-06-13T03:23:28.000Z</time>
        <extensions>
          <ns3:TrackPointExtension>
            <ns3:hr>100</ns3:hr>
            <ns3:cad>91</ns3:cad>
          </ns3:TrackPointExtension>
        </extensions>
      </trkpt>
      <trkpt lat="41.24354121275246143341064453125" lon="115.0933968834578990936279296875">
        <ele>1690.199951171875</ele>
        <time>2026-06-13T03:23:29.000Z</time>
        <extensions>
          <ns3:TrackPointExtension>
            <ns3:hr>102</ns3:hr>
            <ns3:cad>92</ns3:cad>
          </ns3:TrackPointExtension>
        </extensions>
      </trkpt>
      <trkpt lat="41.2435550428926944732666015625" lon="115.09342445991933345794677734375">
        <ele>1690.5999755859375</ele>
        <time>2026-06-13T03:23:30.000Z</time>
        <extensions>
          <ns3:TrackPointExtension>
            <ns3:hr>104</ns3:hr>
            <ns3:cad>94</ns3:cad>
          </ns3:TrackPointExtension>
        </extensions>
      </trkpt>
      <trkpt lat="41.24356853775680065155029296875" lon="115.09345631115138530731201171875">
        <ele>1691</ele>
        <time>2026-06-13T03:23:31.000Z</time>
        <extensions>
          <ns3:TrackPointExtension>
            <ns3:hr>105</ns3:hr>
            <ns3:cad>94</ns3:cad>
          </ns3:TrackPointExtension>
        </extensions>
      </trkpt>
      <trkpt lat="41.2435758300125598907470703125" lon="115.0934907607734203338623046875">
        <ele>1691.5999755859375</ele>
        <time>2026-06-13T03:23:32.000Z</time>
        <extensions>
          <ns3:TrackPointExtension>
            <ns3:hr>106</ns3:hr>
            <ns3:cad>94</ns3:cad>
          </ns3:TrackPointExtension>
        </extensions>
      </trkpt>
      <trkpt lat="41.2435801886022090911865234375" lon="115.09351951070129871368408203125">
        <ele>1692.199951171875</ele>
        <time>2026-06-13T03:23:33.000Z</time>
        <extensions>
          <ns3:TrackPointExtension>
            <ns3:hr>107</ns3:hr>
            <ns3:cad>94</ns3:cad>
          </ns3:TrackPointExtension>
        </extensions>
      </trkpt>
      <trkpt lat="41.2435822002589702606201171875" lon="115.0935504399240016937255859375">
        <ele>1692.800048828125</ele>
        <time>2026-06-13T03:23:34.000Z</time>
        <extensions>
          <ns3:TrackPointExtension>
            <ns3:hr>108</ns3:hr>
            <ns3:cad>93</ns3:cad>
          </ns3:TrackPointExtension>
        </extensions>
      </trkpt>
      <trkpt lat="41.24358278699219226837158203125" lon="115.0935873202979564666748046875">
        <ele>1693.199951171875</ele>
        <time>2026-06-13T03:23:35.000Z</time>
        <extensions>
          <ns3:TrackPointExtension>
            <ns3:hr>109</ns3:hr>
            <ns3:cad>93</ns3:cad>
          </ns3:TrackPointExtension>
        </extensions>
      </trkpt>
      <trkpt lat="41.24358094297349452972412109375" lon="115.09361556731164455413818359375">
        <ele>1693.4000244140625</ele>
        <time>2026-06-13T03:23:36.000Z</time>
        <extensions>
          <ns3:TrackPointExtension>
            <ns3:hr>110</ns3:hr>
            <ns3:cad>93</ns3:cad>
          </ns3:TrackPointExtension>
        </extensions>
      </trkpt>
      <trkpt lat="41.24357490800321102142333984375" lon="115.09365848265588283538818359375">
        <ele>1693.4000244140625</ele>
        <time>2026-06-13T03:23:37.000Z</time>
        <extensions>
          <ns3:TrackPointExtension>
            <ns3:hr>112</ns3:hr>
            <ns3:cad>93</ns3:cad>
          </ns3:TrackPointExtension>
        </extensions>
      </trkpt>
      <trkpt lat="41.2435677833855152130126953125" lon="115.09369452483952045440673828125">
        <ele>1693.4000244140625</ele>
        <time>2026-06-13T03:23:38.000Z</time>
        <extensions>
          <ns3:TrackPointExtension>
            <ns3:hr>114</ns3:hr>
            <ns3:cad>93</ns3:cad>
          </ns3:TrackPointExtension>
        </extensions>
      </trkpt>
      <trkpt lat="41.24356250278651714324951171875" lon="115.09373257867991924285888671875">
        <ele>1693.4000244140625</ele>
        <time>2026-06-13T03:23:39.000Z</time>
        <extensions>
          <ns3:TrackPointExtension>
            <ns3:hr>115</ns3:hr>
            <ns3:cad>93</ns3:cad>
          </ns3:TrackPointExtension>
        </extensions>
      </trkpt>
      <trkpt lat="41.24355730600655078887939453125" lon="115.09377591311931610107421875">
        <ele>1693.199951171875</ele>
        <time>2026-06-13T03:23:40.000Z</time>
        <extensions>
          <ns3:TrackPointExtension>
            <ns3:hr>116</ns3:hr>
            <ns3:cad>93</ns3:cad>
          </ns3:TrackPointExtension>
        </extensions>
      </trkpt>
      <trkpt lat="41.24354540370404720306396484375" lon="115.093802399933338165283203125">
        <ele>1693.199951171875</ele>
        <time>2026-06-13T03:23:41.000Z</time>
        <extensions>
          <ns3:TrackPointExtension>
            <ns3:hr>117</ns3:hr>
            <ns3:cad>93</ns3:cad>
          </ns3:TrackPointExtension>
        </extensions>
      </trkpt>
      <trkpt lat="41.243532411754131317138671875" lon="115.0938431359827518463134765625">
        <ele>1693.199951171875</ele>
        <time>2026-06-13T03:23:42.000Z</time>
        <extensions>
          <ns3:TrackPointExtension>
            <ns3:hr>118</ns3:hr>
            <ns3:cad>96</ns3:cad>
          </ns3:TrackPointExtension>
        </extensions>
      </trkpt>
      <trkpt lat="41.2435208447277545928955078125" lon="115.09387247264385223388671875">
        <ele>1693.199951171875</ele>
        <time>2026-06-13T03:23:43.000Z</time>
        <extensions>
          <ns3:TrackPointExtension>
            <ns3:hr>118</ns3:hr>
            <ns3:cad>97</ns3:cad>
          </ns3:TrackPointExtension>
        </extensions>
      </trkpt>
      <trkpt lat="41.243513636291027069091796875" lon="115.09390440769493579864501953125">
        <ele>1693.199951171875</ele>
        <time>2026-06-13T03:23:44.000Z</time>
        <extensions>
          <ns3:TrackPointExtension>
            <ns3:hr>119</ns3:hr>
            <ns3:cad>97</ns3:cad>
          </ns3:TrackPointExtension>
        </extensions>
      </trkpt>
      <trkpt lat="41.24350466765463352203369140625" lon="115.09393751621246337890625">
        <ele>1693.4000244140625</ele>
        <time>2026-06-13T03:23:45.000Z</time>
        <extensions>
          <ns3:TrackPointExtension>
            <ns3:hr>120</ns3:hr>
            <ns3:cad>96</ns3:cad>
          </ns3:TrackPointExtension>
        </extensions>
      </trkpt>
      <trkpt lat="41.2434946931898593902587890625" lon="115.09396207518875598907470703125">
        <ele>1693.5999755859375</ele>
        <time>2026-06-13T03:23:46.000Z</time>
        <extensions>
          <ns3:TrackPointExtension>
            <ns3:hr>121</ns3:hr>
            <ns3:cad>96</ns3:cad>
          </ns3:TrackPointExtension>
        </extensions>
      </trkpt>
      <trkpt lat="41.24348170123994350433349609375" lon="115.09399610571563243865966796875">
        <ele>1693.5999755859375</ele>
        <time>2026-06-13T03:23:47.000Z</time>
        <extensions>
          <ns3:TrackPointExtension>
            <ns3:hr>121</ns3:hr>
            <ns3:cad>96</ns3:cad>
          </ns3:TrackPointExtension>
        </extensions>
      </trkpt>
      <trkpt lat="41.24346812255680561065673828125" lon="115.094016306102275848388671875">
        <ele>1694</ele>
        <time>2026-06-13T03:23:48.000Z</time>
        <extensions>
          <ns3:TrackPointExtension>
            <ns3:hr>122</ns3:hr>
            <ns3:cad>96</ns3:cad>
          </ns3:TrackPointExtension>
        </extensions>
      </trkpt>
      <trkpt lat="41.24345923773944377899169921875" lon="115.0940493308007717132568359375">
        <ele>1694.199951171875</ele>
        <time>2026-06-13T03:23:49.000Z</time>
        <extensions>
          <ns3:TrackPointExtension>
            <ns3:hr>123</ns3:hr>
            <ns3:cad>96</ns3:cad>
          </ns3:TrackPointExtension>
        </extensions>
      </trkpt>
      <trkpt lat="41.24344901181757450103759765625" lon="115.09407238103449344635009765625">
        <ele>1694.5999755859375</ele>
        <time>2026-06-13T03:23:50.000Z</time>
        <extensions>
          <ns3:TrackPointExtension>
            <ns3:hr>123</ns3:hr>
            <ns3:cad>96</ns3:cad>
          </ns3:TrackPointExtension>
        </extensions>
      </trkpt>
      <trkpt lat="41.24343954026699066162109375" lon="115.09409937076270580291748046875">
        <ele>1695</ele>
        <time>2026-06-13T03:23:51.000Z</time>
        <extensions>
          <ns3:TrackPointExtension>
            <ns3:hr>125</ns3:hr>
            <ns3:cad>95</ns3:cad>
          </ns3:TrackPointExtension>
        </extensions>
      </trkpt>
      <trkpt lat="41.24343023635447025299072265625" lon="115.0941281206905841827392578125">
        <ele>1695.4000244140625</ele>
        <time>2026-06-13T03:23:52.000Z</time>
        <extensions>
          <ns3:TrackPointExtension>
            <ns3:hr>129</ns3:hr>
            <ns3:cad>94</ns3:cad>
          </ns3:TrackPointExtension>
        </extensions>
      </trkpt>
      <trkpt lat="41.243418753147125244140625" lon="115.09414563886821269989013671875">
        <ele>1695.5999755859375</ele>
        <time>2026-06-13T03:23:53.000Z</time>
        <extensions>
          <ns3:TrackPointExtension>
            <ns3:hr>133</ns3:hr>
            <ns3:cad>94</ns3:cad>
          </ns3:TrackPointExtension>
        </extensions>
      </trkpt>
      <trkpt lat="41.243406347930431365966796875" lon="115.0941770710051059722900390625">
        <ele>1696</ele>
        <time>2026-06-13T03:23:54.000Z</time>
        <extensions>
          <ns3:TrackPointExtension>
            <ns3:hr>140</ns3:hr>
            <ns3:cad>94</ns3:cad>
          </ns3:TrackPointExtension>
        </extensions>
      </trkpt>
      <trkpt lat="41.24339796602725982666015625" lon="115.0941955111920833587646484375">
        <ele>1696.199951171875</ele>
        <time>2026-06-13T03:23:55.000Z</time>
        <extensions>
          <ns3:TrackPointExtension>
            <ns3:hr>143</ns3:hr>
            <ns3:cad>94</ns3:cad>
          </ns3:TrackPointExtension>
        </extensions>
      </trkpt>
      <trkpt lat="41.24338732101023197174072265625" lon="115.0942307151854038238525390625">
        <ele>1696.5999755859375</ele>
        <time>2026-06-13T03:23:56.000Z</time>
        <extensions>
          <ns3:TrackPointExtension>
            <ns3:hr>145</ns3:hr>
            <ns3:cad>94</ns3:cad>
          </ns3:TrackPointExtension>
        </extensions>
      </trkpt>
      <trkpt lat="41.24337240122258663177490234375" lon="115.09425074793398380279541015625">
        <ele>1696.800048828125</ele>
        <time>2026-06-13T03:23:57.000Z</time>
        <extensions>
          <ns3:TrackPointExtension>
            <ns3:hr>145</ns3:hr>
            <ns3:cad>94</ns3:cad>
          </ns3:TrackPointExtension>
        </extensions>
      </trkpt>
      <trkpt lat="41.2433572299778461456298828125" lon="115.0942810066044330596923828125">
        <ele>1697.199951171875</ele>
        <time>2026-06-13T03:23:58.000Z</time>
        <extensions>
          <ns3:TrackPointExtension>
            <ns3:hr>145</ns3:hr>
            <ns3:cad>94</ns3:cad>
          </ns3:TrackPointExtension>
        </extensions>
      </trkpt>
      <trkpt lat="41.2433458305895328521728515625" lon="115.0943071581423282623291015625">
        <ele>1697.5999755859375</ele>
        <time>2026-06-13T03:23:59.000Z</time>
        <extensions>
          <ns3:TrackPointExtension>
            <ns3:hr>147</ns3:hr>
            <ns3:cad>94</ns3:cad>
          </ns3:TrackPointExtension>
        </extensions>
      </trkpt>
      <trkpt lat="41.24333434738218784332275390625" lon="115.09433238767087459564208984375">
        <ele>1697.800048828125</ele>
        <time>2026-06-13T03:24:00.000Z</time>
        <extensions>
          <ns3:TrackPointExtension>
            <ns3:hr>148</ns3:hr>
            <ns3:cad>93</ns3:cad>
          </ns3:TrackPointExtension>
        </extensions>
      </trkpt>
      <trkpt lat="41.24332286417484283447265625" lon="115.0943641550838947296142578125">
        <ele>1698</ele>
        <time>2026-06-13T03:24:01.000Z</time>
        <extensions>
          <ns3:TrackPointExtension>
            <ns3:hr>150</ns3:hr>
            <ns3:cad>93</ns3:cad>
          </ns3:TrackPointExtension>
        </extensions>
      </trkpt>
      <trkpt lat="41.243309788405895233154296875" lon="115.09438049979507923126220703125">
        <ele>1698.4000244140625</ele>
        <time>2026-06-13T03:24:02.000Z</time>
        <extensions>
          <ns3:TrackPointExtension>
            <ns3:hr>151</ns3:hr>
            <ns3:cad>93</ns3:cad>
          </ns3:TrackPointExtension>
        </extensions>
      </trkpt>
      <trkpt lat="41.24329696409404277801513671875" lon="115.09440799243748188018798828125">
        <ele>1698.5999755859375</ele>
        <time>2026-06-13T03:24:03.000Z</time>
        <extensions>
          <ns3:TrackPointExtension>
            <ns3:hr>153</ns3:hr>
            <ns3:cad>93</ns3:cad>
          </ns3:TrackPointExtension>
        </extensions>
      </trkpt>
      <trkpt lat="41.24328665435314178466796875" lon="115.09442509151995182037353515625">
        <ele>1698.800048828125</ele>
        <time>2026-06-13T03:24:04.000Z</time>
        <extensions>
          <ns3:TrackPointExtension>
            <ns3:hr>154</ns3:hr>
            <ns3:cad>93</ns3:cad>
          </ns3:TrackPointExtension>
        </extensions>
      </trkpt>
      <trkpt lat="41.2432777695357799530029296875" lon="115.09445912204682826995849609375">
        <ele>1699.199951171875</ele>
        <time>2026-06-13T03:24:05.000Z</time>
        <extensions>
          <ns3:TrackPointExtension>
            <ns3:hr>156</ns3:hr>
            <ns3:cad>93</ns3:cad>
          </ns3:TrackPointExtension>
        </extensions>
      </trkpt>
      <trkpt lat="41.243264861404895782470703125" lon="115.09448041208088397979736328125">
        <ele>1699.5999755859375</ele>
        <time>2026-06-13T03:24:06.000Z</time>
        <extensions>
          <ns3:TrackPointExtension>
            <ns3:hr>158</ns3:hr>
            <ns3:cad>95</ns3:cad>
          </ns3:TrackPointExtension>
        </extensions>
      </trkpt>
      <trkpt lat="41.24325237236917018890380859375" lon="115.0945076532661914825439453125">
        <ele>1700</ele>
        <time>2026-06-13T03:24:07.000Z</time>
        <extensions>
          <ns3:TrackPointExtension>
            <ns3:hr>159</ns3:hr>
            <ns3:cad>95</ns3:cad>
          </ns3:TrackPointExtension>
        </extensions>
      </trkpt>
      <trkpt lat="41.24324264936149120330810546875" lon="115.094533972442150115966796875">
        <ele>1700.199951171875</ele>
        <time>2026-06-13T03:24:08.000Z</time>
        <extensions>
          <ns3:TrackPointExtension>
            <ns3:hr>161</ns3:hr>
            <ns3:cad>95</ns3:cad>
          </ns3:TrackPointExtension>
        </extensions>
      </trkpt>
      <trkpt lat="41.24323074705898761749267578125" lon="115.0945522449910640716552734375">
        <ele>1700.4000244140625</ele>
        <time>2026-06-13T03:24:09.000Z</time>
        <extensions>
          <ns3:TrackPointExtension>
            <ns3:hr>163</ns3:hr>
            <ns3:cad>95</ns3:cad>
          </ns3:TrackPointExtension>
        </extensions>
      </trkpt>
      <trkpt lat="41.24322035349905490875244140625" lon="115.0945804081857204437255859375">
        <ele>1700.5999755859375</ele>
        <time>2026-06-13T03:24:10.000Z</time>
        <extensions>
          <ns3:TrackPointExtension>
            <ns3:hr>163</ns3:hr>
            <ns3:cad>95</ns3:cad>
          </ns3:TrackPointExtension>
        </extensions>
      </trkpt>
      <trkpt lat="41.24321029521524906158447265625" lon="115.09459893219172954559326171875">
        <ele>1700.800048828125</ele>
        <time>2026-06-13T03:24:11.000Z</time>
        <extensions>
          <ns3:TrackPointExtension>
            <ns3:hr>164</ns3:hr>
            <ns3:cad>93</ns3:cad>
          </ns3:TrackPointExtension>
        </extensions>
      </trkpt>
      <trkpt lat="41.24319839291274547576904296875" lon="115.0946293585002422332763671875">
        <ele>1701</ele>
        <time>2026-06-13T03:24:12.000Z</time>
        <extensions>
          <ns3:TrackPointExtension>
            <ns3:hr>166</ns3:hr>
            <ns3:cad>93</ns3:cad>
          </ns3:TrackPointExtension>
        </extensions>
      </trkpt>
      <trkpt lat="41.2431865744292736053466796875" lon="115.0946461223065853118896484375">
        <ele>1701.199951171875</ele>
        <time>2026-06-13T03:24:13.000Z</time>
        <extensions>
          <ns3:TrackPointExtension>
            <ns3:hr>167</ns3:hr>
            <ns3:cad>93</ns3:cad>
          </ns3:TrackPointExtension>
        </extensions>
      </trkpt>
      <trkpt lat="41.2431778572499752044677734375" lon="115.09468141011893749237060546875">
        <ele>1701.4000244140625</ele>
        <time>2026-06-13T03:24:14.000Z</time>
        <extensions>
          <ns3:TrackPointExtension>
            <ns3:hr>168</ns3:hr>
            <ns3:cad>93</ns3:cad>
          </ns3:TrackPointExtension>
        </extensions>
      </trkpt>
      <trkpt lat="41.24316637404263019561767578125" lon="115.09469834156334400177001953125">
        <ele>1701.800048828125</ele>
        <time>2026-06-13T03:24:15.000Z</time>
        <extensions>
          <ns3:TrackPointExtension>
            <ns3:hr>170</ns3:hr>
            <ns3:cad>93</ns3:cad>
          </ns3:TrackPointExtension>
        </extensions>
      </trkpt>
      <trkpt lat="41.24315966852009296417236328125" lon="115.09472901932895183563232421875">
        <ele>1702.199951171875</ele>
        <time>2026-06-13T03:24:16.000Z</time>
        <extensions>
          <ns3:TrackPointExtension>
            <ns3:hr>171</ns3:hr>
            <ns3:cad>93</ns3:cad>
          </ns3:TrackPointExtension>
        </extensions>
      </trkpt>
      <trkpt lat="41.24315028078854084014892578125" lon="115.094753913581371307373046875">
        <ele>1702.5999755859375</ele>
        <time>2026-06-13T03:24:17.000Z</time>
        <extensions>
          <ns3:TrackPointExtension>
            <ns3:hr>172</ns3:hr>
            <ns3:cad>93</ns3:cad>
          </ns3:TrackPointExtension>
        </extensions>
      </trkpt>
      <trkpt lat="41.24314206652343273162841796875" lon="115.09477771818637847900390625">
        <ele>1702.800048828125</ele>
        <time>2026-06-13T03:24:18.000Z</time>
        <extensions>
          <ns3:TrackPointExtension>
            <ns3:hr>173</ns3:hr>
            <ns3:cad>93</ns3:cad>
          </ns3:TrackPointExtension>
        </extensions>
      </trkpt>
      <trkpt lat="41.24313133768737316131591796875" lon="115.094806887209415435791015625">
        <ele>1703</ele>
        <time>2026-06-13T03:24:19.000Z</time>
        <extensions>
          <ns3:TrackPointExtension>
            <ns3:hr>173</ns3:hr>
            <ns3:cad>93</ns3:cad>
          </ns3:TrackPointExtension>
        </extensions>
      </trkpt>
      <trkpt lat="41.24312077648937702178955078125" lon="115.09482373483479022979736328125">
        <ele>1703.199951171875</ele>
        <time>2026-06-13T03:24:20.000Z</time>
        <extensions>
          <ns3:TrackPointExtension>
            <ns3:hr>173</ns3:hr>
            <ns3:cad>93</ns3:cad>
          </ns3:TrackPointExtension>
        </extensions>
      </trkpt>
      <trkpt lat="41.24311356805264949798583984375" lon="115.09486245922744274139404296875">
        <ele>1703.4000244140625</ele>
        <time>2026-06-13T03:24:21.000Z</time>
        <extensions>
          <ns3:TrackPointExtension>
            <ns3:hr>173</ns3:hr>
            <ns3:cad>94</ns3:cad>
          </ns3:TrackPointExtension>
        </extensions>
      </trkpt>
      <trkpt lat="41.2431040965020656585693359375" lon="115.094884000718593597412109375">
        <ele>1703.4000244140625</ele>
        <time>2026-06-13T03:24:22.000Z</time>
        <extensions>
          <ns3:TrackPointExtension>
            <ns3:hr>173</ns3:hr>
            <ns3:cad>94</ns3:cad>
          </ns3:TrackPointExtension>
        </extensions>
      </trkpt>
      <trkpt lat="41.24309479258954524993896484375" lon="115.09491878561675548553466796875">
        <ele>1703.4000244140625</ele>
        <time>2026-06-13T03:24:23.000Z</time>
        <extensions>
          <ns3:TrackPointExtension>
            <ns3:hr>173</ns3:hr>
            <ns3:cad>94</ns3:cad>
          </ns3:TrackPointExtension>
        </extensions>
      </trkpt>
      <trkpt lat="41.243088506162166595458984375" lon="115.09494191966950893402099609375">
        <ele>1703.4000244140625</ele>
        <time>2026-06-13T03:24:24.000Z</time>
        <extensions>
          <ns3:TrackPointExtension>
            <ns3:hr>173</ns3:hr>
            <ns3:cad>94</ns3:cad>
          </ns3:TrackPointExtension>
        </extensions>
      </trkpt>
      <trkpt lat="41.243082471191883087158203125" lon="115.09497083723545074462890625">
        <ele>1703.5999755859375</ele>
        <time>2026-06-13T03:24:25.000Z</time>
        <extensions>
          <ns3:TrackPointExtension>
            <ns3:hr>173</ns3:hr>
            <ns3:cad>93</ns3:cad>
          </ns3:TrackPointExtension>
        </extensions>
      </trkpt>
      <trkpt lat="41.24307811260223388671875" lon="115.09500243701040744781494140625">
        <ele>1703.5999755859375</ele>
        <time>2026-06-13T03:24:26.000Z</time>
        <extensions>
          <ns3:TrackPointExtension>
            <ns3:hr>173</ns3:hr>
            <ns3:cad>93</ns3:cad>
          </ns3:TrackPointExtension>
        </extensions>
      </trkpt>
      <trkpt lat="41.24307383783161640167236328125" lon="115.09502825327217578887939453125">
        <ele>1703.5999755859375</ele>
        <time>2026-06-13T03:24:27.000Z</time>
        <extensions>
          <ns3:TrackPointExtension>
            <ns3:hr>173</ns3:hr>
            <ns3:cad>92</ns3:cad>
          </ns3:TrackPointExtension>
        </extensions>
      </trkpt>
      <trkpt lat="41.24307484365999698638916015625" lon="115.095068402588367462158203125">
        <ele>1703.5999755859375</ele>
        <time>2026-06-13T03:24:28.000Z</time>
        <extensions>
          <ns3:TrackPointExtension>
            <ns3:hr>173</ns3:hr>
            <ns3:cad>94</ns3:cad>
          </ns3:TrackPointExtension>
        </extensions>
      </trkpt>
      <trkpt lat="41.2430685572326183319091796875" lon="115.09509631432592868804931640625">
        <ele>1703.4000244140625</ele>
        <time>2026-06-13T03:24:29.000Z</time>
        <extensions>
          <ns3:TrackPointExtension>
            <ns3:hr>173</ns3:hr>
            <ns3:cad>94</ns3:cad>
          </ns3:TrackPointExtension>
        </extensions>
      </trkpt>
      <trkpt lat="41.24306428246200084686279296875" lon="115.09513042867183685302734375">
        <ele>1703.4000244140625</ele>
        <time>2026-06-13T03:24:30.000Z</time>
        <extensions>
          <ns3:TrackPointExtension>
            <ns3:hr>173</ns3:hr>
            <ns3:cad>94</ns3:cad>
          </ns3:TrackPointExtension>
        </extensions>
      </trkpt>
      <trkpt lat="41.24306260608136653900146484375" lon="115.095162279903888702392578125">
        <ele>1703.4000244140625</ele>
        <time>2026-06-13T03:24:31.000Z</time>
        <extensions>
          <ns3:TrackPointExtension>
            <ns3:hr>173</ns3:hr>
            <ns3:cad>95</ns3:cad>
          </ns3:TrackPointExtension>
        </extensions>
      </trkpt>
      <trkpt lat="41.2430591695010662078857421875" lon="115.09518700651824474334716796875">
        <ele>1703.4000244140625</ele>
        <time>2026-06-13T03:24:32.000Z</time>
        <extensions>
          <ns3:TrackPointExtension>
            <ns3:hr>173</ns3:hr>
            <ns3:cad>95</ns3:cad>
          </ns3:TrackPointExtension>
        </extensions>
      </trkpt>
      <trkpt lat="41.24306109733879566192626953125" lon="115.0952288322150707244873046875">
        <ele>1703.4000244140625</ele>
        <time>2026-06-13T03:24:33.000Z</time>
        <extensions>
          <ns3:TrackPointExtension>
            <ns3:hr>173</ns3:hr>
            <ns3:cad>95</ns3:cad>
          </ns3:TrackPointExtension>
        </extensions>
      </trkpt>
      <trkpt lat="41.24305640347301959991455078125" lon="115.09525523521006107330322265625">
        <ele>1703.4000244140625</ele>
        <time>2026-06-13T03:24:34.000Z</time>
        <extensions>
          <ns3:TrackPointExtension>
            <ns3:hr>173</ns3:hr>
            <ns3:cad>95</ns3:cad>
          </ns3:TrackPointExtension>
        </extensions>
      </trkpt>
      <trkpt lat="41.24306160025298595428466796875" lon="115.0952921994030475616455078125">
        <ele>1703.199951171875</ele>
        <time>2026-06-13T03:24:35.000Z</time>
        <extensions>
          <ns3:TrackPointExtension>
            <ns3:hr>173</ns3:hr>
            <ns3:cad>95</ns3:cad>
          </ns3:TrackPointExtension>
        </extensions>
      </trkpt>
      <trkpt lat="41.2430641986429691314697265625" lon="115.0953220389783382415771484375">
        <ele>1703.199951171875</ele>
        <time>2026-06-13T03:24:36.000Z</time>
        <extensions>
          <ns3:TrackPointExtension>
            <ns3:hr>172</ns3:hr>
            <ns3:cad>95</ns3:cad>
          </ns3:TrackPointExtension>
        </extensions>
      </trkpt>
      <trkpt lat="41.24307115562260150909423828125" lon="115.0953538902103900909423828125">
        <ele>1703.199951171875</ele>
        <time>2026-06-13T03:24:37.000Z</time>
        <extensions>
          <ns3:TrackPointExtension>
            <ns3:hr>172</ns3:hr>
            <ns3:cad>95</ns3:cad>
          </ns3:TrackPointExtension>
        </extensions>
      </trkpt>
      <trkpt lat="41.243080794811248779296875" lon="115.0953894294798374176025390625">
        <ele>1703.199951171875</ele>
        <time>2026-06-13T03:24:38.000Z</time>
        <extensions>
          <ns3:TrackPointExtension>
            <ns3:hr>172</ns3:hr>
            <ns3:cad>96</ns3:cad>
          </ns3:TrackPointExtension>
        </extensions>
      </trkpt>
      <trkpt lat="41.24308171682059764862060546875" lon="115.095419101417064666748046875">
        <ele>1703.4000244140625</ele>
        <time>2026-06-13T03:24:39.000Z</time>
        <extensions>
          <ns3:TrackPointExtension>
            <ns3:hr>171</ns3:hr>
            <ns3:cad>96</ns3:cad>
          </ns3:TrackPointExtension>
        </extensions>
      </trkpt>
      <trkpt lat="41.24309085309505462646484375" lon="115.095455646514892578125">
        <ele>1703.4000244140625</ele>
        <time>2026-06-13T03:24:40.000Z</time>
        <extensions>
          <ns3:TrackPointExtension>
            <ns3:hr>171</ns3:hr>
            <ns3:cad>96</ns3:cad>
          </ns3:TrackPointExtension>
        </extensions>
      </trkpt>
      <trkpt lat="41.2430977262556552886962890625" lon="115.09548808448016643524169921875">
        <ele>1703.199951171875</ele>
        <time>2026-06-13T03:24:41.000Z</time>
        <extensions>
          <ns3:TrackPointExtension>
            <ns3:hr>169</ns3:hr>
            <ns3:cad>96</ns3:cad>
          </ns3:TrackPointExtension>
        </extensions>
      </trkpt>
      <trkpt lat="41.24310669489204883575439453125" lon="115.09552094154059886932373046875">
        <ele>1703.199951171875</ele>
        <time>2026-06-13T03:24:42.000Z</time>
        <extensions>
          <ns3:TrackPointExtension>
            <ns3:hr>169</ns3:hr>
            <ns3:cad>96</ns3:cad>
          </ns3:TrackPointExtension>
        </extensions>
      </trkpt>
      <trkpt lat="41.2431218661367893218994140625" lon="115.09555748663842678070068359375">
        <ele>1703</ele>
        <time>2026-06-13T03:24:43.000Z</time>
        <extensions>
          <ns3:TrackPointExtension>
            <ns3:hr>169</ns3:hr>
            <ns3:cad>96</ns3:cad>
          </ns3:TrackPointExtension>
        </extensions>
      </trkpt>
      <trkpt lat="41.24312949366867542266845703125" lon="115.0955865718424320220947265625">
        <ele>1702.800048828125</ele>
        <time>2026-06-13T03:24:44.000Z</time>
        <extensions>
          <ns3:TrackPointExtension>
            <ns3:hr>167</ns3:hr>
            <ns3:cad>96</ns3:cad>
          </ns3:TrackPointExtension>
        </extensions>
      </trkpt>
      <trkpt lat="41.2431453354656696319580078125" lon="115.09561984799802303314208984375">
        <ele>1702.800048828125</ele>
        <time>2026-06-13T03:24:45.000Z</time>
        <extensions>
          <ns3:TrackPointExtension>
            <ns3:hr>167</ns3:hr>
            <ns3:cad>95</ns3:cad>
          </ns3:TrackPointExtension>
        </extensions>
      </trkpt>
      <trkpt lat="41.24316721223294734954833984375" lon="115.09564801119267940521240234375">
        <ele>1702.800048828125</ele>
        <time>2026-06-13T03:24:46.000Z</time>
        <extensions>
          <ns3:TrackPointExtension>
            <ns3:hr>166</ns3:hr>
            <ns3:cad>96</ns3:cad>
          </ns3:TrackPointExtension>
        </extensions>
      </trkpt>
      <trkpt lat="41.24317894689738750457763671875" lon="115.09567491710186004638671875">
        <ele>1702.800048828125</ele>
        <time>2026-06-13T03:24:47.000Z</time>
        <extensions>
          <ns3:TrackPointExtension>
            <ns3:hr>165</ns3:hr>
            <ns3:cad>97</ns3:cad>
          </ns3:TrackPointExtension>
        </extensions>
      </trkpt>
      <trkpt lat="41.24320258386433124542236328125" lon="115.0957039184868335723876953125">
        <ele>1702.800048828125</ele>
        <time>2026-06-13T03:24:48.000Z</time>
        <extensions>
          <ns3:TrackPointExtension>
            <ns3:hr>165</ns3:hr>
            <ns3:cad>97</ns3:cad>
          </ns3:TrackPointExtension>
        </extensions>
      </trkpt>
      <trkpt lat="41.2432224489748477935791015625" lon="115.095728226006031036376953125">
        <ele>1702.800048828125</ele>
        <time>2026-06-13T03:24:49.000Z</time>
        <extensions>
          <ns3:TrackPointExtension>
            <ns3:hr>165</ns3:hr>
            <ns3:cad>97</ns3:cad>
          </ns3:TrackPointExtension>
        </extensions>
      </trkpt>
      <trkpt lat="41.2432388775050640106201171875" lon="115.0957562215626239776611328125">
        <ele>1702.800048828125</ele>
        <time>2026-06-13T03:24:50.000Z</time>
        <extensions>
          <ns3:TrackPointExtension>
            <ns3:hr>164</ns3:hr>
            <ns3:cad>97</ns3:cad>
          </ns3:TrackPointExtension>
        </extensions>
      </trkpt>
      <trkpt lat="41.24326745979487895965576171875" lon="115.09578295983374118804931640625">
        <ele>1702.800048828125</ele>
        <time>2026-06-13T03:24:51.000Z</time>
        <extensions>
          <ns3:TrackPointExtension>
            <ns3:hr>164</ns3:hr>
            <ns3:cad>97</ns3:cad>
          </ns3:TrackPointExtension>
        </extensions>
      </trkpt>
      <trkpt lat="41.243284642696380615234375" lon="115.0958051718771457672119140625">
        <ele>1702.800048828125</ele>
        <time>2026-06-13T03:24:52.000Z</time>
        <extensions>
          <ns3:TrackPointExtension>
            <ns3:hr>164</ns3:hr>
            <ns3:cad>96</ns3:cad>
          </ns3:TrackPointExtension>
        </extensions>
      </trkpt>
      <trkpt lat="41.24330886639654636383056640625" lon="115.09582721628248691558837890625">
        <ele>1702.800048828125</ele>
        <time>2026-06-13T03:24:53.000Z</time>
        <extensions>
          <ns3:TrackPointExtension>
            <ns3:hr>163</ns3:hr>
            <ns3:cad>96</ns3:cad>
          </ns3:TrackPointExtension>
        </extensions>
      </trkpt>
      <trkpt lat="41.24333485029637813568115234375" lon="115.0958480872213840484619140625">
        <ele>1702.800048828125</ele>
        <time>2026-06-13T03:24:54.000Z</time>
        <extensions>
          <ns3:TrackPointExtension>
            <ns3:hr>163</ns3:hr>
            <ns3:cad>97</ns3:cad>
          </ns3:TrackPointExtension>
        </extensions>
      </trkpt>
      <trkpt lat="41.2433532066643238067626953125" lon="115.0958641804754734039306640625">
        <ele>1702.800048828125</ele>
        <time>2026-06-13T03:24:55.000Z</time>
        <extensions>
          <ns3:TrackPointExtension>
            <ns3:hr>163</ns3:hr>
            <ns3:cad>97</ns3:cad>
          </ns3:TrackPointExtension>
        </extensions>
      </trkpt>
      <trkpt lat="41.2433823756873607635498046875" lon="115.09588278830051422119140625">
        <ele>1702.800048828125</ele>
        <time>2026-06-13T03:24:56.000Z</time>
        <extensions>
          <ns3:TrackPointExtension>
            <ns3:hr>162</ns3:hr>
            <ns3:cad>96</ns3:cad>
          </ns3:TrackPointExtension>
        </extensions>
      </trkpt>
      <trkpt lat="41.24340039677917957305908203125" lon="115.095900557935237884521484375">
        <ele>1703</ele>
        <time>2026-06-13T03:24:57.000Z</time>
        <extensions>
          <ns3:TrackPointExtension>
            <ns3:hr>162</ns3:hr>
            <ns3:cad>96</ns3:cad>
          </ns3:TrackPointExtension>
        </extensions>
      </trkpt>
      <trkpt lat="41.2434229440987110137939453125" lon="115.09591639973223209381103515625">
        <ele>1703.199951171875</ele>
        <time>2026-06-13T03:24:58.000Z</time>
        <extensions>
          <ns3:TrackPointExtension>
            <ns3:hr>162</ns3:hr>
            <ns3:cad>96</ns3:cad>
          </ns3:TrackPointExtension>
        </extensions>
      </trkpt>
      <trkpt lat="41.2434511072933673858642578125" lon="115.09593517519533634185791015625">
        <ele>1703.199951171875</ele>
        <time>2026-06-13T03:24:59.000Z</time>
        <extensions>
          <ns3:TrackPointExtension>
            <ns3:hr>162</ns3:hr>
            <ns3:cad>96</ns3:cad>
          </ns3:TrackPointExtension>
        </extensions>
      </trkpt>
      <trkpt lat="41.24347197823226451873779296875" lon="115.09594975970685482025146484375">
        <ele>1703.199951171875</ele>
        <time>2026-06-13T03:25:00.000Z</time>
        <extensions>
          <ns3:TrackPointExtension>
            <ns3:hr>162</ns3:hr>
            <ns3:cad>97</ns3:cad>
          </ns3:TrackPointExtension>
        </extensions>
      </trkpt>
      <trkpt lat="41.24350064434111118316650390625" lon="115.0959650985896587371826171875">
        <ele>1703.199951171875</ele>
        <time>2026-06-13T03:25:01.000Z</time>
        <extensions>
          <ns3:TrackPointExtension>
            <ns3:hr>162</ns3:hr>
            <ns3:cad>97</ns3:cad>
          </ns3:TrackPointExtension>
        </extensions>
      </trkpt>
      <trkpt lat="41.24352394603192806243896484375" lon="115.0959835387766361236572265625">
        <ele>1703.199951171875</ele>
        <time>2026-06-13T03:25:02.000Z</time>
        <extensions>
          <ns3:TrackPointExtension>
            <ns3:hr>161</ns3:hr>
            <ns3:cad>96</ns3:cad>
          </ns3:TrackPointExtension>
        </extensions>
      </trkpt>
      <trkpt lat="41.24354557134211063385009765625" lon="115.0959996320307254791259765625">
        <ele>1703.199951171875</ele>
        <time>2026-06-13T03:25:03.000Z</time>
        <extensions>
          <ns3:TrackPointExtension>
            <ns3:hr>161</ns3:hr>
            <ns3:cad>96</ns3:cad>
          </ns3:TrackPointExtension>
        </extensions>
      </trkpt>
      <trkpt lat="41.24357608146965503692626953125" lon="115.096011869609355926513671875">
        <ele>1703.199951171875</ele>
        <time>2026-06-13T03:25:04.000Z</time>
        <extensions>
          <ns3:TrackPointExtension>
            <ns3:hr>161</ns3:hr>
            <ns3:cad>96</ns3:cad>
          </ns3:TrackPointExtension>
        </extensions>
      </trkpt>
      <trkpt lat="41.2435996346175670623779296875" lon="115.09602569974958896636962890625">
        <ele>1703.199951171875</ele>
        <time>2026-06-13T03:25:05.000Z</time>
        <extensions>
          <ns3:TrackPointExtension>
            <ns3:hr>161</ns3:hr>
            <ns3:cad>97</ns3:cad>
          </ns3:TrackPointExtension>
        </extensions>
      </trkpt>
      <trkpt lat="41.24362670816481113433837890625" lon="115.0960363447666168212890625">
        <ele>1703.199951171875</ele>
        <time>2026-06-13T03:25:06.000Z</time>
        <extensions>
          <ns3:TrackPointExtension>
            <ns3:hr>161</ns3:hr>
            <ns3:cad>97</ns3:cad>
          </ns3:TrackPointExtension>
        </extensions>
      </trkpt>
      <trkpt lat="41.2436534464359283447265625" lon="115.0960497558116912841796875">
        <ele>1703.199951171875</ele>
        <time>2026-06-13T03:25:07.000Z</time>
        <extensions>
          <ns3:TrackPointExtension>
            <ns3:hr>161</ns3:hr>
            <ns3:cad>97</ns3:cad>
          </ns3:TrackPointExtension>
        </extensions>
      </trkpt>
      <trkpt lat="41.24367683194577693939208984375" lon="115.0960633344948291778564453125">
        <ele>1703.199951171875</ele>
        <time>2026-06-13T03:25:08.000Z</time>
        <extensions>
          <ns3:TrackPointExtension>
            <ns3:hr>161</ns3:hr>
            <ns3:cad>97</ns3:cad>
          </ns3:TrackPointExtension>
        </extensions>
      </trkpt>
      <trkpt lat="41.24370801262557506561279296875" lon="115.0960713811218738555908203125">
        <ele>1703.199951171875</ele>
        <time>2026-06-13T03:25:09.000Z</time>
        <extensions>
          <ns3:TrackPointExtension>
            <ns3:hr>160</ns3:hr>
            <ns3:cad>98</ns3:cad>
          </ns3:TrackPointExtension>
        </extensions>
      </trkpt>
      <trkpt lat="41.24373148195445537567138671875" lon="115.096083618700504302978515625">
        <ele>1703.199951171875</ele>
        <time>2026-06-13T03:25:10.000Z</time>
        <extensions>
          <ns3:TrackPointExtension>
            <ns3:hr>161</ns3:hr>
            <ns3:cad>97</ns3:cad>
          </ns3:TrackPointExtension>
        </extensions>
      </trkpt>
      <trkpt lat="41.24375478364527225494384765625" lon="115.09609493426978588104248046875">
        <ele>1703</ele>
        <time>2026-06-13T03:25:11.000Z</time>
        <extensions>
          <ns3:TrackPointExtension>
            <ns3:hr>161</ns3:hr>
            <ns3:cad>98</ns3:cad>
          </ns3:TrackPointExtension>
        </extensions>
      </trkpt>
      <trkpt lat="41.24378629960119724273681640625" lon="115.0961039029061794281005859375">
        <ele>1703</ele>
        <time>2026-06-13T03:25:12.000Z</time>
        <extensions>
          <ns3:TrackPointExtension>
            <ns3:hr>160</ns3:hr>
            <ns3:cad>98</ns3:cad>
          </ns3:TrackPointExtension>
        </extensions>
      </trkpt>
      <trkpt lat="41.2438063323497772216796875" lon="115.09611689485609531402587890625">
        <ele>1703</ele>
        <time>2026-06-13T03:25:13.000Z</time>
        <extensions>
          <ns3:TrackPointExtension>
            <ns3:hr>161</ns3:hr>
            <ns3:cad>98</ns3:cad>
          </ns3:TrackPointExtension>
        </extensions>
      </trkpt>
      <trkpt lat="41.24383575282990932464599609375" lon="115.09612619876861572265625">
        <ele>1703</ele>
        <time>2026-06-13T03:25:14.000Z</time>
        <extensions>
          <ns3:TrackPointExtension>
            <ns3:hr>161</ns3:hr>
            <ns3:cad>98</ns3:cad>
          </ns3:TrackPointExtension>
        </extensions>
      </trkpt>
      <trkpt lat="41.2438577972352504730224609375" lon="115.0961381010711193084716796875">
        <ele>1703</ele>
        <time>2026-06-13T03:25:15.000Z</time>
        <extensions>
          <ns3:TrackPointExtension>
            <ns3:hr>160</ns3:hr>
            <ns3:cad>98</ns3:cad>
          </ns3:TrackPointExtension>
        </extensions>
      </trkpt>
      <trkpt lat="41.243882440030574798583984375" lon="115.09615008719265460968017578125">
        <ele>1703</ele>
        <time>2026-06-13T03:25:16.000Z</time>
        <extensions>
          <ns3:TrackPointExtension>
            <ns3:hr>161</ns3:hr>
            <ns3:cad>97</ns3:cad>
          </ns3:TrackPointExtension>
        </extensions>
      </trkpt>
      <trkpt lat="41.243909932672977447509765625" lon="115.096161067485809326171875">
        <ele>1703</ele>
        <time>2026-06-13T03:25:17.000Z</time>
        <extensions>
          <ns3:TrackPointExtension>
            <ns3:hr>160</ns3:hr>
            <ns3:cad>97</ns3:cad>
          </ns3:TrackPointExtension>
        </extensions>
      </trkpt>
      <trkpt lat="41.2439312227070331573486328125" lon="115.09617380797863006591796875">
        <ele>1702.800048828125</ele>
        <time>2026-06-13T03:25:18.000Z</time>
        <extensions>
          <ns3:TrackPointExtension>
            <ns3:hr>160</ns3:hr>
            <ns3:cad>97</ns3:cad>
          </ns3:TrackPointExtension>
        </extensions>
      </trkpt>
      <trkpt lat="41.2439580447971820831298828125" lon="115.096185207366943359375">
        <ele>1702.800048828125</ele>
        <time>2026-06-13T03:25:19.000Z</time>
        <extensions>
          <ns3:TrackPointExtension>
            <ns3:hr>161</ns3:hr>
            <ns3:cad>97</ns3:cad>
          </ns3:TrackPointExtension>
        </extensions>
      </trkpt>
      <trkpt lat="41.24398713000118732452392578125" lon="115.09619769640266895294189453125">
        <ele>1702.800048828125</ele>
        <time>2026-06-13T03:25:20.000Z</time>
        <extensions>
          <ns3:TrackPointExtension>
            <ns3:hr>160</ns3:hr>
            <ns3:cad>97</ns3:cad>
          </ns3:TrackPointExtension>
        </extensions>
      </trkpt>
      <trkpt lat="41.2440076656639575958251953125" lon="115.0962081737816333770751953125">
        <ele>1702.5999755859375</ele>
        <time>2026-06-13T03:25:21.000Z</time>
        <extensions>
          <ns3:TrackPointExtension>
            <ns3:hr>160</ns3:hr>
            <ns3:cad>97</ns3:cad>
          </ns3:TrackPointExtension>
        </extensions>
      </trkpt>
      <trkpt lat="41.24403742142021656036376953125" lon="115.0962212495505809783935546875">
        <ele>1702.5999755859375</ele>
        <time>2026-06-13T03:25:22.000Z</time>
        <extensions>
          <ns3:TrackPointExtension>
            <ns3:hr>160</ns3:hr>
            <ns3:cad>97</ns3:cad>
          </ns3:TrackPointExtension>
        </extensions>
      </trkpt>
      <trkpt lat="41.2440616451203823089599609375" lon="115.09623415768146514892578125">
        <ele>1702.5999755859375</ele>
        <time>2026-06-13T03:25:23.000Z</time>
        <extensions>
          <ns3:TrackPointExtension>
            <ns3:hr>161</ns3:hr>
            <ns3:cad>98</ns3:cad>
          </ns3:TrackPointExtension>
        </extensions>
      </trkpt>
      <trkpt lat="41.24408771283924579620361328125" lon="115.09624429978430271148681640625">
        <ele>1702.5999755859375</ele>
        <time>2026-06-13T03:25:24.000Z</time>
        <extensions>
          <ns3:TrackPointExtension>
            <ns3:hr>160</ns3:hr>
            <ns3:cad>98</ns3:cad>
          </ns3:TrackPointExtension>
        </extensions>
      </trkpt>
      <trkpt lat="41.244118474423885345458984375" lon="115.0962534360587596893310546875">
        <ele>1702.5999755859375</ele>
        <time>2026-06-13T03:25:25.000Z</time>
        <extensions>
          <ns3:TrackPointExtension>
            <ns3:hr>160</ns3:hr>
            <ns3:cad>98</ns3:cad>
          </ns3:TrackPointExtension>
        </extensions>
      </trkpt>
      <trkpt lat="41.2441424466669559478759765625" lon="115.09626609273254871368408203125">
        <ele>1702.5999755859375</ele>
        <time>2026-06-13T03:25:26.000Z</time>
        <extensions>
          <ns3:TrackPointExtension>
            <ns3:hr>161</ns3:hr>
            <ns3:cad>98</ns3:cad>
          </ns3:TrackPointExtension>
        </extensions>
      </trkpt>
      <trkpt lat="41.24416776001453399658203125" lon="115.0962769053876399993896484375">
        <ele>1702.800048828125</ele>
        <time>2026-06-13T03:25:27.000Z</time>
        <extensions>
          <ns3:TrackPointExtension>
            <ns3:hr>161</ns3:hr>
            <ns3:cad>98</ns3:cad>
          </ns3:TrackPointExtension>
        </extensions>
      </trkpt>
      <trkpt lat="41.24419868923723697662353515625" lon="115.09628755040466785430908203125">
        <ele>1702.800048828125</ele>
        <time>2026-06-13T03:25:28.000Z</time>
        <extensions>
          <ns3:TrackPointExtension>
            <ns3:hr>161</ns3:hr>
            <ns3:cad>97</ns3:cad>
          </ns3:TrackPointExtension>
        </extensions>
      </trkpt>
      <trkpt lat="41.24422081746160984039306640625" lon="115.096298865973949432373046875">
        <ele>1702.800048828125</ele>
        <time>2026-06-13T03:25:29.000Z</time>
        <extensions>
          <ns3:TrackPointExtension>
            <ns3:hr>160</ns3:hr>
            <ns3:cad>98</ns3:cad>
          </ns3:TrackPointExtension>
        </extensions>
      </trkpt>
      <trkpt lat="41.24425149522721767425537109375" lon="115.09630833752453327178955078125">
        <ele>1702.800048828125</ele>
        <time>2026-06-13T03:25:30.000Z</time>
        <extensions>
          <ns3:TrackPointExtension>
            <ns3:hr>161</ns3:hr>
            <ns3:cad>98</ns3:cad>
          </ns3:TrackPointExtension>
        </extensions>
      </trkpt>
      <trkpt lat="41.24427882023155689239501953125" lon="115.096319653093814849853515625">
        <ele>1702.800048828125</ele>
        <time>2026-06-13T03:25:31.000Z</time>
        <extensions>
          <ns3:TrackPointExtension>
            <ns3:hr>161</ns3:hr>
            <ns3:cad>99</ns3:cad>
          </ns3:TrackPointExtension>
        </extensions>
      </trkpt>
      <trkpt lat="41.2443052232265472412109375" lon="115.09633180685341358184814453125">
        <ele>1702.800048828125</ele>
        <time>2026-06-13T03:25:32.000Z</time>
        <extensions>
          <ns3:TrackPointExtension>
            <ns3:hr>160</ns3:hr>
            <ns3:cad>99</ns3:cad>
          </ns3:TrackPointExtension>
        </extensions>
      </trkpt>
      <trkpt lat="41.24433766119182109832763671875" lon="115.09634186513721942901611328125">
        <ele>1702.800048828125</ele>
        <time>2026-06-13T03:25:33.000Z</time>
        <extensions>
          <ns3:TrackPointExtension>
            <ns3:hr>161</ns3:hr>
            <ns3:cad>99</ns3:cad>
          </ns3:TrackPointExtension>
        </extensions>
      </trkpt>
      <trkpt lat="41.244364567101001739501953125" lon="115.0963510014116764068603515625">
        <ele>1702.800048828125</ele>
        <time>2026-06-13T03:25:34.000Z</time>
        <extensions>
          <ns3:TrackPointExtension>
            <ns3:hr>161</ns3:hr>
            <ns3:cad>98</ns3:cad>
          </ns3:TrackPointExtension>
        </extensions>
      </trkpt>
      <trkpt lat="41.24439080245792865753173828125" lon="115.09636064060032367706298828125">
        <ele>1702.800048828125</ele>
        <time>2026-06-13T03:25:35.000Z</time>
        <extensions>
          <ns3:TrackPointExtension>
            <ns3:hr>160</ns3:hr>
            <ns3:cad>97</ns3:cad>
          </ns3:TrackPointExtension>
        </extensions>
      </trkpt>
      <trkpt lat="41.2444250844419002532958984375" lon="115.0963734649121761322021484375">
        <ele>1702.800048828125</ele>
        <time>2026-06-13T03:25:36.000Z</time>
        <extensions>
          <ns3:TrackPointExtension>
            <ns3:hr>160</ns3:hr>
            <ns3:cad>96</ns3:cad>
          </ns3:TrackPointExtension>
        </extensions>
      </trkpt>
      <trkpt lat="41.24444612301886081695556640625" lon="115.09638662450015544891357421875">
        <ele>1702.800048828125</ele>
        <time>2026-06-13T03:25:37.000Z</time>
        <extensions>
          <ns3:TrackPointExtension>
            <ns3:hr>160</ns3:hr>
            <ns3:cad>98</ns3:cad>
          </ns3:TrackPointExtension>
        </extensions>
      </trkpt>
      <trkpt lat="41.2444747053086757659912109375" lon="115.09639777243137359619140625">
        <ele>1702.800048828125</ele>
        <time>2026-06-13T03:25:38.000Z</time>
        <extensions>
          <ns3:TrackPointExtension>
            <ns3:hr>161</ns3:hr>
            <ns3:cad>98</ns3:cad>
          </ns3:TrackPointExtension>
        </extensions>
      </trkpt>
      <trkpt lat="41.24450596980750560760498046875" lon="115.0964046455919742584228515625">
        <ele>1702.800048828125</ele>
        <time>2026-06-13T03:25:39.000Z</time>
        <extensions>
          <ns3:TrackPointExtension>
            <ns3:hr>161</ns3:hr>
            <ns3:cad>98</ns3:cad>
          </ns3:TrackPointExtension>
        </extensions>
      </trkpt>
      <trkpt lat="41.2445273436605930328369140625" lon="115.09641763754189014434814453125">
        <ele>1702.800048828125</ele>
        <time>2026-06-13T03:25:40.000Z</time>
        <extensions>
          <ns3:TrackPointExtension>
            <ns3:hr>161</ns3:hr>
            <ns3:cad>98</ns3:cad>
          </ns3:TrackPointExtension>
        </extensions>
      </trkpt>
      <trkpt lat="41.24455668032169342041015625" lon="115.09642551653087139129638671875">
        <ele>1703</ele>
        <time>2026-06-13T03:25:41.000Z</time>
        <extensions>
          <ns3:TrackPointExtension>
            <ns3:hr>160</ns3:hr>
            <ns3:cad>98</ns3:cad>
          </ns3:TrackPointExtension>
        </extensions>
      </trkpt>
      <trkpt lat="41.244587861001491546630859375" lon="115.09643238969147205352783203125">
        <ele>1703.199951171875</ele>
        <time>2026-06-13T03:25:42.000Z</time>
        <extensions>
          <ns3:TrackPointExtension>
            <ns3:hr>161</ns3:hr>
            <ns3:cad>97</ns3:cad>
          </ns3:TrackPointExtension>
        </extensions>
      </trkpt>
      <trkpt lat="41.244613341987133026123046875" lon="115.0964385084807872772216796875">
        <ele>1703.199951171875</ele>
        <time>2026-06-13T03:25:43.000Z</time>
        <extensions>
          <ns3:TrackPointExtension>
            <ns3:hr>160</ns3:hr>
            <ns3:cad>97</ns3:cad>
          </ns3:TrackPointExtension>
        </extensions>
      </trkpt>
      <trkpt lat="41.24464862979948520660400390625" lon="115.09644412435591220855712890625">
        <ele>1703.199951171875</ele>
        <time>2026-06-13T03:25:44.000Z</time>
        <extensions>
          <ns3:TrackPointExtension>
            <ns3:hr>160</ns3:hr>
            <ns3:cad>98</ns3:cad>
          </ns3:TrackPointExtension>
        </extensions>
      </trkpt>
      <trkpt lat="41.24467276968061923980712890625" lon="115.0964552722871303558349609375">
        <ele>1703.199951171875</ele>
        <time>2026-06-13T03:25:45.000Z</time>
        <extensions>
          <ns3:TrackPointExtension>
            <ns3:hr>160</ns3:hr>
            <ns3:cad>98</ns3:cad>
          </ns3:TrackPointExtension>
        </extensions>
      </trkpt>
      <trkpt lat="41.24469657428562641143798828125" lon="115.09646206162869930267333984375">
        <ele>1703.199951171875</ele>
        <time>2026-06-13T03:25:46.000Z</time>
        <extensions>
          <ns3:TrackPointExtension>
            <ns3:hr>161</ns3:hr>
            <ns3:cad>98</ns3:cad>
          </ns3:TrackPointExtension>
        </extensions>
      </trkpt>
      <trkpt lat="41.2447236478328704833984375" lon="115.0964681804180145263671875">
        <ele>1703.199951171875</ele>
        <time>2026-06-13T03:25:47.000Z</time>
        <extensions>
          <ns3:TrackPointExtension>
            <ns3:hr>161</ns3:hr>
            <ns3:cad>97</ns3:cad>
          </ns3:TrackPointExtension>
        </extensions>
      </trkpt>
      <trkpt lat="41.2447451055049896240234375" lon="115.096478573977947235107421875">
        <ele>1703.199951171875</ele>
        <time>2026-06-13T03:25:48.000Z</time>
        <extensions>
          <ns3:TrackPointExtension>
            <ns3:hr>160</ns3:hr>
            <ns3:cad>97</ns3:cad>
          </ns3:TrackPointExtension>
        </extensions>
      </trkpt>
      <trkpt lat="41.24477720819413661956787109375" lon="115.0964837707579135894775390625">
        <ele>1703</ele>
        <time>2026-06-13T03:25:49.000Z</time>
        <extensions>
          <ns3:TrackPointExtension>
            <ns3:hr>160</ns3:hr>
            <ns3:cad>97</ns3:cad>
          </ns3:TrackPointExtension>
        </extensions>
      </trkpt>
      <trkpt lat="41.24480654485523700714111328125" lon="115.096494667232036590576171875">
        <ele>1703</ele>
        <time>2026-06-13T03:25:50.000Z</time>
        <extensions>
          <ns3:TrackPointExtension>
            <ns3:hr>160</ns3:hr>
            <ns3:cad>97</ns3:cad>
          </ns3:TrackPointExtension>
        </extensions>
      </trkpt>
      <trkpt lat="41.244831271469593048095703125" lon="115.09650397114455699920654296875">
        <ele>1702.800048828125</ele>
        <time>2026-06-13T03:25:51.000Z</time>
        <extensions>
          <ns3:TrackPointExtension>
            <ns3:hr>160</ns3:hr>
            <ns3:cad>97</ns3:cad>
          </ns3:TrackPointExtension>
        </extensions>
      </trkpt>
      <trkpt lat="41.24486857093870639801025390625" lon="115.09651553817093372344970703125">
        <ele>1702.800048828125</ele>
        <time>2026-06-13T03:25:52.000Z</time>
        <extensions>
          <ns3:TrackPointExtension>
            <ns3:hr>160</ns3:hr>
            <ns3:cad>97</ns3:cad>
          </ns3:TrackPointExtension>
        </extensions>
      </trkpt>
      <trkpt lat="41.24489463865756988525390625" lon="115.096531212329864501953125">
        <ele>1702.5999755859375</ele>
        <time>2026-06-13T03:25:53.000Z</time>
        <extensions>
          <ns3:TrackPointExtension>
            <ns3:hr>159</ns3:hr>
            <ns3:cad>96</ns3:cad>
          </ns3:TrackPointExtension>
        </extensions>
      </trkpt>
      <trkpt lat="41.24492238275706768035888671875" lon="115.0965387560427188873291015625">
        <ele>1702.5999755859375</ele>
        <time>2026-06-13T03:25:54.000Z</time>
        <extensions>
          <ns3:TrackPointExtension>
            <ns3:hr>159</ns3:hr>
            <ns3:cad>96</ns3:cad>
          </ns3:TrackPointExtension>
        </extensions>
      </trkpt>
      <trkpt lat="41.2449564971029758453369140625" lon="115.09655208326876163482666015625">
        <ele>1702.4000244140625</ele>
        <time>2026-06-13T03:25:55.000Z</time>
        <extensions>
          <ns3:TrackPointExtension>
            <ns3:hr>158</ns3:hr>
            <ns3:cad>98</ns3:cad>
          </ns3:TrackPointExtension>
        </extensions>
      </trkpt>
      <trkpt lat="41.2449782900512218475341796875" lon="115.0965659134089946746826171875">
        <ele>1702.4000244140625</ele>
        <time>2026-06-13T03:25:56.000Z</time>
        <extensions>
          <ns3:TrackPointExtension>
            <ns3:hr>158</ns3:hr>
            <ns3:cad>98</ns3:cad>
          </ns3:TrackPointExtension>
        </extensions>
      </trkpt>
      <trkpt lat="41.24500930309295654296875" lon="115.09658024646341800689697265625">
        <ele>1702.199951171875</ele>
        <time>2026-06-13T03:25:57.000Z</time>
        <extensions>
          <ns3:TrackPointExtension>
            <ns3:hr>158</ns3:hr>
            <ns3:cad>98</ns3:cad>
          </ns3:TrackPointExtension>
        </extensions>
      </trkpt>
      <trkpt lat="41.24503671191632747650146484375" lon="115.09659399278461933135986328125">
        <ele>1702.199951171875</ele>
        <time>2026-06-13T03:25:58.000Z</time>
        <extensions>
          <ns3:TrackPointExtension>
            <ns3:hr>158</ns3:hr>
            <ns3:cad>98</ns3:cad>
          </ns3:TrackPointExtension>
        </extensions>
      </trkpt>
      <trkpt lat="41.24505850486457347869873046875" lon="115.09660790674388408660888671875">
        <ele>1702.199951171875</ele>
        <time>2026-06-13T03:25:59.000Z</time>
        <extensions>
          <ns3:TrackPointExtension>
            <ns3:hr>158</ns3:hr>
            <ns3:cad>98</ns3:cad>
          </ns3:TrackPointExtension>
        </extensions>
      </trkpt>
      <trkpt lat="41.2450916133821010589599609375" lon="115.0966302864253520965576171875">
        <ele>1702</ele>
        <time>2026-06-13T03:26:00.000Z</time>
        <extensions>
          <ns3:TrackPointExtension>
            <ns3:hr>158</ns3:hr>
            <ns3:cad>97</ns3:cad>
          </ns3:TrackPointExtension>
        </extensions>
      </trkpt>
      <trkpt lat="41.2451120652258396148681640625" lon="115.09664897806942462921142578125">
        <ele>1702</ele>
        <time>2026-06-13T03:26:01.000Z</time>
        <extensions>
          <ns3:TrackPointExtension>
            <ns3:hr>158</ns3:hr>
            <ns3:cad>97</ns3:cad>
          </ns3:TrackPointExtension>
        </extensions>
      </trkpt>
      <trkpt lat="41.24513561837375164031982421875" lon="115.096662975847721099853515625">
        <ele>1702</ele>
        <time>2026-06-13T03:26:02.000Z</time>
        <extensions>
          <ns3:TrackPointExtension>
            <ns3:hr>157</ns3:hr>
            <ns3:cad>98</ns3:cad>
          </ns3:TrackPointExtension>
        </extensions>
      </trkpt>
      <trkpt lat="41.24516629613935947418212890625" lon="115.096679739654064178466796875">
        <ele>1702</ele>
        <time>2026-06-13T03:26:03.000Z</time>
        <extensions>
          <ns3:TrackPointExtension>
            <ns3:hr>158</ns3:hr>
            <ns3:cad>98</ns3:cad>
          </ns3:TrackPointExtension>
        </extensions>
      </trkpt>
      <trkpt lat="41.2451864965260028839111328125" lon="115.09669574908912181854248046875">
        <ele>1702</ele>
        <time>2026-06-13T03:26:04.000Z</time>
        <extensions>
          <ns3:TrackPointExtension>
            <ns3:hr>157</ns3:hr>
            <ns3:cad>98</ns3:cad>
          </ns3:TrackPointExtension>
        </extensions>
      </trkpt>
      <trkpt lat="41.24521357007324695587158203125" lon="115.09671217761933803558349609375">
        <ele>1702</ele>
        <time>2026-06-13T03:26:05.000Z</time>
        <extensions>
          <ns3:TrackPointExtension>
            <ns3:hr>157</ns3:hr>
            <ns3:cad>98</ns3:cad>
          </ns3:TrackPointExtension>
        </extensions>
      </trkpt>
      <trkpt lat="41.245240308344364166259765625" lon="115.0967323780059814453125">
        <ele>1702</ele>
        <time>2026-06-13T03:26:06.000Z</time>
        <extensions>
          <ns3:TrackPointExtension>
            <ns3:hr>157</ns3:hr>
            <ns3:cad>98</ns3:cad>
          </ns3:TrackPointExtension>
        </extensions>
      </trkpt>
      <trkpt lat="41.24525782652199268341064453125" lon="115.0967509858310222625732421875">
        <ele>1702</ele>
        <time>2026-06-13T03:26:07.000Z</time>
        <extensions>
          <ns3:TrackPointExtension>
            <ns3:hr>157</ns3:hr>
            <ns3:cad>98</ns3:cad>
          </ns3:TrackPointExtension>
        </extensions>
      </trkpt>
      <trkpt lat="41.24528490006923675537109375" lon="115.09677805937826633453369140625">
        <ele>1701.800048828125</ele>
        <time>2026-06-13T03:26:08.000Z</time>
        <extensions>
          <ns3:TrackPointExtension>
            <ns3:hr>157</ns3:hr>
            <ns3:cad>98</ns3:cad>
          </ns3:TrackPointExtension>
        </extensions>
      </trkpt>
      <trkpt lat="41.24530560337007045745849609375" lon="115.09680412709712982177734375">
        <ele>1701.5999755859375</ele>
        <time>2026-06-13T03:26:09.000Z</time>
        <extensions>
          <ns3:TrackPointExtension>
            <ns3:hr>157</ns3:hr>
            <ns3:cad>98</ns3:cad>
          </ns3:TrackPointExtension>
        </extensions>
      </trkpt>
      <trkpt lat="41.24532219953835010528564453125" lon="115.0968264229595661163330078125">
        <ele>1701.4000244140625</ele>
        <time>2026-06-13T03:26:10.000Z</time>
        <extensions>
          <ns3:TrackPointExtension>
            <ns3:hr>157</ns3:hr>
            <ns3:cad>98</ns3:cad>
          </ns3:TrackPointExtension>
        </extensions>
      </trkpt>
      <trkpt lat="41.24534851871430873870849609375" lon="115.096855424344539642333984375">
        <ele>1701</ele>
        <time>2026-06-13T03:26:11.000Z</time>
        <extensions>
          <ns3:TrackPointExtension>
            <ns3:hr>157</ns3:hr>
            <ns3:cad>98</ns3:cad>
          </ns3:TrackPointExtension>
        </extensions>
      </trkpt>
      <trkpt lat="41.245363689959049224853515625" lon="115.09688065387308597564697265625">
        <ele>1701</ele>
        <time>2026-06-13T03:26:12.000Z</time>
        <extensions>
          <ns3:TrackPointExtension>
            <ns3:hr>157</ns3:hr>
            <ns3:cad>98</ns3:cad>
          </ns3:TrackPointExtension>
        </extensions>
      </trkpt>
      <trkpt lat="41.24538472853600978851318359375" lon="115.09690596722066402435302734375">
        <ele>1700.800048828125</ele>
        <time>2026-06-13T03:26:13.000Z</time>
        <extensions>
          <ns3:TrackPointExtension>
            <ns3:hr>157</ns3:hr>
            <ns3:cad>98</ns3:cad>
          </ns3:TrackPointExtension>
        </extensions>
      </trkpt>
      <trkpt lat="41.24541037715971469879150390625" lon="115.09693622589111328125">
        <ele>1700.4000244140625</ele>
        <time>2026-06-13T03:26:14.000Z</time>
        <extensions>
          <ns3:TrackPointExtension>
            <ns3:hr>157</ns3:hr>
            <ns3:cad>98</ns3:cad>
          </ns3:TrackPointExtension>
        </extensions>
      </trkpt>
      <trkpt lat="41.2454195134341716766357421875" lon="115.0969672389328479766845703125">
        <ele>1700.199951171875</ele>
        <time>2026-06-13T03:26:15.000Z</time>
        <extensions>
          <ns3:TrackPointExtension>
            <ns3:hr>157</ns3:hr>
            <ns3:cad>98</ns3:cad>
          </ns3:TrackPointExtension>
        </extensions>
      </trkpt>
      <trkpt lat="41.2454382888972759246826171875" lon="115.0970037840306758880615234375">
        <ele>1700</ele>
        <time>2026-06-13T03:26:16.000Z</time>
        <extensions>
          <ns3:TrackPointExtension>
            <ns3:hr>157</ns3:hr>
            <ns3:cad>99</ns3:cad>
          </ns3:TrackPointExtension>
        </extensions>
      </trkpt>
      <trkpt lat="41.245452873408794403076171875" lon="115.097039155662059783935546875">
        <ele>1699.5999755859375</ele>
        <time>2026-06-13T03:26:17.000Z</time>
        <extensions>
          <ns3:TrackPointExtension>
            <ns3:hr>157</ns3:hr>
            <ns3:cad>99</ns3:cad>
          </ns3:TrackPointExtension>
        </extensions>
      </trkpt>
      <trkpt lat="41.24546502716839313507080078125" lon="115.09707276709377765655517578125">
        <ele>1699.199951171875</ele>
        <time>2026-06-13T03:26:18.000Z</time>
        <extensions>
          <ns3:TrackPointExtension>
            <ns3:hr>157</ns3:hr>
            <ns3:cad>99</ns3:cad>
          </ns3:TrackPointExtension>
        </extensions>
      </trkpt>
      <trkpt lat="41.2454808689653873443603515625" lon="115.09711434133350849151611328125">
        <ele>1699</ele>
        <time>2026-06-13T03:26:19.000Z</time>
        <extensions>
          <ns3:TrackPointExtension>
            <ns3:hr>157</ns3:hr>
            <ns3:cad>98</ns3:cad>
          </ns3:TrackPointExtension>
        </extensions>
      </trkpt>
      <trkpt lat="41.24549101106822490692138671875" lon="115.097149796783924102783203125">
        <ele>1698.5999755859375</ele>
        <time>2026-06-13T03:26:20.000Z</time>
        <extensions>
          <ns3:TrackPointExtension>
            <ns3:hr>157</ns3:hr>
            <ns3:cad>98</ns3:cad>
          </ns3:TrackPointExtension>
        </extensions>
      </trkpt>
      <trkpt lat="41.245498470962047576904296875" lon="115.09718257002532482147216796875">
        <ele>1698.4000244140625</ele>
        <time>2026-06-13T03:26:21.000Z</time>
        <extensions>
          <ns3:TrackPointExtension>
            <ns3:hr>156</ns3:hr>
            <ns3:cad>98</ns3:cad>
          </ns3:TrackPointExtension>
        </extensions>
      </trkpt>
      <trkpt lat="41.24551448039710521697998046875" lon="115.09722213260829448699951171875">
        <ele>1698.199951171875</ele>
        <time>2026-06-13T03:26:22.000Z</time>
        <extensions>
          <ns3:TrackPointExtension>
            <ns3:hr>157</ns3:hr>
            <ns3:cad>98</ns3:cad>
          </ns3:TrackPointExtension>
        </extensions>
      </trkpt>
      <trkpt lat="41.24552638269960880279541015625" lon="115.0972549058496952056884765625">
        <ele>1697.800048828125</ele>
        <time>2026-06-13T03:26:23.000Z</time>
        <extensions>
          <ns3:TrackPointExtension>
            <ns3:hr>157</ns3:hr>
            <ns3:cad>98</ns3:cad>
          </ns3:TrackPointExtension>
        </extensions>
      </trkpt>
      <trkpt lat="41.24553375877439975738525390625" lon="115.09729069657623767852783203125">
        <ele>1697.4000244140625</ele>
        <time>2026-06-13T03:26:24.000Z</time>
        <extensions>
          <ns3:TrackPointExtension>
            <ns3:hr>156</ns3:hr>
            <ns3:cad>98</ns3:cad>
          </ns3:TrackPointExtension>
        </extensions>
      </trkpt>
      <trkpt lat="41.24555052258074283599853515625" lon="115.097327493131160736083984375">
        <ele>1697</ele>
        <time>2026-06-13T03:26:25.000Z</time>
        <extensions>
          <ns3:TrackPointExtension>
            <ns3:hr>156</ns3:hr>
            <ns3:cad>98</ns3:cad>
          </ns3:TrackPointExtension>
        </extensions>
      </trkpt>
      <trkpt lat="41.24556628055870532989501953125" lon="115.097363032400608062744140625">
        <ele>1696.4000244140625</ele>
        <time>2026-06-13T03:26:26.000Z</time>
        <extensions>
          <ns3:TrackPointExtension>
            <ns3:hr>156</ns3:hr>
            <ns3:cad>98</ns3:cad>
          </ns3:TrackPointExtension>
        </extensions>
      </trkpt>
      <trkpt lat="41.24557700939476490020751953125" lon="115.09739714674651622772216796875">
        <ele>1696</ele>
        <time>2026-06-13T03:26:27.000Z</time>
        <extensions>
          <ns3:TrackPointExtension>
            <ns3:hr>156</ns3:hr>
            <ns3:cad>101</ns3:cad>
          </ns3:TrackPointExtension>
        </extensions>
      </trkpt>
      <trkpt lat="41.24558958224952220916748046875" lon="115.09743310511112213134765625">
        <ele>1695.4000244140625</ele>
        <time>2026-06-13T03:26:28.000Z</time>
        <extensions>
          <ns3:TrackPointExtension>
            <ns3:hr>155</ns3:hr>
            <ns3:cad>101</ns3:cad>
          </ns3:TrackPointExtension>
        </extensions>
      </trkpt>
      <trkpt lat="41.2456022389233112335205078125" lon="115.09747241623699665069580078125">
        <ele>1695</ele>
        <time>2026-06-13T03:26:29.000Z</time>
        <extensions>
          <ns3:TrackPointExtension>
            <ns3:hr>155</ns3:hr>
            <ns3:cad>101</ns3:cad>
          </ns3:TrackPointExtension>
        </extensions>
      </trkpt>
      <trkpt lat="41.2456072680652141571044921875" lon="115.09750057943165302276611328125">
        <ele>1694.5999755859375</ele>
        <time>2026-06-13T03:26:30.000Z</time>
        <extensions>
          <ns3:TrackPointExtension>
            <ns3:hr>155</ns3:hr>
            <ns3:cad>101</ns3:cad>
          </ns3:TrackPointExtension>
        </extensions>
      </trkpt>
      <trkpt lat="41.2456072680652141571044921875" lon="115.09752857498824596405029296875">
        <ele>1694</ele>
        <time>2026-06-13T03:26:31.000Z</time>
        <extensions>
          <ns3:TrackPointExtension>
            <ns3:hr>155</ns3:hr>
            <ns3:cad>101</ns3:cad>
          </ns3:TrackPointExtension>
        </extensions>
      </trkpt>
      <trkpt lat="41.245615147054195404052734375" lon="115.0975625216960906982421875">
        <ele>1693.4000244140625</ele>
        <time>2026-06-13T03:26:32.000Z</time>
        <extensions>
          <ns3:TrackPointExtension>
            <ns3:hr>155</ns3:hr>
            <ns3:cad>101</ns3:cad>
          </ns3:TrackPointExtension>
        </extensions>
      </trkpt>
      <trkpt lat="41.2456260435283184051513671875" lon="115.09760250337421894073486328125">
        <ele>1693</ele>
        <time>2026-06-13T03:26:33.000Z</time>
        <extensions>
          <ns3:TrackPointExtension>
            <ns3:hr>155</ns3:hr>
            <ns3:cad>102</ns3:cad>
          </ns3:TrackPointExtension>
        </extensions>
      </trkpt>
      <trkpt lat="41.24563467688858509063720703125" lon="115.0976371206343173980712890625">
        <ele>1692.4000244140625</ele>
        <time>2026-06-13T03:26:34.000Z</time>
        <extensions>
          <ns3:TrackPointExtension>
            <ns3:hr>155</ns3:hr>
            <ns3:cad>103</ns3:cad>
          </ns3:TrackPointExtension>
        </extensions>
      </trkpt>
      <trkpt lat="41.24563383869826793670654296875" lon="115.09767022915184497833251953125">
        <ele>1691.800048828125</ele>
        <time>2026-06-13T03:26:35.000Z</time>
        <extensions>
          <ns3:TrackPointExtension>
            <ns3:hr>155</ns3:hr>
            <ns3:cad>106</ns3:cad>
          </ns3:TrackPointExtension>
        </extensions>
      </trkpt>
      <trkpt lat="41.245639286935329437255859375" lon="115.0977004878222942352294921875">
        <ele>1691.199951171875</ele>
        <time>2026-06-13T03:26:36.000Z</time>
        <extensions>
          <ns3:TrackPointExtension>
            <ns3:hr>155</ns3:hr>
            <ns3:cad>106</ns3:cad>
          </ns3:TrackPointExtension>
        </extensions>
      </trkpt>
      <trkpt lat="41.2456468306481838226318359375" lon="115.09774155914783477783203125">
        <ele>1690.5999755859375</ele>
        <time>2026-06-13T03:26:37.000Z</time>
        <extensions>
          <ns3:TrackPointExtension>
            <ns3:hr>155</ns3:hr>
            <ns3:cad>107</ns3:cad>
          </ns3:TrackPointExtension>
        </extensions>
      </trkpt>
      <trkpt lat="41.24564842320978641510009765625" lon="115.09777818806469440460205078125">
        <ele>1690</ele>
        <time>2026-06-13T03:26:38.000Z</time>
        <extensions>
          <ns3:TrackPointExtension>
            <ns3:hr>155</ns3:hr>
            <ns3:cad>107</ns3:cad>
          </ns3:TrackPointExtension>
        </extensions>
      </trkpt>
      <trkpt lat="41.2456438131630420684814453125" lon="115.0978119671344757080078125">
        <ele>1689.4000244140625</ele>
        <time>2026-06-13T03:26:39.000Z</time>
        <extensions>
          <ns3:TrackPointExtension>
            <ns3:hr>155</ns3:hr>
            <ns3:cad>107</ns3:cad>
          </ns3:TrackPointExtension>
        </extensions>
      </trkpt>
      <trkpt lat="41.245645992457866668701171875" lon="115.09785152971744537353515625">
        <ele>1688.800048828125</ele>
        <time>2026-06-13T03:26:40.000Z</time>
        <extensions>
          <ns3:TrackPointExtension>
            <ns3:hr>156</ns3:hr>
            <ns3:cad>107</ns3:cad>
          </ns3:TrackPointExtension>
        </extensions>
      </trkpt>
      <trkpt lat="41.2456501834094524383544921875" lon="115.09789620526134967803955078125">
        <ele>1688.4000244140625</ele>
        <time>2026-06-13T03:26:41.000Z</time>
        <extensions>
          <ns3:TrackPointExtension>
            <ns3:hr>156</ns3:hr>
            <ns3:cad>107</ns3:cad>
          </ns3:TrackPointExtension>
        </extensions>
      </trkpt>
      <trkpt lat="41.24565227888524532318115234375" lon="115.09793375618755817413330078125">
        <ele>1687.800048828125</ele>
        <time>2026-06-13T03:26:42.000Z</time>
        <extensions>
          <ns3:TrackPointExtension>
            <ns3:hr>155</ns3:hr>
            <ns3:cad>107</ns3:cad>
          </ns3:TrackPointExtension>
        </extensions>
      </trkpt>
      <trkpt lat="41.245650015771389007568359375" lon="115.09797097183763980865478515625">
        <ele>1687.199951171875</ele>
        <time>2026-06-13T03:26:43.000Z</time>
        <extensions>
          <ns3:TrackPointExtension>
            <ns3:hr>155</ns3:hr>
            <ns3:cad>107</ns3:cad>
          </ns3:TrackPointExtension>
        </extensions>
      </trkpt>
      <trkpt lat="41.24564490281045436859130859375" lon="115.0980032421648502349853515625">
        <ele>1686.5999755859375</ele>
        <time>2026-06-13T03:26:44.000Z</time>
        <extensions>
          <ns3:TrackPointExtension>
            <ns3:hr>155</ns3:hr>
            <ns3:cad>103</ns3:cad>
          </ns3:TrackPointExtension>
        </extensions>
      </trkpt>
      <trkpt lat="41.24564909376204013824462890625" lon="115.09804205037653446197509765625">
        <ele>1686.199951171875</ele>
        <time>2026-06-13T03:26:45.000Z</time>
        <extensions>
          <ns3:TrackPointExtension>
            <ns3:hr>155</ns3:hr>
            <ns3:cad>103</ns3:cad>
          </ns3:TrackPointExtension>
        </extensions>
      </trkpt>
      <trkpt lat="41.24564657919108867645263671875" lon="115.09807256050407886505126953125">
        <ele>1685.5999755859375</ele>
        <time>2026-06-13T03:26:46.000Z</time>
        <extensions>
          <ns3:TrackPointExtension>
            <ns3:hr>155</ns3:hr>
            <ns3:cad>105</ns3:cad>
          </ns3:TrackPointExtension>
        </extensions>
      </trkpt>
      <trkpt lat="41.2456458248198032379150390625" lon="115.09810793213546276092529296875">
        <ele>1685.199951171875</ele>
        <time>2026-06-13T03:26:47.000Z</time>
        <extensions>
          <ns3:TrackPointExtension>
            <ns3:hr>155</ns3:hr>
            <ns3:cad>105</ns3:cad>
          </ns3:TrackPointExtension>
        </extensions>
      </trkpt>
      <trkpt lat="41.24564842320978641510009765625" lon="115.0981571339070796966552734375">
        <ele>1684.800048828125</ele>
        <time>2026-06-13T03:26:48.000Z</time>
        <extensions>
          <ns3:TrackPointExtension>
            <ns3:hr>155</ns3:hr>
            <ns3:cad>105</ns3:cad>
          </ns3:TrackPointExtension>
        </extensions>
      </trkpt>
      <trkpt lat="41.2456454895436763763427734375" lon="115.098194517195224761962890625">
        <ele>1684.4000244140625</ele>
        <time>2026-06-13T03:26:49.000Z</time>
        <extensions>
          <ns3:TrackPointExtension>
            <ns3:hr>154</ns3:hr>
            <ns3:cad>105</ns3:cad>
          </ns3:TrackPointExtension>
        </extensions>
      </trkpt>
      <trkpt lat="41.24564087949693202972412109375" lon="115.09822963736951351165771484375">
        <ele>1683.800048828125</ele>
        <time>2026-06-13T03:26:50.000Z</time>
        <extensions>
          <ns3:TrackPointExtension>
            <ns3:hr>154</ns3:hr>
            <ns3:cad>105</ns3:cad>
          </ns3:TrackPointExtension>
        </extensions>
      </trkpt>
      <trkpt lat="41.24564188532531261444091796875" lon="115.0982764922082424163818359375">
        <ele>1683.199951171875</ele>
        <time>2026-06-13T03:26:51.000Z</time>
        <extensions>
          <ns3:TrackPointExtension>
            <ns3:hr>154</ns3:hr>
            <ns3:cad>103</ns3:cad>
          </ns3:TrackPointExtension>
        </extensions>
      </trkpt>
      <trkpt lat="41.24563685618340969085693359375" lon="115.09831546805799007415771484375">
        <ele>1682.800048828125</ele>
        <time>2026-06-13T03:26:52.000Z</time>
        <extensions>
          <ns3:TrackPointExtension>
            <ns3:hr>155</ns3:hr>
            <ns3:cad>101</ns3:cad>
          </ns3:TrackPointExtension>
        </extensions>
      </trkpt>
      <trkpt lat="41.2456310726702213287353515625" lon="115.09834983386099338531494140625">
        <ele>1682.199951171875</ele>
        <time>2026-06-13T03:26:53.000Z</time>
        <extensions>
          <ns3:TrackPointExtension>
            <ns3:hr>155</ns3:hr>
            <ns3:cad>101</ns3:cad>
          </ns3:TrackPointExtension>
        </extensions>
      </trkpt>
      <trkpt lat="41.24563551507890224456787109375" lon="115.09839325211942195892333984375">
        <ele>1681.800048828125</ele>
        <time>2026-06-13T03:26:54.000Z</time>
        <extensions>
          <ns3:TrackPointExtension>
            <ns3:hr>155</ns3:hr>
            <ns3:cad>102</ns3:cad>
          </ns3:TrackPointExtension>
        </extensions>
      </trkpt>
      <trkpt lat="41.2456431426107883453369140625" lon="115.09843851439654827117919921875">
        <ele>1681.4000244140625</ele>
        <time>2026-06-13T03:26:55.000Z</time>
        <extensions>
          <ns3:TrackPointExtension>
            <ns3:hr>154</ns3:hr>
            <ns3:cad>102</ns3:cad>
          </ns3:TrackPointExtension>
        </extensions>
      </trkpt>
      <trkpt lat="41.24563953839242458343505859375" lon="115.0984736345708370208740234375">
        <ele>1680.800048828125</ele>
        <time>2026-06-13T03:26:56.000Z</time>
        <extensions>
          <ns3:TrackPointExtension>
            <ns3:hr>154</ns3:hr>
            <ns3:cad>102</ns3:cad>
          </ns3:TrackPointExtension>
        </extensions>
      </trkpt>
      <trkpt lat="41.24564029276371002197265625" lon="115.09852015413343906402587890625">
        <ele>1680.199951171875</ele>
        <time>2026-06-13T03:26:57.000Z</time>
        <extensions>
          <ns3:TrackPointExtension>
            <ns3:hr>154</ns3:hr>
            <ns3:cad>101</ns3:cad>
          </ns3:TrackPointExtension>
        </extensions>
      </trkpt>
      <trkpt lat="41.24564372934401035308837890625" lon="115.09855854324996471405029296875">
        <ele>1679.800048828125</ele>
        <time>2026-06-13T03:26:58.000Z</time>
        <extensions>
          <ns3:TrackPointExtension>
            <ns3:hr>155</ns3:hr>
            <ns3:cad>101</ns3:cad>
          </ns3:TrackPointExtension>
        </extensions>
      </trkpt>
      <trkpt lat="41.245643980801105499267578125" lon="115.09859626181423664093017578125">
        <ele>1679.4000244140625</ele>
        <time>2026-06-13T03:26:59.000Z</time>
        <extensions>
          <ns3:TrackPointExtension>
            <ns3:hr>154</ns3:hr>
            <ns3:cad>101</ns3:cad>
          </ns3:TrackPointExtension>
        </extensions>
      </trkpt>
      <trkpt lat="41.24564674682915210723876953125" lon="115.09864546358585357666015625">
        <ele>1679</ele>
        <time>2026-06-13T03:27:00.000Z</time>
        <extensions>
          <ns3:TrackPointExtension>
            <ns3:hr>154</ns3:hr>
            <ns3:cad>101</ns3:cad>
          </ns3:TrackPointExtension>
        </extensions>
      </trkpt>
      <trkpt lat="41.24564792029559612274169921875" lon="115.0986838527023792266845703125">
        <ele>1678.5999755859375</ele>
        <time>2026-06-13T03:27:01.000Z</time>
        <extensions>
          <ns3:TrackPointExtension>
            <ns3:hr>155</ns3:hr>
            <ns3:cad>101</ns3:cad>
          </ns3:TrackPointExtension>
        </extensions>
      </trkpt>
      <trkpt lat="41.2456476688385009765625" lon="115.09872400201857089996337890625">
        <ele>1678.199951171875</ele>
        <time>2026-06-13T03:27:02.000Z</time>
        <extensions>
          <ns3:TrackPointExtension>
            <ns3:hr>154</ns3:hr>
            <ns3:cad>101</ns3:cad>
          </ns3:TrackPointExtension>
        </extensions>
      </trkpt>
      <trkpt lat="41.24564808793365955352783203125" lon="115.09877027012407779693603515625">
        <ele>1678</ele>
        <time>2026-06-13T03:27:03.000Z</time>
        <extensions>
          <ns3:TrackPointExtension>
            <ns3:hr>154</ns3:hr>
            <ns3:cad>99</ns3:cad>
          </ns3:TrackPointExtension>
        </extensions>
      </trkpt>
      <trkpt lat="41.2456431426107883453369140625" lon="115.0988070666790008544921875">
        <ele>1677.5999755859375</ele>
        <time>2026-06-13T03:27:04.000Z</time>
        <extensions>
          <ns3:TrackPointExtension>
            <ns3:hr>154</ns3:hr>
            <ns3:cad>99</ns3:cad>
          </ns3:TrackPointExtension>
        </extensions>
      </trkpt>
      <trkpt lat="41.2456434778869152069091796875" lon="115.098845623433589935302734375">
        <ele>1677.4000244140625</ele>
        <time>2026-06-13T03:27:05.000Z</time>
        <extensions>
          <ns3:TrackPointExtension>
            <ns3:hr>153</ns3:hr>
            <ns3:cad>99</ns3:cad>
          </ns3:TrackPointExtension>
        </extensions>
      </trkpt>
      <trkpt lat="41.24564507044851779937744140625" lon="115.09889532811939716339111328125">
        <ele>1677</ele>
        <time>2026-06-13T03:27:06.000Z</time>
        <extensions>
          <ns3:TrackPointExtension>
            <ns3:hr>153</ns3:hr>
            <ns3:cad>99</ns3:cad>
          </ns3:TrackPointExtension>
        </extensions>
      </trkpt>
      <trkpt lat="41.2456407956779003143310546875" lon="115.09892977774143218994140625">
        <ele>1676.800048828125</ele>
        <time>2026-06-13T03:27:07.000Z</time>
        <extensions>
          <ns3:TrackPointExtension>
            <ns3:hr>152</ns3:hr>
            <ns3:cad>98</ns3:cad>
          </ns3:TrackPointExtension>
        </extensions>
      </trkpt>
      <trkpt lat="41.2456428073346614837646484375" lon="115.09897344745695590972900390625">
        <ele>1676.5999755859375</ele>
        <time>2026-06-13T03:27:08.000Z</time>
        <extensions>
          <ns3:TrackPointExtension>
            <ns3:hr>151</ns3:hr>
            <ns3:cad>98</ns3:cad>
          </ns3:TrackPointExtension>
        </extensions>
      </trkpt>
      <trkpt lat="41.2456458248198032379150390625" lon="115.099021978676319122314453125">
        <ele>1676.4000244140625</ele>
        <time>2026-06-13T03:27:09.000Z</time>
        <extensions>
          <ns3:TrackPointExtension>
            <ns3:hr>151</ns3:hr>
            <ns3:cad>99</ns3:cad>
          </ns3:TrackPointExtension>
        </extensions>
      </trkpt>
      <trkpt lat="41.24564305879175662994384765625" lon="115.099062882363796234130859375">
        <ele>1676.199951171875</ele>
        <time>2026-06-13T03:27:10.000Z</time>
        <extensions>
          <ns3:TrackPointExtension>
            <ns3:hr>150</ns3:hr>
            <ns3:cad>99</ns3:cad>
          </ns3:TrackPointExtension>
        </extensions>
      </trkpt>
      <trkpt lat="41.2456438131630420684814453125" lon="115.099107138812541961669921875">
        <ele>1676</ele>
        <time>2026-06-13T03:27:11.000Z</time>
        <extensions>
          <ns3:TrackPointExtension>
            <ns3:hr>149</ns3:hr>
            <ns3:cad>99</ns3:cad>
          </ns3:TrackPointExtension>
        </extensions>
      </trkpt>
      <trkpt lat="41.2456471659243106842041015625" lon="115.099158100783824920654296875">
        <ele>1675.800048828125</ele>
        <time>2026-06-13T03:27:12.000Z</time>
        <extensions>
          <ns3:TrackPointExtension>
            <ns3:hr>149</ns3:hr>
            <ns3:cad>99</ns3:cad>
          </ns3:TrackPointExtension>
        </extensions>
      </trkpt>
      <trkpt lat="41.2456424720585346221923828125" lon="115.09919305332005023956298828125">
        <ele>1675.5999755859375</ele>
        <time>2026-06-13T03:27:13.000Z</time>
        <extensions>
          <ns3:TrackPointExtension>
            <ns3:hr>149</ns3:hr>
            <ns3:cad>99</ns3:cad>
          </ns3:TrackPointExtension>
        </extensions>
      </trkpt>
      <trkpt lat="41.24564372934401035308837890625" lon="115.0992340408265590667724609375">
        <ele>1675.4000244140625</ele>
        <time>2026-06-13T03:27:14.000Z</time>
        <extensions>
          <ns3:TrackPointExtension>
            <ns3:hr>149</ns3:hr>
            <ns3:cad>99</ns3:cad>
          </ns3:TrackPointExtension>
        </extensions>
      </trkpt>
      <trkpt lat="41.24564297497272491455078125" lon="115.09928005747497081756591796875">
        <ele>1675.4000244140625</ele>
        <time>2026-06-13T03:27:15.000Z</time>
        <extensions>
          <ns3:TrackPointExtension>
            <ns3:hr>149</ns3:hr>
            <ns3:cad>99</ns3:cad>
          </ns3:TrackPointExtension>
        </extensions>
      </trkpt>
      <trkpt lat="41.24564054422080516815185546875" lon="115.09931643493473529815673828125">
        <ele>1675.199951171875</ele>
        <time>2026-06-13T03:27:16.000Z</time>
        <extensions>
          <ns3:TrackPointExtension>
            <ns3:hr>149</ns3:hr>
            <ns3:cad>99</ns3:cad>
          </ns3:TrackPointExtension>
        </extensions>
      </trkpt>
      <trkpt lat="41.245643310248851776123046875" lon="115.09936320595443248748779296875">
        <ele>1675</ele>
        <time>2026-06-13T03:27:17.000Z</time>
        <extensions>
          <ns3:TrackPointExtension>
            <ns3:hr>149</ns3:hr>
            <ns3:cad>99</ns3:cad>
          </ns3:TrackPointExtension>
        </extensions>
      </trkpt>
      <trkpt lat="41.24564523808658123016357421875" lon="115.09940830059349536895751953125">
        <ele>1675</ele>
        <time>2026-06-13T03:27:18.000Z</time>
        <extensions>
          <ns3:TrackPointExtension>
            <ns3:hr>149</ns3:hr>
            <ns3:cad>99</ns3:cad>
          </ns3:TrackPointExtension>
        </extensions>
      </trkpt>
      <trkpt lat="41.2456444837152957916259765625" lon="115.09944987483322620391845703125">
        <ele>1674.800048828125</ele>
        <time>2026-06-13T03:27:19.000Z</time>
        <extensions>
          <ns3:TrackPointExtension>
            <ns3:hr>149</ns3:hr>
            <ns3:cad>99</ns3:cad>
          </ns3:TrackPointExtension>
        </extensions>
      </trkpt>
      <trkpt lat="41.24564968049526214599609375" lon="115.099495388567447662353515625">
        <ele>1674.4000244140625</ele>
        <time>2026-06-13T03:27:20.000Z</time>
        <extensions>
          <ns3:TrackPointExtension>
            <ns3:hr>149</ns3:hr>
            <ns3:cad>99</ns3:cad>
          </ns3:TrackPointExtension>
        </extensions>
      </trkpt>
      <trkpt lat="41.2456521950662136077880859375" lon="115.0995421595871448516845703125">
        <ele>1674.199951171875</ele>
        <time>2026-06-13T03:27:21.000Z</time>
        <extensions>
          <ns3:TrackPointExtension>
            <ns3:hr>149</ns3:hr>
            <ns3:cad>99</ns3:cad>
          </ns3:TrackPointExtension>
        </extensions>
      </trkpt>
      <trkpt lat="41.245650351047515869140625" lon="115.0995768606662750244140625">
        <ele>1674</ele>
        <time>2026-06-13T03:27:22.000Z</time>
        <extensions>
          <ns3:TrackPointExtension>
            <ns3:hr>149</ns3:hr>
            <ns3:cad>99</ns3:cad>
          </ns3:TrackPointExtension>
        </extensions>
      </trkpt>
      <trkpt lat="41.24565412290394306182861328125" lon="115.09962312877178192138671875">
        <ele>1674</ele>
        <time>2026-06-13T03:27:23.000Z</time>
        <extensions>
          <ns3:TrackPointExtension>
            <ns3:hr>149</ns3:hr>
            <ns3:cad>99</ns3:cad>
          </ns3:TrackPointExtension>
        </extensions>
      </trkpt>
      <trkpt lat="41.245656050741672515869140625" lon="115.09966378100216388702392578125">
        <ele>1673.800048828125</ele>
        <time>2026-06-13T03:27:24.000Z</time>
        <extensions>
          <ns3:TrackPointExtension>
            <ns3:hr>150</ns3:hr>
            <ns3:cad>99</ns3:cad>
          </ns3:TrackPointExtension>
        </extensions>
      </trkpt>
      <trkpt lat="41.24566133134067058563232421875" lon="115.0997037626802921295166015625">
        <ele>1673.5999755859375</ele>
        <time>2026-06-13T03:27:25.000Z</time>
        <extensions>
          <ns3:TrackPointExtension>
            <ns3:hr>150</ns3:hr>
            <ns3:cad>100</ns3:cad>
          </ns3:TrackPointExtension>
        </extensions>
      </trkpt>
      <trkpt lat="41.24567289836704730987548828125" lon="115.0997520424425601959228515625">
        <ele>1673.5999755859375</ele>
        <time>2026-06-13T03:27:26.000Z</time>
        <extensions>
          <ns3:TrackPointExtension>
            <ns3:hr>150</ns3:hr>
            <ns3:cad>100</ns3:cad>
          </ns3:TrackPointExtension>
        </extensions>
      </trkpt>
      <trkpt lat="41.24567516148090362548828125" lon="115.099784396588802337646484375">
        <ele>1673.5999755859375</ele>
        <time>2026-06-13T03:27:27.000Z</time>
        <extensions>
          <ns3:TrackPointExtension>
            <ns3:hr>150</ns3:hr>
            <ns3:cad>100</ns3:cad>
          </ns3:TrackPointExtension>
        </extensions>
      </trkpt>
      <trkpt lat="41.24568262137472629547119140625" lon="115.099822618067264556884765625">
        <ele>1673.4000244140625</ele>
        <time>2026-06-13T03:27:28.000Z</time>
        <extensions>
          <ns3:TrackPointExtension>
            <ns3:hr>150</ns3:hr>
            <ns3:cad>99</ns3:cad>
          </ns3:TrackPointExtension>
        </extensions>
      </trkpt>
      <trkpt lat="41.2456927634775638580322265625" lon="115.0998633541166782379150390625">
        <ele>1673.199951171875</ele>
        <time>2026-06-13T03:27:29.000Z</time>
        <extensions>
          <ns3:TrackPointExtension>
            <ns3:hr>150</ns3:hr>
            <ns3:cad>99</ns3:cad>
          </ns3:TrackPointExtension>
        </extensions>
      </trkpt>
      <trkpt lat="41.245693601667881011962890625" lon="115.09989562444388866424560546875">
        <ele>1673</ele>
        <time>2026-06-13T03:27:30.000Z</time>
        <extensions>
          <ns3:TrackPointExtension>
            <ns3:hr>150</ns3:hr>
            <ns3:cad>99</ns3:cad>
          </ns3:TrackPointExtension>
        </extensions>
      </trkpt>
      <trkpt lat="41.2457038275897502899169921875" lon="115.09993535466492176055908203125">
        <ele>1673</ele>
        <time>2026-06-13T03:27:31.000Z</time>
        <extensions>
          <ns3:TrackPointExtension>
            <ns3:hr>151</ns3:hr>
            <ns3:cad>99</ns3:cad>
          </ns3:TrackPointExtension>
        </extensions>
      </trkpt>
      <trkpt lat="41.2457152269780635833740234375" lon="115.0999733246862888336181640625">
        <ele>1672.800048828125</ele>
        <time>2026-06-13T03:27:32.000Z</time>
        <extensions>
          <ns3:TrackPointExtension>
            <ns3:hr>151</ns3:hr>
            <ns3:cad>99</ns3:cad>
          </ns3:TrackPointExtension>
        </extensions>
      </trkpt>
      <trkpt lat="41.24572151340544223785400390625" lon="115.1000112108886241912841796875">
        <ele>1672.800048828125</ele>
        <time>2026-06-13T03:27:33.000Z</time>
        <extensions>
          <ns3:TrackPointExtension>
            <ns3:hr>151</ns3:hr>
            <ns3:cad>98</ns3:cad>
          </ns3:TrackPointExtension>
        </extensions>
      </trkpt>
      <trkpt lat="41.24573626555502414703369140625" lon="115.1000564731657505035400390625">
        <ele>1672.800048828125</ele>
        <time>2026-06-13T03:27:34.000Z</time>
        <extensions>
          <ns3:TrackPointExtension>
            <ns3:hr>152</ns3:hr>
            <ns3:cad>99</ns3:cad>
          </ns3:TrackPointExtension>
        </extensions>
      </trkpt>
      <trkpt lat="41.245747245848178863525390625" lon="115.10009712539613246917724609375">
        <ele>1672.800048828125</ele>
        <time>2026-06-13T03:27:35.000Z</time>
        <extensions>
          <ns3:TrackPointExtension>
            <ns3:hr>152</ns3:hr>
            <ns3:cad>99</ns3:cad>
          </ns3:TrackPointExtension>
        </extensions>
      </trkpt>
      <trkpt lat="41.24575696885585784912109375" lon="115.10013434104621410369873046875">
        <ele>1672.5999755859375</ele>
        <time>2026-06-13T03:27:36.000Z</time>
        <extensions>
          <ns3:TrackPointExtension>
            <ns3:hr>152</ns3:hr>
            <ns3:cad>99</ns3:cad>
          </ns3:TrackPointExtension>
        </extensions>
      </trkpt>
      <trkpt lat="41.24577046371996402740478515625" lon="115.10018127970397472381591796875">
        <ele>1672.4000244140625</ele>
        <time>2026-06-13T03:27:37.000Z</time>
        <extensions>
          <ns3:TrackPointExtension>
            <ns3:hr>152</ns3:hr>
            <ns3:cad>99</ns3:cad>
          </ns3:TrackPointExtension>
        </extensions>
      </trkpt>
      <trkpt lat="41.2457764148712158203125" lon="115.10021430440247058868408203125">
        <ele>1672.4000244140625</ele>
        <time>2026-06-13T03:27:38.000Z</time>
        <extensions>
          <ns3:TrackPointExtension>
            <ns3:hr>152</ns3:hr>
            <ns3:cad>99</ns3:cad>
          </ns3:TrackPointExtension>
        </extensions>
      </trkpt>
      <trkpt lat="41.24578856863081455230712890625" lon="115.10025210678577423095703125">
        <ele>1672.199951171875</ele>
        <time>2026-06-13T03:27:39.000Z</time>
        <extensions>
          <ns3:TrackPointExtension>
            <ns3:hr>152</ns3:hr>
            <ns3:cad>99</ns3:cad>
          </ns3:TrackPointExtension>
        </extensions>
      </trkpt>
      <trkpt lat="41.2458034045994281768798828125" lon="115.1002956926822662353515625">
        <ele>1672</ele>
        <time>2026-06-13T03:27:40.000Z</time>
        <extensions>
          <ns3:TrackPointExtension>
            <ns3:hr>151</ns3:hr>
            <ns3:cad>99</ns3:cad>
          </ns3:TrackPointExtension>
        </extensions>
      </trkpt>
      <trkpt lat="41.24581153504550457000732421875" lon="115.1003344170749187469482421875">
        <ele>1672</ele>
        <time>2026-06-13T03:27:41.000Z</time>
        <extensions>
          <ns3:TrackPointExtension>
            <ns3:hr>152</ns3:hr>
            <ns3:cad>98</ns3:cad>
          </ns3:TrackPointExtension>
        </extensions>
      </trkpt>
      <trkpt lat="41.2458278797566890716552734375" lon="115.1003702916204929351806640625">
        <ele>1672</ele>
        <time>2026-06-13T03:27:42.000Z</time>
        <extensions>
          <ns3:TrackPointExtension>
            <ns3:hr>152</ns3:hr>
            <ns3:cad>97</ns3:cad>
          </ns3:TrackPointExtension>
        </extensions>
      </trkpt>
      <trkpt lat="41.2458473257720470428466796875" lon="115.100410021841526031494140625">
        <ele>1671.5999755859375</ele>
        <time>2026-06-13T03:27:43.000Z</time>
        <extensions>
          <ns3:TrackPointExtension>
            <ns3:hr>152</ns3:hr>
            <ns3:cad>99</ns3:cad>
          </ns3:TrackPointExtension>
        </extensions>
      </trkpt>
      <trkpt lat="41.245858557522296905517578125" lon="115.1004470698535442352294921875">
        <ele>1671.4000244140625</ele>
        <time>2026-06-13T03:27:44.000Z</time>
        <extensions>
          <ns3:TrackPointExtension>
            <ns3:hr>153</ns3:hr>
            <ns3:cad>99</ns3:cad>
          </ns3:TrackPointExtension>
        </extensions>
      </trkpt>
      <trkpt lat="41.2458791770040988922119140625" lon="115.10048948228359222412109375">
        <ele>1671</ele>
        <time>2026-06-13T03:27:45.000Z</time>
        <extensions>
          <ns3:TrackPointExtension>
            <ns3:hr>153</ns3:hr>
            <ns3:cad>99</ns3:cad>
          </ns3:TrackPointExtension>
        </extensions>
      </trkpt>
      <trkpt lat="41.24590046703815460205078125" lon="115.10053130798041820526123046875">
        <ele>1670.800048828125</ele>
        <time>2026-06-13T03:27:46.000Z</time>
        <extensions>
          <ns3:TrackPointExtension>
            <ns3:hr>153</ns3:hr>
            <ns3:cad>99</ns3:cad>
          </ns3:TrackPointExtension>
        </extensions>
      </trkpt>
      <trkpt lat="41.2459143809974193572998046875" lon="115.10057204402983188629150390625">
        <ele>1670.5999755859375</ele>
        <time>2026-06-13T03:27:47.000Z</time>
        <extensions>
          <ns3:TrackPointExtension>
            <ns3:hr>153</ns3:hr>
            <ns3:cad>99</ns3:cad>
          </ns3:TrackPointExtension>
        </extensions>
      </trkpt>
      <trkpt lat="41.245937012135982513427734375" lon="115.100619234144687652587890625">
        <ele>1670</ele>
        <time>2026-06-13T03:27:48.000Z</time>
        <extensions>
          <ns3:TrackPointExtension>
            <ns3:hr>152</ns3:hr>
            <ns3:cad>99</ns3:cad>
          </ns3:TrackPointExtension>
        </extensions>
      </trkpt>
      <trkpt lat="41.24596140347421169281005859375" lon="115.10065536014735698699951171875">
        <ele>1669.5999755859375</ele>
        <time>2026-06-13T03:27:49.000Z</time>
        <extensions>
          <ns3:TrackPointExtension>
            <ns3:hr>152</ns3:hr>
            <ns3:cad>98</ns3:cad>
          </ns3:TrackPointExtension>
        </extensions>
      </trkpt>
      <trkpt lat="41.24597556889057159423828125" lon="115.10068821720778942108154296875">
        <ele>1669.4000244140625</ele>
        <time>2026-06-13T03:27:50.000Z</time>
        <extensions>
          <ns3:TrackPointExtension>
            <ns3:hr>152</ns3:hr>
            <ns3:cad>99</ns3:cad>
          </ns3:TrackPointExtension>
        </extensions>
      </trkpt>
      <trkpt lat="41.2460008822381496429443359375" lon="115.10072878561913967132568359375">
        <ele>1669</ele>
        <time>2026-06-13T03:27:51.000Z</time>
        <extensions>
          <ns3:TrackPointExtension>
            <ns3:hr>153</ns3:hr>
            <ns3:cad>100</ns3:cad>
          </ns3:TrackPointExtension>
        </extensions>
      </trkpt>
      <trkpt lat="41.2460216693580150604248046875" lon="115.10076147504150867462158203125">
        <ele>1668.4000244140625</ele>
        <time>2026-06-13T03:27:52.000Z</time>
        <extensions>
          <ns3:TrackPointExtension>
            <ns3:hr>153</ns3:hr>
            <ns3:cad>100</ns3:cad>
          </ns3:TrackPointExtension>
        </extensions>
      </trkpt>
      <trkpt lat="41.24603466130793094635009765625" lon="115.10079030878841876983642578125">
        <ele>1668.199951171875</ele>
        <time>2026-06-13T03:27:53.000Z</time>
        <extensions>
          <ns3:TrackPointExtension>
            <ns3:hr>153</ns3:hr>
            <ns3:cad>100</ns3:cad>
          </ns3:TrackPointExtension>
        </extensions>
      </trkpt>
      <trkpt lat="41.2460572086274623870849609375" lon="115.1008302904665470123291015625">
        <ele>1668</ele>
        <time>2026-06-13T03:27:54.000Z</time>
        <extensions>
          <ns3:TrackPointExtension>
            <ns3:hr>154</ns3:hr>
            <ns3:cad>100</ns3:cad>
          </ns3:TrackPointExtension>
        </extensions>
      </trkpt>
      <trkpt lat="41.2460790015757083892822265625" lon="115.1008658297359943389892578125">
        <ele>1667.5999755859375</ele>
        <time>2026-06-13T03:27:55.000Z</time>
        <extensions>
          <ns3:TrackPointExtension>
            <ns3:hr>154</ns3:hr>
            <ns3:cad>100</ns3:cad>
          </ns3:TrackPointExtension>
        </extensions>
      </trkpt>
      <trkpt lat="41.2460915744304656982421875" lon="115.10089625604450702667236328125">
        <ele>1667.4000244140625</ele>
        <time>2026-06-13T03:27:56.000Z</time>
        <extensions>
          <ns3:TrackPointExtension>
            <ns3:hr>154</ns3:hr>
            <ns3:cad>99</ns3:cad>
          </ns3:TrackPointExtension>
        </extensions>
      </trkpt>
      <trkpt lat="41.2461182288825511932373046875" lon="115.1009372435510158538818359375">
        <ele>1667.4000244140625</ele>
        <time>2026-06-13T03:27:57.000Z</time>
        <extensions>
          <ns3:TrackPointExtension>
            <ns3:hr>154</ns3:hr>
            <ns3:cad>100</ns3:cad>
          </ns3:TrackPointExtension>
        </extensions>
      </trkpt>
      <trkpt lat="41.24614295549690723419189453125" lon="115.10097018443048000335693359375">
        <ele>1667.199951171875</ele>
        <time>2026-06-13T03:27:58.000Z</time>
        <extensions>
          <ns3:TrackPointExtension>
            <ns3:hr>155</ns3:hr>
            <ns3:cad>100</ns3:cad>
          </ns3:TrackPointExtension>
        </extensions>
      </trkpt>
      <trkpt lat="41.24616290442645549774169921875" lon="115.10100270621478557586669921875">
        <ele>1666.800048828125</ele>
        <time>2026-06-13T03:27:59.000Z</time>
        <extensions>
          <ns3:TrackPointExtension>
            <ns3:hr>155</ns3:hr>
            <ns3:cad>100</ns3:cad>
          </ns3:TrackPointExtension>
        </extensions>
      </trkpt>
      <trkpt lat="41.2461889721453189849853515625" lon="115.101036317646503448486328125">
        <ele>1666.5999755859375</ele>
        <time>2026-06-13T03:28:00.000Z</time>
        <extensions>
          <ns3:TrackPointExtension>
            <ns3:hr>155</ns3:hr>
            <ns3:cad>100</ns3:cad>
          </ns3:TrackPointExtension>
        </extensions>
      </trkpt>
      <trkpt lat="41.24621939845383167266845703125" lon="115.10107093490660190582275390625">
        <ele>1666.4000244140625</ele>
        <time>2026-06-13T03:28:01.000Z</time>
        <extensions>
          <ns3:TrackPointExtension>
            <ns3:hr>154</ns3:hr>
            <ns3:cad>99</ns3:cad>
          </ns3:TrackPointExtension>
        </extensions>
      </trkpt>
      <trkpt lat="41.246237419545650482177734375" lon="115.10109943337738513946533203125">
        <ele>1666</ele>
        <time>2026-06-13T03:28:02.000Z</time>
        <extensions>
          <ns3:TrackPointExtension>
            <ns3:hr>155</ns3:hr>
            <ns3:cad>99</ns3:cad>
          </ns3:TrackPointExtension>
        </extensions>
      </trkpt>
      <trkpt lat="41.24626449309289455413818359375" lon="115.1011320389807224273681640625">
        <ele>1665.800048828125</ele>
        <time>2026-06-13T03:28:03.000Z</time>
        <extensions>
          <ns3:TrackPointExtension>
            <ns3:hr>155</ns3:hr>
            <ns3:cad>99</ns3:cad>
          </ns3:TrackPointExtension>
        </extensions>
      </trkpt>
      <trkpt lat="41.2462945841252803802490234375" lon="115.1011620461940765380859375">
        <ele>1665.5999755859375</ele>
        <time>2026-06-13T03:28:04.000Z</time>
        <extensions>
          <ns3:TrackPointExtension>
            <ns3:hr>155</ns3:hr>
            <ns3:cad>101</ns3:cad>
          </ns3:TrackPointExtension>
        </extensions>
      </trkpt>
      <trkpt lat="41.24631629325449466705322265625" lon="115.10118895210325717926025390625">
        <ele>1665.4000244140625</ele>
        <time>2026-06-13T03:28:05.000Z</time>
        <extensions>
          <ns3:TrackPointExtension>
            <ns3:hr>155</ns3:hr>
            <ns3:cad>101</ns3:cad>
          </ns3:TrackPointExtension>
        </extensions>
      </trkpt>
      <trkpt lat="41.246346049010753631591796875" lon="115.1012156903743743896484375">
        <ele>1665.199951171875</ele>
        <time>2026-06-13T03:28:06.000Z</time>
        <extensions>
          <ns3:TrackPointExtension>
            <ns3:hr>155</ns3:hr>
            <ns3:cad>101</ns3:cad>
          </ns3:TrackPointExtension>
        </extensions>
      </trkpt>
      <trkpt lat="41.2463812530040740966796875" lon="115.101240165531635284423828125">
        <ele>1665</ele>
        <time>2026-06-13T03:28:07.000Z</time>
        <extensions>
          <ns3:TrackPointExtension>
            <ns3:hr>155</ns3:hr>
            <ns3:cad>101</ns3:cad>
          </ns3:TrackPointExtension>
        </extensions>
      </trkpt>
      <trkpt lat="41.246405728161334991455078125" lon="115.1012638024985790252685546875">
        <ele>1664.800048828125</ele>
        <time>2026-06-13T03:28:08.000Z</time>
        <extensions>
          <ns3:TrackPointExtension>
            <ns3:hr>154</ns3:hr>
            <ns3:cad>101</ns3:cad>
          </ns3:TrackPointExtension>
        </extensions>
      </trkpt>
      <trkpt lat="41.24643464572727680206298828125" lon="115.10128417052328586578369140625">
        <ele>1664.5999755859375</ele>
        <time>2026-06-13T03:28:09.000Z</time>
        <extensions>
          <ns3:TrackPointExtension>
            <ns3:hr>155</ns3:hr>
            <ns3:cad>101</ns3:cad>
          </ns3:TrackPointExtension>
        </extensions>
      </trkpt>
      <trkpt lat="41.246470771729946136474609375" lon="115.10130713693797588348388671875">
        <ele>1664.4000244140625</ele>
        <time>2026-06-13T03:28:10.000Z</time>
        <extensions>
          <ns3:TrackPointExtension>
            <ns3:hr>155</ns3:hr>
            <ns3:cad>101</ns3:cad>
          </ns3:TrackPointExtension>
        </extensions>
      </trkpt>
      <trkpt lat="41.24649231322109699249267578125" lon="115.10132608003914356231689453125">
        <ele>1664.199951171875</ele>
        <time>2026-06-13T03:28:11.000Z</time>
        <extensions>
          <ns3:TrackPointExtension>
            <ns3:hr>155</ns3:hr>
            <ns3:cad>101</ns3:cad>
          </ns3:TrackPointExtension>
        </extensions>
      </trkpt>
      <trkpt lat="41.246521733701229095458984375" lon="115.10134284384548664093017578125">
        <ele>1664</ele>
        <time>2026-06-13T03:28:12.000Z</time>
        <extensions>
          <ns3:TrackPointExtension>
            <ns3:hr>154</ns3:hr>
            <ns3:cad>101</ns3:cad>
          </ns3:TrackPointExtension>
        </extensions>
      </trkpt>
      <trkpt lat="41.2465560995042324066162109375" lon="115.1013637147843837738037109375">
        <ele>1663.800048828125</ele>
        <time>2026-06-13T03:28:13.000Z</time>
        <extensions>
          <ns3:TrackPointExtension>
            <ns3:hr>155</ns3:hr>
            <ns3:cad>101</ns3:cad>
          </ns3:TrackPointExtension>
        </extensions>
      </trkpt>
      <trkpt lat="41.24658132903277873992919921875" lon="115.10138265788555145263671875">
        <ele>1663.5999755859375</ele>
        <time>2026-06-13T03:28:14.000Z</time>
        <extensions>
          <ns3:TrackPointExtension>
            <ns3:hr>155</ns3:hr>
            <ns3:cad>101</ns3:cad>
          </ns3:TrackPointExtension>
        </extensions>
      </trkpt>
      <trkpt lat="41.24661049805581569671630859375" lon="115.1013932190835475921630859375">
        <ele>1663.5999755859375</ele>
        <time>2026-06-13T03:28:15.000Z</time>
        <extensions>
          <ns3:TrackPointExtension>
            <ns3:hr>155</ns3:hr>
            <ns3:cad>101</ns3:cad>
          </ns3:TrackPointExtension>
        </extensions>
      </trkpt>
      <trkpt lat="41.2466439418494701385498046875" lon="115.10141157545149326324462890625">
        <ele>1663.4000244140625</ele>
        <time>2026-06-13T03:28:16.000Z</time>
        <extensions>
          <ns3:TrackPointExtension>
            <ns3:hr>155</ns3:hr>
            <ns3:cad>100</ns3:cad>
          </ns3:TrackPointExtension>
        </extensions>
      </trkpt>
      <trkpt lat="41.246669590473175048828125" lon="115.10142917744815349578857421875">
        <ele>1663.199951171875</ele>
        <time>2026-06-13T03:28:17.000Z</time>
        <extensions>
          <ns3:TrackPointExtension>
            <ns3:hr>155</ns3:hr>
            <ns3:cad>100</ns3:cad>
          </ns3:TrackPointExtension>
        </extensions>
      </trkpt>
      <trkpt lat="41.24670110642910003662109375" lon="115.1014421693980693817138671875">
        <ele>1663</ele>
        <time>2026-06-13T03:28:18.000Z</time>
        <extensions>
          <ns3:TrackPointExtension>
            <ns3:hr>156</ns3:hr>
            <ns3:cad>100</ns3:cad>
          </ns3:TrackPointExtension>
        </extensions>
      </trkpt>
      <trkpt lat="41.24673505313694477081298828125" lon="115.10145717300474643707275390625">
        <ele>1663</ele>
        <time>2026-06-13T03:28:19.000Z</time>
        <extensions>
          <ns3:TrackPointExtension>
            <ns3:hr>156</ns3:hr>
            <ns3:cad>100</ns3:cad>
          </ns3:TrackPointExtension>
        </extensions>
      </trkpt>
      <trkpt lat="41.24675810337066650390625" lon="115.10147125460207462310791015625">
        <ele>1663</ele>
        <time>2026-06-13T03:28:20.000Z</time>
        <extensions>
          <ns3:TrackPointExtension>
            <ns3:hr>156</ns3:hr>
            <ns3:cad>100</ns3:cad>
          </ns3:TrackPointExtension>
        </extensions>
      </trkpt>
      <trkpt lat="41.2467857636511325836181640625" lon="115.10148416273295879364013671875">
        <ele>1662.800048828125</ele>
        <time>2026-06-13T03:28:21.000Z</time>
        <extensions>
          <ns3:TrackPointExtension>
            <ns3:hr>155</ns3:hr>
            <ns3:cad>100</ns3:cad>
          </ns3:TrackPointExtension>
        </extensions>
      </trkpt>
      <trkpt lat="41.2468169443309307098388671875" lon="115.1014998368918895721435546875">
        <ele>1662.800048828125</ele>
        <time>2026-06-13T03:28:22.000Z</time>
        <extensions>
          <ns3:TrackPointExtension>
            <ns3:hr>155</ns3:hr>
            <ns3:cad>100</ns3:cad>
          </ns3:TrackPointExtension>
        </extensions>
      </trkpt>
      <trkpt lat="41.24684049747884273529052734375" lon="115.1015172712504863739013671875">
        <ele>1662.5999755859375</ele>
        <time>2026-06-13T03:28:23.000Z</time>
        <extensions>
          <ns3:TrackPointExtension>
            <ns3:hr>155</ns3:hr>
            <ns3:cad>100</ns3:cad>
          </ns3:TrackPointExtension>
        </extensions>
      </trkpt>
      <trkpt lat="41.2468682415783405303955078125" lon="115.1015380583703517913818359375">
        <ele>1662.5999755859375</ele>
        <time>2026-06-13T03:28:24.000Z</time>
        <extensions>
          <ns3:TrackPointExtension>
            <ns3:hr>156</ns3:hr>
            <ns3:cad>100</ns3:cad>
          </ns3:TrackPointExtension>
        </extensions>
      </trkpt>
      <trkpt lat="41.24689816497266292572021484375" lon="115.10155490599572658538818359375">
        <ele>1662.4000244140625</ele>
        <time>2026-06-13T03:28:25.000Z</time>
        <extensions>
          <ns3:TrackPointExtension>
            <ns3:hr>156</ns3:hr>
            <ns3:cad>100</ns3:cad>
          </ns3:TrackPointExtension>
        </extensions>
      </trkpt>
      <trkpt lat="41.2469235621392726898193359375" lon="115.10157317854464054107666015625">
        <ele>1662.4000244140625</ele>
        <time>2026-06-13T03:28:26.000Z</time>
        <extensions>
          <ns3:TrackPointExtension>
            <ns3:hr>156</ns3:hr>
            <ns3:cad>100</ns3:cad>
          </ns3:TrackPointExtension>
        </extensions>
      </trkpt>
      <trkpt lat="41.2469523958861827850341796875" lon="115.10158893652260303497314453125">
        <ele>1662.5999755859375</ele>
        <time>2026-06-13T03:28:27.000Z</time>
        <extensions>
          <ns3:TrackPointExtension>
            <ns3:hr>156</ns3:hr>
            <ns3:cad>100</ns3:cad>
          </ns3:TrackPointExtension>
        </extensions>
      </trkpt>
      <trkpt lat="41.2469829060137271881103515625" lon="115.1016074605286121368408203125">
        <ele>1662.5999755859375</ele>
        <time>2026-06-13T03:28:28.000Z</time>
        <extensions>
          <ns3:TrackPointExtension>
            <ns3:hr>155</ns3:hr>
            <ns3:cad>100</ns3:cad>
          </ns3:TrackPointExtension>
        </extensions>
      </trkpt>
      <trkpt lat="41.247006542980670928955078125" lon="115.101627744734287261962890625">
        <ele>1662.800048828125</ele>
        <time>2026-06-13T03:28:29.000Z</time>
        <extensions>
          <ns3:TrackPointExtension>
            <ns3:hr>156</ns3:hr>
            <ns3:cad>100</ns3:cad>
          </ns3:TrackPointExtension>
        </extensions>
      </trkpt>
      <trkpt lat="41.24703814275562763214111328125" lon="115.10164358653128147125244140625">
        <ele>1662.800048828125</ele>
        <time>2026-06-13T03:28:30.000Z</time>
        <extensions>
          <ns3:TrackPointExtension>
            <ns3:hr>156</ns3:hr>
            <ns3:cad>100</ns3:cad>
          </ns3:TrackPointExtension>
        </extensions>
      </trkpt>
      <trkpt lat="41.24706747941672801971435546875" lon="115.10166160762310028076171875">
        <ele>1662.800048828125</ele>
        <time>2026-06-13T03:28:31.000Z</time>
        <extensions>
          <ns3:TrackPointExtension>
            <ns3:hr>156</ns3:hr>
            <ns3:cad>100</ns3:cad>
          </ns3:TrackPointExtension>
        </extensions>
      </trkpt>
      <trkpt lat="41.24708994291722774505615234375" lon="115.1016788743436336517333984375">
        <ele>1662.800048828125</ele>
        <time>2026-06-13T03:28:32.000Z</time>
        <extensions>
          <ns3:TrackPointExtension>
            <ns3:hr>156</ns3:hr>
            <ns3:cad>99</ns3:cad>
          </ns3:TrackPointExtension>
        </extensions>
      </trkpt>
      <trkpt lat="41.24711793847382068634033203125" lon="115.101694129407405853271484375">
        <ele>1662.800048828125</ele>
        <time>2026-06-13T03:28:33.000Z</time>
        <extensions>
          <ns3:TrackPointExtension>
            <ns3:hr>155</ns3:hr>
            <ns3:cad>99</ns3:cad>
          </ns3:TrackPointExtension>
        </extensions>
      </trkpt>
      <trkpt lat="41.24714358709752559661865234375" lon="115.10171030648052692413330078125">
        <ele>1663</ele>
        <time>2026-06-13T03:28:34.000Z</time>
        <extensions>
          <ns3:TrackPointExtension>
            <ns3:hr>155</ns3:hr>
            <ns3:cad>98</ns3:cad>
          </ns3:TrackPointExtension>
        </extensions>
      </trkpt>
      <trkpt lat="41.2471679784357547760009765625" lon="115.1017315126955509185791015625">
        <ele>1663</ele>
        <time>2026-06-13T03:28:35.000Z</time>
        <extensions>
          <ns3:TrackPointExtension>
            <ns3:hr>155</ns3:hr>
            <ns3:cad>98</ns3:cad>
          </ns3:TrackPointExtension>
        </extensions>
      </trkpt>
      <trkpt lat="41.2471968121826648712158203125" lon="115.10174810886383056640625">
        <ele>1663.199951171875</ele>
        <time>2026-06-13T03:28:36.000Z</time>
        <extensions>
          <ns3:TrackPointExtension>
            <ns3:hr>155</ns3:hr>
            <ns3:cad>98</ns3:cad>
          </ns3:TrackPointExtension>
        </extensions>
      </trkpt>
      <trkpt lat="41.247227154672145843505859375" lon="115.10176219046115875244140625">
        <ele>1663.199951171875</ele>
        <time>2026-06-13T03:28:37.000Z</time>
        <extensions>
          <ns3:TrackPointExtension>
            <ns3:hr>155</ns3:hr>
            <ns3:cad>98</ns3:cad>
          </ns3:TrackPointExtension>
        </extensions>
      </trkpt>
      <trkpt lat="41.24724953435361385345458984375" lon="115.10177652351558208465576171875">
        <ele>1663.4000244140625</ele>
        <time>2026-06-13T03:28:38.000Z</time>
        <extensions>
          <ns3:TrackPointExtension>
            <ns3:hr>155</ns3:hr>
            <ns3:cad>98</ns3:cad>
          </ns3:TrackPointExtension>
        </extensions>
      </trkpt>
      <trkpt lat="41.24728172086179256439208984375" lon="115.1017975620925426483154296875">
        <ele>1663.4000244140625</ele>
        <time>2026-06-13T03:28:39.000Z</time>
        <extensions>
          <ns3:TrackPointExtension>
            <ns3:hr>155</ns3:hr>
            <ns3:cad>98</ns3:cad>
          </ns3:TrackPointExtension>
        </extensions>
      </trkpt>
      <trkpt lat="41.24730669893324375152587890625" lon="115.10181340388953685760498046875">
        <ele>1663.4000244140625</ele>
        <time>2026-06-13T03:28:40.000Z</time>
        <extensions>
          <ns3:TrackPointExtension>
            <ns3:hr>154</ns3:hr>
            <ns3:cad>98</ns3:cad>
          </ns3:TrackPointExtension>
        </extensions>
      </trkpt>
      <trkpt lat="41.24733201228082180023193359375" lon="115.10182916186749935150146484375">
        <ele>1663.4000244140625</ele>
        <time>2026-06-13T03:28:41.000Z</time>
        <extensions>
          <ns3:TrackPointExtension>
            <ns3:hr>155</ns3:hr>
            <ns3:cad>98</ns3:cad>
          </ns3:TrackPointExtension>
        </extensions>
      </trkpt>
      <trkpt lat="41.24736252240836620330810546875" lon="115.10184961371123790740966796875">
        <ele>1663.4000244140625</ele>
        <time>2026-06-13T03:28:42.000Z</time>
        <extensions>
          <ns3:TrackPointExtension>
            <ns3:hr>156</ns3:hr>
            <ns3:cad>99</ns3:cad>
          </ns3:TrackPointExtension>
        </extensions>
      </trkpt>
      <trkpt lat="41.24738381244242191314697265625" lon="115.1018642820417881011962890625">
        <ele>1663.5999755859375</ele>
        <time>2026-06-13T03:28:43.000Z</time>
        <extensions>
          <ns3:TrackPointExtension>
            <ns3:hr>156</ns3:hr>
            <ns3:cad>99</ns3:cad>
          </ns3:TrackPointExtension>
        </extensions>
      </trkpt>
      <trkpt lat="41.2474107183516025543212890625" lon="115.1018803752958774566650390625">
        <ele>1663.5999755859375</ele>
        <time>2026-06-13T03:28:44.000Z</time>
        <extensions>
          <ns3:TrackPointExtension>
            <ns3:hr>156</ns3:hr>
            <ns3:cad>99</ns3:cad>
          </ns3:TrackPointExtension>
        </extensions>
      </trkpt>
      <trkpt lat="41.247436366975307464599609375" lon="115.10189705528318881988525390625">
        <ele>1663.5999755859375</ele>
        <time>2026-06-13T03:28:45.000Z</time>
        <extensions>
          <ns3:TrackPointExtension>
            <ns3:hr>156</ns3:hr>
            <ns3:cad>99</ns3:cad>
          </ns3:TrackPointExtension>
        </extensions>
      </trkpt>
      <trkpt lat="41.24745807610452175140380859375" lon="115.10191398672759532928466796875">
        <ele>1663.5999755859375</ele>
        <time>2026-06-13T03:28:46.000Z</time>
        <extensions>
          <ns3:TrackPointExtension>
            <ns3:hr>156</ns3:hr>
            <ns3:cad>99</ns3:cad>
          </ns3:TrackPointExtension>
        </extensions>
      </trkpt>
      <trkpt lat="41.24748791567981243133544921875" lon="115.10193745605647563934326171875">
        <ele>1663.5999755859375</ele>
        <time>2026-06-13T03:28:47.000Z</time>
        <extensions>
          <ns3:TrackPointExtension>
            <ns3:hr>156</ns3:hr>
            <ns3:cad>99</ns3:cad>
          </ns3:TrackPointExtension>
        </extensions>
      </trkpt>
      <trkpt lat="41.24751524068415164947509765625" lon="115.101955644786357879638671875">
        <ele>1663.4000244140625</ele>
        <time>2026-06-13T03:28:48.000Z</time>
        <extensions>
          <ns3:TrackPointExtension>
            <ns3:hr>156</ns3:hr>
            <ns3:cad>99</ns3:cad>
          </ns3:TrackPointExtension>
        </extensions>
      </trkpt>
      <trkpt lat="41.24754239805042743682861328125" lon="115.10197517462074756622314453125">
        <ele>1663.199951171875</ele>
        <time>2026-06-13T03:28:49.000Z</time>
        <extensions>
          <ns3:TrackPointExtension>
            <ns3:hr>157</ns3:hr>
            <ns3:cad>99</ns3:cad>
          </ns3:TrackPointExtension>
        </extensions>
      </trkpt>
      <trkpt lat="41.24757684767246246337890625" lon="115.10200166143476963043212890625">
        <ele>1663</ele>
        <time>2026-06-13T03:28:50.000Z</time>
        <extensions>
          <ns3:TrackPointExtension>
            <ns3:hr>157</ns3:hr>
            <ns3:cad>97</ns3:cad>
          </ns3:TrackPointExtension>
        </extensions>
      </trkpt>
      <trkpt lat="41.24760274775326251983642578125" lon="115.102020688354969024658203125">
        <ele>1662.800048828125</ele>
        <time>2026-06-13T03:28:51.000Z</time>
        <extensions>
          <ns3:TrackPointExtension>
            <ns3:hr>158</ns3:hr>
            <ns3:cad>97</ns3:cad>
          </ns3:TrackPointExtension>
        </extensions>
      </trkpt>
      <trkpt lat="41.24763443134725093841552734375" lon="115.10203988291323184967041015625">
        <ele>1662.800048828125</ele>
        <time>2026-06-13T03:28:52.000Z</time>
        <extensions>
          <ns3:TrackPointExtension>
            <ns3:hr>158</ns3:hr>
            <ns3:cad>97</ns3:cad>
          </ns3:TrackPointExtension>
        </extensions>
      </trkpt>
      <trkpt lat="41.24766527675092220306396484375" lon="115.1020590774714946746826171875">
        <ele>1662.5999755859375</ele>
        <time>2026-06-13T03:28:53.000Z</time>
        <extensions>
          <ns3:TrackPointExtension>
            <ns3:hr>159</ns3:hr>
            <ns3:cad>97</ns3:cad>
          </ns3:TrackPointExtension>
        </extensions>
      </trkpt>
      <trkpt lat="41.247688494622707366943359375" lon="115.1020761765539646148681640625">
        <ele>1662.5999755859375</ele>
        <time>2026-06-13T03:28:54.000Z</time>
        <extensions>
          <ns3:TrackPointExtension>
            <ns3:hr>159</ns3:hr>
            <ns3:cad>97</ns3:cad>
          </ns3:TrackPointExtension>
        </extensions>
      </trkpt>
      <trkpt lat="41.24771942384541034698486328125" lon="115.102097131311893463134765625">
        <ele>1662.5999755859375</ele>
        <time>2026-06-13T03:28:55.000Z</time>
        <extensions>
          <ns3:TrackPointExtension>
            <ns3:hr>159</ns3:hr>
            <ns3:cad>97</ns3:cad>
          </ns3:TrackPointExtension>
        </extensions>
      </trkpt>
      <trkpt lat="41.24774892814457416534423828125" lon="115.10211649350821971893310546875">
        <ele>1662.4000244140625</ele>
        <time>2026-06-13T03:28:56.000Z</time>
        <extensions>
          <ns3:TrackPointExtension>
            <ns3:hr>159</ns3:hr>
            <ns3:cad>97</ns3:cad>
          </ns3:TrackPointExtension>
        </extensions>
      </trkpt>
      <trkpt lat="41.2477721460163593292236328125" lon="115.10213526897132396697998046875">
        <ele>1662.4000244140625</ele>
        <time>2026-06-13T03:28:57.000Z</time>
        <extensions>
          <ns3:TrackPointExtension>
            <ns3:hr>159</ns3:hr>
            <ns3:cad>97</ns3:cad>
          </ns3:TrackPointExtension>
        </extensions>
      </trkpt>
      <trkpt lat="41.24779989011585712432861328125" lon="115.10215756483376026153564453125">
        <ele>1662.199951171875</ele>
        <time>2026-06-13T03:28:58.000Z</time>
        <extensions>
          <ns3:TrackPointExtension>
            <ns3:hr>159</ns3:hr>
            <ns3:cad>97</ns3:cad>
          </ns3:TrackPointExtension>
        </extensions>
      </trkpt>
      <trkpt lat="41.2478231079876422882080078125" lon="115.10217986069619655609130859375">
        <ele>1662.199951171875</ele>
        <time>2026-06-13T03:28:59.000Z</time>
        <extensions>
          <ns3:TrackPointExtension>
            <ns3:hr>160</ns3:hr>
            <ns3:cad>98</ns3:cad>
          </ns3:TrackPointExtension>
        </extensions>
      </trkpt>
      <trkpt lat="41.24784867279231548309326171875" lon="115.10220131836831569671630859375">
        <ele>1662</ele>
        <time>2026-06-13T03:29:00.000Z</time>
        <extensions>
          <ns3:TrackPointExtension>
            <ns3:hr>160</ns3:hr>
            <ns3:cad>98</ns3:cad>
          </ns3:TrackPointExtension>
        </extensions>
      </trkpt>
      <trkpt lat="41.247875578701496124267578125" lon="115.1022260449826717376708984375">
        <ele>1661.800048828125</ele>
        <time>2026-06-13T03:29:01.000Z</time>
        <extensions>
          <ns3:TrackPointExtension>
            <ns3:hr>160</ns3:hr>
            <ns3:cad>98</ns3:cad>
          </ns3:TrackPointExtension>
        </extensions>
      </trkpt>
      <trkpt lat="41.24789611436426639556884765625" lon="115.1022501848638057708740234375">
        <ele>1661.5999755859375</ele>
        <time>2026-06-13T03:29:02.000Z</time>
        <extensions>
          <ns3:TrackPointExtension>
            <ns3:hr>160</ns3:hr>
            <ns3:cad>98</ns3:cad>
          </ns3:TrackPointExtension>
        </extensions>
      </trkpt>
      <trkpt lat="41.24792176298797130584716796875" lon="115.10227742604911327362060546875">
        <ele>1661.4000244140625</ele>
        <time>2026-06-13T03:29:03.000Z</time>
        <extensions>
          <ns3:TrackPointExtension>
            <ns3:hr>161</ns3:hr>
            <ns3:cad>97</ns3:cad>
          </ns3:TrackPointExtension>
        </extensions>
      </trkpt>
      <trkpt lat="41.247945986688137054443359375" lon="115.10230441577732563018798828125">
        <ele>1661</ele>
        <time>2026-06-13T03:29:04.000Z</time>
        <extensions>
          <ns3:TrackPointExtension>
            <ns3:hr>161</ns3:hr>
            <ns3:cad>97</ns3:cad>
          </ns3:TrackPointExtension>
        </extensions>
      </trkpt>
      <trkpt lat="41.24796551652252674102783203125" lon="115.1023259572684764862060546875">
        <ele>1660.5999755859375</ele>
        <time>2026-06-13T03:29:05.000Z</time>
        <extensions>
          <ns3:TrackPointExtension>
            <ns3:hr>161</ns3:hr>
            <ns3:cad>99</ns3:cad>
          </ns3:TrackPointExtension>
        </extensions>
      </trkpt>
      <trkpt lat="41.247994601726531982421875" lon="115.10235219262540340423583984375">
        <ele>1660.199951171875</ele>
        <time>2026-06-13T03:29:06.000Z</time>
        <extensions>
          <ns3:TrackPointExtension>
            <ns3:hr>161</ns3:hr>
            <ns3:cad>99</ns3:cad>
          </ns3:TrackPointExtension>
        </extensions>
      </trkpt>
      <trkpt lat="41.24802653677761554718017578125" lon="115.102376751601696014404296875">
        <ele>1659.800048828125</ele>
        <time>2026-06-13T03:29:07.000Z</time>
        <extensions>
          <ns3:TrackPointExtension>
            <ns3:hr>161</ns3:hr>
            <ns3:cad>99</ns3:cad>
          </ns3:TrackPointExtension>
        </extensions>
      </trkpt>
      <trkpt lat="41.24804832972586154937744140625" lon="115.10240164585411548614501953125">
        <ele>1659.4000244140625</ele>
        <time>2026-06-13T03:29:08.000Z</time>
        <extensions>
          <ns3:TrackPointExtension>
            <ns3:hr>161</ns3:hr>
            <ns3:cad>99</ns3:cad>
          </ns3:TrackPointExtension>
        </extensions>
      </trkpt>
      <trkpt lat="41.248074732720851898193359375" lon="115.1024268753826618194580078125">
        <ele>1659</ele>
        <time>2026-06-13T03:29:09.000Z</time>
        <extensions>
          <ns3:TrackPointExtension>
            <ns3:hr>160</ns3:hr>
            <ns3:cad>99</ns3:cad>
          </ns3:TrackPointExtension>
        </extensions>
      </trkpt>
      <trkpt lat="41.24810256063938140869140625" lon="115.10245344601571559906005859375">
        <ele>1658.800048828125</ele>
        <time>2026-06-13T03:29:10.000Z</time>
        <extensions>
          <ns3:TrackPointExtension>
            <ns3:hr>161</ns3:hr>
            <ns3:cad>99</ns3:cad>
          </ns3:TrackPointExtension>
        </extensions>
      </trkpt>
      <trkpt lat="41.248125694692134857177734375" lon="115.1024805195629596710205078125">
        <ele>1658.5999755859375</ele>
        <time>2026-06-13T03:29:11.000Z</time>
        <extensions>
          <ns3:TrackPointExtension>
            <ns3:hr>161</ns3:hr>
            <ns3:cad>99</ns3:cad>
          </ns3:TrackPointExtension>
        </extensions>
      </trkpt>
      <trkpt lat="41.248152516782283782958984375" lon="115.10250574909150600433349609375">
        <ele>1658.199951171875</ele>
        <time>2026-06-13T03:29:12.000Z</time>
        <extensions>
          <ns3:TrackPointExtension>
            <ns3:hr>160</ns3:hr>
            <ns3:cad>99</ns3:cad>
          </ns3:TrackPointExtension>
        </extensions>
      </trkpt>
      <trkpt lat="41.24817741103470325469970703125" lon="115.10252930223941802978515625">
        <ele>1658</ele>
        <time>2026-06-13T03:29:13.000Z</time>
        <extensions>
          <ns3:TrackPointExtension>
            <ns3:hr>160</ns3:hr>
            <ns3:cad>99</ns3:cad>
          </ns3:TrackPointExtension>
        </extensions>
      </trkpt>
      <trkpt lat="41.2482019700109958648681640625" lon="115.102553106844425201416015625">
        <ele>1657.800048828125</ele>
        <time>2026-06-13T03:29:14.000Z</time>
        <extensions>
          <ns3:TrackPointExtension>
            <ns3:hr>160</ns3:hr>
            <ns3:cad>99</ns3:cad>
          </ns3:TrackPointExtension>
        </extensions>
      </trkpt>
      <trkpt lat="41.24823088757693767547607421875" lon="115.10257984511554241180419921875">
        <ele>1657.4000244140625</ele>
        <time>2026-06-13T03:29:15.000Z</time>
        <extensions>
          <ns3:TrackPointExtension>
            <ns3:hr>160</ns3:hr>
            <ns3:cad>98</ns3:cad>
          </ns3:TrackPointExtension>
        </extensions>
      </trkpt>
      <trkpt lat="41.24825418926775455474853515625" lon="115.10260717011988162994384765625">
        <ele>1657.199951171875</ele>
        <time>2026-06-13T03:29:16.000Z</time>
        <extensions>
          <ns3:TrackPointExtension>
            <ns3:hr>160</ns3:hr>
            <ns3:cad>97</ns3:cad>
          </ns3:TrackPointExtension>
        </extensions>
      </trkpt>
      <trkpt lat="41.2482780776917934417724609375" lon="115.1026320643723011016845703125">
        <ele>1657</ele>
        <time>2026-06-13T03:29:17.000Z</time>
        <extensions>
          <ns3:TrackPointExtension>
            <ns3:hr>160</ns3:hr>
            <ns3:cad>97</ns3:cad>
          </ns3:TrackPointExtension>
        </extensions>
      </trkpt>
      <trkpt lat="41.24831018038094043731689453125" lon="115.10265762917697429656982421875">
        <ele>1656.800048828125</ele>
        <time>2026-06-13T03:29:18.000Z</time>
        <extensions>
          <ns3:TrackPointExtension>
            <ns3:hr>159</ns3:hr>
            <ns3:cad>97</ns3:cad>
          </ns3:TrackPointExtension>
        </extensions>
      </trkpt>
      <trkpt lat="41.24833968468010425567626953125" lon="115.1026810146868228912353515625">
        <ele>1656.5999755859375</ele>
        <time>2026-06-13T03:29:19.000Z</time>
        <extensions>
          <ns3:TrackPointExtension>
            <ns3:hr>159</ns3:hr>
            <ns3:cad>98</ns3:cad>
          </ns3:TrackPointExtension>
        </extensions>
      </trkpt>
      <trkpt lat="41.2483645789325237274169921875" lon="115.10270607657730579376220703125">
        <ele>1656.4000244140625</ele>
        <time>2026-06-13T03:29:20.000Z</time>
        <extensions>
          <ns3:TrackPointExtension>
            <ns3:hr>159</ns3:hr>
            <ns3:cad>98</ns3:cad>
          </ns3:TrackPointExtension>
        </extensions>
      </trkpt>
      <trkpt lat="41.24839265830814838409423828125" lon="115.10273449122905731201171875">
        <ele>1656</ele>
        <time>2026-06-13T03:29:21.000Z</time>
        <extensions>
          <ns3:TrackPointExtension>
            <ns3:hr>159</ns3:hr>
            <ns3:cad>100</ns3:cad>
          </ns3:TrackPointExtension>
        </extensions>
      </trkpt>
      <trkpt lat="41.24841763637959957122802734375" lon="115.102761648595333099365234375">
        <ele>1655.800048828125</ele>
        <time>2026-06-13T03:29:22.000Z</time>
        <extensions>
          <ns3:TrackPointExtension>
            <ns3:hr>159</ns3:hr>
            <ns3:cad>99</ns3:cad>
          </ns3:TrackPointExtension>
        </extensions>
      </trkpt>
      <trkpt lat="41.2484413571655750274658203125" lon="115.10278671048581600189208984375">
        <ele>1655.5999755859375</ele>
        <time>2026-06-13T03:29:23.000Z</time>
        <extensions>
          <ns3:TrackPointExtension>
            <ns3:hr>159</ns3:hr>
            <ns3:cad>99</ns3:cad>
          </ns3:TrackPointExtension>
        </extensions>
      </trkpt>
      <trkpt lat="41.248471029102802276611328125" lon="115.1028116047382354736328125">
        <ele>1655.4000244140625</ele>
        <time>2026-06-13T03:29:24.000Z</time>
        <extensions>
          <ns3:TrackPointExtension>
            <ns3:hr>159</ns3:hr>
            <ns3:cad>99</ns3:cad>
          </ns3:TrackPointExtension>
        </extensions>
      </trkpt>
      <trkpt lat="41.24849357642233371734619140625" lon="115.10283750481903553009033203125">
        <ele>1655.199951171875</ele>
        <time>2026-06-13T03:29:25.000Z</time>
        <extensions>
          <ns3:TrackPointExtension>
            <ns3:hr>159</ns3:hr>
            <ns3:cad>99</ns3:cad>
          </ns3:TrackPointExtension>
        </extensions>
      </trkpt>
      <trkpt lat="41.2485171295702457427978515625" lon="115.10286726057529449462890625">
        <ele>1655</ele>
        <time>2026-06-13T03:29:26.000Z</time>
        <extensions>
          <ns3:TrackPointExtension>
            <ns3:hr>159</ns3:hr>
            <ns3:cad>99</ns3:cad>
          </ns3:TrackPointExtension>
        </extensions>
      </trkpt>
      <trkpt lat="41.2485416047275066375732421875" lon="115.1028907299041748046875">
        <ele>1654.5999755859375</ele>
        <time>2026-06-13T03:29:27.000Z</time>
        <extensions>
          <ns3:TrackPointExtension>
            <ns3:hr>158</ns3:hr>
            <ns3:cad>99</ns3:cad>
          </ns3:TrackPointExtension>
        </extensions>
      </trkpt>
      <trkpt lat="41.24856431968510150909423828125" lon="115.10291662998497486114501953125">
        <ele>1654.4000244140625</ele>
        <time>2026-06-13T03:29:28.000Z</time>
        <extensions>
          <ns3:TrackPointExtension>
            <ns3:hr>159</ns3:hr>
            <ns3:cad>99</ns3:cad>
          </ns3:TrackPointExtension>
        </extensions>
      </trkpt>
      <trkpt lat="41.24858913011848926544189453125" lon="115.102940686047077178955078125">
        <ele>1654.199951171875</ele>
        <time>2026-06-13T03:29:29.000Z</time>
        <extensions>
          <ns3:TrackPointExtension>
            <ns3:hr>159</ns3:hr>
            <ns3:cad>100</ns3:cad>
          </ns3:TrackPointExtension>
        </extensions>
      </trkpt>
      <trkpt lat="41.2486160360276699066162109375" lon="115.10296407155692577362060546875">
        <ele>1654.199951171875</ele>
        <time>2026-06-13T03:29:30.000Z</time>
        <extensions>
          <ns3:TrackPointExtension>
            <ns3:hr>159</ns3:hr>
            <ns3:cad>100</ns3:cad>
          </ns3:TrackPointExtension>
        </extensions>
      </trkpt>
      <trkpt lat="41.2486401759088039398193359375" lon="115.10298603214323520660400390625">
        <ele>1654</ele>
        <time>2026-06-13T03:29:31.000Z</time>
        <extensions>
          <ns3:TrackPointExtension>
            <ns3:hr>158</ns3:hr>
            <ns3:cad>100</ns3:cad>
          </ns3:TrackPointExtension>
        </extensions>
      </trkpt>
      <trkpt lat="41.248664148151874542236328125" lon="115.10301075875759124755859375">
        <ele>1653.800048828125</ele>
        <time>2026-06-13T03:29:32.000Z</time>
        <extensions>
          <ns3:TrackPointExtension>
            <ns3:hr>158</ns3:hr>
            <ns3:cad>100</ns3:cad>
          </ns3:TrackPointExtension>
        </extensions>
      </trkpt>
      <trkpt lat="41.24869222752749919891357421875" lon="115.10303565301001071929931640625">
        <ele>1653.5999755859375</ele>
        <time>2026-06-13T03:29:33.000Z</time>
        <extensions>
          <ns3:TrackPointExtension>
            <ns3:hr>158</ns3:hr>
            <ns3:cad>100</ns3:cad>
          </ns3:TrackPointExtension>
        </extensions>
      </trkpt>
      <trkpt lat="41.24871402047574520111083984375" lon="115.1030565239489078521728515625">
        <ele>1653.4000244140625</ele>
        <time>2026-06-13T03:29:34.000Z</time>
        <extensions>
          <ns3:TrackPointExtension>
            <ns3:hr>159</ns3:hr>
            <ns3:cad>100</ns3:cad>
          </ns3:TrackPointExtension>
        </extensions>
      </trkpt>
      <trkpt lat="41.24873832799494266510009765625" lon="115.1030752994120121002197265625">
        <ele>1653.199951171875</ele>
        <time>2026-06-13T03:29:35.000Z</time>
        <extensions>
          <ns3:TrackPointExtension>
            <ns3:hr>159</ns3:hr>
            <ns3:cad>100</ns3:cad>
          </ns3:TrackPointExtension>
        </extensions>
      </trkpt>
      <trkpt lat="41.2487759627401828765869140625" lon="115.10310036130249500274658203125">
        <ele>1653.199951171875</ele>
        <time>2026-06-13T03:29:36.000Z</time>
        <extensions>
          <ns3:TrackPointExtension>
            <ns3:hr>159</ns3:hr>
            <ns3:cad>100</ns3:cad>
          </ns3:TrackPointExtension>
        </extensions>
      </trkpt>
      <trkpt lat="41.24880186282098293304443359375" lon="115.103124417364597320556640625">
        <ele>1653</ele>
        <time>2026-06-13T03:29:37.000Z</time>
        <extensions>
          <ns3:TrackPointExtension>
            <ns3:hr>159</ns3:hr>
            <ns3:cad>100</ns3:cad>
          </ns3:TrackPointExtension>
        </extensions>
      </trkpt>
      <trkpt lat="41.24882633797824382781982421875" lon="115.10314931161701679229736328125">
        <ele>1652.800048828125</ele>
        <time>2026-06-13T03:29:38.000Z</time>
        <extensions>
          <ns3:TrackPointExtension>
            <ns3:hr>159</ns3:hr>
            <ns3:cad>100</ns3:cad>
          </ns3:TrackPointExtension>
        </extensions>
      </trkpt>
      <trkpt lat="41.2488570995628833770751953125" lon="115.10317747481167316436767578125">
        <ele>1652.5999755859375</ele>
        <time>2026-06-13T03:29:39.000Z</time>
        <extensions>
          <ns3:TrackPointExtension>
            <ns3:hr>160</ns3:hr>
            <ns3:cad>100</ns3:cad>
          </ns3:TrackPointExtension>
        </extensions>
      </trkpt>
      <trkpt lat="41.24888149090111255645751953125" lon="115.10320278815925121307373046875">
        <ele>1652.5999755859375</ele>
        <time>2026-06-13T03:29:40.000Z</time>
        <extensions>
          <ns3:TrackPointExtension>
            <ns3:hr>160</ns3:hr>
            <ns3:cad>100</ns3:cad>
          </ns3:TrackPointExtension>
        </extensions>
      </trkpt>
      <trkpt lat="41.24890881590545177459716796875" lon="115.10323128663003444671630859375">
        <ele>1652.4000244140625</ele>
        <time>2026-06-13T03:29:41.000Z</time>
        <extensions>
          <ns3:TrackPointExtension>
            <ns3:hr>160</ns3:hr>
            <ns3:cad>100</ns3:cad>
          </ns3:TrackPointExtension>
        </extensions>
      </trkpt>
      <trkpt lat="41.24894318170845508575439453125" lon="115.10326012037694454193115234375">
        <ele>1652.199951171875</ele>
        <time>2026-06-13T03:29:42.000Z</time>
        <extensions>
          <ns3:TrackPointExtension>
            <ns3:hr>159</ns3:hr>
            <ns3:cad>100</ns3:cad>
          </ns3:TrackPointExtension>
        </extensions>
      </trkpt>
      <trkpt lat="41.24896497465670108795166015625" lon="115.1032836735248565673828125">
        <ele>1651.800048828125</ele>
        <time>2026-06-13T03:29:43.000Z</time>
        <extensions>
          <ns3:TrackPointExtension>
            <ns3:hr>159</ns3:hr>
            <ns3:cad>100</ns3:cad>
          </ns3:TrackPointExtension>
        </extensions>
      </trkpt>
      <trkpt lat="41.24898768961429595947265625" lon="115.10331426747143268585205078125">
        <ele>1651.5999755859375</ele>
        <time>2026-06-13T03:29:44.000Z</time>
        <extensions>
          <ns3:TrackPointExtension>
            <ns3:hr>159</ns3:hr>
            <ns3:cad>99</ns3:cad>
          </ns3:TrackPointExtension>
        </extensions>
      </trkpt>
      <trkpt lat="41.24902180396020412445068359375" lon="115.10334092192351818084716796875">
        <ele>1651.4000244140625</ele>
        <time>2026-06-13T03:29:45.000Z</time>
        <extensions>
          <ns3:TrackPointExtension>
            <ns3:hr>159</ns3:hr>
            <ns3:cad>99</ns3:cad>
          </ns3:TrackPointExtension>
        </extensions>
      </trkpt>
      <trkpt lat="41.2490441836416721343994140625" lon="115.10336506180465221405029296875">
        <ele>1651.199951171875</ele>
        <time>2026-06-13T03:29:46.000Z</time>
        <extensions>
          <ns3:TrackPointExtension>
            <ns3:hr>159</ns3:hr>
            <ns3:cad>99</ns3:cad>
          </ns3:TrackPointExtension>
        </extensions>
      </trkpt>
      <trkpt lat="41.2490713410079479217529296875" lon="115.10339020751416683197021484375">
        <ele>1651.199951171875</ele>
        <time>2026-06-13T03:29:47.000Z</time>
        <extensions>
          <ns3:TrackPointExtension>
            <ns3:hr>159</ns3:hr>
            <ns3:cad>100</ns3:cad>
          </ns3:TrackPointExtension>
        </extensions>
      </trkpt>
      <trkpt lat="41.24910327605903148651123046875" lon="115.103419460356235504150390625">
        <ele>1651</ele>
        <time>2026-06-13T03:29:48.000Z</time>
        <extensions>
          <ns3:TrackPointExtension>
            <ns3:hr>159</ns3:hr>
            <ns3:cad>99</ns3:cad>
          </ns3:TrackPointExtension>
        </extensions>
      </trkpt>
      <trkpt lat="41.2491238117218017578125" lon="115.1034464500844478607177734375">
        <ele>1651</ele>
        <time>2026-06-13T03:29:49.000Z</time>
        <extensions>
          <ns3:TrackPointExtension>
            <ns3:hr>158</ns3:hr>
            <ns3:cad>99</ns3:cad>
          </ns3:TrackPointExtension>
        </extensions>
      </trkpt>
      <trkpt lat="41.2491474486887454986572265625" lon="115.10347687639296054840087890625">
        <ele>1650.800048828125</ele>
        <time>2026-06-13T03:29:50.000Z</time>
        <extensions>
          <ns3:TrackPointExtension>
            <ns3:hr>158</ns3:hr>
            <ns3:cad>99</ns3:cad>
          </ns3:TrackPointExtension>
        </extensions>
      </trkpt>
      <trkpt lat="41.24918106012046337127685546875" lon="115.1035061292350292205810546875">
        <ele>1650.5999755859375</ele>
        <time>2026-06-13T03:29:51.000Z</time>
        <extensions>
          <ns3:TrackPointExtension>
            <ns3:hr>158</ns3:hr>
            <ns3:cad>99</ns3:cad>
          </ns3:TrackPointExtension>
        </extensions>
      </trkpt>
      <trkpt lat="41.24920285306870937347412109375" lon="115.10353320278227329254150390625">
        <ele>1650.4000244140625</ele>
        <time>2026-06-13T03:29:52.000Z</time>
        <extensions>
          <ns3:TrackPointExtension>
            <ns3:hr>158</ns3:hr>
            <ns3:cad>100</ns3:cad>
          </ns3:TrackPointExtension>
        </extensions>
      </trkpt>
      <trkpt lat="41.24922866933047771453857421875" lon="115.103558935225009918212890625">
        <ele>1650.199951171875</ele>
        <time>2026-06-13T03:29:53.000Z</time>
        <extensions>
          <ns3:TrackPointExtension>
            <ns3:hr>158</ns3:hr>
            <ns3:cad>100</ns3:cad>
          </ns3:TrackPointExtension>
        </extensions>
      </trkpt>
      <trkpt lat="41.24926404096186161041259765625" lon="115.1035872660577297210693359375">
        <ele>1650</ele>
        <time>2026-06-13T03:29:54.000Z</time>
        <extensions>
          <ns3:TrackPointExtension>
            <ns3:hr>157</ns3:hr>
            <ns3:cad>100</ns3:cad>
          </ns3:TrackPointExtension>
        </extensions>
      </trkpt>
      <trkpt lat="41.24928248114883899688720703125" lon="115.1036134175956249237060546875">
        <ele>1649.800048828125</ele>
        <time>2026-06-13T03:29:55.000Z</time>
        <extensions>
          <ns3:TrackPointExtension>
            <ns3:hr>157</ns3:hr>
            <ns3:cad>100</ns3:cad>
          </ns3:TrackPointExtension>
        </extensions>
      </trkpt>
      <trkpt lat="41.24930913560092449188232421875" lon="115.10364132933318614959716796875">
        <ele>1649.800048828125</ele>
        <time>2026-06-13T03:29:56.000Z</time>
        <extensions>
          <ns3:TrackPointExtension>
            <ns3:hr>157</ns3:hr>
            <ns3:cad>100</ns3:cad>
          </ns3:TrackPointExtension>
        </extensions>
      </trkpt>
      <trkpt lat="41.2493348680436611175537109375" lon="115.10366924107074737548828125">
        <ele>1649.5999755859375</ele>
        <time>2026-06-13T03:29:57.000Z</time>
        <extensions>
          <ns3:TrackPointExtension>
            <ns3:hr>157</ns3:hr>
            <ns3:cad>99</ns3:cad>
          </ns3:TrackPointExtension>
        </extensions>
      </trkpt>
      <trkpt lat="41.24935238622128963470458984375" lon="115.10369346477091312408447265625">
        <ele>1649.4000244140625</ele>
        <time>2026-06-13T03:29:58.000Z</time>
        <extensions>
          <ns3:TrackPointExtension>
            <ns3:hr>158</ns3:hr>
            <ns3:cad>99</ns3:cad>
          </ns3:TrackPointExtension>
        </extensions>
      </trkpt>
      <trkpt lat="41.24938063323497772216796875" lon="115.10372045449912548065185546875">
        <ele>1649.199951171875</ele>
        <time>2026-06-13T03:29:59.000Z</time>
        <extensions>
          <ns3:TrackPointExtension>
            <ns3:hr>157</ns3:hr>
            <ns3:cad>99</ns3:cad>
          </ns3:TrackPointExtension>
        </extensions>
      </trkpt>
      <trkpt lat="41.249407790601253509521484375" lon="115.10374777950346469879150390625">
        <ele>1649.199951171875</ele>
        <time>2026-06-13T03:30:00.000Z</time>
        <extensions>
          <ns3:TrackPointExtension>
            <ns3:hr>157</ns3:hr>
            <ns3:cad>99</ns3:cad>
          </ns3:TrackPointExtension>
        </extensions>
      </trkpt>
      <trkpt lat="41.249425895512104034423828125" lon="115.1037745177745819091796875">
        <ele>1649</ele>
        <time>2026-06-13T03:30:01.000Z</time>
        <extensions>
          <ns3:TrackPointExtension>
            <ns3:hr>158</ns3:hr>
            <ns3:cad>99</ns3:cad>
          </ns3:TrackPointExtension>
        </extensions>
      </trkpt>
      <trkpt lat="41.24945565126836299896240234375" lon="115.1038040220737457275390625">
        <ele>1648.800048828125</ele>
        <time>2026-06-13T03:30:02.000Z</time>
        <extensions>
          <ns3:TrackPointExtension>
            <ns3:hr>157</ns3:hr>
            <ns3:cad>99</ns3:cad>
          </ns3:TrackPointExtension>
        </extensions>
      </trkpt>
      <trkpt lat="41.24947962351143360137939453125" lon="115.10382506065070629119873046875">
        <ele>1648.800048828125</ele>
        <time>2026-06-13T03:30:03.000Z</time>
        <extensions>
          <ns3:TrackPointExtension>
            <ns3:hr>157</ns3:hr>
            <ns3:cad>99</ns3:cad>
          </ns3:TrackPointExtension>
        </extensions>
      </trkpt>
      <trkpt lat="41.24949789606034755706787109375" lon="115.1038487814366817474365234375">
        <ele>1648.5999755859375</ele>
        <time>2026-06-13T03:30:04.000Z</time>
        <extensions>
          <ns3:TrackPointExtension>
            <ns3:hr>157</ns3:hr>
            <ns3:cad>99</ns3:cad>
          </ns3:TrackPointExtension>
        </extensions>
      </trkpt>
      <trkpt lat="41.2495296634733676910400390625" lon="115.10387619026005268096923828125">
        <ele>1648.5999755859375</ele>
        <time>2026-06-13T03:30:05.000Z</time>
        <extensions>
          <ns3:TrackPointExtension>
            <ns3:hr>157</ns3:hr>
            <ns3:cad>99</ns3:cad>
          </ns3:TrackPointExtension>
        </extensions>
      </trkpt>
      <trkpt lat="41.2495511211454868316650390625" lon="115.10390259325504302978515625">
        <ele>1648.5999755859375</ele>
        <time>2026-06-13T03:30:06.000Z</time>
        <extensions>
          <ns3:TrackPointExtension>
            <ns3:hr>157</ns3:hr>
            <ns3:cad>99</ns3:cad>
          </ns3:TrackPointExtension>
        </extensions>
      </trkpt>
      <trkpt lat="41.24957450665533542633056640625" lon="115.10392966680228710174560546875">
        <ele>1648.4000244140625</ele>
        <time>2026-06-13T03:30:07.000Z</time>
        <extensions>
          <ns3:TrackPointExtension>
            <ns3:hr>157</ns3:hr>
            <ns3:cad>99</ns3:cad>
          </ns3:TrackPointExtension>
        </extensions>
      </trkpt>
      <trkpt lat="41.24960635788738727569580078125" lon="115.103957913815975189208984375">
        <ele>1648.199951171875</ele>
        <time>2026-06-13T03:30:08.000Z</time>
        <extensions>
          <ns3:TrackPointExtension>
            <ns3:hr>157</ns3:hr>
            <ns3:cad>99</ns3:cad>
          </ns3:TrackPointExtension>
        </extensions>
      </trkpt>
      <trkpt lat="41.2496228702366352081298828125" lon="115.1039837300777435302734375">
        <ele>1648</ele>
        <time>2026-06-13T03:30:09.000Z</time>
        <extensions>
          <ns3:TrackPointExtension>
            <ns3:hr>157</ns3:hr>
            <ns3:cad>99</ns3:cad>
          </ns3:TrackPointExtension>
        </extensions>
      </trkpt>
      <trkpt lat="41.24964139424264430999755859375" lon="115.1040113903582096099853515625">
        <ele>1647.5999755859375</ele>
        <time>2026-06-13T03:30:10.000Z</time>
        <extensions>
          <ns3:TrackPointExtension>
            <ns3:hr>158</ns3:hr>
            <ns3:cad>99</ns3:cad>
          </ns3:TrackPointExtension>
        </extensions>
      </trkpt>
      <trkpt lat="41.24967207200825214385986328125" lon="115.10404114611446857452392578125">
        <ele>1647.199951171875</ele>
        <time>2026-06-13T03:30:11.000Z</time>
        <extensions>
          <ns3:TrackPointExtension>
            <ns3:hr>158</ns3:hr>
            <ns3:cad>99</ns3:cad>
          </ns3:TrackPointExtension>
        </extensions>
      </trkpt>
      <trkpt lat="41.24969034455716609954833984375" lon="115.10406754910945892333984375">
        <ele>1647</ele>
        <time>2026-06-13T03:30:12.000Z</time>
        <extensions>
          <ns3:TrackPointExtension>
            <ns3:hr>158</ns3:hr>
            <ns3:cad>99</ns3:cad>
          </ns3:TrackPointExtension>
        </extensions>
      </trkpt>
      <trkpt lat="41.2497120536863803863525390625" lon="115.1040923595428466796875">
        <ele>1646.5999755859375</ele>
        <time>2026-06-13T03:30:13.000Z</time>
        <extensions>
          <ns3:TrackPointExtension>
            <ns3:hr>158</ns3:hr>
            <ns3:cad>100</ns3:cad>
          </ns3:TrackPointExtension>
        </extensions>
      </trkpt>
      <trkpt lat="41.24974851496517658233642578125" lon="115.10411909781396389007568359375">
        <ele>1646.4000244140625</ele>
        <time>2026-06-13T03:30:14.000Z</time>
        <extensions>
          <ns3:TrackPointExtension>
            <ns3:hr>158</ns3:hr>
            <ns3:cad>100</ns3:cad>
          </ns3:TrackPointExtension>
        </extensions>
      </trkpt>
      <trkpt lat="41.24976879917085170745849609375" lon="115.10414441116154193878173828125">
        <ele>1646.4000244140625</ele>
        <time>2026-06-13T03:30:15.000Z</time>
        <extensions>
          <ns3:TrackPointExtension>
            <ns3:hr>157</ns3:hr>
            <ns3:cad>100</ns3:cad>
          </ns3:TrackPointExtension>
        </extensions>
      </trkpt>
      <trkpt lat="41.2497930228710174560546875" lon="115.10417358018457889556884765625">
        <ele>1646.199951171875</ele>
        <time>2026-06-13T03:30:16.000Z</time>
        <extensions>
          <ns3:TrackPointExtension>
            <ns3:hr>158</ns3:hr>
            <ns3:cad>100</ns3:cad>
          </ns3:TrackPointExtension>
        </extensions>
      </trkpt>
      <trkpt lat="41.249826215207576751708984375" lon="115.104197300970554351806640625">
        <ele>1646</ele>
        <time>2026-06-13T03:30:17.000Z</time>
        <extensions>
          <ns3:TrackPointExtension>
            <ns3:hr>158</ns3:hr>
            <ns3:cad>100</ns3:cad>
          </ns3:TrackPointExtension>
        </extensions>
      </trkpt>
      <trkpt lat="41.24984599649906158447265625" lon="115.10422303341329097747802734375">
        <ele>1645.800048828125</ele>
        <time>2026-06-13T03:30:18.000Z</time>
        <extensions>
          <ns3:TrackPointExtension>
            <ns3:hr>158</ns3:hr>
            <ns3:cad>100</ns3:cad>
          </ns3:TrackPointExtension>
        </extensions>
      </trkpt>
      <trkpt lat="41.24986569397151470184326171875" lon="115.10424884967505931854248046875">
        <ele>1645.5999755859375</ele>
        <time>2026-06-13T03:30:19.000Z</time>
        <extensions>
          <ns3:TrackPointExtension>
            <ns3:hr>157</ns3:hr>
            <ns3:cad>100</ns3:cad>
          </ns3:TrackPointExtension>
        </extensions>
      </trkpt>
      <trkpt lat="41.2498961202800273895263671875" lon="115.104279108345508575439453125">
        <ele>1645.199951171875</ele>
        <time>2026-06-13T03:30:20.000Z</time>
        <extensions>
          <ns3:TrackPointExtension>
            <ns3:hr>157</ns3:hr>
            <ns3:cad>100</ns3:cad>
          </ns3:TrackPointExtension>
        </extensions>
      </trkpt>
      <trkpt lat="41.2499177455902099609375" lon="115.10430366732180118560791015625">
        <ele>1645</ele>
        <time>2026-06-13T03:30:21.000Z</time>
        <extensions>
          <ns3:TrackPointExtension>
            <ns3:hr>158</ns3:hr>
            <ns3:cad>100</ns3:cad>
          </ns3:TrackPointExtension>
        </extensions>
      </trkpt>
      <trkpt lat="41.2499378621578216552734375" lon="115.1043272204697132110595703125">
        <ele>1645</ele>
        <time>2026-06-13T03:30:22.000Z</time>
        <extensions>
          <ns3:TrackPointExtension>
            <ns3:hr>157</ns3:hr>
            <ns3:cad>100</ns3:cad>
          </ns3:TrackPointExtension>
        </extensions>
      </trkpt>
      <trkpt lat="41.24996761791408061981201171875" lon="115.1043560542166233062744140625">
        <ele>1644.800048828125</ele>
        <time>2026-06-13T03:30:23.000Z</time>
        <extensions>
          <ns3:TrackPointExtension>
            <ns3:hr>157</ns3:hr>
            <ns3:cad>100</ns3:cad>
          </ns3:TrackPointExtension>
        </extensions>
      </trkpt>
      <trkpt lat="41.24998555518686771392822265625" lon="115.10437994264066219329833984375">
        <ele>1644.5999755859375</ele>
        <time>2026-06-13T03:30:24.000Z</time>
        <extensions>
          <ns3:TrackPointExtension>
            <ns3:hr>157</ns3:hr>
            <ns3:cad>100</ns3:cad>
          </ns3:TrackPointExtension>
        </extensions>
      </trkpt>
      <trkpt lat="41.250003911554813385009765625" lon="115.104406513273715972900390625">
        <ele>1644.4000244140625</ele>
        <time>2026-06-13T03:30:25.000Z</time>
        <extensions>
          <ns3:TrackPointExtension>
            <ns3:hr>157</ns3:hr>
            <ns3:cad>100</ns3:cad>
          </ns3:TrackPointExtension>
        </extensions>
      </trkpt>
      <trkpt lat="41.250036098062992095947265625" lon="115.10443241335451602935791015625">
        <ele>1644.4000244140625</ele>
        <time>2026-06-13T03:30:26.000Z</time>
        <extensions>
          <ns3:TrackPointExtension>
            <ns3:hr>157</ns3:hr>
            <ns3:cad>100</ns3:cad>
          </ns3:TrackPointExtension>
        </extensions>
      </trkpt>
      <trkpt lat="41.25005629844963550567626953125" lon="115.10445990599691867828369140625">
        <ele>1644</ele>
        <time>2026-06-13T03:30:27.000Z</time>
        <extensions>
          <ns3:TrackPointExtension>
            <ns3:hr>157</ns3:hr>
            <ns3:cad>100</ns3:cad>
          </ns3:TrackPointExtension>
        </extensions>
      </trkpt>
      <trkpt lat="41.25007792375981807708740234375" lon="115.10448806919157505035400390625">
        <ele>1643.800048828125</ele>
        <time>2026-06-13T03:30:28.000Z</time>
        <extensions>
          <ns3:TrackPointExtension>
            <ns3:hr>157</ns3:hr>
            <ns3:cad>99</ns3:cad>
          </ns3:TrackPointExtension>
        </extensions>
      </trkpt>
      <trkpt lat="41.250111199915409088134765625" lon="115.10451656766235828399658203125">
        <ele>1643.5999755859375</ele>
        <time>2026-06-13T03:30:29.000Z</time>
        <extensions>
          <ns3:TrackPointExtension>
            <ns3:hr>157</ns3:hr>
            <ns3:cad>101</ns3:cad>
          </ns3:TrackPointExtension>
        </extensions>
      </trkpt>
      <trkpt lat="41.25012637116014957427978515625" lon="115.10454498231410980224609375">
        <ele>1643.199951171875</ele>
        <time>2026-06-13T03:30:30.000Z</time>
        <extensions>
          <ns3:TrackPointExtension>
            <ns3:hr>157</ns3:hr>
            <ns3:cad>101</ns3:cad>
          </ns3:TrackPointExtension>
        </extensions>
      </trkpt>
      <trkpt lat="41.25014581717550754547119140625" lon="115.10457809083163738250732421875">
        <ele>1643</ele>
        <time>2026-06-13T03:30:31.000Z</time>
        <extensions>
          <ns3:TrackPointExtension>
            <ns3:hr>156</ns3:hr>
            <ns3:cad>100</ns3:cad>
          </ns3:TrackPointExtension>
        </extensions>
      </trkpt>
      <trkpt lat="41.25017733313143253326416015625" lon="115.104607678949832916259765625">
        <ele>1642.800048828125</ele>
        <time>2026-06-13T03:30:32.000Z</time>
        <extensions>
          <ns3:TrackPointExtension>
            <ns3:hr>157</ns3:hr>
            <ns3:cad>100</ns3:cad>
          </ns3:TrackPointExtension>
        </extensions>
      </trkpt>
      <trkpt lat="41.250188983976840972900390625" lon="115.10463416576385498046875">
        <ele>1642.5999755859375</ele>
        <time>2026-06-13T03:30:33.000Z</time>
        <extensions>
          <ns3:TrackPointExtension>
            <ns3:hr>157</ns3:hr>
            <ns3:cad>100</ns3:cad>
          </ns3:TrackPointExtension>
        </extensions>
      </trkpt>
      <trkpt lat="41.250209771096706390380859375" lon="115.1046650111675262451171875">
        <ele>1642.199951171875</ele>
        <time>2026-06-13T03:30:34.000Z</time>
        <extensions>
          <ns3:TrackPointExtension>
            <ns3:hr>157</ns3:hr>
            <ns3:cad>100</ns3:cad>
          </ns3:TrackPointExtension>
        </extensions>
      </trkpt>
      <trkpt lat="41.2502360902726650238037109375" lon="115.10469610802829265594482421875">
        <ele>1642</ele>
        <time>2026-06-13T03:30:35.000Z</time>
        <extensions>
          <ns3:TrackPointExtension>
            <ns3:hr>156</ns3:hr>
            <ns3:cad>100</ns3:cad>
          </ns3:TrackPointExtension>
        </extensions>
      </trkpt>
      <trkpt lat="41.25024698674678802490234375" lon="115.1047221757471561431884765625">
        <ele>1641.800048828125</ele>
        <time>2026-06-13T03:30:36.000Z</time>
        <extensions>
          <ns3:TrackPointExtension>
            <ns3:hr>157</ns3:hr>
            <ns3:cad>100</ns3:cad>
          </ns3:TrackPointExtension>
        </extensions>
      </trkpt>
      <trkpt lat="41.25026400201022624969482421875" lon="115.1047597266733646392822265625">
        <ele>1641.5999755859375</ele>
        <time>2026-06-13T03:30:37.000Z</time>
        <extensions>
          <ns3:TrackPointExtension>
            <ns3:hr>157</ns3:hr>
            <ns3:cad>99</ns3:cad>
          </ns3:TrackPointExtension>
        </extensions>
      </trkpt>
      <trkpt lat="41.2502850405871868133544921875" lon="115.1047964394092559814453125">
        <ele>1641.199951171875</ele>
        <time>2026-06-13T03:30:38.000Z</time>
        <extensions>
          <ns3:TrackPointExtension>
            <ns3:hr>157</ns3:hr>
            <ns3:cad>99</ns3:cad>
          </ns3:TrackPointExtension>
        </extensions>
      </trkpt>
      <trkpt lat="41.2502947635948657989501953125" lon="115.1048311404883861541748046875">
        <ele>1641</ele>
        <time>2026-06-13T03:30:39.000Z</time>
        <extensions>
          <ns3:TrackPointExtension>
            <ns3:hr>157</ns3:hr>
            <ns3:cad>99</ns3:cad>
          </ns3:TrackPointExtension>
        </extensions>
      </trkpt>
      <trkpt lat="41.25031546689569950103759765625" lon="115.10486684739589691162109375">
        <ele>1640.5999755859375</ele>
        <time>2026-06-13T03:30:40.000Z</time>
        <extensions>
          <ns3:TrackPointExtension>
            <ns3:hr>157</ns3:hr>
            <ns3:cad>99</ns3:cad>
          </ns3:TrackPointExtension>
        </extensions>
      </trkpt>
      <trkpt lat="41.25033005140721797943115234375" lon="115.1048981957137584686279296875">
        <ele>1640.4000244140625</ele>
        <time>2026-06-13T03:30:41.000Z</time>
        <extensions>
          <ns3:TrackPointExtension>
            <ns3:hr>156</ns3:hr>
            <ns3:cad>99</ns3:cad>
          </ns3:TrackPointExtension>
        </extensions>
      </trkpt>
      <trkpt lat="41.2503437139093875885009765625" lon="115.1049337349832057952880859375">
        <ele>1640</ele>
        <time>2026-06-13T03:30:42.000Z</time>
        <extensions>
          <ns3:TrackPointExtension>
            <ns3:hr>157</ns3:hr>
            <ns3:cad>99</ns3:cad>
          </ns3:TrackPointExtension>
        </extensions>
      </trkpt>
      <trkpt lat="41.25036500394344329833984375" lon="115.104979164898395538330078125">
        <ele>1639.800048828125</ele>
        <time>2026-06-13T03:30:43.000Z</time>
        <extensions>
          <ns3:TrackPointExtension>
            <ns3:hr>157</ns3:hr>
            <ns3:cad>99</ns3:cad>
          </ns3:TrackPointExtension>
        </extensions>
      </trkpt>
      <trkpt lat="41.250372715294361114501953125" lon="115.105012021958827972412109375">
        <ele>1639.4000244140625</ele>
        <time>2026-06-13T03:30:44.000Z</time>
        <extensions>
          <ns3:TrackPointExtension>
            <ns3:hr>157</ns3:hr>
            <ns3:cad>99</ns3:cad>
          </ns3:TrackPointExtension>
        </extensions>
      </trkpt>
      <trkpt lat="41.25039190985262393951416015625" lon="115.1050544343888759613037109375">
        <ele>1639.199951171875</ele>
        <time>2026-06-13T03:30:45.000Z</time>
        <extensions>
          <ns3:TrackPointExtension>
            <ns3:hr>156</ns3:hr>
            <ns3:cad>98</ns3:cad>
          </ns3:TrackPointExtension>
        </extensions>
      </trkpt>
      <trkpt lat="41.2504090927541255950927734375" lon="115.10508921928703784942626953125">
        <ele>1639</ele>
        <time>2026-06-13T03:30:46.000Z</time>
        <extensions>
          <ns3:TrackPointExtension>
            <ns3:hr>157</ns3:hr>
            <ns3:cad>97</ns3:cad>
          </ns3:TrackPointExtension>
        </extensions>
      </trkpt>
      <trkpt lat="41.25042007304728031158447265625" lon="115.105121321976184844970703125">
        <ele>1638.5999755859375</ele>
        <time>2026-06-13T03:30:47.000Z</time>
        <extensions>
          <ns3:TrackPointExtension>
            <ns3:hr>157</ns3:hr>
            <ns3:cad>97</ns3:cad>
          </ns3:TrackPointExtension>
        </extensions>
      </trkpt>
      <trkpt lat="41.25043968670070171356201171875" lon="115.105164237320423126220703125">
        <ele>1638.4000244140625</ele>
        <time>2026-06-13T03:30:48.000Z</time>
        <extensions>
          <ns3:TrackPointExtension>
            <ns3:hr>156</ns3:hr>
            <ns3:cad>97</ns3:cad>
          </ns3:TrackPointExtension>
        </extensions>
      </trkpt>
      <trkpt lat="41.25044538639485836029052734375" lon="115.1051932387053966522216796875">
        <ele>1638</ele>
        <time>2026-06-13T03:30:49.000Z</time>
        <extensions>
          <ns3:TrackPointExtension>
            <ns3:hr>156</ns3:hr>
            <ns3:cad>97</ns3:cad>
          </ns3:TrackPointExtension>
        </extensions>
      </trkpt>
      <trkpt lat="41.2504613958299160003662109375" lon="115.105229280889034271240234375">
        <ele>1637.5999755859375</ele>
        <time>2026-06-13T03:30:50.000Z</time>
        <extensions>
          <ns3:TrackPointExtension>
            <ns3:hr>156</ns3:hr>
            <ns3:cad>97</ns3:cad>
          </ns3:TrackPointExtension>
        </extensions>
      </trkpt>
      <trkpt lat="41.25048100948333740234375" lon="115.1052636466920375823974609375">
        <ele>1637</ele>
        <time>2026-06-13T03:30:51.000Z</time>
        <extensions>
          <ns3:TrackPointExtension>
            <ns3:hr>156</ns3:hr>
            <ns3:cad>96</ns3:cad>
          </ns3:TrackPointExtension>
        </extensions>
      </trkpt>
      <trkpt lat="41.2504865415394306182861328125" lon="115.1052939891815185546875">
        <ele>1636.5999755859375</ele>
        <time>2026-06-13T03:30:52.000Z</time>
        <extensions>
          <ns3:TrackPointExtension>
            <ns3:hr>156</ns3:hr>
            <ns3:cad>96</ns3:cad>
          </ns3:TrackPointExtension>
        </extensions>
      </trkpt>
      <trkpt lat="41.25050573609769344329833984375" lon="115.1053360663354396820068359375">
        <ele>1636.199951171875</ele>
        <time>2026-06-13T03:30:53.000Z</time>
        <extensions>
          <ns3:TrackPointExtension>
            <ns3:hr>156</ns3:hr>
            <ns3:cad>96</ns3:cad>
          </ns3:TrackPointExtension>
        </extensions>
      </trkpt>
      <trkpt lat="41.25051696784794330596923828125" lon="115.10536573827266693115234375">
        <ele>1635.800048828125</ele>
        <time>2026-06-13T03:30:54.000Z</time>
        <extensions>
          <ns3:TrackPointExtension>
            <ns3:hr>156</ns3:hr>
            <ns3:cad>96</ns3:cad>
          </ns3:TrackPointExtension>
        </extensions>
      </trkpt>
      <trkpt lat="41.250534318387508392333984375" lon="115.10539951734244823455810546875">
        <ele>1635.4000244140625</ele>
        <time>2026-06-13T03:30:55.000Z</time>
        <extensions>
          <ns3:TrackPointExtension>
            <ns3:hr>155</ns3:hr>
            <ns3:cad>96</ns3:cad>
          </ns3:TrackPointExtension>
        </extensions>
      </trkpt>
      <trkpt lat="41.25055284239351749420166015625" lon="115.10543522424995899200439453125">
        <ele>1635</ele>
        <time>2026-06-13T03:30:56.000Z</time>
        <extensions>
          <ns3:TrackPointExtension>
            <ns3:hr>155</ns3:hr>
            <ns3:cad>96</ns3:cad>
          </ns3:TrackPointExtension>
        </extensions>
      </trkpt>
      <trkpt lat="41.25055837444961071014404296875" lon="115.10546422563493251800537109375">
        <ele>1634.5999755859375</ele>
        <time>2026-06-13T03:30:57.000Z</time>
        <extensions>
          <ns3:TrackPointExtension>
            <ns3:hr>155</ns3:hr>
            <ns3:cad>96</ns3:cad>
          </ns3:TrackPointExtension>
        </extensions>
      </trkpt>
      <trkpt lat="41.25057094730436801910400390625" lon="115.1054953224956989288330078125">
        <ele>1634</ele>
        <time>2026-06-13T03:30:58.000Z</time>
        <extensions>
          <ns3:TrackPointExtension>
            <ns3:hr>156</ns3:hr>
            <ns3:cad>96</ns3:cad>
          </ns3:TrackPointExtension>
        </extensions>
      </trkpt>
      <trkpt lat="41.250587292015552520751953125" lon="115.10553069412708282470703125">
        <ele>1633.4000244140625</ele>
        <time>2026-06-13T03:30:59.000Z</time>
        <extensions>
          <ns3:TrackPointExtension>
            <ns3:hr>155</ns3:hr>
            <ns3:cad>97</ns3:cad>
          </ns3:TrackPointExtension>
        </extensions>
      </trkpt>
      <trkpt lat="41.25059776939451694488525390625" lon="115.1055617071688175201416015625">
        <ele>1632.800048828125</ele>
        <time>2026-06-13T03:31:00.000Z</time>
        <extensions>
          <ns3:TrackPointExtension>
            <ns3:hr>155</ns3:hr>
            <ns3:cad>97</ns3:cad>
          </ns3:TrackPointExtension>
        </extensions>
      </trkpt>
      <trkpt lat="41.2506146170198917388916015625" lon="115.10559934191405773162841796875">
        <ele>1632.4000244140625</ele>
        <time>2026-06-13T03:31:01.000Z</time>
        <extensions>
          <ns3:TrackPointExtension>
            <ns3:hr>155</ns3:hr>
            <ns3:cad>98</ns3:cad>
          </ns3:TrackPointExtension>
        </extensions>
      </trkpt>
      <trkpt lat="41.25063397921621799468994140625" lon="115.105634294450283050537109375">
        <ele>1632</ele>
        <time>2026-06-13T03:31:02.000Z</time>
        <extensions>
          <ns3:TrackPointExtension>
            <ns3:hr>155</ns3:hr>
            <ns3:cad>98</ns3:cad>
          </ns3:TrackPointExtension>
        </extensions>
      </trkpt>
      <trkpt lat="41.250643618404865264892578125" lon="115.105666816234588623046875">
        <ele>1631.4000244140625</ele>
        <time>2026-06-13T03:31:03.000Z</time>
        <extensions>
          <ns3:TrackPointExtension>
            <ns3:hr>155</ns3:hr>
            <ns3:cad>98</ns3:cad>
          </ns3:TrackPointExtension>
        </extensions>
      </trkpt>
      <trkpt lat="41.250662393867969512939453125" lon="115.10570545680820941925048828125">
        <ele>1631</ele>
        <time>2026-06-13T03:31:04.000Z</time>
        <extensions>
          <ns3:TrackPointExtension>
            <ns3:hr>155</ns3:hr>
            <ns3:cad>98</ns3:cad>
          </ns3:TrackPointExtension>
        </extensions>
      </trkpt>
      <trkpt lat="41.2506830133497714996337890625" lon="115.1057446002960205078125">
        <ele>1630.5999755859375</ele>
        <time>2026-06-13T03:31:05.000Z</time>
        <extensions>
          <ns3:TrackPointExtension>
            <ns3:hr>155</ns3:hr>
            <ns3:cad>98</ns3:cad>
          </ns3:TrackPointExtension>
        </extensions>
      </trkpt>
      <trkpt lat="41.2506897188723087310791015625" lon="115.1057776249945163726806640625">
        <ele>1630</ele>
        <time>2026-06-13T03:31:06.000Z</time>
        <extensions>
          <ns3:TrackPointExtension>
            <ns3:hr>155</ns3:hr>
            <ns3:cad>98</ns3:cad>
          </ns3:TrackPointExtension>
        </extensions>
      </trkpt>
      <trkpt lat="41.2507034651935100555419921875" lon="115.10581827722489833831787109375">
        <ele>1629.4000244140625</ele>
        <time>2026-06-13T03:31:07.000Z</time>
        <extensions>
          <ns3:TrackPointExtension>
            <ns3:hr>154</ns3:hr>
            <ns3:cad>98</ns3:cad>
          </ns3:TrackPointExtension>
        </extensions>
      </trkpt>
      <trkpt lat="41.2507215701043605804443359375" lon="115.105856247246265411376953125">
        <ele>1628.800048828125</ele>
        <time>2026-06-13T03:31:08.000Z</time>
        <extensions>
          <ns3:TrackPointExtension>
            <ns3:hr>154</ns3:hr>
            <ns3:cad>98</ns3:cad>
          </ns3:TrackPointExtension>
        </extensions>
      </trkpt>
      <trkpt lat="41.25072701834142208099365234375" lon="115.10589036159217357635498046875">
        <ele>1628.199951171875</ele>
        <time>2026-06-13T03:31:09.000Z</time>
        <extensions>
          <ns3:TrackPointExtension>
            <ns3:hr>154</ns3:hr>
            <ns3:cad>98</ns3:cad>
          </ns3:TrackPointExtension>
        </extensions>
      </trkpt>
      <trkpt lat="41.25074026174843311309814453125" lon="115.1059261523187160491943359375">
        <ele>1627.5999755859375</ele>
        <time>2026-06-13T03:31:10.000Z</time>
        <extensions>
          <ns3:TrackPointExtension>
            <ns3:hr>154</ns3:hr>
            <ns3:cad>100</ns3:cad>
          </ns3:TrackPointExtension>
        </extensions>
      </trkpt>
      <trkpt lat="41.25076088123023509979248046875" lon="115.1059673912823200225830078125">
        <ele>1627.199951171875</ele>
        <time>2026-06-13T03:31:11.000Z</time>
        <extensions>
          <ns3:TrackPointExtension>
            <ns3:hr>155</ns3:hr>
            <ns3:cad>101</ns3:cad>
          </ns3:TrackPointExtension>
        </extensions>
      </trkpt>
      <trkpt lat="41.2507695145905017852783203125" lon="115.1060039363801479339599609375">
        <ele>1626.5999755859375</ele>
        <time>2026-06-13T03:31:12.000Z</time>
        <extensions>
          <ns3:TrackPointExtension>
            <ns3:hr>154</ns3:hr>
            <ns3:cad>101</ns3:cad>
          </ns3:TrackPointExtension>
        </extensions>
      </trkpt>
      <trkpt lat="41.25078368000686168670654296875" lon="115.10603872127830982208251953125">
        <ele>1626.199951171875</ele>
        <time>2026-06-13T03:31:13.000Z</time>
        <extensions>
          <ns3:TrackPointExtension>
            <ns3:hr>154</ns3:hr>
            <ns3:cad>101</ns3:cad>
          </ns3:TrackPointExtension>
        </extensions>
      </trkpt>
      <trkpt lat="41.2508030422031879425048828125" lon="115.1060810498893260955810546875">
        <ele>1625.5999755859375</ele>
        <time>2026-06-13T03:31:14.000Z</time>
        <extensions>
          <ns3:TrackPointExtension>
            <ns3:hr>154</ns3:hr>
            <ns3:cad>101</ns3:cad>
          </ns3:TrackPointExtension>
        </extensions>
      </trkpt>
      <trkpt lat="41.2508100830018520355224609375" lon="115.10611549951136112213134765625">
        <ele>1625.199951171875</ele>
        <time>2026-06-13T03:31:15.000Z</time>
        <extensions>
          <ns3:TrackPointExtension>
            <ns3:hr>154</ns3:hr>
            <ns3:cad>100</ns3:cad>
          </ns3:TrackPointExtension>
        </extensions>
      </trkpt>
      <trkpt lat="41.25082575716078281402587890625" lon="115.1061561517417430877685546875">
        <ele>1624.800048828125</ele>
        <time>2026-06-13T03:31:16.000Z</time>
        <extensions>
          <ns3:TrackPointExtension>
            <ns3:hr>154</ns3:hr>
            <ns3:cad>100</ns3:cad>
          </ns3:TrackPointExtension>
        </extensions>
      </trkpt>
      <trkpt lat="41.25084185041487216949462890625" lon="115.10619780980050563812255859375">
        <ele>1624.199951171875</ele>
        <time>2026-06-13T03:31:17.000Z</time>
        <extensions>
          <ns3:TrackPointExtension>
            <ns3:hr>154</ns3:hr>
            <ns3:cad>100</ns3:cad>
          </ns3:TrackPointExtension>
        </extensions>
      </trkpt>
      <trkpt lat="41.25085123814642429351806640625" lon="115.1062312535941600799560546875">
        <ele>1623.800048828125</ele>
        <time>2026-06-13T03:31:18.000Z</time>
        <extensions>
          <ns3:TrackPointExtension>
            <ns3:hr>153</ns3:hr>
            <ns3:cad>100</ns3:cad>
          </ns3:TrackPointExtension>
        </extensions>
      </trkpt>
      <trkpt lat="41.25086716376245021820068359375" lon="115.10626620613038539886474609375">
        <ele>1623.199951171875</ele>
        <time>2026-06-13T03:31:19.000Z</time>
        <extensions>
          <ns3:TrackPointExtension>
            <ns3:hr>153</ns3:hr>
            <ns3:cad>99</ns3:cad>
          </ns3:TrackPointExtension>
        </extensions>
      </trkpt>
      <trkpt lat="41.2508855201303958892822265625" lon="115.1063080318272113800048828125">
        <ele>1622.800048828125</ele>
        <time>2026-06-13T03:31:20.000Z</time>
        <extensions>
          <ns3:TrackPointExtension>
            <ns3:hr>153</ns3:hr>
            <ns3:cad>99</ns3:cad>
          </ns3:TrackPointExtension>
        </extensions>
      </trkpt>
      <trkpt lat="41.25089432112872600555419921875" lon="115.1063432358205318450927734375">
        <ele>1622.199951171875</ele>
        <time>2026-06-13T03:31:21.000Z</time>
        <extensions>
          <ns3:TrackPointExtension>
            <ns3:hr>153</ns3:hr>
            <ns3:cad>100</ns3:cad>
          </ns3:TrackPointExtension>
        </extensions>
      </trkpt>
      <trkpt lat="41.25090756453573703765869140625" lon="115.10637827217578887939453125">
        <ele>1621.800048828125</ele>
        <time>2026-06-13T03:31:22.000Z</time>
        <extensions>
          <ns3:TrackPointExtension>
            <ns3:hr>154</ns3:hr>
            <ns3:cad>100</ns3:cad>
          </ns3:TrackPointExtension>
        </extensions>
      </trkpt>
      <trkpt lat="41.2509257532656192779541015625" lon="115.1064156554639339447021484375">
        <ele>1621.199951171875</ele>
        <time>2026-06-13T03:31:23.000Z</time>
        <extensions>
          <ns3:TrackPointExtension>
            <ns3:hr>153</ns3:hr>
            <ns3:cad>100</ns3:cad>
          </ns3:TrackPointExtension>
        </extensions>
      </trkpt>
      <trkpt lat="41.2509348057210445404052734375" lon="115.1064495183527469635009765625">
        <ele>1620.5999755859375</ele>
        <time>2026-06-13T03:31:24.000Z</time>
        <extensions>
          <ns3:TrackPointExtension>
            <ns3:hr>153</ns3:hr>
            <ns3:cad>101</ns3:cad>
          </ns3:TrackPointExtension>
        </extensions>
      </trkpt>
      <trkpt lat="41.250948049128055572509765625" lon="115.10648262687027454376220703125">
        <ele>1620.199951171875</ele>
        <time>2026-06-13T03:31:25.000Z</time>
        <extensions>
          <ns3:TrackPointExtension>
            <ns3:hr>153</ns3:hr>
            <ns3:cad>101</ns3:cad>
          </ns3:TrackPointExtension>
        </extensions>
      </trkpt>
      <trkpt lat="41.25096590258181095123291015625" lon="115.10652101598680019378662109375">
        <ele>1619.5999755859375</ele>
        <time>2026-06-13T03:31:26.000Z</time>
        <extensions>
          <ns3:TrackPointExtension>
            <ns3:hr>153</ns3:hr>
            <ns3:cad>100</ns3:cad>
          </ns3:TrackPointExtension>
        </extensions>
      </trkpt>
      <trkpt lat="41.250976212322711944580078125" lon="115.1065541245043277740478515625">
        <ele>1619.199951171875</ele>
        <time>2026-06-13T03:31:27.000Z</time>
        <extensions>
          <ns3:TrackPointExtension>
            <ns3:hr>153</ns3:hr>
            <ns3:cad>100</ns3:cad>
          </ns3:TrackPointExtension>
        </extensions>
      </trkpt>
      <trkpt lat="41.2509919703006744384765625" lon="115.10658890940248966217041015625">
        <ele>1618.800048828125</ele>
        <time>2026-06-13T03:31:28.000Z</time>
        <extensions>
          <ns3:TrackPointExtension>
            <ns3:hr>153</ns3:hr>
            <ns3:cad>100</ns3:cad>
          </ns3:TrackPointExtension>
        </extensions>
      </trkpt>
      <trkpt lat="41.2510075606405735015869140625" lon="115.1066282205283641815185546875">
        <ele>1618.4000244140625</ele>
        <time>2026-06-13T03:31:29.000Z</time>
        <extensions>
          <ns3:TrackPointExtension>
            <ns3:hr>153</ns3:hr>
            <ns3:cad>100</ns3:cad>
          </ns3:TrackPointExtension>
        </extensions>
      </trkpt>
      <trkpt lat="41.2510146014392375946044921875" lon="115.10666199959814548492431640625">
        <ele>1618</ele>
        <time>2026-06-13T03:31:30.000Z</time>
        <extensions>
          <ns3:TrackPointExtension>
            <ns3:hr>152</ns3:hr>
            <ns3:cad>100</ns3:cad>
          </ns3:TrackPointExtension>
        </extensions>
      </trkpt>
      <trkpt lat="41.25102792866528034210205078125" lon="115.10669368319213390350341796875">
        <ele>1617.4000244140625</ele>
        <time>2026-06-13T03:31:31.000Z</time>
        <extensions>
          <ns3:TrackPointExtension>
            <ns3:hr>152</ns3:hr>
            <ns3:cad>100</ns3:cad>
          </ns3:TrackPointExtension>
        </extensions>
      </trkpt>
      <trkpt lat="41.2510461173951625823974609375" lon="115.10673609562218189239501953125">
        <ele>1617</ele>
        <time>2026-06-13T03:31:32.000Z</time>
        <extensions>
          <ns3:TrackPointExtension>
            <ns3:hr>152</ns3:hr>
            <ns3:cad>100</ns3:cad>
          </ns3:TrackPointExtension>
        </extensions>
      </trkpt>
      <trkpt lat="41.2510601989924907684326171875" lon="115.10676585137844085693359375">
        <ele>1616.4000244140625</ele>
        <time>2026-06-13T03:31:33.000Z</time>
        <extensions>
          <ns3:TrackPointExtension>
            <ns3:hr>152</ns3:hr>
            <ns3:cad>100</ns3:cad>
          </ns3:TrackPointExtension>
        </extensions>
      </trkpt>
      <trkpt lat="41.2510712631046772003173828125" lon="115.1067955233156681060791015625">
        <ele>1615.800048828125</ele>
        <time>2026-06-13T03:31:34.000Z</time>
        <extensions>
          <ns3:TrackPointExtension>
            <ns3:hr>152</ns3:hr>
            <ns3:cad>100</ns3:cad>
          </ns3:TrackPointExtension>
        </extensions>
      </trkpt>
      <trkpt lat="41.25109263695776462554931640625" lon="115.10683768428862094879150390625">
        <ele>1615.4000244140625</ele>
        <time>2026-06-13T03:31:35.000Z</time>
        <extensions>
          <ns3:TrackPointExtension>
            <ns3:hr>152</ns3:hr>
            <ns3:cad>101</ns3:cad>
          </ns3:TrackPointExtension>
        </extensions>
      </trkpt>
      <trkpt lat="41.25110621564090251922607421875" lon="115.1068712957203388214111328125">
        <ele>1614.800048828125</ele>
        <time>2026-06-13T03:31:36.000Z</time>
        <extensions>
          <ns3:TrackPointExtension>
            <ns3:hr>152</ns3:hr>
            <ns3:cad>101</ns3:cad>
          </ns3:TrackPointExtension>
        </extensions>
      </trkpt>
      <trkpt lat="41.2511175312101840972900390625" lon="115.1069044880568981170654296875">
        <ele>1614.4000244140625</ele>
        <time>2026-06-13T03:31:37.000Z</time>
        <extensions>
          <ns3:TrackPointExtension>
            <ns3:hr>152</ns3:hr>
            <ns3:cad>101</ns3:cad>
          </ns3:TrackPointExtension>
        </extensions>
      </trkpt>
      <trkpt lat="41.25113421119749546051025390625" lon="115.10694731958210468292236328125">
        <ele>1614.199951171875</ele>
        <time>2026-06-13T03:31:38.000Z</time>
        <extensions>
          <ns3:TrackPointExtension>
            <ns3:hr>152</ns3:hr>
            <ns3:cad>101</ns3:cad>
          </ns3:TrackPointExtension>
        </extensions>
      </trkpt>
      <trkpt lat="41.25114862807095050811767578125" lon="115.10698285885155200958251953125">
        <ele>1613.5999755859375</ele>
        <time>2026-06-13T03:31:39.000Z</time>
        <extensions>
          <ns3:TrackPointExtension>
            <ns3:hr>152</ns3:hr>
            <ns3:cad>101</ns3:cad>
          </ns3:TrackPointExtension>
        </extensions>
      </trkpt>
      <trkpt lat="41.2511557526886463165283203125" lon="115.1070147939026355743408203125">
        <ele>1613.199951171875</ele>
        <time>2026-06-13T03:31:40.000Z</time>
        <extensions>
          <ns3:TrackPointExtension>
            <ns3:hr>151</ns3:hr>
            <ns3:cad>100</ns3:cad>
          </ns3:TrackPointExtension>
        </extensions>
      </trkpt>
      <trkpt lat="41.25117368996143341064453125" lon="115.1070560328662395477294921875">
        <ele>1612.5999755859375</ele>
        <time>2026-06-13T03:31:41.000Z</time>
        <extensions>
          <ns3:TrackPointExtension>
            <ns3:hr>151</ns3:hr>
            <ns3:cad>100</ns3:cad>
          </ns3:TrackPointExtension>
        </extensions>
      </trkpt>
      <trkpt lat="41.25118651427328586578369140625" lon="115.1070909015834331512451171875">
        <ele>1612.199951171875</ele>
        <time>2026-06-13T03:31:42.000Z</time>
        <extensions>
          <ns3:TrackPointExtension>
            <ns3:hr>151</ns3:hr>
            <ns3:cad>100</ns3:cad>
          </ns3:TrackPointExtension>
        </extensions>
      </trkpt>
      <trkpt lat="41.2511993385851383209228515625" lon="115.1071234233677387237548828125">
        <ele>1611.800048828125</ele>
        <time>2026-06-13T03:31:43.000Z</time>
        <extensions>
          <ns3:TrackPointExtension>
            <ns3:hr>151</ns3:hr>
            <ns3:cad>100</ns3:cad>
          </ns3:TrackPointExtension>
        </extensions>
      </trkpt>
      <trkpt lat="41.25121568329632282257080078125" lon="115.1071633212268352508544921875">
        <ele>1611.4000244140625</ele>
        <time>2026-06-13T03:31:44.000Z</time>
        <extensions>
          <ns3:TrackPointExtension>
            <ns3:hr>151</ns3:hr>
            <ns3:cad>100</ns3:cad>
          </ns3:TrackPointExtension>
        </extensions>
      </trkpt>
      <trkpt lat="41.251229681074619293212890625" lon="115.1071998663246631622314453125">
        <ele>1611</ele>
        <time>2026-06-13T03:31:45.000Z</time>
        <extensions>
          <ns3:TrackPointExtension>
            <ns3:hr>151</ns3:hr>
            <ns3:cad>99</ns3:cad>
          </ns3:TrackPointExtension>
        </extensions>
      </trkpt>
      <trkpt lat="41.25124401412904262542724609375" lon="115.1072345674037933349609375">
        <ele>1610.5999755859375</ele>
        <time>2026-06-13T03:31:46.000Z</time>
        <extensions>
          <ns3:TrackPointExtension>
            <ns3:hr>151</ns3:hr>
            <ns3:cad>99</ns3:cad>
          </ns3:TrackPointExtension>
        </extensions>
      </trkpt>
      <trkpt lat="41.25126563943922519683837890625" lon="115.1072748005390167236328125">
        <ele>1610.4000244140625</ele>
        <time>2026-06-13T03:31:47.000Z</time>
        <extensions>
          <ns3:TrackPointExtension>
            <ns3:hr>151</ns3:hr>
            <ns3:cad>99</ns3:cad>
          </ns3:TrackPointExtension>
        </extensions>
      </trkpt>
      <trkpt lat="41.25127720646560192108154296875" lon="115.10730807669460773468017578125">
        <ele>1610</ele>
        <time>2026-06-13T03:31:48.000Z</time>
        <extensions>
          <ns3:TrackPointExtension>
            <ns3:hr>151</ns3:hr>
            <ns3:cad>99</ns3:cad>
          </ns3:TrackPointExtension>
        </extensions>
      </trkpt>
      <trkpt lat="41.25128961168229579925537109375" lon="115.10734713636338710784912109375">
        <ele>1609.4000244140625</ele>
        <time>2026-06-13T03:31:49.000Z</time>
        <extensions>
          <ns3:TrackPointExtension>
            <ns3:hr>151</ns3:hr>
            <ns3:cad>99</ns3:cad>
          </ns3:TrackPointExtension>
        </extensions>
      </trkpt>
      <trkpt lat="41.25130754895508289337158203125" lon="115.107387118041515350341796875">
        <ele>1609</ele>
        <time>2026-06-13T03:31:50.000Z</time>
        <extensions>
          <ns3:TrackPointExtension>
            <ns3:hr>151</ns3:hr>
            <ns3:cad>99</ns3:cad>
          </ns3:TrackPointExtension>
        </extensions>
      </trkpt>
      <trkpt lat="41.25131777487695217132568359375" lon="115.1074191369116306304931640625">
        <ele>1608.5999755859375</ele>
        <time>2026-06-13T03:31:51.000Z</time>
        <extensions>
          <ns3:TrackPointExtension>
            <ns3:hr>151</ns3:hr>
            <ns3:cad>99</ns3:cad>
          </ns3:TrackPointExtension>
        </extensions>
      </trkpt>
      <trkpt lat="41.25133453868329524993896484375" lon="115.1074566878378391265869140625">
        <ele>1608.199951171875</ele>
        <time>2026-06-13T03:31:52.000Z</time>
        <extensions>
          <ns3:TrackPointExtension>
            <ns3:hr>151</ns3:hr>
            <ns3:cad>99</ns3:cad>
          </ns3:TrackPointExtension>
        </extensions>
      </trkpt>
      <trkpt lat="41.251347027719020843505859375" lon="115.10749046690762042999267578125">
        <ele>1608</ele>
        <time>2026-06-13T03:31:53.000Z</time>
        <extensions>
          <ns3:TrackPointExtension>
            <ns3:hr>151</ns3:hr>
            <ns3:cad>98</ns3:cad>
          </ns3:TrackPointExtension>
        </extensions>
      </trkpt>
      <trkpt lat="41.2513596005737781524658203125" lon="115.10752801783382892608642578125">
        <ele>1607.5999755859375</ele>
        <time>2026-06-13T03:31:54.000Z</time>
        <extensions>
          <ns3:TrackPointExtension>
            <ns3:hr>150</ns3:hr>
            <ns3:cad>98</ns3:cad>
          </ns3:TrackPointExtension>
        </extensions>
      </trkpt>
      <trkpt lat="41.25137795694172382354736328125" lon="115.10757260955870151519775390625">
        <ele>1607.199951171875</ele>
        <time>2026-06-13T03:31:55.000Z</time>
        <extensions>
          <ns3:TrackPointExtension>
            <ns3:hr>150</ns3:hr>
            <ns3:cad>96</ns3:cad>
          </ns3:TrackPointExtension>
        </extensions>
      </trkpt>
      <trkpt lat="41.25138558447360992431640625" lon="115.1076062209904193878173828125">
        <ele>1606.800048828125</ele>
        <time>2026-06-13T03:31:56.000Z</time>
        <extensions>
          <ns3:TrackPointExtension>
            <ns3:hr>150</ns3:hr>
            <ns3:cad>96</ns3:cad>
          </ns3:TrackPointExtension>
        </extensions>
      </trkpt>
      <trkpt lat="41.25140360556542873382568359375" lon="115.107644610106945037841796875">
        <ele>1606.4000244140625</ele>
        <time>2026-06-13T03:31:57.000Z</time>
        <extensions>
          <ns3:TrackPointExtension>
            <ns3:hr>150</ns3:hr>
            <ns3:cad>96</ns3:cad>
          </ns3:TrackPointExtension>
        </extensions>
      </trkpt>
      <trkpt lat="41.25142238102853298187255859375" lon="115.1076826639473438262939453125">
        <ele>1606.199951171875</ele>
        <time>2026-06-13T03:31:58.000Z</time>
        <extensions>
          <ns3:TrackPointExtension>
            <ns3:hr>149</ns3:hr>
            <ns3:cad>97</ns3:cad>
          </ns3:TrackPointExtension>
        </extensions>
      </trkpt>
      <trkpt lat="41.25143126584589481353759765625" lon="115.1077182032167911529541015625">
        <ele>1605.800048828125</ele>
        <time>2026-06-13T03:31:59.000Z</time>
        <extensions>
          <ns3:TrackPointExtension>
            <ns3:hr>148</ns3:hr>
            <ns3:cad>97</ns3:cad>
          </ns3:TrackPointExtension>
        </extensions>
      </trkpt>
      <trkpt lat="41.2514494545757770538330078125" lon="115.1077575981616973876953125">
        <ele>1605.5999755859375</ele>
        <time>2026-06-13T03:32:00.000Z</time>
        <extensions>
          <ns3:TrackPointExtension>
            <ns3:hr>148</ns3:hr>
            <ns3:cad>98</ns3:cad>
          </ns3:TrackPointExtension>
        </extensions>
      </trkpt>
      <trkpt lat="41.2514655478298664093017578125" lon="115.10779053904116153717041015625">
        <ele>1605.4000244140625</ele>
        <time>2026-06-13T03:32:01.000Z</time>
        <extensions>
          <ns3:TrackPointExtension>
            <ns3:hr>148</ns3:hr>
            <ns3:cad>98</ns3:cad>
          </ns3:TrackPointExtension>
        </extensions>
      </trkpt>
      <trkpt lat="41.25147552229464054107666015625" lon="115.10782339610159397125244140625">
        <ele>1605.199951171875</ele>
        <time>2026-06-13T03:32:02.000Z</time>
        <extensions>
          <ns3:TrackPointExtension>
            <ns3:hr>147</ns3:hr>
            <ns3:cad>97</ns3:cad>
          </ns3:TrackPointExtension>
        </extensions>
      </trkpt>
      <trkpt lat="41.251493878662586212158203125" lon="115.10786497034132480621337890625">
        <ele>1604.800048828125</ele>
        <time>2026-06-13T03:32:03.000Z</time>
        <extensions>
          <ns3:TrackPointExtension>
            <ns3:hr>147</ns3:hr>
            <ns3:cad>97</ns3:cad>
          </ns3:TrackPointExtension>
        </extensions>
      </trkpt>
      <trkpt lat="41.25150452367961406707763671875" lon="115.1078985817730426788330078125">
        <ele>1604.4000244140625</ele>
        <time>2026-06-13T03:32:04.000Z</time>
        <extensions>
          <ns3:TrackPointExtension>
            <ns3:hr>146</ns3:hr>
            <ns3:cad>97</ns3:cad>
          </ns3:TrackPointExtension>
        </extensions>
      </trkpt>
      <trkpt lat="41.25151642598211765289306640625" lon="115.107930265367031097412109375">
        <ele>1604</ele>
        <time>2026-06-13T03:32:05.000Z</time>
        <extensions>
          <ns3:TrackPointExtension>
            <ns3:hr>146</ns3:hr>
            <ns3:cad>97</ns3:cad>
          </ns3:TrackPointExtension>
        </extensions>
      </trkpt>
      <trkpt lat="41.25153352506458759307861328125" lon="115.1079683192074298858642578125">
        <ele>1603.800048828125</ele>
        <time>2026-06-13T03:32:06.000Z</time>
        <extensions>
          <ns3:TrackPointExtension>
            <ns3:hr>145</ns3:hr>
            <ns3:cad>98</ns3:cad>
          </ns3:TrackPointExtension>
        </extensions>
      </trkpt>
      <trkpt lat="41.25154023058712482452392578125" lon="115.1079984940588474273681640625">
        <ele>1603.4000244140625</ele>
        <time>2026-06-13T03:32:07.000Z</time>
        <extensions>
          <ns3:TrackPointExtension>
            <ns3:hr>145</ns3:hr>
            <ns3:cad>98</ns3:cad>
          </ns3:TrackPointExtension>
        </extensions>
      </trkpt>
      <trkpt lat="41.25155984424054622650146484375" lon="115.10803696699440479278564453125">
        <ele>1602.800048828125</ele>
        <time>2026-06-13T03:32:08.000Z</time>
        <extensions>
          <ns3:TrackPointExtension>
            <ns3:hr>145</ns3:hr>
            <ns3:cad>99</ns3:cad>
          </ns3:TrackPointExtension>
        </extensions>
      </trkpt>
      <trkpt lat="41.2515775300562381744384765625" lon="115.1080742664635181427001953125">
        <ele>1602.5999755859375</ele>
        <time>2026-06-13T03:32:09.000Z</time>
        <extensions>
          <ns3:TrackPointExtension>
            <ns3:hr>145</ns3:hr>
            <ns3:cad>99</ns3:cad>
          </ns3:TrackPointExtension>
        </extensions>
      </trkpt>
      <trkpt lat="41.2515865825116634368896484375" lon="115.1081062853336334228515625">
        <ele>1602.199951171875</ele>
        <time>2026-06-13T03:32:10.000Z</time>
        <extensions>
          <ns3:TrackPointExtension>
            <ns3:hr>145</ns3:hr>
            <ns3:cad>99</ns3:cad>
          </ns3:TrackPointExtension>
        </extensions>
      </trkpt>
      <trkpt lat="41.25160711817443370819091796875" lon="115.108150206506252288818359375">
        <ele>1601.800048828125</ele>
        <time>2026-06-13T03:32:11.000Z</time>
        <extensions>
          <ns3:TrackPointExtension>
            <ns3:hr>145</ns3:hr>
            <ns3:cad>97</ns3:cad>
          </ns3:TrackPointExtension>
        </extensions>
      </trkpt>
      <trkpt lat="41.25162203796207904815673828125" lon="115.10819169692695140838623046875">
        <ele>1601.4000244140625</ele>
        <time>2026-06-13T03:32:12.000Z</time>
        <extensions>
          <ns3:TrackPointExtension>
            <ns3:hr>145</ns3:hr>
            <ns3:cad>97</ns3:cad>
          </ns3:TrackPointExtension>
        </extensions>
      </trkpt>
      <trkpt lat="41.25163310207426548004150390625" lon="115.10822505690157413482666015625">
        <ele>1601.199951171875</ele>
        <time>2026-06-13T03:32:13.000Z</time>
        <extensions>
          <ns3:TrackPointExtension>
            <ns3:hr>146</ns3:hr>
            <ns3:cad>97</ns3:cad>
          </ns3:TrackPointExtension>
        </extensions>
      </trkpt>
      <trkpt lat="41.25164986588060855865478515625" lon="115.10826830752193927764892578125">
        <ele>1600.800048828125</ele>
        <time>2026-06-13T03:32:14.000Z</time>
        <extensions>
          <ns3:TrackPointExtension>
            <ns3:hr>145</ns3:hr>
            <ns3:cad>97</ns3:cad>
          </ns3:TrackPointExtension>
        </extensions>
      </trkpt>
      <trkpt lat="41.25166210345923900604248046875" lon="115.10830602608621120452880859375">
        <ele>1600.4000244140625</ele>
        <time>2026-06-13T03:32:15.000Z</time>
        <extensions>
          <ns3:TrackPointExtension>
            <ns3:hr>145</ns3:hr>
            <ns3:cad>97</ns3:cad>
          </ns3:TrackPointExtension>
        </extensions>
      </trkpt>
      <trkpt lat="41.251678951084613800048828125" lon="115.1083458401262760162353515625">
        <ele>1600</ele>
        <time>2026-06-13T03:32:16.000Z</time>
        <extensions>
          <ns3:TrackPointExtension>
            <ns3:hr>145</ns3:hr>
            <ns3:cad>98</ns3:cad>
          </ns3:TrackPointExtension>
        </extensions>
      </trkpt>
      <trkpt lat="41.25169881619513034820556640625" lon="115.1083890907466411590576171875">
        <ele>1599.4000244140625</ele>
        <time>2026-06-13T03:32:17.000Z</time>
        <extensions>
          <ns3:TrackPointExtension>
            <ns3:hr>144</ns3:hr>
            <ns3:cad>98</ns3:cad>
          </ns3:TrackPointExtension>
        </extensions>
      </trkpt>
      <trkpt lat="41.2517079524695873260498046875" lon="115.1084229536354541778564453125">
        <ele>1599</ele>
        <time>2026-06-13T03:32:18.000Z</time>
        <extensions>
          <ns3:TrackPointExtension>
            <ns3:hr>145</ns3:hr>
            <ns3:cad>98</ns3:cad>
          </ns3:TrackPointExtension>
        </extensions>
      </trkpt>
      <trkpt lat="41.2517242133617401123046875" lon="115.1084615103900432586669921875">
        <ele>1598.5999755859375</ele>
        <time>2026-06-13T03:32:19.000Z</time>
        <extensions>
          <ns3:TrackPointExtension>
            <ns3:hr>145</ns3:hr>
            <ns3:cad>98</ns3:cad>
          </ns3:TrackPointExtension>
        </extensions>
      </trkpt>
      <trkpt lat="41.25174357555806636810302734375" lon="115.10850786231458187103271484375">
        <ele>1598.199951171875</ele>
        <time>2026-06-13T03:32:20.000Z</time>
        <extensions>
          <ns3:TrackPointExtension>
            <ns3:hr>145</ns3:hr>
            <ns3:cad>98</ns3:cad>
          </ns3:TrackPointExtension>
        </extensions>
      </trkpt>
      <trkpt lat="41.25175447203218936920166015625" lon="115.1085461676120758056640625">
        <ele>1597.800048828125</ele>
        <time>2026-06-13T03:32:21.000Z</time>
        <extensions>
          <ns3:TrackPointExtension>
            <ns3:hr>145</ns3:hr>
            <ns3:cad>98</ns3:cad>
          </ns3:TrackPointExtension>
        </extensions>
      </trkpt>
      <trkpt lat="41.251775510609149932861328125" lon="115.108588077127933502197265625">
        <ele>1597.4000244140625</ele>
        <time>2026-06-13T03:32:22.000Z</time>
        <extensions>
          <ns3:TrackPointExtension>
            <ns3:hr>145</ns3:hr>
            <ns3:cad>98</ns3:cad>
          </ns3:TrackPointExtension>
        </extensions>
      </trkpt>
      <trkpt lat="41.25179436989128589630126953125" lon="115.10862839408218860626220703125">
        <ele>1597.199951171875</ele>
        <time>2026-06-13T03:32:23.000Z</time>
        <extensions>
          <ns3:TrackPointExtension>
            <ns3:hr>146</ns3:hr>
            <ns3:cad>98</ns3:cad>
          </ns3:TrackPointExtension>
        </extensions>
      </trkpt>
      <trkpt lat="41.251802332699298858642578125" lon="115.10865873657166957855224609375">
        <ele>1597</ele>
        <time>2026-06-13T03:32:24.000Z</time>
        <extensions>
          <ns3:TrackPointExtension>
            <ns3:hr>146</ns3:hr>
            <ns3:cad>98</ns3:cad>
          </ns3:TrackPointExtension>
        </extensions>
      </trkpt>
      <trkpt lat="41.25182186253368854522705078125" lon="115.1086968742311000823974609375">
        <ele>1596.5999755859375</ele>
        <time>2026-06-13T03:32:25.000Z</time>
        <extensions>
          <ns3:TrackPointExtension>
            <ns3:hr>146</ns3:hr>
            <ns3:cad>99</ns3:cad>
          </ns3:TrackPointExtension>
        </extensions>
      </trkpt>
      <trkpt lat="41.251840554177761077880859375" lon="115.1087407954037189483642578125">
        <ele>1596.4000244140625</ele>
        <time>2026-06-13T03:32:26.000Z</time>
        <extensions>
          <ns3:TrackPointExtension>
            <ns3:hr>147</ns3:hr>
            <ns3:cad>99</ns3:cad>
          </ns3:TrackPointExtension>
        </extensions>
      </trkpt>
      <trkpt lat="41.251847259700298309326171875" lon="115.10877273045480251312255859375">
        <ele>1596</ele>
        <time>2026-06-13T03:32:27.000Z</time>
        <extensions>
          <ns3:TrackPointExtension>
            <ns3:hr>147</ns3:hr>
            <ns3:cad>99</ns3:cad>
          </ns3:TrackPointExtension>
        </extensions>
      </trkpt>
      <trkpt lat="41.25186477787792682647705078125" lon="115.108813382685184478759765625">
        <ele>1595.5999755859375</ele>
        <time>2026-06-13T03:32:28.000Z</time>
        <extensions>
          <ns3:TrackPointExtension>
            <ns3:hr>147</ns3:hr>
            <ns3:cad>99</ns3:cad>
          </ns3:TrackPointExtension>
        </extensions>
      </trkpt>
      <trkpt lat="41.25188321806490421295166015625" lon="115.10885654948651790618896484375">
        <ele>1595.199951171875</ele>
        <time>2026-06-13T03:32:29.000Z</time>
        <extensions>
          <ns3:TrackPointExtension>
            <ns3:hr>147</ns3:hr>
            <ns3:cad>99</ns3:cad>
          </ns3:TrackPointExtension>
        </extensions>
      </trkpt>
      <trkpt lat="41.2518906779587268829345703125" lon="115.10889041237533092498779296875">
        <ele>1595</ele>
        <time>2026-06-13T03:32:30.000Z</time>
        <extensions>
          <ns3:TrackPointExtension>
            <ns3:hr>147</ns3:hr>
            <ns3:cad>100</ns3:cad>
          </ns3:TrackPointExtension>
        </extensions>
      </trkpt>
      <trkpt lat="41.2519067712128162384033203125" lon="115.10893173515796661376953125">
        <ele>1594.5999755859375</ele>
        <time>2026-06-13T03:32:31.000Z</time>
        <extensions>
          <ns3:TrackPointExtension>
            <ns3:hr>147</ns3:hr>
            <ns3:cad>100</ns3:cad>
          </ns3:TrackPointExtension>
        </extensions>
      </trkpt>
      <trkpt lat="41.25192412175238132476806640625" lon="115.1089775003492832183837890625">
        <ele>1594.4000244140625</ele>
        <time>2026-06-13T03:32:32.000Z</time>
        <extensions>
          <ns3:TrackPointExtension>
            <ns3:hr>147</ns3:hr>
            <ns3:cad>100</ns3:cad>
          </ns3:TrackPointExtension>
        </extensions>
      </trkpt>
      <trkpt lat="41.2519347667694091796875" lon="115.10901513509452342987060546875">
        <ele>1594.199951171875</ele>
        <time>2026-06-13T03:32:33.000Z</time>
        <extensions>
          <ns3:TrackPointExtension>
            <ns3:hr>148</ns3:hr>
            <ns3:cad>100</ns3:cad>
          </ns3:TrackPointExtension>
        </extensions>
      </trkpt>
      <trkpt lat="41.251952536404132843017578125" lon="115.10905251838266849517822265625">
        <ele>1594</ele>
        <time>2026-06-13T03:32:34.000Z</time>
        <extensions>
          <ns3:TrackPointExtension>
            <ns3:hr>147</ns3:hr>
            <ns3:cad>100</ns3:cad>
          </ns3:TrackPointExtension>
        </extensions>
      </trkpt>
      <trkpt lat="41.2519728206098079681396484375" lon="115.109090320765972137451171875">
        <ele>1593.800048828125</ele>
        <time>2026-06-13T03:32:35.000Z</time>
        <extensions>
          <ns3:TrackPointExtension>
            <ns3:hr>148</ns3:hr>
            <ns3:cad>100</ns3:cad>
          </ns3:TrackPointExtension>
        </extensions>
      </trkpt>
      <trkpt lat="41.25198413617908954620361328125" lon="115.10912862606346607208251953125">
        <ele>1593.5999755859375</ele>
        <time>2026-06-13T03:32:36.000Z</time>
        <extensions>
          <ns3:TrackPointExtension>
            <ns3:hr>148</ns3:hr>
            <ns3:cad>100</ns3:cad>
          </ns3:TrackPointExtension>
        </extensions>
      </trkpt>
      <trkpt lat="41.25200224108994007110595703125" lon="115.1091689430177211761474609375">
        <ele>1593.4000244140625</ele>
        <time>2026-06-13T03:32:37.000Z</time>
        <extensions>
          <ns3:TrackPointExtension>
            <ns3:hr>148</ns3:hr>
            <ns3:cad>100</ns3:cad>
          </ns3:TrackPointExtension>
        </extensions>
      </trkpt>
      <trkpt lat="41.25201934017241001129150390625" lon="115.10920724831521511077880859375">
        <ele>1593.199951171875</ele>
        <time>2026-06-13T03:32:38.000Z</time>
        <extensions>
          <ns3:TrackPointExtension>
            <ns3:hr>149</ns3:hr>
            <ns3:cad>100</ns3:cad>
          </ns3:TrackPointExtension>
        </extensions>
      </trkpt>
      <trkpt lat="41.2520311586558818817138671875" lon="115.1092435419559478759765625">
        <ele>1593</ele>
        <time>2026-06-13T03:32:39.000Z</time>
        <extensions>
          <ns3:TrackPointExtension>
            <ns3:hr>149</ns3:hr>
            <ns3:cad>100</ns3:cad>
          </ns3:TrackPointExtension>
        </extensions>
      </trkpt>
      <trkpt lat="41.252049766480922698974609375" lon="115.10928721167147159576416015625">
        <ele>1593</ele>
        <time>2026-06-13T03:32:40.000Z</time>
        <extensions>
          <ns3:TrackPointExtension>
            <ns3:hr>149</ns3:hr>
            <ns3:cad>100</ns3:cad>
          </ns3:TrackPointExtension>
        </extensions>
      </trkpt>
      <trkpt lat="41.25206644646823406219482421875" lon="115.10932308621704578399658203125">
        <ele>1592.800048828125</ele>
        <time>2026-06-13T03:32:41.000Z</time>
        <extensions>
          <ns3:TrackPointExtension>
            <ns3:hr>150</ns3:hr>
            <ns3:cad>100</ns3:cad>
          </ns3:TrackPointExtension>
        </extensions>
      </trkpt>
      <trkpt lat="41.252072565257549285888671875" lon="115.1093587093055248260498046875">
        <ele>1592.5999755859375</ele>
        <time>2026-06-13T03:32:42.000Z</time>
        <extensions>
          <ns3:TrackPointExtension>
            <ns3:hr>150</ns3:hr>
            <ns3:cad>99</ns3:cad>
          </ns3:TrackPointExtension>
        </extensions>
      </trkpt>
      <trkpt lat="41.25209226273000240325927734375" lon="115.10939768515527248382568359375">
        <ele>1592.5999755859375</ele>
        <time>2026-06-13T03:32:43.000Z</time>
        <extensions>
          <ns3:TrackPointExtension>
            <ns3:hr>150</ns3:hr>
            <ns3:cad>99</ns3:cad>
          </ns3:TrackPointExtension>
        </extensions>
      </trkpt>
      <trkpt lat="41.25211112201213836669921875" lon="115.1094374991953372955322265625">
        <ele>1592.5999755859375</ele>
        <time>2026-06-13T03:32:44.000Z</time>
        <extensions>
          <ns3:TrackPointExtension>
            <ns3:hr>150</ns3:hr>
            <ns3:cad>99</ns3:cad>
          </ns3:TrackPointExtension>
        </extensions>
      </trkpt>
      <trkpt lat="41.25212050974369049072265625" lon="115.109473206102848052978515625">
        <ele>1592.5999755859375</ele>
        <time>2026-06-13T03:32:45.000Z</time>
        <extensions>
          <ns3:TrackPointExtension>
            <ns3:hr>150</ns3:hr>
            <ns3:cad>99</ns3:cad>
          </ns3:TrackPointExtension>
        </extensions>
      </trkpt>
      <trkpt lat="41.25213936902582645416259765625" lon="115.109515450894832611083984375">
        <ele>1592.4000244140625</ele>
        <time>2026-06-13T03:32:46.000Z</time>
        <extensions>
          <ns3:TrackPointExtension>
            <ns3:hr>150</ns3:hr>
            <ns3:cad>99</ns3:cad>
          </ns3:TrackPointExtension>
        </extensions>
      </trkpt>
      <trkpt lat="41.2521555460989475250244140625" lon="115.1095501519739627838134765625">
        <ele>1592.4000244140625</ele>
        <time>2026-06-13T03:32:47.000Z</time>
        <extensions>
          <ns3:TrackPointExtension>
            <ns3:hr>150</ns3:hr>
            <ns3:cad>100</ns3:cad>
          </ns3:TrackPointExtension>
        </extensions>
      </trkpt>
      <trkpt lat="41.252162754535675048828125" lon="115.109582506120204925537109375">
        <ele>1592.199951171875</ele>
        <time>2026-06-13T03:32:48.000Z</time>
        <extensions>
          <ns3:TrackPointExtension>
            <ns3:hr>151</ns3:hr>
            <ns3:cad>100</ns3:cad>
          </ns3:TrackPointExtension>
        </extensions>
      </trkpt>
      <trkpt lat="41.25218077562749385833740234375" lon="115.1096244156360626220703125">
        <ele>1592</ele>
        <time>2026-06-13T03:32:49.000Z</time>
        <extensions>
          <ns3:TrackPointExtension>
            <ns3:hr>151</ns3:hr>
            <ns3:cad>100</ns3:cad>
          </ns3:TrackPointExtension>
        </extensions>
      </trkpt>
      <trkpt lat="41.252194941043853759765625" lon="115.10965836234390735626220703125">
        <ele>1592</ele>
        <time>2026-06-13T03:32:50.000Z</time>
        <extensions>
          <ns3:TrackPointExtension>
            <ns3:hr>151</ns3:hr>
            <ns3:cad>100</ns3:cad>
          </ns3:TrackPointExtension>
        </extensions>
      </trkpt>
      <trkpt lat="41.2522018142044544219970703125" lon="115.10969214141368865966796875">
        <ele>1591.800048828125</ele>
        <time>2026-06-13T03:32:51.000Z</time>
        <extensions>
          <ns3:TrackPointExtension>
            <ns3:hr>150</ns3:hr>
            <ns3:cad>100</ns3:cad>
          </ns3:TrackPointExtension>
        </extensions>
      </trkpt>
      <trkpt lat="41.25221732072532176971435546875" lon="115.109734721481800079345703125">
        <ele>1591.800048828125</ele>
        <time>2026-06-13T03:32:52.000Z</time>
        <extensions>
          <ns3:TrackPointExtension>
            <ns3:hr>151</ns3:hr>
            <ns3:cad>100</ns3:cad>
          </ns3:TrackPointExtension>
        </extensions>
      </trkpt>
      <trkpt lat="41.252230815589427947998046875" lon="115.1097717694938182830810546875">
        <ele>1591.800048828125</ele>
        <time>2026-06-13T03:32:53.000Z</time>
        <extensions>
          <ns3:TrackPointExtension>
            <ns3:hr>151</ns3:hr>
            <ns3:cad>100</ns3:cad>
          </ns3:TrackPointExtension>
        </extensions>
      </trkpt>
      <trkpt lat="41.2522467412054538726806640625" lon="115.109809152781963348388671875">
        <ele>1591.5999755859375</ele>
        <time>2026-06-13T03:32:54.000Z</time>
        <extensions>
          <ns3:TrackPointExtension>
            <ns3:hr>151</ns3:hr>
            <ns3:cad>100</ns3:cad>
          </ns3:TrackPointExtension>
        </extensions>
      </trkpt>
      <trkpt lat="41.25226526521146297454833984375" lon="115.1098485477268695831298828125">
        <ele>1591.5999755859375</ele>
        <time>2026-06-13T03:32:55.000Z</time>
        <extensions>
          <ns3:TrackPointExtension>
            <ns3:hr>151</ns3:hr>
            <ns3:cad>100</ns3:cad>
          </ns3:TrackPointExtension>
        </extensions>
      </trkpt>
      <trkpt lat="41.2522822804749011993408203125" lon="115.1098968274891376495361328125">
        <ele>1591.4000244140625</ele>
        <time>2026-06-13T03:32:56.000Z</time>
        <extensions>
          <ns3:TrackPointExtension>
            <ns3:hr>151</ns3:hr>
            <ns3:cad>100</ns3:cad>
          </ns3:TrackPointExtension>
        </extensions>
      </trkpt>
      <trkpt lat="41.25229091383516788482666015625" lon="115.10993446223437786102294921875">
        <ele>1591.199951171875</ele>
        <time>2026-06-13T03:32:57.000Z</time>
        <extensions>
          <ns3:TrackPointExtension>
            <ns3:hr>151</ns3:hr>
            <ns3:cad>100</ns3:cad>
          </ns3:TrackPointExtension>
        </extensions>
      </trkpt>
      <trkpt lat="41.25231019221246242523193359375" lon="115.109974108636379241943359375">
        <ele>1591</ele>
        <time>2026-06-13T03:32:58.000Z</time>
        <extensions>
          <ns3:TrackPointExtension>
            <ns3:hr>152</ns3:hr>
            <ns3:cad>101</ns3:cad>
          </ns3:TrackPointExtension>
        </extensions>
      </trkpt>
      <trkpt lat="41.25232812948524951934814453125" lon="115.1100160181522369384765625">
        <ele>1590.800048828125</ele>
        <time>2026-06-13T03:32:59.000Z</time>
        <extensions>
          <ns3:TrackPointExtension>
            <ns3:hr>152</ns3:hr>
            <ns3:cad>101</ns3:cad>
          </ns3:TrackPointExtension>
        </extensions>
      </trkpt>
      <trkpt lat="41.2523352541029453277587890625" lon="115.1100540719926357269287109375">
        <ele>1590.5999755859375</ele>
        <time>2026-06-13T03:33:00.000Z</time>
        <extensions>
          <ns3:TrackPointExtension>
            <ns3:hr>152</ns3:hr>
            <ns3:cad>102</ns3:cad>
          </ns3:TrackPointExtension>
        </extensions>
      </trkpt>
      <trkpt lat="41.25235226936638355255126953125" lon="115.11009573005139827728271484375">
        <ele>1590.5999755859375</ele>
        <time>2026-06-13T03:33:01.000Z</time>
        <extensions>
          <ns3:TrackPointExtension>
            <ns3:hr>152</ns3:hr>
            <ns3:cad>102</ns3:cad>
          </ns3:TrackPointExtension>
        </extensions>
      </trkpt>
      <trkpt lat="41.25236568041145801544189453125" lon="115.11013445444405078887939453125">
        <ele>1590.4000244140625</ele>
        <time>2026-06-13T03:33:02.000Z</time>
        <extensions>
          <ns3:TrackPointExtension>
            <ns3:hr>152</ns3:hr>
            <ns3:cad>102</ns3:cad>
          </ns3:TrackPointExtension>
        </extensions>
      </trkpt>
      <trkpt lat="41.2523778341710567474365234375" lon="115.11017301119863986968994140625">
        <ele>1590.199951171875</ele>
        <time>2026-06-13T03:33:03.000Z</time>
        <extensions>
          <ns3:TrackPointExtension>
            <ns3:hr>152</ns3:hr>
            <ns3:cad>102</ns3:cad>
          </ns3:TrackPointExtension>
        </extensions>
      </trkpt>
      <trkpt lat="41.25239635817706584930419921875" lon="115.110218860208988189697265625">
        <ele>1590</ele>
        <time>2026-06-13T03:33:04.000Z</time>
        <extensions>
          <ns3:TrackPointExtension>
            <ns3:hr>152</ns3:hr>
            <ns3:cad>100</ns3:cad>
          </ns3:TrackPointExtension>
        </extensions>
      </trkpt>
      <trkpt lat="41.25241127796471118927001953125" lon="115.11025766842067241668701171875">
        <ele>1590</ele>
        <time>2026-06-13T03:33:05.000Z</time>
        <extensions>
          <ns3:TrackPointExtension>
            <ns3:hr>153</ns3:hr>
            <ns3:cad>99</ns3:cad>
          </ns3:TrackPointExtension>
        </extensions>
      </trkpt>
      <trkpt lat="41.25243541784584522247314453125" lon="115.1102964766323566436767578125">
        <ele>1589.800048828125</ele>
        <time>2026-06-13T03:33:06.000Z</time>
        <extensions>
          <ns3:TrackPointExtension>
            <ns3:hr>153</ns3:hr>
            <ns3:cad>98</ns3:cad>
          </ns3:TrackPointExtension>
        </extensions>
      </trkpt>
      <trkpt lat="41.25245939008891582489013671875" lon="115.1103447563946247100830078125">
        <ele>1589.4000244140625</ele>
        <time>2026-06-13T03:33:07.000Z</time>
        <extensions>
          <ns3:TrackPointExtension>
            <ns3:hr>153</ns3:hr>
            <ns3:cad>98</ns3:cad>
          </ns3:TrackPointExtension>
        </extensions>
      </trkpt>
      <trkpt lat="41.2524717114865779876708984375" lon="115.1103861629962921142578125">
        <ele>1589.199951171875</ele>
        <time>2026-06-13T03:33:08.000Z</time>
        <extensions>
          <ns3:TrackPointExtension>
            <ns3:hr>154</ns3:hr>
            <ns3:cad>99</ns3:cad>
          </ns3:TrackPointExtension>
        </extensions>
      </trkpt>
      <trkpt lat="41.252488978207111358642578125" lon="115.11042564176023006439208984375">
        <ele>1588.800048828125</ele>
        <time>2026-06-13T03:33:09.000Z</time>
        <extensions>
          <ns3:TrackPointExtension>
            <ns3:hr>155</ns3:hr>
            <ns3:cad>99</ns3:cad>
          </ns3:TrackPointExtension>
        </extensions>
      </trkpt>
      <trkpt lat="41.25251236371695995330810546875" lon="115.11047375388443470001220703125">
        <ele>1588.5999755859375</ele>
        <time>2026-06-13T03:33:10.000Z</time>
        <extensions>
          <ns3:TrackPointExtension>
            <ns3:hr>155</ns3:hr>
            <ns3:cad>99</ns3:cad>
          </ns3:TrackPointExtension>
        </extensions>
      </trkpt>
      <trkpt lat="41.25252309255301952362060546875" lon="115.11051096953451633453369140625">
        <ele>1588.4000244140625</ele>
        <time>2026-06-13T03:33:11.000Z</time>
        <extensions>
          <ns3:TrackPointExtension>
            <ns3:hr>155</ns3:hr>
            <ns3:cad>99</ns3:cad>
          </ns3:TrackPointExtension>
        </extensions>
      </trkpt>
      <trkpt lat="41.25253625214099884033203125" lon="115.1105512864887714385986328125">
        <ele>1588.199951171875</ele>
        <time>2026-06-13T03:33:12.000Z</time>
        <extensions>
          <ns3:TrackPointExtension>
            <ns3:hr>155</ns3:hr>
            <ns3:cad>98</ns3:cad>
          </ns3:TrackPointExtension>
        </extensions>
      </trkpt>
      <trkpt lat="41.2525568716228008270263671875" lon="115.11059562675654888153076171875">
        <ele>1588</ele>
        <time>2026-06-13T03:33:13.000Z</time>
        <extensions>
          <ns3:TrackPointExtension>
            <ns3:hr>155</ns3:hr>
            <ns3:cad>99</ns3:cad>
          </ns3:TrackPointExtension>
        </extensions>
      </trkpt>
      <trkpt lat="41.252570115029811859130859375" lon="115.1106267236173152923583984375">
        <ele>1587.800048828125</ele>
        <time>2026-06-13T03:33:14.000Z</time>
        <extensions>
          <ns3:TrackPointExtension>
            <ns3:hr>155</ns3:hr>
            <ns3:cad>99</ns3:cad>
          </ns3:TrackPointExtension>
        </extensions>
      </trkpt>
      <trkpt lat="41.25258243642747402191162109375" lon="115.11065907776355743408203125">
        <ele>1587.5999755859375</ele>
        <time>2026-06-13T03:33:15.000Z</time>
        <extensions>
          <ns3:TrackPointExtension>
            <ns3:hr>155</ns3:hr>
            <ns3:cad>98</ns3:cad>
          </ns3:TrackPointExtension>
        </extensions>
      </trkpt>
      <trkpt lat="41.25260305590927600860595703125" lon="115.110706351697444915771484375">
        <ele>1587.4000244140625</ele>
        <time>2026-06-13T03:33:16.000Z</time>
        <extensions>
          <ns3:TrackPointExtension>
            <ns3:hr>155</ns3:hr>
            <ns3:cad>98</ns3:cad>
          </ns3:TrackPointExtension>
        </extensions>
      </trkpt>
      <trkpt lat="41.25261143781244754791259765625" lon="115.1107407175004482269287109375">
        <ele>1587.199951171875</ele>
        <time>2026-06-13T03:33:17.000Z</time>
        <extensions>
          <ns3:TrackPointExtension>
            <ns3:hr>156</ns3:hr>
            <ns3:cad>100</ns3:cad>
          </ns3:TrackPointExtension>
        </extensions>
      </trkpt>
      <trkpt lat="41.25262686051428318023681640625" lon="115.11077868752181529998779296875">
        <ele>1586.800048828125</ele>
        <time>2026-06-13T03:33:18.000Z</time>
        <extensions>
          <ns3:TrackPointExtension>
            <ns3:hr>156</ns3:hr>
            <ns3:cad>100</ns3:cad>
          </ns3:TrackPointExtension>
        </extensions>
      </trkpt>
      <trkpt lat="41.25264781527221202850341796875" lon="115.11082663200795650482177734375">
        <ele>1586.5999755859375</ele>
        <time>2026-06-13T03:33:19.000Z</time>
        <extensions>
          <ns3:TrackPointExtension>
            <ns3:hr>156</ns3:hr>
            <ns3:cad>100</ns3:cad>
          </ns3:TrackPointExtension>
        </extensions>
      </trkpt>
      <trkpt lat="41.252659969031810760498046875" lon="115.1108654402196407318115234375">
        <ele>1586.4000244140625</ele>
        <time>2026-06-13T03:33:20.000Z</time>
        <extensions>
          <ns3:TrackPointExtension>
            <ns3:hr>156</ns3:hr>
            <ns3:cad>100</ns3:cad>
          </ns3:TrackPointExtension>
        </extensions>
      </trkpt>
      <trkpt lat="41.25267664901912212371826171875" lon="115.11090810410678386688232421875">
        <ele>1586.199951171875</ele>
        <time>2026-06-13T03:33:21.000Z</time>
        <extensions>
          <ns3:TrackPointExtension>
            <ns3:hr>157</ns3:hr>
            <ns3:cad>100</ns3:cad>
          </ns3:TrackPointExtension>
        </extensions>
      </trkpt>
      <trkpt lat="41.25269643031060695648193359375" lon="115.1109485886991024017333984375">
        <ele>1586</ele>
        <time>2026-06-13T03:33:22.000Z</time>
        <extensions>
          <ns3:TrackPointExtension>
            <ns3:hr>157</ns3:hr>
            <ns3:cad>99</ns3:cad>
          </ns3:TrackPointExtension>
        </extensions>
      </trkpt>
      <trkpt lat="41.2527033872902393341064453125" lon="115.11098236776888370513916015625">
        <ele>1585.5999755859375</ele>
        <time>2026-06-13T03:33:23.000Z</time>
        <extensions>
          <ns3:TrackPointExtension>
            <ns3:hr>157</ns3:hr>
            <ns3:cad>99</ns3:cad>
          </ns3:TrackPointExtension>
        </extensions>
      </trkpt>
      <trkpt lat="41.25271839089691638946533203125" lon="115.1110213436186313629150390625">
        <ele>1585.4000244140625</ele>
        <time>2026-06-13T03:33:24.000Z</time>
        <extensions>
          <ns3:TrackPointExtension>
            <ns3:hr>157</ns3:hr>
            <ns3:cad>99</ns3:cad>
          </ns3:TrackPointExtension>
        </extensions>
      </trkpt>
      <trkpt lat="41.2527399323880672454833984375" lon="115.1110593974590301513671875">
        <ele>1585.199951171875</ele>
        <time>2026-06-13T03:33:25.000Z</time>
        <extensions>
          <ns3:TrackPointExtension>
            <ns3:hr>157</ns3:hr>
            <ns3:cad>99</ns3:cad>
          </ns3:TrackPointExtension>
        </extensions>
      </trkpt>
      <trkpt lat="41.25274890102446079254150390625" lon="115.11109284125268459320068359375">
        <ele>1585</ele>
        <time>2026-06-13T03:33:26.000Z</time>
        <extensions>
          <ns3:TrackPointExtension>
            <ns3:hr>157</ns3:hr>
            <ns3:cad>99</ns3:cad>
          </ns3:TrackPointExtension>
        </extensions>
      </trkpt>
      <trkpt lat="41.25276717357337474822998046875" lon="115.11113114655017852783203125">
        <ele>1584.800048828125</ele>
        <time>2026-06-13T03:33:27.000Z</time>
        <extensions>
          <ns3:TrackPointExtension>
            <ns3:hr>156</ns3:hr>
            <ns3:cad>99</ns3:cad>
          </ns3:TrackPointExtension>
        </extensions>
      </trkpt>
      <trkpt lat="41.25278946943581104278564453125" lon="115.1111693680286407470703125">
        <ele>1584.5999755859375</ele>
        <time>2026-06-13T03:33:28.000Z</time>
        <extensions>
          <ns3:TrackPointExtension>
            <ns3:hr>156</ns3:hr>
            <ns3:cad>99</ns3:cad>
          </ns3:TrackPointExtension>
        </extensions>
      </trkpt>
      <trkpt lat="41.25279902480542659759521484375" lon="115.11120532639324665069580078125">
        <ele>1584.4000244140625</ele>
        <time>2026-06-13T03:33:29.000Z</time>
        <extensions>
          <ns3:TrackPointExtension>
            <ns3:hr>156</ns3:hr>
            <ns3:cad>101</ns3:cad>
          </ns3:TrackPointExtension>
        </extensions>
      </trkpt>
      <trkpt lat="41.25281796790659427642822265625" lon="115.111244805157184600830078125">
        <ele>1584.199951171875</ele>
        <time>2026-06-13T03:33:30.000Z</time>
        <extensions>
          <ns3:TrackPointExtension>
            <ns3:hr>156</ns3:hr>
            <ns3:cad>101</ns3:cad>
          </ns3:TrackPointExtension>
        </extensions>
      </trkpt>
      <trkpt lat="41.25283825211226940155029296875" lon="115.1112845353782176971435546875">
        <ele>1584</ele>
        <time>2026-06-13T03:33:31.000Z</time>
        <extensions>
          <ns3:TrackPointExtension>
            <ns3:hr>157</ns3:hr>
            <ns3:cad>100</ns3:cad>
          </ns3:TrackPointExtension>
        </extensions>
      </trkpt>
      <trkpt lat="41.25284797511994838714599609375" lon="115.1113207451999187469482421875">
        <ele>1583.800048828125</ele>
        <time>2026-06-13T03:33:32.000Z</time>
        <extensions>
          <ns3:TrackPointExtension>
            <ns3:hr>157</ns3:hr>
            <ns3:cad>100</ns3:cad>
          </ns3:TrackPointExtension>
        </extensions>
      </trkpt>
      <trkpt lat="41.25286540947854518890380859375" lon="115.1113616488873958587646484375">
        <ele>1583.5999755859375</ele>
        <time>2026-06-13T03:33:33.000Z</time>
        <extensions>
          <ns3:TrackPointExtension>
            <ns3:hr>157</ns3:hr>
            <ns3:cad>100</ns3:cad>
          </ns3:TrackPointExtension>
        </extensions>
      </trkpt>
      <trkpt lat="41.2528824247419834136962890625" lon="115.1113995350897312164306640625">
        <ele>1583.4000244140625</ele>
        <time>2026-06-13T03:33:34.000Z</time>
        <extensions>
          <ns3:TrackPointExtension>
            <ns3:hr>157</ns3:hr>
            <ns3:cad>100</ns3:cad>
          </ns3:TrackPointExtension>
        </extensions>
      </trkpt>
      <trkpt lat="41.25288837589323520660400390625" lon="115.11143532581627368927001953125">
        <ele>1583.199951171875</ele>
        <time>2026-06-13T03:33:35.000Z</time>
        <extensions>
          <ns3:TrackPointExtension>
            <ns3:hr>157</ns3:hr>
            <ns3:cad>100</ns3:cad>
          </ns3:TrackPointExtension>
        </extensions>
      </trkpt>
      <trkpt lat="41.25290312804281711578369140625" lon="115.1114743016660213470458984375">
        <ele>1583.199951171875</ele>
        <time>2026-06-13T03:33:36.000Z</time>
        <extensions>
          <ns3:TrackPointExtension>
            <ns3:hr>157</ns3:hr>
            <ns3:cad>100</ns3:cad>
          </ns3:TrackPointExtension>
        </extensions>
      </trkpt>
      <trkpt lat="41.25292073003947734832763671875" lon="115.11151495389640331268310546875">
        <ele>1583</ele>
        <time>2026-06-13T03:33:37.000Z</time>
        <extensions>
          <ns3:TrackPointExtension>
            <ns3:hr>157</ns3:hr>
            <ns3:cad>100</ns3:cad>
          </ns3:TrackPointExtension>
        </extensions>
      </trkpt>
      <trkpt lat="41.2529293633997440338134765625" lon="115.11154915206134319305419921875">
        <ele>1582.800048828125</ele>
        <time>2026-06-13T03:33:38.000Z</time>
        <extensions>
          <ns3:TrackPointExtension>
            <ns3:hr>156</ns3:hr>
            <ns3:cad>100</ns3:cad>
          </ns3:TrackPointExtension>
        </extensions>
      </trkpt>
      <trkpt lat="41.25294872559607028961181640625" lon="115.1115879602730274200439453125">
        <ele>1582.800048828125</ele>
        <time>2026-06-13T03:33:39.000Z</time>
        <extensions>
          <ns3:TrackPointExtension>
            <ns3:hr>157</ns3:hr>
            <ns3:cad>100</ns3:cad>
          </ns3:TrackPointExtension>
        </extensions>
      </trkpt>
      <trkpt lat="41.25297336839139461517333984375" lon="115.11162308044731616973876953125">
        <ele>1582.800048828125</ele>
        <time>2026-06-13T03:33:40.000Z</time>
        <extensions>
          <ns3:TrackPointExtension>
            <ns3:hr>157</ns3:hr>
            <ns3:cad>100</ns3:cad>
          </ns3:TrackPointExtension>
        </extensions>
      </trkpt>
      <trkpt lat="41.2529856897890567779541015625" lon="115.111653842031955718994140625">
        <ele>1582.5999755859375</ele>
        <time>2026-06-13T03:33:41.000Z</time>
        <extensions>
          <ns3:TrackPointExtension>
            <ns3:hr>157</ns3:hr>
            <ns3:cad>100</ns3:cad>
          </ns3:TrackPointExtension>
        </extensions>
      </trkpt>
      <trkpt lat="41.2530076503753662109375" lon="115.1116892136633396148681640625">
        <ele>1582.5999755859375</ele>
        <time>2026-06-13T03:33:42.000Z</time>
        <extensions>
          <ns3:TrackPointExtension>
            <ns3:hr>157</ns3:hr>
            <ns3:cad>100</ns3:cad>
          </ns3:TrackPointExtension>
        </extensions>
      </trkpt>
      <trkpt lat="41.25302952714264392852783203125" lon="115.1117240823805332183837890625">
        <ele>1582.4000244140625</ele>
        <time>2026-06-13T03:33:43.000Z</time>
        <extensions>
          <ns3:TrackPointExtension>
            <ns3:hr>157</ns3:hr>
            <ns3:cad>100</ns3:cad>
          </ns3:TrackPointExtension>
        </extensions>
      </trkpt>
      <trkpt lat="41.25304176472127437591552734375" lon="115.1117540895938873291015625">
        <ele>1582.199951171875</ele>
        <time>2026-06-13T03:33:44.000Z</time>
        <extensions>
          <ns3:TrackPointExtension>
            <ns3:hr>157</ns3:hr>
            <ns3:cad>100</ns3:cad>
          </ns3:TrackPointExtension>
        </extensions>
      </trkpt>
      <trkpt lat="41.2530648149549961090087890625" lon="115.11178552173078060150146484375">
        <ele>1582.199951171875</ele>
        <time>2026-06-13T03:33:45.000Z</time>
        <extensions>
          <ns3:TrackPointExtension>
            <ns3:hr>157</ns3:hr>
            <ns3:cad>100</ns3:cad>
          </ns3:TrackPointExtension>
        </extensions>
      </trkpt>
      <trkpt lat="41.25308954156935214996337890625" lon="115.11181200854480266571044921875">
        <ele>1582.199951171875</ele>
        <time>2026-06-13T03:33:46.000Z</time>
        <extensions>
          <ns3:TrackPointExtension>
            <ns3:hr>158</ns3:hr>
            <ns3:cad>100</ns3:cad>
          </ns3:TrackPointExtension>
        </extensions>
      </trkpt>
      <trkpt lat="41.25310144387185573577880859375" lon="115.11183916591107845306396484375">
        <ele>1582</ele>
        <time>2026-06-13T03:33:47.000Z</time>
        <extensions>
          <ns3:TrackPointExtension>
            <ns3:hr>158</ns3:hr>
            <ns3:cad>100</ns3:cad>
          </ns3:TrackPointExtension>
        </extensions>
      </trkpt>
      <trkpt lat="41.25312742777168750762939453125" lon="115.11187068186700344085693359375">
        <ele>1582</ele>
        <time>2026-06-13T03:33:48.000Z</time>
        <extensions>
          <ns3:TrackPointExtension>
            <ns3:hr>158</ns3:hr>
            <ns3:cad>100</ns3:cad>
          </ns3:TrackPointExtension>
        </extensions>
      </trkpt>
      <trkpt lat="41.25315860845148563385009765625" lon="115.111897923052310943603515625">
        <ele>1582.199951171875</ele>
        <time>2026-06-13T03:33:49.000Z</time>
        <extensions>
          <ns3:TrackPointExtension>
            <ns3:hr>157</ns3:hr>
            <ns3:cad>99</ns3:cad>
          </ns3:TrackPointExtension>
        </extensions>
      </trkpt>
      <trkpt lat="41.25317570753395557403564453125" lon="115.11192130856215953826904296875">
        <ele>1582.199951171875</ele>
        <time>2026-06-13T03:33:50.000Z</time>
        <extensions>
          <ns3:TrackPointExtension>
            <ns3:hr>158</ns3:hr>
            <ns3:cad>99</ns3:cad>
          </ns3:TrackPointExtension>
        </extensions>
      </trkpt>
      <trkpt lat="41.25320638529956340789794921875" lon="115.1119507290422916412353515625">
        <ele>1582.199951171875</ele>
        <time>2026-06-13T03:33:51.000Z</time>
        <extensions>
          <ns3:TrackPointExtension>
            <ns3:hr>158</ns3:hr>
            <ns3:cad>99</ns3:cad>
          </ns3:TrackPointExtension>
        </extensions>
      </trkpt>
      <trkpt lat="41.25323438085615634918212890625" lon="115.11197780258953571319580078125">
        <ele>1582</ele>
        <time>2026-06-13T03:33:52.000Z</time>
        <extensions>
          <ns3:TrackPointExtension>
            <ns3:hr>158</ns3:hr>
            <ns3:cad>99</ns3:cad>
          </ns3:TrackPointExtension>
        </extensions>
      </trkpt>
      <trkpt lat="41.25325533561408519744873046875" lon="115.11200127191841602325439453125">
        <ele>1582</ele>
        <time>2026-06-13T03:33:53.000Z</time>
        <extensions>
          <ns3:TrackPointExtension>
            <ns3:hr>158</ns3:hr>
            <ns3:cad>99</ns3:cad>
          </ns3:TrackPointExtension>
        </extensions>
      </trkpt>
      <trkpt lat="41.2532881088554859161376953125" lon="115.11202222667634487152099609375">
        <ele>1581.800048828125</ele>
        <time>2026-06-13T03:33:54.000Z</time>
        <extensions>
          <ns3:TrackPointExtension>
            <ns3:hr>158</ns3:hr>
            <ns3:cad>99</ns3:cad>
          </ns3:TrackPointExtension>
        </extensions>
      </trkpt>
      <trkpt lat="41.253319792449474334716796875" lon="115.112044103443622589111328125">
        <ele>1581.800048828125</ele>
        <time>2026-06-13T03:33:55.000Z</time>
        <extensions>
          <ns3:TrackPointExtension>
            <ns3:hr>158</ns3:hr>
            <ns3:cad>99</ns3:cad>
          </ns3:TrackPointExtension>
        </extensions>
      </trkpt>
      <trkpt lat="41.25334418378770351409912109375" lon="115.11206212453544139862060546875">
        <ele>1581.5999755859375</ele>
        <time>2026-06-13T03:33:56.000Z</time>
        <extensions>
          <ns3:TrackPointExtension>
            <ns3:hr>158</ns3:hr>
            <ns3:cad>99</ns3:cad>
          </ns3:TrackPointExtension>
        </extensions>
      </trkpt>
      <trkpt lat="41.25337838195264339447021484375" lon="115.1120885275304317474365234375">
        <ele>1581.5999755859375</ele>
        <time>2026-06-13T03:33:57.000Z</time>
        <extensions>
          <ns3:TrackPointExtension>
            <ns3:hr>158</ns3:hr>
            <ns3:cad>99</ns3:cad>
          </ns3:TrackPointExtension>
        </extensions>
      </trkpt>
      <trkpt lat="41.25340637750923633575439453125" lon="115.1121096499264240264892578125">
        <ele>1581.5999755859375</ele>
        <time>2026-06-13T03:33:58.000Z</time>
        <extensions>
          <ns3:TrackPointExtension>
            <ns3:hr>158</ns3:hr>
            <ns3:cad>100</ns3:cad>
          </ns3:TrackPointExtension>
        </extensions>
      </trkpt>
      <trkpt lat="41.2534356303513050079345703125" lon="115.1121264137327671051025390625">
        <ele>1581.4000244140625</ele>
        <time>2026-06-13T03:33:59.000Z</time>
        <extensions>
          <ns3:TrackPointExtension>
            <ns3:hr>158</ns3:hr>
            <ns3:cad>100</ns3:cad>
          </ns3:TrackPointExtension>
        </extensions>
      </trkpt>
      <trkpt lat="41.2534718401730060577392578125" lon="115.112143345177173614501953125">
        <ele>1581.199951171875</ele>
        <time>2026-06-13T03:34:00.000Z</time>
        <extensions>
          <ns3:TrackPointExtension>
            <ns3:hr>158</ns3:hr>
            <ns3:cad>100</ns3:cad>
          </ns3:TrackPointExtension>
        </extensions>
      </trkpt>
      <trkpt lat="41.25349380075931549072265625" lon="115.11216304264962673187255859375">
        <ele>1581</ele>
        <time>2026-06-13T03:34:01.000Z</time>
        <extensions>
          <ns3:TrackPointExtension>
            <ns3:hr>159</ns3:hr>
            <ns3:cad>100</ns3:cad>
          </ns3:TrackPointExtension>
        </extensions>
      </trkpt>
      <trkpt lat="41.25351970084011554718017578125" lon="115.11218550615012645721435546875">
        <ele>1580.800048828125</ele>
        <time>2026-06-13T03:34:02.000Z</time>
        <extensions>
          <ns3:TrackPointExtension>
            <ns3:hr>158</ns3:hr>
            <ns3:cad>100</ns3:cad>
          </ns3:TrackPointExtension>
        </extensions>
      </trkpt>
      <trkpt lat="41.25355146825313568115234375" lon="115.11220361106097698211669921875">
        <ele>1580.4000244140625</ele>
        <time>2026-06-13T03:34:03.000Z</time>
        <extensions>
          <ns3:TrackPointExtension>
            <ns3:hr>158</ns3:hr>
            <ns3:cad>99</ns3:cad>
          </ns3:TrackPointExtension>
        </extensions>
      </trkpt>
      <trkpt lat="41.25357200391590595245361328125" lon="115.1122212968766689300537109375">
        <ele>1580.4000244140625</ele>
        <time>2026-06-13T03:34:04.000Z</time>
        <extensions>
          <ns3:TrackPointExtension>
            <ns3:hr>159</ns3:hr>
            <ns3:cad>99</ns3:cad>
          </ns3:TrackPointExtension>
        </extensions>
      </trkpt>
      <trkpt lat="41.25360083766281604766845703125" lon="115.11223713867366313934326171875">
        <ele>1580.199951171875</ele>
        <time>2026-06-13T03:34:05.000Z</time>
        <extensions>
          <ns3:TrackPointExtension>
            <ns3:hr>159</ns3:hr>
            <ns3:cad>99</ns3:cad>
          </ns3:TrackPointExtension>
        </extensions>
      </trkpt>
      <trkpt lat="41.25363402999937534332275390625" lon="115.11225507594645023345947265625">
        <ele>1580</ele>
        <time>2026-06-13T03:34:06.000Z</time>
        <extensions>
          <ns3:TrackPointExtension>
            <ns3:hr>158</ns3:hr>
            <ns3:cad>99</ns3:cad>
          </ns3:TrackPointExtension>
        </extensions>
      </trkpt>
      <trkpt lat="41.25365464948117733001708984375" lon="115.11227351613342761993408203125">
        <ele>1579.800048828125</ele>
        <time>2026-06-13T03:34:07.000Z</time>
        <extensions>
          <ns3:TrackPointExtension>
            <ns3:hr>158</ns3:hr>
            <ns3:cad>99</ns3:cad>
          </ns3:TrackPointExtension>
        </extensions>
      </trkpt>
      <trkpt lat="41.2536849081516265869140625" lon="115.1122896932065486907958984375">
        <ele>1579.4000244140625</ele>
        <time>2026-06-13T03:34:08.000Z</time>
        <extensions>
          <ns3:TrackPointExtension>
            <ns3:hr>158</ns3:hr>
            <ns3:cad>99</ns3:cad>
          </ns3:TrackPointExtension>
        </extensions>
      </trkpt>
      <trkpt lat="41.253715418279170989990234375" lon="115.11230804957449436187744140625">
        <ele>1579.199951171875</ele>
        <time>2026-06-13T03:34:09.000Z</time>
        <extensions>
          <ns3:TrackPointExtension>
            <ns3:hr>159</ns3:hr>
            <ns3:cad>99</ns3:cad>
          </ns3:TrackPointExtension>
        </extensions>
      </trkpt>
      <trkpt lat="41.25373830087482929229736328125" lon="115.11232967488467693328857421875">
        <ele>1578.800048828125</ele>
        <time>2026-06-13T03:34:10.000Z</time>
        <extensions>
          <ns3:TrackPointExtension>
            <ns3:hr>158</ns3:hr>
            <ns3:cad>99</ns3:cad>
          </ns3:TrackPointExtension>
        </extensions>
      </trkpt>
      <trkpt lat="41.25376981683075428009033203125" lon="115.11234895326197147369384765625">
        <ele>1578.5999755859375</ele>
        <time>2026-06-13T03:34:11.000Z</time>
        <extensions>
          <ns3:TrackPointExtension>
            <ns3:hr>158</ns3:hr>
            <ns3:cad>99</ns3:cad>
          </ns3:TrackPointExtension>
        </extensions>
      </trkpt>
      <trkpt lat="41.25380300916731357574462890625" lon="115.112369321286678314208984375">
        <ele>1578.199951171875</ele>
        <time>2026-06-13T03:34:12.000Z</time>
        <extensions>
          <ns3:TrackPointExtension>
            <ns3:hr>158</ns3:hr>
            <ns3:cad>98</ns3:cad>
          </ns3:TrackPointExtension>
        </extensions>
      </trkpt>
      <trkpt lat="41.2538248859345912933349609375" lon="115.112390778958797454833984375">
        <ele>1578</ele>
        <time>2026-06-13T03:34:13.000Z</time>
        <extensions>
          <ns3:TrackPointExtension>
            <ns3:hr>159</ns3:hr>
            <ns3:cad>98</ns3:cad>
          </ns3:TrackPointExtension>
        </extensions>
      </trkpt>
      <trkpt lat="41.2538560666143894195556640625" lon="115.11240997351706027984619140625">
        <ele>1577.800048828125</ele>
        <time>2026-06-13T03:34:14.000Z</time>
        <extensions>
          <ns3:TrackPointExtension>
            <ns3:hr>158</ns3:hr>
            <ns3:cad>98</ns3:cad>
          </ns3:TrackPointExtension>
        </extensions>
      </trkpt>
      <trkpt lat="41.25388397835195064544677734375" lon="115.112428329885005950927734375">
        <ele>1577.5999755859375</ele>
        <time>2026-06-13T03:34:15.000Z</time>
        <extensions>
          <ns3:TrackPointExtension>
            <ns3:hr>158</ns3:hr>
            <ns3:cad>98</ns3:cad>
          </ns3:TrackPointExtension>
        </extensions>
      </trkpt>
      <trkpt lat="41.2539102137088775634765625" lon="115.1124432496726512908935546875">
        <ele>1577.4000244140625</ele>
        <time>2026-06-13T03:34:16.000Z</time>
        <extensions>
          <ns3:TrackPointExtension>
            <ns3:hr>158</ns3:hr>
            <ns3:cad>98</ns3:cad>
          </ns3:TrackPointExtension>
        </extensions>
      </trkpt>
      <trkpt lat="41.2539449147880077362060546875" lon="115.11246261186897754669189453125">
        <ele>1577.199951171875</ele>
        <time>2026-06-13T03:34:17.000Z</time>
        <extensions>
          <ns3:TrackPointExtension>
            <ns3:hr>159</ns3:hr>
            <ns3:cad>99</ns3:cad>
          </ns3:TrackPointExtension>
        </extensions>
      </trkpt>
      <trkpt lat="41.25396628864109516143798828125" lon="115.1124828122556209564208984375">
        <ele>1576.800048828125</ele>
        <time>2026-06-13T03:34:18.000Z</time>
        <extensions>
          <ns3:TrackPointExtension>
            <ns3:hr>158</ns3:hr>
            <ns3:cad>99</ns3:cad>
          </ns3:TrackPointExtension>
        </extensions>
      </trkpt>
      <trkpt lat="41.2539935298264026641845703125" lon="115.11249932460486888885498046875">
        <ele>1576.5999755859375</ele>
        <time>2026-06-13T03:34:19.000Z</time>
        <extensions>
          <ns3:TrackPointExtension>
            <ns3:hr>158</ns3:hr>
            <ns3:cad>97</ns3:cad>
          </ns3:TrackPointExtension>
        </extensions>
      </trkpt>
      <trkpt lat="41.25402613542973995208740234375" lon="115.1125160045921802520751953125">
        <ele>1576.4000244140625</ele>
        <time>2026-06-13T03:34:20.000Z</time>
        <extensions>
          <ns3:TrackPointExtension>
            <ns3:hr>158</ns3:hr>
            <ns3:cad>97</ns3:cad>
          </ns3:TrackPointExtension>
        </extensions>
      </trkpt>
      <trkpt lat="41.25404625199735164642333984375" lon="115.11253754608333110809326171875">
        <ele>1576</ele>
        <time>2026-06-13T03:34:21.000Z</time>
        <extensions>
          <ns3:TrackPointExtension>
            <ns3:hr>159</ns3:hr>
            <ns3:cad>98</ns3:cad>
          </ns3:TrackPointExtension>
        </extensions>
      </trkpt>
      <trkpt lat="41.254075504839420318603515625" lon="115.112553052604198455810546875">
        <ele>1575.800048828125</ele>
        <time>2026-06-13T03:34:22.000Z</time>
        <extensions>
          <ns3:TrackPointExtension>
            <ns3:hr>158</ns3:hr>
            <ns3:cad>98</ns3:cad>
          </ns3:TrackPointExtension>
        </extensions>
      </trkpt>
      <trkpt lat="41.25410811044275760650634765625" lon="115.11257358826696872711181640625">
        <ele>1575.5999755859375</ele>
        <time>2026-06-13T03:34:23.000Z</time>
        <extensions>
          <ns3:TrackPointExtension>
            <ns3:hr>159</ns3:hr>
            <ns3:cad>98</ns3:cad>
          </ns3:TrackPointExtension>
        </extensions>
      </trkpt>
      <trkpt lat="41.25412889756262302398681640625" lon="115.11259471066296100616455078125">
        <ele>1575.4000244140625</ele>
        <time>2026-06-13T03:34:24.000Z</time>
        <extensions>
          <ns3:TrackPointExtension>
            <ns3:hr>159</ns3:hr>
            <ns3:cad>98</ns3:cad>
          </ns3:TrackPointExtension>
        </extensions>
      </trkpt>
      <trkpt lat="41.2541601620614528656005859375" lon="115.11261180974543094635009765625">
        <ele>1575.199951171875</ele>
        <time>2026-06-13T03:34:25.000Z</time>
        <extensions>
          <ns3:TrackPointExtension>
            <ns3:hr>159</ns3:hr>
            <ns3:cad>98</ns3:cad>
          </ns3:TrackPointExtension>
        </extensions>
      </trkpt>
      <trkpt lat="41.25418807379901409149169921875" lon="115.11263024993240833282470703125">
        <ele>1575</ele>
        <time>2026-06-13T03:34:26.000Z</time>
        <extensions>
          <ns3:TrackPointExtension>
            <ns3:hr>159</ns3:hr>
            <ns3:cad>98</ns3:cad>
          </ns3:TrackPointExtension>
        </extensions>
      </trkpt>
      <trkpt lat="41.2542081065475940704345703125" lon="115.11264969594776630401611328125">
        <ele>1574.800048828125</ele>
        <time>2026-06-13T03:34:27.000Z</time>
        <extensions>
          <ns3:TrackPointExtension>
            <ns3:hr>160</ns3:hr>
            <ns3:cad>98</ns3:cad>
          </ns3:TrackPointExtension>
        </extensions>
      </trkpt>
      <trkpt lat="41.25423920340836048126220703125" lon="115.1126662082970142364501953125">
        <ele>1574.4000244140625</ele>
        <time>2026-06-13T03:34:28.000Z</time>
        <extensions>
          <ns3:TrackPointExtension>
            <ns3:hr>160</ns3:hr>
            <ns3:cad>98</ns3:cad>
          </ns3:TrackPointExtension>
        </extensions>
      </trkpt>
      <trkpt lat="41.2542654387652873992919921875" lon="115.112684480845928192138671875">
        <ele>1574.199951171875</ele>
        <time>2026-06-13T03:34:29.000Z</time>
        <extensions>
          <ns3:TrackPointExtension>
            <ns3:hr>160</ns3:hr>
            <ns3:cad>98</ns3:cad>
          </ns3:TrackPointExtension>
        </extensions>
      </trkpt>
      <trkpt lat="41.25429234467446804046630859375" lon="115.11270266957581043243408203125">
        <ele>1574</ele>
        <time>2026-06-13T03:34:30.000Z</time>
        <extensions>
          <ns3:TrackPointExtension>
            <ns3:hr>159</ns3:hr>
            <ns3:cad>98</ns3:cad>
          </ns3:TrackPointExtension>
        </extensions>
      </trkpt>
      <trkpt lat="41.25432788394391536712646484375" lon="115.1127211935818195343017578125">
        <ele>1573.800048828125</ele>
        <time>2026-06-13T03:34:31.000Z</time>
        <extensions>
          <ns3:TrackPointExtension>
            <ns3:hr>160</ns3:hr>
            <ns3:cad>98</ns3:cad>
          </ns3:TrackPointExtension>
        </extensions>
      </trkpt>
      <trkpt lat="41.25435034744441509246826171875" lon="115.1127411425113677978515625">
        <ele>1573.5999755859375</ele>
        <time>2026-06-13T03:34:32.000Z</time>
        <extensions>
          <ns3:TrackPointExtension>
            <ns3:hr>160</ns3:hr>
            <ns3:cad>98</ns3:cad>
          </ns3:TrackPointExtension>
        </extensions>
      </trkpt>
      <trkpt lat="41.25437951646745204925537109375" lon="115.11275815777480602264404296875">
        <ele>1573.4000244140625</ele>
        <time>2026-06-13T03:34:33.000Z</time>
        <extensions>
          <ns3:TrackPointExtension>
            <ns3:hr>159</ns3:hr>
            <ns3:cad>98</ns3:cad>
          </ns3:TrackPointExtension>
        </extensions>
      </trkpt>
      <trkpt lat="41.2544126249849796295166015625" lon="115.1127765141427516937255859375">
        <ele>1573.199951171875</ele>
        <time>2026-06-13T03:34:34.000Z</time>
        <extensions>
          <ns3:TrackPointExtension>
            <ns3:hr>159</ns3:hr>
            <ns3:cad>98</ns3:cad>
          </ns3:TrackPointExtension>
        </extensions>
      </trkpt>
      <trkpt lat="41.25443567521870136260986328125" lon="115.11279839091002941131591796875">
        <ele>1573</ele>
        <time>2026-06-13T03:34:35.000Z</time>
        <extensions>
          <ns3:TrackPointExtension>
            <ns3:hr>159</ns3:hr>
            <ns3:cad>98</ns3:cad>
          </ns3:TrackPointExtension>
        </extensions>
      </trkpt>
      <trkpt lat="41.25446744263172149658203125" lon="115.11281557381153106689453125">
        <ele>1572.5999755859375</ele>
        <time>2026-06-13T03:34:36.000Z</time>
        <extensions>
          <ns3:TrackPointExtension>
            <ns3:hr>159</ns3:hr>
            <ns3:cad>98</ns3:cad>
          </ns3:TrackPointExtension>
        </extensions>
      </trkpt>
      <trkpt lat="41.2544984556734561920166015625" lon="115.11283837258815765380859375">
        <ele>1572.4000244140625</ele>
        <time>2026-06-13T03:34:37.000Z</time>
        <extensions>
          <ns3:TrackPointExtension>
            <ns3:hr>158</ns3:hr>
            <ns3:cad>98</ns3:cad>
          </ns3:TrackPointExtension>
        </extensions>
      </trkpt>
      <trkpt lat="41.254520751535892486572265625" lon="115.112859494984149932861328125">
        <ele>1572</ele>
        <time>2026-06-13T03:34:38.000Z</time>
        <extensions>
          <ns3:TrackPointExtension>
            <ns3:hr>158</ns3:hr>
            <ns3:cad>99</ns3:cad>
          </ns3:TrackPointExtension>
        </extensions>
      </trkpt>
      <trkpt lat="41.2545520998537540435791015625" lon="115.1128824613988399505615234375">
        <ele>1571.800048828125</ele>
        <time>2026-06-13T03:34:39.000Z</time>
        <extensions>
          <ns3:TrackPointExtension>
            <ns3:hr>157</ns3:hr>
            <ns3:cad>99</ns3:cad>
          </ns3:TrackPointExtension>
        </extensions>
      </trkpt>
      <trkpt lat="41.25457665883004665374755859375" lon="115.11290349997580051422119140625">
        <ele>1571.5999755859375</ele>
        <time>2026-06-13T03:34:40.000Z</time>
        <extensions>
          <ns3:TrackPointExtension>
            <ns3:hr>157</ns3:hr>
            <ns3:cad>99</ns3:cad>
          </ns3:TrackPointExtension>
        </extensions>
      </trkpt>
      <trkpt lat="41.25460331328213214874267578125" lon="115.11292411945760250091552734375">
        <ele>1571.4000244140625</ele>
        <time>2026-06-13T03:34:41.000Z</time>
        <extensions>
          <ns3:TrackPointExtension>
            <ns3:hr>156</ns3:hr>
            <ns3:cad>99</ns3:cad>
          </ns3:TrackPointExtension>
        </extensions>
      </trkpt>
      <trkpt lat="41.2546372599899768829345703125" lon="115.1129424758255481719970703125">
        <ele>1571.199951171875</ele>
        <time>2026-06-13T03:34:42.000Z</time>
        <extensions>
          <ns3:TrackPointExtension>
            <ns3:hr>156</ns3:hr>
            <ns3:cad>99</ns3:cad>
          </ns3:TrackPointExtension>
        </extensions>
      </trkpt>
      <trkpt lat="41.25465880148112773895263671875" lon="115.1129632629454135894775390625">
        <ele>1571</ele>
        <time>2026-06-13T03:34:43.000Z</time>
        <extensions>
          <ns3:TrackPointExtension>
            <ns3:hr>156</ns3:hr>
            <ns3:cad>98</ns3:cad>
          </ns3:TrackPointExtension>
        </extensions>
      </trkpt>
      <trkpt lat="41.25468780286610126495361328125" lon="115.1129837147891521453857421875">
        <ele>1571</ele>
        <time>2026-06-13T03:34:44.000Z</time>
        <extensions>
          <ns3:TrackPointExtension>
            <ns3:hr>156</ns3:hr>
            <ns3:cad>97</ns3:cad>
          </ns3:TrackPointExtension>
        </extensions>
      </trkpt>
      <trkpt lat="41.254722587764263153076171875" lon="115.11300140060484409332275390625">
        <ele>1570.800048828125</ele>
        <time>2026-06-13T03:34:45.000Z</time>
        <extensions>
          <ns3:TrackPointExtension>
            <ns3:hr>156</ns3:hr>
            <ns3:cad>98</ns3:cad>
          </ns3:TrackPointExtension>
        </extensions>
      </trkpt>
      <trkpt lat="41.254741363227367401123046875" lon="115.11302478611469268798828125">
        <ele>1570.5999755859375</ele>
        <time>2026-06-13T03:34:46.000Z</time>
        <extensions>
          <ns3:TrackPointExtension>
            <ns3:hr>155</ns3:hr>
            <ns3:cad>98</ns3:cad>
          </ns3:TrackPointExtension>
        </extensions>
      </trkpt>
      <trkpt lat="41.254770867526531219482421875" lon="115.11304297484457492828369140625">
        <ele>1570.4000244140625</ele>
        <time>2026-06-13T03:34:47.000Z</time>
        <extensions>
          <ns3:TrackPointExtension>
            <ns3:hr>155</ns3:hr>
            <ns3:cad>98</ns3:cad>
          </ns3:TrackPointExtension>
        </extensions>
      </trkpt>
      <trkpt lat="41.2548033893108367919921875" lon="115.113063342869281768798828125">
        <ele>1570.199951171875</ele>
        <time>2026-06-13T03:34:48.000Z</time>
        <extensions>
          <ns3:TrackPointExtension>
            <ns3:hr>155</ns3:hr>
            <ns3:cad>98</ns3:cad>
          </ns3:TrackPointExtension>
        </extensions>
      </trkpt>
      <trkpt lat="41.25482560135424137115478515625" lon="115.11308304034173488616943359375">
        <ele>1570</ele>
        <time>2026-06-13T03:34:49.000Z</time>
        <extensions>
          <ns3:TrackPointExtension>
            <ns3:hr>155</ns3:hr>
            <ns3:cad>98</ns3:cad>
          </ns3:TrackPointExtension>
        </extensions>
      </trkpt>
      <trkpt lat="41.2548592127859592437744140625" lon="115.1131013967096805572509765625">
        <ele>1569.5999755859375</ele>
        <time>2026-06-13T03:34:50.000Z</time>
        <extensions>
          <ns3:TrackPointExtension>
            <ns3:hr>156</ns3:hr>
            <ns3:cad>98</ns3:cad>
          </ns3:TrackPointExtension>
        </extensions>
      </trkpt>
      <trkpt lat="41.25488863326609134674072265625" lon="115.1131211780011653900146484375">
        <ele>1569.4000244140625</ele>
        <time>2026-06-13T03:34:51.000Z</time>
        <extensions>
          <ns3:TrackPointExtension>
            <ns3:hr>156</ns3:hr>
            <ns3:cad>98</ns3:cad>
          </ns3:TrackPointExtension>
        </extensions>
      </trkpt>
      <trkpt lat="41.25491310842335224151611328125" lon="115.1131409592926502227783203125">
        <ele>1569</ele>
        <time>2026-06-13T03:34:52.000Z</time>
        <extensions>
          <ns3:TrackPointExtension>
            <ns3:hr>155</ns3:hr>
            <ns3:cad>99</ns3:cad>
          </ns3:TrackPointExtension>
        </extensions>
      </trkpt>
      <trkpt lat="41.25494747422635555267333984375" lon="115.1131630875170230865478515625">
        <ele>1568.800048828125</ele>
        <time>2026-06-13T03:34:53.000Z</time>
        <extensions>
          <ns3:TrackPointExtension>
            <ns3:hr>155</ns3:hr>
            <ns3:cad>99</ns3:cad>
          </ns3:TrackPointExtension>
        </extensions>
      </trkpt>
      <trkpt lat="41.25497295521199703216552734375" lon="115.11318437755107879638671875">
        <ele>1568.4000244140625</ele>
        <time>2026-06-13T03:34:54.000Z</time>
        <extensions>
          <ns3:TrackPointExtension>
            <ns3:hr>155</ns3:hr>
            <ns3:cad>99</ns3:cad>
          </ns3:TrackPointExtension>
        </extensions>
      </trkpt>
      <trkpt lat="41.25500120222568511962890625" lon="115.11319912970066070556640625">
        <ele>1568.199951171875</ele>
        <time>2026-06-13T03:34:55.000Z</time>
        <extensions>
          <ns3:TrackPointExtension>
            <ns3:hr>156</ns3:hr>
            <ns3:cad>99</ns3:cad>
          </ns3:TrackPointExtension>
        </extensions>
      </trkpt>
      <trkpt lat="41.255035065114498138427734375" lon="115.11321933008730411529541015625">
        <ele>1568</ele>
        <time>2026-06-13T03:34:56.000Z</time>
        <extensions>
          <ns3:TrackPointExtension>
            <ns3:hr>155</ns3:hr>
            <ns3:cad>98</ns3:cad>
          </ns3:TrackPointExtension>
        </extensions>
      </trkpt>
      <trkpt lat="41.25505828298628330230712890625" lon="115.11323994956910610198974609375">
        <ele>1567.800048828125</ele>
        <time>2026-06-13T03:34:57.000Z</time>
        <extensions>
          <ns3:TrackPointExtension>
            <ns3:hr>155</ns3:hr>
            <ns3:cad>98</ns3:cad>
          </ns3:TrackPointExtension>
        </extensions>
      </trkpt>
      <trkpt lat="41.25508594326674938201904296875" lon="115.11325838975608348846435546875">
        <ele>1567.5999755859375</ele>
        <time>2026-06-13T03:34:58.000Z</time>
        <extensions>
          <ns3:TrackPointExtension>
            <ns3:hr>156</ns3:hr>
            <ns3:cad>98</ns3:cad>
          </ns3:TrackPointExtension>
        </extensions>
      </trkpt>
      <trkpt lat="41.2551200576126575469970703125" lon="115.11327817104756832122802734375">
        <ele>1567.4000244140625</ele>
        <time>2026-06-13T03:34:59.000Z</time>
        <extensions>
          <ns3:TrackPointExtension>
            <ns3:hr>155</ns3:hr>
            <ns3:cad>99</ns3:cad>
          </ns3:TrackPointExtension>
        </extensions>
      </trkpt>
      <trkpt lat="41.255139000713825225830078125" lon="115.11330029927194118499755859375">
        <ele>1567.199951171875</ele>
        <time>2026-06-13T03:35:00.000Z</time>
        <extensions>
          <ns3:TrackPointExtension>
            <ns3:hr>156</ns3:hr>
            <ns3:cad>99</ns3:cad>
          </ns3:TrackPointExtension>
        </extensions>
      </trkpt>
      <trkpt lat="41.255167163908481597900390625" lon="115.11331689544022083282470703125">
        <ele>1567</ele>
        <time>2026-06-13T03:35:01.000Z</time>
        <extensions>
          <ns3:TrackPointExtension>
            <ns3:hr>155</ns3:hr>
            <ns3:cad>99</ns3:cad>
          </ns3:TrackPointExtension>
        </extensions>
      </trkpt>
      <trkpt lat="41.255202032625675201416015625" lon="115.1133370958268642425537109375">
        <ele>1566.800048828125</ele>
        <time>2026-06-13T03:35:02.000Z</time>
        <extensions>
          <ns3:TrackPointExtension>
            <ns3:hr>155</ns3:hr>
            <ns3:cad>99</ns3:cad>
          </ns3:TrackPointExtension>
        </extensions>
      </trkpt>
      <trkpt lat="41.2552209757268428802490234375" lon="115.1133629120886325836181640625">
        <ele>1566.5999755859375</ele>
        <time>2026-06-13T03:35:03.000Z</time>
        <extensions>
          <ns3:TrackPointExtension>
            <ns3:hr>155</ns3:hr>
            <ns3:cad>99</ns3:cad>
          </ns3:TrackPointExtension>
        </extensions>
      </trkpt>
      <trkpt lat="41.25525064766407012939453125" lon="115.11338462121784687042236328125">
        <ele>1566.4000244140625</ele>
        <time>2026-06-13T03:35:04.000Z</time>
        <extensions>
          <ns3:TrackPointExtension>
            <ns3:hr>155</ns3:hr>
            <ns3:cad>99</ns3:cad>
          </ns3:TrackPointExtension>
        </extensions>
      </trkpt>
      <trkpt lat="41.25528610311448574066162109375" lon="115.11340557597577571868896484375">
        <ele>1566.199951171875</ele>
        <time>2026-06-13T03:35:05.000Z</time>
        <extensions>
          <ns3:TrackPointExtension>
            <ns3:hr>155</ns3:hr>
            <ns3:cad>99</ns3:cad>
          </ns3:TrackPointExtension>
        </extensions>
      </trkpt>
      <trkpt lat="41.2553037889301776885986328125" lon="115.11342954821884632110595703125">
        <ele>1566.199951171875</ele>
        <time>2026-06-13T03:35:06.000Z</time>
        <extensions>
          <ns3:TrackPointExtension>
            <ns3:hr>155</ns3:hr>
            <ns3:cad>99</ns3:cad>
          </ns3:TrackPointExtension>
        </extensions>
      </trkpt>
      <trkpt lat="41.25533136539161205291748046875" lon="115.11345419101417064666748046875">
        <ele>1566.199951171875</ele>
        <time>2026-06-13T03:35:07.000Z</time>
        <extensions>
          <ns3:TrackPointExtension>
            <ns3:hr>155</ns3:hr>
            <ns3:cad>99</ns3:cad>
          </ns3:TrackPointExtension>
        </extensions>
      </trkpt>
      <trkpt lat="41.25536589883267879486083984375" lon="115.11347631923854351043701171875">
        <ele>1566.199951171875</ele>
        <time>2026-06-13T03:35:08.000Z</time>
        <extensions>
          <ns3:TrackPointExtension>
            <ns3:hr>155</ns3:hr>
            <ns3:cad>101</ns3:cad>
          </ns3:TrackPointExtension>
        </extensions>
      </trkpt>
      <trkpt lat="41.25538341701030731201171875" lon="115.11349727399647235870361328125">
        <ele>1566</ele>
        <time>2026-06-13T03:35:09.000Z</time>
        <extensions>
          <ns3:TrackPointExtension>
            <ns3:hr>155</ns3:hr>
            <ns3:cad>101</ns3:cad>
          </ns3:TrackPointExtension>
        </extensions>
      </trkpt>
      <trkpt lat="41.2554107420146465301513671875" lon="115.1135208271443843841552734375">
        <ele>1566</ele>
        <time>2026-06-13T03:35:10.000Z</time>
        <extensions>
          <ns3:TrackPointExtension>
            <ns3:hr>156</ns3:hr>
            <ns3:cad>100</ns3:cad>
          </ns3:TrackPointExtension>
        </extensions>
      </trkpt>
      <trkpt lat="41.25544385053217411041259765625" lon="115.11354622431099414825439453125">
        <ele>1566</ele>
        <time>2026-06-13T03:35:11.000Z</time>
        <extensions>
          <ns3:TrackPointExtension>
            <ns3:hr>155</ns3:hr>
            <ns3:cad>100</ns3:cad>
          </ns3:TrackPointExtension>
        </extensions>
      </trkpt>
      <trkpt lat="41.255459524691104888916015625" lon="115.113572292029857635498046875">
        <ele>1565.800048828125</ele>
        <time>2026-06-13T03:35:12.000Z</time>
        <extensions>
          <ns3:TrackPointExtension>
            <ns3:hr>155</ns3:hr>
            <ns3:cad>100</ns3:cad>
          </ns3:TrackPointExtension>
        </extensions>
      </trkpt>
      <trkpt lat="41.25548693351447582244873046875" lon="115.11359752155840396881103515625">
        <ele>1565.5999755859375</ele>
        <time>2026-06-13T03:35:13.000Z</time>
        <extensions>
          <ns3:TrackPointExtension>
            <ns3:hr>155</ns3:hr>
            <ns3:cad>100</ns3:cad>
          </ns3:TrackPointExtension>
        </extensions>
      </trkpt>
      <trkpt lat="41.25551844947040081024169921875" lon="115.11362425982952117919921875">
        <ele>1565.4000244140625</ele>
        <time>2026-06-13T03:35:14.000Z</time>
        <extensions>
          <ns3:TrackPointExtension>
            <ns3:hr>156</ns3:hr>
            <ns3:cad>100</ns3:cad>
          </ns3:TrackPointExtension>
        </extensions>
      </trkpt>
      <trkpt lat="41.2555347941815853118896484375" lon="115.113649405539035797119140625">
        <ele>1565.199951171875</ele>
        <time>2026-06-13T03:35:15.000Z</time>
        <extensions>
          <ns3:TrackPointExtension>
            <ns3:hr>155</ns3:hr>
            <ns3:cad>100</ns3:cad>
          </ns3:TrackPointExtension>
        </extensions>
      </trkpt>
      <trkpt lat="41.25556170009076595306396484375" lon="115.11367849074304103851318359375">
        <ele>1565</ele>
        <time>2026-06-13T03:35:16.000Z</time>
        <extensions>
          <ns3:TrackPointExtension>
            <ns3:hr>155</ns3:hr>
            <ns3:cad>100</ns3:cad>
          </ns3:TrackPointExtension>
        </extensions>
      </trkpt>
      <trkpt lat="41.25559187494218349456787109375" lon="115.1137058995664119720458984375">
        <ele>1565</ele>
        <time>2026-06-13T03:35:17.000Z</time>
        <extensions>
          <ns3:TrackPointExtension>
            <ns3:hr>155</ns3:hr>
            <ns3:cad>99</ns3:cad>
          </ns3:TrackPointExtension>
        </extensions>
      </trkpt>
      <trkpt lat="41.25560444779694080352783203125" lon="115.113733895123004913330078125">
        <ele>1564.800048828125</ele>
        <time>2026-06-13T03:35:18.000Z</time>
        <extensions>
          <ns3:TrackPointExtension>
            <ns3:hr>155</ns3:hr>
            <ns3:cad>99</ns3:cad>
          </ns3:TrackPointExtension>
        </extensions>
      </trkpt>
      <trkpt lat="41.2556316889822483062744140625" lon="115.11376214213669300079345703125">
        <ele>1564.5999755859375</ele>
        <time>2026-06-13T03:35:19.000Z</time>
        <extensions>
          <ns3:TrackPointExtension>
            <ns3:hr>156</ns3:hr>
            <ns3:cad>100</ns3:cad>
          </ns3:TrackPointExtension>
        </extensions>
      </trkpt>
      <trkpt lat="41.2556590139865875244140625" lon="115.11378946714103221893310546875">
        <ele>1564.5999755859375</ele>
        <time>2026-06-13T03:35:20.000Z</time>
        <extensions>
          <ns3:TrackPointExtension>
            <ns3:hr>155</ns3:hr>
            <ns3:cad>100</ns3:cad>
          </ns3:TrackPointExtension>
        </extensions>
      </trkpt>
      <trkpt lat="41.2556751072406768798828125" lon="115.11381469666957855224609375">
        <ele>1564.5999755859375</ele>
        <time>2026-06-13T03:35:21.000Z</time>
        <extensions>
          <ns3:TrackPointExtension>
            <ns3:hr>155</ns3:hr>
            <ns3:cad>99</ns3:cad>
          </ns3:TrackPointExtension>
        </extensions>
      </trkpt>
      <trkpt lat="41.255703605711460113525390625" lon="115.11384914629161357879638671875">
        <ele>1564.4000244140625</ele>
        <time>2026-06-13T03:35:22.000Z</time>
        <extensions>
          <ns3:TrackPointExtension>
            <ns3:hr>156</ns3:hr>
            <ns3:cad>99</ns3:cad>
          </ns3:TrackPointExtension>
        </extensions>
      </trkpt>
      <trkpt lat="41.25573134981095790863037109375" lon="115.113880075514316558837890625">
        <ele>1564.4000244140625</ele>
        <time>2026-06-13T03:35:23.000Z</time>
        <extensions>
          <ns3:TrackPointExtension>
            <ns3:hr>155</ns3:hr>
            <ns3:cad>99</ns3:cad>
          </ns3:TrackPointExtension>
        </extensions>
      </trkpt>
      <trkpt lat="41.255746185779571533203125" lon="115.113908238708972930908203125">
        <ele>1564.199951171875</ele>
        <time>2026-06-13T03:35:24.000Z</time>
        <extensions>
          <ns3:TrackPointExtension>
            <ns3:hr>156</ns3:hr>
            <ns3:cad>99</ns3:cad>
          </ns3:TrackPointExtension>
        </extensions>
      </trkpt>
      <trkpt lat="41.255771331489086151123046875" lon="115.1139436103403568267822265625">
        <ele>1564.199951171875</ele>
        <time>2026-06-13T03:35:25.000Z</time>
        <extensions>
          <ns3:TrackPointExtension>
            <ns3:hr>156</ns3:hr>
            <ns3:cad>99</ns3:cad>
          </ns3:TrackPointExtension>
        </extensions>
      </trkpt>
      <trkpt lat="41.25579052604734897613525390625" lon="115.11397453956305980682373046875">
        <ele>1564</ele>
        <time>2026-06-13T03:35:26.000Z</time>
        <extensions>
          <ns3:TrackPointExtension>
            <ns3:hr>156</ns3:hr>
            <ns3:cad>99</ns3:cad>
          </ns3:TrackPointExtension>
        </extensions>
      </trkpt>
      <trkpt lat="41.25580578111112117767333984375" lon="115.11400102637708187103271484375">
        <ele>1564</ele>
        <time>2026-06-13T03:35:27.000Z</time>
        <extensions>
          <ns3:TrackPointExtension>
            <ns3:hr>157</ns3:hr>
            <ns3:cad>99</ns3:cad>
          </ns3:TrackPointExtension>
        </extensions>
      </trkpt>
      <trkpt lat="41.25583226792514324188232421875" lon="115.11403237469494342803955078125">
        <ele>1564</ele>
        <time>2026-06-13T03:35:28.000Z</time>
        <extensions>
          <ns3:TrackPointExtension>
            <ns3:hr>157</ns3:hr>
            <ns3:cad>99</ns3:cad>
          </ns3:TrackPointExtension>
        </extensions>
      </trkpt>
      <trkpt lat="41.25585020519793033599853515625" lon="115.11406145989894866943359375">
        <ele>1563.800048828125</ele>
        <time>2026-06-13T03:35:29.000Z</time>
        <extensions>
          <ns3:TrackPointExtension>
            <ns3:hr>157</ns3:hr>
            <ns3:cad>99</ns3:cad>
          </ns3:TrackPointExtension>
        </extensions>
      </trkpt>
      <trkpt lat="41.25587199814617633819580078125" lon="115.11408735997974872589111328125">
        <ele>1563.5999755859375</ele>
        <time>2026-06-13T03:35:30.000Z</time>
        <extensions>
          <ns3:TrackPointExtension>
            <ns3:hr>156</ns3:hr>
            <ns3:cad>99</ns3:cad>
          </ns3:TrackPointExtension>
        </extensions>
      </trkpt>
      <trkpt lat="41.25590217299759387969970703125" lon="115.1141166128218173980712890625">
        <ele>1563.4000244140625</ele>
        <time>2026-06-13T03:35:31.000Z</time>
        <extensions>
          <ns3:TrackPointExtension>
            <ns3:hr>156</ns3:hr>
            <ns3:cad>99</ns3:cad>
          </ns3:TrackPointExtension>
        </extensions>
      </trkpt>
      <trkpt lat="41.25591943971812725067138671875" lon="115.1141439378261566162109375">
        <ele>1563.199951171875</ele>
        <time>2026-06-13T03:35:32.000Z</time>
        <extensions>
          <ns3:TrackPointExtension>
            <ns3:hr>156</ns3:hr>
            <ns3:cad>99</ns3:cad>
          </ns3:TrackPointExtension>
        </extensions>
      </trkpt>
      <trkpt lat="41.25594307668507099151611328125" lon="115.11417319066822528839111328125">
        <ele>1563.199951171875</ele>
        <time>2026-06-13T03:35:33.000Z</time>
        <extensions>
          <ns3:TrackPointExtension>
            <ns3:hr>156</ns3:hr>
            <ns3:cad>99</ns3:cad>
          </ns3:TrackPointExtension>
        </extensions>
      </trkpt>
      <trkpt lat="41.2559733353555202484130859375" lon="115.11420403607189655303955078125">
        <ele>1563</ele>
        <time>2026-06-13T03:35:34.000Z</time>
        <extensions>
          <ns3:TrackPointExtension>
            <ns3:hr>156</ns3:hr>
            <ns3:cad>99</ns3:cad>
          </ns3:TrackPointExtension>
        </extensions>
      </trkpt>
      <trkpt lat="41.255984567105770111083984375" lon="115.11422884650528430938720703125">
        <ele>1562.800048828125</ele>
        <time>2026-06-13T03:35:35.000Z</time>
        <extensions>
          <ns3:TrackPointExtension>
            <ns3:hr>156</ns3:hr>
            <ns3:cad>99</ns3:cad>
          </ns3:TrackPointExtension>
        </extensions>
      </trkpt>
      <trkpt lat="41.25600828789174556732177734375" lon="115.11425499804317951202392578125">
        <ele>1562.5999755859375</ele>
        <time>2026-06-13T03:35:36.000Z</time>
        <extensions>
          <ns3:TrackPointExtension>
            <ns3:hr>156</ns3:hr>
            <ns3:cad>99</ns3:cad>
          </ns3:TrackPointExtension>
        </extensions>
      </trkpt>
      <trkpt lat="41.2560372054576873779296875" lon="115.114282406866550445556640625">
        <ele>1562.4000244140625</ele>
        <time>2026-06-13T03:35:37.000Z</time>
        <extensions>
          <ns3:TrackPointExtension>
            <ns3:hr>156</ns3:hr>
            <ns3:cad>99</ns3:cad>
          </ns3:TrackPointExtension>
        </extensions>
      </trkpt>
      <trkpt lat="41.2560517899692058563232421875" lon="115.114306546747684478759765625">
        <ele>1562.199951171875</ele>
        <time>2026-06-13T03:35:38.000Z</time>
        <extensions>
          <ns3:TrackPointExtension>
            <ns3:hr>156</ns3:hr>
            <ns3:cad>99</ns3:cad>
          </ns3:TrackPointExtension>
        </extensions>
      </trkpt>
      <trkpt lat="41.2560809589922428131103515625" lon="115.11433462612330913543701171875">
        <ele>1562.199951171875</ele>
        <time>2026-06-13T03:35:39.000Z</time>
        <extensions>
          <ns3:TrackPointExtension>
            <ns3:hr>156</ns3:hr>
            <ns3:cad>99</ns3:cad>
          </ns3:TrackPointExtension>
        </extensions>
      </trkpt>
      <trkpt lat="41.25611289404332637786865234375" lon="115.11436144821345806121826171875">
        <ele>1562.199951171875</ele>
        <time>2026-06-13T03:35:40.000Z</time>
        <extensions>
          <ns3:TrackPointExtension>
            <ns3:hr>156</ns3:hr>
            <ns3:cad>99</ns3:cad>
          </ns3:TrackPointExtension>
        </extensions>
      </trkpt>
      <trkpt lat="41.25613183714449405670166015625" lon="115.114386342465877532958984375">
        <ele>1562</ele>
        <time>2026-06-13T03:35:41.000Z</time>
        <extensions>
          <ns3:TrackPointExtension>
            <ns3:hr>156</ns3:hr>
            <ns3:cad>98</ns3:cad>
          </ns3:TrackPointExtension>
        </extensions>
      </trkpt>
      <trkpt lat="41.25616318546235561370849609375" lon="115.11441090144217014312744140625">
        <ele>1562</ele>
        <time>2026-06-13T03:35:42.000Z</time>
        <extensions>
          <ns3:TrackPointExtension>
            <ns3:hr>155</ns3:hr>
            <ns3:cad>98</ns3:cad>
          </ns3:TrackPointExtension>
        </extensions>
      </trkpt>
      <trkpt lat="41.2561936117708683013916015625" lon="115.11443286202847957611083984375">
        <ele>1562</ele>
        <time>2026-06-13T03:35:43.000Z</time>
        <extensions>
          <ns3:TrackPointExtension>
            <ns3:hr>155</ns3:hr>
            <ns3:cad>99</ns3:cad>
          </ns3:TrackPointExtension>
        </extensions>
      </trkpt>
      <trkpt lat="41.256215237081050872802734375" lon="115.11445163749158382415771484375">
        <ele>1562</ele>
        <time>2026-06-13T03:35:44.000Z</time>
        <extensions>
          <ns3:TrackPointExtension>
            <ns3:hr>155</ns3:hr>
            <ns3:cad>99</ns3:cad>
          </ns3:TrackPointExtension>
        </extensions>
      </trkpt>
      <trkpt lat="41.25625018961727619171142578125" lon="115.11446647346019744873046875">
        <ele>1562</ele>
        <time>2026-06-13T03:35:45.000Z</time>
        <extensions>
          <ns3:TrackPointExtension>
            <ns3:hr>155</ns3:hr>
            <ns3:cad>99</ns3:cad>
          </ns3:TrackPointExtension>
        </extensions>
      </trkpt>
      <trkpt lat="41.25627902336418628692626953125" lon="115.11448231525719165802001953125">
        <ele>1562</ele>
        <time>2026-06-13T03:35:46.000Z</time>
        <extensions>
          <ns3:TrackPointExtension>
            <ns3:hr>155</ns3:hr>
            <ns3:cad>98</ns3:cad>
          </ns3:TrackPointExtension>
        </extensions>
      </trkpt>
      <trkpt lat="41.25630768947303295135498046875" lon="115.11449639685451984405517578125">
        <ele>1561.800048828125</ele>
        <time>2026-06-13T03:35:47.000Z</time>
        <extensions>
          <ns3:TrackPointExtension>
            <ns3:hr>155</ns3:hr>
            <ns3:cad>98</ns3:cad>
          </ns3:TrackPointExtension>
        </extensions>
      </trkpt>
      <trkpt lat="41.25634322874248027801513671875" lon="115.114509053528308868408203125">
        <ele>1561.800048828125</ele>
        <time>2026-06-13T03:35:48.000Z</time>
        <extensions>
          <ns3:TrackPointExtension>
            <ns3:hr>155</ns3:hr>
            <ns3:cad>99</ns3:cad>
          </ns3:TrackPointExtension>
        </extensions>
      </trkpt>
      <trkpt lat="41.25636887736618518829345703125" lon="115.114523470401763916015625">
        <ele>1561.800048828125</ele>
        <time>2026-06-13T03:35:49.000Z</time>
        <extensions>
          <ns3:TrackPointExtension>
            <ns3:hr>155</ns3:hr>
            <ns3:cad>99</ns3:cad>
          </ns3:TrackPointExtension>
        </extensions>
      </trkpt>
      <trkpt lat="41.256401650607585906982421875" lon="115.1145296730101108551025390625">
        <ele>1561.5999755859375</ele>
        <time>2026-06-13T03:35:50.000Z</time>
        <extensions>
          <ns3:TrackPointExtension>
            <ns3:hr>155</ns3:hr>
            <ns3:cad>99</ns3:cad>
          </ns3:TrackPointExtension>
        </extensions>
      </trkpt>
      <trkpt lat="41.2564390338957309722900390625" lon="115.11453897692263126373291015625">
        <ele>1561.4000244140625</ele>
        <time>2026-06-13T03:35:51.000Z</time>
        <extensions>
          <ns3:TrackPointExtension>
            <ns3:hr>155</ns3:hr>
            <ns3:cad>99</ns3:cad>
          </ns3:TrackPointExtension>
        </extensions>
      </trkpt>
      <trkpt lat="41.2564621679484844207763671875" lon="115.11455423198640346527099609375">
        <ele>1561.4000244140625</ele>
        <time>2026-06-13T03:35:52.000Z</time>
        <extensions>
          <ns3:TrackPointExtension>
            <ns3:hr>155</ns3:hr>
            <ns3:cad>99</ns3:cad>
          </ns3:TrackPointExtension>
        </extensions>
      </trkpt>
      <trkpt lat="41.25649225898087024688720703125" lon="115.1145637035369873046875">
        <ele>1561.199951171875</ele>
        <time>2026-06-13T03:35:53.000Z</time>
        <extensions>
          <ns3:TrackPointExtension>
            <ns3:hr>156</ns3:hr>
            <ns3:cad>99</ns3:cad>
          </ns3:TrackPointExtension>
        </extensions>
      </trkpt>
      <trkpt lat="41.2565280497074127197265625" lon="115.11457535438239574432373046875">
        <ele>1561.199951171875</ele>
        <time>2026-06-13T03:35:54.000Z</time>
        <extensions>
          <ns3:TrackPointExtension>
            <ns3:hr>155</ns3:hr>
            <ns3:cad>99</ns3:cad>
          </ns3:TrackPointExtension>
        </extensions>
      </trkpt>
      <trkpt lat="41.2565526925027370452880859375" lon="115.11459027417004108428955078125">
        <ele>1561</ele>
        <time>2026-06-13T03:35:55.000Z</time>
        <extensions>
          <ns3:TrackPointExtension>
            <ns3:hr>156</ns3:hr>
            <ns3:cad>99</ns3:cad>
          </ns3:TrackPointExtension>
        </extensions>
      </trkpt>
      <trkpt lat="41.256586723029613494873046875" lon="115.11459781788289546966552734375">
        <ele>1561</ele>
        <time>2026-06-13T03:35:56.000Z</time>
        <extensions>
          <ns3:TrackPointExtension>
            <ns3:hr>156</ns3:hr>
            <ns3:cad>99</ns3:cad>
          </ns3:TrackPointExtension>
        </extensions>
      </trkpt>
      <trkpt lat="41.2566184066236019134521484375" lon="115.11460854671895503997802734375">
        <ele>1561</ele>
        <time>2026-06-13T03:35:57.000Z</time>
        <extensions>
          <ns3:TrackPointExtension>
            <ns3:hr>156</ns3:hr>
            <ns3:cad>99</ns3:cad>
          </ns3:TrackPointExtension>
        </extensions>
      </trkpt>
      <trkpt lat="41.25664631836116313934326171875" lon="115.11462078429758548736572265625">
        <ele>1560.800048828125</ele>
        <time>2026-06-13T03:35:58.000Z</time>
        <extensions>
          <ns3:TrackPointExtension>
            <ns3:hr>156</ns3:hr>
            <ns3:cad>99</ns3:cad>
          </ns3:TrackPointExtension>
        </extensions>
      </trkpt>
      <trkpt lat="41.2566800974309444427490234375" lon="115.1146292500197887420654296875">
        <ele>1560.5999755859375</ele>
        <time>2026-06-13T03:35:59.000Z</time>
        <extensions>
          <ns3:TrackPointExtension>
            <ns3:hr>156</ns3:hr>
            <ns3:cad>98</ns3:cad>
          </ns3:TrackPointExtension>
        </extensions>
      </trkpt>
      <trkpt lat="41.25670851208269596099853515625" lon="115.1146419905126094818115234375">
        <ele>1560.4000244140625</ele>
        <time>2026-06-13T03:36:00.000Z</time>
        <extensions>
          <ns3:TrackPointExtension>
            <ns3:hr>156</ns3:hr>
            <ns3:cad>99</ns3:cad>
          </ns3:TrackPointExtension>
        </extensions>
      </trkpt>
      <trkpt lat="41.25673717819154262542724609375" lon="115.114651210606098175048828125">
        <ele>1560.199951171875</ele>
        <time>2026-06-13T03:36:01.000Z</time>
        <extensions>
          <ns3:TrackPointExtension>
            <ns3:hr>156</ns3:hr>
            <ns3:cad>99</ns3:cad>
          </ns3:TrackPointExtension>
        </extensions>
      </trkpt>
      <trkpt lat="41.2567722983658313751220703125" lon="115.1146577484905719757080078125">
        <ele>1560.199951171875</ele>
        <time>2026-06-13T03:36:02.000Z</time>
        <extensions>
          <ns3:TrackPointExtension>
            <ns3:hr>156</ns3:hr>
            <ns3:cad>99</ns3:cad>
          </ns3:TrackPointExtension>
        </extensions>
      </trkpt>
      <trkpt lat="41.25679668970406055450439453125" lon="115.1146708242595195770263671875">
        <ele>1560.199951171875</ele>
        <time>2026-06-13T03:36:03.000Z</time>
        <extensions>
          <ns3:TrackPointExtension>
            <ns3:hr>156</ns3:hr>
            <ns3:cad>99</ns3:cad>
          </ns3:TrackPointExtension>
        </extensions>
      </trkpt>
      <trkpt lat="41.2568271160125732421875" lon="115.1146802119910717010498046875">
        <ele>1560</ele>
        <time>2026-06-13T03:36:04.000Z</time>
        <extensions>
          <ns3:TrackPointExtension>
            <ns3:hr>156</ns3:hr>
            <ns3:cad>99</ns3:cad>
          </ns3:TrackPointExtension>
        </extensions>
      </trkpt>
      <trkpt lat="41.25686206854879856109619140625" lon="115.11469035409390926361083984375">
        <ele>1559.800048828125</ele>
        <time>2026-06-13T03:36:05.000Z</time>
        <extensions>
          <ns3:TrackPointExtension>
            <ns3:hr>156</ns3:hr>
            <ns3:cad>98</ns3:cad>
          </ns3:TrackPointExtension>
        </extensions>
      </trkpt>
      <trkpt lat="41.25688889063894748687744140625" lon="115.11470225639641284942626953125">
        <ele>1559.5999755859375</ele>
        <time>2026-06-13T03:36:06.000Z</time>
        <extensions>
          <ns3:TrackPointExtension>
            <ns3:hr>156</ns3:hr>
            <ns3:cad>97</ns3:cad>
          </ns3:TrackPointExtension>
        </extensions>
      </trkpt>
      <trkpt lat="41.2569225020706653594970703125" lon="115.11470929719507694244384765625">
        <ele>1559.4000244140625</ele>
        <time>2026-06-13T03:36:07.000Z</time>
        <extensions>
          <ns3:TrackPointExtension>
            <ns3:hr>156</ns3:hr>
            <ns3:cad>97</ns3:cad>
          </ns3:TrackPointExtension>
        </extensions>
      </trkpt>
      <trkpt lat="41.25695594586431980133056640625" lon="115.11471952311694622039794921875">
        <ele>1559.199951171875</ele>
        <time>2026-06-13T03:36:08.000Z</time>
        <extensions>
          <ns3:TrackPointExtension>
            <ns3:hr>156</ns3:hr>
            <ns3:cad>98</ns3:cad>
          </ns3:TrackPointExtension>
        </extensions>
      </trkpt>
      <trkpt lat="41.2569811753928661346435546875" lon="115.1147308386862277984619140625">
        <ele>1559</ele>
        <time>2026-06-13T03:36:09.000Z</time>
        <extensions>
          <ns3:TrackPointExtension>
            <ns3:hr>156</ns3:hr>
            <ns3:cad>98</ns3:cad>
          </ns3:TrackPointExtension>
        </extensions>
      </trkpt>
      <trkpt lat="41.25701646320521831512451171875" lon="115.11473746038973331451416015625">
        <ele>1559</ele>
        <time>2026-06-13T03:36:10.000Z</time>
        <extensions>
          <ns3:TrackPointExtension>
            <ns3:hr>156</ns3:hr>
            <ns3:cad>98</ns3:cad>
          </ns3:TrackPointExtension>
        </extensions>
      </trkpt>
      <trkpt lat="41.257047392427921295166015625" lon="115.11475087143480777740478515625">
        <ele>1559</ele>
        <time>2026-06-13T03:36:11.000Z</time>
        <extensions>
          <ns3:TrackPointExtension>
            <ns3:hr>155</ns3:hr>
            <ns3:cad>98</ns3:cad>
          </ns3:TrackPointExtension>
        </extensions>
      </trkpt>
      <trkpt lat="41.25707295723259449005126953125" lon="115.11476294137537479400634765625">
        <ele>1558.800048828125</ele>
        <time>2026-06-13T03:36:12.000Z</time>
        <extensions>
          <ns3:TrackPointExtension>
            <ns3:hr>156</ns3:hr>
            <ns3:cad>98</ns3:cad>
          </ns3:TrackPointExtension>
        </extensions>
      </trkpt>
      <trkpt lat="41.25710631720721721649169921875" lon="115.1147764362394809722900390625">
        <ele>1558.5999755859375</ele>
        <time>2026-06-13T03:36:13.000Z</time>
        <extensions>
          <ns3:TrackPointExtension>
            <ns3:hr>156</ns3:hr>
            <ns3:cad>98</ns3:cad>
          </ns3:TrackPointExtension>
        </extensions>
      </trkpt>
      <trkpt lat="41.2571323849260807037353515625" lon="115.1147905178368091583251953125">
        <ele>1558.5999755859375</ele>
        <time>2026-06-13T03:36:14.000Z</time>
        <extensions>
          <ns3:TrackPointExtension>
            <ns3:hr>156</ns3:hr>
            <ns3:cad>98</ns3:cad>
          </ns3:TrackPointExtension>
        </extensions>
      </trkpt>
      <trkpt lat="41.25715929083526134490966796875" lon="115.11480040848255157470703125">
        <ele>1558.4000244140625</ele>
        <time>2026-06-13T03:36:15.000Z</time>
        <extensions>
          <ns3:TrackPointExtension>
            <ns3:hr>156</ns3:hr>
            <ns3:cad>98</ns3:cad>
          </ns3:TrackPointExtension>
        </extensions>
      </trkpt>
      <trkpt lat="41.2571970932185649871826171875" lon="115.1148129813373088836669921875">
        <ele>1558.199951171875</ele>
        <time>2026-06-13T03:36:16.000Z</time>
        <extensions>
          <ns3:TrackPointExtension>
            <ns3:hr>156</ns3:hr>
            <ns3:cad>98</ns3:cad>
          </ns3:TrackPointExtension>
        </extensions>
      </trkpt>
      <trkpt lat="41.2572232447564601898193359375" lon="115.11482848785817623138427734375">
        <ele>1558.199951171875</ele>
        <time>2026-06-13T03:36:17.000Z</time>
        <extensions>
          <ns3:TrackPointExtension>
            <ns3:hr>155</ns3:hr>
            <ns3:cad>98</ns3:cad>
          </ns3:TrackPointExtension>
        </extensions>
      </trkpt>
      <trkpt lat="41.25725266523659229278564453125" lon="115.11483728885650634765625">
        <ele>1558.199951171875</ele>
        <time>2026-06-13T03:36:18.000Z</time>
        <extensions>
          <ns3:TrackPointExtension>
            <ns3:hr>156</ns3:hr>
            <ns3:cad>98</ns3:cad>
          </ns3:TrackPointExtension>
        </extensions>
      </trkpt>
      <trkpt lat="41.2572906352579593658447265625" lon="115.1148428209125995635986328125">
        <ele>1558</ele>
        <time>2026-06-13T03:36:19.000Z</time>
        <extensions>
          <ns3:TrackPointExtension>
            <ns3:hr>156</ns3:hr>
            <ns3:cad>99</ns3:cad>
          </ns3:TrackPointExtension>
        </extensions>
      </trkpt>
      <trkpt lat="41.2573177926242351531982421875" lon="115.11485681869089603424072265625">
        <ele>1557.800048828125</ele>
        <time>2026-06-13T03:36:20.000Z</time>
        <extensions>
          <ns3:TrackPointExtension>
            <ns3:hr>156</ns3:hr>
            <ns3:cad>99</ns3:cad>
          </ns3:TrackPointExtension>
        </extensions>
      </trkpt>
      <trkpt lat="41.25734855420887470245361328125" lon="115.1148686371743679046630859375">
        <ele>1557.4000244140625</ele>
        <time>2026-06-13T03:36:21.000Z</time>
        <extensions>
          <ns3:TrackPointExtension>
            <ns3:hr>157</ns3:hr>
            <ns3:cad>99</ns3:cad>
          </ns3:TrackPointExtension>
        </extensions>
      </trkpt>
      <trkpt lat="41.2573804892599582672119140625" lon="115.1148823834955692291259765625">
        <ele>1557.199951171875</ele>
        <time>2026-06-13T03:36:22.000Z</time>
        <extensions>
          <ns3:TrackPointExtension>
            <ns3:hr>157</ns3:hr>
            <ns3:cad>99</ns3:cad>
          </ns3:TrackPointExtension>
        </extensions>
      </trkpt>
      <trkpt lat="41.25740840099751949310302734375" lon="115.11489755474030971527099609375">
        <ele>1557</ele>
        <time>2026-06-13T03:36:23.000Z</time>
        <extensions>
          <ns3:TrackPointExtension>
            <ns3:hr>158</ns3:hr>
            <ns3:cad>99</ns3:cad>
          </ns3:TrackPointExtension>
        </extensions>
      </trkpt>
      <trkpt lat="41.25743807293474674224853515625" lon="115.11490979231894016265869140625">
        <ele>1557</ele>
        <time>2026-06-13T03:36:24.000Z</time>
        <extensions>
          <ns3:TrackPointExtension>
            <ns3:hr>158</ns3:hr>
            <ns3:cad>99</ns3:cad>
          </ns3:TrackPointExtension>
        </extensions>
      </trkpt>
      <trkpt lat="41.25747478567063808441162109375" lon="115.11492152698338031768798828125">
        <ele>1557</ele>
        <time>2026-06-13T03:36:25.000Z</time>
        <extensions>
          <ns3:TrackPointExtension>
            <ns3:hr>158</ns3:hr>
            <ns3:cad>99</ns3:cad>
          </ns3:TrackPointExtension>
        </extensions>
      </trkpt>
      <trkpt lat="41.257502697408199310302734375" lon="115.11493527330458164215087890625">
        <ele>1557</ele>
        <time>2026-06-13T03:36:26.000Z</time>
        <extensions>
          <ns3:TrackPointExtension>
            <ns3:hr>158</ns3:hr>
            <ns3:cad>99</ns3:cad>
          </ns3:TrackPointExtension>
        </extensions>
      </trkpt>
      <trkpt lat="41.25753362663090229034423828125" lon="115.114946253597736358642578125">
        <ele>1557</ele>
        <time>2026-06-13T03:36:27.000Z</time>
        <extensions>
          <ns3:TrackPointExtension>
            <ns3:hr>158</ns3:hr>
            <ns3:cad>101</ns3:cad>
          </ns3:TrackPointExtension>
        </extensions>
      </trkpt>
      <trkpt lat="41.2575695849955081939697265625" lon="115.11495999991893768310546875">
        <ele>1557</ele>
        <time>2026-06-13T03:36:28.000Z</time>
        <extensions>
          <ns3:TrackPointExtension>
            <ns3:hr>158</ns3:hr>
            <ns3:cad>101</ns3:cad>
          </ns3:TrackPointExtension>
        </extensions>
      </trkpt>
      <trkpt lat="41.257591545581817626953125" lon="115.11497248895466327667236328125">
        <ele>1556.800048828125</ele>
        <time>2026-06-13T03:36:29.000Z</time>
        <extensions>
          <ns3:TrackPointExtension>
            <ns3:hr>158</ns3:hr>
            <ns3:cad>101</ns3:cad>
          </ns3:TrackPointExtension>
        </extensions>
      </trkpt>
      <trkpt lat="41.25762146897614002227783203125" lon="115.1149849779903888702392578125">
        <ele>1556.800048828125</ele>
        <time>2026-06-13T03:36:30.000Z</time>
        <extensions>
          <ns3:TrackPointExtension>
            <ns3:hr>159</ns3:hr>
            <ns3:cad>101</ns3:cad>
          </ns3:TrackPointExtension>
        </extensions>
      </trkpt>
      <trkpt lat="41.2576580978929996490478515625" lon="115.1149947009980678558349609375">
        <ele>1556.800048828125</ele>
        <time>2026-06-13T03:36:31.000Z</time>
        <extensions>
          <ns3:TrackPointExtension>
            <ns3:hr>159</ns3:hr>
            <ns3:cad>101</ns3:cad>
          </ns3:TrackPointExtension>
        </extensions>
      </trkpt>
      <trkpt lat="41.2576788850128650665283203125" lon="115.115005932748317718505859375">
        <ele>1556.5999755859375</ele>
        <time>2026-06-13T03:36:32.000Z</time>
        <extensions>
          <ns3:TrackPointExtension>
            <ns3:hr>159</ns3:hr>
            <ns3:cad>101</ns3:cad>
          </ns3:TrackPointExtension>
        </extensions>
      </trkpt>
      <trkpt lat="41.2577107362449169158935546875" lon="115.11502244509756565093994140625">
        <ele>1556.4000244140625</ele>
        <time>2026-06-13T03:36:33.000Z</time>
        <extensions>
          <ns3:TrackPointExtension>
            <ns3:hr>159</ns3:hr>
            <ns3:cad>99</ns3:cad>
          </ns3:TrackPointExtension>
        </extensions>
      </trkpt>
      <trkpt lat="41.2577405758202075958251953125" lon="115.11503241956233978271484375">
        <ele>1556.4000244140625</ele>
        <time>2026-06-13T03:36:34.000Z</time>
        <extensions>
          <ns3:TrackPointExtension>
            <ns3:hr>159</ns3:hr>
            <ns3:cad>98</ns3:cad>
          </ns3:TrackPointExtension>
        </extensions>
      </trkpt>
      <trkpt lat="41.25776831991970539093017578125" lon="115.115041472017765045166015625">
        <ele>1556.199951171875</ele>
        <time>2026-06-13T03:36:35.000Z</time>
        <extensions>
          <ns3:TrackPointExtension>
            <ns3:hr>159</ns3:hr>
            <ns3:cad>98</ns3:cad>
          </ns3:TrackPointExtension>
        </extensions>
      </trkpt>
      <trkpt lat="41.25780302099883556365966796875" lon="115.1150523684918880462646484375">
        <ele>1556.199951171875</ele>
        <time>2026-06-13T03:36:36.000Z</time>
        <extensions>
          <ns3:TrackPointExtension>
            <ns3:hr>159</ns3:hr>
            <ns3:cad>98</ns3:cad>
          </ns3:TrackPointExtension>
        </extensions>
      </trkpt>
      <trkpt lat="41.2578311003744602203369140625" lon="115.11506116949021816253662109375">
        <ele>1556.199951171875</ele>
        <time>2026-06-13T03:36:37.000Z</time>
        <extensions>
          <ns3:TrackPointExtension>
            <ns3:hr>159</ns3:hr>
            <ns3:cad>98</ns3:cad>
          </ns3:TrackPointExtension>
        </extensions>
      </trkpt>
      <trkpt lat="41.25786370597779750823974609375" lon="115.115070641040802001953125">
        <ele>1556</ele>
        <time>2026-06-13T03:36:38.000Z</time>
        <extensions>
          <ns3:TrackPointExtension>
            <ns3:hr>159</ns3:hr>
            <ns3:cad>98</ns3:cad>
          </ns3:TrackPointExtension>
        </extensions>
      </trkpt>
      <trkpt lat="41.25789857469499111175537109375" lon="115.1150812022387981414794921875">
        <ele>1556</ele>
        <time>2026-06-13T03:36:39.000Z</time>
        <extensions>
          <ns3:TrackPointExtension>
            <ns3:hr>159</ns3:hr>
            <ns3:cad>98</ns3:cad>
          </ns3:TrackPointExtension>
        </extensions>
      </trkpt>
      <trkpt lat="41.25792724080383777618408203125" lon="115.11509402655065059661865234375">
        <ele>1555.800048828125</ele>
        <time>2026-06-13T03:36:40.000Z</time>
        <extensions>
          <ns3:TrackPointExtension>
            <ns3:hr>159</ns3:hr>
            <ns3:cad>98</ns3:cad>
          </ns3:TrackPointExtension>
        </extensions>
      </trkpt>
      <trkpt lat="41.25796127133071422576904296875" lon="115.115107856690883636474609375">
        <ele>1555.800048828125</ele>
        <time>2026-06-13T03:36:41.000Z</time>
        <extensions>
          <ns3:TrackPointExtension>
            <ns3:hr>159</ns3:hr>
            <ns3:cad>99</ns3:cad>
          </ns3:TrackPointExtension>
        </extensions>
      </trkpt>
      <trkpt lat="41.2579933740198612213134765625" lon="115.115120597183704376220703125">
        <ele>1555.4000244140625</ele>
        <time>2026-06-13T03:36:42.000Z</time>
        <extensions>
          <ns3:TrackPointExtension>
            <ns3:hr>159</ns3:hr>
            <ns3:cad>99</ns3:cad>
          </ns3:TrackPointExtension>
        </extensions>
      </trkpt>
      <trkpt lat="41.25801868736743927001953125" lon="115.11513057164847850799560546875">
        <ele>1555.4000244140625</ele>
        <time>2026-06-13T03:36:43.000Z</time>
        <extensions>
          <ns3:TrackPointExtension>
            <ns3:hr>158</ns3:hr>
            <ns3:cad>99</ns3:cad>
          </ns3:TrackPointExtension>
        </extensions>
      </trkpt>
      <trkpt lat="41.2580574117600917816162109375" lon="115.11513836681842803955078125">
        <ele>1555.199951171875</ele>
        <time>2026-06-13T03:36:44.000Z</time>
        <extensions>
          <ns3:TrackPointExtension>
            <ns3:hr>158</ns3:hr>
            <ns3:cad>99</ns3:cad>
          </ns3:TrackPointExtension>
        </extensions>
      </trkpt>
      <trkpt lat="41.25809202902019023895263671875" lon="115.11515446007251739501953125">
        <ele>1555</ele>
        <time>2026-06-13T03:36:45.000Z</time>
        <extensions>
          <ns3:TrackPointExtension>
            <ns3:hr>158</ns3:hr>
            <ns3:cad>99</ns3:cad>
          </ns3:TrackPointExtension>
        </extensions>
      </trkpt>
      <trkpt lat="41.25812253914773464202880859375" lon="115.11516661383211612701416015625">
        <ele>1554.800048828125</ele>
        <time>2026-06-13T03:36:46.000Z</time>
        <extensions>
          <ns3:TrackPointExtension>
            <ns3:hr>158</ns3:hr>
            <ns3:cad>99</ns3:cad>
          </ns3:TrackPointExtension>
        </extensions>
      </trkpt>
      <trkpt lat="41.2581596709787845611572265625" lon="115.11517365463078022003173828125">
        <ele>1554.5999755859375</ele>
        <time>2026-06-13T03:36:47.000Z</time>
        <extensions>
          <ns3:TrackPointExtension>
            <ns3:hr>158</ns3:hr>
            <ns3:cad>99</ns3:cad>
          </ns3:TrackPointExtension>
        </extensions>
      </trkpt>
      <trkpt lat="41.25819168984889984130859375" lon="115.11518522165715694427490234375">
        <ele>1554.5999755859375</ele>
        <time>2026-06-13T03:36:48.000Z</time>
        <extensions>
          <ns3:TrackPointExtension>
            <ns3:hr>158</ns3:hr>
            <ns3:cad>99</ns3:cad>
          </ns3:TrackPointExtension>
        </extensions>
      </trkpt>
      <trkpt lat="41.2582233734428882598876953125" lon="115.11519611813127994537353515625">
        <ele>1554.199951171875</ele>
        <time>2026-06-13T03:36:49.000Z</time>
        <extensions>
          <ns3:TrackPointExtension>
            <ns3:hr>158</ns3:hr>
            <ns3:cad>98</ns3:cad>
          </ns3:TrackPointExtension>
        </extensions>
      </trkpt>
      <trkpt lat="41.25826134346425533294677734375" lon="115.11520600877702236175537109375">
        <ele>1554</ele>
        <time>2026-06-13T03:36:50.000Z</time>
        <extensions>
          <ns3:TrackPointExtension>
            <ns3:hr>158</ns3:hr>
            <ns3:cad>99</ns3:cad>
          </ns3:TrackPointExtension>
        </extensions>
      </trkpt>
      <trkpt lat="41.2582902610301971435546875" lon="115.11522226966917514801025390625">
        <ele>1553.800048828125</ele>
        <time>2026-06-13T03:36:51.000Z</time>
        <extensions>
          <ns3:TrackPointExtension>
            <ns3:hr>159</ns3:hr>
            <ns3:cad>99</ns3:cad>
          </ns3:TrackPointExtension>
        </extensions>
      </trkpt>
      <trkpt lat="41.2583195976912975311279296875" lon="115.115233249962329864501953125">
        <ele>1553.5999755859375</ele>
        <time>2026-06-13T03:36:52.000Z</time>
        <extensions>
          <ns3:TrackPointExtension>
            <ns3:hr>158</ns3:hr>
            <ns3:cad>99</ns3:cad>
          </ns3:TrackPointExtension>
        </extensions>
      </trkpt>
      <trkpt lat="41.2583554722368717193603515625" lon="115.11524221859872341156005859375">
        <ele>1553.4000244140625</ele>
        <time>2026-06-13T03:36:53.000Z</time>
        <extensions>
          <ns3:TrackPointExtension>
            <ns3:hr>158</ns3:hr>
            <ns3:cad>99</ns3:cad>
          </ns3:TrackPointExtension>
        </extensions>
      </trkpt>
      <trkpt lat="41.25838723964989185333251953125" lon="115.115256719291210174560546875">
        <ele>1553.199951171875</ele>
        <time>2026-06-13T03:36:54.000Z</time>
        <extensions>
          <ns3:TrackPointExtension>
            <ns3:hr>159</ns3:hr>
            <ns3:cad>99</ns3:cad>
          </ns3:TrackPointExtension>
        </extensions>
      </trkpt>
      <trkpt lat="41.258413307368755340576171875" lon="115.11527272872626781463623046875">
        <ele>1553.199951171875</ele>
        <time>2026-06-13T03:36:55.000Z</time>
        <extensions>
          <ns3:TrackPointExtension>
            <ns3:hr>159</ns3:hr>
            <ns3:cad>99</ns3:cad>
          </ns3:TrackPointExtension>
        </extensions>
      </trkpt>
      <trkpt lat="41.25844842754304409027099609375" lon="115.11528463102877140045166015625">
        <ele>1553</ele>
        <time>2026-06-13T03:36:56.000Z</time>
        <extensions>
          <ns3:TrackPointExtension>
            <ns3:hr>159</ns3:hr>
            <ns3:cad>99</ns3:cad>
          </ns3:TrackPointExtension>
        </extensions>
      </trkpt>
      <trkpt lat="41.25847466289997100830078125" lon="115.11530256830155849456787109375">
        <ele>1553</ele>
        <time>2026-06-13T03:36:57.000Z</time>
        <extensions>
          <ns3:TrackPointExtension>
            <ns3:hr>159</ns3:hr>
            <ns3:cad>99</ns3:cad>
          </ns3:TrackPointExtension>
        </extensions>
      </trkpt>
      <trkpt lat="41.25850223936140537261962890625" lon="115.11531748808920383453369140625">
        <ele>1553</ele>
        <time>2026-06-13T03:36:58.000Z</time>
        <extensions>
          <ns3:TrackPointExtension>
            <ns3:hr>160</ns3:hr>
            <ns3:cad>99</ns3:cad>
          </ns3:TrackPointExtension>
        </extensions>
      </trkpt>
      <trkpt lat="41.2585428915917873382568359375" lon="115.11532905511558055877685546875">
        <ele>1553</ele>
        <time>2026-06-13T03:36:59.000Z</time>
        <extensions>
          <ns3:TrackPointExtension>
            <ns3:hr>160</ns3:hr>
            <ns3:cad>99</ns3:cad>
          </ns3:TrackPointExtension>
        </extensions>
      </trkpt>
      <trkpt lat="41.25857532955706119537353515625" lon="115.11534816585481166839599609375">
        <ele>1552.800048828125</ele>
        <time>2026-06-13T03:37:00.000Z</time>
        <extensions>
          <ns3:TrackPointExtension>
            <ns3:hr>160</ns3:hr>
            <ns3:cad>99</ns3:cad>
          </ns3:TrackPointExtension>
        </extensions>
      </trkpt>
      <trkpt lat="41.2586086057126522064208984375" lon="115.11536258272826671600341796875">
        <ele>1552.800048828125</ele>
        <time>2026-06-13T03:37:01.000Z</time>
        <extensions>
          <ns3:TrackPointExtension>
            <ns3:hr>160</ns3:hr>
            <ns3:cad>99</ns3:cad>
          </ns3:TrackPointExtension>
        </extensions>
      </trkpt>
      <trkpt lat="41.258647330105304718017578125" lon="115.11537984944880008697509765625">
        <ele>1552.5999755859375</ele>
        <time>2026-06-13T03:37:02.000Z</time>
        <extensions>
          <ns3:TrackPointExtension>
            <ns3:hr>160</ns3:hr>
            <ns3:cad>99</ns3:cad>
          </ns3:TrackPointExtension>
        </extensions>
      </trkpt>
      <trkpt lat="41.25867021270096302032470703125" lon="115.115398205816745758056640625">
        <ele>1552.4000244140625</ele>
        <time>2026-06-13T03:37:03.000Z</time>
        <extensions>
          <ns3:TrackPointExtension>
            <ns3:hr>160</ns3:hr>
            <ns3:cad>99</ns3:cad>
          </ns3:TrackPointExtension>
        </extensions>
      </trkpt>
      <trkpt lat="41.25870089046657085418701171875" lon="115.11541756801307201385498046875">
        <ele>1552.4000244140625</ele>
        <time>2026-06-13T03:37:04.000Z</time>
        <extensions>
          <ns3:TrackPointExtension>
            <ns3:hr>160</ns3:hr>
            <ns3:cad>99</ns3:cad>
          </ns3:TrackPointExtension>
        </extensions>
      </trkpt>
      <trkpt lat="41.25873642973601818084716796875" lon="115.11543919332325458526611328125">
        <ele>1552.4000244140625</ele>
        <time>2026-06-13T03:37:05.000Z</time>
        <extensions>
          <ns3:TrackPointExtension>
            <ns3:hr>160</ns3:hr>
            <ns3:cad>99</ns3:cad>
          </ns3:TrackPointExtension>
        </extensions>
      </trkpt>
      <trkpt lat="41.2587583065032958984375" lon="115.11546249501407146453857421875">
        <ele>1552.199951171875</ele>
        <time>2026-06-13T03:37:06.000Z</time>
        <extensions>
          <ns3:TrackPointExtension>
            <ns3:hr>160</ns3:hr>
            <ns3:cad>99</ns3:cad>
          </ns3:TrackPointExtension>
        </extensions>
      </trkpt>
      <trkpt lat="41.2587886489927768707275390625" lon="115.11548428796231746673583984375">
        <ele>1552.199951171875</ele>
        <time>2026-06-13T03:37:07.000Z</time>
        <extensions>
          <ns3:TrackPointExtension>
            <ns3:hr>160</ns3:hr>
            <ns3:cad>99</ns3:cad>
          </ns3:TrackPointExtension>
        </extensions>
      </trkpt>
      <trkpt lat="41.25881605781614780426025390625" lon="115.11550775729119777679443359375">
        <ele>1552.199951171875</ele>
        <time>2026-06-13T03:37:08.000Z</time>
        <extensions>
          <ns3:TrackPointExtension>
            <ns3:hr>161</ns3:hr>
            <ns3:cad>99</ns3:cad>
          </ns3:TrackPointExtension>
        </extensions>
      </trkpt>
      <trkpt lat="41.25883600674569606781005859375" lon="115.1155304722487926483154296875">
        <ele>1552.199951171875</ele>
        <time>2026-06-13T03:37:09.000Z</time>
        <extensions>
          <ns3:TrackPointExtension>
            <ns3:hr>161</ns3:hr>
            <ns3:cad>99</ns3:cad>
          </ns3:TrackPointExtension>
        </extensions>
      </trkpt>
      <trkpt lat="41.25886802561581134796142578125" lon="115.11555385775864124298095703125">
        <ele>1552.199951171875</ele>
        <time>2026-06-13T03:37:10.000Z</time>
        <extensions>
          <ns3:TrackPointExtension>
            <ns3:hr>161</ns3:hr>
            <ns3:cad>99</ns3:cad>
          </ns3:TrackPointExtension>
        </extensions>
      </trkpt>
      <trkpt lat="41.2588945962488651275634765625" lon="115.11557917110621929168701171875">
        <ele>1552.199951171875</ele>
        <time>2026-06-13T03:37:11.000Z</time>
        <extensions>
          <ns3:TrackPointExtension>
            <ns3:hr>161</ns3:hr>
            <ns3:cad>98</ns3:cad>
          </ns3:TrackPointExtension>
        </extensions>
      </trkpt>
      <trkpt lat="41.25891345553100109100341796875" lon="115.1156018860638141632080078125">
        <ele>1552.4000244140625</ele>
        <time>2026-06-13T03:37:12.000Z</time>
        <extensions>
          <ns3:TrackPointExtension>
            <ns3:hr>160</ns3:hr>
            <ns3:cad>98</ns3:cad>
          </ns3:TrackPointExtension>
        </extensions>
      </trkpt>
      <trkpt lat="41.25894002616405487060546875" lon="115.1156317256391048431396484375">
        <ele>1552.4000244140625</ele>
        <time>2026-06-13T03:37:13.000Z</time>
        <extensions>
          <ns3:TrackPointExtension>
            <ns3:hr>161</ns3:hr>
            <ns3:cad>98</ns3:cad>
          </ns3:TrackPointExtension>
        </extensions>
      </trkpt>
      <trkpt lat="41.258963160216808319091796875" lon="115.11566466651856899261474609375">
        <ele>1552.4000244140625</ele>
        <time>2026-06-13T03:37:14.000Z</time>
        <extensions>
          <ns3:TrackPointExtension>
            <ns3:hr>161</ns3:hr>
            <ns3:cad>98</ns3:cad>
          </ns3:TrackPointExtension>
        </extensions>
      </trkpt>
      <trkpt lat="41.25897581689059734344482421875" lon="115.11569232679903507232666015625">
        <ele>1552.199951171875</ele>
        <time>2026-06-13T03:37:15.000Z</time>
        <extensions>
          <ns3:TrackPointExtension>
            <ns3:hr>161</ns3:hr>
            <ns3:cad>98</ns3:cad>
          </ns3:TrackPointExtension>
        </extensions>
      </trkpt>
      <trkpt lat="41.25899878330528736114501953125" lon="115.1157269440591335296630859375">
        <ele>1552.199951171875</ele>
        <time>2026-06-13T03:37:16.000Z</time>
        <extensions>
          <ns3:TrackPointExtension>
            <ns3:hr>160</ns3:hr>
            <ns3:cad>99</ns3:cad>
          </ns3:TrackPointExtension>
        </extensions>
      </trkpt>
      <trkpt lat="41.259012781083583831787109375" lon="115.11575720272958278656005859375">
        <ele>1552.199951171875</ele>
        <time>2026-06-13T03:37:17.000Z</time>
        <extensions>
          <ns3:TrackPointExtension>
            <ns3:hr>161</ns3:hr>
            <ns3:cad>99</ns3:cad>
          </ns3:TrackPointExtension>
        </extensions>
      </trkpt>
      <trkpt lat="41.259029544889926910400390625" lon="115.11578771285712718963623046875">
        <ele>1552.199951171875</ele>
        <time>2026-06-13T03:37:18.000Z</time>
        <extensions>
          <ns3:TrackPointExtension>
            <ns3:hr>161</ns3:hr>
            <ns3:cad>99</ns3:cad>
          </ns3:TrackPointExtension>
        </extensions>
      </trkpt>
      <trkpt lat="41.25905242748558521270751953125" lon="115.1158241741359233856201171875">
        <ele>1552.4000244140625</ele>
        <time>2026-06-13T03:37:19.000Z</time>
        <extensions>
          <ns3:TrackPointExtension>
            <ns3:hr>161</ns3:hr>
            <ns3:cad>99</ns3:cad>
          </ns3:TrackPointExtension>
        </extensions>
      </trkpt>
      <trkpt lat="41.259059049189090728759765625" lon="115.1158540137112140655517578125">
        <ele>1552.4000244140625</ele>
        <time>2026-06-13T03:37:20.000Z</time>
        <extensions>
          <ns3:TrackPointExtension>
            <ns3:hr>161</ns3:hr>
            <ns3:cad>99</ns3:cad>
          </ns3:TrackPointExtension>
        </extensions>
      </trkpt>
      <trkpt lat="41.25907606445252895355224609375" lon="115.11589852161705493927001953125">
        <ele>1552.5999755859375</ele>
        <time>2026-06-13T03:37:21.000Z</time>
        <extensions>
          <ns3:TrackPointExtension>
            <ns3:hr>161</ns3:hr>
            <ns3:cad>99</ns3:cad>
          </ns3:TrackPointExtension>
        </extensions>
      </trkpt>
      <trkpt lat="41.2590903975069522857666015625" lon="115.11592752300202846527099609375">
        <ele>1552.800048828125</ele>
        <time>2026-06-13T03:37:22.000Z</time>
        <extensions>
          <ns3:TrackPointExtension>
            <ns3:hr>161</ns3:hr>
            <ns3:cad>98</ns3:cad>
          </ns3:TrackPointExtension>
        </extensions>
      </trkpt>
      <trkpt lat="41.25910439528524875640869140625" lon="115.11596054770052433013916015625">
        <ele>1553</ele>
        <time>2026-06-13T03:37:23.000Z</time>
        <extensions>
          <ns3:TrackPointExtension>
            <ns3:hr>161</ns3:hr>
            <ns3:cad>98</ns3:cad>
          </ns3:TrackPointExtension>
        </extensions>
      </trkpt>
      <trkpt lat="41.259120739996433258056640625" lon="115.1159951649606227874755859375">
        <ele>1553</ele>
        <time>2026-06-13T03:37:24.000Z</time>
        <extensions>
          <ns3:TrackPointExtension>
            <ns3:hr>161</ns3:hr>
            <ns3:cad>97</ns3:cad>
          </ns3:TrackPointExtension>
        </extensions>
      </trkpt>
      <trkpt lat="41.259130127727985382080078125" lon="115.11602642945945262908935546875">
        <ele>1553.199951171875</ele>
        <time>2026-06-13T03:37:25.000Z</time>
        <extensions>
          <ns3:TrackPointExtension>
            <ns3:hr>162</ns3:hr>
            <ns3:cad>97</ns3:cad>
          </ns3:TrackPointExtension>
        </extensions>
      </trkpt>
      <trkpt lat="41.259144879877567291259765625" lon="115.11606431566178798675537109375">
        <ele>1553.4000244140625</ele>
        <time>2026-06-13T03:37:26.000Z</time>
        <extensions>
          <ns3:TrackPointExtension>
            <ns3:hr>162</ns3:hr>
            <ns3:cad>97</ns3:cad>
          </ns3:TrackPointExtension>
        </extensions>
      </trkpt>
      <trkpt lat="41.25915602780878543853759765625" lon="115.11609734036028385162353515625">
        <ele>1553.5999755859375</ele>
        <time>2026-06-13T03:37:27.000Z</time>
        <extensions>
          <ns3:TrackPointExtension>
            <ns3:hr>162</ns3:hr>
            <ns3:cad>97</ns3:cad>
          </ns3:TrackPointExtension>
        </extensions>
      </trkpt>
      <trkpt lat="41.25916667282581329345703125" lon="115.1161312870681285858154296875">
        <ele>1553.800048828125</ele>
        <time>2026-06-13T03:37:28.000Z</time>
        <extensions>
          <ns3:TrackPointExtension>
            <ns3:hr>162</ns3:hr>
            <ns3:cad>97</ns3:cad>
          </ns3:TrackPointExtension>
        </extensions>
      </trkpt>
      <trkpt lat="41.2591802515089511871337890625" lon="115.11617311276495456695556640625">
        <ele>1554.199951171875</ele>
        <time>2026-06-13T03:37:29.000Z</time>
        <extensions>
          <ns3:TrackPointExtension>
            <ns3:hr>163</ns3:hr>
            <ns3:cad>97</ns3:cad>
          </ns3:TrackPointExtension>
        </extensions>
      </trkpt>
      <trkpt lat="41.2591872923076152801513671875" lon="115.11620647273957729339599609375">
        <ele>1554.4000244140625</ele>
        <time>2026-06-13T03:37:30.000Z</time>
        <extensions>
          <ns3:TrackPointExtension>
            <ns3:hr>163</ns3:hr>
            <ns3:cad>97</ns3:cad>
          </ns3:TrackPointExtension>
        </extensions>
      </trkpt>
      <trkpt lat="41.25919324345886707305908203125" lon="115.11624905280768871307373046875">
        <ele>1554.5999755859375</ele>
        <time>2026-06-13T03:37:31.000Z</time>
        <extensions>
          <ns3:TrackPointExtension>
            <ns3:hr>163</ns3:hr>
            <ns3:cad>97</ns3:cad>
          </ns3:TrackPointExtension>
        </extensions>
      </trkpt>
      <trkpt lat="41.2591956742107868194580078125" lon="115.116286017000675201416015625">
        <ele>1554.5999755859375</ele>
        <time>2026-06-13T03:37:32.000Z</time>
        <extensions>
          <ns3:TrackPointExtension>
            <ns3:hr>163</ns3:hr>
            <ns3:cad>97</ns3:cad>
          </ns3:TrackPointExtension>
        </extensions>
      </trkpt>
      <trkpt lat="41.25919760204851627349853515625" lon="115.11632180772721767425537109375">
        <ele>1555</ele>
        <time>2026-06-13T03:37:33.000Z</time>
        <extensions>
          <ns3:TrackPointExtension>
            <ns3:hr>163</ns3:hr>
            <ns3:cad>95</ns3:cad>
          </ns3:TrackPointExtension>
        </extensions>
      </trkpt>
      <trkpt lat="41.25920288264751434326171875" lon="115.116366483271121978759765625">
        <ele>1555.199951171875</ele>
        <time>2026-06-13T03:37:34.000Z</time>
        <extensions>
          <ns3:TrackPointExtension>
            <ns3:hr>163</ns3:hr>
            <ns3:cad>95</ns3:cad>
          </ns3:TrackPointExtension>
        </extensions>
      </trkpt>
      <trkpt lat="41.2592043913900852203369140625" lon="115.1164001785218715667724609375">
        <ele>1555.199951171875</ele>
        <time>2026-06-13T03:37:35.000Z</time>
        <extensions>
          <ns3:TrackPointExtension>
            <ns3:hr>163</ns3:hr>
            <ns3:cad>95</ns3:cad>
          </ns3:TrackPointExtension>
        </extensions>
      </trkpt>
      <trkpt lat="41.25920749269425868988037109375" lon="115.116440914571285247802734375">
        <ele>1555.4000244140625</ele>
        <time>2026-06-13T03:37:36.000Z</time>
        <extensions>
          <ns3:TrackPointExtension>
            <ns3:hr>163</ns3:hr>
            <ns3:cad>95</ns3:cad>
          </ns3:TrackPointExtension>
        </extensions>
      </trkpt>
      <trkpt lat="41.2592100910842418670654296875" lon="115.11647586710751056671142578125">
        <ele>1555.4000244140625</ele>
        <time>2026-06-13T03:37:37.000Z</time>
        <extensions>
          <ns3:TrackPointExtension>
            <ns3:hr>163</ns3:hr>
            <ns3:cad>95</ns3:cad>
          </ns3:TrackPointExtension>
        </extensions>
      </trkpt>
      <trkpt lat="41.25920766033232212066650390625" lon="115.1165104843676090240478515625">
        <ele>1555.4000244140625</ele>
        <time>2026-06-13T03:37:38.000Z</time>
        <extensions>
          <ns3:TrackPointExtension>
            <ns3:hr>164</ns3:hr>
            <ns3:cad>95</ns3:cad>
          </ns3:TrackPointExtension>
        </extensions>
      </trkpt>
      <trkpt lat="41.259207241237163543701171875" lon="115.11654878966510295867919921875">
        <ele>1555.5999755859375</ele>
        <time>2026-06-13T03:37:39.000Z</time>
        <extensions>
          <ns3:TrackPointExtension>
            <ns3:hr>164</ns3:hr>
            <ns3:cad>96</ns3:cad>
          </ns3:TrackPointExtension>
        </extensions>
      </trkpt>
      <trkpt lat="41.25920564867556095123291015625" lon="115.11658516712486743927001953125">
        <ele>1555.5999755859375</ele>
        <time>2026-06-13T03:37:40.000Z</time>
        <extensions>
          <ns3:TrackPointExtension>
            <ns3:hr>164</ns3:hr>
            <ns3:cad>96</ns3:cad>
          </ns3:TrackPointExtension>
        </extensions>
      </trkpt>
      <trkpt lat="41.259197182953357696533203125" lon="115.11661634780466556549072265625">
        <ele>1555.800048828125</ele>
        <time>2026-06-13T03:37:41.000Z</time>
        <extensions>
          <ns3:TrackPointExtension>
            <ns3:hr>164</ns3:hr>
            <ns3:cad>95</ns3:cad>
          </ns3:TrackPointExtension>
        </extensions>
      </trkpt>
      <trkpt lat="41.2591943331062793731689453125" lon="115.11665909551084041595458984375">
        <ele>1555.800048828125</ele>
        <time>2026-06-13T03:37:42.000Z</time>
        <extensions>
          <ns3:TrackPointExtension>
            <ns3:hr>164</ns3:hr>
            <ns3:cad>95</ns3:cad>
          </ns3:TrackPointExtension>
        </extensions>
      </trkpt>
      <trkpt lat="41.259189136326313018798828125" lon="115.11669404804706573486328125">
        <ele>1555.800048828125</ele>
        <time>2026-06-13T03:37:43.000Z</time>
        <extensions>
          <ns3:TrackPointExtension>
            <ns3:hr>164</ns3:hr>
            <ns3:cad>97</ns3:cad>
          </ns3:TrackPointExtension>
        </extensions>
      </trkpt>
      <trkpt lat="41.25918251462280750274658203125" lon="115.11673034168779850006103515625">
        <ele>1556</ele>
        <time>2026-06-13T03:37:44.000Z</time>
        <extensions>
          <ns3:TrackPointExtension>
            <ns3:hr>164</ns3:hr>
            <ns3:cad>98</ns3:cad>
          </ns3:TrackPointExtension>
        </extensions>
      </trkpt>
      <trkpt lat="41.25917530618607997894287109375" lon="115.11677878908812999725341796875">
        <ele>1556</ele>
        <time>2026-06-13T03:37:45.000Z</time>
        <extensions>
          <ns3:TrackPointExtension>
            <ns3:hr>165</ns3:hr>
            <ns3:cad>98</ns3:cad>
          </ns3:TrackPointExtension>
        </extensions>
      </trkpt>
      <trkpt lat="41.25916692428290843963623046875" lon="115.1168122328817844390869140625">
        <ele>1556</ele>
        <time>2026-06-13T03:37:46.000Z</time>
        <extensions>
          <ns3:TrackPointExtension>
            <ns3:hr>165</ns3:hr>
            <ns3:cad>99</ns3:cad>
          </ns3:TrackPointExtension>
        </extensions>
      </trkpt>
      <trkpt lat="41.25915887765586376190185546875" lon="115.116852633655071258544921875">
        <ele>1556.199951171875</ele>
        <time>2026-06-13T03:37:47.000Z</time>
        <extensions>
          <ns3:TrackPointExtension>
            <ns3:hr>165</ns3:hr>
            <ns3:cad>99</ns3:cad>
          </ns3:TrackPointExtension>
        </extensions>
      </trkpt>
      <trkpt lat="41.25914898701012134552001953125" lon="115.116890855133533477783203125">
        <ele>1556.199951171875</ele>
        <time>2026-06-13T03:37:48.000Z</time>
        <extensions>
          <ns3:TrackPointExtension>
            <ns3:hr>165</ns3:hr>
            <ns3:cad>99</ns3:cad>
          </ns3:TrackPointExtension>
        </extensions>
      </trkpt>
      <trkpt lat="41.25913574360311031341552734375" lon="115.11692128144204616546630859375">
        <ele>1556.4000244140625</ele>
        <time>2026-06-13T03:37:49.000Z</time>
        <extensions>
          <ns3:TrackPointExtension>
            <ns3:hr>165</ns3:hr>
            <ns3:cad>97</ns3:cad>
          </ns3:TrackPointExtension>
        </extensions>
      </trkpt>
      <trkpt lat="41.25912241637706756591796875" lon="115.11696226894855499267578125">
        <ele>1556.4000244140625</ele>
        <time>2026-06-13T03:37:50.000Z</time>
        <extensions>
          <ns3:TrackPointExtension>
            <ns3:hr>166</ns3:hr>
            <ns3:cad>97</ns3:cad>
          </ns3:TrackPointExtension>
        </extensions>
      </trkpt>
      <trkpt lat="41.2591083347797393798828125" lon="115.117002166807651519775390625">
        <ele>1556.4000244140625</ele>
        <time>2026-06-13T03:37:51.000Z</time>
        <extensions>
          <ns3:TrackPointExtension>
            <ns3:hr>165</ns3:hr>
            <ns3:cad>97</ns3:cad>
          </ns3:TrackPointExtension>
        </extensions>
      </trkpt>
      <trkpt lat="41.25909768976271152496337890625" lon="115.11702957563102245330810546875">
        <ele>1556.5999755859375</ele>
        <time>2026-06-13T03:37:52.000Z</time>
        <extensions>
          <ns3:TrackPointExtension>
            <ns3:hr>165</ns3:hr>
            <ns3:cad>97</ns3:cad>
          </ns3:TrackPointExtension>
        </extensions>
      </trkpt>
      <trkpt lat="41.2590910680592060089111328125" lon="115.1170764304697513580322265625">
        <ele>1556.5999755859375</ele>
        <time>2026-06-13T03:37:53.000Z</time>
        <extensions>
          <ns3:TrackPointExtension>
            <ns3:hr>165</ns3:hr>
            <ns3:cad>97</ns3:cad>
          </ns3:TrackPointExtension>
        </extensions>
      </trkpt>
      <trkpt lat="41.259081177413463592529296875" lon="115.11711037717759609222412109375">
        <ele>1556.5999755859375</ele>
        <time>2026-06-13T03:37:54.000Z</time>
        <extensions>
          <ns3:TrackPointExtension>
            <ns3:hr>166</ns3:hr>
            <ns3:cad>98</ns3:cad>
          </ns3:TrackPointExtension>
        </extensions>
      </trkpt>
      <trkpt lat="41.2590709514915943145751953125" lon="115.11714004911482334136962890625">
        <ele>1556.800048828125</ele>
        <time>2026-06-13T03:37:55.000Z</time>
        <extensions>
          <ns3:TrackPointExtension>
            <ns3:hr>165</ns3:hr>
            <ns3:cad>98</ns3:cad>
          </ns3:TrackPointExtension>
        </extensions>
      </trkpt>
      <trkpt lat="41.25906047411262989044189453125" lon="115.11717994697391986846923828125">
        <ele>1556.800048828125</ele>
        <time>2026-06-13T03:37:56.000Z</time>
        <extensions>
          <ns3:TrackPointExtension>
            <ns3:hr>166</ns3:hr>
            <ns3:cad>99</ns3:cad>
          </ns3:TrackPointExtension>
        </extensions>
      </trkpt>
      <trkpt lat="41.25904873944818973541259765625" lon="115.11720408685505390167236328125">
        <ele>1556.800048828125</ele>
        <time>2026-06-13T03:37:57.000Z</time>
        <extensions>
          <ns3:TrackPointExtension>
            <ns3:hr>166</ns3:hr>
            <ns3:cad>99</ns3:cad>
          </ns3:TrackPointExtension>
        </extensions>
      </trkpt>
      <trkpt lat="41.2590439617633819580078125" lon="115.1172343455255031585693359375">
        <ele>1556.800048828125</ele>
        <time>2026-06-13T03:37:58.000Z</time>
        <extensions>
          <ns3:TrackPointExtension>
            <ns3:hr>166</ns3:hr>
            <ns3:cad>99</ns3:cad>
          </ns3:TrackPointExtension>
        </extensions>
      </trkpt>
      <trkpt lat="41.25903658568859100341796875" lon="115.11727181263267993927001953125">
        <ele>1557</ele>
        <time>2026-06-13T03:37:59.000Z</time>
        <extensions>
          <ns3:TrackPointExtension>
            <ns3:hr>165</ns3:hr>
            <ns3:cad>99</ns3:cad>
          </ns3:TrackPointExtension>
        </extensions>
      </trkpt>
      <trkpt lat="41.25902778469026088714599609375" lon="115.117299892008304595947265625">
        <ele>1557.199951171875</ele>
        <time>2026-06-13T03:38:00.000Z</time>
        <extensions>
          <ns3:TrackPointExtension>
            <ns3:hr>166</ns3:hr>
            <ns3:cad>98</ns3:cad>
          </ns3:TrackPointExtension>
        </extensions>
      </trkpt>
      <trkpt lat="41.2590189836919307708740234375" lon="115.11733509600162506103515625">
        <ele>1557.4000244140625</ele>
        <time>2026-06-13T03:38:01.000Z</time>
        <extensions>
          <ns3:TrackPointExtension>
            <ns3:hr>166</ns3:hr>
            <ns3:cad>98</ns3:cad>
          </ns3:TrackPointExtension>
        </extensions>
      </trkpt>
      <trkpt lat="41.2590095959603786468505859375" lon="115.117371976375579833984375">
        <ele>1557.5999755859375</ele>
        <time>2026-06-13T03:38:02.000Z</time>
        <extensions>
          <ns3:TrackPointExtension>
            <ns3:hr>166</ns3:hr>
            <ns3:cad>98</ns3:cad>
          </ns3:TrackPointExtension>
        </extensions>
      </trkpt>
      <trkpt lat="41.25899677164852619171142578125" lon="115.117398798465728759765625">
        <ele>1557.5999755859375</ele>
        <time>2026-06-13T03:38:03.000Z</time>
        <extensions>
          <ns3:TrackPointExtension>
            <ns3:hr>165</ns3:hr>
            <ns3:cad>98</ns3:cad>
          </ns3:TrackPointExtension>
        </extensions>
      </trkpt>
      <trkpt lat="41.25898755155503749847412109375" lon="115.11743626557290554046630859375">
        <ele>1557.5999755859375</ele>
        <time>2026-06-13T03:38:04.000Z</time>
        <extensions>
          <ns3:TrackPointExtension>
            <ns3:hr>166</ns3:hr>
            <ns3:cad>98</ns3:cad>
          </ns3:TrackPointExtension>
        </extensions>
      </trkpt>
      <trkpt lat="41.2589767388999462127685546875" lon="115.1174690388143062591552734375">
        <ele>1557.800048828125</ele>
        <time>2026-06-13T03:38:05.000Z</time>
        <extensions>
          <ns3:TrackPointExtension>
            <ns3:hr>166</ns3:hr>
            <ns3:cad>99</ns3:cad>
          </ns3:TrackPointExtension>
        </extensions>
      </trkpt>
      <trkpt lat="41.25896609388291835784912109375" lon="115.1174913346767425537109375">
        <ele>1557.800048828125</ele>
        <time>2026-06-13T03:38:06.000Z</time>
        <extensions>
          <ns3:TrackPointExtension>
            <ns3:hr>166</ns3:hr>
            <ns3:cad>99</ns3:cad>
          </ns3:TrackPointExtension>
        </extensions>
      </trkpt>
      <trkpt lat="41.2589532695710659027099609375" lon="115.11753299273550510406494140625">
        <ele>1557.800048828125</ele>
        <time>2026-06-13T03:38:07.000Z</time>
        <extensions>
          <ns3:TrackPointExtension>
            <ns3:hr>166</ns3:hr>
            <ns3:cad>98</ns3:cad>
          </ns3:TrackPointExtension>
        </extensions>
      </trkpt>
      <trkpt lat="41.258940361440181732177734375" lon="115.1175637543201446533203125">
        <ele>1558</ele>
        <time>2026-06-13T03:38:08.000Z</time>
        <extensions>
          <ns3:TrackPointExtension>
            <ns3:hr>165</ns3:hr>
            <ns3:cad>98</ns3:cad>
          </ns3:TrackPointExtension>
        </extensions>
      </trkpt>
      <trkpt lat="41.2589324824512004852294921875" lon="115.117596946656703948974609375">
        <ele>1558</ele>
        <time>2026-06-13T03:38:09.000Z</time>
        <extensions>
          <ns3:TrackPointExtension>
            <ns3:hr>166</ns3:hr>
            <ns3:cad>98</ns3:cad>
          </ns3:TrackPointExtension>
        </extensions>
      </trkpt>
      <trkpt lat="41.25892032869160175323486328125" lon="115.11764145456254482269287109375">
        <ele>1558</ele>
        <time>2026-06-13T03:38:10.000Z</time>
        <extensions>
          <ns3:TrackPointExtension>
            <ns3:hr>166</ns3:hr>
            <ns3:cad>98</ns3:cad>
          </ns3:TrackPointExtension>
        </extensions>
      </trkpt>
      <trkpt lat="41.25890691764652729034423828125" lon="115.11767162941396236419677734375">
        <ele>1558</ele>
        <time>2026-06-13T03:38:11.000Z</time>
        <extensions>
          <ns3:TrackPointExtension>
            <ns3:hr>166</ns3:hr>
            <ns3:cad>98</ns3:cad>
          </ns3:TrackPointExtension>
        </extensions>
      </trkpt>
      <trkpt lat="41.25889400951564311981201171875" lon="115.11770431883633136749267578125">
        <ele>1557.800048828125</ele>
        <time>2026-06-13T03:38:12.000Z</time>
        <extensions>
          <ns3:TrackPointExtension>
            <ns3:hr>166</ns3:hr>
            <ns3:cad>98</ns3:cad>
          </ns3:TrackPointExtension>
        </extensions>
      </trkpt>
      <trkpt lat="41.258878670632839202880859375" lon="115.1177426241338253021240234375">
        <ele>1557.5999755859375</ele>
        <time>2026-06-13T03:38:13.000Z</time>
        <extensions>
          <ns3:TrackPointExtension>
            <ns3:hr>165</ns3:hr>
            <ns3:cad>99</ns3:cad>
          </ns3:TrackPointExtension>
        </extensions>
      </trkpt>
      <trkpt lat="41.258869953453540802001953125" lon="115.11776961386203765869140625">
        <ele>1557.4000244140625</ele>
        <time>2026-06-13T03:38:14.000Z</time>
        <extensions>
          <ns3:TrackPointExtension>
            <ns3:hr>166</ns3:hr>
            <ns3:cad>99</ns3:cad>
          </ns3:TrackPointExtension>
        </extensions>
      </trkpt>
      <trkpt lat="41.2588603980839252471923828125" lon="115.1178059913218021392822265625">
        <ele>1557.4000244140625</ele>
        <time>2026-06-13T03:38:15.000Z</time>
        <extensions>
          <ns3:TrackPointExtension>
            <ns3:hr>166</ns3:hr>
            <ns3:cad>98</ns3:cad>
          </ns3:TrackPointExtension>
        </extensions>
      </trkpt>
      <trkpt lat="41.25885017216205596923828125" lon="115.11784144677221775054931640625">
        <ele>1557.800048828125</ele>
        <time>2026-06-13T03:38:16.000Z</time>
        <extensions>
          <ns3:TrackPointExtension>
            <ns3:hr>166</ns3:hr>
            <ns3:cad>98</ns3:cad>
          </ns3:TrackPointExtension>
        </extensions>
      </trkpt>
      <trkpt lat="41.25883332453668117523193359375" lon="115.11786441318690776824951171875">
        <ele>1558</ele>
        <time>2026-06-13T03:38:17.000Z</time>
        <extensions>
          <ns3:TrackPointExtension>
            <ns3:hr>166</ns3:hr>
            <ns3:cad>98</ns3:cad>
          </ns3:TrackPointExtension>
        </extensions>
      </trkpt>
      <trkpt lat="41.25881957821547985076904296875" lon="115.1179045625030994415283203125">
        <ele>1558.4000244140625</ele>
        <time>2026-06-13T03:38:18.000Z</time>
        <extensions>
          <ns3:TrackPointExtension>
            <ns3:hr>166</ns3:hr>
            <ns3:cad>98</ns3:cad>
          </ns3:TrackPointExtension>
        </extensions>
      </trkpt>
      <trkpt lat="41.25880591571331024169921875" lon="115.11793582700192928314208984375">
        <ele>1558.800048828125</ele>
        <time>2026-06-13T03:38:19.000Z</time>
        <extensions>
          <ns3:TrackPointExtension>
            <ns3:hr>166</ns3:hr>
            <ns3:cad>98</ns3:cad>
          </ns3:TrackPointExtension>
        </extensions>
      </trkpt>
      <trkpt lat="41.25879141502082347869873046875" lon="115.1179605536162853240966796875">
        <ele>1559</ele>
        <time>2026-06-13T03:38:20.000Z</time>
        <extensions>
          <ns3:TrackPointExtension>
            <ns3:hr>167</ns3:hr>
            <ns3:cad>98</ns3:cad>
          </ns3:TrackPointExtension>
        </extensions>
      </trkpt>
      <trkpt lat="41.2587769143283367156982421875" lon="115.11799919418990612030029296875">
        <ele>1559</ele>
        <time>2026-06-13T03:38:21.000Z</time>
        <extensions>
          <ns3:TrackPointExtension>
            <ns3:hr>167</ns3:hr>
            <ns3:cad>98</ns3:cad>
          </ns3:TrackPointExtension>
        </extensions>
      </trkpt>
      <trkpt lat="41.2587631680071353912353515625" lon="115.118032135069370269775390625">
        <ele>1559</ele>
        <time>2026-06-13T03:38:22.000Z</time>
        <extensions>
          <ns3:TrackPointExtension>
            <ns3:hr>167</ns3:hr>
            <ns3:cad>99</ns3:cad>
          </ns3:TrackPointExtension>
        </extensions>
      </trkpt>
      <trkpt lat="41.25875017605721950531005859375" lon="115.1180577836930751800537109375">
        <ele>1559</ele>
        <time>2026-06-13T03:38:23.000Z</time>
        <extensions>
          <ns3:TrackPointExtension>
            <ns3:hr>167</ns3:hr>
            <ns3:cad>99</ns3:cad>
          </ns3:TrackPointExtension>
        </extensions>
      </trkpt>
      <trkpt lat="41.25873492099344730377197265625" lon="115.11809977702796459197998046875">
        <ele>1558.800048828125</ele>
        <time>2026-06-13T03:38:24.000Z</time>
        <extensions>
          <ns3:TrackPointExtension>
            <ns3:hr>168</ns3:hr>
            <ns3:cad>99</ns3:cad>
          </ns3:TrackPointExtension>
        </extensions>
      </trkpt>
      <trkpt lat="41.25871933065354824066162109375" lon="115.1181268505752086639404296875">
        <ele>1559</ele>
        <time>2026-06-13T03:38:25.000Z</time>
        <extensions>
          <ns3:TrackPointExtension>
            <ns3:hr>167</ns3:hr>
            <ns3:cad>99</ns3:cad>
          </ns3:TrackPointExtension>
        </extensions>
      </trkpt>
      <trkpt lat="41.25870826654136180877685546875" lon="115.1181597076356410980224609375">
        <ele>1559</ele>
        <time>2026-06-13T03:38:26.000Z</time>
        <extensions>
          <ns3:TrackPointExtension>
            <ns3:hr>167</ns3:hr>
            <ns3:cad>99</ns3:cad>
          </ns3:TrackPointExtension>
        </extensions>
      </trkpt>
      <trkpt lat="41.2586952745914459228515625" lon="115.1181985996663570404052734375">
        <ele>1559.199951171875</ele>
        <time>2026-06-13T03:38:27.000Z</time>
        <extensions>
          <ns3:TrackPointExtension>
            <ns3:hr>168</ns3:hr>
            <ns3:cad>99</ns3:cad>
          </ns3:TrackPointExtension>
        </extensions>
      </trkpt>
      <trkpt lat="41.2586823664605617523193359375" lon="115.1182237453758716583251953125">
        <ele>1559.199951171875</ele>
        <time>2026-06-13T03:38:28.000Z</time>
        <extensions>
          <ns3:TrackPointExtension>
            <ns3:hr>167</ns3:hr>
            <ns3:cad>99</ns3:cad>
          </ns3:TrackPointExtension>
        </extensions>
      </trkpt>
      <trkpt lat="41.25867004506289958953857421875" lon="115.1182596199214458465576171875">
        <ele>1559.199951171875</ele>
        <time>2026-06-13T03:38:29.000Z</time>
        <extensions>
          <ns3:TrackPointExtension>
            <ns3:hr>167</ns3:hr>
            <ns3:cad>99</ns3:cad>
          </ns3:TrackPointExtension>
        </extensions>
      </trkpt>
      <trkpt lat="41.2586577236652374267578125" lon="115.1182948239147663116455078125">
        <ele>1559.4000244140625</ele>
        <time>2026-06-13T03:38:30.000Z</time>
        <extensions>
          <ns3:TrackPointExtension>
            <ns3:hr>168</ns3:hr>
            <ns3:cad>99</ns3:cad>
          </ns3:TrackPointExtension>
        </extensions>
      </trkpt>
      <trkpt lat="41.25864674337208271026611328125" lon="115.11831938289105892181396484375">
        <ele>1559.4000244140625</ele>
        <time>2026-06-13T03:38:31.000Z</time>
        <extensions>
          <ns3:TrackPointExtension>
            <ns3:hr>168</ns3:hr>
            <ns3:cad>99</ns3:cad>
          </ns3:TrackPointExtension>
        </extensions>
      </trkpt>
      <trkpt lat="41.2586340866982936859130859375" lon="115.11835710145533084869384765625">
        <ele>1559.4000244140625</ele>
        <time>2026-06-13T03:38:32.000Z</time>
        <extensions>
          <ns3:TrackPointExtension>
            <ns3:hr>168</ns3:hr>
            <ns3:cad>99</ns3:cad>
          </ns3:TrackPointExtension>
        </extensions>
      </trkpt>
      <trkpt lat="41.2586220167577266693115234375" lon="115.11838660575449466705322265625">
        <ele>1559.5999755859375</ele>
        <time>2026-06-13T03:38:33.000Z</time>
        <extensions>
          <ns3:TrackPointExtension>
            <ns3:hr>169</ns3:hr>
            <ns3:cad>99</ns3:cad>
          </ns3:TrackPointExtension>
        </extensions>
      </trkpt>
      <trkpt lat="41.25861220993101596832275390625" lon="115.11841326020658016204833984375">
        <ele>1559.5999755859375</ele>
        <time>2026-06-13T03:38:34.000Z</time>
        <extensions>
          <ns3:TrackPointExtension>
            <ns3:hr>170</ns3:hr>
            <ns3:cad>99</ns3:cad>
          </ns3:TrackPointExtension>
        </extensions>
      </trkpt>
      <trkpt lat="41.258599720895290374755859375" lon="115.11844955384731292724609375">
        <ele>1559.800048828125</ele>
        <time>2026-06-13T03:38:35.000Z</time>
        <extensions>
          <ns3:TrackPointExtension>
            <ns3:hr>170</ns3:hr>
            <ns3:cad>99</ns3:cad>
          </ns3:TrackPointExtension>
        </extensions>
      </trkpt>
      <trkpt lat="41.2585848011076450347900390625" lon="115.11847327463328838348388671875">
        <ele>1560</ele>
        <time>2026-06-13T03:38:36.000Z</time>
        <extensions>
          <ns3:TrackPointExtension>
            <ns3:hr>170</ns3:hr>
            <ns3:cad>98</ns3:cad>
          </ns3:TrackPointExtension>
        </extensions>
      </trkpt>
      <trkpt lat="41.2585737369954586029052734375" lon="115.1185043714940547943115234375">
        <ele>1560.199951171875</ele>
        <time>2026-06-13T03:38:37.000Z</time>
        <extensions>
          <ns3:TrackPointExtension>
            <ns3:hr>170</ns3:hr>
            <ns3:cad>98</ns3:cad>
          </ns3:TrackPointExtension>
        </extensions>
      </trkpt>
      <trkpt lat="41.25856258906424045562744140625" lon="115.118544101715087890625">
        <ele>1560.199951171875</ele>
        <time>2026-06-13T03:38:38.000Z</time>
        <extensions>
          <ns3:TrackPointExtension>
            <ns3:hr>171</ns3:hr>
            <ns3:cad>98</ns3:cad>
          </ns3:TrackPointExtension>
        </extensions>
      </trkpt>
      <trkpt lat="41.25854901038110256195068359375" lon="115.11856581084430217742919921875">
        <ele>1560.4000244140625</ele>
        <time>2026-06-13T03:38:39.000Z</time>
        <extensions>
          <ns3:TrackPointExtension>
            <ns3:hr>170</ns3:hr>
            <ns3:cad>99</ns3:cad>
          </ns3:TrackPointExtension>
        </extensions>
      </trkpt>
      <trkpt lat="41.25853626988828182220458984375" lon="115.118602775037288665771484375">
        <ele>1560.4000244140625</ele>
        <time>2026-06-13T03:38:40.000Z</time>
        <extensions>
          <ns3:TrackPointExtension>
            <ns3:hr>170</ns3:hr>
            <ns3:cad>97</ns3:cad>
          </ns3:TrackPointExtension>
        </extensions>
      </trkpt>
      <trkpt lat="41.25852352939546108245849609375" lon="115.1186357997357845306396484375">
        <ele>1560.4000244140625</ele>
        <time>2026-06-13T03:38:41.000Z</time>
        <extensions>
          <ns3:TrackPointExtension>
            <ns3:hr>171</ns3:hr>
            <ns3:cad>97</ns3:cad>
          </ns3:TrackPointExtension>
        </extensions>
      </trkpt>
      <trkpt lat="41.258508525788784027099609375" lon="115.11865600012242794036865234375">
        <ele>1560.5999755859375</ele>
        <time>2026-06-13T03:38:42.000Z</time>
        <extensions>
          <ns3:TrackPointExtension>
            <ns3:hr>170</ns3:hr>
            <ns3:cad>97</ns3:cad>
          </ns3:TrackPointExtension>
        </extensions>
      </trkpt>
      <trkpt lat="41.2584902532398700714111328125" lon="115.1186944730579853057861328125">
        <ele>1560.800048828125</ele>
        <time>2026-06-13T03:38:43.000Z</time>
        <extensions>
          <ns3:TrackPointExtension>
            <ns3:hr>170</ns3:hr>
            <ns3:cad>97</ns3:cad>
          </ns3:TrackPointExtension>
        </extensions>
      </trkpt>
      <trkpt lat="41.25847390852868556976318359375" lon="115.118724144995212554931640625">
        <ele>1561</ele>
        <time>2026-06-13T03:38:44.000Z</time>
        <extensions>
          <ns3:TrackPointExtension>
            <ns3:hr>170</ns3:hr>
            <ns3:cad>97</ns3:cad>
          </ns3:TrackPointExtension>
        </extensions>
      </trkpt>
      <trkpt lat="41.258460246026515960693359375" lon="115.1187492907047271728515625">
        <ele>1561.199951171875</ele>
        <time>2026-06-13T03:38:45.000Z</time>
        <extensions>
          <ns3:TrackPointExtension>
            <ns3:hr>170</ns3:hr>
            <ns3:cad>97</ns3:cad>
          </ns3:TrackPointExtension>
        </extensions>
      </trkpt>
      <trkpt lat="41.258449852466583251953125" lon="115.11878751218318939208984375">
        <ele>1561.199951171875</ele>
        <time>2026-06-13T03:38:46.000Z</time>
        <extensions>
          <ns3:TrackPointExtension>
            <ns3:hr>170</ns3:hr>
            <ns3:cad>97</ns3:cad>
          </ns3:TrackPointExtension>
        </extensions>
      </trkpt>
      <trkpt lat="41.2584382854402065277099609375" lon="115.1188163459300994873046875">
        <ele>1561.199951171875</ele>
        <time>2026-06-13T03:38:47.000Z</time>
        <extensions>
          <ns3:TrackPointExtension>
            <ns3:hr>170</ns3:hr>
            <ns3:cad>99</ns3:cad>
          </ns3:TrackPointExtension>
        </extensions>
      </trkpt>
      <trkpt lat="41.258428394794464111328125" lon="115.11884677223861217498779296875">
        <ele>1561.199951171875</ele>
        <time>2026-06-13T03:38:48.000Z</time>
        <extensions>
          <ns3:TrackPointExtension>
            <ns3:hr>170</ns3:hr>
            <ns3:cad>100</ns3:cad>
          </ns3:TrackPointExtension>
        </extensions>
      </trkpt>
      <trkpt lat="41.258416660130023956298828125" lon="115.11888918466866016387939453125">
        <ele>1561.199951171875</ele>
        <time>2026-06-13T03:38:49.000Z</time>
        <extensions>
          <ns3:TrackPointExtension>
            <ns3:hr>170</ns3:hr>
            <ns3:cad>100</ns3:cad>
          </ns3:TrackPointExtension>
        </extensions>
      </trkpt>
      <trkpt lat="41.258403249084949493408203125" lon="115.11891550384461879730224609375">
        <ele>1561.4000244140625</ele>
        <time>2026-06-13T03:38:50.000Z</time>
        <extensions>
          <ns3:TrackPointExtension>
            <ns3:hr>169</ns3:hr>
            <ns3:cad>100</ns3:cad>
          </ns3:TrackPointExtension>
        </extensions>
      </trkpt>
      <trkpt lat="41.258390843868255615234375" lon="115.118951462209224700927734375">
        <ele>1561.4000244140625</ele>
        <time>2026-06-13T03:38:51.000Z</time>
        <extensions>
          <ns3:TrackPointExtension>
            <ns3:hr>170</ns3:hr>
            <ns3:cad>100</ns3:cad>
          </ns3:TrackPointExtension>
        </extensions>
      </trkpt>
      <trkpt lat="41.25837617553770542144775390625" lon="115.11899412609636783599853515625">
        <ele>1561.4000244140625</ele>
        <time>2026-06-13T03:38:52.000Z</time>
        <extensions>
          <ns3:TrackPointExtension>
            <ns3:hr>170</ns3:hr>
            <ns3:cad>100</ns3:cad>
          </ns3:TrackPointExtension>
        </extensions>
      </trkpt>
      <trkpt lat="41.2583618424832820892333984375" lon="115.11902086436748504638671875">
        <ele>1561.5999755859375</ele>
        <time>2026-06-13T03:38:53.000Z</time>
        <extensions>
          <ns3:TrackPointExtension>
            <ns3:hr>169</ns3:hr>
            <ns3:cad>98</ns3:cad>
          </ns3:TrackPointExtension>
        </extensions>
      </trkpt>
      <trkpt lat="41.25835086219012737274169921875" lon="115.1190585829317569732666015625">
        <ele>1561.800048828125</ele>
        <time>2026-06-13T03:38:54.000Z</time>
        <extensions>
          <ns3:TrackPointExtension>
            <ns3:hr>169</ns3:hr>
            <ns3:cad>98</ns3:cad>
          </ns3:TrackPointExtension>
        </extensions>
      </trkpt>
      <trkpt lat="41.25833946280181407928466796875" lon="115.11908984743058681488037109375">
        <ele>1562</ele>
        <time>2026-06-13T03:38:55.000Z</time>
        <extensions>
          <ns3:TrackPointExtension>
            <ns3:hr>169</ns3:hr>
            <ns3:cad>98</ns3:cad>
          </ns3:TrackPointExtension>
        </extensions>
      </trkpt>
      <trkpt lat="41.25832756049931049346923828125" lon="115.1191175915300846099853515625">
        <ele>1562.199951171875</ele>
        <time>2026-06-13T03:38:56.000Z</time>
        <extensions>
          <ns3:TrackPointExtension>
            <ns3:hr>170</ns3:hr>
            <ns3:cad>98</ns3:cad>
          </ns3:TrackPointExtension>
        </extensions>
      </trkpt>
      <trkpt lat="41.25831632874906063079833984375" lon="115.11915824376046657562255859375">
        <ele>1562.199951171875</ele>
        <time>2026-06-13T03:38:57.000Z</time>
        <extensions>
          <ns3:TrackPointExtension>
            <ns3:hr>169</ns3:hr>
            <ns3:cad>98</ns3:cad>
          </ns3:TrackPointExtension>
        </extensions>
      </trkpt>
      <trkpt lat="41.25830342061817646026611328125" lon="115.11918506585061550140380859375">
        <ele>1562.4000244140625</ele>
        <time>2026-06-13T03:38:58.000Z</time>
        <extensions>
          <ns3:TrackPointExtension>
            <ns3:hr>169</ns3:hr>
            <ns3:cad>99</ns3:cad>
          </ns3:TrackPointExtension>
        </extensions>
      </trkpt>
      <trkpt lat="41.25829436816275119781494140625" lon="115.11921792291104793548583984375">
        <ele>1562.5999755859375</ele>
        <time>2026-06-13T03:38:59.000Z</time>
        <extensions>
          <ns3:TrackPointExtension>
            <ns3:hr>170</ns3:hr>
            <ns3:cad>99</ns3:cad>
          </ns3:TrackPointExtension>
        </extensions>
      </trkpt>
      <trkpt lat="41.2582827173173427581787109375" lon="115.11925823986530303955078125">
        <ele>1562.5999755859375</ele>
        <time>2026-06-13T03:39:00.000Z</time>
        <extensions>
          <ns3:TrackPointExtension>
            <ns3:hr>169</ns3:hr>
            <ns3:cad>99</ns3:cad>
          </ns3:TrackPointExtension>
        </extensions>
      </trkpt>
      <trkpt lat="41.25827073119580745697021484375" lon="115.11928514577448368072509765625">
        <ele>1562.4000244140625</ele>
        <time>2026-06-13T03:39:01.000Z</time>
        <extensions>
          <ns3:TrackPointExtension>
            <ns3:hr>169</ns3:hr>
            <ns3:cad>99</ns3:cad>
          </ns3:TrackPointExtension>
        </extensions>
      </trkpt>
      <trkpt lat="41.25826084055006504058837890625" lon="115.11932185851037502288818359375">
        <ele>1562.4000244140625</ele>
        <time>2026-06-13T03:39:02.000Z</time>
        <extensions>
          <ns3:TrackPointExtension>
            <ns3:hr>170</ns3:hr>
            <ns3:cad>99</ns3:cad>
          </ns3:TrackPointExtension>
        </extensions>
      </trkpt>
      <trkpt lat="41.25824935734272003173828125" lon="115.1193661987781524658203125">
        <ele>1562.4000244140625</ele>
        <time>2026-06-13T03:39:03.000Z</time>
        <extensions>
          <ns3:TrackPointExtension>
            <ns3:hr>169</ns3:hr>
            <ns3:cad>99</ns3:cad>
          </ns3:TrackPointExtension>
        </extensions>
      </trkpt>
      <trkpt lat="41.2582366168498992919921875" lon="115.11939343996345996856689453125">
        <ele>1562.199951171875</ele>
        <time>2026-06-13T03:39:04.000Z</time>
        <extensions>
          <ns3:TrackPointExtension>
            <ns3:hr>169</ns3:hr>
            <ns3:cad>99</ns3:cad>
          </ns3:TrackPointExtension>
        </extensions>
      </trkpt>
      <trkpt lat="41.258226893842220306396484375" lon="115.11942981742322444915771484375">
        <ele>1562</ele>
        <time>2026-06-13T03:39:05.000Z</time>
        <extensions>
          <ns3:TrackPointExtension>
            <ns3:hr>169</ns3:hr>
            <ns3:cad>98</ns3:cad>
          </ns3:TrackPointExtension>
        </extensions>
      </trkpt>
      <trkpt lat="41.25821809284389019012451171875" lon="115.11946552433073520660400390625">
        <ele>1561.800048828125</ele>
        <time>2026-06-13T03:39:06.000Z</time>
        <extensions>
          <ns3:TrackPointExtension>
            <ns3:hr>169</ns3:hr>
            <ns3:cad>98</ns3:cad>
          </ns3:TrackPointExtension>
        </extensions>
      </trkpt>
      <trkpt lat="41.2582066096365451812744140625" lon="115.1194910891354084014892578125">
        <ele>1561.800048828125</ele>
        <time>2026-06-13T03:39:07.000Z</time>
        <extensions>
          <ns3:TrackPointExtension>
            <ns3:hr>168</ns3:hr>
            <ns3:cad>98</ns3:cad>
          </ns3:TrackPointExtension>
        </extensions>
      </trkpt>
      <trkpt lat="41.25819898210465908050537109375" lon="115.11952704750001430511474609375">
        <ele>1561.800048828125</ele>
        <time>2026-06-13T03:39:08.000Z</time>
        <extensions>
          <ns3:TrackPointExtension>
            <ns3:hr>167</ns3:hr>
            <ns3:cad>98</ns3:cad>
          </ns3:TrackPointExtension>
        </extensions>
      </trkpt>
      <trkpt lat="41.25818825326859951019287109375" lon="115.1195651851594448089599609375">
        <ele>1562</ele>
        <time>2026-06-13T03:39:09.000Z</time>
        <extensions>
          <ns3:TrackPointExtension>
            <ns3:hr>167</ns3:hr>
            <ns3:cad>98</ns3:cad>
          </ns3:TrackPointExtension>
        </extensions>
      </trkpt>
      <trkpt lat="41.25817961990833282470703125" lon="115.11959494091570377349853515625">
        <ele>1562.5999755859375</ele>
        <time>2026-06-13T03:39:10.000Z</time>
        <extensions>
          <ns3:TrackPointExtension>
            <ns3:hr>166</ns3:hr>
            <ns3:cad>99</ns3:cad>
          </ns3:TrackPointExtension>
        </extensions>
      </trkpt>
      <trkpt lat="41.25816889107227325439453125" lon="115.11962897144258022308349609375">
        <ele>1563.199951171875</ele>
        <time>2026-06-13T03:39:11.000Z</time>
        <extensions>
          <ns3:TrackPointExtension>
            <ns3:hr>166</ns3:hr>
            <ns3:cad>99</ns3:cad>
          </ns3:TrackPointExtension>
        </extensions>
      </trkpt>
      <trkpt lat="41.2581600062549114227294921875" lon="115.11966367252171039581298828125">
        <ele>1563.4000244140625</ele>
        <time>2026-06-13T03:39:12.000Z</time>
        <extensions>
          <ns3:TrackPointExtension>
            <ns3:hr>166</ns3:hr>
            <ns3:cad>99</ns3:cad>
          </ns3:TrackPointExtension>
        </extensions>
      </trkpt>
      <trkpt lat="41.2581509537994861602783203125" lon="115.11969275772571563720703125">
        <ele>1563.5999755859375</ele>
        <time>2026-06-13T03:39:13.000Z</time>
        <extensions>
          <ns3:TrackPointExtension>
            <ns3:hr>166</ns3:hr>
            <ns3:cad>100</ns3:cad>
          </ns3:TrackPointExtension>
        </extensions>
      </trkpt>
      <trkpt lat="41.25813930295407772064208984375" lon="115.1197264529764652252197265625">
        <ele>1563.4000244140625</ele>
        <time>2026-06-13T03:39:14.000Z</time>
        <extensions>
          <ns3:TrackPointExtension>
            <ns3:hr>165</ns3:hr>
            <ns3:cad>100</ns3:cad>
          </ns3:TrackPointExtension>
        </extensions>
      </trkpt>
      <trkpt lat="41.258128993213176727294921875" lon="115.119762159883975982666015625">
        <ele>1563.199951171875</ele>
        <time>2026-06-13T03:39:15.000Z</time>
        <extensions>
          <ns3:TrackPointExtension>
            <ns3:hr>165</ns3:hr>
            <ns3:cad>101</ns3:cad>
          </ns3:TrackPointExtension>
        </extensions>
      </trkpt>
      <trkpt lat="41.25811658799648284912109375" lon="115.11978621594607830047607421875">
        <ele>1563</ele>
        <time>2026-06-13T03:39:16.000Z</time>
        <extensions>
          <ns3:TrackPointExtension>
            <ns3:hr>165</ns3:hr>
            <ns3:cad>101</ns3:cad>
          </ns3:TrackPointExtension>
        </extensions>
      </trkpt>
      <trkpt lat="41.2581063620746135711669921875" lon="115.1198208332061767578125">
        <ele>1562.800048828125</ele>
        <time>2026-06-13T03:39:17.000Z</time>
        <extensions>
          <ns3:TrackPointExtension>
            <ns3:hr>165</ns3:hr>
            <ns3:cad>101</ns3:cad>
          </ns3:TrackPointExtension>
        </extensions>
      </trkpt>
      <trkpt lat="41.2580973096191883087158203125" lon="115.1198555342853069305419921875">
        <ele>1562.800048828125</ele>
        <time>2026-06-13T03:39:18.000Z</time>
        <extensions>
          <ns3:TrackPointExtension>
            <ns3:hr>165</ns3:hr>
            <ns3:cad>101</ns3:cad>
          </ns3:TrackPointExtension>
        </extensions>
      </trkpt>
      <trkpt lat="41.258084736764430999755859375" lon="115.11988478712737560272216796875">
        <ele>1563</ele>
        <time>2026-06-13T03:39:19.000Z</time>
        <extensions>
          <ns3:TrackPointExtension>
            <ns3:hr>165</ns3:hr>
            <ns3:cad>101</ns3:cad>
          </ns3:TrackPointExtension>
        </extensions>
      </trkpt>
      <trkpt lat="41.2580758519470691680908203125" lon="115.1199256069958209991455078125">
        <ele>1563</ele>
        <time>2026-06-13T03:39:20.000Z</time>
        <extensions>
          <ns3:TrackPointExtension>
            <ns3:hr>165</ns3:hr>
            <ns3:cad>101</ns3:cad>
          </ns3:TrackPointExtension>
        </extensions>
      </trkpt>
      <trkpt lat="41.25806503929197788238525390625" lon="115.119963996112346649169921875">
        <ele>1563.199951171875</ele>
        <time>2026-06-13T03:39:21.000Z</time>
        <extensions>
          <ns3:TrackPointExtension>
            <ns3:hr>165</ns3:hr>
            <ns3:cad>99</ns3:cad>
          </ns3:TrackPointExtension>
        </extensions>
      </trkpt>
      <trkpt lat="41.25805330462753772735595703125" lon="115.1199956797063350677490234375">
        <ele>1563.199951171875</ele>
        <time>2026-06-13T03:39:22.000Z</time>
        <extensions>
          <ns3:TrackPointExtension>
            <ns3:hr>165</ns3:hr>
            <ns3:cad>99</ns3:cad>
          </ns3:TrackPointExtension>
        </extensions>
      </trkpt>
      <trkpt lat="41.258044503629207611083984375" lon="115.12003683485090732574462890625">
        <ele>1563.199951171875</ele>
        <time>2026-06-13T03:39:23.000Z</time>
        <extensions>
          <ns3:TrackPointExtension>
            <ns3:hr>166</ns3:hr>
            <ns3:cad>99</ns3:cad>
          </ns3:TrackPointExtension>
        </extensions>
      </trkpt>
      <trkpt lat="41.25803167931735515594482421875" lon="115.12006650678813457489013671875">
        <ele>1563.199951171875</ele>
        <time>2026-06-13T03:39:24.000Z</time>
        <extensions>
          <ns3:TrackPointExtension>
            <ns3:hr>166</ns3:hr>
            <ns3:cad>99</ns3:cad>
          </ns3:TrackPointExtension>
        </extensions>
      </trkpt>
      <trkpt lat="41.2580185197293758392333984375" lon="115.1200962625443935394287109375">
        <ele>1563.199951171875</ele>
        <time>2026-06-13T03:39:25.000Z</time>
        <extensions>
          <ns3:TrackPointExtension>
            <ns3:hr>166</ns3:hr>
            <ns3:cad>99</ns3:cad>
          </ns3:TrackPointExtension>
        </extensions>
      </trkpt>
      <trkpt lat="41.25800334848463535308837890625" lon="115.12012937106192111968994140625">
        <ele>1563.199951171875</ele>
        <time>2026-06-13T03:39:26.000Z</time>
        <extensions>
          <ns3:TrackPointExtension>
            <ns3:hr>166</ns3:hr>
            <ns3:cad>99</ns3:cad>
          </ns3:TrackPointExtension>
        </extensions>
      </trkpt>
      <trkpt lat="41.25799027271568775177001953125" lon="115.1201569475233554840087890625">
        <ele>1563.4000244140625</ele>
        <time>2026-06-13T03:39:27.000Z</time>
        <extensions>
          <ns3:TrackPointExtension>
            <ns3:hr>166</ns3:hr>
            <ns3:cad>97</ns3:cad>
          </ns3:TrackPointExtension>
        </extensions>
      </trkpt>
      <trkpt lat="41.25797803513705730438232421875" lon="115.12019005604088306427001953125">
        <ele>1563.5999755859375</ele>
        <time>2026-06-13T03:39:28.000Z</time>
        <extensions>
          <ns3:TrackPointExtension>
            <ns3:hr>166</ns3:hr>
            <ns3:cad>97</ns3:cad>
          </ns3:TrackPointExtension>
        </extensions>
      </trkpt>
      <trkpt lat="41.25796504318714141845703125" lon="115.120230205357074737548828125">
        <ele>1563.5999755859375</ele>
        <time>2026-06-13T03:39:29.000Z</time>
        <extensions>
          <ns3:TrackPointExtension>
            <ns3:hr>166</ns3:hr>
            <ns3:cad>97</ns3:cad>
          </ns3:TrackPointExtension>
        </extensions>
      </trkpt>
      <trkpt lat="41.2579538114368915557861328125" lon="115.12025736272335052490234375">
        <ele>1563.800048828125</ele>
        <time>2026-06-13T03:39:30.000Z</time>
        <extensions>
          <ns3:TrackPointExtension>
            <ns3:hr>166</ns3:hr>
            <ns3:cad>97</ns3:cad>
          </ns3:TrackPointExtension>
        </extensions>
      </trkpt>
      <trkpt lat="41.257943250238895416259765625" lon="115.12029080651700496673583984375">
        <ele>1564</ele>
        <time>2026-06-13T03:39:31.000Z</time>
        <extensions>
          <ns3:TrackPointExtension>
            <ns3:hr>167</ns3:hr>
            <ns3:cad>97</ns3:cad>
          </ns3:TrackPointExtension>
        </extensions>
      </trkpt>
      <trkpt lat="41.25793294049799442291259765625" lon="115.1203279383480548858642578125">
        <ele>1564.199951171875</ele>
        <time>2026-06-13T03:39:32.000Z</time>
        <extensions>
          <ns3:TrackPointExtension>
            <ns3:hr>167</ns3:hr>
            <ns3:cad>97</ns3:cad>
          </ns3:TrackPointExtension>
        </extensions>
      </trkpt>
      <trkpt lat="41.257921792566776275634765625" lon="115.120354928076267242431640625">
        <ele>1564.199951171875</ele>
        <time>2026-06-13T03:39:33.000Z</time>
        <extensions>
          <ns3:TrackPointExtension>
            <ns3:hr>167</ns3:hr>
            <ns3:cad>97</ns3:cad>
          </ns3:TrackPointExtension>
        </extensions>
      </trkpt>
      <trkpt lat="41.2579105608165264129638671875" lon="115.1203909702599048614501953125">
        <ele>1564.199951171875</ele>
        <time>2026-06-13T03:39:34.000Z</time>
        <extensions>
          <ns3:TrackPointExtension>
            <ns3:hr>167</ns3:hr>
            <ns3:cad>97</ns3:cad>
          </ns3:TrackPointExtension>
        </extensions>
      </trkpt>
      <trkpt lat="41.25789991579949855804443359375" lon="115.1204244978725910186767578125">
        <ele>1564.4000244140625</ele>
        <time>2026-06-13T03:39:35.000Z</time>
        <extensions>
          <ns3:TrackPointExtension>
            <ns3:hr>167</ns3:hr>
            <ns3:cad>97</ns3:cad>
          </ns3:TrackPointExtension>
        </extensions>
      </trkpt>
      <trkpt lat="41.25788516364991664886474609375" lon="115.12045140378177165985107421875">
        <ele>1564.5999755859375</ele>
        <time>2026-06-13T03:39:36.000Z</time>
        <extensions>
          <ns3:TrackPointExtension>
            <ns3:hr>167</ns3:hr>
            <ns3:cad>99</ns3:cad>
          </ns3:TrackPointExtension>
        </extensions>
      </trkpt>
      <trkpt lat="41.25787384808063507080078125" lon="115.12048677541315555572509765625">
        <ele>1564.5999755859375</ele>
        <time>2026-06-13T03:39:37.000Z</time>
        <extensions>
          <ns3:TrackPointExtension>
            <ns3:hr>167</ns3:hr>
            <ns3:cad>99</ns3:cad>
          </ns3:TrackPointExtension>
        </extensions>
      </trkpt>
      <trkpt lat="41.25786286778748035430908203125" lon="115.12051359750330448150634765625">
        <ele>1564.800048828125</ele>
        <time>2026-06-13T03:39:38.000Z</time>
        <extensions>
          <ns3:TrackPointExtension>
            <ns3:hr>166</ns3:hr>
            <ns3:cad>99</ns3:cad>
          </ns3:TrackPointExtension>
        </extensions>
      </trkpt>
      <trkpt lat="41.2578505463898181915283203125" lon="115.1205428503453731536865234375">
        <ele>1564.800048828125</ele>
        <time>2026-06-13T03:39:39.000Z</time>
        <extensions>
          <ns3:TrackPointExtension>
            <ns3:hr>167</ns3:hr>
            <ns3:cad>98</ns3:cad>
          </ns3:TrackPointExtension>
        </extensions>
      </trkpt>
      <trkpt lat="41.25784057192504405975341796875" lon="115.12057729996740818023681640625">
        <ele>1564.800048828125</ele>
        <time>2026-06-13T03:39:40.000Z</time>
        <extensions>
          <ns3:TrackPointExtension>
            <ns3:hr>167</ns3:hr>
            <ns3:cad>98</ns3:cad>
          </ns3:TrackPointExtension>
        </extensions>
      </trkpt>
      <trkpt lat="41.2578311003744602203369140625" lon="115.12060831300914287567138671875">
        <ele>1564.800048828125</ele>
        <time>2026-06-13T03:39:41.000Z</time>
        <extensions>
          <ns3:TrackPointExtension>
            <ns3:hr>167</ns3:hr>
            <ns3:cad>98</ns3:cad>
          </ns3:TrackPointExtension>
        </extensions>
      </trkpt>
      <trkpt lat="41.25782062299549579620361328125" lon="115.12063823640346527099609375">
        <ele>1564.800048828125</ele>
        <time>2026-06-13T03:39:42.000Z</time>
        <extensions>
          <ns3:TrackPointExtension>
            <ns3:hr>167</ns3:hr>
            <ns3:cad>98</ns3:cad>
          </ns3:TrackPointExtension>
        </extensions>
      </trkpt>
      <trkpt lat="41.2578126601874828338623046875" lon="115.12067352421581745147705078125">
        <ele>1564.800048828125</ele>
        <time>2026-06-13T03:39:43.000Z</time>
        <extensions>
          <ns3:TrackPointExtension>
            <ns3:hr>167</ns3:hr>
            <ns3:cad>98</ns3:cad>
          </ns3:TrackPointExtension>
        </extensions>
      </trkpt>
      <trkpt lat="41.2578026019036769866943359375" lon="115.12070235796272754669189453125">
        <ele>1564.800048828125</ele>
        <time>2026-06-13T03:39:44.000Z</time>
        <extensions>
          <ns3:TrackPointExtension>
            <ns3:hr>167</ns3:hr>
            <ns3:cad>98</ns3:cad>
          </ns3:TrackPointExtension>
        </extensions>
      </trkpt>
      <trkpt lat="41.25778960995376110076904296875" lon="115.1207363046705722808837890625">
        <ele>1565</ele>
        <time>2026-06-13T03:39:45.000Z</time>
        <extensions>
          <ns3:TrackPointExtension>
            <ns3:hr>167</ns3:hr>
            <ns3:cad>98</ns3:cad>
          </ns3:TrackPointExtension>
        </extensions>
      </trkpt>
      <trkpt lat="41.2577801384031772613525390625" lon="115.1207758672535419464111328125">
        <ele>1565</ele>
        <time>2026-06-13T03:39:46.000Z</time>
        <extensions>
          <ns3:TrackPointExtension>
            <ns3:hr>167</ns3:hr>
            <ns3:cad>99</ns3:cad>
          </ns3:TrackPointExtension>
        </extensions>
      </trkpt>
      <trkpt lat="41.25776915811002254486083984375" lon="115.120806880295276641845703125">
        <ele>1565.199951171875</ele>
        <time>2026-06-13T03:39:47.000Z</time>
        <extensions>
          <ns3:TrackPointExtension>
            <ns3:hr>167</ns3:hr>
            <ns3:cad>100</ns3:cad>
          </ns3:TrackPointExtension>
        </extensions>
      </trkpt>
      <trkpt lat="41.25775851309299468994140625" lon="115.12084652669727802276611328125">
        <ele>1565.199951171875</ele>
        <time>2026-06-13T03:39:48.000Z</time>
        <extensions>
          <ns3:TrackPointExtension>
            <ns3:hr>167</ns3:hr>
            <ns3:cad>100</ns3:cad>
          </ns3:TrackPointExtension>
        </extensions>
      </trkpt>
      <trkpt lat="41.25774619169533252716064453125" lon="115.12088491581380367279052734375">
        <ele>1565.199951171875</ele>
        <time>2026-06-13T03:39:49.000Z</time>
        <extensions>
          <ns3:TrackPointExtension>
            <ns3:hr>168</ns3:hr>
            <ns3:cad>100</ns3:cad>
          </ns3:TrackPointExtension>
        </extensions>
      </trkpt>
      <trkpt lat="41.25773529522120952606201171875" lon="115.12091928161680698394775390625">
        <ele>1565.4000244140625</ele>
        <time>2026-06-13T03:39:50.000Z</time>
        <extensions>
          <ns3:TrackPointExtension>
            <ns3:hr>167</ns3:hr>
            <ns3:cad>99</ns3:cad>
          </ns3:TrackPointExtension>
        </extensions>
      </trkpt>
      <trkpt lat="41.25772389583289623260498046875" lon="115.12095884419977664947509765625">
        <ele>1565.4000244140625</ele>
        <time>2026-06-13T03:39:51.000Z</time>
        <extensions>
          <ns3:TrackPointExtension>
            <ns3:hr>167</ns3:hr>
            <ns3:cad>99</ns3:cad>
          </ns3:TrackPointExtension>
        </extensions>
      </trkpt>
      <trkpt lat="41.257711239159107208251953125" lon="115.12098935432732105255126953125">
        <ele>1565.4000244140625</ele>
        <time>2026-06-13T03:39:52.000Z</time>
        <extensions>
          <ns3:TrackPointExtension>
            <ns3:hr>167</ns3:hr>
            <ns3:cad>99</ns3:cad>
          </ns3:TrackPointExtension>
        </extensions>
      </trkpt>
      <trkpt lat="41.25770042650401592254638671875" lon="115.121018104255199432373046875">
        <ele>1565.4000244140625</ele>
        <time>2026-06-13T03:39:53.000Z</time>
        <extensions>
          <ns3:TrackPointExtension>
            <ns3:hr>168</ns3:hr>
            <ns3:cad>98</ns3:cad>
          </ns3:TrackPointExtension>
        </extensions>
      </trkpt>
      <trkpt lat="41.2576922960579395294189453125" lon="115.12105624191462993621826171875">
        <ele>1565.4000244140625</ele>
        <time>2026-06-13T03:39:54.000Z</time>
        <extensions>
          <ns3:TrackPointExtension>
            <ns3:hr>168</ns3:hr>
            <ns3:cad>98</ns3:cad>
          </ns3:TrackPointExtension>
        </extensions>
      </trkpt>
      <trkpt lat="41.257680393755435943603515625" lon="115.1210916973650455474853515625">
        <ele>1565.4000244140625</ele>
        <time>2026-06-13T03:39:55.000Z</time>
        <extensions>
          <ns3:TrackPointExtension>
            <ns3:hr>168</ns3:hr>
            <ns3:cad>99</ns3:cad>
          </ns3:TrackPointExtension>
        </extensions>
      </trkpt>
      <trkpt lat="41.25766823999583721160888671875" lon="115.121118687093257904052734375">
        <ele>1565.5999755859375</ele>
        <time>2026-06-13T03:39:56.000Z</time>
        <extensions>
          <ns3:TrackPointExtension>
            <ns3:hr>168</ns3:hr>
            <ns3:cad>99</ns3:cad>
          </ns3:TrackPointExtension>
        </extensions>
      </trkpt>
      <trkpt lat="41.2576570920646190643310546875" lon="115.121152885258197784423828125">
        <ele>1565.5999755859375</ele>
        <time>2026-06-13T03:39:57.000Z</time>
        <extensions>
          <ns3:TrackPointExtension>
            <ns3:hr>168</ns3:hr>
            <ns3:cad>99</ns3:cad>
          </ns3:TrackPointExtension>
        </extensions>
      </trkpt>
      <trkpt lat="41.2576456926763057708740234375" lon="115.121182389557361602783203125">
        <ele>1565.800048828125</ele>
        <time>2026-06-13T03:39:58.000Z</time>
        <extensions>
          <ns3:TrackPointExtension>
            <ns3:hr>168</ns3:hr>
            <ns3:cad>99</ns3:cad>
          </ns3:TrackPointExtension>
        </extensions>
      </trkpt>
      <trkpt lat="41.25763571821153163909912109375" lon="115.121213234961032867431640625">
        <ele>1566</ele>
        <time>2026-06-13T03:39:59.000Z</time>
        <extensions>
          <ns3:TrackPointExtension>
            <ns3:hr>167</ns3:hr>
            <ns3:cad>99</ns3:cad>
          </ns3:TrackPointExtension>
        </extensions>
      </trkpt>
      <trkpt lat="41.25762348063290119171142578125" lon="115.12124768458306789398193359375">
        <ele>1566.199951171875</ele>
        <time>2026-06-13T03:40:00.000Z</time>
        <extensions>
          <ns3:TrackPointExtension>
            <ns3:hr>167</ns3:hr>
            <ns3:cad>99</ns3:cad>
          </ns3:TrackPointExtension>
        </extensions>
      </trkpt>
      <trkpt lat="41.2576116621494293212890625" lon="115.12127467431128025054931640625">
        <ele>1566.4000244140625</ele>
        <time>2026-06-13T03:40:01.000Z</time>
        <extensions>
          <ns3:TrackPointExtension>
            <ns3:hr>167</ns3:hr>
            <ns3:cad>99</ns3:cad>
          </ns3:TrackPointExtension>
        </extensions>
      </trkpt>
      <trkpt lat="41.2576021067798137664794921875" lon="115.12130870483815670013427734375">
        <ele>1566.4000244140625</ele>
        <time>2026-06-13T03:40:02.000Z</time>
        <extensions>
          <ns3:TrackPointExtension>
            <ns3:hr>167</ns3:hr>
            <ns3:cad>100</ns3:cad>
          </ns3:TrackPointExtension>
        </extensions>
      </trkpt>
      <trkpt lat="41.25759246759116649627685546875" lon="115.121343992650508880615234375">
        <ele>1566.4000244140625</ele>
        <time>2026-06-13T03:40:03.000Z</time>
        <extensions>
          <ns3:TrackPointExtension>
            <ns3:hr>167</ns3:hr>
            <ns3:cad>100</ns3:cad>
          </ns3:TrackPointExtension>
        </extensions>
      </trkpt>
      <trkpt lat="41.25758123584091663360595703125" lon="115.12137542478740215301513671875">
        <ele>1566.4000244140625</ele>
        <time>2026-06-13T03:40:04.000Z</time>
        <extensions>
          <ns3:TrackPointExtension>
            <ns3:hr>167</ns3:hr>
            <ns3:cad>100</ns3:cad>
          </ns3:TrackPointExtension>
        </extensions>
      </trkpt>
      <trkpt lat="41.25757285393774509429931640625" lon="115.1214112155139446258544921875">
        <ele>1566.5999755859375</ele>
        <time>2026-06-13T03:40:05.000Z</time>
        <extensions>
          <ns3:TrackPointExtension>
            <ns3:hr>168</ns3:hr>
            <ns3:cad>100</ns3:cad>
          </ns3:TrackPointExtension>
        </extensions>
      </trkpt>
      <trkpt lat="41.25756279565393924713134765625" lon="115.12145002372562885284423828125">
        <ele>1566.5999755859375</ele>
        <time>2026-06-13T03:40:06.000Z</time>
        <extensions>
          <ns3:TrackPointExtension>
            <ns3:hr>167</ns3:hr>
            <ns3:cad>100</ns3:cad>
          </ns3:TrackPointExtension>
        </extensions>
      </trkpt>
      <trkpt lat="41.257551647722721099853515625" lon="115.12147600762546062469482421875">
        <ele>1566.5999755859375</ele>
        <time>2026-06-13T03:40:07.000Z</time>
        <extensions>
          <ns3:TrackPointExtension>
            <ns3:hr>167</ns3:hr>
            <ns3:cad>98</ns3:cad>
          </ns3:TrackPointExtension>
        </extensions>
      </trkpt>
      <trkpt lat="41.2575446069240570068359375" lon="115.1215141452848911285400390625">
        <ele>1566.5999755859375</ele>
        <time>2026-06-13T03:40:08.000Z</time>
        <extensions>
          <ns3:TrackPointExtension>
            <ns3:hr>167</ns3:hr>
            <ns3:cad>98</ns3:cad>
          </ns3:TrackPointExtension>
        </extensions>
      </trkpt>
      <trkpt lat="41.25753295607864856719970703125" lon="115.1215486787259578704833984375">
        <ele>1566.800048828125</ele>
        <time>2026-06-13T03:40:09.000Z</time>
        <extensions>
          <ns3:TrackPointExtension>
            <ns3:hr>167</ns3:hr>
            <ns3:cad>98</ns3:cad>
          </ns3:TrackPointExtension>
        </extensions>
      </trkpt>
      <trkpt lat="41.25751753337681293487548828125" lon="115.1215741597115993499755859375">
        <ele>1566.800048828125</ele>
        <time>2026-06-13T03:40:10.000Z</time>
        <extensions>
          <ns3:TrackPointExtension>
            <ns3:hr>168</ns3:hr>
            <ns3:cad>98</ns3:cad>
          </ns3:TrackPointExtension>
        </extensions>
      </trkpt>
      <trkpt lat="41.25750529579818248748779296875" lon="115.121612884104251861572265625">
        <ele>1566.5999755859375</ele>
        <time>2026-06-13T03:40:11.000Z</time>
        <extensions>
          <ns3:TrackPointExtension>
            <ns3:hr>167</ns3:hr>
            <ns3:cad>98</ns3:cad>
          </ns3:TrackPointExtension>
        </extensions>
      </trkpt>
      <trkpt lat="41.25749356113374233245849609375" lon="115.12164632789790630340576171875">
        <ele>1566.800048828125</ele>
        <time>2026-06-13T03:40:12.000Z</time>
        <extensions>
          <ns3:TrackPointExtension>
            <ns3:hr>167</ns3:hr>
            <ns3:cad>98</ns3:cad>
          </ns3:TrackPointExtension>
        </extensions>
      </trkpt>
      <trkpt lat="41.2574814073741436004638671875" lon="115.121677257120609283447265625">
        <ele>1566.800048828125</ele>
        <time>2026-06-13T03:40:13.000Z</time>
        <extensions>
          <ns3:TrackPointExtension>
            <ns3:hr>167</ns3:hr>
            <ns3:cad>99</ns3:cad>
          </ns3:TrackPointExtension>
        </extensions>
      </trkpt>
      <trkpt lat="41.25747025944292545318603515625" lon="115.12171824462711811065673828125">
        <ele>1566.800048828125</ele>
        <time>2026-06-13T03:40:14.000Z</time>
        <extensions>
          <ns3:TrackPointExtension>
            <ns3:hr>167</ns3:hr>
            <ns3:cad>99</ns3:cad>
          </ns3:TrackPointExtension>
        </extensions>
      </trkpt>
      <trkpt lat="41.2574572674930095672607421875" lon="115.12175361625850200653076171875">
        <ele>1567</ele>
        <time>2026-06-13T03:40:15.000Z</time>
        <extensions>
          <ns3:TrackPointExtension>
            <ns3:hr>167</ns3:hr>
            <ns3:cad>99</ns3:cad>
          </ns3:TrackPointExtension>
        </extensions>
      </trkpt>
      <trkpt lat="41.25744930468499660491943359375" lon="115.121785886585712432861328125">
        <ele>1567.199951171875</ele>
        <time>2026-06-13T03:40:16.000Z</time>
        <extensions>
          <ns3:TrackPointExtension>
            <ns3:hr>168</ns3:hr>
            <ns3:cad>99</ns3:cad>
          </ns3:TrackPointExtension>
        </extensions>
      </trkpt>
      <trkpt lat="41.25743438489735126495361328125" lon="115.12182888574898242950439453125">
        <ele>1567.199951171875</ele>
        <time>2026-06-13T03:40:17.000Z</time>
        <extensions>
          <ns3:TrackPointExtension>
            <ns3:hr>167</ns3:hr>
            <ns3:cad>98</ns3:cad>
          </ns3:TrackPointExtension>
        </extensions>
      </trkpt>
      <trkpt lat="41.2574244104325771331787109375" lon="115.12185788713395595550537109375">
        <ele>1567.199951171875</ele>
        <time>2026-06-13T03:40:18.000Z</time>
        <extensions>
          <ns3:TrackPointExtension>
            <ns3:hr>167</ns3:hr>
            <ns3:cad>98</ns3:cad>
          </ns3:TrackPointExtension>
        </extensions>
      </trkpt>
      <trkpt lat="41.2574140168726444244384765625" lon="115.12188814580440521240234375">
        <ele>1567.4000244140625</ele>
        <time>2026-06-13T03:40:19.000Z</time>
        <extensions>
          <ns3:TrackPointExtension>
            <ns3:hr>167</ns3:hr>
            <ns3:cad>98</ns3:cad>
          </ns3:TrackPointExtension>
        </extensions>
      </trkpt>
      <trkpt lat="41.2574056349694728851318359375" lon="115.12192779220640659332275390625">
        <ele>1567.4000244140625</ele>
        <time>2026-06-13T03:40:20.000Z</time>
        <extensions>
          <ns3:TrackPointExtension>
            <ns3:hr>167</ns3:hr>
            <ns3:cad>99</ns3:cad>
          </ns3:TrackPointExtension>
        </extensions>
      </trkpt>
      <trkpt lat="41.257394738495349884033203125" lon="115.12195922434329986572265625">
        <ele>1567.4000244140625</ele>
        <time>2026-06-13T03:40:21.000Z</time>
        <extensions>
          <ns3:TrackPointExtension>
            <ns3:hr>168</ns3:hr>
            <ns3:cad>99</ns3:cad>
          </ns3:TrackPointExtension>
        </extensions>
      </trkpt>
      <trkpt lat="41.25738576985895633697509765625" lon="115.12199216522276401519775390625">
        <ele>1567.5999755859375</ele>
        <time>2026-06-13T03:40:22.000Z</time>
        <extensions>
          <ns3:TrackPointExtension>
            <ns3:hr>167</ns3:hr>
            <ns3:cad>99</ns3:cad>
          </ns3:TrackPointExtension>
        </extensions>
      </trkpt>
      <trkpt lat="41.25737898051738739013671875" lon="115.12203977443277835845947265625">
        <ele>1567.5999755859375</ele>
        <time>2026-06-13T03:40:23.000Z</time>
        <extensions>
          <ns3:TrackPointExtension>
            <ns3:hr>167</ns3:hr>
            <ns3:cad>99</ns3:cad>
          </ns3:TrackPointExtension>
        </extensions>
      </trkpt>
      <trkpt lat="41.25737001188099384307861328125" lon="115.1220717094838619232177734375">
        <ele>1567.800048828125</ele>
        <time>2026-06-13T03:40:24.000Z</time>
        <extensions>
          <ns3:TrackPointExtension>
            <ns3:hr>167</ns3:hr>
            <ns3:cad>99</ns3:cad>
          </ns3:TrackPointExtension>
        </extensions>
      </trkpt>
      <trkpt lat="41.25736213289201259613037109375" lon="115.12210967950522899627685546875">
        <ele>1568.199951171875</ele>
        <time>2026-06-13T03:40:25.000Z</time>
        <extensions>
          <ns3:TrackPointExtension>
            <ns3:hr>168</ns3:hr>
            <ns3:cad>99</ns3:cad>
          </ns3:TrackPointExtension>
        </extensions>
      </trkpt>
      <trkpt lat="41.257359199225902557373046875" lon="115.12215192429721355438232421875">
        <ele>1568.4000244140625</ele>
        <time>2026-06-13T03:40:26.000Z</time>
        <extensions>
          <ns3:TrackPointExtension>
            <ns3:hr>167</ns3:hr>
            <ns3:cad>99</ns3:cad>
          </ns3:TrackPointExtension>
        </extensions>
      </trkpt>
      <trkpt lat="41.25734872184693813323974609375" lon="115.122177489101886749267578125">
        <ele>1568.800048828125</ele>
        <time>2026-06-13T03:40:27.000Z</time>
        <extensions>
          <ns3:TrackPointExtension>
            <ns3:hr>167</ns3:hr>
            <ns3:cad>99</ns3:cad>
          </ns3:TrackPointExtension>
        </extensions>
      </trkpt>
      <trkpt lat="41.2573421001434326171875" lon="115.122214369475841522216796875">
        <ele>1569</ele>
        <time>2026-06-13T03:40:28.000Z</time>
        <extensions>
          <ns3:TrackPointExtension>
            <ns3:hr>168</ns3:hr>
            <ns3:cad>99</ns3:cad>
          </ns3:TrackPointExtension>
        </extensions>
      </trkpt>
      <trkpt lat="41.25733698718249797821044921875" lon="115.12224731035530567169189453125">
        <ele>1569.199951171875</ele>
        <time>2026-06-13T03:40:29.000Z</time>
        <extensions>
          <ns3:TrackPointExtension>
            <ns3:hr>167</ns3:hr>
            <ns3:cad>99</ns3:cad>
          </ns3:TrackPointExtension>
        </extensions>
      </trkpt>
      <trkpt lat="41.25733715482056140899658203125" lon="115.12227497063577175140380859375">
        <ele>1569.4000244140625</ele>
        <time>2026-06-13T03:40:30.000Z</time>
        <extensions>
          <ns3:TrackPointExtension>
            <ns3:hr>168</ns3:hr>
            <ns3:cad>99</ns3:cad>
          </ns3:TrackPointExtension>
        </extensions>
      </trkpt>
      <trkpt lat="41.25734587199985980987548828125" lon="115.12231595814228057861328125">
        <ele>1569.4000244140625</ele>
        <time>2026-06-13T03:40:31.000Z</time>
        <extensions>
          <ns3:TrackPointExtension>
            <ns3:hr>168</ns3:hr>
            <ns3:cad>99</ns3:cad>
          </ns3:TrackPointExtension>
        </extensions>
      </trkpt>
      <trkpt lat="41.25734972767531871795654296875" lon="115.1223499886691570281982421875">
        <ele>1569.5999755859375</ele>
        <time>2026-06-13T03:40:32.000Z</time>
        <extensions>
          <ns3:TrackPointExtension>
            <ns3:hr>168</ns3:hr>
            <ns3:cad>96</ns3:cad>
          </ns3:TrackPointExtension>
        </extensions>
      </trkpt>
      <trkpt lat="41.257349140942096710205078125" lon="115.122379325330257415771484375">
        <ele>1569.5999755859375</ele>
        <time>2026-06-13T03:40:33.000Z</time>
        <extensions>
          <ns3:TrackPointExtension>
            <ns3:hr>168</ns3:hr>
            <ns3:cad>96</ns3:cad>
          </ns3:TrackPointExtension>
        </extensions>
      </trkpt>
      <trkpt lat="41.25735023058950901031494140625" lon="115.12242400087416172027587890625">
        <ele>1569.800048828125</ele>
        <time>2026-06-13T03:40:34.000Z</time>
        <extensions>
          <ns3:TrackPointExtension>
            <ns3:hr>168</ns3:hr>
            <ns3:cad>97</ns3:cad>
          </ns3:TrackPointExtension>
        </extensions>
      </trkpt>
      <trkpt lat="41.25734277069568634033203125" lon="115.12245752848684787750244140625">
        <ele>1569.800048828125</ele>
        <time>2026-06-13T03:40:35.000Z</time>
        <extensions>
          <ns3:TrackPointExtension>
            <ns3:hr>167</ns3:hr>
            <ns3:cad>97</ns3:cad>
          </ns3:TrackPointExtension>
        </extensions>
      </trkpt>
      <trkpt lat="41.2573345564305782318115234375" lon="115.12249306775629520416259765625">
        <ele>1570</ele>
        <time>2026-06-13T03:40:36.000Z</time>
        <extensions>
          <ns3:TrackPointExtension>
            <ns3:hr>168</ns3:hr>
            <ns3:cad>97</ns3:cad>
          </ns3:TrackPointExtension>
        </extensions>
      </trkpt>
      <trkpt lat="41.25732961110770702362060546875" lon="115.12253296561539173126220703125">
        <ele>1570</ele>
        <time>2026-06-13T03:40:37.000Z</time>
        <extensions>
          <ns3:TrackPointExtension>
            <ns3:hr>168</ns3:hr>
            <ns3:cad>97</ns3:cad>
          </ns3:TrackPointExtension>
        </extensions>
      </trkpt>
      <trkpt lat="41.25732399523258209228515625" lon="115.122567079961299896240234375">
        <ele>1570</ele>
        <time>2026-06-13T03:40:38.000Z</time>
        <extensions>
          <ns3:TrackPointExtension>
            <ns3:hr>168</ns3:hr>
            <ns3:cad>98</ns3:cad>
          </ns3:TrackPointExtension>
        </extensions>
      </trkpt>
      <trkpt lat="41.25732173211872577667236328125" lon="115.12260421179234981536865234375">
        <ele>1570.199951171875</ele>
        <time>2026-06-13T03:40:39.000Z</time>
        <extensions>
          <ns3:TrackPointExtension>
            <ns3:hr>167</ns3:hr>
            <ns3:cad>98</ns3:cad>
          </ns3:TrackPointExtension>
        </extensions>
      </trkpt>
      <trkpt lat="41.2573221512138843536376953125" lon="115.12263916432857513427734375">
        <ele>1570.199951171875</ele>
        <time>2026-06-13T03:40:40.000Z</time>
        <extensions>
          <ns3:TrackPointExtension>
            <ns3:hr>168</ns3:hr>
            <ns3:cad>99</ns3:cad>
          </ns3:TrackPointExtension>
        </extensions>
      </trkpt>
      <trkpt lat="41.2573204748332500457763671875" lon="115.12266892008483409881591796875">
        <ele>1570.4000244140625</ele>
        <time>2026-06-13T03:40:41.000Z</time>
        <extensions>
          <ns3:TrackPointExtension>
            <ns3:hr>168</ns3:hr>
            <ns3:cad>99</ns3:cad>
          </ns3:TrackPointExtension>
        </extensions>
      </trkpt>
      <trkpt lat="41.25731955282390117645263671875" lon="115.12270596809685230255126953125">
        <ele>1570.5999755859375</ele>
        <time>2026-06-13T03:40:42.000Z</time>
        <extensions>
          <ns3:TrackPointExtension>
            <ns3:hr>168</ns3:hr>
            <ns3:cad>99</ns3:cad>
          </ns3:TrackPointExtension>
        </extensions>
      </trkpt>
      <trkpt lat="41.25731955282390117645263671875" lon="115.12273530475795269012451171875">
        <ele>1570.800048828125</ele>
        <time>2026-06-13T03:40:43.000Z</time>
        <extensions>
          <ns3:TrackPointExtension>
            <ns3:hr>167</ns3:hr>
            <ns3:cad>99</ns3:cad>
          </ns3:TrackPointExtension>
        </extensions>
      </trkpt>
      <trkpt lat="41.2573174573481082916259765625" lon="115.12276564724743366241455078125">
        <ele>1571</ele>
        <time>2026-06-13T03:40:44.000Z</time>
        <extensions>
          <ns3:TrackPointExtension>
            <ns3:hr>168</ns3:hr>
            <ns3:cad>98</ns3:cad>
          </ns3:TrackPointExtension>
        </extensions>
      </trkpt>
      <trkpt lat="41.257320307195186614990234375" lon="115.1228026114404201507568359375">
        <ele>1571.199951171875</ele>
        <time>2026-06-13T03:40:45.000Z</time>
        <extensions>
          <ns3:TrackPointExtension>
            <ns3:hr>168</ns3:hr>
            <ns3:cad>98</ns3:cad>
          </ns3:TrackPointExtension>
        </extensions>
      </trkpt>
      <trkpt lat="41.25731997191905975341796875" lon="115.1228324510157108306884765625">
        <ele>1571.4000244140625</ele>
        <time>2026-06-13T03:40:46.000Z</time>
        <extensions>
          <ns3:TrackPointExtension>
            <ns3:hr>168</ns3:hr>
            <ns3:cad>98</ns3:cad>
          </ns3:TrackPointExtension>
        </extensions>
      </trkpt>
      <trkpt lat="41.25732458196580410003662109375" lon="115.1228646375238895416259765625">
        <ele>1571.5999755859375</ele>
        <time>2026-06-13T03:40:47.000Z</time>
        <extensions>
          <ns3:TrackPointExtension>
            <ns3:hr>167</ns3:hr>
            <ns3:cad>98</ns3:cad>
          </ns3:TrackPointExtension>
        </extensions>
      </trkpt>
      <trkpt lat="41.257332377135753631591796875" lon="115.12290042825043201446533203125">
        <ele>1571.800048828125</ele>
        <time>2026-06-13T03:40:48.000Z</time>
        <extensions>
          <ns3:TrackPointExtension>
            <ns3:hr>168</ns3:hr>
            <ns3:cad>98</ns3:cad>
          </ns3:TrackPointExtension>
        </extensions>
      </trkpt>
      <trkpt lat="41.2573342211544513702392578125" lon="115.1229296810925006866455078125">
        <ele>1572</ele>
        <time>2026-06-13T03:40:49.000Z</time>
        <extensions>
          <ns3:TrackPointExtension>
            <ns3:hr>168</ns3:hr>
            <ns3:cad>99</ns3:cad>
          </ns3:TrackPointExtension>
        </extensions>
      </trkpt>
      <trkpt lat="41.25734218396246433258056640625" lon="115.1229642145335674285888671875">
        <ele>1572.199951171875</ele>
        <time>2026-06-13T03:40:50.000Z</time>
        <extensions>
          <ns3:TrackPointExtension>
            <ns3:hr>168</ns3:hr>
            <ns3:cad>99</ns3:cad>
          </ns3:TrackPointExtension>
        </extensions>
      </trkpt>
      <trkpt lat="41.25734671019017696380615234375" lon="115.12299380265176296234130859375">
        <ele>1572.5999755859375</ele>
        <time>2026-06-13T03:40:51.000Z</time>
        <extensions>
          <ns3:TrackPointExtension>
            <ns3:hr>168</ns3:hr>
            <ns3:cad>99</ns3:cad>
          </ns3:TrackPointExtension>
        </extensions>
      </trkpt>
      <trkpt lat="41.257353834807872772216796875" lon="115.123022384941577911376953125">
        <ele>1572.800048828125</ele>
        <time>2026-06-13T03:40:52.000Z</time>
        <extensions>
          <ns3:TrackPointExtension>
            <ns3:hr>168</ns3:hr>
            <ns3:cad>98</ns3:cad>
          </ns3:TrackPointExtension>
        </extensions>
      </trkpt>
      <trkpt lat="41.2573711015284061431884765625" lon="115.12305499054491519927978515625">
        <ele>1573</ele>
        <time>2026-06-13T03:40:53.000Z</time>
        <extensions>
          <ns3:TrackPointExtension>
            <ns3:hr>168</ns3:hr>
            <ns3:cad>97</ns3:cad>
          </ns3:TrackPointExtension>
        </extensions>
      </trkpt>
      <trkpt lat="41.25738090835511684417724609375" lon="115.12308432720601558685302734375">
        <ele>1573.199951171875</ele>
        <time>2026-06-13T03:40:54.000Z</time>
        <extensions>
          <ns3:TrackPointExtension>
            <ns3:hr>168</ns3:hr>
            <ns3:cad>97</ns3:cad>
          </ns3:TrackPointExtension>
        </extensions>
      </trkpt>
      <trkpt lat="41.25739373266696929931640625" lon="115.1231144182384014129638671875">
        <ele>1573.4000244140625</ele>
        <time>2026-06-13T03:40:55.000Z</time>
        <extensions>
          <ns3:TrackPointExtension>
            <ns3:hr>168</ns3:hr>
            <ns3:cad>97</ns3:cad>
          </ns3:TrackPointExtension>
        </extensions>
      </trkpt>
      <trkpt lat="41.25740823335945606231689453125" lon="115.1231422461569309234619140625">
        <ele>1573.4000244140625</ele>
        <time>2026-06-13T03:40:56.000Z</time>
        <extensions>
          <ns3:TrackPointExtension>
            <ns3:hr>168</ns3:hr>
            <ns3:cad>97</ns3:cad>
          </ns3:TrackPointExtension>
        </extensions>
      </trkpt>
      <trkpt lat="41.25741829164326190948486328125" lon="115.12316797859966754913330078125">
        <ele>1573.5999755859375</ele>
        <time>2026-06-13T03:40:57.000Z</time>
        <extensions>
          <ns3:TrackPointExtension>
            <ns3:hr>168</ns3:hr>
            <ns3:cad>98</ns3:cad>
          </ns3:TrackPointExtension>
        </extensions>
      </trkpt>
      <trkpt lat="41.2574371509253978729248046875" lon="115.123197399079799652099609375">
        <ele>1574</ele>
        <time>2026-06-13T03:40:58.000Z</time>
        <extensions>
          <ns3:TrackPointExtension>
            <ns3:hr>168</ns3:hr>
            <ns3:cad>98</ns3:cad>
          </ns3:TrackPointExtension>
        </extensions>
      </trkpt>
      <trkpt lat="41.25745014287531375885009765625" lon="115.1232223771512508392333984375">
        <ele>1574.199951171875</ele>
        <time>2026-06-13T03:40:59.000Z</time>
        <extensions>
          <ns3:TrackPointExtension>
            <ns3:hr>168</ns3:hr>
            <ns3:cad>96</ns3:cad>
          </ns3:TrackPointExtension>
        </extensions>
      </trkpt>
      <trkpt lat="41.25746254809200763702392578125" lon="115.12324710376560688018798828125">
        <ele>1574.4000244140625</ele>
        <time>2026-06-13T03:41:00.000Z</time>
        <extensions>
          <ns3:TrackPointExtension>
            <ns3:hr>168</ns3:hr>
            <ns3:cad>95</ns3:cad>
          </ns3:TrackPointExtension>
        </extensions>
      </trkpt>
      <trkpt lat="41.25748501159250736236572265625" lon="115.12327040545642375946044921875">
        <ele>1574.800048828125</ele>
        <time>2026-06-13T03:41:01.000Z</time>
        <extensions>
          <ns3:TrackPointExtension>
            <ns3:hr>168</ns3:hr>
            <ns3:cad>95</ns3:cad>
          </ns3:TrackPointExtension>
        </extensions>
      </trkpt>
      <trkpt lat="41.2574944831430912017822265625" lon="115.123294293880462646484375">
        <ele>1575</ele>
        <time>2026-06-13T03:41:02.000Z</time>
        <extensions>
          <ns3:TrackPointExtension>
            <ns3:hr>168</ns3:hr>
            <ns3:cad>95</ns3:cad>
          </ns3:TrackPointExtension>
        </extensions>
      </trkpt>
      <trkpt lat="41.25751116313040256500244140625" lon="115.123315751552581787109375">
        <ele>1575.199951171875</ele>
        <time>2026-06-13T03:41:03.000Z</time>
        <extensions>
          <ns3:TrackPointExtension>
            <ns3:hr>168</ns3:hr>
            <ns3:cad>95</ns3:cad>
          </ns3:TrackPointExtension>
        </extensions>
      </trkpt>
      <trkpt lat="41.2575229816138744354248046875" lon="115.1233333535492420196533203125">
        <ele>1575.4000244140625</ele>
        <time>2026-06-13T03:41:04.000Z</time>
        <extensions>
          <ns3:TrackPointExtension>
            <ns3:hr>168</ns3:hr>
            <ns3:cad>95</ns3:cad>
          </ns3:TrackPointExtension>
        </extensions>
      </trkpt>
      <trkpt lat="41.2575360573828220367431640625" lon="115.12335422448813915252685546875">
        <ele>1575.5999755859375</ele>
        <time>2026-06-13T03:41:05.000Z</time>
        <extensions>
          <ns3:TrackPointExtension>
            <ns3:hr>167</ns3:hr>
            <ns3:cad>95</ns3:cad>
          </ns3:TrackPointExtension>
        </extensions>
      </trkpt>
      <trkpt lat="41.25755173154175281524658203125" lon="115.12337249703705310821533203125">
        <ele>1575.800048828125</ele>
        <time>2026-06-13T03:41:06.000Z</time>
        <extensions>
          <ns3:TrackPointExtension>
            <ns3:hr>168</ns3:hr>
            <ns3:cad>96</ns3:cad>
          </ns3:TrackPointExtension>
        </extensions>
      </trkpt>
      <trkpt lat="41.2575642205774784088134765625" lon="115.12339160777628421783447265625">
        <ele>1576</ele>
        <time>2026-06-13T03:41:07.000Z</time>
        <extensions>
          <ns3:TrackPointExtension>
            <ns3:hr>168</ns3:hr>
            <ns3:cad>97</ns3:cad>
          </ns3:TrackPointExtension>
        </extensions>
      </trkpt>
      <trkpt lat="41.25758274458348751068115234375" lon="115.1234108023345470428466796875">
        <ele>1576.4000244140625</ele>
        <time>2026-06-13T03:41:08.000Z</time>
        <extensions>
          <ns3:TrackPointExtension>
            <ns3:hr>168</ns3:hr>
            <ns3:cad>96</ns3:cad>
          </ns3:TrackPointExtension>
        </extensions>
      </trkpt>
      <trkpt lat="41.257594563066959381103515625" lon="115.12342697940766811370849609375">
        <ele>1576.5999755859375</ele>
        <time>2026-06-13T03:41:09.000Z</time>
        <extensions>
          <ns3:TrackPointExtension>
            <ns3:hr>167</ns3:hr>
            <ns3:cad>96</ns3:cad>
          </ns3:TrackPointExtension>
        </extensions>
      </trkpt>
      <trkpt lat="41.2576125003397464752197265625" lon="115.12344642542302608489990234375">
        <ele>1577</ele>
        <time>2026-06-13T03:41:10.000Z</time>
        <extensions>
          <ns3:TrackPointExtension>
            <ns3:hr>168</ns3:hr>
            <ns3:cad>96</ns3:cad>
          </ns3:TrackPointExtension>
        </extensions>
      </trkpt>
      <trkpt lat="41.2576285935938358306884765625" lon="115.12346469797194004058837890625">
        <ele>1577.4000244140625</ele>
        <time>2026-06-13T03:41:11.000Z</time>
        <extensions>
          <ns3:TrackPointExtension>
            <ns3:hr>168</ns3:hr>
            <ns3:cad>96</ns3:cad>
          </ns3:TrackPointExtension>
        </extensions>
      </trkpt>
      <trkpt lat="41.257642172276973724365234375" lon="115.12347978539764881134033203125">
        <ele>1577.5999755859375</ele>
        <time>2026-06-13T03:41:12.000Z</time>
        <extensions>
          <ns3:TrackPointExtension>
            <ns3:hr>168</ns3:hr>
            <ns3:cad>96</ns3:cad>
          </ns3:TrackPointExtension>
        </extensions>
      </trkpt>
      <trkpt lat="41.25766195356845855712890625" lon="115.1234976388514041900634765625">
        <ele>1578</ele>
        <time>2026-06-13T03:41:13.000Z</time>
        <extensions>
          <ns3:TrackPointExtension>
            <ns3:hr>168</ns3:hr>
            <ns3:cad>96</ns3:cad>
          </ns3:TrackPointExtension>
        </extensions>
      </trkpt>
      <trkpt lat="41.25767628662288188934326171875" lon="115.12351247482001781463623046875">
        <ele>1578.199951171875</ele>
        <time>2026-06-13T03:41:14.000Z</time>
        <extensions>
          <ns3:TrackPointExtension>
            <ns3:hr>168</ns3:hr>
            <ns3:cad>96</ns3:cad>
          </ns3:TrackPointExtension>
        </extensions>
      </trkpt>
      <trkpt lat="41.257698498666286468505859375" lon="115.12352236546576023101806640625">
        <ele>1578.4000244140625</ele>
        <time>2026-06-13T03:41:15.000Z</time>
        <extensions>
          <ns3:TrackPointExtension>
            <ns3:hr>168</ns3:hr>
            <ns3:cad>96</ns3:cad>
          </ns3:TrackPointExtension>
        </extensions>
      </trkpt>
      <trkpt lat="41.257715933024883270263671875" lon="115.1235318370163440704345703125">
        <ele>1578.5999755859375</ele>
        <time>2026-06-13T03:41:16.000Z</time>
        <extensions>
          <ns3:TrackPointExtension>
            <ns3:hr>168</ns3:hr>
            <ns3:cad>96</ns3:cad>
          </ns3:TrackPointExtension>
        </extensions>
      </trkpt>
      <trkpt lat="41.2577342055737972259521484375" lon="115.12354709208011627197265625">
        <ele>1579</ele>
        <time>2026-06-13T03:41:17.000Z</time>
        <extensions>
          <ns3:TrackPointExtension>
            <ns3:hr>168</ns3:hr>
            <ns3:cad>96</ns3:cad>
          </ns3:TrackPointExtension>
        </extensions>
      </trkpt>
      <trkpt lat="41.2577511370182037353515625" lon="115.12355807237327098846435546875">
        <ele>1579.199951171875</ele>
        <time>2026-06-13T03:41:18.000Z</time>
        <extensions>
          <ns3:TrackPointExtension>
            <ns3:hr>169</ns3:hr>
            <ns3:cad>95</ns3:cad>
          </ns3:TrackPointExtension>
        </extensions>
      </trkpt>
      <trkpt lat="41.25777049921452999114990234375" lon="115.1235713995993137359619140625">
        <ele>1579.5999755859375</ele>
        <time>2026-06-13T03:41:19.000Z</time>
        <extensions>
          <ns3:TrackPointExtension>
            <ns3:hr>169</ns3:hr>
            <ns3:cad>93</ns3:cad>
          </ns3:TrackPointExtension>
        </extensions>
      </trkpt>
      <trkpt lat="41.25778592191636562347412109375" lon="115.12358020059764385223388671875">
        <ele>1579.800048828125</ele>
        <time>2026-06-13T03:41:20.000Z</time>
        <extensions>
          <ns3:TrackPointExtension>
            <ns3:hr>169</ns3:hr>
            <ns3:cad>93</ns3:cad>
          </ns3:TrackPointExtension>
        </extensions>
      </trkpt>
      <trkpt lat="41.25780302099883556365966796875" lon="115.12358942069113254547119140625">
        <ele>1580</ele>
        <time>2026-06-13T03:41:21.000Z</time>
        <extensions>
          <ns3:TrackPointExtension>
            <ns3:hr>169</ns3:hr>
            <ns3:cad>92</ns3:cad>
          </ns3:TrackPointExtension>
        </extensions>
      </trkpt>
      <trkpt lat="41.25782129354774951934814453125" lon="115.12359780259430408477783203125">
        <ele>1580.4000244140625</ele>
        <time>2026-06-13T03:41:22.000Z</time>
        <extensions>
          <ns3:TrackPointExtension>
            <ns3:hr>168</ns3:hr>
            <ns3:cad>92</ns3:cad>
          </ns3:TrackPointExtension>
        </extensions>
      </trkpt>
      <trkpt lat="41.25784258358180522918701171875" lon="115.1236059330403804779052734375">
        <ele>1580.5999755859375</ele>
        <time>2026-06-13T03:41:23.000Z</time>
        <extensions>
          <ns3:TrackPointExtension>
            <ns3:hr>169</ns3:hr>
            <ns3:cad>92</ns3:cad>
          </ns3:TrackPointExtension>
        </extensions>
      </trkpt>
      <trkpt lat="41.25786404125392436981201171875" lon="115.12361280620098114013671875">
        <ele>1581</ele>
        <time>2026-06-13T03:41:24.000Z</time>
        <extensions>
          <ns3:TrackPointExtension>
            <ns3:hr>169</ns3:hr>
            <ns3:cad>93</ns3:cad>
          </ns3:TrackPointExtension>
        </extensions>
      </trkpt>
      <trkpt lat="41.25788323581218719482421875" lon="115.123622529208660125732421875">
        <ele>1581.199951171875</ele>
        <time>2026-06-13T03:41:25.000Z</time>
        <extensions>
          <ns3:TrackPointExtension>
            <ns3:hr>169</ns3:hr>
            <ns3:cad>92</ns3:cad>
          </ns3:TrackPointExtension>
        </extensions>
      </trkpt>
      <trkpt lat="41.257902346551418304443359375" lon="115.1236357726156711578369140625">
        <ele>1581.4000244140625</ele>
        <time>2026-06-13T03:41:26.000Z</time>
        <extensions>
          <ns3:TrackPointExtension>
            <ns3:hr>169</ns3:hr>
            <ns3:cad>91</ns3:cad>
          </ns3:TrackPointExtension>
        </extensions>
      </trkpt>
      <trkpt lat="41.257918439805507659912109375" lon="115.12364407069981098175048828125">
        <ele>1581.800048828125</ele>
        <time>2026-06-13T03:41:27.000Z</time>
        <extensions>
          <ns3:TrackPointExtension>
            <ns3:hr>169</ns3:hr>
            <ns3:cad>91</ns3:cad>
          </ns3:TrackPointExtension>
        </extensions>
      </trkpt>
      <trkpt lat="41.2579400651156902313232421875" lon="115.12365396134555339813232421875">
        <ele>1582</ele>
        <time>2026-06-13T03:41:28.000Z</time>
        <extensions>
          <ns3:TrackPointExtension>
            <ns3:hr>169</ns3:hr>
            <ns3:cad>91</ns3:cad>
          </ns3:TrackPointExtension>
        </extensions>
      </trkpt>
      <trkpt lat="41.25795624218881130218505859375" lon="115.12366217561066150665283203125">
        <ele>1582.4000244140625</ele>
        <time>2026-06-13T03:41:29.000Z</time>
        <extensions>
          <ns3:TrackPointExtension>
            <ns3:hr>169</ns3:hr>
            <ns3:cad>91</ns3:cad>
          </ns3:TrackPointExtension>
        </extensions>
      </trkpt>
      <trkpt lat="41.257975101470947265625" lon="115.12367374263703823089599609375">
        <ele>1582.5999755859375</ele>
        <time>2026-06-13T03:41:30.000Z</time>
        <extensions>
          <ns3:TrackPointExtension>
            <ns3:hr>169</ns3:hr>
            <ns3:cad>91</ns3:cad>
          </ns3:TrackPointExtension>
        </extensions>
      </trkpt>
      <trkpt lat="41.25799094326794147491455078125" lon="115.1236796937882900238037109375">
        <ele>1582.800048828125</ele>
        <time>2026-06-13T03:41:31.000Z</time>
        <extensions>
          <ns3:TrackPointExtension>
            <ns3:hr>169</ns3:hr>
            <ns3:cad>91</ns3:cad>
          </ns3:TrackPointExtension>
        </extensions>
      </trkpt>
      <trkpt lat="41.2580113112926483154296875" lon="115.1236860640347003936767578125">
        <ele>1583</ele>
        <time>2026-06-13T03:41:32.000Z</time>
        <extensions>
          <ns3:TrackPointExtension>
            <ns3:hr>170</ns3:hr>
            <ns3:cad>91</ns3:cad>
          </ns3:TrackPointExtension>
        </extensions>
      </trkpt>
      <trkpt lat="41.25802447088062763214111328125" lon="115.1236944459378719329833984375">
        <ele>1583.4000244140625</ele>
        <time>2026-06-13T03:41:33.000Z</time>
        <extensions>
          <ns3:TrackPointExtension>
            <ns3:hr>170</ns3:hr>
            <ns3:cad>91</ns3:cad>
          </ns3:TrackPointExtension>
        </extensions>
      </trkpt>
      <trkpt lat="41.25804861076176166534423828125" lon="115.12369436211884021759033203125">
        <ele>1583.5999755859375</ele>
        <time>2026-06-13T03:41:34.000Z</time>
        <extensions>
          <ns3:TrackPointExtension>
            <ns3:hr>170</ns3:hr>
            <ns3:cad>92</ns3:cad>
          </ns3:TrackPointExtension>
        </extensions>
      </trkpt>
      <trkpt lat="41.25806336291134357452392578125" lon="115.12370056472718715667724609375">
        <ele>1584</ele>
        <time>2026-06-13T03:41:35.000Z</time>
        <extensions>
          <ns3:TrackPointExtension>
            <ns3:hr>170</ns3:hr>
            <ns3:cad>92</ns3:cad>
          </ns3:TrackPointExtension>
        </extensions>
      </trkpt>
      <trkpt lat="41.25808917917311191558837890625" lon="115.1237033307552337646484375">
        <ele>1584.199951171875</ele>
        <time>2026-06-13T03:41:36.000Z</time>
        <extensions>
          <ns3:TrackPointExtension>
            <ns3:hr>169</ns3:hr>
            <ns3:cad>92</ns3:cad>
          </ns3:TrackPointExtension>
        </extensions>
      </trkpt>
      <trkpt lat="41.2581078708171844482421875" lon="115.1237118802964687347412109375">
        <ele>1584.5999755859375</ele>
        <time>2026-06-13T03:41:37.000Z</time>
        <extensions>
          <ns3:TrackPointExtension>
            <ns3:hr>169</ns3:hr>
            <ns3:cad>92</ns3:cad>
          </ns3:TrackPointExtension>
        </extensions>
      </trkpt>
      <trkpt lat="41.25813536345958709716796875" lon="115.1237095333635807037353515625">
        <ele>1584.800048828125</ele>
        <time>2026-06-13T03:41:38.000Z</time>
        <extensions>
          <ns3:TrackPointExtension>
            <ns3:hr>169</ns3:hr>
            <ns3:cad>92</ns3:cad>
          </ns3:TrackPointExtension>
        </extensions>
      </trkpt>
      <trkpt lat="41.25815036706626415252685546875" lon="115.123718082904815673828125">
        <ele>1585</ele>
        <time>2026-06-13T03:41:39.000Z</time>
        <extensions>
          <ns3:TrackPointExtension>
            <ns3:hr>170</ns3:hr>
            <ns3:cad>92</ns3:cad>
          </ns3:TrackPointExtension>
        </extensions>
      </trkpt>
      <trkpt lat="41.25817425549030303955078125" lon="115.12371498160064220428466796875">
        <ele>1585.4000244140625</ele>
        <time>2026-06-13T03:41:40.000Z</time>
        <extensions>
          <ns3:TrackPointExtension>
            <ns3:hr>170</ns3:hr>
            <ns3:cad>92</ns3:cad>
          </ns3:TrackPointExtension>
        </extensions>
      </trkpt>
      <trkpt lat="41.2581864930689334869384765625" lon="115.12372084893286228179931640625">
        <ele>1585.5999755859375</ele>
        <time>2026-06-13T03:41:41.000Z</time>
        <extensions>
          <ns3:TrackPointExtension>
            <ns3:hr>170</ns3:hr>
            <ns3:cad>90</ns3:cad>
          </ns3:TrackPointExtension>
        </extensions>
      </trkpt>
      <trkpt lat="41.2582129798829555511474609375" lon="115.12371833436191082000732421875">
        <ele>1585.800048828125</ele>
        <time>2026-06-13T03:41:42.000Z</time>
        <extensions>
          <ns3:TrackPointExtension>
            <ns3:hr>170</ns3:hr>
            <ns3:cad>90</ns3:cad>
          </ns3:TrackPointExtension>
        </extensions>
      </trkpt>
      <trkpt lat="41.25822387635707855224609375" lon="115.12372503988444805145263671875">
        <ele>1586.199951171875</ele>
        <time>2026-06-13T03:41:43.000Z</time>
        <extensions>
          <ns3:TrackPointExtension>
            <ns3:hr>169</ns3:hr>
            <ns3:cad>90</ns3:cad>
          </ns3:TrackPointExtension>
        </extensions>
      </trkpt>
      <trkpt lat="41.25824667513370513916015625" lon="115.12372369877994060516357421875">
        <ele>1586.4000244140625</ele>
        <time>2026-06-13T03:41:44.000Z</time>
        <extensions>
          <ns3:TrackPointExtension>
            <ns3:hr>170</ns3:hr>
            <ns3:cad>90</ns3:cad>
          </ns3:TrackPointExtension>
        </extensions>
      </trkpt>
      <trkpt lat="41.2582558952271938323974609375" lon="115.12373543344438076019287109375">
        <ele>1586.5999755859375</ele>
        <time>2026-06-13T03:41:45.000Z</time>
        <extensions>
          <ns3:TrackPointExtension>
            <ns3:hr>170</ns3:hr>
            <ns3:cad>90</ns3:cad>
          </ns3:TrackPointExtension>
        </extensions>
      </trkpt>
      <trkpt lat="41.2582773528993129730224609375" lon="115.123737193644046783447265625">
        <ele>1586.800048828125</ele>
        <time>2026-06-13T03:41:46.000Z</time>
        <extensions>
          <ns3:TrackPointExtension>
            <ns3:hr>170</ns3:hr>
            <ns3:cad>90</ns3:cad>
          </ns3:TrackPointExtension>
        </extensions>
      </trkpt>
      <trkpt lat="41.25828715972602367401123046875" lon="115.12374498881399631500244140625">
        <ele>1587.199951171875</ele>
        <time>2026-06-13T03:41:47.000Z</time>
        <extensions>
          <ns3:TrackPointExtension>
            <ns3:hr>170</ns3:hr>
            <ns3:cad>90</ns3:cad>
          </ns3:TrackPointExtension>
        </extensions>
      </trkpt>
      <trkpt lat="41.25830576755106449127197265625" lon="115.12374448589980602264404296875">
        <ele>1587.4000244140625</ele>
        <time>2026-06-13T03:41:48.000Z</time>
        <extensions>
          <ns3:TrackPointExtension>
            <ns3:hr>170</ns3:hr>
            <ns3:cad>45</ns3:cad>
          </ns3:TrackPointExtension>
        </extensions>
      </trkpt>
      <trkpt lat="41.25831599347293376922607421875" lon="115.12375202961266040802001953125">
        <ele>1587.800048828125</ele>
        <time>2026-06-13T03:41:49.000Z</time>
        <extensions>
          <ns3:TrackPointExtension>
            <ns3:hr>171</ns3:hr>
            <ns3:cad>89</ns3:cad>
          </ns3:TrackPointExtension>
        </extensions>
      </trkpt>
      <trkpt lat="41.25833963043987751007080078125" lon="115.1237527839839458465576171875">
        <ele>1588.199951171875</ele>
        <time>2026-06-13T03:41:50.000Z</time>
        <extensions>
          <ns3:TrackPointExtension>
            <ns3:hr>170</ns3:hr>
            <ns3:cad>89</ns3:cad>
          </ns3:TrackPointExtension>
        </extensions>
      </trkpt>
      <trkpt lat="41.25835270620882511138916015625" lon="115.1237625069916248321533203125">
        <ele>1588.5999755859375</ele>
        <time>2026-06-13T03:41:51.000Z</time>
        <extensions>
          <ns3:TrackPointExtension>
            <ns3:hr>170</ns3:hr>
            <ns3:cad>89</ns3:cad>
          </ns3:TrackPointExtension>
        </extensions>
      </trkpt>
      <trkpt lat="41.258373074233531951904296875" lon="115.12376409955322742462158203125">
        <ele>1588.800048828125</ele>
        <time>2026-06-13T03:41:52.000Z</time>
        <extensions>
          <ns3:TrackPointExtension>
            <ns3:hr>171</ns3:hr>
            <ns3:cad>89</ns3:cad>
          </ns3:TrackPointExtension>
        </extensions>
      </trkpt>
      <trkpt lat="41.2583843059837818145751953125" lon="115.1237715594470500946044921875">
        <ele>1589.199951171875</ele>
        <time>2026-06-13T03:41:53.000Z</time>
        <extensions>
          <ns3:TrackPointExtension>
            <ns3:hr>170</ns3:hr>
            <ns3:cad>89</ns3:cad>
          </ns3:TrackPointExtension>
        </extensions>
      </trkpt>
      <trkpt lat="41.25840651802718639373779296875" lon="115.123772732913494110107421875">
        <ele>1589.4000244140625</ele>
        <time>2026-06-13T03:41:54.000Z</time>
        <extensions>
          <ns3:TrackPointExtension>
            <ns3:hr>170</ns3:hr>
            <ns3:cad>89</ns3:cad>
          </ns3:TrackPointExtension>
        </extensions>
      </trkpt>
      <trkpt lat="41.2584190070629119873046875" lon="115.12378119863569736480712890625">
        <ele>1589.5999755859375</ele>
        <time>2026-06-13T03:41:55.000Z</time>
        <extensions>
          <ns3:TrackPointExtension>
            <ns3:hr>171</ns3:hr>
            <ns3:cad>90</ns3:cad>
          </ns3:TrackPointExtension>
        </extensions>
      </trkpt>
      <trkpt lat="41.25844306312501430511474609375" lon="115.1237802766263484954833984375">
        <ele>1590</ele>
        <time>2026-06-13T03:41:56.000Z</time>
        <extensions>
          <ns3:TrackPointExtension>
            <ns3:hr>170</ns3:hr>
            <ns3:cad>90</ns3:cad>
          </ns3:TrackPointExtension>
        </extensions>
      </trkpt>
      <trkpt lat="41.25845697708427906036376953125" lon="115.1237889938056468963623046875">
        <ele>1590.199951171875</ele>
        <time>2026-06-13T03:41:57.000Z</time>
        <extensions>
          <ns3:TrackPointExtension>
            <ns3:hr>171</ns3:hr>
            <ns3:cad>90</ns3:cad>
          </ns3:TrackPointExtension>
        </extensions>
      </trkpt>
      <trkpt lat="41.2584801949560642242431640625" lon="115.12378958053886890411376953125">
        <ele>1590.5999755859375</ele>
        <time>2026-06-13T03:41:58.000Z</time>
        <extensions>
          <ns3:TrackPointExtension>
            <ns3:hr>171</ns3:hr>
            <ns3:cad>90</ns3:cad>
          </ns3:TrackPointExtension>
        </extensions>
      </trkpt>
      <trkpt lat="41.258489079773426055908203125" lon="115.12379712425172328948974609375">
        <ele>1591</ele>
        <time>2026-06-13T03:41:59.000Z</time>
        <extensions>
          <ns3:TrackPointExtension>
            <ns3:hr>171</ns3:hr>
            <ns3:cad>90</ns3:cad>
          </ns3:TrackPointExtension>
        </extensions>
      </trkpt>
      <trkpt lat="41.2585083581507205963134765625" lon="115.1237970404326915740966796875">
        <ele>1591.199951171875</ele>
        <time>2026-06-13T03:42:00.000Z</time>
        <extensions>
          <ns3:TrackPointExtension>
            <ns3:hr>171</ns3:hr>
            <ns3:cad>90</ns3:cad>
          </ns3:TrackPointExtension>
        </extensions>
      </trkpt>
      <trkpt lat="41.25851816497743129730224609375" lon="115.1238025724887847900390625">
        <ele>1591.5999755859375</ele>
        <time>2026-06-13T03:42:01.000Z</time>
        <extensions>
          <ns3:TrackPointExtension>
            <ns3:hr>171</ns3:hr>
            <ns3:cad>90</ns3:cad>
          </ns3:TrackPointExtension>
        </extensions>
      </trkpt>
      <trkpt lat="41.258538700640201568603515625" lon="115.1237997226417064666748046875">
        <ele>1592</ele>
        <time>2026-06-13T03:42:02.000Z</time>
        <extensions>
          <ns3:TrackPointExtension>
            <ns3:hr>172</ns3:hr>
            <ns3:cad>90</ns3:cad>
          </ns3:TrackPointExtension>
        </extensions>
      </trkpt>
      <trkpt lat="41.25854984857141971588134765625" lon="115.1238044165074825286865234375">
        <ele>1592.4000244140625</ele>
        <time>2026-06-13T03:42:03.000Z</time>
        <extensions>
          <ns3:TrackPointExtension>
            <ns3:hr>172</ns3:hr>
            <ns3:cad>90</ns3:cad>
          </ns3:TrackPointExtension>
        </extensions>
      </trkpt>
      <trkpt lat="41.258568875491619110107421875" lon="115.12380399741232395172119140625">
        <ele>1592.800048828125</ele>
        <time>2026-06-13T03:42:04.000Z</time>
        <extensions>
          <ns3:TrackPointExtension>
            <ns3:hr>172</ns3:hr>
            <ns3:cad>90</ns3:cad>
          </ns3:TrackPointExtension>
        </extensions>
      </trkpt>
      <trkpt lat="41.258583962917327880859375" lon="115.1238077692687511444091796875">
        <ele>1593</ele>
        <time>2026-06-13T03:42:05.000Z</time>
        <extensions>
          <ns3:TrackPointExtension>
            <ns3:hr>172</ns3:hr>
            <ns3:cad>90</ns3:cad>
          </ns3:TrackPointExtension>
        </extensions>
      </trkpt>
      <trkpt lat="41.25860550440847873687744140625" lon="115.12381187640130519866943359375">
        <ele>1593.199951171875</ele>
        <time>2026-06-13T03:42:06.000Z</time>
        <extensions>
          <ns3:TrackPointExtension>
            <ns3:hr>172</ns3:hr>
            <ns3:cad>88</ns3:cad>
          </ns3:TrackPointExtension>
        </extensions>
      </trkpt>
      <trkpt lat="41.2586179934442043304443359375" lon="115.123817659914493560791015625">
        <ele>1593.4000244140625</ele>
        <time>2026-06-13T03:42:07.000Z</time>
        <extensions>
          <ns3:TrackPointExtension>
            <ns3:hr>173</ns3:hr>
            <ns3:cad>88</ns3:cad>
          </ns3:TrackPointExtension>
        </extensions>
      </trkpt>
      <trkpt lat="41.25863400287926197052001953125" lon="115.12382025830447673797607421875">
        <ele>1593.5999755859375</ele>
        <time>2026-06-13T03:42:08.000Z</time>
        <extensions>
          <ns3:TrackPointExtension>
            <ns3:hr>173</ns3:hr>
            <ns3:cad>88</ns3:cad>
          </ns3:TrackPointExtension>
        </extensions>
      </trkpt>
      <trkpt lat="41.25864841975271701812744140625" lon="115.12381958775222301483154296875">
        <ele>1593.800048828125</ele>
        <time>2026-06-13T03:42:09.000Z</time>
        <extensions>
          <ns3:TrackPointExtension>
            <ns3:hr>173</ns3:hr>
            <ns3:cad>88</ns3:cad>
          </ns3:TrackPointExtension>
        </extensions>
      </trkpt>
      <trkpt lat="41.25866333954036235809326171875" lon="115.1238272152841091156005859375">
        <ele>1594</ele>
        <time>2026-06-13T03:42:10.000Z</time>
        <extensions>
          <ns3:TrackPointExtension>
            <ns3:hr>172</ns3:hr>
            <ns3:cad>88</ns3:cad>
          </ns3:TrackPointExtension>
        </extensions>
      </trkpt>
      <trkpt lat="41.2586796842515468597412109375" lon="115.12382713146507740020751953125">
        <ele>1594.4000244140625</ele>
        <time>2026-06-13T03:42:11.000Z</time>
        <extensions>
          <ns3:TrackPointExtension>
            <ns3:hr>172</ns3:hr>
            <ns3:cad>88</ns3:cad>
          </ns3:TrackPointExtension>
        </extensions>
      </trkpt>
      <trkpt lat="41.25869502313435077667236328125" lon="115.12383199296891689300537109375">
        <ele>1594.5999755859375</ele>
        <time>2026-06-13T03:42:12.000Z</time>
        <extensions>
          <ns3:TrackPointExtension>
            <ns3:hr>172</ns3:hr>
            <ns3:cad>88</ns3:cad>
          </ns3:TrackPointExtension>
        </extensions>
      </trkpt>
      <trkpt lat="41.25871262513101100921630859375" lon="115.1238309033215045928955078125">
        <ele>1595</ele>
        <time>2026-06-13T03:42:13.000Z</time>
        <extensions>
          <ns3:TrackPointExtension>
            <ns3:hr>172</ns3:hr>
            <ns3:cad>88</ns3:cad>
          </ns3:TrackPointExtension>
        </extensions>
      </trkpt>
      <trkpt lat="41.25872276723384857177734375" lon="115.1238382793962955474853515625">
        <ele>1595.199951171875</ele>
        <time>2026-06-13T03:42:14.000Z</time>
        <extensions>
          <ns3:TrackPointExtension>
            <ns3:hr>172</ns3:hr>
            <ns3:cad>88</ns3:cad>
          </ns3:TrackPointExtension>
        </extensions>
      </trkpt>
      <trkpt lat="41.25874279998242855072021484375" lon="115.12383685447275638580322265625">
        <ele>1595.5999755859375</ele>
        <time>2026-06-13T03:42:15.000Z</time>
        <extensions>
          <ns3:TrackPointExtension>
            <ns3:hr>172</ns3:hr>
            <ns3:cad>88</ns3:cad>
          </ns3:TrackPointExtension>
        </extensions>
      </trkpt>
      <trkpt lat="41.25875369645655155181884765625" lon="115.12384288944303989410400390625">
        <ele>1595.800048828125</ele>
        <time>2026-06-13T03:42:16.000Z</time>
        <extensions>
          <ns3:TrackPointExtension>
            <ns3:hr>172</ns3:hr>
            <ns3:cad>88</ns3:cad>
          </ns3:TrackPointExtension>
        </extensions>
      </trkpt>
      <trkpt lat="41.2587784230709075927734375" lon="115.12384473346173763275146484375">
        <ele>1596.199951171875</ele>
        <time>2026-06-13T03:42:17.000Z</time>
        <extensions>
          <ns3:TrackPointExtension>
            <ns3:hr>172</ns3:hr>
            <ns3:cad>88</ns3:cad>
          </ns3:TrackPointExtension>
        </extensions>
      </trkpt>
      <trkpt lat="41.258789487183094024658203125" lon="115.123848505318164825439453125">
        <ele>1596.4000244140625</ele>
        <time>2026-06-13T03:42:18.000Z</time>
        <extensions>
          <ns3:TrackPointExtension>
            <ns3:hr>172</ns3:hr>
            <ns3:cad>88</ns3:cad>
          </ns3:TrackPointExtension>
        </extensions>
      </trkpt>
      <trkpt lat="41.2588111124932765960693359375" lon="115.1238520257174968719482421875">
        <ele>1596.800048828125</ele>
        <time>2026-06-13T03:42:19.000Z</time>
        <extensions>
          <ns3:TrackPointExtension>
            <ns3:hr>172</ns3:hr>
            <ns3:cad>88</ns3:cad>
          </ns3:TrackPointExtension>
        </extensions>
      </trkpt>
      <trkpt lat="41.2588238529860973358154296875" lon="115.1238562166690826416015625">
        <ele>1597</ele>
        <time>2026-06-13T03:42:20.000Z</time>
        <extensions>
          <ns3:TrackPointExtension>
            <ns3:hr>172</ns3:hr>
            <ns3:cad>88</ns3:cad>
          </ns3:TrackPointExtension>
        </extensions>
      </trkpt>
      <trkpt lat="41.2588426284492015838623046875" lon="115.123859904706478118896484375">
        <ele>1597.4000244140625</ele>
        <time>2026-06-13T03:42:21.000Z</time>
        <extensions>
          <ns3:TrackPointExtension>
            <ns3:hr>172</ns3:hr>
            <ns3:cad>88</ns3:cad>
          </ns3:TrackPointExtension>
        </extensions>
      </trkpt>
      <trkpt lat="41.25885914079844951629638671875" lon="115.123857893049716949462890625">
        <ele>1597.5999755859375</ele>
        <time>2026-06-13T03:42:22.000Z</time>
        <extensions>
          <ns3:TrackPointExtension>
            <ns3:hr>172</ns3:hr>
            <ns3:cad>88</ns3:cad>
          </ns3:TrackPointExtension>
        </extensions>
      </trkpt>
      <trkpt lat="41.25887271948158740997314453125" lon="115.12386132963001728057861328125">
        <ele>1598</ele>
        <time>2026-06-13T03:42:23.000Z</time>
        <extensions>
          <ns3:TrackPointExtension>
            <ns3:hr>171</ns3:hr>
            <ns3:cad>88</ns3:cad>
          </ns3:TrackPointExtension>
        </extensions>
      </trkpt>
      <trkpt lat="41.25888881273567676544189453125" lon="115.12386116199195384979248046875">
        <ele>1598.199951171875</ele>
        <time>2026-06-13T03:42:24.000Z</time>
        <extensions>
          <ns3:TrackPointExtension>
            <ns3:hr>171</ns3:hr>
            <ns3:cad>88</ns3:cad>
          </ns3:TrackPointExtension>
        </extensions>
      </trkpt>
      <trkpt lat="41.25890172086656093597412109375" lon="115.12386317364871501922607421875">
        <ele>1598.4000244140625</ele>
        <time>2026-06-13T03:42:25.000Z</time>
        <extensions>
          <ns3:TrackPointExtension>
            <ns3:hr>171</ns3:hr>
            <ns3:cad>88</ns3:cad>
          </ns3:TrackPointExtension>
        </extensions>
      </trkpt>
      <trkpt lat="41.258916556835174560546875" lon="115.1238684542477130889892578125">
        <ele>1598.5999755859375</ele>
        <time>2026-06-13T03:42:26.000Z</time>
        <extensions>
          <ns3:TrackPointExtension>
            <ns3:hr>171</ns3:hr>
            <ns3:cad>88</ns3:cad>
          </ns3:TrackPointExtension>
        </extensions>
      </trkpt>
      <trkpt lat="41.2589294649660587310791015625" lon="115.12387474067509174346923828125">
        <ele>1598.800048828125</ele>
        <time>2026-06-13T03:42:27.000Z</time>
        <extensions>
          <ns3:TrackPointExtension>
            <ns3:hr>172</ns3:hr>
            <ns3:cad>88</ns3:cad>
          </ns3:TrackPointExtension>
        </extensions>
      </trkpt>
      <trkpt lat="41.25894631259143352508544921875" lon="115.1238832063972949981689453125">
        <ele>1599.199951171875</ele>
        <time>2026-06-13T03:42:28.000Z</time>
        <extensions>
          <ns3:TrackPointExtension>
            <ns3:hr>171</ns3:hr>
            <ns3:cad>88</ns3:cad>
          </ns3:TrackPointExtension>
        </extensions>
      </trkpt>
      <trkpt lat="41.25895922072231769561767578125" lon="115.1238848827779293060302734375">
        <ele>1599.4000244140625</ele>
        <time>2026-06-13T03:42:29.000Z</time>
        <extensions>
          <ns3:TrackPointExtension>
            <ns3:hr>171</ns3:hr>
            <ns3:cad>88</ns3:cad>
          </ns3:TrackPointExtension>
        </extensions>
      </trkpt>
      <trkpt lat="41.25897598452866077423095703125" lon="115.123888067901134490966796875">
        <ele>1599.5999755859375</ele>
        <time>2026-06-13T03:42:30.000Z</time>
        <extensions>
          <ns3:TrackPointExtension>
            <ns3:hr>171</ns3:hr>
            <ns3:cad>88</ns3:cad>
          </ns3:TrackPointExtension>
        </extensions>
      </trkpt>
      <trkpt lat="41.25899308361113071441650390625" lon="115.12389083392918109893798828125">
        <ele>1600</ele>
        <time>2026-06-13T03:42:31.000Z</time>
        <extensions>
          <ns3:TrackPointExtension>
            <ns3:hr>172</ns3:hr>
            <ns3:cad>87</ns3:cad>
          </ns3:TrackPointExtension>
        </extensions>
      </trkpt>
      <trkpt lat="41.25900783576071262359619140625" lon="115.12389183975756168365478515625">
        <ele>1600.4000244140625</ele>
        <time>2026-06-13T03:42:32.000Z</time>
        <extensions>
          <ns3:TrackPointExtension>
            <ns3:hr>171</ns3:hr>
            <ns3:cad>87</ns3:cad>
          </ns3:TrackPointExtension>
        </extensions>
      </trkpt>
      <trkpt lat="41.25902652740478515625" lon="115.12389401905238628387451171875">
        <ele>1600.5999755859375</ele>
        <time>2026-06-13T03:42:33.000Z</time>
        <extensions>
          <ns3:TrackPointExtension>
            <ns3:hr>171</ns3:hr>
            <ns3:cad>87</ns3:cad>
          </ns3:TrackPointExtension>
        </extensions>
      </trkpt>
      <trkpt lat="41.259042285382747650146484375" lon="115.12389888055622577667236328125">
        <ele>1601</ele>
        <time>2026-06-13T03:42:34.000Z</time>
        <extensions>
          <ns3:TrackPointExtension>
            <ns3:hr>171</ns3:hr>
            <ns3:cad>87</ns3:cad>
          </ns3:TrackPointExtension>
        </extensions>
      </trkpt>
      <trkpt lat="41.25906215049326419830322265625" lon="115.12390248477458953857421875">
        <ele>1601.199951171875</ele>
        <time>2026-06-13T03:42:35.000Z</time>
        <extensions>
          <ns3:TrackPointExtension>
            <ns3:hr>171</ns3:hr>
            <ns3:cad>87</ns3:cad>
          </ns3:TrackPointExtension>
        </extensions>
      </trkpt>
      <trkpt lat="41.2590726278722286224365234375" lon="115.12390927411615848541259765625">
        <ele>1601.5999755859375</ele>
        <time>2026-06-13T03:42:36.000Z</time>
        <extensions>
          <ns3:TrackPointExtension>
            <ns3:hr>171</ns3:hr>
            <ns3:cad>86</ns3:cad>
          </ns3:TrackPointExtension>
        </extensions>
      </trkpt>
      <trkpt lat="41.259093917906284332275390625" lon="115.12391396798193454742431640625">
        <ele>1602</ele>
        <time>2026-06-13T03:42:37.000Z</time>
        <extensions>
          <ns3:TrackPointExtension>
            <ns3:hr>171</ns3:hr>
            <ns3:cad>86</ns3:cad>
          </ns3:TrackPointExtension>
        </extensions>
      </trkpt>
      <trkpt lat="41.25910875387489795684814453125" lon="115.1239261217415332794189453125">
        <ele>1602.4000244140625</ele>
        <time>2026-06-13T03:42:38.000Z</time>
        <extensions>
          <ns3:TrackPointExtension>
            <ns3:hr>171</ns3:hr>
            <ns3:cad>87</ns3:cad>
          </ns3:TrackPointExtension>
        </extensions>
      </trkpt>
      <trkpt lat="41.25912685878574848175048828125" lon="115.123931653797626495361328125">
        <ele>1602.5999755859375</ele>
        <time>2026-06-13T03:42:39.000Z</time>
        <extensions>
          <ns3:TrackPointExtension>
            <ns3:hr>171</ns3:hr>
            <ns3:cad>87</ns3:cad>
          </ns3:TrackPointExtension>
        </extensions>
      </trkpt>
      <trkpt lat="41.2591403536498546600341796875" lon="115.12393106706440448760986328125">
        <ele>1603</ele>
        <time>2026-06-13T03:42:40.000Z</time>
        <extensions>
          <ns3:TrackPointExtension>
            <ns3:hr>171</ns3:hr>
            <ns3:cad>87</ns3:cad>
          </ns3:TrackPointExtension>
        </extensions>
      </trkpt>
      <trkpt lat="41.25915586017072200775146484375" lon="115.12393643148243427276611328125">
        <ele>1603.4000244140625</ele>
        <time>2026-06-13T03:42:41.000Z</time>
        <extensions>
          <ns3:TrackPointExtension>
            <ns3:hr>171</ns3:hr>
            <ns3:cad>87</ns3:cad>
          </ns3:TrackPointExtension>
        </extensions>
      </trkpt>
      <trkpt lat="41.2591732107102870941162109375" lon="115.12393693439662456512451171875">
        <ele>1603.800048828125</ele>
        <time>2026-06-13T03:42:42.000Z</time>
        <extensions>
          <ns3:TrackPointExtension>
            <ns3:hr>171</ns3:hr>
            <ns3:cad>87</ns3:cad>
          </ns3:TrackPointExtension>
        </extensions>
      </trkpt>
      <trkpt lat="41.259191147983074188232421875" lon="115.12394196353852748870849609375">
        <ele>1604</ele>
        <time>2026-06-13T03:42:43.000Z</time>
        <extensions>
          <ns3:TrackPointExtension>
            <ns3:hr>170</ns3:hr>
            <ns3:cad>87</ns3:cad>
          </ns3:TrackPointExtension>
        </extensions>
      </trkpt>
      <trkpt lat="41.2592074088752269744873046875" lon="115.12394011951982975006103515625">
        <ele>1604.199951171875</ele>
        <time>2026-06-13T03:42:44.000Z</time>
        <extensions>
          <ns3:TrackPointExtension>
            <ns3:hr>171</ns3:hr>
            <ns3:cad>87</ns3:cad>
          </ns3:TrackPointExtension>
        </extensions>
      </trkpt>
      <trkpt lat="41.2592208199203014373779296875" lon="115.1239482499659061431884765625">
        <ele>1604.5999755859375</ele>
        <time>2026-06-13T03:42:45.000Z</time>
        <extensions>
          <ns3:TrackPointExtension>
            <ns3:hr>171</ns3:hr>
            <ns3:cad>88</ns3:cad>
          </ns3:TrackPointExtension>
        </extensions>
      </trkpt>
      <trkpt lat="41.25923984684050083160400390625" lon="115.12394514866173267364501953125">
        <ele>1605</ele>
        <time>2026-06-13T03:42:46.000Z</time>
        <extensions>
          <ns3:TrackPointExtension>
            <ns3:hr>171</ns3:hr>
            <ns3:cad>88</ns3:cad>
          </ns3:TrackPointExtension>
        </extensions>
      </trkpt>
      <trkpt lat="41.25925174914300441741943359375" lon="115.12395185418426990509033203125">
        <ele>1605.199951171875</ele>
        <time>2026-06-13T03:42:47.000Z</time>
        <extensions>
          <ns3:TrackPointExtension>
            <ns3:hr>171</ns3:hr>
            <ns3:cad>88</ns3:cad>
          </ns3:TrackPointExtension>
        </extensions>
      </trkpt>
      <trkpt lat="41.25926859676837921142578125" lon="115.12395688332617282867431640625">
        <ele>1605.5999755859375</ele>
        <time>2026-06-13T03:42:48.000Z</time>
        <extensions>
          <ns3:TrackPointExtension>
            <ns3:hr>171</ns3:hr>
            <ns3:cad>88</ns3:cad>
          </ns3:TrackPointExtension>
        </extensions>
      </trkpt>
      <trkpt lat="41.2592811696231365203857421875" lon="115.1239589788019657135009765625">
        <ele>1606</ele>
        <time>2026-06-13T03:42:49.000Z</time>
        <extensions>
          <ns3:TrackPointExtension>
            <ns3:hr>170</ns3:hr>
            <ns3:cad>88</ns3:cad>
          </ns3:TrackPointExtension>
        </extensions>
      </trkpt>
      <trkpt lat="41.259297430515289306640625" lon="115.1239633373916149139404296875">
        <ele>1606.4000244140625</ele>
        <time>2026-06-13T03:42:50.000Z</time>
        <extensions>
          <ns3:TrackPointExtension>
            <ns3:hr>170</ns3:hr>
            <ns3:cad>88</ns3:cad>
          </ns3:TrackPointExtension>
        </extensions>
      </trkpt>
      <trkpt lat="41.259313859045505523681640625" lon="115.12396392412483692169189453125">
        <ele>1606.5999755859375</ele>
        <time>2026-06-13T03:42:51.000Z</time>
        <extensions>
          <ns3:TrackPointExtension>
            <ns3:hr>170</ns3:hr>
            <ns3:cad>87</ns3:cad>
          </ns3:TrackPointExtension>
        </extensions>
      </trkpt>
      <trkpt lat="41.259330622851848602294921875" lon="115.1239690370857715606689453125">
        <ele>1606.800048828125</ele>
        <time>2026-06-13T03:42:52.000Z</time>
        <extensions>
          <ns3:TrackPointExtension>
            <ns3:hr>170</ns3:hr>
            <ns3:cad>87</ns3:cad>
          </ns3:TrackPointExtension>
        </extensions>
      </trkpt>
      <trkpt lat="41.25934830866754055023193359375" lon="115.12397381477057933807373046875">
        <ele>1607.199951171875</ele>
        <time>2026-06-13T03:42:53.000Z</time>
        <extensions>
          <ns3:TrackPointExtension>
            <ns3:hr>170</ns3:hr>
            <ns3:cad>86</ns3:cad>
          </ns3:TrackPointExtension>
        </extensions>
      </trkpt>
      <trkpt lat="41.25935903750360012054443359375" lon="115.12398119084537029266357421875">
        <ele>1607.4000244140625</ele>
        <time>2026-06-13T03:42:54.000Z</time>
        <extensions>
          <ns3:TrackPointExtension>
            <ns3:hr>169</ns3:hr>
            <ns3:cad>85</ns3:cad>
          </ns3:TrackPointExtension>
        </extensions>
      </trkpt>
      <trkpt lat="41.2593792378902435302734375" lon="115.1239841245114803314208984375">
        <ele>1607.5999755859375</ele>
        <time>2026-06-13T03:42:55.000Z</time>
        <extensions>
          <ns3:TrackPointExtension>
            <ns3:hr>169</ns3:hr>
            <ns3:cad>85</ns3:cad>
          </ns3:TrackPointExtension>
        </extensions>
      </trkpt>
      <trkpt lat="41.2593901343643665313720703125" lon="115.12398621998727321624755859375">
        <ele>1608</ele>
        <time>2026-06-13T03:42:56.000Z</time>
        <extensions>
          <ns3:TrackPointExtension>
            <ns3:hr>169</ns3:hr>
            <ns3:cad>86</ns3:cad>
          </ns3:TrackPointExtension>
        </extensions>
      </trkpt>
      <trkpt lat="41.259405054152011871337890625" lon="115.123992674052715301513671875">
        <ele>1608.4000244140625</ele>
        <time>2026-06-13T03:42:57.000Z</time>
        <extensions>
          <ns3:TrackPointExtension>
            <ns3:hr>169</ns3:hr>
            <ns3:cad>86</ns3:cad>
          </ns3:TrackPointExtension>
        </extensions>
      </trkpt>
      <trkpt lat="41.25942341051995754241943359375" lon="115.12398990802466869354248046875">
        <ele>1608.800048828125</ele>
        <time>2026-06-13T03:42:58.000Z</time>
        <extensions>
          <ns3:TrackPointExtension>
            <ns3:hr>169</ns3:hr>
            <ns3:cad>86</ns3:cad>
          </ns3:TrackPointExtension>
        </extensions>
      </trkpt>
      <trkpt lat="41.25943355262279510498046875" lon="115.12399728409945964813232421875">
        <ele>1609.199951171875</ele>
        <time>2026-06-13T03:42:59.000Z</time>
        <extensions>
          <ns3:TrackPointExtension>
            <ns3:hr>169</ns3:hr>
            <ns3:cad>86</ns3:cad>
          </ns3:TrackPointExtension>
        </extensions>
      </trkpt>
      <trkpt lat="41.25944972969591617584228515625" lon="115.12400533072650432586669921875">
        <ele>1609.5999755859375</ele>
        <time>2026-06-13T03:43:00.000Z</time>
        <extensions>
          <ns3:TrackPointExtension>
            <ns3:hr>169</ns3:hr>
            <ns3:cad>86</ns3:cad>
          </ns3:TrackPointExtension>
        </extensions>
      </trkpt>
      <trkpt lat="41.2594618834555149078369140625" lon="115.12400968931615352630615234375">
        <ele>1609.800048828125</ele>
        <time>2026-06-13T03:43:01.000Z</time>
        <extensions>
          <ns3:TrackPointExtension>
            <ns3:hr>169</ns3:hr>
            <ns3:cad>86</ns3:cad>
          </ns3:TrackPointExtension>
        </extensions>
      </trkpt>
      <trkpt lat="41.25948107801377773284912109375" lon="115.124013461172580718994140625">
        <ele>1610.199951171875</ele>
        <time>2026-06-13T03:43:02.000Z</time>
        <extensions>
          <ns3:TrackPointExtension>
            <ns3:hr>169</ns3:hr>
            <ns3:cad>83</ns3:cad>
          </ns3:TrackPointExtension>
        </extensions>
      </trkpt>
      <trkpt lat="41.25949750654399394989013671875" lon="115.12401245534420013427734375">
        <ele>1610.5999755859375</ele>
        <time>2026-06-13T03:43:03.000Z</time>
        <extensions>
          <ns3:TrackPointExtension>
            <ns3:hr>168</ns3:hr>
            <ns3:cad>83</ns3:cad>
          </ns3:TrackPointExtension>
        </extensions>
      </trkpt>
      <trkpt lat="41.2595074810087680816650390625" lon="115.124022178351879119873046875">
        <ele>1611</ele>
        <time>2026-06-13T03:43:04.000Z</time>
        <extensions>
          <ns3:TrackPointExtension>
            <ns3:hr>168</ns3:hr>
            <ns3:cad>83</ns3:cad>
          </ns3:TrackPointExtension>
        </extensions>
      </trkpt>
      <trkpt lat="41.25952784903347492218017578125" lon="115.124028213322162628173828125">
        <ele>1611.4000244140625</ele>
        <time>2026-06-13T03:43:05.000Z</time>
        <extensions>
          <ns3:TrackPointExtension>
            <ns3:hr>168</ns3:hr>
            <ns3:cad>83</ns3:cad>
          </ns3:TrackPointExtension>
        </extensions>
      </trkpt>
      <trkpt lat="41.259539164602756500244140625" lon="115.12402930296957492828369140625">
        <ele>1611.800048828125</ele>
        <time>2026-06-13T03:43:06.000Z</time>
        <extensions>
          <ns3:TrackPointExtension>
            <ns3:hr>168</ns3:hr>
            <ns3:cad>83</ns3:cad>
          </ns3:TrackPointExtension>
        </extensions>
      </trkpt>
      <trkpt lat="41.25955601222813129425048828125" lon="115.12403517030179500579833984375">
        <ele>1612</ele>
        <time>2026-06-13T03:43:07.000Z</time>
        <extensions>
          <ns3:TrackPointExtension>
            <ns3:hr>168</ns3:hr>
            <ns3:cad>85</ns3:cad>
          </ns3:TrackPointExtension>
        </extensions>
      </trkpt>
      <trkpt lat="41.25957277603447437286376953125" lon="115.12403718195855617523193359375">
        <ele>1612.4000244140625</ele>
        <time>2026-06-13T03:43:08.000Z</time>
        <extensions>
          <ns3:TrackPointExtension>
            <ns3:hr>168</ns3:hr>
            <ns3:cad>85</ns3:cad>
          </ns3:TrackPointExtension>
        </extensions>
      </trkpt>
      <trkpt lat="41.2595829181373119354248046875" lon="115.12404598295688629150390625">
        <ele>1612.800048828125</ele>
        <time>2026-06-13T03:43:09.000Z</time>
        <extensions>
          <ns3:TrackPointExtension>
            <ns3:hr>168</ns3:hr>
            <ns3:cad>85</ns3:cad>
          </ns3:TrackPointExtension>
        </extensions>
      </trkpt>
      <trkpt lat="41.259602867066860198974609375" lon="115.12404673732817173004150390625">
        <ele>1613</ele>
        <time>2026-06-13T03:43:10.000Z</time>
        <extensions>
          <ns3:TrackPointExtension>
            <ns3:hr>168</ns3:hr>
            <ns3:cad>82</ns3:cad>
          </ns3:TrackPointExtension>
        </extensions>
      </trkpt>
      <trkpt lat="41.2596110813319683074951171875" lon="115.12405461631715297698974609375">
        <ele>1613.4000244140625</ele>
        <time>2026-06-13T03:43:11.000Z</time>
        <extensions>
          <ns3:TrackPointExtension>
            <ns3:hr>167</ns3:hr>
            <ns3:cad>82</ns3:cad>
          </ns3:TrackPointExtension>
        </extensions>
      </trkpt>
      <trkpt lat="41.25963161699473857879638671875" lon="115.1240642555058002471923828125">
        <ele>1613.5999755859375</ele>
        <time>2026-06-13T03:43:12.000Z</time>
        <extensions>
          <ns3:TrackPointExtension>
            <ns3:hr>167</ns3:hr>
            <ns3:cad>82</ns3:cad>
          </ns3:TrackPointExtension>
        </extensions>
      </trkpt>
      <trkpt lat="41.25964318402111530303955078125" lon="115.12407003901898860931396484375">
        <ele>1614</ele>
        <time>2026-06-13T03:43:13.000Z</time>
        <extensions>
          <ns3:TrackPointExtension>
            <ns3:hr>167</ns3:hr>
            <ns3:cad>82</ns3:cad>
          </ns3:TrackPointExtension>
        </extensions>
      </trkpt>
      <trkpt lat="41.25966028310358524322509765625" lon="115.12408076785504817962646484375">
        <ele>1614.4000244140625</ele>
        <time>2026-06-13T03:43:14.000Z</time>
        <extensions>
          <ns3:TrackPointExtension>
            <ns3:hr>167</ns3:hr>
            <ns3:cad>82</ns3:cad>
          </ns3:TrackPointExtension>
        </extensions>
      </trkpt>
      <trkpt lat="41.2596757896244525909423828125" lon="115.1240887306630611419677734375">
        <ele>1614.5999755859375</ele>
        <time>2026-06-13T03:43:15.000Z</time>
        <extensions>
          <ns3:TrackPointExtension>
            <ns3:hr>167</ns3:hr>
            <ns3:cad>82</ns3:cad>
          </ns3:TrackPointExtension>
        </extensions>
      </trkpt>
      <trkpt lat="41.25968961976468563079833984375" lon="115.12409853748977184295654296875">
        <ele>1615</ele>
        <time>2026-06-13T03:43:16.000Z</time>
        <extensions>
          <ns3:TrackPointExtension>
            <ns3:hr>167</ns3:hr>
            <ns3:cad>87</ns3:cad>
          </ns3:TrackPointExtension>
        </extensions>
      </trkpt>
      <trkpt lat="41.25970705412328243255615234375" lon="115.12410272844135761260986328125">
        <ele>1615.199951171875</ele>
        <time>2026-06-13T03:43:17.000Z</time>
        <extensions>
          <ns3:TrackPointExtension>
            <ns3:hr>167</ns3:hr>
            <ns3:cad>87</ns3:cad>
          </ns3:TrackPointExtension>
        </extensions>
      </trkpt>
      <trkpt lat="41.25971786677837371826171875" lon="115.12411848641932010650634765625">
        <ele>1615.4000244140625</ele>
        <time>2026-06-13T03:43:18.000Z</time>
        <extensions>
          <ns3:TrackPointExtension>
            <ns3:hr>167</ns3:hr>
            <ns3:cad>87</ns3:cad>
          </ns3:TrackPointExtension>
        </extensions>
      </trkpt>
      <trkpt lat="41.25973253510892391204833984375" lon="115.12413541786372661590576171875">
        <ele>1615.5999755859375</ele>
        <time>2026-06-13T03:43:19.000Z</time>
        <extensions>
          <ns3:TrackPointExtension>
            <ns3:hr>167</ns3:hr>
            <ns3:cad>87</ns3:cad>
          </ns3:TrackPointExtension>
        </extensions>
      </trkpt>
      <trkpt lat="41.25974661670625209808349609375" lon="115.1241524331271648406982421875">
        <ele>1615.5999755859375</ele>
        <time>2026-06-13T03:43:20.000Z</time>
        <extensions>
          <ns3:TrackPointExtension>
            <ns3:hr>166</ns3:hr>
            <ns3:cad>87</ns3:cad>
          </ns3:TrackPointExtension>
        </extensions>
      </trkpt>
      <trkpt lat="41.259763129055500030517578125" lon="115.1241705380380153656005859375">
        <ele>1616</ele>
        <time>2026-06-13T03:43:21.000Z</time>
        <extensions>
          <ns3:TrackPointExtension>
            <ns3:hr>167</ns3:hr>
            <ns3:cad>87</ns3:cad>
          </ns3:TrackPointExtension>
        </extensions>
      </trkpt>
      <trkpt lat="41.25977545045316219329833984375" lon="115.12419207952916622161865234375">
        <ele>1616.199951171875</ele>
        <time>2026-06-13T03:43:22.000Z</time>
        <extensions>
          <ns3:TrackPointExtension>
            <ns3:hr>166</ns3:hr>
            <ns3:cad>89</ns3:cad>
          </ns3:TrackPointExtension>
        </extensions>
      </trkpt>
      <trkpt lat="41.2597884424030780792236328125" lon="115.1242080889642238616943359375">
        <ele>1616.4000244140625</ele>
        <time>2026-06-13T03:43:23.000Z</time>
        <extensions>
          <ns3:TrackPointExtension>
            <ns3:hr>166</ns3:hr>
            <ns3:cad>90</ns3:cad>
          </ns3:TrackPointExtension>
        </extensions>
      </trkpt>
      <trkpt lat="41.259797997772693634033203125" lon="115.12422678060829639434814453125">
        <ele>1616.5999755859375</ele>
        <time>2026-06-13T03:43:24.000Z</time>
        <extensions>
          <ns3:TrackPointExtension>
            <ns3:hr>166</ns3:hr>
            <ns3:cad>90</ns3:cad>
          </ns3:TrackPointExtension>
        </extensions>
      </trkpt>
      <trkpt lat="41.2598102353513240814208984375" lon="115.12424287386238574981689453125">
        <ele>1616.800048828125</ele>
        <time>2026-06-13T03:43:25.000Z</time>
        <extensions>
          <ns3:TrackPointExtension>
            <ns3:hr>166</ns3:hr>
            <ns3:cad>90</ns3:cad>
          </ns3:TrackPointExtension>
        </extensions>
      </trkpt>
      <trkpt lat="41.25982473604381084442138671875" lon="115.12426718138158321380615234375">
        <ele>1617</ele>
        <time>2026-06-13T03:43:26.000Z</time>
        <extensions>
          <ns3:TrackPointExtension>
            <ns3:hr>166</ns3:hr>
            <ns3:cad>90</ns3:cad>
          </ns3:TrackPointExtension>
        </extensions>
      </trkpt>
      <trkpt lat="41.25982758589088916778564453125" lon="115.12428578920662403106689453125">
        <ele>1617</ele>
        <time>2026-06-13T03:43:27.000Z</time>
        <extensions>
          <ns3:TrackPointExtension>
            <ns3:hr>166</ns3:hr>
            <ns3:cad>90</ns3:cad>
          </ns3:TrackPointExtension>
        </extensions>
      </trkpt>
      <trkpt lat="41.25983948819339275360107421875" lon="115.12431127019226551055908203125">
        <ele>1617.199951171875</ele>
        <time>2026-06-13T03:43:28.000Z</time>
        <extensions>
          <ns3:TrackPointExtension>
            <ns3:hr>166</ns3:hr>
            <ns3:cad>90</ns3:cad>
          </ns3:TrackPointExtension>
        </extensions>
      </trkpt>
      <trkpt lat="41.2598447687923908233642578125" lon="115.12433105148375034332275390625">
        <ele>1617.4000244140625</ele>
        <time>2026-06-13T03:43:29.000Z</time>
        <extensions>
          <ns3:TrackPointExtension>
            <ns3:hr>166</ns3:hr>
            <ns3:cad>90</ns3:cad>
          </ns3:TrackPointExtension>
        </extensions>
      </trkpt>
      <trkpt lat="41.2598598562180995941162109375" lon="115.1243592984974384307861328125">
        <ele>1617.5999755859375</ele>
        <time>2026-06-13T03:43:30.000Z</time>
        <extensions>
          <ns3:TrackPointExtension>
            <ns3:hr>166</ns3:hr>
            <ns3:cad>90</ns3:cad>
          </ns3:TrackPointExtension>
        </extensions>
      </trkpt>
      <trkpt lat="41.2598679028451442718505859375" lon="115.124382935464382171630859375">
        <ele>1617.5999755859375</ele>
        <time>2026-06-13T03:43:31.000Z</time>
        <extensions>
          <ns3:TrackPointExtension>
            <ns3:hr>166</ns3:hr>
            <ns3:cad>92</ns3:cad>
          </ns3:TrackPointExtension>
        </extensions>
      </trkpt>
      <trkpt lat="41.25987586565315723419189453125" lon="115.1244112662971019744873046875">
        <ele>1617.800048828125</ele>
        <time>2026-06-13T03:43:32.000Z</time>
        <extensions>
          <ns3:TrackPointExtension>
            <ns3:hr>166</ns3:hr>
            <ns3:cad>93</ns3:cad>
          </ns3:TrackPointExtension>
        </extensions>
      </trkpt>
      <trkpt lat="41.25988659448921680450439453125" lon="115.1244441233575344085693359375">
        <ele>1618</ele>
        <time>2026-06-13T03:43:33.000Z</time>
        <extensions>
          <ns3:TrackPointExtension>
            <ns3:hr>166</ns3:hr>
            <ns3:cad>93</ns3:cad>
          </ns3:TrackPointExtension>
        </extensions>
      </trkpt>
      <trkpt lat="41.259887181222438812255859375" lon="115.12446985580027103424072265625">
        <ele>1618.199951171875</ele>
        <time>2026-06-13T03:43:34.000Z</time>
        <extensions>
          <ns3:TrackPointExtension>
            <ns3:hr>167</ns3:hr>
            <ns3:cad>95</ns3:cad>
          </ns3:TrackPointExtension>
        </extensions>
      </trkpt>
      <trkpt lat="41.2599007599055767059326171875" lon="115.12450288049876689910888671875">
        <ele>1618.199951171875</ele>
        <time>2026-06-13T03:43:35.000Z</time>
        <extensions>
          <ns3:TrackPointExtension>
            <ns3:hr>167</ns3:hr>
            <ns3:cad>95</ns3:cad>
          </ns3:TrackPointExtension>
        </extensions>
      </trkpt>
      <trkpt lat="41.25990687869489192962646484375" lon="115.124533474445343017578125">
        <ele>1618.4000244140625</ele>
        <time>2026-06-13T03:43:36.000Z</time>
        <extensions>
          <ns3:TrackPointExtension>
            <ns3:hr>167</ns3:hr>
            <ns3:cad>95</ns3:cad>
          </ns3:TrackPointExtension>
        </extensions>
      </trkpt>
      <trkpt lat="41.25991391949355602264404296875" lon="115.12455685995519161224365234375">
        <ele>1618.5999755859375</ele>
        <time>2026-06-13T03:43:37.000Z</time>
        <extensions>
          <ns3:TrackPointExtension>
            <ns3:hr>167</ns3:hr>
            <ns3:cad>95</ns3:cad>
          </ns3:TrackPointExtension>
        </extensions>
      </trkpt>
      <trkpt lat="41.25992397777736186981201171875" lon="115.124589465558528900146484375">
        <ele>1618.800048828125</ele>
        <time>2026-06-13T03:43:38.000Z</time>
        <extensions>
          <ns3:TrackPointExtension>
            <ns3:hr>168</ns3:hr>
            <ns3:cad>96</ns3:cad>
          </ns3:TrackPointExtension>
        </extensions>
      </trkpt>
      <trkpt lat="41.25992565415799617767333984375" lon="115.12461620382964611053466796875">
        <ele>1619</ele>
        <time>2026-06-13T03:43:39.000Z</time>
        <extensions>
          <ns3:TrackPointExtension>
            <ns3:hr>168</ns3:hr>
            <ns3:cad>97</ns3:cad>
          </ns3:TrackPointExtension>
        </extensions>
      </trkpt>
      <trkpt lat="41.25993185676634311676025390625" lon="115.1246493123471736907958984375">
        <ele>1619.199951171875</ele>
        <time>2026-06-13T03:43:40.000Z</time>
        <extensions>
          <ns3:TrackPointExtension>
            <ns3:hr>168</ns3:hr>
            <ns3:cad>97</ns3:cad>
          </ns3:TrackPointExtension>
        </extensions>
      </trkpt>
      <trkpt lat="41.259940154850482940673828125" lon="115.12468392960727214813232421875">
        <ele>1619.199951171875</ele>
        <time>2026-06-13T03:43:41.000Z</time>
        <extensions>
          <ns3:TrackPointExtension>
            <ns3:hr>169</ns3:hr>
            <ns3:cad>97</ns3:cad>
          </ns3:TrackPointExtension>
        </extensions>
      </trkpt>
      <trkpt lat="41.25994442962110042572021484375" lon="115.12471427209675312042236328125">
        <ele>1619.4000244140625</ele>
        <time>2026-06-13T03:43:42.000Z</time>
        <extensions>
          <ns3:TrackPointExtension>
            <ns3:hr>169</ns3:hr>
            <ns3:cad>97</ns3:cad>
          </ns3:TrackPointExtension>
        </extensions>
      </trkpt>
      <trkpt lat="41.25995012931525707244873046875" lon="115.12474696151912212371826171875">
        <ele>1619.4000244140625</ele>
        <time>2026-06-13T03:43:43.000Z</time>
        <extensions>
          <ns3:TrackPointExtension>
            <ns3:hr>169</ns3:hr>
            <ns3:cad>97</ns3:cad>
          </ns3:TrackPointExtension>
        </extensions>
      </trkpt>
      <trkpt lat="41.25995331443846225738525390625" lon="115.1247787289321422576904296875">
        <ele>1619.5999755859375</ele>
        <time>2026-06-13T03:43:44.000Z</time>
        <extensions>
          <ns3:TrackPointExtension>
            <ns3:hr>170</ns3:hr>
            <ns3:cad>96</ns3:cad>
          </ns3:TrackPointExtension>
        </extensions>
      </trkpt>
      <trkpt lat="41.259958259761333465576171875" lon="115.124807395040988922119140625">
        <ele>1619.800048828125</ele>
        <time>2026-06-13T03:43:45.000Z</time>
        <extensions>
          <ns3:TrackPointExtension>
            <ns3:hr>170</ns3:hr>
            <ns3:cad>96</ns3:cad>
          </ns3:TrackPointExtension>
        </extensions>
      </trkpt>
      <trkpt lat="41.25996739603579044342041015625" lon="115.1248384080827236175537109375">
        <ele>1620.199951171875</ele>
        <time>2026-06-13T03:43:46.000Z</time>
        <extensions>
          <ns3:TrackPointExtension>
            <ns3:hr>170</ns3:hr>
            <ns3:cad>96</ns3:cad>
          </ns3:TrackPointExtension>
        </extensions>
      </trkpt>
      <trkpt lat="41.259966976940631866455078125" lon="115.124866068363189697265625">
        <ele>1620.4000244140625</ele>
        <time>2026-06-13T03:43:47.000Z</time>
        <extensions>
          <ns3:TrackPointExtension>
            <ns3:hr>171</ns3:hr>
            <ns3:cad>99</ns3:cad>
          </ns3:TrackPointExtension>
        </extensions>
      </trkpt>
      <trkpt lat="41.25997477211058139801025390625" lon="115.12489900924265384674072265625">
        <ele>1620.800048828125</ele>
        <time>2026-06-13T03:43:48.000Z</time>
        <extensions>
          <ns3:TrackPointExtension>
            <ns3:hr>171</ns3:hr>
            <ns3:cad>99</ns3:cad>
          </ns3:TrackPointExtension>
        </extensions>
      </trkpt>
      <trkpt lat="41.25997963361442089080810546875" lon="115.124926753342151641845703125">
        <ele>1621.199951171875</ele>
        <time>2026-06-13T03:43:49.000Z</time>
        <extensions>
          <ns3:TrackPointExtension>
            <ns3:hr>171</ns3:hr>
            <ns3:cad>99</ns3:cad>
          </ns3:TrackPointExtension>
        </extensions>
      </trkpt>
      <trkpt lat="41.2599798850715160369873046875" lon="115.124956257641315460205078125">
        <ele>1621.4000244140625</ele>
        <time>2026-06-13T03:43:50.000Z</time>
        <extensions>
          <ns3:TrackPointExtension>
            <ns3:hr>172</ns3:hr>
            <ns3:cad>99</ns3:cad>
          </ns3:TrackPointExtension>
        </extensions>
      </trkpt>
      <trkpt lat="41.2599852494895458221435546875" lon="115.12499221600592136383056640625">
        <ele>1621.5999755859375</ele>
        <time>2026-06-13T03:43:51.000Z</time>
        <extensions>
          <ns3:TrackPointExtension>
            <ns3:hr>172</ns3:hr>
            <ns3:cad>99</ns3:cad>
          </ns3:TrackPointExtension>
        </extensions>
      </trkpt>
      <trkpt lat="41.25998751260340213775634765625" lon="115.12501903809607028961181640625">
        <ele>1621.800048828125</ele>
        <time>2026-06-13T03:43:52.000Z</time>
        <extensions>
          <ns3:TrackPointExtension>
            <ns3:hr>172</ns3:hr>
            <ns3:cad>99</ns3:cad>
          </ns3:TrackPointExtension>
        </extensions>
      </trkpt>
      <trkpt lat="41.25999011099338531494140625" lon="115.12505223043262958526611328125">
        <ele>1622</ele>
        <time>2026-06-13T03:43:53.000Z</time>
        <extensions>
          <ns3:TrackPointExtension>
            <ns3:hr>172</ns3:hr>
            <ns3:cad>97</ns3:cad>
          </ns3:TrackPointExtension>
        </extensions>
      </trkpt>
      <trkpt lat="41.25999254174530506134033203125" lon="115.12508257292211055755615234375">
        <ele>1622.199951171875</ele>
        <time>2026-06-13T03:43:54.000Z</time>
        <extensions>
          <ns3:TrackPointExtension>
            <ns3:hr>172</ns3:hr>
            <ns3:cad>97</ns3:cad>
          </ns3:TrackPointExtension>
        </extensions>
      </trkpt>
      <trkpt lat="41.259991116821765899658203125" lon="115.1251079700887203216552734375">
        <ele>1622.199951171875</ele>
        <time>2026-06-13T03:43:55.000Z</time>
        <extensions>
          <ns3:TrackPointExtension>
            <ns3:hr>172</ns3:hr>
            <ns3:cad>96</ns3:cad>
          </ns3:TrackPointExtension>
        </extensions>
      </trkpt>
      <trkpt lat="41.2599976547062397003173828125" lon="115.1251448504626750946044921875">
        <ele>1622.4000244140625</ele>
        <time>2026-06-13T03:43:56.000Z</time>
        <extensions>
          <ns3:TrackPointExtension>
            <ns3:hr>173</ns3:hr>
            <ns3:cad>96</ns3:cad>
          </ns3:TrackPointExtension>
        </extensions>
      </trkpt>
      <trkpt lat="41.2599993310868740081787109375" lon="115.1251713372766971588134765625">
        <ele>1622.5999755859375</ele>
        <time>2026-06-13T03:43:57.000Z</time>
        <extensions>
          <ns3:TrackPointExtension>
            <ns3:hr>173</ns3:hr>
            <ns3:cad>96</ns3:cad>
          </ns3:TrackPointExtension>
        </extensions>
      </trkpt>
      <trkpt lat="41.26000360585749149322509765625" lon="115.12520159594714641571044921875">
        <ele>1622.5999755859375</ele>
        <time>2026-06-13T03:43:58.000Z</time>
        <extensions>
          <ns3:TrackPointExtension>
            <ns3:hr>173</ns3:hr>
            <ns3:cad>96</ns3:cad>
          </ns3:TrackPointExtension>
        </extensions>
      </trkpt>
      <trkpt lat="41.26001249067485332489013671875" lon="115.1252347044646739959716796875">
        <ele>1622.800048828125</ele>
        <time>2026-06-13T03:43:59.000Z</time>
        <extensions>
          <ns3:TrackPointExtension>
            <ns3:hr>173</ns3:hr>
            <ns3:cad>96</ns3:cad>
          </ns3:TrackPointExtension>
        </extensions>
      </trkpt>
      <trkpt lat="41.26001399941742420196533203125" lon="115.12526077218353748321533203125">
        <ele>1622.800048828125</ele>
        <time>2026-06-13T03:44:00.000Z</time>
        <extensions>
          <ns3:TrackPointExtension>
            <ns3:hr>173</ns3:hr>
            <ns3:cad>96</ns3:cad>
          </ns3:TrackPointExtension>
        </extensions>
      </trkpt>
      <trkpt lat="41.26001919619739055633544921875" lon="115.125295221805572509765625">
        <ele>1623</ele>
        <time>2026-06-13T03:44:01.000Z</time>
        <extensions>
          <ns3:TrackPointExtension>
            <ns3:hr>173</ns3:hr>
            <ns3:cad>96</ns3:cad>
          </ns3:TrackPointExtension>
        </extensions>
      </trkpt>
      <trkpt lat="41.26002456061542034149169921875" lon="115.12532698921859264373779296875">
        <ele>1623.199951171875</ele>
        <time>2026-06-13T03:44:02.000Z</time>
        <extensions>
          <ns3:TrackPointExtension>
            <ns3:hr>173</ns3:hr>
            <ns3:cad>96</ns3:cad>
          </ns3:TrackPointExtension>
        </extensions>
      </trkpt>
      <trkpt lat="41.26002497971057891845703125" lon="115.12535615824162960052490234375">
        <ele>1623.199951171875</ele>
        <time>2026-06-13T03:44:03.000Z</time>
        <extensions>
          <ns3:TrackPointExtension>
            <ns3:hr>173</ns3:hr>
            <ns3:cad>97</ns3:cad>
          </ns3:TrackPointExtension>
        </extensions>
      </trkpt>
      <trkpt lat="41.26003461889922618865966796875" lon="115.12539513409137725830078125">
        <ele>1623.199951171875</ele>
        <time>2026-06-13T03:44:04.000Z</time>
        <extensions>
          <ns3:TrackPointExtension>
            <ns3:hr>173</ns3:hr>
            <ns3:cad>97</ns3:cad>
          </ns3:TrackPointExtension>
        </extensions>
      </trkpt>
      <trkpt lat="41.26003839075565338134765625" lon="115.12543201446533203125">
        <ele>1623.4000244140625</ele>
        <time>2026-06-13T03:44:05.000Z</time>
        <extensions>
          <ns3:TrackPointExtension>
            <ns3:hr>173</ns3:hr>
            <ns3:cad>97</ns3:cad>
          </ns3:TrackPointExtension>
        </extensions>
      </trkpt>
      <trkpt lat="41.260039396584033966064453125" lon="115.12546361424028873443603515625">
        <ele>1623.4000244140625</ele>
        <time>2026-06-13T03:44:06.000Z</time>
        <extensions>
          <ns3:TrackPointExtension>
            <ns3:hr>173</ns3:hr>
            <ns3:cad>98</ns3:cad>
          </ns3:TrackPointExtension>
        </extensions>
      </trkpt>
      <trkpt lat="41.26004802994430065155029296875" lon="115.1255032606422901153564453125">
        <ele>1623.5999755859375</ele>
        <time>2026-06-13T03:44:07.000Z</time>
        <extensions>
          <ns3:TrackPointExtension>
            <ns3:hr>173</ns3:hr>
            <ns3:cad>98</ns3:cad>
          </ns3:TrackPointExtension>
        </extensions>
      </trkpt>
      <trkpt lat="41.260050125420093536376953125" lon="115.12553502805531024932861328125">
        <ele>1623.5999755859375</ele>
        <time>2026-06-13T03:44:08.000Z</time>
        <extensions>
          <ns3:TrackPointExtension>
            <ns3:hr>173</ns3:hr>
            <ns3:cad>98</ns3:cad>
          </ns3:TrackPointExtension>
        </extensions>
      </trkpt>
      <trkpt lat="41.2600556574761867523193359375" lon="115.125567801296710968017578125">
        <ele>1623.5999755859375</ele>
        <time>2026-06-13T03:44:09.000Z</time>
        <extensions>
          <ns3:TrackPointExtension>
            <ns3:hr>173</ns3:hr>
            <ns3:cad>98</ns3:cad>
          </ns3:TrackPointExtension>
        </extensions>
      </trkpt>
      <trkpt lat="41.2600643746554851531982421875" lon="115.1256035082042217254638671875">
        <ele>1623.5999755859375</ele>
        <time>2026-06-13T03:44:10.000Z</time>
        <extensions>
          <ns3:TrackPointExtension>
            <ns3:hr>173</ns3:hr>
            <ns3:cad>98</ns3:cad>
          </ns3:TrackPointExtension>
        </extensions>
      </trkpt>
      <trkpt lat="41.2600677274167537689208984375" lon="115.12563343159854412078857421875">
        <ele>1623.5999755859375</ele>
        <time>2026-06-13T03:44:11.000Z</time>
        <extensions>
          <ns3:TrackPointExtension>
            <ns3:hr>173</ns3:hr>
            <ns3:cad>98</ns3:cad>
          </ns3:TrackPointExtension>
        </extensions>
      </trkpt>
      <trkpt lat="41.26007719896733760833740234375" lon="115.12566830031573772430419921875">
        <ele>1623.5999755859375</ele>
        <time>2026-06-13T03:44:12.000Z</time>
        <extensions>
          <ns3:TrackPointExtension>
            <ns3:hr>173</ns3:hr>
            <ns3:cad>97</ns3:cad>
          </ns3:TrackPointExtension>
        </extensions>
      </trkpt>
      <trkpt lat="41.26008356921374797821044921875" lon="115.1257037557661533355712890625">
        <ele>1623.5999755859375</ele>
        <time>2026-06-13T03:44:13.000Z</time>
        <extensions>
          <ns3:TrackPointExtension>
            <ns3:hr>173</ns3:hr>
            <ns3:cad>97</ns3:cad>
          </ns3:TrackPointExtension>
        </extensions>
      </trkpt>
      <trkpt lat="41.26008675433695316314697265625" lon="115.12573619373142719268798828125">
        <ele>1623.4000244140625</ele>
        <time>2026-06-13T03:44:14.000Z</time>
        <extensions>
          <ns3:TrackPointExtension>
            <ns3:hr>173</ns3:hr>
            <ns3:cad>98</ns3:cad>
          </ns3:TrackPointExtension>
        </extensions>
      </trkpt>
      <trkpt lat="41.26009362749755382537841796875" lon="115.125772319734096527099609375">
        <ele>1623.199951171875</ele>
        <time>2026-06-13T03:44:15.000Z</time>
        <extensions>
          <ns3:TrackPointExtension>
            <ns3:hr>173</ns3:hr>
            <ns3:cad>98</ns3:cad>
          </ns3:TrackPointExtension>
        </extensions>
      </trkpt>
      <trkpt lat="41.2600972317159175872802734375" lon="115.12580878101289272308349609375">
        <ele>1623.199951171875</ele>
        <time>2026-06-13T03:44:16.000Z</time>
        <extensions>
          <ns3:TrackPointExtension>
            <ns3:hr>173</ns3:hr>
            <ns3:cad>99</ns3:cad>
          </ns3:TrackPointExtension>
        </extensions>
      </trkpt>
      <trkpt lat="41.2600989080965518951416015625" lon="115.12584247626364231109619140625">
        <ele>1623.199951171875</ele>
        <time>2026-06-13T03:44:17.000Z</time>
        <extensions>
          <ns3:TrackPointExtension>
            <ns3:hr>172</ns3:hr>
            <ns3:cad>99</ns3:cad>
          </ns3:TrackPointExtension>
        </extensions>
      </trkpt>
      <trkpt lat="41.2601069547235965728759765625" lon="115.1258831284940242767333984375">
        <ele>1623.199951171875</ele>
        <time>2026-06-13T03:44:18.000Z</time>
        <extensions>
          <ns3:TrackPointExtension>
            <ns3:hr>172</ns3:hr>
            <ns3:cad>99</ns3:cad>
          </ns3:TrackPointExtension>
        </extensions>
      </trkpt>
      <trkpt lat="41.260109134018421173095703125" lon="115.12591808103024959564208984375">
        <ele>1623.199951171875</ele>
        <time>2026-06-13T03:44:19.000Z</time>
        <extensions>
          <ns3:TrackPointExtension>
            <ns3:hr>172</ns3:hr>
            <ns3:cad>97</ns3:cad>
          </ns3:TrackPointExtension>
        </extensions>
      </trkpt>
      <trkpt lat="41.26011122949421405792236328125" lon="115.125952698290348052978515625">
        <ele>1623.4000244140625</ele>
        <time>2026-06-13T03:44:20.000Z</time>
        <extensions>
          <ns3:TrackPointExtension>
            <ns3:hr>172</ns3:hr>
            <ns3:cad>97</ns3:cad>
          </ns3:TrackPointExtension>
        </extensions>
      </trkpt>
      <trkpt lat="41.2601143307983875274658203125" lon="115.1259944401681423187255859375">
        <ele>1623.4000244140625</ele>
        <time>2026-06-13T03:44:21.000Z</time>
        <extensions>
          <ns3:TrackPointExtension>
            <ns3:hr>171</ns3:hr>
            <ns3:cad>99</ns3:cad>
          </ns3:TrackPointExtension>
        </extensions>
      </trkpt>
      <trkpt lat="41.26011374406516551971435546875" lon="115.12602855451405048370361328125">
        <ele>1623.4000244140625</ele>
        <time>2026-06-13T03:44:22.000Z</time>
        <extensions>
          <ns3:TrackPointExtension>
            <ns3:hr>171</ns3:hr>
            <ns3:cad>99</ns3:cad>
          </ns3:TrackPointExtension>
        </extensions>
      </trkpt>
      <trkpt lat="41.260119192302227020263671875" lon="115.126067698001861572265625">
        <ele>1623.199951171875</ele>
        <time>2026-06-13T03:44:23.000Z</time>
        <extensions>
          <ns3:TrackPointExtension>
            <ns3:hr>171</ns3:hr>
            <ns3:cad>99</ns3:cad>
          </ns3:TrackPointExtension>
        </extensions>
      </trkpt>
      <trkpt lat="41.26012447290122509002685546875" lon="115.12610860168933868408203125">
        <ele>1623.199951171875</ele>
        <time>2026-06-13T03:44:24.000Z</time>
        <extensions>
          <ns3:TrackPointExtension>
            <ns3:hr>171</ns3:hr>
            <ns3:cad>99</ns3:cad>
          </ns3:TrackPointExtension>
        </extensions>
      </trkpt>
      <trkpt lat="41.2601250596344470977783203125" lon="115.126141123473644256591796875">
        <ele>1623.199951171875</ele>
        <time>2026-06-13T03:44:25.000Z</time>
        <extensions>
          <ns3:TrackPointExtension>
            <ns3:hr>171</ns3:hr>
            <ns3:cad>99</ns3:cad>
          </ns3:TrackPointExtension>
        </extensions>
      </trkpt>
      <trkpt lat="41.26012950204312801361083984375" lon="115.12618244625627994537353515625">
        <ele>1623.199951171875</ele>
        <time>2026-06-13T03:44:26.000Z</time>
        <extensions>
          <ns3:TrackPointExtension>
            <ns3:hr>171</ns3:hr>
            <ns3:cad>99</ns3:cad>
          </ns3:TrackPointExtension>
        </extensions>
      </trkpt>
      <trkpt lat="41.26012782566249370574951171875" lon="115.12622318230569362640380859375">
        <ele>1623</ele>
        <time>2026-06-13T03:44:27.000Z</time>
        <extensions>
          <ns3:TrackPointExtension>
            <ns3:hr>170</ns3:hr>
            <ns3:cad>99</ns3:cad>
          </ns3:TrackPointExtension>
        </extensions>
      </trkpt>
      <trkpt lat="41.26012229360640048980712890625" lon="115.12625637464225292205810546875">
        <ele>1623</ele>
        <time>2026-06-13T03:44:28.000Z</time>
        <extensions>
          <ns3:TrackPointExtension>
            <ns3:hr>170</ns3:hr>
            <ns3:cad>98</ns3:cad>
          </ns3:TrackPointExtension>
        </extensions>
      </trkpt>
      <trkpt lat="41.260120868682861328125" lon="115.12630163691937923431396484375">
        <ele>1622.800048828125</ele>
        <time>2026-06-13T03:44:29.000Z</time>
        <extensions>
          <ns3:TrackPointExtension>
            <ns3:hr>170</ns3:hr>
            <ns3:cad>98</ns3:cad>
          </ns3:TrackPointExtension>
        </extensions>
      </trkpt>
      <trkpt lat="41.26011776737868785858154296875" lon="115.1263394393026828765869140625">
        <ele>1622.800048828125</ele>
        <time>2026-06-13T03:44:30.000Z</time>
        <extensions>
          <ns3:TrackPointExtension>
            <ns3:hr>170</ns3:hr>
            <ns3:cad>98</ns3:cad>
          </ns3:TrackPointExtension>
        </extensions>
      </trkpt>
      <trkpt lat="41.26011139713227748870849609375" lon="115.126369781792163848876953125">
        <ele>1622.5999755859375</ele>
        <time>2026-06-13T03:44:31.000Z</time>
        <extensions>
          <ns3:TrackPointExtension>
            <ns3:hr>170</ns3:hr>
            <ns3:cad>100</ns3:cad>
          </ns3:TrackPointExtension>
        </extensions>
      </trkpt>
      <trkpt lat="41.26011005602777004241943359375" lon="115.12641278095543384552001953125">
        <ele>1622.5999755859375</ele>
        <time>2026-06-13T03:44:32.000Z</time>
        <extensions>
          <ns3:TrackPointExtension>
            <ns3:hr>169</ns3:hr>
            <ns3:cad>100</ns3:cad>
          </ns3:TrackPointExtension>
        </extensions>
      </trkpt>
      <trkpt lat="41.2601046077907085418701171875" lon="115.12644999660551548004150390625">
        <ele>1622.4000244140625</ele>
        <time>2026-06-13T03:44:33.000Z</time>
        <extensions>
          <ns3:TrackPointExtension>
            <ns3:hr>169</ns3:hr>
            <ns3:cad>99</ns3:cad>
          </ns3:TrackPointExtension>
        </extensions>
      </trkpt>
      <trkpt lat="41.26010142266750335693359375" lon="115.12648385949432849884033203125">
        <ele>1622.199951171875</ele>
        <time>2026-06-13T03:44:34.000Z</time>
        <extensions>
          <ns3:TrackPointExtension>
            <ns3:hr>169</ns3:hr>
            <ns3:cad>99</ns3:cad>
          </ns3:TrackPointExtension>
        </extensions>
      </trkpt>
      <trkpt lat="41.26008910126984119415283203125" lon="115.12653230689465999603271484375">
        <ele>1621.800048828125</ele>
        <time>2026-06-13T03:44:35.000Z</time>
        <extensions>
          <ns3:TrackPointExtension>
            <ns3:hr>169</ns3:hr>
            <ns3:cad>99</ns3:cad>
          </ns3:TrackPointExtension>
        </extensions>
      </trkpt>
      <trkpt lat="41.26007460057735443115234375" lon="115.12657270766794681549072265625">
        <ele>1621.5999755859375</ele>
        <time>2026-06-13T03:44:36.000Z</time>
        <extensions>
          <ns3:TrackPointExtension>
            <ns3:hr>168</ns3:hr>
            <ns3:cad>99</ns3:cad>
          </ns3:TrackPointExtension>
        </extensions>
      </trkpt>
      <trkpt lat="41.26005959697067737579345703125" lon="115.126607157289981842041015625">
        <ele>1621.199951171875</ele>
        <time>2026-06-13T03:44:37.000Z</time>
        <extensions>
          <ns3:TrackPointExtension>
            <ns3:hr>168</ns3:hr>
            <ns3:cad>99</ns3:cad>
          </ns3:TrackPointExtension>
        </extensions>
      </trkpt>
      <trkpt lat="41.2600432522594928741455078125" lon="115.12665518559515476226806640625">
        <ele>1620.800048828125</ele>
        <time>2026-06-13T03:44:38.000Z</time>
        <extensions>
          <ns3:TrackPointExtension>
            <ns3:hr>168</ns3:hr>
            <ns3:cad>99</ns3:cad>
          </ns3:TrackPointExtension>
        </extensions>
      </trkpt>
      <trkpt lat="41.26002338714897632598876953125" lon="115.12669189833104610443115234375">
        <ele>1620.4000244140625</ele>
        <time>2026-06-13T03:44:39.000Z</time>
        <extensions>
          <ns3:TrackPointExtension>
            <ns3:hr>168</ns3:hr>
            <ns3:cad>100</ns3:cad>
          </ns3:TrackPointExtension>
        </extensions>
      </trkpt>
      <trkpt lat="41.260006539523601531982421875" lon="115.12672374956309795379638671875">
        <ele>1620</ele>
        <time>2026-06-13T03:44:40.000Z</time>
        <extensions>
          <ns3:TrackPointExtension>
            <ns3:hr>169</ns3:hr>
            <ns3:cad>100</ns3:cad>
          </ns3:TrackPointExtension>
        </extensions>
      </trkpt>
      <trkpt lat="41.2599932961165904998779296875" lon="115.1267706044018268585205078125">
        <ele>1619.800048828125</ele>
        <time>2026-06-13T03:44:41.000Z</time>
        <extensions>
          <ns3:TrackPointExtension>
            <ns3:hr>169</ns3:hr>
            <ns3:cad>101</ns3:cad>
          </ns3:TrackPointExtension>
        </extensions>
      </trkpt>
      <trkpt lat="41.2599746882915496826171875" lon="115.12681377120316028594970703125">
        <ele>1619.199951171875</ele>
        <time>2026-06-13T03:44:42.000Z</time>
        <extensions>
          <ns3:TrackPointExtension>
            <ns3:hr>169</ns3:hr>
            <ns3:cad>101</ns3:cad>
          </ns3:TrackPointExtension>
        </extensions>
      </trkpt>
      <trkpt lat="41.25995792448520660400390625" lon="115.12684847228229045867919921875">
        <ele>1618.5999755859375</ele>
        <time>2026-06-13T03:44:43.000Z</time>
        <extensions>
          <ns3:TrackPointExtension>
            <ns3:hr>169</ns3:hr>
            <ns3:cad>101</ns3:cad>
          </ns3:TrackPointExtension>
        </extensions>
      </trkpt>
      <trkpt lat="41.25994853675365447998046875" lon="115.12689524330198764801025390625">
        <ele>1618.199951171875</ele>
        <time>2026-06-13T03:44:44.000Z</time>
        <extensions>
          <ns3:TrackPointExtension>
            <ns3:hr>169</ns3:hr>
            <ns3:cad>100</ns3:cad>
          </ns3:TrackPointExtension>
        </extensions>
      </trkpt>
      <trkpt lat="41.25993554480373859405517578125" lon="115.1269379071891307830810546875">
        <ele>1617.4000244140625</ele>
        <time>2026-06-13T03:44:45.000Z</time>
        <extensions>
          <ns3:TrackPointExtension>
            <ns3:hr>170</ns3:hr>
            <ns3:cad>100</ns3:cad>
          </ns3:TrackPointExtension>
        </extensions>
      </trkpt>
      <trkpt lat="41.25992707908153533935546875" lon="115.1269737817347049713134765625">
        <ele>1617.199951171875</ele>
        <time>2026-06-13T03:44:46.000Z</time>
        <extensions>
          <ns3:TrackPointExtension>
            <ns3:hr>170</ns3:hr>
            <ns3:cad>100</ns3:cad>
          </ns3:TrackPointExtension>
        </extensions>
      </trkpt>
      <trkpt lat="41.2599188648164272308349609375" lon="115.12702549807727336883544921875">
        <ele>1616.800048828125</ele>
        <time>2026-06-13T03:44:47.000Z</time>
        <extensions>
          <ns3:TrackPointExtension>
            <ns3:hr>170</ns3:hr>
            <ns3:cad>101</ns3:cad>
          </ns3:TrackPointExtension>
        </extensions>
      </trkpt>
      <trkpt lat="41.25990964472293853759765625" lon="115.1270700059831142425537109375">
        <ele>1616.5999755859375</ele>
        <time>2026-06-13T03:44:48.000Z</time>
        <extensions>
          <ns3:TrackPointExtension>
            <ns3:hr>170</ns3:hr>
            <ns3:cad>100</ns3:cad>
          </ns3:TrackPointExtension>
        </extensions>
      </trkpt>
      <trkpt lat="41.259906627237796783447265625" lon="115.12711132876574993133544921875">
        <ele>1616.199951171875</ele>
        <time>2026-06-13T03:44:49.000Z</time>
        <extensions>
          <ns3:TrackPointExtension>
            <ns3:hr>170</ns3:hr>
            <ns3:cad>100</ns3:cad>
          </ns3:TrackPointExtension>
        </extensions>
      </trkpt>
      <trkpt lat="41.259912662208080291748046875" lon="115.1271606981754302978515625">
        <ele>1615.5999755859375</ele>
        <time>2026-06-13T03:44:50.000Z</time>
        <extensions>
          <ns3:TrackPointExtension>
            <ns3:hr>169</ns3:hr>
            <ns3:cad>100</ns3:cad>
          </ns3:TrackPointExtension>
        </extensions>
      </trkpt>
      <trkpt lat="41.2599131651222705841064453125" lon="115.1272004283964633941650390625">
        <ele>1615.4000244140625</ele>
        <time>2026-06-13T03:44:51.000Z</time>
        <extensions>
          <ns3:TrackPointExtension>
            <ns3:hr>170</ns3:hr>
            <ns3:cad>100</ns3:cad>
          </ns3:TrackPointExtension>
        </extensions>
      </trkpt>
      <trkpt lat="41.25992179848253726959228515625" lon="115.12723915278911590576171875">
        <ele>1615</ele>
        <time>2026-06-13T03:44:52.000Z</time>
        <extensions>
          <ns3:TrackPointExtension>
            <ns3:hr>170</ns3:hr>
            <ns3:cad>100</ns3:cad>
          </ns3:TrackPointExtension>
        </extensions>
      </trkpt>
      <trkpt lat="41.2599463574588298797607421875" lon="115.127277709543704986572265625">
        <ele>1614.800048828125</ele>
        <time>2026-06-13T03:44:53.000Z</time>
        <extensions>
          <ns3:TrackPointExtension>
            <ns3:hr>169</ns3:hr>
            <ns3:cad>100</ns3:cad>
          </ns3:TrackPointExtension>
        </extensions>
      </trkpt>
      <trkpt lat="41.25996286980807781219482421875" lon="115.12731115333735942840576171875">
        <ele>1614.800048828125</ele>
        <time>2026-06-13T03:44:54.000Z</time>
        <extensions>
          <ns3:TrackPointExtension>
            <ns3:hr>170</ns3:hr>
            <ns3:cad>100</ns3:cad>
          </ns3:TrackPointExtension>
        </extensions>
      </trkpt>
      <trkpt lat="41.25998340547084808349609375" lon="115.12734082527458667755126953125">
        <ele>1614.800048828125</ele>
        <time>2026-06-13T03:44:55.000Z</time>
        <extensions>
          <ns3:TrackPointExtension>
            <ns3:hr>170</ns3:hr>
            <ns3:cad>100</ns3:cad>
          </ns3:TrackPointExtension>
        </extensions>
      </trkpt>
      <trkpt lat="41.260012574493885040283203125" lon="115.1273720897734165191650390625">
        <ele>1614.5999755859375</ele>
        <time>2026-06-13T03:44:56.000Z</time>
        <extensions>
          <ns3:TrackPointExtension>
            <ns3:hr>169</ns3:hr>
            <ns3:cad>100</ns3:cad>
          </ns3:TrackPointExtension>
        </extensions>
      </trkpt>
      <trkpt lat="41.26003763638436794281005859375" lon="115.12739715166389942169189453125">
        <ele>1614.5999755859375</ele>
        <time>2026-06-13T03:44:57.000Z</time>
        <extensions>
          <ns3:TrackPointExtension>
            <ns3:hr>170</ns3:hr>
            <ns3:cad>100</ns3:cad>
          </ns3:TrackPointExtension>
        </extensions>
      </trkpt>
      <trkpt lat="41.2600593455135822296142578125" lon="115.12741726823151111602783203125">
        <ele>1614.5999755859375</ele>
        <time>2026-06-13T03:44:58.000Z</time>
        <extensions>
          <ns3:TrackPointExtension>
            <ns3:hr>170</ns3:hr>
            <ns3:cad>100</ns3:cad>
          </ns3:TrackPointExtension>
        </extensions>
      </trkpt>
      <trkpt lat="41.260091699659824371337890625" lon="115.1274383068084716796875">
        <ele>1614.5999755859375</ele>
        <time>2026-06-13T03:44:59.000Z</time>
        <extensions>
          <ns3:TrackPointExtension>
            <ns3:hr>169</ns3:hr>
            <ns3:cad>100</ns3:cad>
          </ns3:TrackPointExtension>
        </extensions>
      </trkpt>
      <trkpt lat="41.26011910848319530487060546875" lon="115.12745775282382965087890625">
        <ele>1614.5999755859375</ele>
        <time>2026-06-13T03:45:00.000Z</time>
        <extensions>
          <ns3:TrackPointExtension>
            <ns3:hr>170</ns3:hr>
            <ns3:cad>100</ns3:cad>
          </ns3:TrackPointExtension>
        </extensions>
      </trkpt>
      <trkpt lat="41.26014425419270992279052734375" lon="115.12746982276439666748046875">
        <ele>1614.5999755859375</ele>
        <time>2026-06-13T03:45:01.000Z</time>
        <extensions>
          <ns3:TrackPointExtension>
            <ns3:hr>170</ns3:hr>
            <ns3:cad>100</ns3:cad>
          </ns3:TrackPointExtension>
        </extensions>
      </trkpt>
      <trkpt lat="41.260174848139286041259765625" lon="115.1274813897907733917236328125">
        <ele>1614.5999755859375</ele>
        <time>2026-06-13T03:45:02.000Z</time>
        <extensions>
          <ns3:TrackPointExtension>
            <ns3:hr>169</ns3:hr>
            <ns3:cad>100</ns3:cad>
          </ns3:TrackPointExtension>
        </extensions>
      </trkpt>
      <trkpt lat="41.2602018378674983978271484375" lon="115.1274904422461986541748046875">
        <ele>1614.5999755859375</ele>
        <time>2026-06-13T03:45:03.000Z</time>
        <extensions>
          <ns3:TrackPointExtension>
            <ns3:hr>169</ns3:hr>
            <ns3:cad>100</ns3:cad>
          </ns3:TrackPointExtension>
        </extensions>
      </trkpt>
      <trkpt lat="41.2602330185472965240478515625" lon="115.12749371118843555450439453125">
        <ele>1614.4000244140625</ele>
        <time>2026-06-13T03:45:04.000Z</time>
        <extensions>
          <ns3:TrackPointExtension>
            <ns3:hr>169</ns3:hr>
            <ns3:cad>100</ns3:cad>
          </ns3:TrackPointExtension>
        </extensions>
      </trkpt>
      <trkpt lat="41.26026369631290435791015625" lon="115.12749941088259220123291015625">
        <ele>1614.4000244140625</ele>
        <time>2026-06-13T03:45:05.000Z</time>
        <extensions>
          <ns3:TrackPointExtension>
            <ns3:hr>169</ns3:hr>
            <ns3:cad>100</ns3:cad>
          </ns3:TrackPointExtension>
        </extensions>
      </trkpt>
      <trkpt lat="41.2602910213172435760498046875" lon="115.12750879861414432525634765625">
        <ele>1614.4000244140625</ele>
        <time>2026-06-13T03:45:06.000Z</time>
        <extensions>
          <ns3:TrackPointExtension>
            <ns3:hr>169</ns3:hr>
            <ns3:cad>100</ns3:cad>
          </ns3:TrackPointExtension>
        </extensions>
      </trkpt>
      <trkpt lat="41.26032312400639057159423828125" lon="115.1275162585079669952392578125">
        <ele>1614.4000244140625</ele>
        <time>2026-06-13T03:45:07.000Z</time>
        <extensions>
          <ns3:TrackPointExtension>
            <ns3:hr>169</ns3:hr>
            <ns3:cad>99</ns3:cad>
          </ns3:TrackPointExtension>
        </extensions>
      </trkpt>
      <trkpt lat="41.2603547237813472747802734375" lon="115.12752078473567962646484375">
        <ele>1614.4000244140625</ele>
        <time>2026-06-13T03:45:08.000Z</time>
        <extensions>
          <ns3:TrackPointExtension>
            <ns3:hr>169</ns3:hr>
            <ns3:cad>99</ns3:cad>
          </ns3:TrackPointExtension>
        </extensions>
      </trkpt>
      <trkpt lat="41.2603822164237499237060546875" lon="115.12752774171531200408935546875">
        <ele>1614.4000244140625</ele>
        <time>2026-06-13T03:45:09.000Z</time>
        <extensions>
          <ns3:TrackPointExtension>
            <ns3:hr>169</ns3:hr>
            <ns3:cad>99</ns3:cad>
          </ns3:TrackPointExtension>
        </extensions>
      </trkpt>
      <trkpt lat="41.260416917502880096435546875" lon="115.1275289990007877349853515625">
        <ele>1614.4000244140625</ele>
        <time>2026-06-13T03:45:10.000Z</time>
        <extensions>
          <ns3:TrackPointExtension>
            <ns3:hr>169</ns3:hr>
            <ns3:cad>99</ns3:cad>
          </ns3:TrackPointExtension>
        </extensions>
      </trkpt>
      <trkpt lat="41.2604475952684879302978515625" lon="115.1275357045233249664306640625">
        <ele>1614.4000244140625</ele>
        <time>2026-06-13T03:45:11.000Z</time>
        <extensions>
          <ns3:TrackPointExtension>
            <ns3:hr>169</ns3:hr>
            <ns3:cad>99</ns3:cad>
          </ns3:TrackPointExtension>
        </extensions>
      </trkpt>
      <trkpt lat="41.26047718338668346405029296875" lon="115.127543918788433074951171875">
        <ele>1614.199951171875</ele>
        <time>2026-06-13T03:45:12.000Z</time>
        <extensions>
          <ns3:TrackPointExtension>
            <ns3:hr>169</ns3:hr>
            <ns3:cad>99</ns3:cad>
          </ns3:TrackPointExtension>
        </extensions>
      </trkpt>
      <trkpt lat="41.26050911843776702880859375" lon="115.12754718773066997528076171875">
        <ele>1614</ele>
        <time>2026-06-13T03:45:13.000Z</time>
        <extensions>
          <ns3:TrackPointExtension>
            <ns3:hr>169</ns3:hr>
            <ns3:cad>100</ns3:cad>
          </ns3:TrackPointExtension>
        </extensions>
      </trkpt>
      <trkpt lat="41.2605391256511211395263671875" lon="115.127552635967731475830078125">
        <ele>1613.800048828125</ele>
        <time>2026-06-13T03:45:14.000Z</time>
        <extensions>
          <ns3:TrackPointExtension>
            <ns3:hr>169</ns3:hr>
            <ns3:cad>100</ns3:cad>
          </ns3:TrackPointExtension>
        </extensions>
      </trkpt>
      <trkpt lat="41.2605672888457775115966796875" lon="115.12755774892866611480712890625">
        <ele>1613.5999755859375</ele>
        <time>2026-06-13T03:45:15.000Z</time>
        <extensions>
          <ns3:TrackPointExtension>
            <ns3:hr>169</ns3:hr>
            <ns3:cad>99</ns3:cad>
          </ns3:TrackPointExtension>
        </extensions>
      </trkpt>
      <trkpt lat="41.26059436239302158355712890625" lon="115.1275625266134738922119140625">
        <ele>1613.800048828125</ele>
        <time>2026-06-13T03:45:16.000Z</time>
        <extensions>
          <ns3:TrackPointExtension>
            <ns3:hr>170</ns3:hr>
            <ns3:cad>99</ns3:cad>
          </ns3:TrackPointExtension>
        </extensions>
      </trkpt>
      <trkpt lat="41.26062235794961452484130859375" lon="115.12756713666021823883056640625">
        <ele>1613.5999755859375</ele>
        <time>2026-06-13T03:45:17.000Z</time>
        <extensions>
          <ns3:TrackPointExtension>
            <ns3:hr>169</ns3:hr>
            <ns3:cad>100</ns3:cad>
          </ns3:TrackPointExtension>
        </extensions>
      </trkpt>
      <trkpt lat="41.26064834184944629669189453125" lon="115.1275722496211528778076171875">
        <ele>1613.5999755859375</ele>
        <time>2026-06-13T03:45:18.000Z</time>
        <extensions>
          <ns3:TrackPointExtension>
            <ns3:hr>169</ns3:hr>
            <ns3:cad>100</ns3:cad>
          </ns3:TrackPointExtension>
        </extensions>
      </trkpt>
      <trkpt lat="41.26067700795829296112060546875" lon="115.12757417745888233184814453125">
        <ele>1613.4000244140625</ele>
        <time>2026-06-13T03:45:19.000Z</time>
        <extensions>
          <ns3:TrackPointExtension>
            <ns3:hr>169</ns3:hr>
            <ns3:cad>100</ns3:cad>
          </ns3:TrackPointExtension>
        </extensions>
      </trkpt>
      <trkpt lat="41.26070634461939334869384765625" lon="115.1275809668004512786865234375">
        <ele>1613.4000244140625</ele>
        <time>2026-06-13T03:45:20.000Z</time>
        <extensions>
          <ns3:TrackPointExtension>
            <ns3:hr>169</ns3:hr>
            <ns3:cad>100</ns3:cad>
          </ns3:TrackPointExtension>
        </extensions>
      </trkpt>
      <trkpt lat="41.26073484309017658233642578125" lon="115.12758960016071796417236328125">
        <ele>1613.199951171875</ele>
        <time>2026-06-13T03:45:21.000Z</time>
        <extensions>
          <ns3:TrackPointExtension>
            <ns3:hr>169</ns3:hr>
            <ns3:cad>100</ns3:cad>
          </ns3:TrackPointExtension>
        </extensions>
      </trkpt>
      <trkpt lat="41.260766275227069854736328125" lon="115.1275987364351749420166015625">
        <ele>1613.199951171875</ele>
        <time>2026-06-13T03:45:22.000Z</time>
        <extensions>
          <ns3:TrackPointExtension>
            <ns3:hr>169</ns3:hr>
            <ns3:cad>100</ns3:cad>
          </ns3:TrackPointExtension>
        </extensions>
      </trkpt>
      <trkpt lat="41.26080139540135860443115234375" lon="115.12760460376739501953125">
        <ele>1613.4000244140625</ele>
        <time>2026-06-13T03:45:23.000Z</time>
        <extensions>
          <ns3:TrackPointExtension>
            <ns3:hr>169</ns3:hr>
            <ns3:cad>101</ns3:cad>
          </ns3:TrackPointExtension>
        </extensions>
      </trkpt>
      <trkpt lat="41.2608345039188861846923828125" lon="115.12761206366121768951416015625">
        <ele>1613.4000244140625</ele>
        <time>2026-06-13T03:45:24.000Z</time>
        <extensions>
          <ns3:TrackPointExtension>
            <ns3:hr>169</ns3:hr>
            <ns3:cad>101</ns3:cad>
          </ns3:TrackPointExtension>
        </extensions>
      </trkpt>
      <trkpt lat="41.26086610369384288787841796875" lon="115.12761868536472320556640625">
        <ele>1613.5999755859375</ele>
        <time>2026-06-13T03:45:25.000Z</time>
        <extensions>
          <ns3:TrackPointExtension>
            <ns3:hr>170</ns3:hr>
            <ns3:cad>101</ns3:cad>
          </ns3:TrackPointExtension>
        </extensions>
      </trkpt>
      <trkpt lat="41.26089761964976787567138671875" lon="115.12762430123984813690185546875">
        <ele>1613.5999755859375</ele>
        <time>2026-06-13T03:45:26.000Z</time>
        <extensions>
          <ns3:TrackPointExtension>
            <ns3:hr>169</ns3:hr>
            <ns3:cad>100</ns3:cad>
          </ns3:TrackPointExtension>
        </extensions>
      </trkpt>
      <trkpt lat="41.26092460937798023223876953125" lon="115.1276332698762416839599609375">
        <ele>1613.5999755859375</ele>
        <time>2026-06-13T03:45:27.000Z</time>
        <extensions>
          <ns3:TrackPointExtension>
            <ns3:hr>169</ns3:hr>
            <ns3:cad>100</ns3:cad>
          </ns3:TrackPointExtension>
        </extensions>
      </trkpt>
      <trkpt lat="41.260955370962619781494140625" lon="115.12764416635036468505859375">
        <ele>1613.800048828125</ele>
        <time>2026-06-13T03:45:28.000Z</time>
        <extensions>
          <ns3:TrackPointExtension>
            <ns3:hr>169</ns3:hr>
            <ns3:cad>100</ns3:cad>
          </ns3:TrackPointExtension>
        </extensions>
      </trkpt>
      <trkpt lat="41.26098462380468845367431640625" lon="115.1276542246341705322265625">
        <ele>1614</ele>
        <time>2026-06-13T03:45:29.000Z</time>
        <extensions>
          <ns3:TrackPointExtension>
            <ns3:hr>169</ns3:hr>
            <ns3:cad>99</ns3:cad>
          </ns3:TrackPointExtension>
        </extensions>
      </trkpt>
      <trkpt lat="41.2610101886093616485595703125" lon="115.1276644505560398101806640625">
        <ele>1614.199951171875</ele>
        <time>2026-06-13T03:45:30.000Z</time>
        <extensions>
          <ns3:TrackPointExtension>
            <ns3:hr>170</ns3:hr>
            <ns3:cad>99</ns3:cad>
          </ns3:TrackPointExtension>
        </extensions>
      </trkpt>
      <trkpt lat="41.26104329712688922882080078125" lon="115.1276724971830844879150390625">
        <ele>1614.199951171875</ele>
        <time>2026-06-13T03:45:31.000Z</time>
        <extensions>
          <ns3:TrackPointExtension>
            <ns3:hr>170</ns3:hr>
            <ns3:cad>100</ns3:cad>
          </ns3:TrackPointExtension>
        </extensions>
      </trkpt>
      <trkpt lat="41.26106844283640384674072265625" lon="115.12768171727657318115234375">
        <ele>1614.4000244140625</ele>
        <time>2026-06-13T03:45:32.000Z</time>
        <extensions>
          <ns3:TrackPointExtension>
            <ns3:hr>170</ns3:hr>
            <ns3:cad>99</ns3:cad>
          </ns3:TrackPointExtension>
        </extensions>
      </trkpt>
      <trkpt lat="41.261091493070125579833984375" lon="115.127690099179744720458984375">
        <ele>1614.4000244140625</ele>
        <time>2026-06-13T03:45:33.000Z</time>
        <extensions>
          <ns3:TrackPointExtension>
            <ns3:hr>169</ns3:hr>
            <ns3:cad>99</ns3:cad>
          </ns3:TrackPointExtension>
        </extensions>
      </trkpt>
      <trkpt lat="41.26112258993089199066162109375" lon="115.1276993192732334136962890625">
        <ele>1614.5999755859375</ele>
        <time>2026-06-13T03:45:34.000Z</time>
        <extensions>
          <ns3:TrackPointExtension>
            <ns3:hr>169</ns3:hr>
            <ns3:cad>98</ns3:cad>
          </ns3:TrackPointExtension>
        </extensions>
      </trkpt>
      <trkpt lat="41.2611459754407405853271484375" lon="115.127706862986087799072265625">
        <ele>1614.5999755859375</ele>
        <time>2026-06-13T03:45:35.000Z</time>
        <extensions>
          <ns3:TrackPointExtension>
            <ns3:hr>169</ns3:hr>
            <ns3:cad>98</ns3:cad>
          </ns3:TrackPointExtension>
        </extensions>
      </trkpt>
      <trkpt lat="41.26117271371185779571533203125" lon="115.127714239060878753662109375">
        <ele>1614.800048828125</ele>
        <time>2026-06-13T03:45:36.000Z</time>
        <extensions>
          <ns3:TrackPointExtension>
            <ns3:hr>169</ns3:hr>
            <ns3:cad>98</ns3:cad>
          </ns3:TrackPointExtension>
        </extensions>
      </trkpt>
      <trkpt lat="41.2611999548971652984619140625" lon="115.1277214474976062774658203125">
        <ele>1614.800048828125</ele>
        <time>2026-06-13T03:45:37.000Z</time>
        <extensions>
          <ns3:TrackPointExtension>
            <ns3:hr>169</ns3:hr>
            <ns3:cad>98</ns3:cad>
          </ns3:TrackPointExtension>
        </extensions>
      </trkpt>
      <trkpt lat="41.2612237595021724700927734375" lon="115.12772941030561923980712890625">
        <ele>1615</ele>
        <time>2026-06-13T03:45:38.000Z</time>
        <extensions>
          <ns3:TrackPointExtension>
            <ns3:hr>168</ns3:hr>
            <ns3:cad>98</ns3:cad>
          </ns3:TrackPointExtension>
        </extensions>
      </trkpt>
      <trkpt lat="41.2612522579729557037353515625" lon="115.1277328468859195709228515625">
        <ele>1615</ele>
        <time>2026-06-13T03:45:39.000Z</time>
        <extensions>
          <ns3:TrackPointExtension>
            <ns3:hr>167</ns3:hr>
            <ns3:cad>98</ns3:cad>
          </ns3:TrackPointExtension>
        </extensions>
      </trkpt>
      <trkpt lat="41.261280588805675506591796875" lon="115.12774265371263027191162109375">
        <ele>1615</ele>
        <time>2026-06-13T03:45:40.000Z</time>
        <extensions>
          <ns3:TrackPointExtension>
            <ns3:hr>166</ns3:hr>
            <ns3:cad>98</ns3:cad>
          </ns3:TrackPointExtension>
        </extensions>
      </trkpt>
      <trkpt lat="41.2613062374293804168701171875" lon="115.12775145471096038818359375">
        <ele>1615</ele>
        <time>2026-06-13T03:45:41.000Z</time>
        <extensions>
          <ns3:TrackPointExtension>
            <ns3:hr>166</ns3:hr>
            <ns3:cad>98</ns3:cad>
          </ns3:TrackPointExtension>
        </extensions>
      </trkpt>
      <trkpt lat="41.26134085468947887420654296875" lon="115.12775547802448272705078125">
        <ele>1615.199951171875</ele>
        <time>2026-06-13T03:45:42.000Z</time>
        <extensions>
          <ns3:TrackPointExtension>
            <ns3:hr>166</ns3:hr>
            <ns3:cad>98</ns3:cad>
          </ns3:TrackPointExtension>
        </extensions>
      </trkpt>
      <trkpt lat="41.2613696046173572540283203125" lon="115.12776075862348079681396484375">
        <ele>1615.199951171875</ele>
        <time>2026-06-13T03:45:43.000Z</time>
        <extensions>
          <ns3:TrackPointExtension>
            <ns3:hr>167</ns3:hr>
            <ns3:cad>99</ns3:cad>
          </ns3:TrackPointExtension>
        </extensions>
      </trkpt>
      <trkpt lat="41.261397935450077056884765625" lon="115.1277668774127960205078125">
        <ele>1615.4000244140625</ele>
        <time>2026-06-13T03:45:44.000Z</time>
        <extensions>
          <ns3:TrackPointExtension>
            <ns3:hr>167</ns3:hr>
            <ns3:cad>99</ns3:cad>
          </ns3:TrackPointExtension>
        </extensions>
      </trkpt>
      <trkpt lat="41.26142936758697032928466796875" lon="115.12777232564985752105712890625">
        <ele>1615.5999755859375</ele>
        <time>2026-06-13T03:45:45.000Z</time>
        <extensions>
          <ns3:TrackPointExtension>
            <ns3:hr>167</ns3:hr>
            <ns3:cad>99</ns3:cad>
          </ns3:TrackPointExtension>
        </extensions>
      </trkpt>
      <trkpt lat="41.261454261839389801025390625" lon="115.127778947353363037109375">
        <ele>1615.5999755859375</ele>
        <time>2026-06-13T03:45:46.000Z</time>
        <extensions>
          <ns3:TrackPointExtension>
            <ns3:hr>167</ns3:hr>
            <ns3:cad>99</ns3:cad>
          </ns3:TrackPointExtension>
        </extensions>
      </trkpt>
      <trkpt lat="41.26147563569247722625732421875" lon="115.12779328040778636932373046875">
        <ele>1615.5999755859375</ele>
        <time>2026-06-13T03:45:47.000Z</time>
        <extensions>
          <ns3:TrackPointExtension>
            <ns3:hr>167</ns3:hr>
            <ns3:cad>99</ns3:cad>
          </ns3:TrackPointExtension>
        </extensions>
      </trkpt>
      <trkpt lat="41.26150832511484622955322265625" lon="115.12779512442648410797119140625">
        <ele>1615.5999755859375</ele>
        <time>2026-06-13T03:45:48.000Z</time>
        <extensions>
          <ns3:TrackPointExtension>
            <ns3:hr>167</ns3:hr>
            <ns3:cad>99</ns3:cad>
          </ns3:TrackPointExtension>
        </extensions>
      </trkpt>
      <trkpt lat="41.2615348957479000091552734375" lon="115.12779981829226016998291015625">
        <ele>1615.5999755859375</ele>
        <time>2026-06-13T03:45:49.000Z</time>
        <extensions>
          <ns3:TrackPointExtension>
            <ns3:hr>166</ns3:hr>
            <ns3:cad>99</ns3:cad>
          </ns3:TrackPointExtension>
        </extensions>
      </trkpt>
      <trkpt lat="41.26155341975390911102294921875" lon="115.1278096251189708709716796875">
        <ele>1615.5999755859375</ele>
        <time>2026-06-13T03:45:50.000Z</time>
        <extensions>
          <ns3:TrackPointExtension>
            <ns3:hr>167</ns3:hr>
            <ns3:cad>99</ns3:cad>
          </ns3:TrackPointExtension>
        </extensions>
      </trkpt>
      <trkpt lat="41.2615865282714366912841796875" lon="115.1278126426041126251220703125">
        <ele>1615.800048828125</ele>
        <time>2026-06-13T03:45:51.000Z</time>
        <extensions>
          <ns3:TrackPointExtension>
            <ns3:hr>167</ns3:hr>
            <ns3:cad>99</ns3:cad>
          </ns3:TrackPointExtension>
        </extensions>
      </trkpt>
      <trkpt lat="41.26161058433353900909423828125" lon="115.12782261706888675689697265625">
        <ele>1615.800048828125</ele>
        <time>2026-06-13T03:45:52.000Z</time>
        <extensions>
          <ns3:TrackPointExtension>
            <ns3:hr>167</ns3:hr>
            <ns3:cad>99</ns3:cad>
          </ns3:TrackPointExtension>
        </extensions>
      </trkpt>
      <trkpt lat="41.2616344727575778961181640625" lon="115.1278310827910900115966796875">
        <ele>1615.800048828125</ele>
        <time>2026-06-13T03:45:53.000Z</time>
        <extensions>
          <ns3:TrackPointExtension>
            <ns3:hr>167</ns3:hr>
            <ns3:cad>99</ns3:cad>
          </ns3:TrackPointExtension>
        </extensions>
      </trkpt>
      <trkpt lat="41.26166339032351970672607421875" lon="115.12783485464751720428466796875">
        <ele>1616</ele>
        <time>2026-06-13T03:45:54.000Z</time>
        <extensions>
          <ns3:TrackPointExtension>
            <ns3:hr>167</ns3:hr>
            <ns3:cad>99</ns3:cad>
          </ns3:TrackPointExtension>
        </extensions>
      </trkpt>
      <trkpt lat="41.2616857700049877166748046875" lon="115.12784038670361042022705078125">
        <ele>1616.199951171875</ele>
        <time>2026-06-13T03:45:55.000Z</time>
        <extensions>
          <ns3:TrackPointExtension>
            <ns3:hr>167</ns3:hr>
            <ns3:cad>99</ns3:cad>
          </ns3:TrackPointExtension>
        </extensions>
      </trkpt>
      <trkpt lat="41.26170798204839229583740234375" lon="115.1278444938361644744873046875">
        <ele>1616.5999755859375</ele>
        <time>2026-06-13T03:45:56.000Z</time>
        <extensions>
          <ns3:TrackPointExtension>
            <ns3:hr>167</ns3:hr>
            <ns3:cad>99</ns3:cad>
          </ns3:TrackPointExtension>
        </extensions>
      </trkpt>
      <trkpt lat="41.2617367319762706756591796875" lon="115.1278478465974330902099609375">
        <ele>1616.800048828125</ele>
        <time>2026-06-13T03:45:57.000Z</time>
        <extensions>
          <ns3:TrackPointExtension>
            <ns3:hr>167</ns3:hr>
            <ns3:cad>99</ns3:cad>
          </ns3:TrackPointExtension>
        </extensions>
      </trkpt>
      <trkpt lat="41.26176129095256328582763671875" lon="115.12785849161446094512939453125">
        <ele>1617</ele>
        <time>2026-06-13T03:45:58.000Z</time>
        <extensions>
          <ns3:TrackPointExtension>
            <ns3:hr>168</ns3:hr>
            <ns3:cad>99</ns3:cad>
          </ns3:TrackPointExtension>
        </extensions>
      </trkpt>
      <trkpt lat="41.2617910467088222503662109375" lon="115.12786033563315868377685546875">
        <ele>1617</ele>
        <time>2026-06-13T03:45:59.000Z</time>
        <extensions>
          <ns3:TrackPointExtension>
            <ns3:hr>167</ns3:hr>
            <ns3:cad>99</ns3:cad>
          </ns3:TrackPointExtension>
        </extensions>
      </trkpt>
      <trkpt lat="41.2618158571422100067138671875" lon="115.12787173502147197723388671875">
        <ele>1616.800048828125</ele>
        <time>2026-06-13T03:46:00.000Z</time>
        <extensions>
          <ns3:TrackPointExtension>
            <ns3:hr>167</ns3:hr>
            <ns3:cad>99</ns3:cad>
          </ns3:TrackPointExtension>
        </extensions>
      </trkpt>
      <trkpt lat="41.2618376500904560089111328125" lon="115.12788078747689723968505859375">
        <ele>1616.800048828125</ele>
        <time>2026-06-13T03:46:01.000Z</time>
        <extensions>
          <ns3:TrackPointExtension>
            <ns3:hr>167</ns3:hr>
            <ns3:cad>99</ns3:cad>
          </ns3:TrackPointExtension>
        </extensions>
      </trkpt>
      <trkpt lat="41.2618708424270153045654296875" lon="115.127880536019802093505859375">
        <ele>1616.800048828125</ele>
        <time>2026-06-13T03:46:02.000Z</time>
        <extensions>
          <ns3:TrackPointExtension>
            <ns3:hr>168</ns3:hr>
            <ns3:cad>99</ns3:cad>
          </ns3:TrackPointExtension>
        </extensions>
      </trkpt>
      <trkpt lat="41.2618969939649105072021484375" lon="115.12788967229425907135009765625">
        <ele>1617</ele>
        <time>2026-06-13T03:46:03.000Z</time>
        <extensions>
          <ns3:TrackPointExtension>
            <ns3:hr>167</ns3:hr>
            <ns3:cad>98</ns3:cad>
          </ns3:TrackPointExtension>
        </extensions>
      </trkpt>
      <trkpt lat="41.2619238160550594329833984375" lon="115.127893276512622833251953125">
        <ele>1617</ele>
        <time>2026-06-13T03:46:04.000Z</time>
        <extensions>
          <ns3:TrackPointExtension>
            <ns3:hr>167</ns3:hr>
            <ns3:cad>98</ns3:cad>
          </ns3:TrackPointExtension>
        </extensions>
      </trkpt>
      <trkpt lat="41.261956505477428436279296875" lon="115.12790006585419178009033203125">
        <ele>1617</ele>
        <time>2026-06-13T03:46:05.000Z</time>
        <extensions>
          <ns3:TrackPointExtension>
            <ns3:hr>167</ns3:hr>
            <ns3:cad>98</ns3:cad>
          </ns3:TrackPointExtension>
        </extensions>
      </trkpt>
      <trkpt lat="41.26198072917759418487548828125" lon="115.1279092021286487579345703125">
        <ele>1617.199951171875</ele>
        <time>2026-06-13T03:46:06.000Z</time>
        <extensions>
          <ns3:TrackPointExtension>
            <ns3:hr>168</ns3:hr>
            <ns3:cad>98</ns3:cad>
          </ns3:TrackPointExtension>
        </extensions>
      </trkpt>
      <trkpt lat="41.2620099820196628570556640625" lon="115.127910040318965911865234375">
        <ele>1617.199951171875</ele>
        <time>2026-06-13T03:46:07.000Z</time>
        <extensions>
          <ns3:TrackPointExtension>
            <ns3:hr>167</ns3:hr>
            <ns3:cad>98</ns3:cad>
          </ns3:TrackPointExtension>
        </extensions>
      </trkpt>
      <trkpt lat="41.2620425038039684295654296875" lon="115.12791448272764682769775390625">
        <ele>1617.199951171875</ele>
        <time>2026-06-13T03:46:08.000Z</time>
        <extensions>
          <ns3:TrackPointExtension>
            <ns3:hr>166</ns3:hr>
            <ns3:cad>97</ns3:cad>
          </ns3:TrackPointExtension>
        </extensions>
      </trkpt>
      <trkpt lat="41.262067146599292755126953125" lon="115.1279259659349918365478515625">
        <ele>1617.199951171875</ele>
        <time>2026-06-13T03:46:09.000Z</time>
        <extensions>
          <ns3:TrackPointExtension>
            <ns3:hr>166</ns3:hr>
            <ns3:cad>97</ns3:cad>
          </ns3:TrackPointExtension>
        </extensions>
      </trkpt>
      <trkpt lat="41.26210235059261322021484375" lon="115.1279242895543575286865234375">
        <ele>1617.199951171875</ele>
        <time>2026-06-13T03:46:10.000Z</time>
        <extensions>
          <ns3:TrackPointExtension>
            <ns3:hr>166</ns3:hr>
            <ns3:cad>97</ns3:cad>
          </ns3:TrackPointExtension>
        </extensions>
      </trkpt>
      <trkpt lat="41.26213026233017444610595703125" lon="115.1279313303530216217041015625">
        <ele>1617</ele>
        <time>2026-06-13T03:46:11.000Z</time>
        <extensions>
          <ns3:TrackPointExtension>
            <ns3:hr>166</ns3:hr>
            <ns3:cad>98</ns3:cad>
          </ns3:TrackPointExtension>
        </extensions>
      </trkpt>
      <trkpt lat="41.26215591095387935638427734375" lon="115.1279370300471782684326171875">
        <ele>1617</ele>
        <time>2026-06-13T03:46:12.000Z</time>
        <extensions>
          <ns3:TrackPointExtension>
            <ns3:hr>167</ns3:hr>
            <ns3:cad>98</ns3:cad>
          </ns3:TrackPointExtension>
        </extensions>
      </trkpt>
      <trkpt lat="41.2621886841952800750732421875" lon="115.12793510220944881439208984375">
        <ele>1616.800048828125</ele>
        <time>2026-06-13T03:46:13.000Z</time>
        <extensions>
          <ns3:TrackPointExtension>
            <ns3:hr>166</ns3:hr>
            <ns3:cad>99</ns3:cad>
          </ns3:TrackPointExtension>
        </extensions>
      </trkpt>
      <trkpt lat="41.262217350304126739501953125" lon="115.1279470883309841156005859375">
        <ele>1616.800048828125</ele>
        <time>2026-06-13T03:46:14.000Z</time>
        <extensions>
          <ns3:TrackPointExtension>
            <ns3:hr>166</ns3:hr>
            <ns3:cad>98</ns3:cad>
          </ns3:TrackPointExtension>
        </extensions>
      </trkpt>
      <trkpt lat="41.2622436694800853729248046875" lon="115.12795387767255306243896484375">
        <ele>1616.800048828125</ele>
        <time>2026-06-13T03:46:15.000Z</time>
        <extensions>
          <ns3:TrackPointExtension>
            <ns3:hr>166</ns3:hr>
            <ns3:cad>98</ns3:cad>
          </ns3:TrackPointExtension>
        </extensions>
      </trkpt>
      <trkpt lat="41.262281723320484161376953125" lon="115.12795798480510711669921875">
        <ele>1616.5999755859375</ele>
        <time>2026-06-13T03:46:16.000Z</time>
        <extensions>
          <ns3:TrackPointExtension>
            <ns3:hr>166</ns3:hr>
            <ns3:cad>98</ns3:cad>
          </ns3:TrackPointExtension>
        </extensions>
      </trkpt>
      <trkpt lat="41.262311898171901702880859375" lon="115.1279692165553569793701171875">
        <ele>1616.5999755859375</ele>
        <time>2026-06-13T03:46:17.000Z</time>
        <extensions>
          <ns3:TrackPointExtension>
            <ns3:hr>166</ns3:hr>
            <ns3:cad>99</ns3:cad>
          </ns3:TrackPointExtension>
        </extensions>
      </trkpt>
      <trkpt lat="41.26234098337590694427490234375" lon="115.12797784991562366485595703125">
        <ele>1616.5999755859375</ele>
        <time>2026-06-13T03:46:18.000Z</time>
        <extensions>
          <ns3:TrackPointExtension>
            <ns3:hr>167</ns3:hr>
            <ns3:cad>99</ns3:cad>
          </ns3:TrackPointExtension>
        </extensions>
      </trkpt>
      <trkpt lat="41.262378282845020294189453125" lon="115.12798220850527286529541015625">
        <ele>1616.4000244140625</ele>
        <time>2026-06-13T03:46:19.000Z</time>
        <extensions>
          <ns3:TrackPointExtension>
            <ns3:hr>167</ns3:hr>
            <ns3:cad>99</ns3:cad>
          </ns3:TrackPointExtension>
        </extensions>
      </trkpt>
      <trkpt lat="41.26240300945937633514404296875" lon="115.12799008749425411224365234375">
        <ele>1616</ele>
        <time>2026-06-13T03:46:20.000Z</time>
        <extensions>
          <ns3:TrackPointExtension>
            <ns3:hr>167</ns3:hr>
            <ns3:cad>99</ns3:cad>
          </ns3:TrackPointExtension>
        </extensions>
      </trkpt>
      <trkpt lat="41.2624354474246501922607421875" lon="115.127995871007442474365234375">
        <ele>1615.5999755859375</ele>
        <time>2026-06-13T03:46:21.000Z</time>
        <extensions>
          <ns3:TrackPointExtension>
            <ns3:hr>167</ns3:hr>
            <ns3:cad>99</ns3:cad>
          </ns3:TrackPointExtension>
        </extensions>
      </trkpt>
      <trkpt lat="41.2624706514179706573486328125" lon="115.128005258738994598388671875">
        <ele>1615.4000244140625</ele>
        <time>2026-06-13T03:46:22.000Z</time>
        <extensions>
          <ns3:TrackPointExtension>
            <ns3:hr>168</ns3:hr>
            <ns3:cad>99</ns3:cad>
          </ns3:TrackPointExtension>
        </extensions>
      </trkpt>
      <trkpt lat="41.26249395310878753662109375" lon="115.12802026234567165374755859375">
        <ele>1615</ele>
        <time>2026-06-13T03:46:23.000Z</time>
        <extensions>
          <ns3:TrackPointExtension>
            <ns3:hr>167</ns3:hr>
            <ns3:cad>99</ns3:cad>
          </ns3:TrackPointExtension>
        </extensions>
      </trkpt>
      <trkpt lat="41.2625283189117908477783203125" lon="115.1280315779149532318115234375">
        <ele>1614.800048828125</ele>
        <time>2026-06-13T03:46:24.000Z</time>
        <extensions>
          <ns3:TrackPointExtension>
            <ns3:hr>167</ns3:hr>
            <ns3:cad>99</ns3:cad>
          </ns3:TrackPointExtension>
        </extensions>
      </trkpt>
      <trkpt lat="41.26255958341062068939208984375" lon="115.1280466653406620025634765625">
        <ele>1614.5999755859375</ele>
        <time>2026-06-13T03:46:25.000Z</time>
        <extensions>
          <ns3:TrackPointExtension>
            <ns3:hr>167</ns3:hr>
            <ns3:cad>99</ns3:cad>
          </ns3:TrackPointExtension>
        </extensions>
      </trkpt>
      <trkpt lat="41.26257978379726409912109375" lon="115.1280614174902439117431640625">
        <ele>1614.4000244140625</ele>
        <time>2026-06-13T03:46:26.000Z</time>
        <extensions>
          <ns3:TrackPointExtension>
            <ns3:hr>167</ns3:hr>
            <ns3:cad>99</ns3:cad>
          </ns3:TrackPointExtension>
        </extensions>
      </trkpt>
      <trkpt lat="41.26261339522898197174072265625" lon="115.128071643412113189697265625">
        <ele>1614</ele>
        <time>2026-06-13T03:46:27.000Z</time>
        <extensions>
          <ns3:TrackPointExtension>
            <ns3:hr>166</ns3:hr>
            <ns3:cad>99</ns3:cad>
          </ns3:TrackPointExtension>
        </extensions>
      </trkpt>
      <trkpt lat="41.26263870857656002044677734375" lon="115.1280912570655345916748046875">
        <ele>1613.5999755859375</ele>
        <time>2026-06-13T03:46:28.000Z</time>
        <extensions>
          <ns3:TrackPointExtension>
            <ns3:hr>166</ns3:hr>
            <ns3:cad>99</ns3:cad>
          </ns3:TrackPointExtension>
        </extensions>
      </trkpt>
      <trkpt lat="41.2626641057431697845458984375" lon="115.1281130500137805938720703125">
        <ele>1613.199951171875</ele>
        <time>2026-06-13T03:46:29.000Z</time>
        <extensions>
          <ns3:TrackPointExtension>
            <ns3:hr>166</ns3:hr>
            <ns3:cad>99</ns3:cad>
          </ns3:TrackPointExtension>
        </extensions>
      </trkpt>
      <trkpt lat="41.2626946158707141876220703125" lon="115.1281385309994220733642578125">
        <ele>1612.800048828125</ele>
        <time>2026-06-13T03:46:30.000Z</time>
        <extensions>
          <ns3:TrackPointExtension>
            <ns3:hr>166</ns3:hr>
            <ns3:cad>99</ns3:cad>
          </ns3:TrackPointExtension>
        </extensions>
      </trkpt>
      <trkpt lat="41.2627130560576915740966796875" lon="115.12816250324249267578125">
        <ele>1612.4000244140625</ele>
        <time>2026-06-13T03:46:31.000Z</time>
        <extensions>
          <ns3:TrackPointExtension>
            <ns3:hr>167</ns3:hr>
            <ns3:cad>99</ns3:cad>
          </ns3:TrackPointExtension>
        </extensions>
      </trkpt>
      <trkpt lat="41.262739710509777069091796875" lon="115.12818731367588043212890625">
        <ele>1611.800048828125</ele>
        <time>2026-06-13T03:46:32.000Z</time>
        <extensions>
          <ns3:TrackPointExtension>
            <ns3:hr>166</ns3:hr>
            <ns3:cad>98</ns3:cad>
          </ns3:TrackPointExtension>
        </extensions>
      </trkpt>
      <trkpt lat="41.262769214808940887451171875" lon="115.128215141594409942626953125">
        <ele>1611.4000244140625</ele>
        <time>2026-06-13T03:46:33.000Z</time>
        <extensions>
          <ns3:TrackPointExtension>
            <ns3:hr>166</ns3:hr>
            <ns3:cad>98</ns3:cad>
          </ns3:TrackPointExtension>
        </extensions>
      </trkpt>
      <trkpt lat="41.26278840936720371246337890625" lon="115.12824095785617828369140625">
        <ele>1610.800048828125</ele>
        <time>2026-06-13T03:46:34.000Z</time>
        <extensions>
          <ns3:TrackPointExtension>
            <ns3:hr>166</ns3:hr>
            <ns3:cad>98</ns3:cad>
          </ns3:TrackPointExtension>
        </extensions>
      </trkpt>
      <trkpt lat="41.26281774602830410003662109375" lon="115.1282684504985809326171875">
        <ele>1610.199951171875</ele>
        <time>2026-06-13T03:46:35.000Z</time>
        <extensions>
          <ns3:TrackPointExtension>
            <ns3:hr>166</ns3:hr>
            <ns3:cad>98</ns3:cad>
          </ns3:TrackPointExtension>
        </extensions>
      </trkpt>
      <trkpt lat="41.26284926198422908782958984375" lon="115.12829435057938098907470703125">
        <ele>1609.5999755859375</ele>
        <time>2026-06-13T03:46:36.000Z</time>
        <extensions>
          <ns3:TrackPointExtension>
            <ns3:hr>166</ns3:hr>
            <ns3:cad>98</ns3:cad>
          </ns3:TrackPointExtension>
        </extensions>
      </trkpt>
      <trkpt lat="41.2628689594566822052001953125" lon="115.12832100503146648406982421875">
        <ele>1609.199951171875</ele>
        <time>2026-06-13T03:46:37.000Z</time>
        <extensions>
          <ns3:TrackPointExtension>
            <ns3:hr>166</ns3:hr>
            <ns3:cad>98</ns3:cad>
          </ns3:TrackPointExtension>
        </extensions>
      </trkpt>
      <trkpt lat="41.2628984637558460235595703125" lon="115.12834648601710796356201171875">
        <ele>1608.800048828125</ele>
        <time>2026-06-13T03:46:38.000Z</time>
        <extensions>
          <ns3:TrackPointExtension>
            <ns3:hr>166</ns3:hr>
            <ns3:cad>99</ns3:cad>
          </ns3:TrackPointExtension>
        </extensions>
      </trkpt>
      <trkpt lat="41.26293274573981761932373046875" lon="115.12837163172662258148193359375">
        <ele>1608.199951171875</ele>
        <time>2026-06-13T03:46:39.000Z</time>
        <extensions>
          <ns3:TrackPointExtension>
            <ns3:hr>165</ns3:hr>
            <ns3:cad>98</ns3:cad>
          </ns3:TrackPointExtension>
        </extensions>
      </trkpt>
      <trkpt lat="41.26295537687838077545166015625" lon="115.12840013019740581512451171875">
        <ele>1607.800048828125</ele>
        <time>2026-06-13T03:46:40.000Z</time>
        <extensions>
          <ns3:TrackPointExtension>
            <ns3:hr>166</ns3:hr>
            <ns3:cad>98</ns3:cad>
          </ns3:TrackPointExtension>
        </extensions>
      </trkpt>
      <trkpt lat="41.26298454590141773223876953125" lon="115.1284261979162693023681640625">
        <ele>1607.4000244140625</ele>
        <time>2026-06-13T03:46:41.000Z</time>
        <extensions>
          <ns3:TrackPointExtension>
            <ns3:hr>166</ns3:hr>
            <ns3:cad>99</ns3:cad>
          </ns3:TrackPointExtension>
        </extensions>
      </trkpt>
      <trkpt lat="41.26301690004765987396240234375" lon="115.1284506730735301971435546875">
        <ele>1607</ele>
        <time>2026-06-13T03:46:42.000Z</time>
        <extensions>
          <ns3:TrackPointExtension>
            <ns3:hr>166</ns3:hr>
            <ns3:cad>99</ns3:cad>
          </ns3:TrackPointExtension>
        </extensions>
      </trkpt>
      <trkpt lat="41.263037435710430145263671875" lon="115.12847573496401309967041015625">
        <ele>1606.5999755859375</ele>
        <time>2026-06-13T03:46:43.000Z</time>
        <extensions>
          <ns3:TrackPointExtension>
            <ns3:hr>165</ns3:hr>
            <ns3:cad>100</ns3:cad>
          </ns3:TrackPointExtension>
        </extensions>
      </trkpt>
      <trkpt lat="41.26306434161961078643798828125" lon="115.12849752791225910186767578125">
        <ele>1606.199951171875</ele>
        <time>2026-06-13T03:46:44.000Z</time>
        <extensions>
          <ns3:TrackPointExtension>
            <ns3:hr>165</ns3:hr>
            <ns3:cad>100</ns3:cad>
          </ns3:TrackPointExtension>
        </extensions>
      </trkpt>
      <trkpt lat="41.2630942650139331817626953125" lon="115.1285170577466487884521484375">
        <ele>1606</ele>
        <time>2026-06-13T03:46:45.000Z</time>
        <extensions>
          <ns3:TrackPointExtension>
            <ns3:hr>165</ns3:hr>
            <ns3:cad>101</ns3:cad>
          </ns3:TrackPointExtension>
        </extensions>
      </trkpt>
      <trkpt lat="41.26311144791543483734130859375" lon="115.128535665571689605712890625">
        <ele>1605.800048828125</ele>
        <time>2026-06-13T03:46:46.000Z</time>
        <extensions>
          <ns3:TrackPointExtension>
            <ns3:hr>165</ns3:hr>
            <ns3:cad>100</ns3:cad>
          </ns3:TrackPointExtension>
        </extensions>
      </trkpt>
      <trkpt lat="41.263138018548488616943359375" lon="115.12855636887252330780029296875">
        <ele>1605.5999755859375</ele>
        <time>2026-06-13T03:46:47.000Z</time>
        <extensions>
          <ns3:TrackPointExtension>
            <ns3:hr>166</ns3:hr>
            <ns3:cad>100</ns3:cad>
          </ns3:TrackPointExtension>
        </extensions>
      </trkpt>
      <trkpt lat="41.2631690315902233123779296875" lon="115.1285817660391330718994140625">
        <ele>1605.4000244140625</ele>
        <time>2026-06-13T03:46:48.000Z</time>
        <extensions>
          <ns3:TrackPointExtension>
            <ns3:hr>165</ns3:hr>
            <ns3:cad>99</ns3:cad>
          </ns3:TrackPointExtension>
        </extensions>
      </trkpt>
      <trkpt lat="41.26318789087235927581787109375" lon="115.1286069117486476898193359375">
        <ele>1605.199951171875</ele>
        <time>2026-06-13T03:46:49.000Z</time>
        <extensions>
          <ns3:TrackPointExtension>
            <ns3:hr>165</ns3:hr>
            <ns3:cad>99</ns3:cad>
          </ns3:TrackPointExtension>
        </extensions>
      </trkpt>
      <trkpt lat="41.26321421004831790924072265625" lon="115.128634907305240631103515625">
        <ele>1605.199951171875</ele>
        <time>2026-06-13T03:46:50.000Z</time>
        <extensions>
          <ns3:TrackPointExtension>
            <ns3:hr>166</ns3:hr>
            <ns3:cad>99</ns3:cad>
          </ns3:TrackPointExtension>
        </extensions>
      </trkpt>
      <trkpt lat="41.263247989118099212646484375" lon="115.12866080738604068756103515625">
        <ele>1605</ele>
        <time>2026-06-13T03:46:51.000Z</time>
        <extensions>
          <ns3:TrackPointExtension>
            <ns3:hr>165</ns3:hr>
            <ns3:cad>99</ns3:cad>
          </ns3:TrackPointExtension>
        </extensions>
      </trkpt>
      <trkpt lat="41.26326869241893291473388671875" lon="115.12868679128587245941162109375">
        <ele>1604.800048828125</ele>
        <time>2026-06-13T03:46:52.000Z</time>
        <extensions>
          <ns3:TrackPointExtension>
            <ns3:hr>165</ns3:hr>
            <ns3:cad>99</ns3:cad>
          </ns3:TrackPointExtension>
        </extensions>
      </trkpt>
      <trkpt lat="41.263296268880367279052734375" lon="115.1287136971950531005859375">
        <ele>1604.4000244140625</ele>
        <time>2026-06-13T03:46:53.000Z</time>
        <extensions>
          <ns3:TrackPointExtension>
            <ns3:hr>165</ns3:hr>
            <ns3:cad>99</ns3:cad>
          </ns3:TrackPointExtension>
        </extensions>
      </trkpt>
      <trkpt lat="41.26332954503595829010009765625" lon="115.12873842380940914154052734375">
        <ele>1604.199951171875</ele>
        <time>2026-06-13T03:46:54.000Z</time>
        <extensions>
          <ns3:TrackPointExtension>
            <ns3:hr>165</ns3:hr>
            <ns3:cad>100</ns3:cad>
          </ns3:TrackPointExtension>
        </extensions>
      </trkpt>
      <trkpt lat="41.26335284672677516937255859375" lon="115.1287641562521457672119140625">
        <ele>1603.800048828125</ele>
        <time>2026-06-13T03:46:55.000Z</time>
        <extensions>
          <ns3:TrackPointExtension>
            <ns3:hr>165</ns3:hr>
            <ns3:cad>101</ns3:cad>
          </ns3:TrackPointExtension>
        </extensions>
      </trkpt>
      <trkpt lat="41.2633755616843700408935546875" lon="115.1287859492003917694091796875">
        <ele>1603.5999755859375</ele>
        <time>2026-06-13T03:46:56.000Z</time>
        <extensions>
          <ns3:TrackPointExtension>
            <ns3:hr>165</ns3:hr>
            <ns3:cad>101</ns3:cad>
          </ns3:TrackPointExtension>
        </extensions>
      </trkpt>
      <trkpt lat="41.2634079158306121826171875" lon="115.12881034053862094879150390625">
        <ele>1603.199951171875</ele>
        <time>2026-06-13T03:46:57.000Z</time>
        <extensions>
          <ns3:TrackPointExtension>
            <ns3:hr>165</ns3:hr>
            <ns3:cad>102</ns3:cad>
          </ns3:TrackPointExtension>
        </extensions>
      </trkpt>
      <trkpt lat="41.263429038226604461669921875" lon="115.1288348995149135589599609375">
        <ele>1603</ele>
        <time>2026-06-13T03:46:58.000Z</time>
        <extensions>
          <ns3:TrackPointExtension>
            <ns3:hr>165</ns3:hr>
            <ns3:cad>102</ns3:cad>
          </ns3:TrackPointExtension>
        </extensions>
      </trkpt>
      <trkpt lat="41.26345410011708736419677734375" lon="115.1288533397018909454345703125">
        <ele>1603</ele>
        <time>2026-06-13T03:46:59.000Z</time>
        <extensions>
          <ns3:TrackPointExtension>
            <ns3:hr>164</ns3:hr>
            <ns3:cad>102</ns3:cad>
          </ns3:TrackPointExtension>
        </extensions>
      </trkpt>
      <trkpt lat="41.26348100602626800537109375" lon="115.12887923978269100189208984375">
        <ele>1603</ele>
        <time>2026-06-13T03:47:00.000Z</time>
        <extensions>
          <ns3:TrackPointExtension>
            <ns3:hr>164</ns3:hr>
            <ns3:cad>100</ns3:cad>
          </ns3:TrackPointExtension>
        </extensions>
      </trkpt>
      <trkpt lat="41.263500116765499114990234375" lon="115.12890337966382503509521484375">
        <ele>1603</ele>
        <time>2026-06-13T03:47:01.000Z</time>
        <extensions>
          <ns3:TrackPointExtension>
            <ns3:hr>164</ns3:hr>
            <ns3:cad>100</ns3:cad>
          </ns3:TrackPointExtension>
        </extensions>
      </trkpt>
      <trkpt lat="41.26352182589471340179443359375" lon="115.12893162667751312255859375">
        <ele>1603</ele>
        <time>2026-06-13T03:47:02.000Z</time>
        <extensions>
          <ns3:TrackPointExtension>
            <ns3:hr>163</ns3:hr>
            <ns3:cad>100</ns3:cad>
          </ns3:TrackPointExtension>
        </extensions>
      </trkpt>
      <trkpt lat="41.263543702661991119384765625" lon="115.12895953841507434844970703125">
        <ele>1603</ele>
        <time>2026-06-13T03:47:03.000Z</time>
        <extensions>
          <ns3:TrackPointExtension>
            <ns3:hr>164</ns3:hr>
            <ns3:cad>100</ns3:cad>
          </ns3:TrackPointExtension>
        </extensions>
      </trkpt>
      <trkpt lat="41.2635606341063976287841796875" lon="115.128988288342952728271484375">
        <ele>1603</ele>
        <time>2026-06-13T03:47:04.000Z</time>
        <extensions>
          <ns3:TrackPointExtension>
            <ns3:hr>164</ns3:hr>
            <ns3:cad>100</ns3:cad>
          </ns3:TrackPointExtension>
        </extensions>
      </trkpt>
      <trkpt lat="41.2635807506740093231201171875" lon="115.12901603244245052337646484375">
        <ele>1603</ele>
        <time>2026-06-13T03:47:05.000Z</time>
        <extensions>
          <ns3:TrackPointExtension>
            <ns3:hr>163</ns3:hr>
            <ns3:cad>100</ns3:cad>
          </ns3:TrackPointExtension>
        </extensions>
      </trkpt>
      <trkpt lat="41.26360497437417507171630859375" lon="115.12904570437967777252197265625">
        <ele>1603</ele>
        <time>2026-06-13T03:47:06.000Z</time>
        <extensions>
          <ns3:TrackPointExtension>
            <ns3:hr>163</ns3:hr>
            <ns3:cad>100</ns3:cad>
          </ns3:TrackPointExtension>
        </extensions>
      </trkpt>
      <trkpt lat="41.26362316310405731201171875" lon="115.12907504104077816009521484375">
        <ele>1603</ele>
        <time>2026-06-13T03:47:07.000Z</time>
        <extensions>
          <ns3:TrackPointExtension>
            <ns3:hr>163</ns3:hr>
            <ns3:cad>100</ns3:cad>
          </ns3:TrackPointExtension>
        </extensions>
      </trkpt>
      <trkpt lat="41.26364604569971561431884765625" lon="115.12910236604511737823486328125">
        <ele>1603</ele>
        <time>2026-06-13T03:47:08.000Z</time>
        <extensions>
          <ns3:TrackPointExtension>
            <ns3:hr>164</ns3:hr>
            <ns3:cad>100</ns3:cad>
          </ns3:TrackPointExtension>
        </extensions>
      </trkpt>
      <trkpt lat="41.2636655755341053009033203125" lon="115.1291292719542980194091796875">
        <ele>1603</ele>
        <time>2026-06-13T03:47:09.000Z</time>
        <extensions>
          <ns3:TrackPointExtension>
            <ns3:hr>163</ns3:hr>
            <ns3:cad>100</ns3:cad>
          </ns3:TrackPointExtension>
        </extensions>
      </trkpt>
      <trkpt lat="41.26368141733109951019287109375" lon="115.12915559113025665283203125">
        <ele>1603.199951171875</ele>
        <time>2026-06-13T03:47:10.000Z</time>
        <extensions>
          <ns3:TrackPointExtension>
            <ns3:hr>163</ns3:hr>
            <ns3:cad>100</ns3:cad>
          </ns3:TrackPointExtension>
        </extensions>
      </trkpt>
      <trkpt lat="41.2637031264603137969970703125" lon="115.12917998246848583221435546875">
        <ele>1603.4000244140625</ele>
        <time>2026-06-13T03:47:11.000Z</time>
        <extensions>
          <ns3:TrackPointExtension>
            <ns3:hr>163</ns3:hr>
            <ns3:cad>100</ns3:cad>
          </ns3:TrackPointExtension>
        </extensions>
      </trkpt>
      <trkpt lat="41.263718716800212860107421875" lon="115.129203535616397857666015625">
        <ele>1603.4000244140625</ele>
        <time>2026-06-13T03:47:12.000Z</time>
        <extensions>
          <ns3:TrackPointExtension>
            <ns3:hr>164</ns3:hr>
            <ns3:cad>99</ns3:cad>
          </ns3:TrackPointExtension>
        </extensions>
      </trkpt>
      <trkpt lat="41.26373724080622196197509765625" lon="115.12922876514494419097900390625">
        <ele>1603.5999755859375</ele>
        <time>2026-06-13T03:47:13.000Z</time>
        <extensions>
          <ns3:TrackPointExtension>
            <ns3:hr>163</ns3:hr>
            <ns3:cad>98</ns3:cad>
          </ns3:TrackPointExtension>
        </extensions>
      </trkpt>
      <trkpt lat="41.2637547589838504791259765625" lon="115.129254497587680816650390625">
        <ele>1603.800048828125</ele>
        <time>2026-06-13T03:47:14.000Z</time>
        <extensions>
          <ns3:TrackPointExtension>
            <ns3:hr>163</ns3:hr>
            <ns3:cad>97</ns3:cad>
          </ns3:TrackPointExtension>
        </extensions>
      </trkpt>
      <trkpt lat="41.2637711875140666961669921875" lon="115.1292814873158931732177734375">
        <ele>1603.800048828125</ele>
        <time>2026-06-13T03:47:15.000Z</time>
        <extensions>
          <ns3:TrackPointExtension>
            <ns3:hr>164</ns3:hr>
            <ns3:cad>96</ns3:cad>
          </ns3:TrackPointExtension>
        </extensions>
      </trkpt>
      <trkpt lat="41.263788454234600067138671875" lon="115.1293086446821689605712890625">
        <ele>1604</ele>
        <time>2026-06-13T03:47:16.000Z</time>
        <extensions>
          <ns3:TrackPointExtension>
            <ns3:hr>164</ns3:hr>
            <ns3:cad>96</ns3:cad>
          </ns3:TrackPointExtension>
        </extensions>
      </trkpt>
      <trkpt lat="41.26380295492708683013916015625" lon="115.12932951562106609344482421875">
        <ele>1604.199951171875</ele>
        <time>2026-06-13T03:47:17.000Z</time>
        <extensions>
          <ns3:TrackPointExtension>
            <ns3:hr>164</ns3:hr>
            <ns3:cad>96</ns3:cad>
          </ns3:TrackPointExtension>
        </extensions>
      </trkpt>
      <trkpt lat="41.26381837762892246246337890625" lon="115.129356421530246734619140625">
        <ele>1604.4000244140625</ele>
        <time>2026-06-13T03:47:18.000Z</time>
        <extensions>
          <ns3:TrackPointExtension>
            <ns3:hr>164</ns3:hr>
            <ns3:cad>96</ns3:cad>
          </ns3:TrackPointExtension>
        </extensions>
      </trkpt>
      <trkpt lat="41.26383505761623382568359375" lon="115.12938223779201507568359375">
        <ele>1604.5999755859375</ele>
        <time>2026-06-13T03:47:19.000Z</time>
        <extensions>
          <ns3:TrackPointExtension>
            <ns3:hr>163</ns3:hr>
            <ns3:cad>96</ns3:cad>
          </ns3:TrackPointExtension>
        </extensions>
      </trkpt>
      <trkpt lat="41.2638513185083866119384765625" lon="115.129406712949275970458984375">
        <ele>1604.800048828125</ele>
        <time>2026-06-13T03:47:20.000Z</time>
        <extensions>
          <ns3:TrackPointExtension>
            <ns3:hr>164</ns3:hr>
            <ns3:cad>96</ns3:cad>
          </ns3:TrackPointExtension>
        </extensions>
      </trkpt>
      <trkpt lat="41.263879649341106414794921875" lon="115.12942590750753879547119140625">
        <ele>1605</ele>
        <time>2026-06-13T03:47:21.000Z</time>
        <extensions>
          <ns3:TrackPointExtension>
            <ns3:hr>164</ns3:hr>
            <ns3:cad>96</ns3:cad>
          </ns3:TrackPointExtension>
        </extensions>
      </trkpt>
      <trkpt lat="41.26389230601489543914794921875" lon="115.12944803573191165924072265625">
        <ele>1605.199951171875</ele>
        <time>2026-06-13T03:47:22.000Z</time>
        <extensions>
          <ns3:TrackPointExtension>
            <ns3:hr>163</ns3:hr>
            <ns3:cad>96</ns3:cad>
          </ns3:TrackPointExtension>
        </extensions>
      </trkpt>
      <trkpt lat="41.26390747725963592529296875" lon="115.12947284616529941558837890625">
        <ele>1605.199951171875</ele>
        <time>2026-06-13T03:47:23.000Z</time>
        <extensions>
          <ns3:TrackPointExtension>
            <ns3:hr>164</ns3:hr>
            <ns3:cad>96</ns3:cad>
          </ns3:TrackPointExtension>
        </extensions>
      </trkpt>
      <trkpt lat="41.2639280967414379119873046875" lon="115.1295017637312412261962890625">
        <ele>1605.4000244140625</ele>
        <time>2026-06-13T03:47:24.000Z</time>
        <extensions>
          <ns3:TrackPointExtension>
            <ns3:hr>164</ns3:hr>
            <ns3:cad>97</ns3:cad>
          </ns3:TrackPointExtension>
        </extensions>
      </trkpt>
      <trkpt lat="41.26394058577716350555419921875" lon="115.1295262388885021209716796875">
        <ele>1605.5999755859375</ele>
        <time>2026-06-13T03:47:25.000Z</time>
        <extensions>
          <ns3:TrackPointExtension>
            <ns3:hr>163</ns3:hr>
            <ns3:cad>97</ns3:cad>
          </ns3:TrackPointExtension>
        </extensions>
      </trkpt>
      <trkpt lat="41.2639636360108852386474609375" lon="115.1295530609786510467529296875">
        <ele>1605.800048828125</ele>
        <time>2026-06-13T03:47:26.000Z</time>
        <extensions>
          <ns3:TrackPointExtension>
            <ns3:hr>164</ns3:hr>
            <ns3:cad>97</ns3:cad>
          </ns3:TrackPointExtension>
        </extensions>
      </trkpt>
      <trkpt lat="41.26398283056914806365966796875" lon="115.12958399020135402679443359375">
        <ele>1606</ele>
        <time>2026-06-13T03:47:27.000Z</time>
        <extensions>
          <ns3:TrackPointExtension>
            <ns3:hr>164</ns3:hr>
            <ns3:cad>97</ns3:cad>
          </ns3:TrackPointExtension>
        </extensions>
      </trkpt>
      <trkpt lat="41.26399255357682704925537109375" lon="115.129613578319549560546875">
        <ele>1606.199951171875</ele>
        <time>2026-06-13T03:47:28.000Z</time>
        <extensions>
          <ns3:TrackPointExtension>
            <ns3:hr>164</ns3:hr>
            <ns3:cad>97</ns3:cad>
          </ns3:TrackPointExtension>
        </extensions>
      </trkpt>
      <trkpt lat="41.26401367597281932830810546875" lon="115.1296412386000156402587890625">
        <ele>1606.5999755859375</ele>
        <time>2026-06-13T03:47:29.000Z</time>
        <extensions>
          <ns3:TrackPointExtension>
            <ns3:hr>164</ns3:hr>
            <ns3:cad>98</ns3:cad>
          </ns3:TrackPointExtension>
        </extensions>
      </trkpt>
      <trkpt lat="41.26403144560754299163818359375" lon="115.12966521084308624267578125">
        <ele>1606.800048828125</ele>
        <time>2026-06-13T03:47:30.000Z</time>
        <extensions>
          <ns3:TrackPointExtension>
            <ns3:hr>165</ns3:hr>
            <ns3:cad>98</ns3:cad>
          </ns3:TrackPointExtension>
        </extensions>
      </trkpt>
      <trkpt lat="41.26404217444360256195068359375" lon="115.12969127856194972991943359375">
        <ele>1607</ele>
        <time>2026-06-13T03:47:31.000Z</time>
        <extensions>
          <ns3:TrackPointExtension>
            <ns3:hr>165</ns3:hr>
            <ns3:cad>98</ns3:cad>
          </ns3:TrackPointExtension>
        </extensions>
      </trkpt>
      <trkpt lat="41.264065392315387725830078125" lon="115.12972354888916015625">
        <ele>1607.199951171875</ele>
        <time>2026-06-13T03:47:32.000Z</time>
        <extensions>
          <ns3:TrackPointExtension>
            <ns3:hr>165</ns3:hr>
            <ns3:cad>98</ns3:cad>
          </ns3:TrackPointExtension>
        </extensions>
      </trkpt>
      <trkpt lat="41.26408123411238193511962890625" lon="115.12975037097930908203125">
        <ele>1607.199951171875</ele>
        <time>2026-06-13T03:47:33.000Z</time>
        <extensions>
          <ns3:TrackPointExtension>
            <ns3:hr>165</ns3:hr>
            <ns3:cad>97</ns3:cad>
          </ns3:TrackPointExtension>
        </extensions>
      </trkpt>
      <trkpt lat="41.2640953995287418365478515625" lon="115.129776857793331146240234375">
        <ele>1607.4000244140625</ele>
        <time>2026-06-13T03:47:34.000Z</time>
        <extensions>
          <ns3:TrackPointExtension>
            <ns3:hr>165</ns3:hr>
            <ns3:cad>98</ns3:cad>
          </ns3:TrackPointExtension>
        </extensions>
      </trkpt>
      <trkpt lat="41.26411777921020984649658203125" lon="115.129806697368621826171875">
        <ele>1607.4000244140625</ele>
        <time>2026-06-13T03:47:35.000Z</time>
        <extensions>
          <ns3:TrackPointExtension>
            <ns3:hr>166</ns3:hr>
            <ns3:cad>98</ns3:cad>
          </ns3:TrackPointExtension>
        </extensions>
      </trkpt>
      <trkpt lat="41.2641321122646331787109375" lon="115.12983829714357852935791015625">
        <ele>1607.4000244140625</ele>
        <time>2026-06-13T03:47:36.000Z</time>
        <extensions>
          <ns3:TrackPointExtension>
            <ns3:hr>166</ns3:hr>
            <ns3:cad>99</ns3:cad>
          </ns3:TrackPointExtension>
        </extensions>
      </trkpt>
      <trkpt lat="41.2641508877277374267578125" lon="115.12986813671886920928955078125">
        <ele>1607.4000244140625</ele>
        <time>2026-06-13T03:47:37.000Z</time>
        <extensions>
          <ns3:TrackPointExtension>
            <ns3:hr>166</ns3:hr>
            <ns3:cad>99</ns3:cad>
          </ns3:TrackPointExtension>
        </extensions>
      </trkpt>
      <trkpt lat="41.2641745246946811676025390625" lon="115.12989814393222332000732421875">
        <ele>1607.5999755859375</ele>
        <time>2026-06-13T03:47:38.000Z</time>
        <extensions>
          <ns3:TrackPointExtension>
            <ns3:hr>166</ns3:hr>
            <ns3:cad>99</ns3:cad>
          </ns3:TrackPointExtension>
        </extensions>
      </trkpt>
      <trkpt lat="41.2641839124262332916259765625" lon="115.1299275644123554229736328125">
        <ele>1607.5999755859375</ele>
        <time>2026-06-13T03:47:39.000Z</time>
        <extensions>
          <ns3:TrackPointExtension>
            <ns3:hr>166</ns3:hr>
            <ns3:cad>99</ns3:cad>
          </ns3:TrackPointExtension>
        </extensions>
      </trkpt>
      <trkpt lat="41.2642006762325763702392578125" lon="115.1299527101218700408935546875">
        <ele>1607.800048828125</ele>
        <time>2026-06-13T03:47:40.000Z</time>
        <extensions>
          <ns3:TrackPointExtension>
            <ns3:hr>166</ns3:hr>
            <ns3:cad>100</ns3:cad>
          </ns3:TrackPointExtension>
        </extensions>
      </trkpt>
      <trkpt lat="41.2642206251621246337890625" lon="115.129979364573955535888671875">
        <ele>1607.800048828125</ele>
        <time>2026-06-13T03:47:41.000Z</time>
        <extensions>
          <ns3:TrackPointExtension>
            <ns3:hr>166</ns3:hr>
            <ns3:cad>100</ns3:cad>
          </ns3:TrackPointExtension>
        </extensions>
      </trkpt>
      <trkpt lat="41.26422774977982044219970703125" lon="115.1300060190260410308837890625">
        <ele>1608</ele>
        <time>2026-06-13T03:47:42.000Z</time>
        <extensions>
          <ns3:TrackPointExtension>
            <ns3:hr>166</ns3:hr>
            <ns3:cad>98</ns3:cad>
          </ns3:TrackPointExtension>
        </extensions>
      </trkpt>
      <trkpt lat="41.264245770871639251708984375" lon="115.13003443367779254913330078125">
        <ele>1608</ele>
        <time>2026-06-13T03:47:43.000Z</time>
        <extensions>
          <ns3:TrackPointExtension>
            <ns3:hr>165</ns3:hr>
            <ns3:cad>98</ns3:cad>
          </ns3:TrackPointExtension>
        </extensions>
      </trkpt>
      <trkpt lat="41.2642647139728069305419921875" lon="115.1300643570721149444580078125">
        <ele>1608</ele>
        <time>2026-06-13T03:47:44.000Z</time>
        <extensions>
          <ns3:TrackPointExtension>
            <ns3:hr>165</ns3:hr>
            <ns3:cad>98</ns3:cad>
          </ns3:TrackPointExtension>
        </extensions>
      </trkpt>
      <trkpt lat="41.26428030431270599365234375" lon="115.13008958660066127777099609375">
        <ele>1608</ele>
        <time>2026-06-13T03:47:45.000Z</time>
        <extensions>
          <ns3:TrackPointExtension>
            <ns3:hr>165</ns3:hr>
            <ns3:cad>98</ns3:cad>
          </ns3:TrackPointExtension>
        </extensions>
      </trkpt>
      <trkpt lat="41.26430620439350605010986328125" lon="115.13011942617595195770263671875">
        <ele>1608</ele>
        <time>2026-06-13T03:47:46.000Z</time>
        <extensions>
          <ns3:TrackPointExtension>
            <ns3:hr>166</ns3:hr>
            <ns3:cad>98</ns3:cad>
          </ns3:TrackPointExtension>
        </extensions>
      </trkpt>
      <trkpt lat="41.26432321965694427490234375" lon="115.1301471702754497528076171875">
        <ele>1608</ele>
        <time>2026-06-13T03:47:47.000Z</time>
        <extensions>
          <ns3:TrackPointExtension>
            <ns3:hr>166</ns3:hr>
            <ns3:cad>99</ns3:cad>
          </ns3:TrackPointExtension>
        </extensions>
      </trkpt>
      <trkpt lat="41.26433654688298702239990234375" lon="115.13017441146075725555419921875">
        <ele>1608</ele>
        <time>2026-06-13T03:47:48.000Z</time>
        <extensions>
          <ns3:TrackPointExtension>
            <ns3:hr>166</ns3:hr>
            <ns3:cad>99</ns3:cad>
          </ns3:TrackPointExtension>
        </extensions>
      </trkpt>
      <trkpt lat="41.264361105859279632568359375" lon="115.13020425103604793548583984375">
        <ele>1608</ele>
        <time>2026-06-13T03:47:49.000Z</time>
        <extensions>
          <ns3:TrackPointExtension>
            <ns3:hr>166</ns3:hr>
            <ns3:cad>99</ns3:cad>
          </ns3:TrackPointExtension>
        </extensions>
      </trkpt>
      <trkpt lat="41.26437686383724212646484375" lon="115.13022906146943569183349609375">
        <ele>1608</ele>
        <time>2026-06-13T03:47:50.000Z</time>
        <extensions>
          <ns3:TrackPointExtension>
            <ns3:hr>166</ns3:hr>
            <ns3:cad>99</ns3:cad>
          </ns3:TrackPointExtension>
        </extensions>
      </trkpt>
      <trkpt lat="41.2643934600055217742919921875" lon="115.13025420717895030975341796875">
        <ele>1608.199951171875</ele>
        <time>2026-06-13T03:47:51.000Z</time>
        <extensions>
          <ns3:TrackPointExtension>
            <ns3:hr>166</ns3:hr>
            <ns3:cad>99</ns3:cad>
          </ns3:TrackPointExtension>
        </extensions>
      </trkpt>
      <trkpt lat="41.264420449733734130859375" lon="115.130283124744892120361328125">
        <ele>1608</ele>
        <time>2026-06-13T03:47:52.000Z</time>
        <extensions>
          <ns3:TrackPointExtension>
            <ns3:hr>167</ns3:hr>
            <ns3:cad>99</ns3:cad>
          </ns3:TrackPointExtension>
        </extensions>
      </trkpt>
      <trkpt lat="41.2644326873123645782470703125" lon="115.13030634261667728424072265625">
        <ele>1608</ele>
        <time>2026-06-13T03:47:53.000Z</time>
        <extensions>
          <ns3:TrackPointExtension>
            <ns3:hr>167</ns3:hr>
            <ns3:cad>99</ns3:cad>
          </ns3:TrackPointExtension>
        </extensions>
      </trkpt>
      <trkpt lat="41.26444702036678791046142578125" lon="115.1303364336490631103515625">
        <ele>1608</ele>
        <time>2026-06-13T03:47:54.000Z</time>
        <extensions>
          <ns3:TrackPointExtension>
            <ns3:hr>167</ns3:hr>
            <ns3:cad>99</ns3:cad>
          </ns3:TrackPointExtension>
        </extensions>
      </trkpt>
      <trkpt lat="41.2644682265818119049072265625" lon="115.1303657703101634979248046875">
        <ele>1608</ele>
        <time>2026-06-13T03:47:55.000Z</time>
        <extensions>
          <ns3:TrackPointExtension>
            <ns3:hr>167</ns3:hr>
            <ns3:cad>99</ns3:cad>
          </ns3:TrackPointExtension>
        </extensions>
      </trkpt>
      <trkpt lat="41.26448272727429866790771484375" lon="115.13039234094321727752685546875">
        <ele>1608</ele>
        <time>2026-06-13T03:47:56.000Z</time>
        <extensions>
          <ns3:TrackPointExtension>
            <ns3:hr>167</ns3:hr>
            <ns3:cad>99</ns3:cad>
          </ns3:TrackPointExtension>
        </extensions>
      </trkpt>
      <trkpt lat="41.26450158655643463134765625" lon="115.13042335398495197296142578125">
        <ele>1608</ele>
        <time>2026-06-13T03:47:57.000Z</time>
        <extensions>
          <ns3:TrackPointExtension>
            <ns3:hr>168</ns3:hr>
            <ns3:cad>99</ns3:cad>
          </ns3:TrackPointExtension>
        </extensions>
      </trkpt>
      <trkpt lat="41.26452379859983921051025390625" lon="115.1304556243121623992919921875">
        <ele>1608</ele>
        <time>2026-06-13T03:47:58.000Z</time>
        <extensions>
          <ns3:TrackPointExtension>
            <ns3:hr>168</ns3:hr>
            <ns3:cad>99</ns3:cad>
          </ns3:TrackPointExtension>
        </extensions>
      </trkpt>
      <trkpt lat="41.2645366229116916656494140625" lon="115.1304837875068187713623046875">
        <ele>1607.800048828125</ele>
        <time>2026-06-13T03:47:59.000Z</time>
        <extensions>
          <ns3:TrackPointExtension>
            <ns3:hr>169</ns3:hr>
            <ns3:cad>99</ns3:cad>
          </ns3:TrackPointExtension>
        </extensions>
      </trkpt>
      <trkpt lat="41.26455682329833507537841796875" lon="115.13051454909145832061767578125">
        <ele>1607.800048828125</ele>
        <time>2026-06-13T03:48:00.000Z</time>
        <extensions>
          <ns3:TrackPointExtension>
            <ns3:hr>169</ns3:hr>
            <ns3:cad>99</ns3:cad>
          </ns3:TrackPointExtension>
        </extensions>
      </trkpt>
      <trkpt lat="41.2645788677036762237548828125" lon="115.130546987056732177734375">
        <ele>1607.5999755859375</ele>
        <time>2026-06-13T03:48:01.000Z</time>
        <extensions>
          <ns3:TrackPointExtension>
            <ns3:hr>169</ns3:hr>
            <ns3:cad>100</ns3:cad>
          </ns3:TrackPointExtension>
        </extensions>
      </trkpt>
      <trkpt lat="41.26459278166294097900390625" lon="115.13057422824203968048095703125">
        <ele>1607.5999755859375</ele>
        <time>2026-06-13T03:48:02.000Z</time>
        <extensions>
          <ns3:TrackPointExtension>
            <ns3:hr>169</ns3:hr>
            <ns3:cad>100</ns3:cad>
          </ns3:TrackPointExtension>
        </extensions>
      </trkpt>
      <trkpt lat="41.2646130658686161041259765625" lon="115.1306085102260112762451171875">
        <ele>1607.4000244140625</ele>
        <time>2026-06-13T03:48:03.000Z</time>
        <extensions>
          <ns3:TrackPointExtension>
            <ns3:hr>170</ns3:hr>
            <ns3:cad>100</ns3:cad>
          </ns3:TrackPointExtension>
        </extensions>
      </trkpt>
      <trkpt lat="41.26463972032070159912109375" lon="115.13064019381999969482421875">
        <ele>1607.199951171875</ele>
        <time>2026-06-13T03:48:04.000Z</time>
        <extensions>
          <ns3:TrackPointExtension>
            <ns3:hr>169</ns3:hr>
            <ns3:cad>100</ns3:cad>
          </ns3:TrackPointExtension>
        </extensions>
      </trkpt>
      <trkpt lat="41.2646522931754589080810546875" lon="115.130666680634021759033203125">
        <ele>1607</ele>
        <time>2026-06-13T03:48:05.000Z</time>
        <extensions>
          <ns3:TrackPointExtension>
            <ns3:hr>169</ns3:hr>
            <ns3:cad>100</ns3:cad>
          </ns3:TrackPointExtension>
        </extensions>
      </trkpt>
      <trkpt lat="41.264674253761768341064453125" lon="115.1307003758847713470458984375">
        <ele>1606.800048828125</ele>
        <time>2026-06-13T03:48:06.000Z</time>
        <extensions>
          <ns3:TrackPointExtension>
            <ns3:hr>169</ns3:hr>
            <ns3:cad>100</ns3:cad>
          </ns3:TrackPointExtension>
        </extensions>
      </trkpt>
      <trkpt lat="41.2646985612809658050537109375" lon="115.1307332329452037811279296875">
        <ele>1606.5999755859375</ele>
        <time>2026-06-13T03:48:07.000Z</time>
        <extensions>
          <ns3:TrackPointExtension>
            <ns3:hr>169</ns3:hr>
            <ns3:cad>100</ns3:cad>
          </ns3:TrackPointExtension>
        </extensions>
      </trkpt>
      <trkpt lat="41.2647139839828014373779296875" lon="115.13076131232082843780517578125">
        <ele>1606.4000244140625</ele>
        <time>2026-06-13T03:48:08.000Z</time>
        <extensions>
          <ns3:TrackPointExtension>
            <ns3:hr>169</ns3:hr>
            <ns3:cad>100</ns3:cad>
          </ns3:TrackPointExtension>
        </extensions>
      </trkpt>
      <trkpt lat="41.26472932286560535430908203125" lon="115.13079366646707057952880859375">
        <ele>1606.199951171875</ele>
        <time>2026-06-13T03:48:09.000Z</time>
        <extensions>
          <ns3:TrackPointExtension>
            <ns3:hr>169</ns3:hr>
            <ns3:cad>100</ns3:cad>
          </ns3:TrackPointExtension>
        </extensions>
      </trkpt>
      <trkpt lat="41.26475212164223194122314453125" lon="115.1308294571936130523681640625">
        <ele>1606</ele>
        <time>2026-06-13T03:48:10.000Z</time>
        <extensions>
          <ns3:TrackPointExtension>
            <ns3:hr>169</ns3:hr>
            <ns3:cad>100</ns3:cad>
          </ns3:TrackPointExtension>
        </extensions>
      </trkpt>
      <trkpt lat="41.264764778316020965576171875" lon="115.130857788026332855224609375">
        <ele>1605.800048828125</ele>
        <time>2026-06-13T03:48:11.000Z</time>
        <extensions>
          <ns3:TrackPointExtension>
            <ns3:hr>168</ns3:hr>
            <ns3:cad>101</ns3:cad>
          </ns3:TrackPointExtension>
        </extensions>
      </trkpt>
      <trkpt lat="41.26477777026593685150146484375" lon="115.1308948360383510589599609375">
        <ele>1605.5999755859375</ele>
        <time>2026-06-13T03:48:12.000Z</time>
        <extensions>
          <ns3:TrackPointExtension>
            <ns3:hr>168</ns3:hr>
            <ns3:cad>101</ns3:cad>
          </ns3:TrackPointExtension>
        </extensions>
      </trkpt>
      <trkpt lat="41.2647994793951511383056640625" lon="115.13093012385070323944091796875">
        <ele>1605.4000244140625</ele>
        <time>2026-06-13T03:48:13.000Z</time>
        <extensions>
          <ns3:TrackPointExtension>
            <ns3:hr>168</ns3:hr>
            <ns3:cad>101</ns3:cad>
          </ns3:TrackPointExtension>
        </extensions>
      </trkpt>
      <trkpt lat="41.26481247134506702423095703125" lon="115.13096071779727935791015625">
        <ele>1605.4000244140625</ele>
        <time>2026-06-13T03:48:14.000Z</time>
        <extensions>
          <ns3:TrackPointExtension>
            <ns3:hr>168</ns3:hr>
            <ns3:cad>101</ns3:cad>
          </ns3:TrackPointExtension>
        </extensions>
      </trkpt>
      <trkpt lat="41.2648189254105091094970703125" lon="115.1309981010854244232177734375">
        <ele>1605.199951171875</ele>
        <time>2026-06-13T03:48:15.000Z</time>
        <extensions>
          <ns3:TrackPointExtension>
            <ns3:hr>168</ns3:hr>
            <ns3:cad>101</ns3:cad>
          </ns3:TrackPointExtension>
        </extensions>
      </trkpt>
      <trkpt lat="41.26483820378780364990234375" lon="115.13103959150612354278564453125">
        <ele>1604.800048828125</ele>
        <time>2026-06-13T03:48:16.000Z</time>
        <extensions>
          <ns3:TrackPointExtension>
            <ns3:hr>168</ns3:hr>
            <ns3:cad>101</ns3:cad>
          </ns3:TrackPointExtension>
        </extensions>
      </trkpt>
      <trkpt lat="41.2648487649857997894287109375" lon="115.13107043690979480743408203125">
        <ele>1604.800048828125</ele>
        <time>2026-06-13T03:48:17.000Z</time>
        <extensions>
          <ns3:TrackPointExtension>
            <ns3:hr>168</ns3:hr>
            <ns3:cad>101</ns3:cad>
          </ns3:TrackPointExtension>
        </extensions>
      </trkpt>
      <trkpt lat="41.26485689543187618255615234375" lon="115.13110597617924213409423828125">
        <ele>1604.5999755859375</ele>
        <time>2026-06-13T03:48:18.000Z</time>
        <extensions>
          <ns3:TrackPointExtension>
            <ns3:hr>167</ns3:hr>
            <ns3:cad>101</ns3:cad>
          </ns3:TrackPointExtension>
        </extensions>
      </trkpt>
      <trkpt lat="41.2648724019527435302734375" lon="115.1311469636857509613037109375">
        <ele>1604.4000244140625</ele>
        <time>2026-06-13T03:48:19.000Z</time>
        <extensions>
          <ns3:TrackPointExtension>
            <ns3:hr>167</ns3:hr>
            <ns3:cad>100</ns3:cad>
          </ns3:TrackPointExtension>
        </extensions>
      </trkpt>
      <trkpt lat="41.264882124960422515869140625" lon="115.1311764679849147796630859375">
        <ele>1604.4000244140625</ele>
        <time>2026-06-13T03:48:20.000Z</time>
        <extensions>
          <ns3:TrackPointExtension>
            <ns3:hr>167</ns3:hr>
            <ns3:cad>100</ns3:cad>
          </ns3:TrackPointExtension>
        </extensions>
      </trkpt>
      <trkpt lat="41.2648903392255306243896484375" lon="115.13121108524501323699951171875">
        <ele>1604.199951171875</ele>
        <time>2026-06-13T03:48:21.000Z</time>
        <extensions>
          <ns3:TrackPointExtension>
            <ns3:hr>167</ns3:hr>
            <ns3:cad>100</ns3:cad>
          </ns3:TrackPointExtension>
        </extensions>
      </trkpt>
      <trkpt lat="41.2649091146886348724365234375" lon="115.13125115074217319488525390625">
        <ele>1604</ele>
        <time>2026-06-13T03:48:22.000Z</time>
        <extensions>
          <ns3:TrackPointExtension>
            <ns3:hr>167</ns3:hr>
            <ns3:cad>100</ns3:cad>
          </ns3:TrackPointExtension>
        </extensions>
      </trkpt>
      <trkpt lat="41.264921687543392181396484375" lon="115.13128635473549365997314453125">
        <ele>1604</ele>
        <time>2026-06-13T03:48:23.000Z</time>
        <extensions>
          <ns3:TrackPointExtension>
            <ns3:hr>167</ns3:hr>
            <ns3:cad>99</ns3:cad>
          </ns3:TrackPointExtension>
        </extensions>
      </trkpt>
      <trkpt lat="41.26493635587394237518310546875" lon="115.131321810185909271240234375">
        <ele>1603.800048828125</ele>
        <time>2026-06-13T03:48:24.000Z</time>
        <extensions>
          <ns3:TrackPointExtension>
            <ns3:hr>167</ns3:hr>
            <ns3:cad>99</ns3:cad>
          </ns3:TrackPointExtension>
        </extensions>
      </trkpt>
      <trkpt lat="41.2649543769657611846923828125" lon="115.13136229477822780609130859375">
        <ele>1603.5999755859375</ele>
        <time>2026-06-13T03:48:25.000Z</time>
        <extensions>
          <ns3:TrackPointExtension>
            <ns3:hr>167</ns3:hr>
            <ns3:cad>100</ns3:cad>
          </ns3:TrackPointExtension>
        </extensions>
      </trkpt>
      <trkpt lat="41.264964602887630462646484375" lon="115.1313967444002628326416015625">
        <ele>1603.5999755859375</ele>
        <time>2026-06-13T03:48:26.000Z</time>
        <extensions>
          <ns3:TrackPointExtension>
            <ns3:hr>167</ns3:hr>
            <ns3:cad>100</ns3:cad>
          </ns3:TrackPointExtension>
        </extensions>
      </trkpt>
      <trkpt lat="41.26498061232268810272216796875" lon="115.1314326189458370208740234375">
        <ele>1603.5999755859375</ele>
        <time>2026-06-13T03:48:27.000Z</time>
        <extensions>
          <ns3:TrackPointExtension>
            <ns3:hr>168</ns3:hr>
            <ns3:cad>100</ns3:cad>
          </ns3:TrackPointExtension>
        </extensions>
      </trkpt>
      <trkpt lat="41.26499989069998264312744140625" lon="115.13146790675818920135498046875">
        <ele>1603.5999755859375</ele>
        <time>2026-06-13T03:48:28.000Z</time>
        <extensions>
          <ns3:TrackPointExtension>
            <ns3:hr>167</ns3:hr>
            <ns3:cad>99</ns3:cad>
          </ns3:TrackPointExtension>
        </extensions>
      </trkpt>
      <trkpt lat="41.2650083564221858978271484375" lon="115.1315005123615264892578125">
        <ele>1603.5999755859375</ele>
        <time>2026-06-13T03:48:29.000Z</time>
        <extensions>
          <ns3:TrackPointExtension>
            <ns3:hr>167</ns3:hr>
            <ns3:cad>99</ns3:cad>
          </ns3:TrackPointExtension>
        </extensions>
      </trkpt>
      <trkpt lat="41.26502252183854579925537109375" lon="115.13153580017387866973876953125">
        <ele>1603.5999755859375</ele>
        <time>2026-06-13T03:48:30.000Z</time>
        <extensions>
          <ns3:TrackPointExtension>
            <ns3:hr>167</ns3:hr>
            <ns3:cad>99</ns3:cad>
          </ns3:TrackPointExtension>
        </extensions>
      </trkpt>
      <trkpt lat="41.2650422193109989166259765625" lon="115.1315720938146114349365234375">
        <ele>1603.5999755859375</ele>
        <time>2026-06-13T03:48:31.000Z</time>
        <extensions>
          <ns3:TrackPointExtension>
            <ns3:hr>167</ns3:hr>
            <ns3:cad>99</ns3:cad>
          </ns3:TrackPointExtension>
        </extensions>
      </trkpt>
      <trkpt lat="41.26504833810031414031982421875" lon="115.1316039450466632843017578125">
        <ele>1603.5999755859375</ele>
        <time>2026-06-13T03:48:32.000Z</time>
        <extensions>
          <ns3:TrackPointExtension>
            <ns3:hr>167</ns3:hr>
            <ns3:cad>98</ns3:cad>
          </ns3:TrackPointExtension>
        </extensions>
      </trkpt>
      <trkpt lat="41.26506149768829345703125" lon="115.13163839466869831085205078125">
        <ele>1603.4000244140625</ele>
        <time>2026-06-13T03:48:33.000Z</time>
        <extensions>
          <ns3:TrackPointExtension>
            <ns3:hr>166</ns3:hr>
            <ns3:cad>98</ns3:cad>
          </ns3:TrackPointExtension>
        </extensions>
      </trkpt>
      <trkpt lat="41.26507365144789218902587890625" lon="115.1316760294139385223388671875">
        <ele>1603</ele>
        <time>2026-06-13T03:48:34.000Z</time>
        <extensions>
          <ns3:TrackPointExtension>
            <ns3:hr>166</ns3:hr>
            <ns3:cad>100</ns3:cad>
          </ns3:TrackPointExtension>
        </extensions>
      </trkpt>
      <trkpt lat="41.2650760821998119354248046875" lon="115.13171047903597354888916015625">
        <ele>1602.5999755859375</ele>
        <time>2026-06-13T03:48:35.000Z</time>
        <extensions>
          <ns3:TrackPointExtension>
            <ns3:hr>166</ns3:hr>
            <ns3:cad>100</ns3:cad>
          </ns3:TrackPointExtension>
        </extensions>
      </trkpt>
      <trkpt lat="41.265079267323017120361328125" lon="115.13174987398087978363037109375">
        <ele>1602.4000244140625</ele>
        <time>2026-06-13T03:48:36.000Z</time>
        <extensions>
          <ns3:TrackPointExtension>
            <ns3:hr>166</ns3:hr>
            <ns3:cad>100</ns3:cad>
          </ns3:TrackPointExtension>
        </extensions>
      </trkpt>
      <trkpt lat="41.26508655957877635955810546875" lon="115.1318000815808773040771484375">
        <ele>1602.199951171875</ele>
        <time>2026-06-13T03:48:37.000Z</time>
        <extensions>
          <ns3:TrackPointExtension>
            <ns3:hr>166</ns3:hr>
            <ns3:cad>100</ns3:cad>
          </ns3:TrackPointExtension>
        </extensions>
      </trkpt>
      <trkpt lat="41.2650842964649200439453125" lon="115.1318403147161006927490234375">
        <ele>1602</ele>
        <time>2026-06-13T03:48:38.000Z</time>
        <extensions>
          <ns3:TrackPointExtension>
            <ns3:hr>167</ns3:hr>
            <ns3:cad>100</ns3:cad>
          </ns3:TrackPointExtension>
        </extensions>
      </trkpt>
      <trkpt lat="41.26507968641817569732666015625" lon="115.1318788714706897735595703125">
        <ele>1601.800048828125</ele>
        <time>2026-06-13T03:48:39.000Z</time>
        <extensions>
          <ns3:TrackPointExtension>
            <ns3:hr>166</ns3:hr>
            <ns3:cad>101</ns3:cad>
          </ns3:TrackPointExtension>
        </extensions>
      </trkpt>
      <trkpt lat="41.26507222652435302734375" lon="115.1319298334419727325439453125">
        <ele>1601.5999755859375</ele>
        <time>2026-06-13T03:48:40.000Z</time>
        <extensions>
          <ns3:TrackPointExtension>
            <ns3:hr>166</ns3:hr>
            <ns3:cad>101</ns3:cad>
          </ns3:TrackPointExtension>
        </extensions>
      </trkpt>
      <trkpt lat="41.2650630064308643341064453125" lon="115.1319672167301177978515625">
        <ele>1601.199951171875</ele>
        <time>2026-06-13T03:48:41.000Z</time>
        <extensions>
          <ns3:TrackPointExtension>
            <ns3:hr>166</ns3:hr>
            <ns3:cad>101</ns3:cad>
          </ns3:TrackPointExtension>
        </extensions>
      </trkpt>
      <trkpt lat="41.26505672000348567962646484375" lon="115.13199965469539165496826171875">
        <ele>1601</ele>
        <time>2026-06-13T03:48:42.000Z</time>
        <extensions>
          <ns3:TrackPointExtension>
            <ns3:hr>166</ns3:hr>
            <ns3:cad>101</ns3:cad>
          </ns3:TrackPointExtension>
        </extensions>
      </trkpt>
      <trkpt lat="41.2650495953857898712158203125" lon="115.1320512033998966217041015625">
        <ele>1600.800048828125</ele>
        <time>2026-06-13T03:48:43.000Z</time>
        <extensions>
          <ns3:TrackPointExtension>
            <ns3:hr>166</ns3:hr>
            <ns3:cad>100</ns3:cad>
          </ns3:TrackPointExtension>
        </extensions>
      </trkpt>
      <trkpt lat="41.2650385312736034393310546875" lon="115.13209001161158084869384765625">
        <ele>1600.5999755859375</ele>
        <time>2026-06-13T03:48:44.000Z</time>
        <extensions>
          <ns3:TrackPointExtension>
            <ns3:hr>166</ns3:hr>
            <ns3:cad>100</ns3:cad>
          </ns3:TrackPointExtension>
        </extensions>
      </trkpt>
      <trkpt lat="41.26502604223787784576416015625" lon="115.1321202702820301055908203125">
        <ele>1600.4000244140625</ele>
        <time>2026-06-13T03:48:45.000Z</time>
        <extensions>
          <ns3:TrackPointExtension>
            <ns3:hr>165</ns3:hr>
            <ns3:cad>100</ns3:cad>
          </ns3:TrackPointExtension>
        </extensions>
      </trkpt>
      <trkpt lat="41.26501388847827911376953125" lon="115.1321662031114101409912109375">
        <ele>1600.5999755859375</ele>
        <time>2026-06-13T03:48:46.000Z</time>
        <extensions>
          <ns3:TrackPointExtension>
            <ns3:hr>165</ns3:hr>
            <ns3:cad>100</ns3:cad>
          </ns3:TrackPointExtension>
        </extensions>
      </trkpt>
      <trkpt lat="41.26500039361417293548583984375" lon="115.13220065273344516754150390625">
        <ele>1600.5999755859375</ele>
        <time>2026-06-13T03:48:47.000Z</time>
        <extensions>
          <ns3:TrackPointExtension>
            <ns3:hr>165</ns3:hr>
            <ns3:cad>100</ns3:cad>
          </ns3:TrackPointExtension>
        </extensions>
      </trkpt>
      <trkpt lat="41.2649862281978130340576171875" lon="115.1322288997471332550048828125">
        <ele>1600.5999755859375</ele>
        <time>2026-06-13T03:48:48.000Z</time>
        <extensions>
          <ns3:TrackPointExtension>
            <ns3:hr>165</ns3:hr>
            <ns3:cad>100</ns3:cad>
          </ns3:TrackPointExtension>
        </extensions>
      </trkpt>
      <trkpt lat="41.26497365534305572509765625" lon="115.13227206654846668243408203125">
        <ele>1600.5999755859375</ele>
        <time>2026-06-13T03:48:49.000Z</time>
        <extensions>
          <ns3:TrackPointExtension>
            <ns3:hr>165</ns3:hr>
            <ns3:cad>100</ns3:cad>
          </ns3:TrackPointExtension>
        </extensions>
      </trkpt>
      <trkpt lat="41.264962255954742431640625" lon="115.13230676762759685516357421875">
        <ele>1600.5999755859375</ele>
        <time>2026-06-13T03:48:50.000Z</time>
        <extensions>
          <ns3:TrackPointExtension>
            <ns3:hr>165</ns3:hr>
            <ns3:cad>100</ns3:cad>
          </ns3:TrackPointExtension>
        </extensions>
      </trkpt>
      <trkpt lat="41.2649493478238582611083984375" lon="115.13233610428869724273681640625">
        <ele>1600.4000244140625</ele>
        <time>2026-06-13T03:48:51.000Z</time>
        <extensions>
          <ns3:TrackPointExtension>
            <ns3:hr>165</ns3:hr>
            <ns3:cad>100</ns3:cad>
          </ns3:TrackPointExtension>
        </extensions>
      </trkpt>
      <trkpt lat="41.26494155265390872955322265625" lon="115.1323814503848552703857421875">
        <ele>1600.199951171875</ele>
        <time>2026-06-13T03:48:52.000Z</time>
        <extensions>
          <ns3:TrackPointExtension>
            <ns3:hr>165</ns3:hr>
            <ns3:cad>100</ns3:cad>
          </ns3:TrackPointExtension>
        </extensions>
      </trkpt>
      <trkpt lat="41.26493199728429317474365234375" lon="115.13241992332041263580322265625">
        <ele>1600.199951171875</ele>
        <time>2026-06-13T03:48:53.000Z</time>
        <extensions>
          <ns3:TrackPointExtension>
            <ns3:hr>165</ns3:hr>
            <ns3:cad>101</ns3:cad>
          </ns3:TrackPointExtension>
        </extensions>
      </trkpt>
      <trkpt lat="41.264919005334377288818359375" lon="115.1324501819908618927001953125">
        <ele>1600</ele>
        <time>2026-06-13T03:48:54.000Z</time>
        <extensions>
          <ns3:TrackPointExtension>
            <ns3:hr>165</ns3:hr>
            <ns3:cad>100</ns3:cad>
          </ns3:TrackPointExtension>
        </extensions>
      </trkpt>
      <trkpt lat="41.2649094499647617340087890625" lon="115.13249318115413188934326171875">
        <ele>1600</ele>
        <time>2026-06-13T03:48:55.000Z</time>
        <extensions>
          <ns3:TrackPointExtension>
            <ns3:hr>164</ns3:hr>
            <ns3:cad>100</ns3:cad>
          </ns3:TrackPointExtension>
        </extensions>
      </trkpt>
      <trkpt lat="41.26489528454840183258056640625" lon="115.13253022916615009307861328125">
        <ele>1600</ele>
        <time>2026-06-13T03:48:56.000Z</time>
        <extensions>
          <ns3:TrackPointExtension>
            <ns3:hr>164</ns3:hr>
            <ns3:cad>100</ns3:cad>
          </ns3:TrackPointExtension>
        </extensions>
      </trkpt>
      <trkpt lat="41.2648819573223590850830078125" lon="115.1325581409037113189697265625">
        <ele>1600</ele>
        <time>2026-06-13T03:48:57.000Z</time>
        <extensions>
          <ns3:TrackPointExtension>
            <ns3:hr>164</ns3:hr>
            <ns3:cad>100</ns3:cad>
          </ns3:TrackPointExtension>
        </extensions>
      </trkpt>
      <trkpt lat="41.264865696430206298828125" lon="115.13259845785796642303466796875">
        <ele>1599.800048828125</ele>
        <time>2026-06-13T03:48:58.000Z</time>
        <extensions>
          <ns3:TrackPointExtension>
            <ns3:hr>165</ns3:hr>
            <ns3:cad>100</ns3:cad>
          </ns3:TrackPointExtension>
        </extensions>
      </trkpt>
      <trkpt lat="41.264848597347736358642578125" lon="115.1326352544128894805908203125">
        <ele>1599.800048828125</ele>
        <time>2026-06-13T03:48:59.000Z</time>
        <extensions>
          <ns3:TrackPointExtension>
            <ns3:hr>164</ns3:hr>
            <ns3:cad>100</ns3:cad>
          </ns3:TrackPointExtension>
        </extensions>
      </trkpt>
      <trkpt lat="41.26483225263655185699462890625" lon="115.13266450725495815277099609375">
        <ele>1599.800048828125</ele>
        <time>2026-06-13T03:49:00.000Z</time>
        <extensions>
          <ns3:TrackPointExtension>
            <ns3:hr>164</ns3:hr>
            <ns3:cad>100</ns3:cad>
          </ns3:TrackPointExtension>
        </extensions>
      </trkpt>
      <trkpt lat="41.26481599174439907073974609375" lon="115.13270415365695953369140625">
        <ele>1599.5999755859375</ele>
        <time>2026-06-13T03:49:01.000Z</time>
        <extensions>
          <ns3:TrackPointExtension>
            <ns3:hr>165</ns3:hr>
            <ns3:cad>98</ns3:cad>
          </ns3:TrackPointExtension>
        </extensions>
      </trkpt>
      <trkpt lat="41.2648004852235317230224609375" lon="115.132742039859294891357421875">
        <ele>1599.5999755859375</ele>
        <time>2026-06-13T03:49:02.000Z</time>
        <extensions>
          <ns3:TrackPointExtension>
            <ns3:hr>164</ns3:hr>
            <ns3:cad>98</ns3:cad>
          </ns3:TrackPointExtension>
        </extensions>
      </trkpt>
      <trkpt lat="41.2647877447307109832763671875" lon="115.13277380727231502532958984375">
        <ele>1599.4000244140625</ele>
        <time>2026-06-13T03:49:03.000Z</time>
        <extensions>
          <ns3:TrackPointExtension>
            <ns3:hr>164</ns3:hr>
            <ns3:cad>98</ns3:cad>
          </ns3:TrackPointExtension>
        </extensions>
      </trkpt>
      <trkpt lat="41.26477743498980998992919921875" lon="115.13281554915010929107666015625">
        <ele>1599.4000244140625</ele>
        <time>2026-06-13T03:49:04.000Z</time>
        <extensions>
          <ns3:TrackPointExtension>
            <ns3:hr>165</ns3:hr>
            <ns3:cad>98</ns3:cad>
          </ns3:TrackPointExtension>
        </extensions>
      </trkpt>
      <trkpt lat="41.264762096107006072998046875" lon="115.13285812921822071075439453125">
        <ele>1599.4000244140625</ele>
        <time>2026-06-13T03:49:05.000Z</time>
        <extensions>
          <ns3:TrackPointExtension>
            <ns3:hr>164</ns3:hr>
            <ns3:cad>98</ns3:cad>
          </ns3:TrackPointExtension>
        </extensions>
      </trkpt>
      <trkpt lat="41.2647444941103458404541015625" lon="115.132886879146099090576171875">
        <ele>1599.199951171875</ele>
        <time>2026-06-13T03:49:06.000Z</time>
        <extensions>
          <ns3:TrackPointExtension>
            <ns3:hr>164</ns3:hr>
            <ns3:cad>100</ns3:cad>
          </ns3:TrackPointExtension>
        </extensions>
      </trkpt>
      <trkpt lat="41.264729909598827362060546875" lon="115.13292610645294189453125">
        <ele>1599</ele>
        <time>2026-06-13T03:49:07.000Z</time>
        <extensions>
          <ns3:TrackPointExtension>
            <ns3:hr>164</ns3:hr>
            <ns3:cad>100</ns3:cad>
          </ns3:TrackPointExtension>
        </extensions>
      </trkpt>
      <trkpt lat="41.26471641473472118377685546875" lon="115.13296692632138729095458984375">
        <ele>1599</ele>
        <time>2026-06-13T03:49:08.000Z</time>
        <extensions>
          <ns3:TrackPointExtension>
            <ns3:hr>164</ns3:hr>
            <ns3:cad>100</ns3:cad>
          </ns3:TrackPointExtension>
        </extensions>
      </trkpt>
      <trkpt lat="41.26470199786126613616943359375" lon="115.132992155849933624267578125">
        <ele>1599</ele>
        <time>2026-06-13T03:49:09.000Z</time>
        <extensions>
          <ns3:TrackPointExtension>
            <ns3:hr>164</ns3:hr>
            <ns3:cad>100</ns3:cad>
          </ns3:TrackPointExtension>
        </extensions>
      </trkpt>
      <trkpt lat="41.2646952085196971893310546875" lon="115.1330352388322353363037109375">
        <ele>1599</ele>
        <time>2026-06-13T03:49:10.000Z</time>
        <extensions>
          <ns3:TrackPointExtension>
            <ns3:hr>164</ns3:hr>
            <ns3:cad>100</ns3:cad>
          </ns3:TrackPointExtension>
        </extensions>
      </trkpt>
      <trkpt lat="41.2646851502358913421630859375" lon="115.13307991437613964080810546875">
        <ele>1599</ele>
        <time>2026-06-13T03:49:11.000Z</time>
        <extensions>
          <ns3:TrackPointExtension>
            <ns3:hr>164</ns3:hr>
            <ns3:cad>101</ns3:cad>
          </ns3:TrackPointExtension>
        </extensions>
      </trkpt>
      <trkpt lat="41.264679618179798126220703125" lon="115.13311578892171382904052734375">
        <ele>1598.800048828125</ele>
        <time>2026-06-13T03:49:12.000Z</time>
        <extensions>
          <ns3:TrackPointExtension>
            <ns3:hr>163</ns3:hr>
            <ns3:cad>101</ns3:cad>
          </ns3:TrackPointExtension>
        </extensions>
      </trkpt>
      <trkpt lat="41.264684982597827911376953125" lon="115.1331592909991741180419921875">
        <ele>1598.800048828125</ele>
        <time>2026-06-13T03:49:13.000Z</time>
        <extensions>
          <ns3:TrackPointExtension>
            <ns3:hr>164</ns3:hr>
            <ns3:cad>100</ns3:cad>
          </ns3:TrackPointExtension>
        </extensions>
      </trkpt>
      <trkpt lat="41.264691017568111419677734375" lon="115.13320195488631725311279296875">
        <ele>1598.5999755859375</ele>
        <time>2026-06-13T03:49:14.000Z</time>
        <extensions>
          <ns3:TrackPointExtension>
            <ns3:hr>164</ns3:hr>
            <ns3:cad>100</ns3:cad>
          </ns3:TrackPointExtension>
        </extensions>
      </trkpt>
      <trkpt lat="41.264698393642902374267578125" lon="115.1332353986799716949462890625">
        <ele>1598.4000244140625</ele>
        <time>2026-06-13T03:49:15.000Z</time>
        <extensions>
          <ns3:TrackPointExtension>
            <ns3:hr>164</ns3:hr>
            <ns3:cad>100</ns3:cad>
          </ns3:TrackPointExtension>
        </extensions>
      </trkpt>
      <trkpt lat="41.264717169106006622314453125" lon="115.13327387161552906036376953125">
        <ele>1598</ele>
        <time>2026-06-13T03:49:16.000Z</time>
        <extensions>
          <ns3:TrackPointExtension>
            <ns3:hr>163</ns3:hr>
            <ns3:cad>100</ns3:cad>
          </ns3:TrackPointExtension>
        </extensions>
      </trkpt>
      <trkpt lat="41.26473887823522090911865234375" lon="115.13331167399883270263671875">
        <ele>1597.5999755859375</ele>
        <time>2026-06-13T03:49:17.000Z</time>
        <extensions>
          <ns3:TrackPointExtension>
            <ns3:hr>163</ns3:hr>
            <ns3:cad>100</ns3:cad>
          </ns3:TrackPointExtension>
        </extensions>
      </trkpt>
      <trkpt lat="41.264748685061931610107421875" lon="115.13334679417312145233154296875">
        <ele>1597</ele>
        <time>2026-06-13T03:49:18.000Z</time>
        <extensions>
          <ns3:TrackPointExtension>
            <ns3:hr>163</ns3:hr>
            <ns3:cad>100</ns3:cad>
          </ns3:TrackPointExtension>
        </extensions>
      </trkpt>
      <trkpt lat="41.26476268284022808074951171875" lon="115.13337730430066585540771484375">
        <ele>1596.5999755859375</ele>
        <time>2026-06-13T03:49:19.000Z</time>
        <extensions>
          <ns3:TrackPointExtension>
            <ns3:hr>162</ns3:hr>
            <ns3:cad>100</ns3:cad>
          </ns3:TrackPointExtension>
        </extensions>
      </trkpt>
      <trkpt lat="41.26477793790400028228759765625" lon="115.13340747915208339691162109375">
        <ele>1596</ele>
        <time>2026-06-13T03:49:20.000Z</time>
        <extensions>
          <ns3:TrackPointExtension>
            <ns3:hr>162</ns3:hr>
            <ns3:cad>100</ns3:cad>
          </ns3:TrackPointExtension>
        </extensions>
      </trkpt>
      <trkpt lat="41.264800317585468292236328125" lon="115.1334419287741184234619140625">
        <ele>1595.4000244140625</ele>
        <time>2026-06-13T03:49:21.000Z</time>
        <extensions>
          <ns3:TrackPointExtension>
            <ns3:hr>162</ns3:hr>
            <ns3:cad>100</ns3:cad>
          </ns3:TrackPointExtension>
        </extensions>
      </trkpt>
      <trkpt lat="41.26481398008763790130615234375" lon="115.13347034342586994171142578125">
        <ele>1594.800048828125</ele>
        <time>2026-06-13T03:49:22.000Z</time>
        <extensions>
          <ns3:TrackPointExtension>
            <ns3:hr>163</ns3:hr>
            <ns3:cad>103</ns3:cad>
          </ns3:TrackPointExtension>
        </extensions>
      </trkpt>
      <trkpt lat="41.26482588239014148712158203125" lon="115.13349917717278003692626953125">
        <ele>1594.199951171875</ele>
        <time>2026-06-13T03:49:23.000Z</time>
        <extensions>
          <ns3:TrackPointExtension>
            <ns3:hr>163</ns3:hr>
            <ns3:cad>104</ns3:cad>
          </ns3:TrackPointExtension>
        </extensions>
      </trkpt>
      <trkpt lat="41.26483954489231109619140625" lon="115.13352951966226100921630859375">
        <ele>1593.5999755859375</ele>
        <time>2026-06-13T03:49:24.000Z</time>
        <extensions>
          <ns3:TrackPointExtension>
            <ns3:hr>163</ns3:hr>
            <ns3:cad>107</ns3:cad>
          </ns3:TrackPointExtension>
        </extensions>
      </trkpt>
      <trkpt lat="41.26485588960349559783935546875" lon="115.13356120325624942779541015625">
        <ele>1593.199951171875</ele>
        <time>2026-06-13T03:49:25.000Z</time>
        <extensions>
          <ns3:TrackPointExtension>
            <ns3:hr>163</ns3:hr>
            <ns3:cad>107</ns3:cad>
          </ns3:TrackPointExtension>
        </extensions>
      </trkpt>
      <trkpt lat="41.2648796103894710540771484375" lon="115.1335887797176837921142578125">
        <ele>1592.5999755859375</ele>
        <time>2026-06-13T03:49:26.000Z</time>
        <extensions>
          <ns3:TrackPointExtension>
            <ns3:hr>163</ns3:hr>
            <ns3:cad>107</ns3:cad>
          </ns3:TrackPointExtension>
        </extensions>
      </trkpt>
      <trkpt lat="41.26489176414906978607177734375" lon="115.13361836783587932586669921875">
        <ele>1592.199951171875</ele>
        <time>2026-06-13T03:49:27.000Z</time>
        <extensions>
          <ns3:TrackPointExtension>
            <ns3:hr>163</ns3:hr>
            <ns3:cad>107</ns3:cad>
          </ns3:TrackPointExtension>
        </extensions>
      </trkpt>
      <trkpt lat="41.26490483991801738739013671875" lon="115.13365055434405803680419921875">
        <ele>1591.5999755859375</ele>
        <time>2026-06-13T03:49:28.000Z</time>
        <extensions>
          <ns3:TrackPointExtension>
            <ns3:hr>163</ns3:hr>
            <ns3:cad>107</ns3:cad>
          </ns3:TrackPointExtension>
        </extensions>
      </trkpt>
      <trkpt lat="41.2649231962859630584716796875" lon="115.133682824671268463134765625">
        <ele>1591.199951171875</ele>
        <time>2026-06-13T03:49:29.000Z</time>
        <extensions>
          <ns3:TrackPointExtension>
            <ns3:hr>163</ns3:hr>
            <ns3:cad>107</ns3:cad>
          </ns3:TrackPointExtension>
        </extensions>
      </trkpt>
      <trkpt lat="41.264940798282623291015625" lon="115.133719034492969512939453125">
        <ele>1590.5999755859375</ele>
        <time>2026-06-13T03:49:30.000Z</time>
        <extensions>
          <ns3:TrackPointExtension>
            <ns3:hr>163</ns3:hr>
            <ns3:cad>107</ns3:cad>
          </ns3:TrackPointExtension>
        </extensions>
      </trkpt>
      <trkpt lat="41.26495085656642913818359375" lon="115.13375222682952880859375">
        <ele>1590</ele>
        <time>2026-06-13T03:49:31.000Z</time>
        <extensions>
          <ns3:TrackPointExtension>
            <ns3:hr>163</ns3:hr>
            <ns3:cad>107</ns3:cad>
          </ns3:TrackPointExtension>
        </extensions>
      </trkpt>
      <trkpt lat="41.2649543769657611846923828125" lon="115.13378164730966091156005859375">
        <ele>1589.4000244140625</ele>
        <time>2026-06-13T03:49:32.000Z</time>
        <extensions>
          <ns3:TrackPointExtension>
            <ns3:hr>163</ns3:hr>
            <ns3:cad>105</ns3:cad>
          </ns3:TrackPointExtension>
        </extensions>
      </trkpt>
      <trkpt lat="41.26496971584856510162353515625" lon="115.13381735421717166900634765625">
        <ele>1588.800048828125</ele>
        <time>2026-06-13T03:49:33.000Z</time>
        <extensions>
          <ns3:TrackPointExtension>
            <ns3:hr>164</ns3:hr>
            <ns3:cad>105</ns3:cad>
          </ns3:TrackPointExtension>
        </extensions>
      </trkpt>
      <trkpt lat="41.264980696141719818115234375" lon="115.1338513009250164031982421875">
        <ele>1588.4000244140625</ele>
        <time>2026-06-13T03:49:34.000Z</time>
        <extensions>
          <ns3:TrackPointExtension>
            <ns3:hr>163</ns3:hr>
            <ns3:cad>105</ns3:cad>
          </ns3:TrackPointExtension>
        </extensions>
      </trkpt>
      <trkpt lat="41.26498614437878131866455078125" lon="115.13388072140514850616455078125">
        <ele>1587.800048828125</ele>
        <time>2026-06-13T03:49:35.000Z</time>
        <extensions>
          <ns3:TrackPointExtension>
            <ns3:hr>163</ns3:hr>
            <ns3:cad>106</ns3:cad>
          </ns3:TrackPointExtension>
        </extensions>
      </trkpt>
      <trkpt lat="41.2649959512054920196533203125" lon="115.13392053544521331787109375">
        <ele>1587.4000244140625</ele>
        <time>2026-06-13T03:49:36.000Z</time>
        <extensions>
          <ns3:TrackPointExtension>
            <ns3:hr>163</ns3:hr>
            <ns3:cad>106</ns3:cad>
          </ns3:TrackPointExtension>
        </extensions>
      </trkpt>
      <trkpt lat="41.2650043331086635589599609375" lon="115.1339574158191680908203125">
        <ele>1587</ele>
        <time>2026-06-13T03:49:37.000Z</time>
        <extensions>
          <ns3:TrackPointExtension>
            <ns3:hr>163</ns3:hr>
            <ns3:cad>106</ns3:cad>
          </ns3:TrackPointExtension>
        </extensions>
      </trkpt>
      <trkpt lat="41.26500978134572505950927734375" lon="115.133990608155727386474609375">
        <ele>1586.4000244140625</ele>
        <time>2026-06-13T03:49:38.000Z</time>
        <extensions>
          <ns3:TrackPointExtension>
            <ns3:hr>164</ns3:hr>
            <ns3:cad>101</ns3:cad>
          </ns3:TrackPointExtension>
        </extensions>
      </trkpt>
      <trkpt lat="41.2650187499821186065673828125" lon="115.13402757234871387481689453125">
        <ele>1586</ele>
        <time>2026-06-13T03:49:39.000Z</time>
        <extensions>
          <ns3:TrackPointExtension>
            <ns3:hr>163</ns3:hr>
            <ns3:cad>100</ns3:cad>
          </ns3:TrackPointExtension>
        </extensions>
      </trkpt>
      <trkpt lat="41.26502671279013156890869140625" lon="115.13407199643552303314208984375">
        <ele>1585.4000244140625</ele>
        <time>2026-06-13T03:49:40.000Z</time>
        <extensions>
          <ns3:TrackPointExtension>
            <ns3:hr>163</ns3:hr>
            <ns3:cad>100</ns3:cad>
          </ns3:TrackPointExtension>
        </extensions>
      </trkpt>
      <trkpt lat="41.265030987560749053955078125" lon="115.13410829007625579833984375">
        <ele>1585</ele>
        <time>2026-06-13T03:49:41.000Z</time>
        <extensions>
          <ns3:TrackPointExtension>
            <ns3:hr>163</ns3:hr>
            <ns3:cad>101</ns3:cad>
          </ns3:TrackPointExtension>
        </extensions>
      </trkpt>
      <trkpt lat="41.265036351978778839111328125" lon="115.13414978049695491790771484375">
        <ele>1584.5999755859375</ele>
        <time>2026-06-13T03:49:42.000Z</time>
        <extensions>
          <ns3:TrackPointExtension>
            <ns3:hr>163</ns3:hr>
            <ns3:cad>101</ns3:cad>
          </ns3:TrackPointExtension>
        </extensions>
      </trkpt>
      <trkpt lat="41.2650442309677600860595703125" lon="115.1341956295073032379150390625">
        <ele>1584</ele>
        <time>2026-06-13T03:49:43.000Z</time>
        <extensions>
          <ns3:TrackPointExtension>
            <ns3:hr>163</ns3:hr>
            <ns3:cad>101</ns3:cad>
          </ns3:TrackPointExtension>
        </extensions>
      </trkpt>
      <trkpt lat="41.26504347659647464752197265625" lon="115.13423225842416286468505859375">
        <ele>1583.800048828125</ele>
        <time>2026-06-13T03:49:44.000Z</time>
        <extensions>
          <ns3:TrackPointExtension>
            <ns3:hr>164</ns3:hr>
            <ns3:cad>101</ns3:cad>
          </ns3:TrackPointExtension>
        </extensions>
      </trkpt>
      <trkpt lat="41.26505278050899505615234375" lon="115.1342750899493694305419921875">
        <ele>1583.4000244140625</ele>
        <time>2026-06-13T03:49:45.000Z</time>
        <extensions>
          <ns3:TrackPointExtension>
            <ns3:hr>164</ns3:hr>
            <ns3:cad>101</ns3:cad>
          </ns3:TrackPointExtension>
        </extensions>
      </trkpt>
      <trkpt lat="41.26506082713603973388671875" lon="115.13432043604552745819091796875">
        <ele>1582.800048828125</ele>
        <time>2026-06-13T03:49:46.000Z</time>
        <extensions>
          <ns3:TrackPointExtension>
            <ns3:hr>164</ns3:hr>
            <ns3:cad>100</ns3:cad>
          </ns3:TrackPointExtension>
        </extensions>
      </trkpt>
      <trkpt lat="41.2650623358786106109619140625" lon="115.13435245491564273834228515625">
        <ele>1582.4000244140625</ele>
        <time>2026-06-13T03:49:47.000Z</time>
        <extensions>
          <ns3:TrackPointExtension>
            <ns3:hr>164</ns3:hr>
            <ns3:cad>100</ns3:cad>
          </ns3:TrackPointExtension>
        </extensions>
      </trkpt>
      <trkpt lat="41.26506275497376918792724609375" lon="115.1343951188027858734130859375">
        <ele>1582</ele>
        <time>2026-06-13T03:49:48.000Z</time>
        <extensions>
          <ns3:TrackPointExtension>
            <ns3:hr>164</ns3:hr>
            <ns3:cad>100</ns3:cad>
          </ns3:TrackPointExtension>
        </extensions>
      </trkpt>
      <trkpt lat="41.26506862230598926544189453125" lon="115.13445027172565460205078125">
        <ele>1581.4000244140625</ele>
        <time>2026-06-13T03:49:49.000Z</time>
        <extensions>
          <ns3:TrackPointExtension>
            <ns3:hr>164</ns3:hr>
            <ns3:cad>100</ns3:cad>
          </ns3:TrackPointExtension>
        </extensions>
      </trkpt>
      <trkpt lat="41.2650656886398792266845703125" lon="115.13448782265186309814453125">
        <ele>1581</ele>
        <time>2026-06-13T03:49:50.000Z</time>
        <extensions>
          <ns3:TrackPointExtension>
            <ns3:hr>163</ns3:hr>
            <ns3:cad>101</ns3:cad>
          </ns3:TrackPointExtension>
        </extensions>
      </trkpt>
      <trkpt lat="41.2650628387928009033203125" lon="115.13453635387122631072998046875">
        <ele>1580.5999755859375</ele>
        <time>2026-06-13T03:49:51.000Z</time>
        <extensions>
          <ns3:TrackPointExtension>
            <ns3:hr>163</ns3:hr>
            <ns3:cad>101</ns3:cad>
          </ns3:TrackPointExtension>
        </extensions>
      </trkpt>
      <trkpt lat="41.2650586478412151336669921875" lon="115.134590081870555877685546875">
        <ele>1580.199951171875</ele>
        <time>2026-06-13T03:49:52.000Z</time>
        <extensions>
          <ns3:TrackPointExtension>
            <ns3:hr>163</ns3:hr>
            <ns3:cad>101</ns3:cad>
          </ns3:TrackPointExtension>
        </extensions>
      </trkpt>
      <trkpt lat="41.26504196785390377044677734375" lon="115.134624950587749481201171875">
        <ele>1580</ele>
        <time>2026-06-13T03:49:53.000Z</time>
        <extensions>
          <ns3:TrackPointExtension>
            <ns3:hr>162</ns3:hr>
            <ns3:cad>101</ns3:cad>
          </ns3:TrackPointExtension>
        </extensions>
      </trkpt>
      <trkpt lat="41.26502403058111667633056640625" lon="115.13466082513332366943359375">
        <ele>1579.5999755859375</ele>
        <time>2026-06-13T03:49:54.000Z</time>
        <extensions>
          <ns3:TrackPointExtension>
            <ns3:hr>162</ns3:hr>
            <ns3:cad>101</ns3:cad>
          </ns3:TrackPointExtension>
        </extensions>
      </trkpt>
      <trkpt lat="41.26499653793871402740478515625" lon="115.13470214791595935821533203125">
        <ele>1579.199951171875</ele>
        <time>2026-06-13T03:49:55.000Z</time>
        <extensions>
          <ns3:TrackPointExtension>
            <ns3:hr>162</ns3:hr>
            <ns3:cad>101</ns3:cad>
          </ns3:TrackPointExtension>
        </extensions>
      </trkpt>
      <trkpt lat="41.264969967305660247802734375" lon="115.13471849262714385986328125">
        <ele>1579</ele>
        <time>2026-06-13T03:49:56.000Z</time>
        <extensions>
          <ns3:TrackPointExtension>
            <ns3:hr>163</ns3:hr>
            <ns3:cad>101</ns3:cad>
          </ns3:TrackPointExtension>
        </extensions>
      </trkpt>
      <trkpt lat="41.26494239084422588348388671875" lon="115.13472930528223514556884765625">
        <ele>1578.5999755859375</ele>
        <time>2026-06-13T03:49:57.000Z</time>
        <extensions>
          <ns3:TrackPointExtension>
            <ns3:hr>162</ns3:hr>
            <ns3:cad>91</ns3:cad>
          </ns3:TrackPointExtension>
        </extensions>
      </trkpt>
      <trkpt lat="41.26490567810833454132080078125" lon="115.13474221341311931610107421875">
        <ele>1578.4000244140625</ele>
        <time>2026-06-13T03:49:58.000Z</time>
        <extensions>
          <ns3:TrackPointExtension>
            <ns3:hr>163</ns3:hr>
            <ns3:cad>91</ns3:cad>
          </ns3:TrackPointExtension>
        </extensions>
      </trkpt>
      <trkpt lat="41.264876425266265869140625" lon="115.13474489562213420867919921875">
        <ele>1578.4000244140625</ele>
        <time>2026-06-13T03:49:59.000Z</time>
        <extensions>
          <ns3:TrackPointExtension>
            <ns3:hr>163</ns3:hr>
            <ns3:cad>100</ns3:cad>
          </ns3:TrackPointExtension>
        </extensions>
      </trkpt>
      <trkpt lat="41.26484851352870464324951171875" lon="115.1347424648702144622802734375">
        <ele>1578.199951171875</ele>
        <time>2026-06-13T03:50:00.000Z</time>
        <extensions>
          <ns3:TrackPointExtension>
            <ns3:hr>163</ns3:hr>
            <ns3:cad>100</ns3:cad>
          </ns3:TrackPointExtension>
        </extensions>
      </trkpt>
      <trkpt lat="41.26480844803154468536376953125" lon="115.1347458176314830780029296875">
        <ele>1578.199951171875</ele>
        <time>2026-06-13T03:50:01.000Z</time>
        <extensions>
          <ns3:TrackPointExtension>
            <ns3:hr>162</ns3:hr>
            <ns3:cad>100</ns3:cad>
          </ns3:TrackPointExtension>
        </extensions>
      </trkpt>
      <trkpt lat="41.26477651298046112060546875" lon="115.13474338687956333160400390625">
        <ele>1578</ele>
        <time>2026-06-13T03:50:02.000Z</time>
        <extensions>
          <ns3:TrackPointExtension>
            <ns3:hr>163</ns3:hr>
            <ns3:cad>100</ns3:cad>
          </ns3:TrackPointExtension>
        </extensions>
      </trkpt>
      <trkpt lat="41.26474407501518726348876953125" lon="115.13474254868924617767333984375">
        <ele>1577.800048828125</ele>
        <time>2026-06-13T03:50:03.000Z</time>
        <extensions>
          <ns3:TrackPointExtension>
            <ns3:hr>162</ns3:hr>
            <ns3:cad>100</ns3:cad>
          </ns3:TrackPointExtension>
        </extensions>
      </trkpt>
      <trkpt lat="41.26470887102186679840087890625" lon="115.13474690727889537811279296875">
        <ele>1577.800048828125</ele>
        <time>2026-06-13T03:50:04.000Z</time>
        <extensions>
          <ns3:TrackPointExtension>
            <ns3:hr>162</ns3:hr>
            <ns3:cad>100</ns3:cad>
          </ns3:TrackPointExtension>
        </extensions>
      </trkpt>
      <trkpt lat="41.26468422822654247283935546875" lon="115.13474397361278533935546875">
        <ele>1577.5999755859375</ele>
        <time>2026-06-13T03:50:05.000Z</time>
        <extensions>
          <ns3:TrackPointExtension>
            <ns3:hr>162</ns3:hr>
            <ns3:cad>99</ns3:cad>
          </ns3:TrackPointExtension>
        </extensions>
      </trkpt>
      <trkpt lat="41.2646524608135223388671875" lon="115.1347459852695465087890625">
        <ele>1577.5999755859375</ele>
        <time>2026-06-13T03:50:06.000Z</time>
        <extensions>
          <ns3:TrackPointExtension>
            <ns3:hr>162</ns3:hr>
            <ns3:cad>99</ns3:cad>
          </ns3:TrackPointExtension>
        </extensions>
      </trkpt>
      <trkpt lat="41.2646170891821384429931640625" lon="115.1347513496875762939453125">
        <ele>1577.5999755859375</ele>
        <time>2026-06-13T03:50:07.000Z</time>
        <extensions>
          <ns3:TrackPointExtension>
            <ns3:hr>162</ns3:hr>
            <ns3:cad>99</ns3:cad>
          </ns3:TrackPointExtension>
        </extensions>
      </trkpt>
      <trkpt lat="41.26458968035876750946044921875" lon="115.1347488351166248321533203125">
        <ele>1577.5999755859375</ele>
        <time>2026-06-13T03:50:08.000Z</time>
        <extensions>
          <ns3:TrackPointExtension>
            <ns3:hr>163</ns3:hr>
            <ns3:cad>99</ns3:cad>
          </ns3:TrackPointExtension>
        </extensions>
      </trkpt>
      <trkpt lat="41.26455849967896938323974609375" lon="115.134753026068210601806640625">
        <ele>1577.800048828125</ele>
        <time>2026-06-13T03:50:09.000Z</time>
        <extensions>
          <ns3:TrackPointExtension>
            <ns3:hr>162</ns3:hr>
            <ns3:cad>99</ns3:cad>
          </ns3:TrackPointExtension>
        </extensions>
      </trkpt>
      <trkpt lat="41.26452547498047351837158203125" lon="115.13475629501044750213623046875">
        <ele>1578</ele>
        <time>2026-06-13T03:50:10.000Z</time>
        <extensions>
          <ns3:TrackPointExtension>
            <ns3:hr>162</ns3:hr>
            <ns3:cad>99</ns3:cad>
          </ns3:TrackPointExtension>
        </extensions>
      </trkpt>
      <trkpt lat="41.26449848525226116180419921875" lon="115.13475059531629085540771484375">
        <ele>1578</ele>
        <time>2026-06-13T03:50:11.000Z</time>
        <extensions>
          <ns3:TrackPointExtension>
            <ns3:hr>163</ns3:hr>
            <ns3:cad>99</ns3:cad>
          </ns3:TrackPointExtension>
        </extensions>
      </trkpt>
      <trkpt lat="41.26446537673473358154296875" lon="115.13475562445819377899169921875">
        <ele>1577.800048828125</ele>
        <time>2026-06-13T03:50:12.000Z</time>
        <extensions>
          <ns3:TrackPointExtension>
            <ns3:hr>163</ns3:hr>
            <ns3:cad>99</ns3:cad>
          </ns3:TrackPointExtension>
        </extensions>
      </trkpt>
      <trkpt lat="41.2644360400736331939697265625" lon="115.13475730083882808685302734375">
        <ele>1577.800048828125</ele>
        <time>2026-06-13T03:50:13.000Z</time>
        <extensions>
          <ns3:TrackPointExtension>
            <ns3:hr>163</ns3:hr>
            <ns3:cad>99</ns3:cad>
          </ns3:TrackPointExtension>
        </extensions>
      </trkpt>
      <trkpt lat="41.26440905034542083740234375" lon="115.13475470244884490966796875">
        <ele>1578</ele>
        <time>2026-06-13T03:50:14.000Z</time>
        <extensions>
          <ns3:TrackPointExtension>
            <ns3:hr>162</ns3:hr>
            <ns3:cad>99</ns3:cad>
          </ns3:TrackPointExtension>
        </extensions>
      </trkpt>
      <trkpt lat="41.26437409780919551849365234375" lon="115.1347629167139530181884765625">
        <ele>1578</ele>
        <time>2026-06-13T03:50:15.000Z</time>
        <extensions>
          <ns3:TrackPointExtension>
            <ns3:hr>162</ns3:hr>
            <ns3:cad>100</ns3:cad>
          </ns3:TrackPointExtension>
        </extensions>
      </trkpt>
      <trkpt lat="41.264345683157444000244140625" lon="115.1347639225423336029052734375">
        <ele>1578.199951171875</ele>
        <time>2026-06-13T03:50:16.000Z</time>
        <extensions>
          <ns3:TrackPointExtension>
            <ns3:hr>162</ns3:hr>
            <ns3:cad>100</ns3:cad>
          </ns3:TrackPointExtension>
        </extensions>
      </trkpt>
      <trkpt lat="41.26432053744792938232421875" lon="115.13476417399942874908447265625">
        <ele>1578.199951171875</ele>
        <time>2026-06-13T03:50:17.000Z</time>
        <extensions>
          <ns3:TrackPointExtension>
            <ns3:hr>162</ns3:hr>
            <ns3:cad>100</ns3:cad>
          </ns3:TrackPointExtension>
        </extensions>
      </trkpt>
      <trkpt lat="41.26428700983524322509765625" lon="115.13476266525685787200927734375">
        <ele>1578.4000244140625</ele>
        <time>2026-06-13T03:50:18.000Z</time>
        <extensions>
          <ns3:TrackPointExtension>
            <ns3:hr>162</ns3:hr>
            <ns3:cad>100</ns3:cad>
          </ns3:TrackPointExtension>
        </extensions>
      </trkpt>
      <trkpt lat="41.26426127739250659942626953125" lon="115.134758055210113525390625">
        <ele>1578.4000244140625</ele>
        <time>2026-06-13T03:50:19.000Z</time>
        <extensions>
          <ns3:TrackPointExtension>
            <ns3:hr>162</ns3:hr>
            <ns3:cad>100</ns3:cad>
          </ns3:TrackPointExtension>
        </extensions>
      </trkpt>
      <trkpt lat="41.2642378918826580047607421875" lon="115.134758055210113525390625">
        <ele>1578.5999755859375</ele>
        <time>2026-06-13T03:50:20.000Z</time>
        <extensions>
          <ns3:TrackPointExtension>
            <ns3:hr>162</ns3:hr>
            <ns3:cad>98</ns3:cad>
          </ns3:TrackPointExtension>
        </extensions>
      </trkpt>
      <trkpt lat="41.26420562155544757843017578125" lon="115.13476065360009670257568359375">
        <ele>1578.5999755859375</ele>
        <time>2026-06-13T03:50:21.000Z</time>
        <extensions>
          <ns3:TrackPointExtension>
            <ns3:hr>162</ns3:hr>
            <ns3:cad>97</ns3:cad>
          </ns3:TrackPointExtension>
        </extensions>
      </trkpt>
      <trkpt lat="41.26418282277882099151611328125" lon="115.1347582228481769561767578125">
        <ele>1578.5999755859375</ele>
        <time>2026-06-13T03:50:22.000Z</time>
        <extensions>
          <ns3:TrackPointExtension>
            <ns3:hr>162</ns3:hr>
            <ns3:cad>97</ns3:cad>
          </ns3:TrackPointExtension>
        </extensions>
      </trkpt>
      <trkpt lat="41.26415449194610118865966796875" lon="115.13476400636136531829833984375">
        <ele>1578.5999755859375</ele>
        <time>2026-06-13T03:50:23.000Z</time>
        <extensions>
          <ns3:TrackPointExtension>
            <ns3:hr>162</ns3:hr>
            <ns3:cad>99</ns3:cad>
          </ns3:TrackPointExtension>
        </extensions>
      </trkpt>
      <trkpt lat="41.26412649638950824737548828125" lon="115.1347642578184604644775390625">
        <ele>1578.800048828125</ele>
        <time>2026-06-13T03:50:24.000Z</time>
        <extensions>
          <ns3:TrackPointExtension>
            <ns3:hr>162</ns3:hr>
            <ns3:cad>99</ns3:cad>
          </ns3:TrackPointExtension>
        </extensions>
      </trkpt>
      <trkpt lat="41.26410319469869136810302734375" lon="115.1347592286765575408935546875">
        <ele>1578.800048828125</ele>
        <time>2026-06-13T03:50:25.000Z</time>
        <extensions>
          <ns3:TrackPointExtension>
            <ns3:hr>162</ns3:hr>
            <ns3:cad>99</ns3:cad>
          </ns3:TrackPointExtension>
        </extensions>
      </trkpt>
      <trkpt lat="41.264073438942432403564453125" lon="115.1347625814378261566162109375">
        <ele>1578.800048828125</ele>
        <time>2026-06-13T03:50:26.000Z</time>
        <extensions>
          <ns3:TrackPointExtension>
            <ns3:hr>162</ns3:hr>
            <ns3:cad>98</ns3:cad>
          </ns3:TrackPointExtension>
        </extensions>
      </trkpt>
      <trkpt lat="41.26404619775712490081787109375" lon="115.13476216234266757965087890625">
        <ele>1579</ele>
        <time>2026-06-13T03:50:27.000Z</time>
        <extensions>
          <ns3:TrackPointExtension>
            <ns3:hr>163</ns3:hr>
            <ns3:cad>97</ns3:cad>
          </ns3:TrackPointExtension>
        </extensions>
      </trkpt>
      <trkpt lat="41.26402256079018115997314453125" lon="115.1347622461616992950439453125">
        <ele>1579.199951171875</ele>
        <time>2026-06-13T03:50:28.000Z</time>
        <extensions>
          <ns3:TrackPointExtension>
            <ns3:hr>162</ns3:hr>
            <ns3:cad>97</ns3:cad>
          </ns3:TrackPointExtension>
        </extensions>
      </trkpt>
      <trkpt lat="41.2639914639294147491455078125" lon="115.134765766561031341552734375">
        <ele>1579.199951171875</ele>
        <time>2026-06-13T03:50:29.000Z</time>
        <extensions>
          <ns3:TrackPointExtension>
            <ns3:hr>162</ns3:hr>
            <ns3:cad>97</ns3:cad>
          </ns3:TrackPointExtension>
        </extensions>
      </trkpt>
      <trkpt lat="41.263966150581836700439453125" lon="115.13476249761879444122314453125">
        <ele>1579.5999755859375</ele>
        <time>2026-06-13T03:50:30.000Z</time>
        <extensions>
          <ns3:TrackPointExtension>
            <ns3:hr>163</ns3:hr>
            <ns3:cad>98</ns3:cad>
          </ns3:TrackPointExtension>
        </extensions>
      </trkpt>
      <trkpt lat="41.2639378197491168975830078125" lon="115.1347625814378261566162109375">
        <ele>1579.5999755859375</ele>
        <time>2026-06-13T03:50:31.000Z</time>
        <extensions>
          <ns3:TrackPointExtension>
            <ns3:hr>163</ns3:hr>
            <ns3:cad>98</ns3:cad>
          </ns3:TrackPointExtension>
        </extensions>
      </trkpt>
      <trkpt lat="41.26390487886965274810791015625" lon="115.1347639225423336029052734375">
        <ele>1579.5999755859375</ele>
        <time>2026-06-13T03:50:32.000Z</time>
        <extensions>
          <ns3:TrackPointExtension>
            <ns3:hr>163</ns3:hr>
            <ns3:cad>99</ns3:cad>
          </ns3:TrackPointExtension>
        </extensions>
      </trkpt>
      <trkpt lat="41.263878978788852691650390625" lon="115.13475998304784297943115234375">
        <ele>1579.4000244140625</ele>
        <time>2026-06-13T03:50:33.000Z</time>
        <extensions>
          <ns3:TrackPointExtension>
            <ns3:hr>162</ns3:hr>
            <ns3:cad>99</ns3:cad>
          </ns3:TrackPointExtension>
        </extensions>
      </trkpt>
      <trkpt lat="41.263850815594196319580078125" lon="115.1347593963146209716796875">
        <ele>1579.4000244140625</ele>
        <time>2026-06-13T03:50:34.000Z</time>
        <extensions>
          <ns3:TrackPointExtension>
            <ns3:hr>163</ns3:hr>
            <ns3:cad>100</ns3:cad>
          </ns3:TrackPointExtension>
        </extensions>
      </trkpt>
      <trkpt lat="41.26381837762892246246337890625" lon="115.134760402143001556396484375">
        <ele>1579.199951171875</ele>
        <time>2026-06-13T03:50:35.000Z</time>
        <extensions>
          <ns3:TrackPointExtension>
            <ns3:hr>163</ns3:hr>
            <ns3:cad>100</ns3:cad>
          </ns3:TrackPointExtension>
        </extensions>
      </trkpt>
      <trkpt lat="41.2637929804623126983642578125" lon="115.1347598992288112640380859375">
        <ele>1579.199951171875</ele>
        <time>2026-06-13T03:50:36.000Z</time>
        <extensions>
          <ns3:TrackPointExtension>
            <ns3:hr>163</ns3:hr>
            <ns3:cad>100</ns3:cad>
          </ns3:TrackPointExtension>
        </extensions>
      </trkpt>
      <trkpt lat="41.26376263797283172607421875" lon="115.13476274907588958740234375">
        <ele>1579.4000244140625</ele>
        <time>2026-06-13T03:50:37.000Z</time>
        <extensions>
          <ns3:TrackPointExtension>
            <ns3:hr>163</ns3:hr>
            <ns3:cad>100</ns3:cad>
          </ns3:TrackPointExtension>
        </extensions>
      </trkpt>
      <trkpt lat="41.26373087055981159210205078125" lon="115.13476501218974590301513671875">
        <ele>1579.5999755859375</ele>
        <time>2026-06-13T03:50:38.000Z</time>
        <extensions>
          <ns3:TrackPointExtension>
            <ns3:hr>163</ns3:hr>
            <ns3:cad>100</ns3:cad>
          </ns3:TrackPointExtension>
        </extensions>
      </trkpt>
      <trkpt lat="41.26370421610772609710693359375" lon="115.13475948013365268707275390625">
        <ele>1579.5999755859375</ele>
        <time>2026-06-13T03:50:39.000Z</time>
        <extensions>
          <ns3:TrackPointExtension>
            <ns3:hr>164</ns3:hr>
            <ns3:cad>100</ns3:cad>
          </ns3:TrackPointExtension>
        </extensions>
      </trkpt>
      <trkpt lat="41.2636729516088962554931640625" lon="115.134759061038494110107421875">
        <ele>1579.5999755859375</ele>
        <time>2026-06-13T03:50:40.000Z</time>
        <extensions>
          <ns3:TrackPointExtension>
            <ns3:hr>164</ns3:hr>
            <ns3:cad>100</ns3:cad>
          </ns3:TrackPointExtension>
        </extensions>
      </trkpt>
      <trkpt lat="41.26363934017717838287353515625" lon="115.1347602345049381256103515625">
        <ele>1579.5999755859375</ele>
        <time>2026-06-13T03:50:41.000Z</time>
        <extensions>
          <ns3:TrackPointExtension>
            <ns3:hr>164</ns3:hr>
            <ns3:cad>100</ns3:cad>
          </ns3:TrackPointExtension>
        </extensions>
      </trkpt>
      <trkpt lat="41.2636136077344417572021484375" lon="115.13476031832396984100341796875">
        <ele>1579.800048828125</ele>
        <time>2026-06-13T03:50:42.000Z</time>
        <extensions>
          <ns3:TrackPointExtension>
            <ns3:hr>164</ns3:hr>
            <ns3:cad>100</ns3:cad>
          </ns3:TrackPointExtension>
        </extensions>
      </trkpt>
      <trkpt lat="41.26358854584395885467529296875" lon="115.13476752676069736480712890625">
        <ele>1579.800048828125</ele>
        <time>2026-06-13T03:50:43.000Z</time>
        <extensions>
          <ns3:TrackPointExtension>
            <ns3:hr>164</ns3:hr>
            <ns3:cad>100</ns3:cad>
          </ns3:TrackPointExtension>
        </extensions>
      </trkpt>
      <trkpt lat="41.26355476677417755126953125" lon="115.13477171771228313446044921875">
        <ele>1579.800048828125</ele>
        <time>2026-06-13T03:50:44.000Z</time>
        <extensions>
          <ns3:TrackPointExtension>
            <ns3:hr>165</ns3:hr>
            <ns3:cad>100</ns3:cad>
          </ns3:TrackPointExtension>
        </extensions>
      </trkpt>
      <trkpt lat="41.2635284475982189178466796875" lon="115.134773142635822296142578125">
        <ele>1580</ele>
        <time>2026-06-13T03:50:45.000Z</time>
        <extensions>
          <ns3:TrackPointExtension>
            <ns3:hr>165</ns3:hr>
            <ns3:cad>100</ns3:cad>
          </ns3:TrackPointExtension>
        </extensions>
      </trkpt>
      <trkpt lat="41.263501457870006561279296875" lon="115.1347754895687103271484375">
        <ele>1580</ele>
        <time>2026-06-13T03:50:46.000Z</time>
        <extensions>
          <ns3:TrackPointExtension>
            <ns3:hr>165</ns3:hr>
            <ns3:cad>100</ns3:cad>
          </ns3:TrackPointExtension>
        </extensions>
      </trkpt>
      <trkpt lat="41.26347136683762073516845703125" lon="115.13477926142513751983642578125">
        <ele>1580.199951171875</ele>
        <time>2026-06-13T03:50:47.000Z</time>
        <extensions>
          <ns3:TrackPointExtension>
            <ns3:hr>164</ns3:hr>
            <ns3:cad>100</ns3:cad>
          </ns3:TrackPointExtension>
        </extensions>
      </trkpt>
      <trkpt lat="41.26344521529972553253173828125" lon="115.1347786746919155120849609375">
        <ele>1580.199951171875</ele>
        <time>2026-06-13T03:50:48.000Z</time>
        <extensions>
          <ns3:TrackPointExtension>
            <ns3:hr>165</ns3:hr>
            <ns3:cad>100</ns3:cad>
          </ns3:TrackPointExtension>
        </extensions>
      </trkpt>
      <trkpt lat="41.26341931521892547607421875" lon="115.13477758504450321197509765625">
        <ele>1580.4000244140625</ele>
        <time>2026-06-13T03:50:49.000Z</time>
        <extensions>
          <ns3:TrackPointExtension>
            <ns3:hr>165</ns3:hr>
            <ns3:cad>100</ns3:cad>
          </ns3:TrackPointExtension>
        </extensions>
      </trkpt>
      <trkpt lat="41.26338939182460308074951171875" lon="115.1347813569009304046630859375">
        <ele>1580.5999755859375</ele>
        <time>2026-06-13T03:50:50.000Z</time>
        <extensions>
          <ns3:TrackPointExtension>
            <ns3:hr>165</ns3:hr>
            <ns3:cad>100</ns3:cad>
          </ns3:TrackPointExtension>
        </extensions>
      </trkpt>
      <trkpt lat="41.26336709596216678619384765625" lon="115.13477607630193233489990234375">
        <ele>1580.800048828125</ele>
        <time>2026-06-13T03:50:51.000Z</time>
        <extensions>
          <ns3:TrackPointExtension>
            <ns3:hr>165</ns3:hr>
            <ns3:cad>100</ns3:cad>
          </ns3:TrackPointExtension>
        </extensions>
      </trkpt>
      <trkpt lat="41.26334287226200103759765625" lon="115.13477741740643978118896484375">
        <ele>1581</ele>
        <time>2026-06-13T03:50:52.000Z</time>
        <extensions>
          <ns3:TrackPointExtension>
            <ns3:hr>165</ns3:hr>
            <ns3:cad>100</ns3:cad>
          </ns3:TrackPointExtension>
        </extensions>
      </trkpt>
      <trkpt lat="41.263310350477695465087890625" lon="115.1347833685576915740966796875">
        <ele>1581.199951171875</ele>
        <time>2026-06-13T03:50:53.000Z</time>
        <extensions>
          <ns3:TrackPointExtension>
            <ns3:hr>165</ns3:hr>
            <ns3:cad>99</ns3:cad>
          </ns3:TrackPointExtension>
        </extensions>
      </trkpt>
      <trkpt lat="41.26328327693045139312744140625" lon="115.13478152453899383544921875">
        <ele>1581.5999755859375</ele>
        <time>2026-06-13T03:50:54.000Z</time>
        <extensions>
          <ns3:TrackPointExtension>
            <ns3:hr>166</ns3:hr>
            <ns3:cad>99</ns3:cad>
          </ns3:TrackPointExtension>
        </extensions>
      </trkpt>
      <trkpt lat="41.2632538564503192901611328125" lon="115.134788565337657928466796875">
        <ele>1581.800048828125</ele>
        <time>2026-06-13T03:50:55.000Z</time>
        <extensions>
          <ns3:TrackPointExtension>
            <ns3:hr>166</ns3:hr>
            <ns3:cad>99</ns3:cad>
          </ns3:TrackPointExtension>
        </extensions>
      </trkpt>
      <trkpt lat="41.26322125084698200225830078125" lon="115.134796611964702606201171875">
        <ele>1582</ele>
        <time>2026-06-13T03:50:56.000Z</time>
        <extensions>
          <ns3:TrackPointExtension>
            <ns3:hr>166</ns3:hr>
            <ns3:cad>99</ns3:cad>
          </ns3:TrackPointExtension>
        </extensions>
      </trkpt>
      <trkpt lat="41.263197362422943115234375" lon="115.134796611964702606201171875">
        <ele>1582.199951171875</ele>
        <time>2026-06-13T03:50:57.000Z</time>
        <extensions>
          <ns3:TrackPointExtension>
            <ns3:hr>166</ns3:hr>
            <ns3:cad>99</ns3:cad>
          </ns3:TrackPointExtension>
        </extensions>
      </trkpt>
      <trkpt lat="41.2631693668663501739501953125" lon="115.13481195084750652313232421875">
        <ele>1582.4000244140625</ele>
        <time>2026-06-13T03:50:58.000Z</time>
        <extensions>
          <ns3:TrackPointExtension>
            <ns3:hr>166</ns3:hr>
            <ns3:cad>99</ns3:cad>
          </ns3:TrackPointExtension>
        </extensions>
      </trkpt>
      <trkpt lat="41.26314313150942325592041015625" lon="115.13482536189258098602294921875">
        <ele>1582.4000244140625</ele>
        <time>2026-06-13T03:50:59.000Z</time>
        <extensions>
          <ns3:TrackPointExtension>
            <ns3:hr>167</ns3:hr>
            <ns3:cad>99</ns3:cad>
          </ns3:TrackPointExtension>
        </extensions>
      </trkpt>
      <trkpt lat="41.263119243085384368896484375" lon="115.1348318159580230712890625">
        <ele>1582.5999755859375</ele>
        <time>2026-06-13T03:51:00.000Z</time>
        <extensions>
          <ns3:TrackPointExtension>
            <ns3:hr>167</ns3:hr>
            <ns3:cad>99</ns3:cad>
          </ns3:TrackPointExtension>
        </extensions>
      </trkpt>
      <trkpt lat="41.2630969472229480743408203125" lon="115.13485687784850597381591796875">
        <ele>1582.800048828125</ele>
        <time>2026-06-13T03:51:01.000Z</time>
        <extensions>
          <ns3:TrackPointExtension>
            <ns3:hr>167</ns3:hr>
            <ns3:cad>99</ns3:cad>
          </ns3:TrackPointExtension>
        </extensions>
      </trkpt>
      <trkpt lat="41.2630748189985752105712890625" lon="115.1348774135112762451171875">
        <ele>1582.800048828125</ele>
        <time>2026-06-13T03:51:02.000Z</time>
        <extensions>
          <ns3:TrackPointExtension>
            <ns3:hr>167</ns3:hr>
            <ns3:cad>99</ns3:cad>
          </ns3:TrackPointExtension>
        </extensions>
      </trkpt>
      <trkpt lat="41.26305897720158100128173828125" lon="115.13488906435668468475341796875">
        <ele>1583.199951171875</ele>
        <time>2026-06-13T03:51:03.000Z</time>
        <extensions>
          <ns3:TrackPointExtension>
            <ns3:hr>167</ns3:hr>
            <ns3:cad>99</ns3:cad>
          </ns3:TrackPointExtension>
        </extensions>
      </trkpt>
      <trkpt lat="41.26303617842495441436767578125" lon="115.134926699101924896240234375">
        <ele>1583.4000244140625</ele>
        <time>2026-06-13T03:51:04.000Z</time>
        <extensions>
          <ns3:TrackPointExtension>
            <ns3:hr>168</ns3:hr>
            <ns3:cad>99</ns3:cad>
          </ns3:TrackPointExtension>
        </extensions>
      </trkpt>
      <trkpt lat="41.2630178220570087432861328125" lon="115.1349489949643611907958984375">
        <ele>1583.4000244140625</ele>
        <time>2026-06-13T03:51:05.000Z</time>
        <extensions>
          <ns3:TrackPointExtension>
            <ns3:hr>168</ns3:hr>
            <ns3:cad>99</ns3:cad>
          </ns3:TrackPointExtension>
        </extensions>
      </trkpt>
      <trkpt lat="41.263003237545490264892578125" lon="115.134974308311939239501953125">
        <ele>1583.5999755859375</ele>
        <time>2026-06-13T03:51:06.000Z</time>
        <extensions>
          <ns3:TrackPointExtension>
            <ns3:hr>168</ns3:hr>
            <ns3:cad>99</ns3:cad>
          </ns3:TrackPointExtension>
        </extensions>
      </trkpt>
      <trkpt lat="41.262989155948162078857421875" lon="115.13501311652362346649169921875">
        <ele>1583.800048828125</ele>
        <time>2026-06-13T03:51:07.000Z</time>
        <extensions>
          <ns3:TrackPointExtension>
            <ns3:hr>168</ns3:hr>
            <ns3:cad>97</ns3:cad>
          </ns3:TrackPointExtension>
        </extensions>
      </trkpt>
      <trkpt lat="41.2629760801792144775390625" lon="115.1350375078618526458740234375">
        <ele>1583.800048828125</ele>
        <time>2026-06-13T03:51:08.000Z</time>
        <extensions>
          <ns3:TrackPointExtension>
            <ns3:hr>168</ns3:hr>
            <ns3:cad>98</ns3:cad>
          </ns3:TrackPointExtension>
        </extensions>
      </trkpt>
      <trkpt lat="41.262963004410266876220703125" lon="115.135069191455841064453125">
        <ele>1584</ele>
        <time>2026-06-13T03:51:09.000Z</time>
        <extensions>
          <ns3:TrackPointExtension>
            <ns3:hr>168</ns3:hr>
            <ns3:cad>99</ns3:cad>
          </ns3:TrackPointExtension>
        </extensions>
      </trkpt>
      <trkpt lat="41.262950263917446136474609375" lon="115.1351054012775421142578125">
        <ele>1584</ele>
        <time>2026-06-13T03:51:10.000Z</time>
        <extensions>
          <ns3:TrackPointExtension>
            <ns3:hr>168</ns3:hr>
            <ns3:cad>99</ns3:cad>
          </ns3:TrackPointExtension>
        </extensions>
      </trkpt>
      <trkpt lat="41.26293727196753025054931640625" lon="115.1351293735206127166748046875">
        <ele>1584</ele>
        <time>2026-06-13T03:51:11.000Z</time>
        <extensions>
          <ns3:TrackPointExtension>
            <ns3:hr>169</ns3:hr>
            <ns3:cad>99</ns3:cad>
          </ns3:TrackPointExtension>
        </extensions>
      </trkpt>
      <trkpt lat="41.26292989589273929595947265625" lon="115.13517044484615325927734375">
        <ele>1584.199951171875</ele>
        <time>2026-06-13T03:51:12.000Z</time>
        <extensions>
          <ns3:TrackPointExtension>
            <ns3:hr>169</ns3:hr>
            <ns3:cad>99</ns3:cad>
          </ns3:TrackPointExtension>
        </extensions>
      </trkpt>
      <trkpt lat="41.2629199214279651641845703125" lon="115.1352059841156005859375">
        <ele>1584.4000244140625</ele>
        <time>2026-06-13T03:51:13.000Z</time>
        <extensions>
          <ns3:TrackPointExtension>
            <ns3:hr>169</ns3:hr>
            <ns3:cad>99</ns3:cad>
          </ns3:TrackPointExtension>
        </extensions>
      </trkpt>
      <trkpt lat="41.2629112042486667633056640625" lon="115.13523255474865436553955078125">
        <ele>1584.5999755859375</ele>
        <time>2026-06-13T03:51:14.000Z</time>
        <extensions>
          <ns3:TrackPointExtension>
            <ns3:hr>169</ns3:hr>
            <ns3:cad>97</ns3:cad>
          </ns3:TrackPointExtension>
        </extensions>
      </trkpt>
      <trkpt lat="41.26290206797420978546142578125" lon="115.13527027331292629241943359375">
        <ele>1584.5999755859375</ele>
        <time>2026-06-13T03:51:15.000Z</time>
        <extensions>
          <ns3:TrackPointExtension>
            <ns3:hr>169</ns3:hr>
            <ns3:cad>97</ns3:cad>
          </ns3:TrackPointExtension>
        </extensions>
      </trkpt>
      <trkpt lat="41.26289335079491138458251953125" lon="115.1353000290691852569580078125">
        <ele>1584.800048828125</ele>
        <time>2026-06-13T03:51:16.000Z</time>
        <extensions>
          <ns3:TrackPointExtension>
            <ns3:hr>169</ns3:hr>
            <ns3:cad>97</ns3:cad>
          </ns3:TrackPointExtension>
        </extensions>
      </trkpt>
      <trkpt lat="41.2628848850727081298828125" lon="115.13533263467252254486083984375">
        <ele>1585</ele>
        <time>2026-06-13T03:51:17.000Z</time>
        <extensions>
          <ns3:TrackPointExtension>
            <ns3:hr>169</ns3:hr>
            <ns3:cad>98</ns3:cad>
          </ns3:TrackPointExtension>
        </extensions>
      </trkpt>
      <trkpt lat="41.26287926919758319854736328125" lon="115.1353737898170948028564453125">
        <ele>1584.800048828125</ele>
        <time>2026-06-13T03:51:18.000Z</time>
        <extensions>
          <ns3:TrackPointExtension>
            <ns3:hr>169</ns3:hr>
            <ns3:cad>98</ns3:cad>
          </ns3:TrackPointExtension>
        </extensions>
      </trkpt>
      <trkpt lat="41.26287055201828479766845703125" lon="115.13540555723011493682861328125">
        <ele>1584.800048828125</ele>
        <time>2026-06-13T03:51:19.000Z</time>
        <extensions>
          <ns3:TrackPointExtension>
            <ns3:hr>169</ns3:hr>
            <ns3:cad>98</ns3:cad>
          </ns3:TrackPointExtension>
        </extensions>
      </trkpt>
      <trkpt lat="41.26286518760025501251220703125" lon="115.13544076122343540191650390625">
        <ele>1584.800048828125</ele>
        <time>2026-06-13T03:51:20.000Z</time>
        <extensions>
          <ns3:TrackPointExtension>
            <ns3:hr>169</ns3:hr>
            <ns3:cad>98</ns3:cad>
          </ns3:TrackPointExtension>
        </extensions>
      </trkpt>
      <trkpt lat="41.26286250539124011993408203125" lon="115.13548032380640506744384765625">
        <ele>1584.800048828125</ele>
        <time>2026-06-13T03:51:21.000Z</time>
        <extensions>
          <ns3:TrackPointExtension>
            <ns3:hr>169</ns3:hr>
            <ns3:cad>98</ns3:cad>
          </ns3:TrackPointExtension>
        </extensions>
      </trkpt>
      <trkpt lat="41.26285579986870288848876953125" lon="115.13550831936299800872802734375">
        <ele>1584.800048828125</ele>
        <time>2026-06-13T03:51:22.000Z</time>
        <extensions>
          <ns3:TrackPointExtension>
            <ns3:hr>169</ns3:hr>
            <ns3:cad>99</ns3:cad>
          </ns3:TrackPointExtension>
        </extensions>
      </trkpt>
      <trkpt lat="41.26285278238356113433837890625" lon="115.135542266070842742919921875">
        <ele>1585</ele>
        <time>2026-06-13T03:51:23.000Z</time>
        <extensions>
          <ns3:TrackPointExtension>
            <ns3:hr>169</ns3:hr>
            <ns3:cad>99</ns3:cad>
          </ns3:TrackPointExtension>
        </extensions>
      </trkpt>
      <trkpt lat="41.2628498487174510955810546875" lon="115.13557453639805316925048828125">
        <ele>1585</ele>
        <time>2026-06-13T03:51:24.000Z</time>
        <extensions>
          <ns3:TrackPointExtension>
            <ns3:hr>169</ns3:hr>
            <ns3:cad>99</ns3:cad>
          </ns3:TrackPointExtension>
        </extensions>
      </trkpt>
      <trkpt lat="41.2628419697284698486328125" lon="115.13560454361140727996826171875">
        <ele>1585.199951171875</ele>
        <time>2026-06-13T03:51:25.000Z</time>
        <extensions>
          <ns3:TrackPointExtension>
            <ns3:hr>169</ns3:hr>
            <ns3:cad>99</ns3:cad>
          </ns3:TrackPointExtension>
        </extensions>
      </trkpt>
      <trkpt lat="41.2628364376723766326904296875" lon="115.13563890941441059112548828125">
        <ele>1585.199951171875</ele>
        <time>2026-06-13T03:51:26.000Z</time>
        <extensions>
          <ns3:TrackPointExtension>
            <ns3:hr>169</ns3:hr>
            <ns3:cad>99</ns3:cad>
          </ns3:TrackPointExtension>
        </extensions>
      </trkpt>
      <trkpt lat="41.26283249817788600921630859375" lon="115.1356780529022216796875">
        <ele>1585.199951171875</ele>
        <time>2026-06-13T03:51:27.000Z</time>
        <extensions>
          <ns3:TrackPointExtension>
            <ns3:hr>169</ns3:hr>
            <ns3:cad>99</ns3:cad>
          </ns3:TrackPointExtension>
        </extensions>
      </trkpt>
      <trkpt lat="41.2628220207989215850830078125" lon="115.13570646755397319793701171875">
        <ele>1585.199951171875</ele>
        <time>2026-06-13T03:51:28.000Z</time>
        <extensions>
          <ns3:TrackPointExtension>
            <ns3:hr>170</ns3:hr>
            <ns3:cad>99</ns3:cad>
          </ns3:TrackPointExtension>
        </extensions>
      </trkpt>
      <trkpt lat="41.26281422562897205352783203125" lon="115.13573898933827877044677734375">
        <ele>1585.199951171875</ele>
        <time>2026-06-13T03:51:29.000Z</time>
        <extensions>
          <ns3:TrackPointExtension>
            <ns3:hr>169</ns3:hr>
            <ns3:cad>100</ns3:cad>
          </ns3:TrackPointExtension>
        </extensions>
      </trkpt>
      <trkpt lat="41.2628071010112762451171875" lon="115.13577452860772609710693359375">
        <ele>1585.199951171875</ele>
        <time>2026-06-13T03:51:30.000Z</time>
        <extensions>
          <ns3:TrackPointExtension>
            <ns3:hr>170</ns3:hr>
            <ns3:cad>100</ns3:cad>
          </ns3:TrackPointExtension>
        </extensions>
      </trkpt>
      <trkpt lat="41.26279327087104320526123046875" lon="115.13580436818301677703857421875">
        <ele>1585.4000244140625</ele>
        <time>2026-06-13T03:51:31.000Z</time>
        <extensions>
          <ns3:TrackPointExtension>
            <ns3:hr>170</ns3:hr>
            <ns3:cad>100</ns3:cad>
          </ns3:TrackPointExtension>
        </extensions>
      </trkpt>
      <trkpt lat="41.26278522424399852752685546875" lon="115.13583605177700519561767578125">
        <ele>1585.4000244140625</ele>
        <time>2026-06-13T03:51:32.000Z</time>
        <extensions>
          <ns3:TrackPointExtension>
            <ns3:hr>170</ns3:hr>
            <ns3:cad>100</ns3:cad>
          </ns3:TrackPointExtension>
        </extensions>
      </trkpt>
      <trkpt lat="41.262772567570209503173828125" lon="115.135868489742279052734375">
        <ele>1585.5999755859375</ele>
        <time>2026-06-13T03:51:33.000Z</time>
        <extensions>
          <ns3:TrackPointExtension>
            <ns3:hr>170</ns3:hr>
            <ns3:cad>100</ns3:cad>
          </ns3:TrackPointExtension>
        </extensions>
      </trkpt>
      <trkpt lat="41.26275689341127872467041015625" lon="115.1358901150524616241455078125">
        <ele>1585.5999755859375</ele>
        <time>2026-06-13T03:51:34.000Z</time>
        <extensions>
          <ns3:TrackPointExtension>
            <ns3:hr>170</ns3:hr>
            <ns3:cad>100</ns3:cad>
          </ns3:TrackPointExtension>
        </extensions>
      </trkpt>
      <trkpt lat="41.26273962669074535369873046875" lon="115.13592003844678401947021484375">
        <ele>1585.800048828125</ele>
        <time>2026-06-13T03:51:35.000Z</time>
        <extensions>
          <ns3:TrackPointExtension>
            <ns3:hr>170</ns3:hr>
            <ns3:cad>101</ns3:cad>
          </ns3:TrackPointExtension>
        </extensions>
      </trkpt>
      <trkpt lat="41.262720264494419097900390625" lon="115.13594652526080608367919921875">
        <ele>1585.800048828125</ele>
        <time>2026-06-13T03:51:36.000Z</time>
        <extensions>
          <ns3:TrackPointExtension>
            <ns3:hr>171</ns3:hr>
            <ns3:cad>101</ns3:cad>
          </ns3:TrackPointExtension>
        </extensions>
      </trkpt>
      <trkpt lat="41.26269704662263393402099609375" lon="115.1359662227332592010498046875">
        <ele>1585.800048828125</ele>
        <time>2026-06-13T03:51:37.000Z</time>
        <extensions>
          <ns3:TrackPointExtension>
            <ns3:hr>170</ns3:hr>
            <ns3:cad>100</ns3:cad>
          </ns3:TrackPointExtension>
        </extensions>
      </trkpt>
      <trkpt lat="41.26267676241695880889892578125" lon="115.1359913684427738189697265625">
        <ele>1586</ele>
        <time>2026-06-13T03:51:38.000Z</time>
        <extensions>
          <ns3:TrackPointExtension>
            <ns3:hr>170</ns3:hr>
            <ns3:cad>100</ns3:cad>
          </ns3:TrackPointExtension>
        </extensions>
      </trkpt>
      <trkpt lat="41.26265781931579113006591796875" lon="115.13601995073258876800537109375">
        <ele>1586</ele>
        <time>2026-06-13T03:51:39.000Z</time>
        <extensions>
          <ns3:TrackPointExtension>
            <ns3:hr>171</ns3:hr>
            <ns3:cad>100</ns3:cad>
          </ns3:TrackPointExtension>
        </extensions>
      </trkpt>
      <trkpt lat="41.26264004968106746673583984375" lon="115.13603554107248783111572265625">
        <ele>1586.199951171875</ele>
        <time>2026-06-13T03:51:40.000Z</time>
        <extensions>
          <ns3:TrackPointExtension>
            <ns3:hr>170</ns3:hr>
            <ns3:cad>100</ns3:cad>
          </ns3:TrackPointExtension>
        </extensions>
      </trkpt>
      <trkpt lat="41.26261540688574314117431640625" lon="115.136057920753955841064453125">
        <ele>1586.4000244140625</ele>
        <time>2026-06-13T03:51:41.000Z</time>
        <extensions>
          <ns3:TrackPointExtension>
            <ns3:hr>170</ns3:hr>
            <ns3:cad>100</ns3:cad>
          </ns3:TrackPointExtension>
        </extensions>
      </trkpt>
      <trkpt lat="41.26259529031813144683837890625" lon="115.13607745058834552764892578125">
        <ele>1586.4000244140625</ele>
        <time>2026-06-13T03:51:42.000Z</time>
        <extensions>
          <ns3:TrackPointExtension>
            <ns3:hr>170</ns3:hr>
            <ns3:cad>99</ns3:cad>
          </ns3:TrackPointExtension>
        </extensions>
      </trkpt>
      <trkpt lat="41.262575425207614898681640625" lon="115.136088766157627105712890625">
        <ele>1586.5999755859375</ele>
        <time>2026-06-13T03:51:43.000Z</time>
        <extensions>
          <ns3:TrackPointExtension>
            <ns3:hr>171</ns3:hr>
            <ns3:cad>99</ns3:cad>
          </ns3:TrackPointExtension>
        </extensions>
      </trkpt>
      <trkpt lat="41.26255103386938571929931640625" lon="115.1361124031245708465576171875">
        <ele>1586.5999755859375</ele>
        <time>2026-06-13T03:51:44.000Z</time>
        <extensions>
          <ns3:TrackPointExtension>
            <ns3:hr>170</ns3:hr>
            <ns3:cad>99</ns3:cad>
          </ns3:TrackPointExtension>
        </extensions>
      </trkpt>
      <trkpt lat="41.26252672635018825531005859375" lon="115.136131010949611663818359375">
        <ele>1586.4000244140625</ele>
        <time>2026-06-13T03:51:45.000Z</time>
        <extensions>
          <ns3:TrackPointExtension>
            <ns3:hr>170</ns3:hr>
            <ns3:cad>99</ns3:cad>
          </ns3:TrackPointExtension>
        </extensions>
      </trkpt>
      <trkpt lat="41.2625018320977687835693359375" lon="115.13614383526146411895751953125">
        <ele>1586.4000244140625</ele>
        <time>2026-06-13T03:51:46.000Z</time>
        <extensions>
          <ns3:TrackPointExtension>
            <ns3:hr>170</ns3:hr>
            <ns3:cad>99</ns3:cad>
          </ns3:TrackPointExtension>
        </extensions>
      </trkpt>
      <trkpt lat="41.26247459091246128082275390625" lon="115.1361620239913463592529296875">
        <ele>1586.4000244140625</ele>
        <time>2026-06-13T03:51:47.000Z</time>
        <extensions>
          <ns3:TrackPointExtension>
            <ns3:hr>170</ns3:hr>
            <ns3:cad>99</ns3:cad>
          </ns3:TrackPointExtension>
        </extensions>
      </trkpt>
      <trkpt lat="41.26245263032615184783935546875" lon="115.1361700706183910369873046875">
        <ele>1586.199951171875</ele>
        <time>2026-06-13T03:51:48.000Z</time>
        <extensions>
          <ns3:TrackPointExtension>
            <ns3:hr>170</ns3:hr>
            <ns3:cad>99</ns3:cad>
          </ns3:TrackPointExtension>
        </extensions>
      </trkpt>
      <trkpt lat="41.2624310888350009918212890625" lon="115.1361811347305774688720703125">
        <ele>1586.199951171875</ele>
        <time>2026-06-13T03:51:49.000Z</time>
        <extensions>
          <ns3:TrackPointExtension>
            <ns3:hr>169</ns3:hr>
            <ns3:cad>99</ns3:cad>
          </ns3:TrackPointExtension>
        </extensions>
      </trkpt>
      <trkpt lat="41.262407787144184112548828125" lon="115.13619731180369853973388671875">
        <ele>1586.4000244140625</ele>
        <time>2026-06-13T03:51:50.000Z</time>
        <extensions>
          <ns3:TrackPointExtension>
            <ns3:hr>169</ns3:hr>
            <ns3:cad>99</ns3:cad>
          </ns3:TrackPointExtension>
        </extensions>
      </trkpt>
      <trkpt lat="41.26238021068274974822998046875" lon="115.13620938174426555633544921875">
        <ele>1586.4000244140625</ele>
        <time>2026-06-13T03:51:51.000Z</time>
        <extensions>
          <ns3:TrackPointExtension>
            <ns3:hr>169</ns3:hr>
            <ns3:cad>100</ns3:cad>
          </ns3:TrackPointExtension>
        </extensions>
      </trkpt>
      <trkpt lat="41.26235581934452056884765625" lon="115.13621826656162738800048828125">
        <ele>1586.4000244140625</ele>
        <time>2026-06-13T03:51:52.000Z</time>
        <extensions>
          <ns3:TrackPointExtension>
            <ns3:hr>169</ns3:hr>
            <ns3:cad>100</ns3:cad>
          </ns3:TrackPointExtension>
        </extensions>
      </trkpt>
      <trkpt lat="41.26233033835887908935546875" lon="115.13623888604342937469482421875">
        <ele>1586.199951171875</ele>
        <time>2026-06-13T03:51:53.000Z</time>
        <extensions>
          <ns3:TrackPointExtension>
            <ns3:hr>169</ns3:hr>
            <ns3:cad>100</ns3:cad>
          </ns3:TrackPointExtension>
        </extensions>
      </trkpt>
      <trkpt lat="41.26230712048709392547607421875" lon="115.1362518779933452606201171875">
        <ele>1586.199951171875</ele>
        <time>2026-06-13T03:51:54.000Z</time>
        <extensions>
          <ns3:TrackPointExtension>
            <ns3:hr>169</ns3:hr>
            <ns3:cad>100</ns3:cad>
          </ns3:TrackPointExtension>
        </extensions>
      </trkpt>
      <trkpt lat="41.2622835673391819000244140625" lon="115.13626746833324432373046875">
        <ele>1586</ele>
        <time>2026-06-13T03:51:55.000Z</time>
        <extensions>
          <ns3:TrackPointExtension>
            <ns3:hr>169</ns3:hr>
            <ns3:cad>100</ns3:cad>
          </ns3:TrackPointExtension>
        </extensions>
      </trkpt>
      <trkpt lat="41.26225632615387439727783203125" lon="115.13628649525344371795654296875">
        <ele>1585.800048828125</ele>
        <time>2026-06-13T03:51:56.000Z</time>
        <extensions>
          <ns3:TrackPointExtension>
            <ns3:hr>169</ns3:hr>
            <ns3:cad>100</ns3:cad>
          </ns3:TrackPointExtension>
        </extensions>
      </trkpt>
      <trkpt lat="41.2622289173305034637451171875" lon="115.13629588298499584197998046875">
        <ele>1585.800048828125</ele>
        <time>2026-06-13T03:51:57.000Z</time>
        <extensions>
          <ns3:TrackPointExtension>
            <ns3:hr>169</ns3:hr>
            <ns3:cad>100</ns3:cad>
          </ns3:TrackPointExtension>
        </extensions>
      </trkpt>
      <trkpt lat="41.262204609811305999755859375" lon="115.1363097131252288818359375">
        <ele>1585.800048828125</ele>
        <time>2026-06-13T03:51:58.000Z</time>
        <extensions>
          <ns3:TrackPointExtension>
            <ns3:hr>169</ns3:hr>
            <ns3:cad>100</ns3:cad>
          </ns3:TrackPointExtension>
        </extensions>
      </trkpt>
      <trkpt lat="41.2621786259114742279052734375" lon="115.13632773421704769134521484375">
        <ele>1585.5999755859375</ele>
        <time>2026-06-13T03:51:59.000Z</time>
        <extensions>
          <ns3:TrackPointExtension>
            <ns3:hr>168</ns3:hr>
            <ns3:cad>100</ns3:cad>
          </ns3:TrackPointExtension>
        </extensions>
      </trkpt>
      <trkpt lat="41.2621548213064670562744140625" lon="115.13634315691888332366943359375">
        <ele>1585.5999755859375</ele>
        <time>2026-06-13T03:52:00.000Z</time>
        <extensions>
          <ns3:TrackPointExtension>
            <ns3:hr>168</ns3:hr>
            <ns3:cad>100</ns3:cad>
          </ns3:TrackPointExtension>
        </extensions>
      </trkpt>
      <trkpt lat="41.26213193871080875396728515625" lon="115.13635505922138690948486328125">
        <ele>1585.5999755859375</ele>
        <time>2026-06-13T03:52:01.000Z</time>
        <extensions>
          <ns3:TrackPointExtension>
            <ns3:hr>169</ns3:hr>
            <ns3:cad>100</ns3:cad>
          </ns3:TrackPointExtension>
        </extensions>
      </trkpt>
      <trkpt lat="41.26210813410580158233642578125" lon="115.13637450523674488067626953125">
        <ele>1585.4000244140625</ele>
        <time>2026-06-13T03:52:02.000Z</time>
        <extensions>
          <ns3:TrackPointExtension>
            <ns3:hr>168</ns3:hr>
            <ns3:cad>100</ns3:cad>
          </ns3:TrackPointExtension>
        </extensions>
      </trkpt>
      <trkpt lat="41.26207896508276462554931640625" lon="115.13639328069984912872314453125">
        <ele>1585.4000244140625</ele>
        <time>2026-06-13T03:52:03.000Z</time>
        <extensions>
          <ns3:TrackPointExtension>
            <ns3:hr>168</ns3:hr>
            <ns3:cad>91</ns3:cad>
          </ns3:TrackPointExtension>
        </extensions>
      </trkpt>
      <trkpt lat="41.26205884851515293121337890625" lon="115.136397890746593475341796875">
        <ele>1585.4000244140625</ele>
        <time>2026-06-13T03:52:04.000Z</time>
        <extensions>
          <ns3:TrackPointExtension>
            <ns3:hr>168</ns3:hr>
            <ns3:cad>91</ns3:cad>
          </ns3:TrackPointExtension>
        </extensions>
      </trkpt>
      <trkpt lat="41.262034289538860321044921875" lon="115.13641557656228542327880859375">
        <ele>1585.4000244140625</ele>
        <time>2026-06-13T03:52:05.000Z</time>
        <extensions>
          <ns3:TrackPointExtension>
            <ns3:hr>168</ns3:hr>
            <ns3:cad>101</ns3:cad>
          </ns3:TrackPointExtension>
        </extensions>
      </trkpt>
      <trkpt lat="41.26200352795422077178955078125" lon="115.13643250800669193267822265625">
        <ele>1585.4000244140625</ele>
        <time>2026-06-13T03:52:06.000Z</time>
        <extensions>
          <ns3:TrackPointExtension>
            <ns3:hr>169</ns3:hr>
            <ns3:cad>101</ns3:cad>
          </ns3:TrackPointExtension>
        </extensions>
      </trkpt>
      <trkpt lat="41.261982657015323638916015625" lon="115.13644541613757610321044921875">
        <ele>1585.199951171875</ele>
        <time>2026-06-13T03:52:07.000Z</time>
        <extensions>
          <ns3:TrackPointExtension>
            <ns3:hr>169</ns3:hr>
            <ns3:cad>101</ns3:cad>
          </ns3:TrackPointExtension>
        </extensions>
      </trkpt>
      <trkpt lat="41.26195675693452358245849609375" lon="115.13646150939166545867919921875">
        <ele>1585.199951171875</ele>
        <time>2026-06-13T03:52:08.000Z</time>
        <extensions>
          <ns3:TrackPointExtension>
            <ns3:hr>170</ns3:hr>
            <ns3:cad>101</ns3:cad>
          </ns3:TrackPointExtension>
        </extensions>
      </trkpt>
      <trkpt lat="41.26192524097859859466552734375" lon="115.13647844083607196807861328125">
        <ele>1585.199951171875</ele>
        <time>2026-06-13T03:52:09.000Z</time>
        <extensions>
          <ns3:TrackPointExtension>
            <ns3:hr>170</ns3:hr>
            <ns3:cad>100</ns3:cad>
          </ns3:TrackPointExtension>
        </extensions>
      </trkpt>
      <trkpt lat="41.2619040347635746002197265625" lon="115.13649000786244869232177734375">
        <ele>1585</ele>
        <time>2026-06-13T03:52:10.000Z</time>
        <extensions>
          <ns3:TrackPointExtension>
            <ns3:hr>170</ns3:hr>
            <ns3:cad>100</ns3:cad>
          </ns3:TrackPointExtension>
        </extensions>
      </trkpt>
      <trkpt lat="41.2618782185018062591552734375" lon="115.13651113025844097137451171875">
        <ele>1585</ele>
        <time>2026-06-13T03:52:11.000Z</time>
        <extensions>
          <ns3:TrackPointExtension>
            <ns3:hr>170</ns3:hr>
            <ns3:cad>100</ns3:cad>
          </ns3:TrackPointExtension>
        </extensions>
      </trkpt>
      <trkpt lat="41.26184896565973758697509765625" lon="115.1365385390818119049072265625">
        <ele>1584.800048828125</ele>
        <time>2026-06-13T03:52:12.000Z</time>
        <extensions>
          <ns3:TrackPointExtension>
            <ns3:hr>170</ns3:hr>
            <ns3:cad>100</ns3:cad>
          </ns3:TrackPointExtension>
        </extensions>
      </trkpt>
      <trkpt lat="41.26182516105473041534423828125" lon="115.1365496031939983367919921875">
        <ele>1584.800048828125</ele>
        <time>2026-06-13T03:52:13.000Z</time>
        <extensions>
          <ns3:TrackPointExtension>
            <ns3:hr>170</ns3:hr>
            <ns3:cad>100</ns3:cad>
          </ns3:TrackPointExtension>
        </extensions>
      </trkpt>
      <trkpt lat="41.26180219464004039764404296875" lon="115.1365698873996734619140625">
        <ele>1584.800048828125</ele>
        <time>2026-06-13T03:52:14.000Z</time>
        <extensions>
          <ns3:TrackPointExtension>
            <ns3:hr>170</ns3:hr>
            <ns3:cad>100</ns3:cad>
          </ns3:TrackPointExtension>
        </extensions>
      </trkpt>
      <trkpt lat="41.26177310943603515625" lon="115.13659813441336154937744140625">
        <ele>1584.5999755859375</ele>
        <time>2026-06-13T03:52:15.000Z</time>
        <extensions>
          <ns3:TrackPointExtension>
            <ns3:hr>170</ns3:hr>
            <ns3:cad>100</ns3:cad>
          </ns3:TrackPointExtension>
        </extensions>
      </trkpt>
      <trkpt lat="41.26174620352685451507568359375" lon="115.13661540113389492034912109375">
        <ele>1584.5999755859375</ele>
        <time>2026-06-13T03:52:16.000Z</time>
        <extensions>
          <ns3:TrackPointExtension>
            <ns3:hr>170</ns3:hr>
            <ns3:cad>100</ns3:cad>
          </ns3:TrackPointExtension>
        </extensions>
      </trkpt>
      <trkpt lat="41.26172524876892566680908203125" lon="115.13663627207279205322265625">
        <ele>1584.5999755859375</ele>
        <time>2026-06-13T03:52:17.000Z</time>
        <extensions>
          <ns3:TrackPointExtension>
            <ns3:hr>169</ns3:hr>
            <ns3:cad>100</ns3:cad>
          </ns3:TrackPointExtension>
        </extensions>
      </trkpt>
      <trkpt lat="41.26169960014522075653076171875" lon="115.13666770420968532562255859375">
        <ele>1584.5999755859375</ele>
        <time>2026-06-13T03:52:18.000Z</time>
        <extensions>
          <ns3:TrackPointExtension>
            <ns3:hr>169</ns3:hr>
            <ns3:cad>100</ns3:cad>
          </ns3:TrackPointExtension>
        </extensions>
      </trkpt>
      <trkpt lat="41.26167587935924530029296875" lon="115.13668119907379150390625">
        <ele>1584.5999755859375</ele>
        <time>2026-06-13T03:52:19.000Z</time>
        <extensions>
          <ns3:TrackPointExtension>
            <ns3:hr>169</ns3:hr>
            <ns3:cad>100</ns3:cad>
          </ns3:TrackPointExtension>
        </extensions>
      </trkpt>
      <trkpt lat="41.26165433786809444427490234375" lon="115.1367018185555934906005859375">
        <ele>1584.5999755859375</ele>
        <time>2026-06-13T03:52:20.000Z</time>
        <extensions>
          <ns3:TrackPointExtension>
            <ns3:hr>169</ns3:hr>
            <ns3:cad>100</ns3:cad>
          </ns3:TrackPointExtension>
        </extensions>
      </trkpt>
      <trkpt lat="41.261627264320850372314453125" lon="115.13673190958797931671142578125">
        <ele>1584.5999755859375</ele>
        <time>2026-06-13T03:52:21.000Z</time>
        <extensions>
          <ns3:TrackPointExtension>
            <ns3:hr>169</ns3:hr>
            <ns3:cad>100</ns3:cad>
          </ns3:TrackPointExtension>
        </extensions>
      </trkpt>
      <trkpt lat="41.261604465544223785400390625" lon="115.136746577918529510498046875">
        <ele>1584.5999755859375</ele>
        <time>2026-06-13T03:52:22.000Z</time>
        <extensions>
          <ns3:TrackPointExtension>
            <ns3:hr>169</ns3:hr>
            <ns3:cad>100</ns3:cad>
          </ns3:TrackPointExtension>
        </extensions>
      </trkpt>
      <trkpt lat="41.26158602535724639892578125" lon="115.13676904141902923583984375">
        <ele>1584.5999755859375</ele>
        <time>2026-06-13T03:52:23.000Z</time>
        <extensions>
          <ns3:TrackPointExtension>
            <ns3:hr>169</ns3:hr>
            <ns3:cad>101</ns3:cad>
          </ns3:TrackPointExtension>
        </extensions>
      </trkpt>
      <trkpt lat="41.26156129874289035797119140625" lon="115.13680147938430309295654296875">
        <ele>1584.5999755859375</ele>
        <time>2026-06-13T03:52:24.000Z</time>
        <extensions>
          <ns3:TrackPointExtension>
            <ns3:hr>169</ns3:hr>
            <ns3:cad>101</ns3:cad>
          </ns3:TrackPointExtension>
        </extensions>
      </trkpt>
      <trkpt lat="41.26153950579464435577392578125" lon="115.13681841082870960235595703125">
        <ele>1584.5999755859375</ele>
        <time>2026-06-13T03:52:25.000Z</time>
        <extensions>
          <ns3:TrackPointExtension>
            <ns3:hr>168</ns3:hr>
            <ns3:cad>101</ns3:cad>
          </ns3:TrackPointExtension>
        </extensions>
      </trkpt>
      <trkpt lat="41.26152005977928638458251953125" lon="115.13684221543371677398681640625">
        <ele>1584.5999755859375</ele>
        <time>2026-06-13T03:52:26.000Z</time>
        <extensions>
          <ns3:TrackPointExtension>
            <ns3:hr>168</ns3:hr>
            <ns3:cad>101</ns3:cad>
          </ns3:TrackPointExtension>
        </extensions>
      </trkpt>
      <trkpt lat="41.26149524934589862823486328125" lon="115.13687188737094402313232421875">
        <ele>1584.5999755859375</ele>
        <time>2026-06-13T03:52:27.000Z</time>
        <extensions>
          <ns3:TrackPointExtension>
            <ns3:hr>168</ns3:hr>
            <ns3:cad>101</ns3:cad>
          </ns3:TrackPointExtension>
        </extensions>
      </trkpt>
      <trkpt lat="41.2614728696644306182861328125" lon="115.13688848353922367095947265625">
        <ele>1584.5999755859375</ele>
        <time>2026-06-13T03:52:28.000Z</time>
        <extensions>
          <ns3:TrackPointExtension>
            <ns3:hr>168</ns3:hr>
            <ns3:cad>100</ns3:cad>
          </ns3:TrackPointExtension>
        </extensions>
      </trkpt>
      <trkpt lat="41.26145166344940662384033203125" lon="115.13691228814423084259033203125">
        <ele>1584.5999755859375</ele>
        <time>2026-06-13T03:52:29.000Z</time>
        <extensions>
          <ns3:TrackPointExtension>
            <ns3:hr>168</ns3:hr>
            <ns3:cad>99</ns3:cad>
          </ns3:TrackPointExtension>
        </extensions>
      </trkpt>
      <trkpt lat="41.261427439749240875244140625" lon="115.1369345001876354217529296875">
        <ele>1584.4000244140625</ele>
        <time>2026-06-13T03:52:30.000Z</time>
        <extensions>
          <ns3:TrackPointExtension>
            <ns3:hr>168</ns3:hr>
            <ns3:cad>99</ns3:cad>
          </ns3:TrackPointExtension>
        </extensions>
      </trkpt>
      <trkpt lat="41.26140355132520198822021484375" lon="115.13694179244339466094970703125">
        <ele>1584.4000244140625</ele>
        <time>2026-06-13T03:52:31.000Z</time>
        <extensions>
          <ns3:TrackPointExtension>
            <ns3:hr>168</ns3:hr>
            <ns3:cad>99</ns3:cad>
          </ns3:TrackPointExtension>
        </extensions>
      </trkpt>
      <trkpt lat="41.26137815415859222412109375" lon="115.1369566284120082855224609375">
        <ele>1584.4000244140625</ele>
        <time>2026-06-13T03:52:32.000Z</time>
        <extensions>
          <ns3:TrackPointExtension>
            <ns3:hr>168</ns3:hr>
            <ns3:cad>99</ns3:cad>
          </ns3:TrackPointExtension>
        </extensions>
      </trkpt>
      <trkpt lat="41.261349655687808990478515625" lon="115.13697364367544651031494140625">
        <ele>1584.4000244140625</ele>
        <time>2026-06-13T03:52:33.000Z</time>
        <extensions>
          <ns3:TrackPointExtension>
            <ns3:hr>168</ns3:hr>
            <ns3:cad>99</ns3:cad>
          </ns3:TrackPointExtension>
        </extensions>
      </trkpt>
      <trkpt lat="41.26132576726377010345458984375" lon="115.13698051683604717254638671875">
        <ele>1584.5999755859375</ele>
        <time>2026-06-13T03:52:34.000Z</time>
        <extensions>
          <ns3:TrackPointExtension>
            <ns3:hr>167</ns3:hr>
            <ns3:cad>99</ns3:cad>
          </ns3:TrackPointExtension>
        </extensions>
      </trkpt>
      <trkpt lat="41.2612985260784626007080078125" lon="115.13699476607143878936767578125">
        <ele>1584.800048828125</ele>
        <time>2026-06-13T03:52:35.000Z</time>
        <extensions>
          <ns3:TrackPointExtension>
            <ns3:hr>167</ns3:hr>
            <ns3:cad>100</ns3:cad>
          </ns3:TrackPointExtension>
        </extensions>
      </trkpt>
      <trkpt lat="41.26127162016928195953369140625" lon="115.1370096020400524139404296875">
        <ele>1584.800048828125</ele>
        <time>2026-06-13T03:52:36.000Z</time>
        <extensions>
          <ns3:TrackPointExtension>
            <ns3:hr>167</ns3:hr>
            <ns3:cad>100</ns3:cad>
          </ns3:TrackPointExtension>
        </extensions>
      </trkpt>
      <trkpt lat="41.2612475641071796417236328125" lon="115.1370159722864627838134765625">
        <ele>1584.800048828125</ele>
        <time>2026-06-13T03:52:37.000Z</time>
        <extensions>
          <ns3:TrackPointExtension>
            <ns3:hr>168</ns3:hr>
            <ns3:cad>99</ns3:cad>
          </ns3:TrackPointExtension>
        </extensions>
      </trkpt>
      <trkpt lat="41.2612227536737918853759765625" lon="115.13702712021768093109130859375">
        <ele>1585</ele>
        <time>2026-06-13T03:52:38.000Z</time>
        <extensions>
          <ns3:TrackPointExtension>
            <ns3:hr>167</ns3:hr>
            <ns3:cad>100</ns3:cad>
          </ns3:TrackPointExtension>
        </extensions>
      </trkpt>
      <trkpt lat="41.2611945904791355133056640625" lon="115.13703851960599422454833984375">
        <ele>1585</ele>
        <time>2026-06-13T03:52:39.000Z</time>
        <extensions>
          <ns3:TrackPointExtension>
            <ns3:hr>168</ns3:hr>
            <ns3:cad>100</ns3:cad>
          </ns3:TrackPointExtension>
        </extensions>
      </trkpt>
      <trkpt lat="41.26117338426411151885986328125" lon="115.1370407827198505401611328125">
        <ele>1585</ele>
        <time>2026-06-13T03:52:40.000Z</time>
        <extensions>
          <ns3:TrackPointExtension>
            <ns3:hr>168</ns3:hr>
            <ns3:cad>100</ns3:cad>
          </ns3:TrackPointExtension>
        </extensions>
      </trkpt>
      <trkpt lat="41.26114622689783573150634765625" lon="115.1370538584887981414794921875">
        <ele>1585</ele>
        <time>2026-06-13T03:52:41.000Z</time>
        <extensions>
          <ns3:TrackPointExtension>
            <ns3:hr>168</ns3:hr>
            <ns3:cad>100</ns3:cad>
          </ns3:TrackPointExtension>
        </extensions>
      </trkpt>
      <trkpt lat="41.2611218355596065521240234375" lon="115.13706483878195285797119140625">
        <ele>1585.4000244140625</ele>
        <time>2026-06-13T03:52:42.000Z</time>
        <extensions>
          <ns3:TrackPointExtension>
            <ns3:hr>168</ns3:hr>
            <ns3:cad>100</ns3:cad>
          </ns3:TrackPointExtension>
        </extensions>
      </trkpt>
      <trkpt lat="41.26109945587813854217529296875" lon="115.13706617988646030426025390625">
        <ele>1585.5999755859375</ele>
        <time>2026-06-13T03:52:43.000Z</time>
        <extensions>
          <ns3:TrackPointExtension>
            <ns3:hr>168</ns3:hr>
            <ns3:cad>99</ns3:cad>
          </ns3:TrackPointExtension>
        </extensions>
      </trkpt>
      <trkpt lat="41.261069364845752716064453125" lon="115.137080512940883636474609375">
        <ele>1585.800048828125</ele>
        <time>2026-06-13T03:52:44.000Z</time>
        <extensions>
          <ns3:TrackPointExtension>
            <ns3:hr>168</ns3:hr>
            <ns3:cad>99</ns3:cad>
          </ns3:TrackPointExtension>
        </extensions>
      </trkpt>
      <trkpt lat="41.26104430295526981353759765625" lon="115.13708646409213542938232421875">
        <ele>1585.800048828125</ele>
        <time>2026-06-13T03:52:45.000Z</time>
        <extensions>
          <ns3:TrackPointExtension>
            <ns3:hr>168</ns3:hr>
            <ns3:cad>99</ns3:cad>
          </ns3:TrackPointExtension>
        </extensions>
      </trkpt>
      <trkpt lat="41.261021755635738372802734375" lon="115.1370883919298648834228515625">
        <ele>1586</ele>
        <time>2026-06-13T03:52:46.000Z</time>
        <extensions>
          <ns3:TrackPointExtension>
            <ns3:hr>168</ns3:hr>
            <ns3:cad>99</ns3:cad>
          </ns3:TrackPointExtension>
        </extensions>
      </trkpt>
      <trkpt lat="41.2609944306313991546630859375" lon="115.137102305889129638671875">
        <ele>1586</ele>
        <time>2026-06-13T03:52:47.000Z</time>
        <extensions>
          <ns3:TrackPointExtension>
            <ns3:hr>168</ns3:hr>
            <ns3:cad>99</ns3:cad>
          </ns3:TrackPointExtension>
        </extensions>
      </trkpt>
      <trkpt lat="41.2609709613025188446044921875" lon="115.13711127452552318572998046875">
        <ele>1586</ele>
        <time>2026-06-13T03:52:48.000Z</time>
        <extensions>
          <ns3:TrackPointExtension>
            <ns3:hr>168</ns3:hr>
            <ns3:cad>99</ns3:cad>
          </ns3:TrackPointExtension>
        </extensions>
      </trkpt>
      <trkpt lat="41.260950677096843719482421875" lon="115.13711680658161640167236328125">
        <ele>1586.199951171875</ele>
        <time>2026-06-13T03:52:49.000Z</time>
        <extensions>
          <ns3:TrackPointExtension>
            <ns3:hr>168</ns3:hr>
            <ns3:cad>99</ns3:cad>
          </ns3:TrackPointExtension>
        </extensions>
      </trkpt>
      <trkpt lat="41.26092343591153621673583984375" lon="115.13713206164538860321044921875">
        <ele>1586.199951171875</ele>
        <time>2026-06-13T03:52:50.000Z</time>
        <extensions>
          <ns3:TrackPointExtension>
            <ns3:hr>168</ns3:hr>
            <ns3:cad>99</ns3:cad>
          </ns3:TrackPointExtension>
        </extensions>
      </trkpt>
      <trkpt lat="41.26090080477297306060791015625" lon="115.137137509882450103759765625">
        <ele>1586.4000244140625</ele>
        <time>2026-06-13T03:52:51.000Z</time>
        <extensions>
          <ns3:TrackPointExtension>
            <ns3:hr>168</ns3:hr>
            <ns3:cad>99</ns3:cad>
          </ns3:TrackPointExtension>
        </extensions>
      </trkpt>
      <trkpt lat="41.26087632961571216583251953125" lon="115.13714446686208248138427734375">
        <ele>1586.5999755859375</ele>
        <time>2026-06-13T03:52:52.000Z</time>
        <extensions>
          <ns3:TrackPointExtension>
            <ns3:hr>167</ns3:hr>
            <ns3:cad>100</ns3:cad>
          </ns3:TrackPointExtension>
        </extensions>
      </trkpt>
      <trkpt lat="41.26084699295461177825927734375" lon="115.13716064393520355224609375">
        <ele>1586.800048828125</ele>
        <time>2026-06-13T03:52:53.000Z</time>
        <extensions>
          <ns3:TrackPointExtension>
            <ns3:hr>167</ns3:hr>
            <ns3:cad>100</ns3:cad>
          </ns3:TrackPointExtension>
        </extensions>
      </trkpt>
      <trkpt lat="41.26082251779735088348388671875" lon="115.1371671818196773529052734375">
        <ele>1586.800048828125</ele>
        <time>2026-06-13T03:52:54.000Z</time>
        <extensions>
          <ns3:TrackPointExtension>
            <ns3:hr>167</ns3:hr>
            <ns3:cad>100</ns3:cad>
          </ns3:TrackPointExtension>
        </extensions>
      </trkpt>
      <trkpt lat="41.26079921610653400421142578125" lon="115.13717330060899257659912109375">
        <ele>1587</ele>
        <time>2026-06-13T03:52:55.000Z</time>
        <extensions>
          <ns3:TrackPointExtension>
            <ns3:hr>167</ns3:hr>
            <ns3:cad>100</ns3:cad>
          </ns3:TrackPointExtension>
        </extensions>
      </trkpt>
      <trkpt lat="41.260770969092845916748046875" lon="115.13718537054955959320068359375">
        <ele>1587</ele>
        <time>2026-06-13T03:52:56.000Z</time>
        <extensions>
          <ns3:TrackPointExtension>
            <ns3:hr>168</ns3:hr>
            <ns3:cad>100</ns3:cad>
          </ns3:TrackPointExtension>
        </extensions>
      </trkpt>
      <trkpt lat="41.26074791885912418365478515625" lon="115.137190483510494232177734375">
        <ele>1587</ele>
        <time>2026-06-13T03:52:57.000Z</time>
        <extensions>
          <ns3:TrackPointExtension>
            <ns3:hr>168</ns3:hr>
            <ns3:cad>100</ns3:cad>
          </ns3:TrackPointExtension>
        </extensions>
      </trkpt>
      <trkpt lat="41.2607228569686412811279296875" lon="115.13720221817493438720703125">
        <ele>1587.199951171875</ele>
        <time>2026-06-13T03:52:58.000Z</time>
        <extensions>
          <ns3:TrackPointExtension>
            <ns3:hr>168</ns3:hr>
            <ns3:cad>99</ns3:cad>
          </ns3:TrackPointExtension>
        </extensions>
      </trkpt>
      <trkpt lat="41.26069796271622180938720703125" lon="115.13720951043069362640380859375">
        <ele>1587.4000244140625</ele>
        <time>2026-06-13T03:52:59.000Z</time>
        <extensions>
          <ns3:TrackPointExtension>
            <ns3:hr>168</ns3:hr>
            <ns3:cad>99</ns3:cad>
          </ns3:TrackPointExtension>
        </extensions>
      </trkpt>
      <trkpt lat="41.2606765888631343841552734375" lon="115.137210600078105926513671875">
        <ele>1588</ele>
        <time>2026-06-13T03:53:00.000Z</time>
        <extensions>
          <ns3:TrackPointExtension>
            <ns3:hr>168</ns3:hr>
            <ns3:cad>99</ns3:cad>
          </ns3:TrackPointExtension>
        </extensions>
      </trkpt>
      <trkpt lat="41.2606517784297466278076171875" lon="115.13722308911383152008056640625">
        <ele>1588.199951171875</ele>
        <time>2026-06-13T03:53:01.000Z</time>
        <extensions>
          <ns3:TrackPointExtension>
            <ns3:hr>167</ns3:hr>
            <ns3:cad>99</ns3:cad>
          </ns3:TrackPointExtension>
        </extensions>
      </trkpt>
      <trkpt lat="41.26062839291989803314208984375" lon="115.1372261904180049896240234375">
        <ele>1588.4000244140625</ele>
        <time>2026-06-13T03:53:02.000Z</time>
        <extensions>
          <ns3:TrackPointExtension>
            <ns3:hr>167</ns3:hr>
            <ns3:cad>99</ns3:cad>
          </ns3:TrackPointExtension>
        </extensions>
      </trkpt>
      <trkpt lat="41.26060433685779571533203125" lon="115.1372282020747661590576171875">
        <ele>1588.4000244140625</ele>
        <time>2026-06-13T03:53:03.000Z</time>
        <extensions>
          <ns3:TrackPointExtension>
            <ns3:hr>167</ns3:hr>
            <ns3:cad>98</ns3:cad>
          </ns3:TrackPointExtension>
        </extensions>
      </trkpt>
      <trkpt lat="41.26057508401572704315185546875" lon="115.13724245131015777587890625">
        <ele>1588.4000244140625</ele>
        <time>2026-06-13T03:53:04.000Z</time>
        <extensions>
          <ns3:TrackPointExtension>
            <ns3:hr>168</ns3:hr>
            <ns3:cad>98</ns3:cad>
          </ns3:TrackPointExtension>
        </extensions>
      </trkpt>
      <trkpt lat="41.260552369058132171630859375" lon="115.13724337331950664520263671875">
        <ele>1588.4000244140625</ele>
        <time>2026-06-13T03:53:05.000Z</time>
        <extensions>
          <ns3:TrackPointExtension>
            <ns3:hr>168</ns3:hr>
            <ns3:cad>98</ns3:cad>
          </ns3:TrackPointExtension>
        </extensions>
      </trkpt>
      <trkpt lat="41.26052596606314182281494140625" lon="115.1372540183365345001220703125">
        <ele>1588.4000244140625</ele>
        <time>2026-06-13T03:53:06.000Z</time>
        <extensions>
          <ns3:TrackPointExtension>
            <ns3:hr>168</ns3:hr>
            <ns3:cad>97</ns3:cad>
          </ns3:TrackPointExtension>
        </extensions>
      </trkpt>
      <trkpt lat="41.26050014980137348175048828125" lon="115.13726617209613323211669921875">
        <ele>1588.4000244140625</ele>
        <time>2026-06-13T03:53:07.000Z</time>
        <extensions>
          <ns3:TrackPointExtension>
            <ns3:hr>168</ns3:hr>
            <ns3:cad>97</ns3:cad>
          </ns3:TrackPointExtension>
        </extensions>
      </trkpt>
      <trkpt lat="41.26048204489052295684814453125" lon="115.1372664235532283782958984375">
        <ele>1588.4000244140625</ele>
        <time>2026-06-13T03:53:08.000Z</time>
        <extensions>
          <ns3:TrackPointExtension>
            <ns3:hr>168</ns3:hr>
            <ns3:cad>97</ns3:cad>
          </ns3:TrackPointExtension>
        </extensions>
      </trkpt>
      <trkpt lat="41.26045413315296173095703125" lon="115.13728201389312744140625">
        <ele>1588.4000244140625</ele>
        <time>2026-06-13T03:53:09.000Z</time>
        <extensions>
          <ns3:TrackPointExtension>
            <ns3:hr>168</ns3:hr>
            <ns3:cad>97</ns3:cad>
          </ns3:TrackPointExtension>
        </extensions>
      </trkpt>
      <trkpt lat="41.26042923890054225921630859375" lon="115.137292407453060150146484375">
        <ele>1588.800048828125</ele>
        <time>2026-06-13T03:53:10.000Z</time>
        <extensions>
          <ns3:TrackPointExtension>
            <ns3:hr>168</ns3:hr>
            <ns3:cad>98</ns3:cad>
          </ns3:TrackPointExtension>
        </extensions>
      </trkpt>
      <trkpt lat="41.26040928997099399566650390625" lon="115.13729550875723361968994140625">
        <ele>1589.199951171875</ele>
        <time>2026-06-13T03:53:11.000Z</time>
        <extensions>
          <ns3:TrackPointExtension>
            <ns3:hr>169</ns3:hr>
            <ns3:cad>98</ns3:cad>
          </ns3:TrackPointExtension>
        </extensions>
      </trkpt>
      <trkpt lat="41.26038179732859134674072265625" lon="115.13731193728744983673095703125">
        <ele>1589.199951171875</ele>
        <time>2026-06-13T03:53:12.000Z</time>
        <extensions>
          <ns3:TrackPointExtension>
            <ns3:hr>168</ns3:hr>
            <ns3:cad>98</ns3:cad>
          </ns3:TrackPointExtension>
        </extensions>
      </trkpt>
      <trkpt lat="41.2603607587516307830810546875" lon="115.13732048682868480682373046875">
        <ele>1589.4000244140625</ele>
        <time>2026-06-13T03:53:13.000Z</time>
        <extensions>
          <ns3:TrackPointExtension>
            <ns3:hr>168</ns3:hr>
            <ns3:cad>97</ns3:cad>
          </ns3:TrackPointExtension>
        </extensions>
      </trkpt>
      <trkpt lat="41.260339133441448211669921875" lon="115.13732618652284145355224609375">
        <ele>1589.4000244140625</ele>
        <time>2026-06-13T03:53:14.000Z</time>
        <extensions>
          <ns3:TrackPointExtension>
            <ns3:hr>168</ns3:hr>
            <ns3:cad>98</ns3:cad>
          </ns3:TrackPointExtension>
        </extensions>
      </trkpt>
      <trkpt lat="41.260308958590030670166015625" lon="115.13734211213886737823486328125">
        <ele>1589.4000244140625</ele>
        <time>2026-06-13T03:53:15.000Z</time>
        <extensions>
          <ns3:TrackPointExtension>
            <ns3:hr>169</ns3:hr>
            <ns3:cad>98</ns3:cad>
          </ns3:TrackPointExtension>
        </extensions>
      </trkpt>
      <trkpt lat="41.26028758473694324493408203125" lon="115.13734647072851657867431640625">
        <ele>1589.4000244140625</ele>
        <time>2026-06-13T03:53:16.000Z</time>
        <extensions>
          <ns3:TrackPointExtension>
            <ns3:hr>168</ns3:hr>
            <ns3:cad>98</ns3:cad>
          </ns3:TrackPointExtension>
        </extensions>
      </trkpt>
      <trkpt lat="41.26026512123644351959228515625" lon="115.13735200278460979461669921875">
        <ele>1589.4000244140625</ele>
        <time>2026-06-13T03:53:17.000Z</time>
        <extensions>
          <ns3:TrackPointExtension>
            <ns3:hr>168</ns3:hr>
            <ns3:cad>98</ns3:cad>
          </ns3:TrackPointExtension>
        </extensions>
      </trkpt>
      <trkpt lat="41.2602353654801845550537109375" lon="115.13736709021031856536865234375">
        <ele>1589.4000244140625</ele>
        <time>2026-06-13T03:53:18.000Z</time>
        <extensions>
          <ns3:TrackPointExtension>
            <ns3:hr>169</ns3:hr>
            <ns3:cad>98</ns3:cad>
          </ns3:TrackPointExtension>
        </extensions>
      </trkpt>
      <trkpt lat="41.26021533273160457611083984375" lon="115.13736717402935028076171875">
        <ele>1589.5999755859375</ele>
        <time>2026-06-13T03:53:19.000Z</time>
        <extensions>
          <ns3:TrackPointExtension>
            <ns3:hr>169</ns3:hr>
            <ns3:cad>99</ns3:cad>
          </ns3:TrackPointExtension>
        </extensions>
      </trkpt>
      <trkpt lat="41.26019421033561229705810546875" lon="115.1373807527124881744384765625">
        <ele>1589.5999755859375</ele>
        <time>2026-06-13T03:53:20.000Z</time>
        <extensions>
          <ns3:TrackPointExtension>
            <ns3:hr>169</ns3:hr>
            <ns3:cad>99</ns3:cad>
          </ns3:TrackPointExtension>
        </extensions>
      </trkpt>
      <trkpt lat="41.2601689808070659637451171875" lon="115.13739340938627719879150390625">
        <ele>1589.800048828125</ele>
        <time>2026-06-13T03:53:21.000Z</time>
        <extensions>
          <ns3:TrackPointExtension>
            <ns3:hr>169</ns3:hr>
            <ns3:cad>99</ns3:cad>
          </ns3:TrackPointExtension>
        </extensions>
      </trkpt>
      <trkpt lat="41.2601491995155811309814453125" lon="115.13739625923335552215576171875">
        <ele>1590</ele>
        <time>2026-06-13T03:53:22.000Z</time>
        <extensions>
          <ns3:TrackPointExtension>
            <ns3:hr>169</ns3:hr>
            <ns3:cad>99</ns3:cad>
          </ns3:TrackPointExtension>
        </extensions>
      </trkpt>
      <trkpt lat="41.2601207010447978973388671875" lon="115.13741319067776203155517578125">
        <ele>1590.199951171875</ele>
        <time>2026-06-13T03:53:23.000Z</time>
        <extensions>
          <ns3:TrackPointExtension>
            <ns3:hr>169</ns3:hr>
            <ns3:cad>99</ns3:cad>
          </ns3:TrackPointExtension>
        </extensions>
      </trkpt>
      <trkpt lat="41.26009798608720302581787109375" lon="115.1374213211238384246826171875">
        <ele>1590.4000244140625</ele>
        <time>2026-06-13T03:53:24.000Z</time>
        <extensions>
          <ns3:TrackPointExtension>
            <ns3:hr>169</ns3:hr>
            <ns3:cad>99</ns3:cad>
          </ns3:TrackPointExtension>
        </extensions>
      </trkpt>
      <trkpt lat="41.260077953338623046875" lon="115.13742106966674327850341796875">
        <ele>1590.5999755859375</ele>
        <time>2026-06-13T03:53:25.000Z</time>
        <extensions>
          <ns3:TrackPointExtension>
            <ns3:hr>169</ns3:hr>
            <ns3:cad>99</ns3:cad>
          </ns3:TrackPointExtension>
        </extensions>
      </trkpt>
      <trkpt lat="41.2600486166775226593017578125" lon="115.13743481598794460296630859375">
        <ele>1590.800048828125</ele>
        <time>2026-06-13T03:53:26.000Z</time>
        <extensions>
          <ns3:TrackPointExtension>
            <ns3:hr>168</ns3:hr>
            <ns3:cad>99</ns3:cad>
          </ns3:TrackPointExtension>
        </extensions>
      </trkpt>
      <trkpt lat="41.260029338300228118896484375" lon="115.1374394260346889495849609375">
        <ele>1591</ele>
        <time>2026-06-13T03:53:27.000Z</time>
        <extensions>
          <ns3:TrackPointExtension>
            <ns3:hr>169</ns3:hr>
            <ns3:cad>97</ns3:cad>
          </ns3:TrackPointExtension>
        </extensions>
      </trkpt>
      <trkpt lat="41.26001148484647274017333984375" lon="115.13744303025305271148681640625">
        <ele>1591.199951171875</ele>
        <time>2026-06-13T03:53:28.000Z</time>
        <extensions>
          <ns3:TrackPointExtension>
            <ns3:hr>169</ns3:hr>
            <ns3:cad>97</ns3:cad>
          </ns3:TrackPointExtension>
        </extensions>
      </trkpt>
      <trkpt lat="41.259984076023101806640625" lon="115.13745744712650775909423828125">
        <ele>1591.4000244140625</ele>
        <time>2026-06-13T03:53:29.000Z</time>
        <extensions>
          <ns3:TrackPointExtension>
            <ns3:hr>169</ns3:hr>
            <ns3:cad>97</ns3:cad>
          </ns3:TrackPointExtension>
        </extensions>
      </trkpt>
      <trkpt lat="41.2599627859890460968017578125" lon="115.13745727948844432830810546875">
        <ele>1591.5999755859375</ele>
        <time>2026-06-13T03:53:30.000Z</time>
        <extensions>
          <ns3:TrackPointExtension>
            <ns3:hr>169</ns3:hr>
            <ns3:cad>98</ns3:cad>
          </ns3:TrackPointExtension>
        </extensions>
      </trkpt>
      <trkpt lat="41.25994157977402210235595703125" lon="115.13746616430580615997314453125">
        <ele>1591.5999755859375</ele>
        <time>2026-06-13T03:53:31.000Z</time>
        <extensions>
          <ns3:TrackPointExtension>
            <ns3:hr>170</ns3:hr>
            <ns3:cad>98</ns3:cad>
          </ns3:TrackPointExtension>
        </extensions>
      </trkpt>
      <trkpt lat="41.25991425476968288421630859375" lon="115.1374779827892780303955078125">
        <ele>1591.800048828125</ele>
        <time>2026-06-13T03:53:32.000Z</time>
        <extensions>
          <ns3:TrackPointExtension>
            <ns3:hr>170</ns3:hr>
            <ns3:cad>98</ns3:cad>
          </ns3:TrackPointExtension>
        </extensions>
      </trkpt>
      <trkpt lat="41.2598923780024051666259765625" lon="115.13747974298894405364990234375">
        <ele>1592</ele>
        <time>2026-06-13T03:53:33.000Z</time>
        <extensions>
          <ns3:TrackPointExtension>
            <ns3:hr>170</ns3:hr>
            <ns3:cad>98</ns3:cad>
          </ns3:TrackPointExtension>
        </extensions>
      </trkpt>
      <trkpt lat="41.259863041341304779052734375" lon="115.1374925673007965087890625">
        <ele>1592</ele>
        <time>2026-06-13T03:53:34.000Z</time>
        <extensions>
          <ns3:TrackPointExtension>
            <ns3:hr>170</ns3:hr>
            <ns3:cad>98</ns3:cad>
          </ns3:TrackPointExtension>
        </extensions>
      </trkpt>
      <trkpt lat="41.25983311794698238372802734375" lon="115.13750472106039524078369140625">
        <ele>1592</ele>
        <time>2026-06-13T03:53:35.000Z</time>
        <extensions>
          <ns3:TrackPointExtension>
            <ns3:hr>169</ns3:hr>
            <ns3:cad>98</ns3:cad>
          </ns3:TrackPointExtension>
        </extensions>
      </trkpt>
      <trkpt lat="41.25981350429356098175048828125" lon="115.13750639744102954864501953125">
        <ele>1592</ele>
        <time>2026-06-13T03:53:36.000Z</time>
        <extensions>
          <ns3:TrackPointExtension>
            <ns3:hr>170</ns3:hr>
            <ns3:cad>98</ns3:cad>
          </ns3:TrackPointExtension>
        </extensions>
      </trkpt>
      <trkpt lat="41.25978601165115833282470703125" lon="115.13752098195254802703857421875">
        <ele>1592</ele>
        <time>2026-06-13T03:53:37.000Z</time>
        <extensions>
          <ns3:TrackPointExtension>
            <ns3:hr>170</ns3:hr>
            <ns3:cad>98</ns3:cad>
          </ns3:TrackPointExtension>
        </extensions>
      </trkpt>
      <trkpt lat="41.259763129055500030517578125" lon="115.13753154315054416656494140625">
        <ele>1592</ele>
        <time>2026-06-13T03:53:38.000Z</time>
        <extensions>
          <ns3:TrackPointExtension>
            <ns3:hr>170</ns3:hr>
            <ns3:cad>99</ns3:cad>
          </ns3:TrackPointExtension>
        </extensions>
      </trkpt>
      <trkpt lat="41.25974242575466632843017578125" lon="115.13753254897892475128173828125">
        <ele>1592</ele>
        <time>2026-06-13T03:53:39.000Z</time>
        <extensions>
          <ns3:TrackPointExtension>
            <ns3:hr>169</ns3:hr>
            <ns3:cad>99</ns3:cad>
          </ns3:TrackPointExtension>
        </extensions>
      </trkpt>
      <trkpt lat="41.259718202054500579833984375" lon="115.13755249790847301483154296875">
        <ele>1592.199951171875</ele>
        <time>2026-06-13T03:53:40.000Z</time>
        <extensions>
          <ns3:TrackPointExtension>
            <ns3:hr>170</ns3:hr>
            <ns3:cad>98</ns3:cad>
          </ns3:TrackPointExtension>
        </extensions>
      </trkpt>
      <trkpt lat="41.25969733111560344696044921875" lon="115.13755769468843936920166015625">
        <ele>1592.199951171875</ele>
        <time>2026-06-13T03:53:41.000Z</time>
        <extensions>
          <ns3:TrackPointExtension>
            <ns3:hr>170</ns3:hr>
            <ns3:cad>99</ns3:cad>
          </ns3:TrackPointExtension>
        </extensions>
      </trkpt>
      <trkpt lat="41.2596774660050868988037109375" lon="115.13756557367742061614990234375">
        <ele>1592.4000244140625</ele>
        <time>2026-06-13T03:53:42.000Z</time>
        <extensions>
          <ns3:TrackPointExtension>
            <ns3:hr>169</ns3:hr>
            <ns3:cad>100</ns3:cad>
          </ns3:TrackPointExtension>
        </extensions>
      </trkpt>
      <trkpt lat="41.259651817381381988525390625" lon="115.13757697306573390960693359375">
        <ele>1592.4000244140625</ele>
        <time>2026-06-13T03:53:43.000Z</time>
        <extensions>
          <ns3:TrackPointExtension>
            <ns3:hr>170</ns3:hr>
            <ns3:cad>100</ns3:cad>
          </ns3:TrackPointExtension>
        </extensions>
      </trkpt>
      <trkpt lat="41.2596328742802143096923828125" lon="115.1375792361795902252197265625">
        <ele>1592.4000244140625</ele>
        <time>2026-06-13T03:53:44.000Z</time>
        <extensions>
          <ns3:TrackPointExtension>
            <ns3:hr>170</ns3:hr>
            <ns3:cad>100</ns3:cad>
          </ns3:TrackPointExtension>
        </extensions>
      </trkpt>
      <trkpt lat="41.25961049459874629974365234375" lon="115.13759256340563297271728515625">
        <ele>1592.4000244140625</ele>
        <time>2026-06-13T03:53:45.000Z</time>
        <extensions>
          <ns3:TrackPointExtension>
            <ns3:hr>169</ns3:hr>
            <ns3:cad>99</ns3:cad>
          </ns3:TrackPointExtension>
        </extensions>
      </trkpt>
      <trkpt lat="41.25958777964115142822265625" lon="115.13760496862232685089111328125">
        <ele>1592.4000244140625</ele>
        <time>2026-06-13T03:53:46.000Z</time>
        <extensions>
          <ns3:TrackPointExtension>
            <ns3:hr>170</ns3:hr>
            <ns3:cad>98</ns3:cad>
          </ns3:TrackPointExtension>
        </extensions>
      </trkpt>
      <trkpt lat="41.25956858508288860321044921875" lon="115.13760781846940517425537109375">
        <ele>1592.4000244140625</ele>
        <time>2026-06-13T03:53:47.000Z</time>
        <extensions>
          <ns3:TrackPointExtension>
            <ns3:hr>169</ns3:hr>
            <ns3:cad>97</ns3:cad>
          </ns3:TrackPointExtension>
        </extensions>
      </trkpt>
      <trkpt lat="41.2595413438975811004638671875" lon="115.13761653564870357513427734375">
        <ele>1592.5999755859375</ele>
        <time>2026-06-13T03:53:48.000Z</time>
        <extensions>
          <ns3:TrackPointExtension>
            <ns3:hr>170</ns3:hr>
            <ns3:cad>98</ns3:cad>
          </ns3:TrackPointExtension>
        </extensions>
      </trkpt>
      <trkpt lat="41.25951980240643024444580078125" lon="115.137616284191608428955078125">
        <ele>1592.800048828125</ele>
        <time>2026-06-13T03:53:49.000Z</time>
        <extensions>
          <ns3:TrackPointExtension>
            <ns3:hr>170</ns3:hr>
            <ns3:cad>98</ns3:cad>
          </ns3:TrackPointExtension>
        </extensions>
      </trkpt>
      <trkpt lat="41.25949717126786708831787109375" lon="115.137627013027667999267578125">
        <ele>1593.199951171875</ele>
        <time>2026-06-13T03:53:50.000Z</time>
        <extensions>
          <ns3:TrackPointExtension>
            <ns3:hr>170</ns3:hr>
            <ns3:cad>97</ns3:cad>
          </ns3:TrackPointExtension>
        </extensions>
      </trkpt>
      <trkpt lat="41.25947244465351104736328125" lon="115.137635730206966400146484375">
        <ele>1593.5999755859375</ele>
        <time>2026-06-13T03:53:51.000Z</time>
        <extensions>
          <ns3:TrackPointExtension>
            <ns3:hr>169</ns3:hr>
            <ns3:cad>97</ns3:cad>
          </ns3:TrackPointExtension>
        </extensions>
      </trkpt>
      <trkpt lat="41.2594518251717090606689453125" lon="115.13764218427240848541259765625">
        <ele>1593.800048828125</ele>
        <time>2026-06-13T03:53:52.000Z</time>
        <extensions>
          <ns3:TrackPointExtension>
            <ns3:hr>170</ns3:hr>
            <ns3:cad>97</ns3:cad>
          </ns3:TrackPointExtension>
        </extensions>
      </trkpt>
      <trkpt lat="41.2594256736338138580322265625" lon="115.13764972798526287078857421875">
        <ele>1594.199951171875</ele>
        <time>2026-06-13T03:53:53.000Z</time>
        <extensions>
          <ns3:TrackPointExtension>
            <ns3:hr>170</ns3:hr>
            <ns3:cad>96</ns3:cad>
          </ns3:TrackPointExtension>
        </extensions>
      </trkpt>
      <trkpt lat="41.2594032101333141326904296875" lon="115.13764922507107257843017578125">
        <ele>1594.4000244140625</ele>
        <time>2026-06-13T03:53:54.000Z</time>
        <extensions>
          <ns3:TrackPointExtension>
            <ns3:hr>169</ns3:hr>
            <ns3:cad>96</ns3:cad>
          </ns3:TrackPointExtension>
        </extensions>
      </trkpt>
      <trkpt lat="41.25937747769057750701904296875" lon="115.13765978626906871795654296875">
        <ele>1594.5999755859375</ele>
        <time>2026-06-13T03:53:55.000Z</time>
        <extensions>
          <ns3:TrackPointExtension>
            <ns3:hr>170</ns3:hr>
            <ns3:cad>96</ns3:cad>
          </ns3:TrackPointExtension>
        </extensions>
      </trkpt>
      <trkpt lat="41.25935576856136322021484375" lon="115.137664563953876495361328125">
        <ele>1595</ele>
        <time>2026-06-13T03:53:56.000Z</time>
        <extensions>
          <ns3:TrackPointExtension>
            <ns3:hr>170</ns3:hr>
            <ns3:cad>96</ns3:cad>
          </ns3:TrackPointExtension>
        </extensions>
      </trkpt>
      <trkpt lat="41.259335987269878387451171875" lon="115.137673951685428619384765625">
        <ele>1595.199951171875</ele>
        <time>2026-06-13T03:53:57.000Z</time>
        <extensions>
          <ns3:TrackPointExtension>
            <ns3:hr>170</ns3:hr>
            <ns3:cad>96</ns3:cad>
          </ns3:TrackPointExtension>
        </extensions>
      </trkpt>
      <trkpt lat="41.259311176836490631103515625" lon="115.13768459670245647430419921875">
        <ele>1595.4000244140625</ele>
        <time>2026-06-13T03:53:58.000Z</time>
        <extensions>
          <ns3:TrackPointExtension>
            <ns3:hr>170</ns3:hr>
            <ns3:cad>96</ns3:cad>
          </ns3:TrackPointExtension>
        </extensions>
      </trkpt>
      <trkpt lat="41.25929181464016437530517578125" lon="115.13768593780696392059326171875">
        <ele>1595.4000244140625</ele>
        <time>2026-06-13T03:53:59.000Z</time>
        <extensions>
          <ns3:TrackPointExtension>
            <ns3:hr>170</ns3:hr>
            <ns3:cad>95</ns3:cad>
          </ns3:TrackPointExtension>
        </extensions>
      </trkpt>
      <trkpt lat="41.259270273149013519287109375" lon="115.13770035468041896820068359375">
        <ele>1595.4000244140625</ele>
        <time>2026-06-13T03:54:00.000Z</time>
        <extensions>
          <ns3:TrackPointExtension>
            <ns3:hr>171</ns3:hr>
            <ns3:cad>95</ns3:cad>
          </ns3:TrackPointExtension>
        </extensions>
      </trkpt>
      <trkpt lat="41.2592499889433383941650390625" lon="115.13770638965070247650146484375">
        <ele>1595.5999755859375</ele>
        <time>2026-06-13T03:54:01.000Z</time>
        <extensions>
          <ns3:TrackPointExtension>
            <ns3:hr>170</ns3:hr>
            <ns3:cad>95</ns3:cad>
          </ns3:TrackPointExtension>
        </extensions>
      </trkpt>
      <trkpt lat="41.25923247076570987701416015625" lon="115.13771460391581058502197265625">
        <ele>1595.5999755859375</ele>
        <time>2026-06-13T03:54:02.000Z</time>
        <extensions>
          <ns3:TrackPointExtension>
            <ns3:hr>170</ns3:hr>
            <ns3:cad>95</ns3:cad>
          </ns3:TrackPointExtension>
        </extensions>
      </trkpt>
      <trkpt lat="41.2592043913900852203369140625" lon="115.13772566802799701690673828125">
        <ele>1595.5999755859375</ele>
        <time>2026-06-13T03:54:03.000Z</time>
        <extensions>
          <ns3:TrackPointExtension>
            <ns3:hr>171</ns3:hr>
            <ns3:cad>96</ns3:cad>
          </ns3:TrackPointExtension>
        </extensions>
      </trkpt>
      <trkpt lat="41.25918435864150524139404296875" lon="115.1377240754663944244384765625">
        <ele>1595.800048828125</ele>
        <time>2026-06-13T03:54:04.000Z</time>
        <extensions>
          <ns3:TrackPointExtension>
            <ns3:hr>170</ns3:hr>
            <ns3:cad>96</ns3:cad>
          </ns3:TrackPointExtension>
        </extensions>
      </trkpt>
      <trkpt lat="41.25915871001780033111572265625" lon="115.1377331279218196868896484375">
        <ele>1596</ele>
        <time>2026-06-13T03:54:05.000Z</time>
        <extensions>
          <ns3:TrackPointExtension>
            <ns3:hr>170</ns3:hr>
            <ns3:cad>96</ns3:cad>
          </ns3:TrackPointExtension>
        </extensions>
      </trkpt>
      <trkpt lat="41.25913524068892002105712890625" lon="115.1377378217875957489013671875">
        <ele>1596.4000244140625</ele>
        <time>2026-06-13T03:54:06.000Z</time>
        <extensions>
          <ns3:TrackPointExtension>
            <ns3:hr>170</ns3:hr>
            <ns3:cad>96</ns3:cad>
          </ns3:TrackPointExtension>
        </extensions>
      </trkpt>
      <trkpt lat="41.2591148726642131805419921875" lon="115.137746036052703857421875">
        <ele>1596.5999755859375</ele>
        <time>2026-06-13T03:54:07.000Z</time>
        <extensions>
          <ns3:TrackPointExtension>
            <ns3:hr>170</ns3:hr>
            <ns3:cad>96</ns3:cad>
          </ns3:TrackPointExtension>
        </extensions>
      </trkpt>
      <trkpt lat="41.259085200726985931396484375" lon="115.1377594470977783203125">
        <ele>1597</ele>
        <time>2026-06-13T03:54:08.000Z</time>
        <extensions>
          <ns3:TrackPointExtension>
            <ns3:hr>171</ns3:hr>
            <ns3:cad>96</ns3:cad>
          </ns3:TrackPointExtension>
        </extensions>
      </trkpt>
      <trkpt lat="41.25906516797840595245361328125" lon="115.13776120729744434356689453125">
        <ele>1597.199951171875</ele>
        <time>2026-06-13T03:54:09.000Z</time>
        <extensions>
          <ns3:TrackPointExtension>
            <ns3:hr>170</ns3:hr>
            <ns3:cad>96</ns3:cad>
          </ns3:TrackPointExtension>
        </extensions>
      </trkpt>
      <trkpt lat="41.259042285382747650146484375" lon="115.1377750374376773834228515625">
        <ele>1597.5999755859375</ele>
        <time>2026-06-13T03:54:10.000Z</time>
        <extensions>
          <ns3:TrackPointExtension>
            <ns3:hr>170</ns3:hr>
            <ns3:cad>96</ns3:cad>
          </ns3:TrackPointExtension>
        </extensions>
      </trkpt>
      <trkpt lat="41.2590203247964382171630859375" lon="115.1377840898931026458740234375">
        <ele>1598</ele>
        <time>2026-06-13T03:54:11.000Z</time>
        <extensions>
          <ns3:TrackPointExtension>
            <ns3:hr>170</ns3:hr>
            <ns3:cad>96</ns3:cad>
          </ns3:TrackPointExtension>
        </extensions>
      </trkpt>
      <trkpt lat="41.25900439918041229248046875" lon="115.13778425753116607666015625">
        <ele>1598.199951171875</ele>
        <time>2026-06-13T03:54:12.000Z</time>
        <extensions>
          <ns3:TrackPointExtension>
            <ns3:hr>171</ns3:hr>
            <ns3:cad>96</ns3:cad>
          </ns3:TrackPointExtension>
        </extensions>
      </trkpt>
      <trkpt lat="41.2589780800044536590576171875" lon="115.1377975009381771087646484375">
        <ele>1598.199951171875</ele>
        <time>2026-06-13T03:54:13.000Z</time>
        <extensions>
          <ns3:TrackPointExtension>
            <ns3:hr>171</ns3:hr>
            <ns3:cad>96</ns3:cad>
          </ns3:TrackPointExtension>
        </extensions>
      </trkpt>
      <trkpt lat="41.25895737670361995697021484375" lon="115.13780244626104831695556640625">
        <ele>1598.4000244140625</ele>
        <time>2026-06-13T03:54:14.000Z</time>
        <extensions>
          <ns3:TrackPointExtension>
            <ns3:hr>171</ns3:hr>
            <ns3:cad>96</ns3:cad>
          </ns3:TrackPointExtension>
        </extensions>
      </trkpt>
      <trkpt lat="41.25893860124051570892333984375" lon="115.13781719841063022613525390625">
        <ele>1598.800048828125</ele>
        <time>2026-06-13T03:54:15.000Z</time>
        <extensions>
          <ns3:TrackPointExtension>
            <ns3:hr>170</ns3:hr>
            <ns3:cad>96</ns3:cad>
          </ns3:TrackPointExtension>
        </extensions>
      </trkpt>
      <trkpt lat="41.2589187361299991607666015625" lon="115.1378270052373409271240234375">
        <ele>1599</ele>
        <time>2026-06-13T03:54:16.000Z</time>
        <extensions>
          <ns3:TrackPointExtension>
            <ns3:hr>171</ns3:hr>
            <ns3:cad>96</ns3:cad>
          </ns3:TrackPointExtension>
        </extensions>
      </trkpt>
      <trkpt lat="41.25890105031430721282958984375" lon="115.137831531465053558349609375">
        <ele>1599.199951171875</ele>
        <time>2026-06-13T03:54:17.000Z</time>
        <extensions>
          <ns3:TrackPointExtension>
            <ns3:hr>171</ns3:hr>
            <ns3:cad>96</ns3:cad>
          </ns3:TrackPointExtension>
        </extensions>
      </trkpt>
      <trkpt lat="41.258879341185092926025390625" lon="115.1378441043198108673095703125">
        <ele>1599.4000244140625</ele>
        <time>2026-06-13T03:54:18.000Z</time>
        <extensions>
          <ns3:TrackPointExtension>
            <ns3:hr>171</ns3:hr>
            <ns3:cad>96</ns3:cad>
          </ns3:TrackPointExtension>
        </extensions>
      </trkpt>
      <trkpt lat="41.25886224210262298583984375" lon="115.13784670270979404449462890625">
        <ele>1599.800048828125</ele>
        <time>2026-06-13T03:54:19.000Z</time>
        <extensions>
          <ns3:TrackPointExtension>
            <ns3:hr>171</ns3:hr>
            <ns3:cad>96</ns3:cad>
          </ns3:TrackPointExtension>
        </extensions>
      </trkpt>
      <trkpt lat="41.2588419578969478607177734375" lon="115.1378622092306613922119140625">
        <ele>1600</ele>
        <time>2026-06-13T03:54:20.000Z</time>
        <extensions>
          <ns3:TrackPointExtension>
            <ns3:hr>171</ns3:hr>
            <ns3:cad>96</ns3:cad>
          </ns3:TrackPointExtension>
        </extensions>
      </trkpt>
      <trkpt lat="41.258823685348033905029296875" lon="115.1378752849996089935302734375">
        <ele>1600.4000244140625</ele>
        <time>2026-06-13T03:54:21.000Z</time>
        <extensions>
          <ns3:TrackPointExtension>
            <ns3:hr>171</ns3:hr>
            <ns3:cad>96</ns3:cad>
          </ns3:TrackPointExtension>
        </extensions>
      </trkpt>
      <trkpt lat="41.25880658626556396484375" lon="115.1378866843879222869873046875">
        <ele>1600.5999755859375</ele>
        <time>2026-06-13T03:54:22.000Z</time>
        <extensions>
          <ns3:TrackPointExtension>
            <ns3:hr>171</ns3:hr>
            <ns3:cad>96</ns3:cad>
          </ns3:TrackPointExtension>
        </extensions>
      </trkpt>
      <trkpt lat="41.25878512859344482421875" lon="115.13790839351713657379150390625">
        <ele>1600.800048828125</ele>
        <time>2026-06-13T03:54:23.000Z</time>
        <extensions>
          <ns3:TrackPointExtension>
            <ns3:hr>171</ns3:hr>
            <ns3:cad>96</ns3:cad>
          </ns3:TrackPointExtension>
        </extensions>
      </trkpt>
      <trkpt lat="41.25876794569194316864013671875" lon="115.13791861943900585174560546875">
        <ele>1601</ele>
        <time>2026-06-13T03:54:24.000Z</time>
        <extensions>
          <ns3:TrackPointExtension>
            <ns3:hr>171</ns3:hr>
            <ns3:cad>96</ns3:cad>
          </ns3:TrackPointExtension>
        </extensions>
      </trkpt>
      <trkpt lat="41.2587516009807586669921875" lon="115.13794242404401302337646484375">
        <ele>1601.199951171875</ele>
        <time>2026-06-13T03:54:25.000Z</time>
        <extensions>
          <ns3:TrackPointExtension>
            <ns3:hr>172</ns3:hr>
            <ns3:cad>96</ns3:cad>
          </ns3:TrackPointExtension>
        </extensions>
      </trkpt>
      <trkpt lat="41.25873609445989131927490234375" lon="115.13796187005937099456787109375">
        <ele>1601.199951171875</ele>
        <time>2026-06-13T03:54:26.000Z</time>
        <extensions>
          <ns3:TrackPointExtension>
            <ns3:hr>172</ns3:hr>
            <ns3:cad>96</ns3:cad>
          </ns3:TrackPointExtension>
        </extensions>
      </trkpt>
      <trkpt lat="41.2587225995957851409912109375" lon="115.13798148371279239654541015625">
        <ele>1601.199951171875</ele>
        <time>2026-06-13T03:54:27.000Z</time>
        <extensions>
          <ns3:TrackPointExtension>
            <ns3:hr>172</ns3:hr>
            <ns3:cad>96</ns3:cad>
          </ns3:TrackPointExtension>
        </extensions>
      </trkpt>
      <trkpt lat="41.2587031535804271697998046875" lon="115.138008892536163330078125">
        <ele>1601.4000244140625</ele>
        <time>2026-06-13T03:54:28.000Z</time>
        <extensions>
          <ns3:TrackPointExtension>
            <ns3:hr>172</ns3:hr>
            <ns3:cad>96</ns3:cad>
          </ns3:TrackPointExtension>
        </extensions>
      </trkpt>
      <trkpt lat="41.25868697650730609893798828125" lon="115.13802121393382549285888671875">
        <ele>1601.5999755859375</ele>
        <time>2026-06-13T03:54:29.000Z</time>
        <extensions>
          <ns3:TrackPointExtension>
            <ns3:hr>171</ns3:hr>
            <ns3:cad>96</ns3:cad>
          </ns3:TrackPointExtension>
        </extensions>
      </trkpt>
      <trkpt lat="41.2586759962141513824462890625" lon="115.13805155642330646514892578125">
        <ele>1601.5999755859375</ele>
        <time>2026-06-13T03:54:30.000Z</time>
        <extensions>
          <ns3:TrackPointExtension>
            <ns3:hr>172</ns3:hr>
            <ns3:cad>96</ns3:cad>
          </ns3:TrackPointExtension>
        </extensions>
      </trkpt>
      <trkpt lat="41.258663423359394073486328125" lon="115.13806530274450778961181640625">
        <ele>1601.800048828125</ele>
        <time>2026-06-13T03:54:31.000Z</time>
        <extensions>
          <ns3:TrackPointExtension>
            <ns3:hr>172</ns3:hr>
            <ns3:cad>96</ns3:cad>
          </ns3:TrackPointExtension>
        </extensions>
      </trkpt>
      <trkpt lat="41.2586515210568904876708984375" lon="115.1380888558924198150634765625">
        <ele>1602.199951171875</ele>
        <time>2026-06-13T03:54:32.000Z</time>
        <extensions>
          <ns3:TrackPointExtension>
            <ns3:hr>172</ns3:hr>
            <ns3:cad>96</ns3:cad>
          </ns3:TrackPointExtension>
        </extensions>
      </trkpt>
      <trkpt lat="41.25863987021148204803466796875" lon="115.13811274431645870208740234375">
        <ele>1602.4000244140625</ele>
        <time>2026-06-13T03:54:33.000Z</time>
        <extensions>
          <ns3:TrackPointExtension>
            <ns3:hr>172</ns3:hr>
            <ns3:cad>96</ns3:cad>
          </ns3:TrackPointExtension>
        </extensions>
      </trkpt>
      <trkpt lat="41.2586282193660736083984375" lon="115.13812766410410404205322265625">
        <ele>1602.5999755859375</ele>
        <time>2026-06-13T03:54:34.000Z</time>
        <extensions>
          <ns3:TrackPointExtension>
            <ns3:hr>172</ns3:hr>
            <ns3:cad>95</ns3:cad>
          </ns3:TrackPointExtension>
        </extensions>
      </trkpt>
      <trkpt lat="41.25861707143485546112060546875" lon="115.13815934769809246063232421875">
        <ele>1602.800048828125</ele>
        <time>2026-06-13T03:54:35.000Z</time>
        <extensions>
          <ns3:TrackPointExtension>
            <ns3:hr>172</ns3:hr>
            <ns3:cad>94</ns3:cad>
          </ns3:TrackPointExtension>
        </extensions>
      </trkpt>
      <trkpt lat="41.25860533677041530609130859375" lon="115.13817678205668926239013671875">
        <ele>1603</ele>
        <time>2026-06-13T03:54:36.000Z</time>
        <extensions>
          <ns3:TrackPointExtension>
            <ns3:hr>172</ns3:hr>
            <ns3:cad>94</ns3:cad>
          </ns3:TrackPointExtension>
        </extensions>
      </trkpt>
      <trkpt lat="41.25859460793435573577880859375" lon="115.13820561580359935760498046875">
        <ele>1603.199951171875</ele>
        <time>2026-06-13T03:54:37.000Z</time>
        <extensions>
          <ns3:TrackPointExtension>
            <ns3:hr>172</ns3:hr>
            <ns3:cad>94</ns3:cad>
          </ns3:TrackPointExtension>
        </extensions>
      </trkpt>
      <trkpt lat="41.25858287326991558074951171875" lon="115.1382367126643657684326171875">
        <ele>1603.4000244140625</ele>
        <time>2026-06-13T03:54:38.000Z</time>
        <extensions>
          <ns3:TrackPointExtension>
            <ns3:hr>172</ns3:hr>
            <ns3:cad>94</ns3:cad>
          </ns3:TrackPointExtension>
        </extensions>
      </trkpt>
      <trkpt lat="41.25856895931065082550048828125" lon="115.1382529735565185546875">
        <ele>1603.5999755859375</ele>
        <time>2026-06-13T03:54:39.000Z</time>
        <extensions>
          <ns3:TrackPointExtension>
            <ns3:hr>172</ns3:hr>
            <ns3:cad>95</ns3:cad>
          </ns3:TrackPointExtension>
        </extensions>
      </trkpt>
      <trkpt lat="41.25855781137943267822265625" lon="115.13829044066369533538818359375">
        <ele>1603.800048828125</ele>
        <time>2026-06-13T03:54:40.000Z</time>
        <extensions>
          <ns3:TrackPointExtension>
            <ns3:hr>172</ns3:hr>
            <ns3:cad>95</ns3:cad>
          </ns3:TrackPointExtension>
        </extensions>
      </trkpt>
      <trkpt lat="41.2585482560098171234130859375" lon="115.138320028781890869140625">
        <ele>1604</ele>
        <time>2026-06-13T03:54:41.000Z</time>
        <extensions>
          <ns3:TrackPointExtension>
            <ns3:hr>172</ns3:hr>
            <ns3:cad>96</ns3:cad>
          </ns3:TrackPointExtension>
        </extensions>
      </trkpt>
      <trkpt lat="41.25853903591632843017578125" lon="115.13834391720592975616455078125">
        <ele>1604</ele>
        <time>2026-06-13T03:54:42.000Z</time>
        <extensions>
          <ns3:TrackPointExtension>
            <ns3:hr>173</ns3:hr>
            <ns3:cad>96</ns3:cad>
          </ns3:TrackPointExtension>
        </extensions>
      </trkpt>
      <trkpt lat="41.25853124074637889862060546875" lon="115.13837945647537708282470703125">
        <ele>1604</ele>
        <time>2026-06-13T03:54:43.000Z</time>
        <extensions>
          <ns3:TrackPointExtension>
            <ns3:hr>172</ns3:hr>
            <ns3:cad>96</ns3:cad>
          </ns3:TrackPointExtension>
        </extensions>
      </trkpt>
      <trkpt lat="41.25852084718644618988037109375" lon="115.1384040154516696929931640625">
        <ele>1604</ele>
        <time>2026-06-13T03:54:44.000Z</time>
        <extensions>
          <ns3:TrackPointExtension>
            <ns3:hr>172</ns3:hr>
            <ns3:cad>97</ns3:cad>
          </ns3:TrackPointExtension>
        </extensions>
      </trkpt>
      <trkpt lat="41.25851397402584552764892578125" lon="115.13843477703630924224853515625">
        <ele>1604.199951171875</ele>
        <time>2026-06-13T03:54:45.000Z</time>
        <extensions>
          <ns3:TrackPointExtension>
            <ns3:hr>172</ns3:hr>
            <ns3:cad>97</ns3:cad>
          </ns3:TrackPointExtension>
        </extensions>
      </trkpt>
      <trkpt lat="41.25850827433168888092041015625" lon="115.1384673826396465301513671875">
        <ele>1604.199951171875</ele>
        <time>2026-06-13T03:54:46.000Z</time>
        <extensions>
          <ns3:TrackPointExtension>
            <ns3:hr>173</ns3:hr>
            <ns3:cad>97</ns3:cad>
          </ns3:TrackPointExtension>
        </extensions>
      </trkpt>
      <trkpt lat="41.258498132228851318359375" lon="115.1384918577969074249267578125">
        <ele>1604.4000244140625</ele>
        <time>2026-06-13T03:54:47.000Z</time>
        <extensions>
          <ns3:TrackPointExtension>
            <ns3:hr>172</ns3:hr>
            <ns3:cad>97</ns3:cad>
          </ns3:TrackPointExtension>
        </extensions>
      </trkpt>
      <trkpt lat="41.25849737785756587982177734375" lon="115.1385278999805450439453125">
        <ele>1604.4000244140625</ele>
        <time>2026-06-13T03:54:48.000Z</time>
        <extensions>
          <ns3:TrackPointExtension>
            <ns3:hr>172</ns3:hr>
            <ns3:cad>97</ns3:cad>
          </ns3:TrackPointExtension>
        </extensions>
      </trkpt>
      <trkpt lat="41.2584949471056461334228515625" lon="115.138563103973865509033203125">
        <ele>1604.5999755859375</ele>
        <time>2026-06-13T03:54:49.000Z</time>
        <extensions>
          <ns3:TrackPointExtension>
            <ns3:hr>173</ns3:hr>
            <ns3:cad>97</ns3:cad>
          </ns3:TrackPointExtension>
        </extensions>
      </trkpt>
      <trkpt lat="41.2584912590682506561279296875" lon="115.1385897584259510040283203125">
        <ele>1604.5999755859375</ele>
        <time>2026-06-13T03:54:50.000Z</time>
        <extensions>
          <ns3:TrackPointExtension>
            <ns3:hr>172</ns3:hr>
            <ns3:cad>98</ns3:cad>
          </ns3:TrackPointExtension>
        </extensions>
      </trkpt>
      <trkpt lat="41.2584892474114894866943359375" lon="115.138628818094730377197265625">
        <ele>1604.800048828125</ele>
        <time>2026-06-13T03:54:51.000Z</time>
        <extensions>
          <ns3:TrackPointExtension>
            <ns3:hr>172</ns3:hr>
            <ns3:cad>98</ns3:cad>
          </ns3:TrackPointExtension>
        </extensions>
      </trkpt>
      <trkpt lat="41.25848497264087200164794921875" lon="115.1386593282222747802734375">
        <ele>1605</ele>
        <time>2026-06-13T03:54:52.000Z</time>
        <extensions>
          <ns3:TrackPointExtension>
            <ns3:hr>172</ns3:hr>
            <ns3:cad>98</ns3:cad>
          </ns3:TrackPointExtension>
        </extensions>
      </trkpt>
      <trkpt lat="41.25848212279379367828369140625" lon="115.13869143091142177581787109375">
        <ele>1605.199951171875</ele>
        <time>2026-06-13T03:54:53.000Z</time>
        <extensions>
          <ns3:TrackPointExtension>
            <ns3:hr>173</ns3:hr>
            <ns3:cad>98</ns3:cad>
          </ns3:TrackPointExtension>
        </extensions>
      </trkpt>
      <trkpt lat="41.258479692041873931884765625" lon="115.13872847892343997955322265625">
        <ele>1605.4000244140625</ele>
        <time>2026-06-13T03:54:54.000Z</time>
        <extensions>
          <ns3:TrackPointExtension>
            <ns3:hr>172</ns3:hr>
            <ns3:cad>98</ns3:cad>
          </ns3:TrackPointExtension>
        </extensions>
      </trkpt>
      <trkpt lat="41.25847457908093929290771484375" lon="115.138754211366176605224609375">
        <ele>1605.4000244140625</ele>
        <time>2026-06-13T03:54:55.000Z</time>
        <extensions>
          <ns3:TrackPointExtension>
            <ns3:hr>172</ns3:hr>
            <ns3:cad>98</ns3:cad>
          </ns3:TrackPointExtension>
        </extensions>
      </trkpt>
      <trkpt lat="41.25847508199512958526611328125" lon="115.138790421187877655029296875">
        <ele>1605.5999755859375</ele>
        <time>2026-06-13T03:54:56.000Z</time>
        <extensions>
          <ns3:TrackPointExtension>
            <ns3:hr>172</ns3:hr>
            <ns3:cad>98</ns3:cad>
          </ns3:TrackPointExtension>
        </extensions>
      </trkpt>
      <trkpt lat="41.25847055576741695404052734375" lon="115.13882034458220005035400390625">
        <ele>1605.800048828125</ele>
        <time>2026-06-13T03:54:57.000Z</time>
        <extensions>
          <ns3:TrackPointExtension>
            <ns3:hr>172</ns3:hr>
            <ns3:cad>98</ns3:cad>
          </ns3:TrackPointExtension>
        </extensions>
      </trkpt>
      <trkpt lat="41.25846661627292633056640625" lon="115.13884632848203182220458984375">
        <ele>1606</ele>
        <time>2026-06-13T03:54:58.000Z</time>
        <extensions>
          <ns3:TrackPointExtension>
            <ns3:hr>172</ns3:hr>
            <ns3:cad>98</ns3:cad>
          </ns3:TrackPointExtension>
        </extensions>
      </trkpt>
      <trkpt lat="41.2584672868251800537109375" lon="115.1388844661414623260498046875">
        <ele>1606.199951171875</ele>
        <time>2026-06-13T03:54:59.000Z</time>
        <extensions>
          <ns3:TrackPointExtension>
            <ns3:hr>172</ns3:hr>
            <ns3:cad>97</ns3:cad>
          </ns3:TrackPointExtension>
        </extensions>
      </trkpt>
      <trkpt lat="41.2584641017019748687744140625" lon="115.13891346752643585205078125">
        <ele>1606.199951171875</ele>
        <time>2026-06-13T03:55:00.000Z</time>
        <extensions>
          <ns3:TrackPointExtension>
            <ns3:hr>173</ns3:hr>
            <ns3:cad>97</ns3:cad>
          </ns3:TrackPointExtension>
        </extensions>
      </trkpt>
      <trkpt lat="41.2584587372839450836181640625" lon="115.13894204981625080108642578125">
        <ele>1606.4000244140625</ele>
        <time>2026-06-13T03:55:01.000Z</time>
        <extensions>
          <ns3:TrackPointExtension>
            <ns3:hr>172</ns3:hr>
            <ns3:cad>97</ns3:cad>
          </ns3:TrackPointExtension>
        </extensions>
      </trkpt>
      <trkpt lat="41.2584610842168331146240234375" lon="115.13898010365664958953857421875">
        <ele>1606.4000244140625</ele>
        <time>2026-06-13T03:55:02.000Z</time>
        <extensions>
          <ns3:TrackPointExtension>
            <ns3:hr>172</ns3:hr>
            <ns3:cad>98</ns3:cad>
          </ns3:TrackPointExtension>
        </extensions>
      </trkpt>
      <trkpt lat="41.25845697708427906036376953125" lon="115.13900491409003734588623046875">
        <ele>1606.4000244140625</ele>
        <time>2026-06-13T03:55:03.000Z</time>
        <extensions>
          <ns3:TrackPointExtension>
            <ns3:hr>173</ns3:hr>
            <ns3:cad>98</ns3:cad>
          </ns3:TrackPointExtension>
        </extensions>
      </trkpt>
      <trkpt lat="41.258457563817501068115234375" lon="115.1390375196933746337890625">
        <ele>1606.4000244140625</ele>
        <time>2026-06-13T03:55:04.000Z</time>
        <extensions>
          <ns3:TrackPointExtension>
            <ns3:hr>172</ns3:hr>
            <ns3:cad>98</ns3:cad>
          </ns3:TrackPointExtension>
        </extensions>
      </trkpt>
      <trkpt lat="41.2584577314555644989013671875" lon="115.139068700373172760009765625">
        <ele>1606.5999755859375</ele>
        <time>2026-06-13T03:55:05.000Z</time>
        <extensions>
          <ns3:TrackPointExtension>
            <ns3:hr>172</ns3:hr>
            <ns3:cad>98</ns3:cad>
          </ns3:TrackPointExtension>
        </extensions>
      </trkpt>
      <trkpt lat="41.25845320522785186767578125" lon="115.1390950195491313934326171875">
        <ele>1606.5999755859375</ele>
        <time>2026-06-13T03:55:06.000Z</time>
        <extensions>
          <ns3:TrackPointExtension>
            <ns3:hr>172</ns3:hr>
            <ns3:cad>98</ns3:cad>
          </ns3:TrackPointExtension>
        </extensions>
      </trkpt>
      <trkpt lat="41.25845412723720073699951171875" lon="115.13913164846599102020263671875">
        <ele>1606.800048828125</ele>
        <time>2026-06-13T03:55:07.000Z</time>
        <extensions>
          <ns3:TrackPointExtension>
            <ns3:hr>173</ns3:hr>
            <ns3:cad>97</ns3:cad>
          </ns3:TrackPointExtension>
        </extensions>
      </trkpt>
      <trkpt lat="41.2584503553807735443115234375" lon="115.139161236584186553955078125">
        <ele>1607</ele>
        <time>2026-06-13T03:55:08.000Z</time>
        <extensions>
          <ns3:TrackPointExtension>
            <ns3:hr>172</ns3:hr>
            <ns3:cad>97</ns3:cad>
          </ns3:TrackPointExtension>
        </extensions>
      </trkpt>
      <trkpt lat="41.25844909809529781341552734375" lon="115.139187388122081756591796875">
        <ele>1607</ele>
        <time>2026-06-13T03:55:09.000Z</time>
        <extensions>
          <ns3:TrackPointExtension>
            <ns3:hr>172</ns3:hr>
            <ns3:cad>97</ns3:cad>
          </ns3:TrackPointExtension>
        </extensions>
      </trkpt>
      <trkpt lat="41.2584527023136615753173828125" lon="115.13922485522925853729248046875">
        <ele>1607.199951171875</ele>
        <time>2026-06-13T03:55:10.000Z</time>
        <extensions>
          <ns3:TrackPointExtension>
            <ns3:hr>172</ns3:hr>
            <ns3:cad>97</ns3:cad>
          </ns3:TrackPointExtension>
        </extensions>
      </trkpt>
      <trkpt lat="41.2584459967911243438720703125" lon="115.139247737824916839599609375">
        <ele>1607.4000244140625</ele>
        <time>2026-06-13T03:55:11.000Z</time>
        <extensions>
          <ns3:TrackPointExtension>
            <ns3:hr>172</ns3:hr>
            <ns3:cad>97</ns3:cad>
          </ns3:TrackPointExtension>
        </extensions>
      </trkpt>
      <trkpt lat="41.25844842754304409027099609375" lon="115.13928067870438098907470703125">
        <ele>1607.4000244140625</ele>
        <time>2026-06-13T03:55:12.000Z</time>
        <extensions>
          <ns3:TrackPointExtension>
            <ns3:hr>172</ns3:hr>
            <ns3:cad>97</ns3:cad>
          </ns3:TrackPointExtension>
        </extensions>
      </trkpt>
      <trkpt lat="41.25844541005790233612060546875" lon="115.13931001536548137664794921875">
        <ele>1607.5999755859375</ele>
        <time>2026-06-13T03:55:13.000Z</time>
        <extensions>
          <ns3:TrackPointExtension>
            <ns3:hr>172</ns3:hr>
            <ns3:cad>97</ns3:cad>
          </ns3:TrackPointExtension>
        </extensions>
      </trkpt>
      <trkpt lat="41.25844289548695087432861328125" lon="115.13933465816080570220947265625">
        <ele>1608</ele>
        <time>2026-06-13T03:55:14.000Z</time>
        <extensions>
          <ns3:TrackPointExtension>
            <ns3:hr>171</ns3:hr>
            <ns3:cad>97</ns3:cad>
          </ns3:TrackPointExtension>
        </extensions>
      </trkpt>
      <trkpt lat="41.25844490714371204376220703125" lon="115.13937321491539478302001953125">
        <ele>1608.199951171875</ele>
        <time>2026-06-13T03:55:15.000Z</time>
        <extensions>
          <ns3:TrackPointExtension>
            <ns3:hr>171</ns3:hr>
            <ns3:cad>97</ns3:cad>
          </ns3:TrackPointExtension>
        </extensions>
      </trkpt>
      <trkpt lat="41.25843887217342853546142578125" lon="115.13939484022557735443115234375">
        <ele>1608.4000244140625</ele>
        <time>2026-06-13T03:55:16.000Z</time>
        <extensions>
          <ns3:TrackPointExtension>
            <ns3:hr>170</ns3:hr>
            <ns3:cad>97</ns3:cad>
          </ns3:TrackPointExtension>
        </extensions>
      </trkpt>
      <trkpt lat="41.25843920744955539703369140625" lon="115.13942752964794635772705078125">
        <ele>1608.5999755859375</ele>
        <time>2026-06-13T03:55:17.000Z</time>
        <extensions>
          <ns3:TrackPointExtension>
            <ns3:hr>170</ns3:hr>
            <ns3:cad>97</ns3:cad>
          </ns3:TrackPointExtension>
        </extensions>
      </trkpt>
      <trkpt lat="41.2584362737834453582763671875" lon="115.1394532620906829833984375">
        <ele>1609</ele>
        <time>2026-06-13T03:55:18.000Z</time>
        <extensions>
          <ns3:TrackPointExtension>
            <ns3:hr>170</ns3:hr>
            <ns3:cad>97</ns3:cad>
          </ns3:TrackPointExtension>
        </extensions>
      </trkpt>
      <trkpt lat="41.25843183137476444244384765625" lon="115.13947932980954647064208984375">
        <ele>1609.199951171875</ele>
        <time>2026-06-13T03:55:19.000Z</time>
        <extensions>
          <ns3:TrackPointExtension>
            <ns3:hr>170</ns3:hr>
            <ns3:cad>97</ns3:cad>
          </ns3:TrackPointExtension>
        </extensions>
      </trkpt>
      <trkpt lat="41.2584325857460498809814453125" lon="115.13951964676380157470703125">
        <ele>1609.4000244140625</ele>
        <time>2026-06-13T03:55:20.000Z</time>
        <extensions>
          <ns3:TrackPointExtension>
            <ns3:hr>170</ns3:hr>
            <ns3:cad>97</ns3:cad>
          </ns3:TrackPointExtension>
        </extensions>
      </trkpt>
      <trkpt lat="41.25842546112835407257080078125" lon="115.13954035006463527679443359375">
        <ele>1609.800048828125</ele>
        <time>2026-06-13T03:55:21.000Z</time>
        <extensions>
          <ns3:TrackPointExtension>
            <ns3:hr>171</ns3:hr>
            <ns3:cad>97</ns3:cad>
          </ns3:TrackPointExtension>
        </extensions>
      </trkpt>
      <trkpt lat="41.2584243714809417724609375" lon="115.13957605697214603424072265625">
        <ele>1610</ele>
        <time>2026-06-13T03:55:22.000Z</time>
        <extensions>
          <ns3:TrackPointExtension>
            <ns3:hr>171</ns3:hr>
            <ns3:cad>97</ns3:cad>
          </ns3:TrackPointExtension>
        </extensions>
      </trkpt>
      <trkpt lat="41.25841925852000713348388671875" lon="115.13959877192974090576171875">
        <ele>1610.199951171875</ele>
        <time>2026-06-13T03:55:23.000Z</time>
        <extensions>
          <ns3:TrackPointExtension>
            <ns3:hr>171</ns3:hr>
            <ns3:cad>97</ns3:cad>
          </ns3:TrackPointExtension>
        </extensions>
      </trkpt>
      <trkpt lat="41.25841858796775341033935546875" lon="115.1396307907998561859130859375">
        <ele>1610.4000244140625</ele>
        <time>2026-06-13T03:55:24.000Z</time>
        <extensions>
          <ns3:TrackPointExtension>
            <ns3:hr>172</ns3:hr>
            <ns3:cad>95</ns3:cad>
          </ns3:TrackPointExtension>
        </extensions>
      </trkpt>
      <trkpt lat="41.25841506756842136383056640625" lon="115.13965903781354427337646484375">
        <ele>1610.800048828125</ele>
        <time>2026-06-13T03:55:25.000Z</time>
        <extensions>
          <ns3:TrackPointExtension>
            <ns3:hr>171</ns3:hr>
            <ns3:cad>95</ns3:cad>
          </ns3:TrackPointExtension>
        </extensions>
      </trkpt>
      <trkpt lat="41.25840819440782070159912109375" lon="115.139678902924060821533203125">
        <ele>1611</ele>
        <time>2026-06-13T03:55:26.000Z</time>
        <extensions>
          <ns3:TrackPointExtension>
            <ns3:hr>171</ns3:hr>
            <ns3:cad>95</ns3:cad>
          </ns3:TrackPointExtension>
        </extensions>
      </trkpt>
      <trkpt lat="41.25841003842651844024658203125" lon="115.13971318490803241729736328125">
        <ele>1611.4000244140625</ele>
        <time>2026-06-13T03:55:27.000Z</time>
        <extensions>
          <ns3:TrackPointExtension>
            <ns3:hr>171</ns3:hr>
            <ns3:cad>95</ns3:cad>
          </ns3:TrackPointExtension>
        </extensions>
      </trkpt>
      <trkpt lat="41.25840567983686923980712890625" lon="115.13973531313240528106689453125">
        <ele>1611.5999755859375</ele>
        <time>2026-06-13T03:55:28.000Z</time>
        <extensions>
          <ns3:TrackPointExtension>
            <ns3:hr>171</ns3:hr>
            <ns3:cad>94</ns3:cad>
          </ns3:TrackPointExtension>
        </extensions>
      </trkpt>
      <trkpt lat="41.2584050931036472320556640625" lon="115.13976900838315486907958984375">
        <ele>1612</ele>
        <time>2026-06-13T03:55:29.000Z</time>
        <extensions>
          <ns3:TrackPointExtension>
            <ns3:hr>171</ns3:hr>
            <ns3:cad>94</ns3:cad>
          </ns3:TrackPointExtension>
        </extensions>
      </trkpt>
      <trkpt lat="41.2584003992378711700439453125" lon="115.139794908463954925537109375">
        <ele>1612.199951171875</ele>
        <time>2026-06-13T03:55:30.000Z</time>
        <extensions>
          <ns3:TrackPointExtension>
            <ns3:hr>171</ns3:hr>
            <ns3:cad>94</ns3:cad>
          </ns3:TrackPointExtension>
        </extensions>
      </trkpt>
      <trkpt lat="41.25839930959045886993408203125" lon="115.13982466422021389007568359375">
        <ele>1612.199951171875</ele>
        <time>2026-06-13T03:55:31.000Z</time>
        <extensions>
          <ns3:TrackPointExtension>
            <ns3:hr>171</ns3:hr>
            <ns3:cad>94</ns3:cad>
          </ns3:TrackPointExtension>
        </extensions>
      </trkpt>
      <trkpt lat="41.25839310698211193084716796875" lon="115.1398554258048534393310546875">
        <ele>1612.199951171875</ele>
        <time>2026-06-13T03:55:32.000Z</time>
        <extensions>
          <ns3:TrackPointExtension>
            <ns3:hr>171</ns3:hr>
            <ns3:cad>94</ns3:cad>
          </ns3:TrackPointExtension>
        </extensions>
      </trkpt>
      <trkpt lat="41.25838749110698699951171875" lon="115.13987646438181400299072265625">
        <ele>1612.4000244140625</ele>
        <time>2026-06-13T03:55:33.000Z</time>
        <extensions>
          <ns3:TrackPointExtension>
            <ns3:hr>171</ns3:hr>
            <ns3:cad>94</ns3:cad>
          </ns3:TrackPointExtension>
        </extensions>
      </trkpt>
      <trkpt lat="41.25839042477309703826904296875" lon="115.13991183601319789886474609375">
        <ele>1612.4000244140625</ele>
        <time>2026-06-13T03:55:34.000Z</time>
        <extensions>
          <ns3:TrackPointExtension>
            <ns3:hr>171</ns3:hr>
            <ns3:cad>94</ns3:cad>
          </ns3:TrackPointExtension>
        </extensions>
      </trkpt>
      <trkpt lat="41.2583836354315280914306640625" lon="115.1399281807243824005126953125">
        <ele>1612.800048828125</ele>
        <time>2026-06-13T03:55:35.000Z</time>
        <extensions>
          <ns3:TrackPointExtension>
            <ns3:hr>171</ns3:hr>
            <ns3:cad>95</ns3:cad>
          </ns3:TrackPointExtension>
        </extensions>
      </trkpt>
      <trkpt lat="41.25838455744087696075439453125" lon="115.139961875975131988525390625">
        <ele>1613</ele>
        <time>2026-06-13T03:55:36.000Z</time>
        <extensions>
          <ns3:TrackPointExtension>
            <ns3:hr>170</ns3:hr>
            <ns3:cad>95</ns3:cad>
          </ns3:TrackPointExtension>
        </extensions>
      </trkpt>
      <trkpt lat="41.25838120467960834503173828125" lon="115.1399848423898220062255859375">
        <ele>1613.4000244140625</ele>
        <time>2026-06-13T03:55:37.000Z</time>
        <extensions>
          <ns3:TrackPointExtension>
            <ns3:hr>170</ns3:hr>
            <ns3:cad>94</ns3:cad>
          </ns3:TrackPointExtension>
        </extensions>
      </trkpt>
      <trkpt lat="41.2583819590508937835693359375" lon="115.14001795090734958648681640625">
        <ele>1613.5999755859375</ele>
        <time>2026-06-13T03:55:38.000Z</time>
        <extensions>
          <ns3:TrackPointExtension>
            <ns3:hr>170</ns3:hr>
            <ns3:cad>94</ns3:cad>
          </ns3:TrackPointExtension>
        </extensions>
      </trkpt>
      <trkpt lat="41.258381120860576629638671875" lon="115.14004527591168880462646484375">
        <ele>1614</ele>
        <time>2026-06-13T03:55:39.000Z</time>
        <extensions>
          <ns3:TrackPointExtension>
            <ns3:hr>171</ns3:hr>
            <ns3:cad>94</ns3:cad>
          </ns3:TrackPointExtension>
        </extensions>
      </trkpt>
      <trkpt lat="41.25838120467960834503173828125" lon="115.1400726847350597381591796875">
        <ele>1614.199951171875</ele>
        <time>2026-06-13T03:55:40.000Z</time>
        <extensions>
          <ns3:TrackPointExtension>
            <ns3:hr>171</ns3:hr>
            <ns3:cad>94</ns3:cad>
          </ns3:TrackPointExtension>
        </extensions>
      </trkpt>
      <trkpt lat="41.25838237814605236053466796875" lon="115.14010109938681125640869140625">
        <ele>1614.4000244140625</ele>
        <time>2026-06-13T03:55:41.000Z</time>
        <extensions>
          <ns3:TrackPointExtension>
            <ns3:hr>171</ns3:hr>
            <ns3:cad>94</ns3:cad>
          </ns3:TrackPointExtension>
        </extensions>
      </trkpt>
      <trkpt lat="41.25838187523186206817626953125" lon="115.14012356288731098175048828125">
        <ele>1614.5999755859375</ele>
        <time>2026-06-13T03:55:42.000Z</time>
        <extensions>
          <ns3:TrackPointExtension>
            <ns3:hr>171</ns3:hr>
            <ns3:cad>94</ns3:cad>
          </ns3:TrackPointExtension>
        </extensions>
      </trkpt>
      <trkpt lat="41.25838874839246273040771484375" lon="115.14015072025358676910400390625">
        <ele>1614.800048828125</ele>
        <time>2026-06-13T03:55:43.000Z</time>
        <extensions>
          <ns3:TrackPointExtension>
            <ns3:hr>172</ns3:hr>
            <ns3:cad>95</ns3:cad>
          </ns3:TrackPointExtension>
        </extensions>
      </trkpt>
      <trkpt lat="41.2583921849727630615234375" lon="115.140173770487308502197265625">
        <ele>1615</ele>
        <time>2026-06-13T03:55:44.000Z</time>
        <extensions>
          <ns3:TrackPointExtension>
            <ns3:hr>171</ns3:hr>
            <ns3:cad>94</ns3:cad>
          </ns3:TrackPointExtension>
        </extensions>
      </trkpt>
      <trkpt lat="41.2584000639617443084716796875" lon="115.14020285569131374359130859375">
        <ele>1615.4000244140625</ele>
        <time>2026-06-13T03:55:45.000Z</time>
        <extensions>
          <ns3:TrackPointExtension>
            <ns3:hr>172</ns3:hr>
            <ns3:cad>94</ns3:cad>
          </ns3:TrackPointExtension>
        </extensions>
      </trkpt>
      <trkpt lat="41.25840232707560062408447265625" lon="115.14022506773471832275390625">
        <ele>1615.800048828125</ele>
        <time>2026-06-13T03:55:46.000Z</time>
        <extensions>
          <ns3:TrackPointExtension>
            <ns3:hr>172</ns3:hr>
            <ns3:cad>93</ns3:cad>
          </ns3:TrackPointExtension>
        </extensions>
      </trkpt>
      <trkpt lat="41.25841573812067508697509765625" lon="115.14025331474840641021728515625">
        <ele>1616</ele>
        <time>2026-06-13T03:55:47.000Z</time>
        <extensions>
          <ns3:TrackPointExtension>
            <ns3:hr>172</ns3:hr>
            <ns3:cad>93</ns3:cad>
          </ns3:TrackPointExtension>
        </extensions>
      </trkpt>
      <trkpt lat="41.25842344947159290313720703125" lon="115.1402772031724452972412109375">
        <ele>1616.4000244140625</ele>
        <time>2026-06-13T03:55:48.000Z</time>
        <extensions>
          <ns3:TrackPointExtension>
            <ns3:hr>172</ns3:hr>
            <ns3:cad>92</ns3:cad>
          </ns3:TrackPointExtension>
        </extensions>
      </trkpt>
      <trkpt lat="41.25843417830765247344970703125" lon="115.1403003372251987457275390625">
        <ele>1616.800048828125</ele>
        <time>2026-06-13T03:55:49.000Z</time>
        <extensions>
          <ns3:TrackPointExtension>
            <ns3:hr>172</ns3:hr>
            <ns3:cad>92</ns3:cad>
          </ns3:TrackPointExtension>
        </extensions>
      </trkpt>
      <trkpt lat="41.25844649970531463623046875" lon="115.14032238163053989410400390625">
        <ele>1617</ele>
        <time>2026-06-13T03:55:50.000Z</time>
        <extensions>
          <ns3:TrackPointExtension>
            <ns3:hr>172</ns3:hr>
            <ns3:cad>92</ns3:cad>
          </ns3:TrackPointExtension>
        </extensions>
      </trkpt>
      <trkpt lat="41.258455552160739898681640625" lon="115.140341408550739288330078125">
        <ele>1617.199951171875</ele>
        <time>2026-06-13T03:55:51.000Z</time>
        <extensions>
          <ns3:TrackPointExtension>
            <ns3:hr>173</ns3:hr>
            <ns3:cad>92</ns3:cad>
          </ns3:TrackPointExtension>
        </extensions>
      </trkpt>
      <trkpt lat="41.2584758363664150238037109375" lon="115.1403647102415561676025390625">
        <ele>1617.4000244140625</ele>
        <time>2026-06-13T03:55:52.000Z</time>
        <extensions>
          <ns3:TrackPointExtension>
            <ns3:hr>172</ns3:hr>
            <ns3:cad>93</ns3:cad>
          </ns3:TrackPointExtension>
        </extensions>
      </trkpt>
      <trkpt lat="41.25848497264087200164794921875" lon="115.14038591645658016204833984375">
        <ele>1617.5999755859375</ele>
        <time>2026-06-13T03:55:53.000Z</time>
        <extensions>
          <ns3:TrackPointExtension>
            <ns3:hr>173</ns3:hr>
            <ns3:cad>93</ns3:cad>
          </ns3:TrackPointExtension>
        </extensions>
      </trkpt>
      <trkpt lat="41.2585023231804370880126953125" lon="115.1404086314141750335693359375">
        <ele>1617.800048828125</ele>
        <time>2026-06-13T03:55:54.000Z</time>
        <extensions>
          <ns3:TrackPointExtension>
            <ns3:hr>173</ns3:hr>
            <ns3:cad>94</ns3:cad>
          </ns3:TrackPointExtension>
        </extensions>
      </trkpt>
      <trkpt lat="41.25851489603519439697265625" lon="115.14043235220015048980712890625">
        <ele>1618</ele>
        <time>2026-06-13T03:55:55.000Z</time>
        <extensions>
          <ns3:TrackPointExtension>
            <ns3:hr>172</ns3:hr>
            <ns3:cad>94</ns3:cad>
          </ns3:TrackPointExtension>
        </extensions>
      </trkpt>
      <trkpt lat="41.25852637924253940582275390625" lon="115.14045330695807933807373046875">
        <ele>1618.199951171875</ele>
        <time>2026-06-13T03:55:56.000Z</time>
        <extensions>
          <ns3:TrackPointExtension>
            <ns3:hr>172</ns3:hr>
            <ns3:cad>94</ns3:cad>
          </ns3:TrackPointExtension>
        </extensions>
      </trkpt>
      <trkpt lat="41.2585422210395336151123046875" lon="115.14047451317310333251953125">
        <ele>1618.4000244140625</ele>
        <time>2026-06-13T03:55:57.000Z</time>
        <extensions>
          <ns3:TrackPointExtension>
            <ns3:hr>172</ns3:hr>
            <ns3:cad>96</ns3:cad>
          </ns3:TrackPointExtension>
        </extensions>
      </trkpt>
      <trkpt lat="41.25855621881783008575439453125" lon="115.14049286954104900360107421875">
        <ele>1618.5999755859375</ele>
        <time>2026-06-13T03:55:58.000Z</time>
        <extensions>
          <ns3:TrackPointExtension>
            <ns3:hr>173</ns3:hr>
            <ns3:cad>96</ns3:cad>
          </ns3:TrackPointExtension>
        </extensions>
      </trkpt>
      <trkpt lat="41.25857616774737834930419921875" lon="115.14051130972802639007568359375">
        <ele>1619</ele>
        <time>2026-06-13T03:55:59.000Z</time>
        <extensions>
          <ns3:TrackPointExtension>
            <ns3:hr>173</ns3:hr>
            <ns3:cad>96</ns3:cad>
          </ns3:TrackPointExtension>
        </extensions>
      </trkpt>
      <trkpt lat="41.2585878185927867889404296875" lon="115.140532515943050384521484375">
        <ele>1619.4000244140625</ele>
        <time>2026-06-13T03:56:00.000Z</time>
        <extensions>
          <ns3:TrackPointExtension>
            <ns3:hr>173</ns3:hr>
            <ns3:cad>93</ns3:cad>
          </ns3:TrackPointExtension>
        </extensions>
      </trkpt>
      <trkpt lat="41.25860902480781078338623046875" lon="115.14055573381483554840087890625">
        <ele>1619.5999755859375</ele>
        <time>2026-06-13T03:56:01.000Z</time>
        <extensions>
          <ns3:TrackPointExtension>
            <ns3:hr>173</ns3:hr>
            <ns3:cad>93</ns3:cad>
          </ns3:TrackPointExtension>
        </extensions>
      </trkpt>
      <trkpt lat="41.25862109474837779998779296875" lon="115.1405779458582401275634765625">
        <ele>1620</ele>
        <time>2026-06-13T03:56:02.000Z</time>
        <extensions>
          <ns3:TrackPointExtension>
            <ns3:hr>173</ns3:hr>
            <ns3:cad>93</ns3:cad>
          </ns3:TrackPointExtension>
        </extensions>
      </trkpt>
      <trkpt lat="41.2586350925266742706298828125" lon="115.14059730805456638336181640625">
        <ele>1620.4000244140625</ele>
        <time>2026-06-13T03:56:03.000Z</time>
        <extensions>
          <ns3:TrackPointExtension>
            <ns3:hr>173</ns3:hr>
            <ns3:cad>93</ns3:cad>
          </ns3:TrackPointExtension>
        </extensions>
      </trkpt>
      <trkpt lat="41.2586464919149875640869140625" lon="115.1406178437173366546630859375">
        <ele>1620.5999755859375</ele>
        <time>2026-06-13T03:56:04.000Z</time>
        <extensions>
          <ns3:TrackPointExtension>
            <ns3:hr>173</ns3:hr>
            <ns3:cad>93</ns3:cad>
          </ns3:TrackPointExtension>
        </extensions>
      </trkpt>
      <trkpt lat="41.2586605735123157501220703125" lon="115.1406403072178363800048828125">
        <ele>1621</ele>
        <time>2026-06-13T03:56:05.000Z</time>
        <extensions>
          <ns3:TrackPointExtension>
            <ns3:hr>173</ns3:hr>
            <ns3:cad>93</ns3:cad>
          </ns3:TrackPointExtension>
        </extensions>
      </trkpt>
      <trkpt lat="41.258672811090946197509765625" lon="115.14066453091800212860107421875">
        <ele>1621.199951171875</ele>
        <time>2026-06-13T03:56:06.000Z</time>
        <extensions>
          <ns3:TrackPointExtension>
            <ns3:hr>173</ns3:hr>
            <ns3:cad>94</ns3:cad>
          </ns3:TrackPointExtension>
        </extensions>
      </trkpt>
      <trkpt lat="41.25868253409862518310546875" lon="115.1406848989427089691162109375">
        <ele>1621.5999755859375</ele>
        <time>2026-06-13T03:56:07.000Z</time>
        <extensions>
          <ns3:TrackPointExtension>
            <ns3:hr>174</ns3:hr>
            <ns3:cad>94</ns3:cad>
          </ns3:TrackPointExtension>
        </extensions>
      </trkpt>
      <trkpt lat="41.25869418494403362274169921875" lon="115.14071146957576274871826171875">
        <ele>1621.800048828125</ele>
        <time>2026-06-13T03:56:08.000Z</time>
        <extensions>
          <ns3:TrackPointExtension>
            <ns3:hr>174</ns3:hr>
            <ns3:cad>94</ns3:cad>
          </ns3:TrackPointExtension>
        </extensions>
      </trkpt>
      <trkpt lat="41.25869452022016048431396484375" lon="115.14073393307626247406005859375">
        <ele>1622</ele>
        <time>2026-06-13T03:56:09.000Z</time>
        <extensions>
          <ns3:TrackPointExtension>
            <ns3:hr>174</ns3:hr>
            <ns3:cad>92</ns3:cad>
          </ns3:TrackPointExtension>
        </extensions>
      </trkpt>
      <trkpt lat="41.2587095238268375396728515625" lon="115.14076578430831432342529296875">
        <ele>1622.199951171875</ele>
        <time>2026-06-13T03:56:10.000Z</time>
        <extensions>
          <ns3:TrackPointExtension>
            <ns3:hr>173</ns3:hr>
            <ns3:cad>92</ns3:cad>
          </ns3:TrackPointExtension>
        </extensions>
      </trkpt>
      <trkpt lat="41.25871472060680389404296875" lon="115.14079034328460693359375">
        <ele>1622.5999755859375</ele>
        <time>2026-06-13T03:56:11.000Z</time>
        <extensions>
          <ns3:TrackPointExtension>
            <ns3:hr>174</ns3:hr>
            <ns3:cad>92</ns3:cad>
          </ns3:TrackPointExtension>
        </extensions>
      </trkpt>
      <trkpt lat="41.25872704200446605682373046875" lon="115.140819847583770751953125">
        <ele>1622.800048828125</ele>
        <time>2026-06-13T03:56:12.000Z</time>
        <extensions>
          <ns3:TrackPointExtension>
            <ns3:hr>174</ns3:hr>
            <ns3:cad>92</ns3:cad>
          </ns3:TrackPointExtension>
        </extensions>
      </trkpt>
      <trkpt lat="41.2587303109467029571533203125" lon="115.1408453285694122314453125">
        <ele>1623.199951171875</ele>
        <time>2026-06-13T03:56:13.000Z</time>
        <extensions>
          <ns3:TrackPointExtension>
            <ns3:hr>174</ns3:hr>
            <ns3:cad>92</ns3:cad>
          </ns3:TrackPointExtension>
        </extensions>
      </trkpt>
      <trkpt lat="41.25873877666890621185302734375" lon="115.140871815383434295654296875">
        <ele>1623.4000244140625</ele>
        <time>2026-06-13T03:56:14.000Z</time>
        <extensions>
          <ns3:TrackPointExtension>
            <ns3:hr>173</ns3:hr>
            <ns3:cad>92</ns3:cad>
          </ns3:TrackPointExtension>
        </extensions>
      </trkpt>
      <trkpt lat="41.25874598510563373565673828125" lon="115.14090375043451786041259765625">
        <ele>1623.800048828125</ele>
        <time>2026-06-13T03:56:15.000Z</time>
        <extensions>
          <ns3:TrackPointExtension>
            <ns3:hr>174</ns3:hr>
            <ns3:cad>94</ns3:cad>
          </ns3:TrackPointExtension>
        </extensions>
      </trkpt>
      <trkpt lat="41.2587517686188220977783203125" lon="115.14092504046857357025146484375">
        <ele>1624</ele>
        <time>2026-06-13T03:56:16.000Z</time>
        <extensions>
          <ns3:TrackPointExtension>
            <ns3:hr>174</ns3:hr>
            <ns3:cad>94</ns3:cad>
          </ns3:TrackPointExtension>
        </extensions>
      </trkpt>
      <trkpt lat="41.25875872559845447540283203125" lon="115.1409531198441982269287109375">
        <ele>1624.199951171875</ele>
        <time>2026-06-13T03:56:17.000Z</time>
        <extensions>
          <ns3:TrackPointExtension>
            <ns3:hr>174</ns3:hr>
            <ns3:cad>94</ns3:cad>
          </ns3:TrackPointExtension>
        </extensions>
      </trkpt>
      <trkpt lat="41.25875855796039104461669921875" lon="115.14097583480179309844970703125">
        <ele>1624.4000244140625</ele>
        <time>2026-06-13T03:56:18.000Z</time>
        <extensions>
          <ns3:TrackPointExtension>
            <ns3:hr>174</ns3:hr>
            <ns3:cad>94</ns3:cad>
          </ns3:TrackPointExtension>
        </extensions>
      </trkpt>
      <trkpt lat="41.25876358710229396820068359375" lon="115.1410117931663990020751953125">
        <ele>1624.4000244140625</ele>
        <time>2026-06-13T03:56:19.000Z</time>
        <extensions>
          <ns3:TrackPointExtension>
            <ns3:hr>174</ns3:hr>
            <ns3:cad>93</ns3:cad>
          </ns3:TrackPointExtension>
        </extensions>
      </trkpt>
      <trkpt lat="41.25875755213201045989990234375" lon="115.1410384476184844970703125">
        <ele>1624.4000244140625</ele>
        <time>2026-06-13T03:56:20.000Z</time>
        <extensions>
          <ns3:TrackPointExtension>
            <ns3:hr>174</ns3:hr>
            <ns3:cad>93</ns3:cad>
          </ns3:TrackPointExtension>
        </extensions>
      </trkpt>
      <trkpt lat="41.25875805504620075225830078125" lon="115.14107205905020236968994140625">
        <ele>1624.5999755859375</ele>
        <time>2026-06-13T03:56:21.000Z</time>
        <extensions>
          <ns3:TrackPointExtension>
            <ns3:hr>174</ns3:hr>
            <ns3:cad>93</ns3:cad>
          </ns3:TrackPointExtension>
        </extensions>
      </trkpt>
      <trkpt lat="41.2587594799697399139404296875" lon="115.1411001384258270263671875">
        <ele>1624.800048828125</ele>
        <time>2026-06-13T03:56:22.000Z</time>
        <extensions>
          <ns3:TrackPointExtension>
            <ns3:hr>174</ns3:hr>
            <ns3:cad>93</ns3:cad>
          </ns3:TrackPointExtension>
        </extensions>
      </trkpt>
      <trkpt lat="41.2587618269026279449462890625" lon="115.14112763106822967529296875">
        <ele>1625.199951171875</ele>
        <time>2026-06-13T03:56:23.000Z</time>
        <extensions>
          <ns3:TrackPointExtension>
            <ns3:hr>174</ns3:hr>
            <ns3:cad>93</ns3:cad>
          </ns3:TrackPointExtension>
        </extensions>
      </trkpt>
      <trkpt lat="41.258766353130340576171875" lon="115.14116442762315273284912109375">
        <ele>1625.5999755859375</ele>
        <time>2026-06-13T03:56:24.000Z</time>
        <extensions>
          <ns3:TrackPointExtension>
            <ns3:hr>174</ns3:hr>
            <ns3:cad>93</ns3:cad>
          </ns3:TrackPointExtension>
        </extensions>
      </trkpt>
      <trkpt lat="41.25876367092132568359375" lon="115.141188986599445343017578125">
        <ele>1626.199951171875</ele>
        <time>2026-06-13T03:56:25.000Z</time>
        <extensions>
          <ns3:TrackPointExtension>
            <ns3:hr>174</ns3:hr>
            <ns3:cad>93</ns3:cad>
          </ns3:TrackPointExtension>
        </extensions>
      </trkpt>
      <trkpt lat="41.25876744277775287628173828125" lon="115.1412235200405120849609375">
        <ele>1626.5999755859375</ele>
        <time>2026-06-13T03:56:26.000Z</time>
        <extensions>
          <ns3:TrackPointExtension>
            <ns3:hr>174</ns3:hr>
            <ns3:cad>93</ns3:cad>
          </ns3:TrackPointExtension>
        </extensions>
      </trkpt>
      <trkpt lat="41.2587638385593891143798828125" lon="115.1412511803209781646728515625">
        <ele>1626.5999755859375</ele>
        <time>2026-06-13T03:56:27.000Z</time>
        <extensions>
          <ns3:TrackPointExtension>
            <ns3:hr>174</ns3:hr>
            <ns3:cad>93</ns3:cad>
          </ns3:TrackPointExtension>
        </extensions>
      </trkpt>
      <trkpt lat="41.25876056961715221405029296875" lon="115.1412771642208099365234375">
        <ele>1626.4000244140625</ele>
        <time>2026-06-13T03:56:28.000Z</time>
        <extensions>
          <ns3:TrackPointExtension>
            <ns3:hr>174</ns3:hr>
            <ns3:cad>93</ns3:cad>
          </ns3:TrackPointExtension>
        </extensions>
      </trkpt>
      <trkpt lat="41.258758641779422760009765625" lon="115.14131479896605014801025390625">
        <ele>1626.199951171875</ele>
        <time>2026-06-13T03:56:29.000Z</time>
        <extensions>
          <ns3:TrackPointExtension>
            <ns3:hr>174</ns3:hr>
            <ns3:cad>93</ns3:cad>
          </ns3:TrackPointExtension>
        </extensions>
      </trkpt>
      <trkpt lat="41.25875101424753665924072265625" lon="115.14133826829493045806884765625">
        <ele>1626</ele>
        <time>2026-06-13T03:56:30.000Z</time>
        <extensions>
          <ns3:TrackPointExtension>
            <ns3:hr>174</ns3:hr>
            <ns3:cad>93</ns3:cad>
          </ns3:TrackPointExtension>
        </extensions>
      </trkpt>
      <trkpt lat="41.25874246470630168914794921875" lon="115.14137280173599720001220703125">
        <ele>1626</ele>
        <time>2026-06-13T03:56:31.000Z</time>
        <extensions>
          <ns3:TrackPointExtension>
            <ns3:hr>174</ns3:hr>
            <ns3:cad>95</ns3:cad>
          </ns3:TrackPointExtension>
        </extensions>
      </trkpt>
      <trkpt lat="41.25873215496540069580078125" lon="115.141407586634159088134765625">
        <ele>1626</ele>
        <time>2026-06-13T03:56:32.000Z</time>
        <extensions>
          <ns3:TrackPointExtension>
            <ns3:hr>174</ns3:hr>
            <ns3:cad>95</ns3:cad>
          </ns3:TrackPointExtension>
        </extensions>
      </trkpt>
      <trkpt lat="41.25871983356773853302001953125" lon="115.1414300501346588134765625">
        <ele>1626</ele>
        <time>2026-06-13T03:56:33.000Z</time>
        <extensions>
          <ns3:TrackPointExtension>
            <ns3:hr>175</ns3:hr>
            <ns3:cad>95</ns3:cad>
          </ns3:TrackPointExtension>
        </extensions>
      </trkpt>
      <trkpt lat="41.2587152235209941864013671875" lon="115.1414716243743896484375">
        <ele>1626</ele>
        <time>2026-06-13T03:56:34.000Z</time>
        <extensions>
          <ns3:TrackPointExtension>
            <ns3:hr>174</ns3:hr>
            <ns3:cad>96</ns3:cad>
          </ns3:TrackPointExtension>
        </extensions>
      </trkpt>
      <trkpt lat="41.25870399177074432373046875" lon="115.14149869792163372039794921875">
        <ele>1626</ele>
        <time>2026-06-13T03:56:35.000Z</time>
        <extensions>
          <ns3:TrackPointExtension>
            <ns3:hr>174</ns3:hr>
            <ns3:cad>96</ns3:cad>
          </ns3:TrackPointExtension>
        </extensions>
      </trkpt>
      <trkpt lat="41.25869167037308216094970703125" lon="115.1415304653346538543701171875">
        <ele>1625.800048828125</ele>
        <time>2026-06-13T03:56:36.000Z</time>
        <extensions>
          <ns3:TrackPointExtension>
            <ns3:hr>175</ns3:hr>
            <ns3:cad>96</ns3:cad>
          </ns3:TrackPointExtension>
        </extensions>
      </trkpt>
      <trkpt lat="41.2586843781173229217529296875" lon="115.1415727101266384124755859375">
        <ele>1625.800048828125</ele>
        <time>2026-06-13T03:56:37.000Z</time>
        <extensions>
          <ns3:TrackPointExtension>
            <ns3:hr>174</ns3:hr>
            <ns3:cad>96</ns3:cad>
          </ns3:TrackPointExtension>
        </extensions>
      </trkpt>
      <trkpt lat="41.25867121852934360504150390625" lon="115.14159810729324817657470703125">
        <ele>1625.800048828125</ele>
        <time>2026-06-13T03:56:38.000Z</time>
        <extensions>
          <ns3:TrackPointExtension>
            <ns3:hr>174</ns3:hr>
            <ns3:cad>96</ns3:cad>
          </ns3:TrackPointExtension>
        </extensions>
      </trkpt>
      <trkpt lat="41.2586585618555545806884765625" lon="115.1416354067623615264892578125">
        <ele>1625.5999755859375</ele>
        <time>2026-06-13T03:56:39.000Z</time>
        <extensions>
          <ns3:TrackPointExtension>
            <ns3:hr>174</ns3:hr>
            <ns3:cad>96</ns3:cad>
          </ns3:TrackPointExtension>
        </extensions>
      </trkpt>
      <trkpt lat="41.258649341762065887451171875" lon="115.14167882502079010009765625">
        <ele>1625.5999755859375</ele>
        <time>2026-06-13T03:56:40.000Z</time>
        <extensions>
          <ns3:TrackPointExtension>
            <ns3:hr>174</ns3:hr>
            <ns3:cad>96</ns3:cad>
          </ns3:TrackPointExtension>
        </extensions>
      </trkpt>
      <trkpt lat="41.25863953493535518646240234375" lon="115.1417058147490024566650390625">
        <ele>1625.5999755859375</ele>
        <time>2026-06-13T03:56:41.000Z</time>
        <extensions>
          <ns3:TrackPointExtension>
            <ns3:hr>173</ns3:hr>
            <ns3:cad>97</ns3:cad>
          </ns3:TrackPointExtension>
        </extensions>
      </trkpt>
      <trkpt lat="41.2586300633847713470458984375" lon="115.14174479059875011444091796875">
        <ele>1625.4000244140625</ele>
        <time>2026-06-13T03:56:42.000Z</time>
        <extensions>
          <ns3:TrackPointExtension>
            <ns3:hr>173</ns3:hr>
            <ns3:cad>97</ns3:cad>
          </ns3:TrackPointExtension>
        </extensions>
      </trkpt>
      <trkpt lat="41.25861925072968006134033203125" lon="115.1417802460491657257080078125">
        <ele>1625.4000244140625</ele>
        <time>2026-06-13T03:56:43.000Z</time>
        <extensions>
          <ns3:TrackPointExtension>
            <ns3:hr>173</ns3:hr>
            <ns3:cad>97</ns3:cad>
          </ns3:TrackPointExtension>
        </extensions>
      </trkpt>
      <trkpt lat="41.2586109526455402374267578125" lon="115.14181251637637615203857421875">
        <ele>1625.4000244140625</ele>
        <time>2026-06-13T03:56:44.000Z</time>
        <extensions>
          <ns3:TrackPointExtension>
            <ns3:hr>173</ns3:hr>
            <ns3:cad>99</ns3:cad>
          </ns3:TrackPointExtension>
        </extensions>
      </trkpt>
      <trkpt lat="41.25860198400914669036865234375" lon="115.14185342006385326385498046875">
        <ele>1625.199951171875</ele>
        <time>2026-06-13T03:56:45.000Z</time>
        <extensions>
          <ns3:TrackPointExtension>
            <ns3:hr>172</ns3:hr>
            <ns3:cad>99</ns3:cad>
          </ns3:TrackPointExtension>
        </extensions>
      </trkpt>
      <trkpt lat="41.25859200954437255859375" lon="115.14188946224749088287353515625">
        <ele>1625</ele>
        <time>2026-06-13T03:56:46.000Z</time>
        <extensions>
          <ns3:TrackPointExtension>
            <ns3:hr>172</ns3:hr>
            <ns3:cad>99</ns3:cad>
          </ns3:TrackPointExtension>
        </extensions>
      </trkpt>
      <trkpt lat="41.2585844658315181732177734375" lon="115.141920559108257293701171875">
        <ele>1624.800048828125</ele>
        <time>2026-06-13T03:56:47.000Z</time>
        <extensions>
          <ns3:TrackPointExtension>
            <ns3:hr>172</ns3:hr>
            <ns3:cad>99</ns3:cad>
          </ns3:TrackPointExtension>
        </extensions>
      </trkpt>
      <trkpt lat="41.25857792794704437255859375" lon="115.14196372590959072113037109375">
        <ele>1624.800048828125</ele>
        <time>2026-06-13T03:56:48.000Z</time>
        <extensions>
          <ns3:TrackPointExtension>
            <ns3:hr>172</ns3:hr>
            <ns3:cad>99</ns3:cad>
          </ns3:TrackPointExtension>
        </extensions>
      </trkpt>
      <trkpt lat="41.25856778584420680999755859375" lon="115.142004378139972686767578125">
        <ele>1624.5999755859375</ele>
        <time>2026-06-13T03:56:49.000Z</time>
        <extensions>
          <ns3:TrackPointExtension>
            <ns3:hr>171</ns3:hr>
            <ns3:cad>98</ns3:cad>
          </ns3:TrackPointExtension>
        </extensions>
      </trkpt>
      <trkpt lat="41.25855781137943267822265625" lon="115.14204050414264202117919921875">
        <ele>1624.4000244140625</ele>
        <time>2026-06-13T03:56:50.000Z</time>
        <extensions>
          <ns3:TrackPointExtension>
            <ns3:hr>171</ns3:hr>
            <ns3:cad>98</ns3:cad>
          </ns3:TrackPointExtension>
        </extensions>
      </trkpt>
      <trkpt lat="41.25855118967592716217041015625" lon="115.14208241365849971771240234375">
        <ele>1624.4000244140625</ele>
        <time>2026-06-13T03:56:51.000Z</time>
        <extensions>
          <ns3:TrackPointExtension>
            <ns3:hr>171</ns3:hr>
            <ns3:cad>99</ns3:cad>
          </ns3:TrackPointExtension>
        </extensions>
      </trkpt>
      <trkpt lat="41.25854180194437503814697265625" lon="115.14211761765182018280029296875">
        <ele>1624.199951171875</ele>
        <time>2026-06-13T03:56:52.000Z</time>
        <extensions>
          <ns3:TrackPointExtension>
            <ns3:hr>171</ns3:hr>
            <ns3:cad>100</ns3:cad>
          </ns3:TrackPointExtension>
        </extensions>
      </trkpt>
      <trkpt lat="41.2585388682782649993896484375" lon="115.1421497203409671783447265625">
        <ele>1624</ele>
        <time>2026-06-13T03:56:53.000Z</time>
        <extensions>
          <ns3:TrackPointExtension>
            <ns3:hr>170</ns3:hr>
            <ns3:cad>100</ns3:cad>
          </ns3:TrackPointExtension>
        </extensions>
      </trkpt>
      <trkpt lat="41.258534677326679229736328125" lon="115.142190791666507720947265625">
        <ele>1624</ele>
        <time>2026-06-13T03:56:54.000Z</time>
        <extensions>
          <ns3:TrackPointExtension>
            <ns3:hr>170</ns3:hr>
            <ns3:cad>100</ns3:cad>
          </ns3:TrackPointExtension>
        </extensions>
      </trkpt>
      <trkpt lat="41.25852369703352451324462890625" lon="115.14222524128854274749755859375">
        <ele>1623.800048828125</ele>
        <time>2026-06-13T03:56:55.000Z</time>
        <extensions>
          <ns3:TrackPointExtension>
            <ns3:hr>170</ns3:hr>
            <ns3:cad>100</ns3:cad>
          </ns3:TrackPointExtension>
        </extensions>
      </trkpt>
      <trkpt lat="41.25851221382617950439453125" lon="115.14225843362510204315185546875">
        <ele>1623.800048828125</ele>
        <time>2026-06-13T03:56:56.000Z</time>
        <extensions>
          <ns3:TrackPointExtension>
            <ns3:hr>170</ns3:hr>
            <ns3:cad>99</ns3:cad>
          </ns3:TrackPointExtension>
        </extensions>
      </trkpt>
      <trkpt lat="41.25850643031299114227294921875" lon="115.1423032768070697784423828125">
        <ele>1623.800048828125</ele>
        <time>2026-06-13T03:56:57.000Z</time>
        <extensions>
          <ns3:TrackPointExtension>
            <ns3:hr>170</ns3:hr>
            <ns3:cad>99</ns3:cad>
          </ns3:TrackPointExtension>
        </extensions>
      </trkpt>
      <trkpt lat="41.25849788077175617218017578125" lon="115.1423378102481365203857421875">
        <ele>1623.800048828125</ele>
        <time>2026-06-13T03:56:58.000Z</time>
        <extensions>
          <ns3:TrackPointExtension>
            <ns3:hr>169</ns3:hr>
            <ns3:cad>99</ns3:cad>
          </ns3:TrackPointExtension>
        </extensions>
      </trkpt>
      <trkpt lat="41.25849209725856781005859375" lon="115.14237091876566410064697265625">
        <ele>1623.5999755859375</ele>
        <time>2026-06-13T03:56:59.000Z</time>
        <extensions>
          <ns3:TrackPointExtension>
            <ns3:hr>168</ns3:hr>
            <ns3:cad>99</ns3:cad>
          </ns3:TrackPointExtension>
        </extensions>
      </trkpt>
      <trkpt lat="41.25848983414471149444580078125" lon="115.14241509139537811279296875">
        <ele>1623.5999755859375</ele>
        <time>2026-06-13T03:57:00.000Z</time>
        <extensions>
          <ns3:TrackPointExtension>
            <ns3:hr>168</ns3:hr>
            <ns3:cad>99</ns3:cad>
          </ns3:TrackPointExtension>
        </extensions>
      </trkpt>
      <trkpt lat="41.2584798596799373626708984375" lon="115.14245130121707916259765625">
        <ele>1623.5999755859375</ele>
        <time>2026-06-13T03:57:01.000Z</time>
        <extensions>
          <ns3:TrackPointExtension>
            <ns3:hr>167</ns3:hr>
            <ns3:cad>98</ns3:cad>
          </ns3:TrackPointExtension>
        </extensions>
      </trkpt>
      <trkpt lat="41.258471645414829254150390625" lon="115.14248491264879703521728515625">
        <ele>1623.5999755859375</ele>
        <time>2026-06-13T03:57:02.000Z</time>
        <extensions>
          <ns3:TrackPointExtension>
            <ns3:hr>167</ns3:hr>
            <ns3:cad>98</ns3:cad>
          </ns3:TrackPointExtension>
        </extensions>
      </trkpt>
      <trkpt lat="41.2584674544632434844970703125" lon="115.14253051020205020904541015625">
        <ele>1623.4000244140625</ele>
        <time>2026-06-13T03:57:03.000Z</time>
        <extensions>
          <ns3:TrackPointExtension>
            <ns3:hr>167</ns3:hr>
            <ns3:cad>98</ns3:cad>
          </ns3:TrackPointExtension>
        </extensions>
      </trkpt>
      <trkpt lat="41.2584610842168331146240234375" lon="115.14256571419537067413330078125">
        <ele>1623.4000244140625</ele>
        <time>2026-06-13T03:57:04.000Z</time>
        <extensions>
          <ns3:TrackPointExtension>
            <ns3:hr>167</ns3:hr>
            <ns3:cad>98</ns3:cad>
          </ns3:TrackPointExtension>
        </extensions>
      </trkpt>
      <trkpt lat="41.25845664180815219879150390625" lon="115.142601169645786285400390625">
        <ele>1623.4000244140625</ele>
        <time>2026-06-13T03:57:05.000Z</time>
        <extensions>
          <ns3:TrackPointExtension>
            <ns3:hr>166</ns3:hr>
            <ns3:cad>98</ns3:cad>
          </ns3:TrackPointExtension>
        </extensions>
      </trkpt>
      <trkpt lat="41.258452869951725006103515625" lon="115.14264534227550029754638671875">
        <ele>1623.5999755859375</ele>
        <time>2026-06-13T03:57:06.000Z</time>
        <extensions>
          <ns3:TrackPointExtension>
            <ns3:hr>166</ns3:hr>
            <ns3:cad>98</ns3:cad>
          </ns3:TrackPointExtension>
        </extensions>
      </trkpt>
      <trkpt lat="41.25844088383018970489501953125" lon="115.14267786405980587005615234375">
        <ele>1623.5999755859375</ele>
        <time>2026-06-13T03:57:07.000Z</time>
        <extensions>
          <ns3:TrackPointExtension>
            <ns3:hr>166</ns3:hr>
            <ns3:cad>98</ns3:cad>
          </ns3:TrackPointExtension>
        </extensions>
      </trkpt>
      <trkpt lat="41.2584342621266841888427734375" lon="115.14271256513893604278564453125">
        <ele>1623.4000244140625</ele>
        <time>2026-06-13T03:57:08.000Z</time>
        <extensions>
          <ns3:TrackPointExtension>
            <ns3:hr>166</ns3:hr>
            <ns3:cad>100</ns3:cad>
          </ns3:TrackPointExtension>
        </extensions>
      </trkpt>
      <trkpt lat="41.258430741727352142333984375" lon="115.1427577435970306396484375">
        <ele>1623.4000244140625</ele>
        <time>2026-06-13T03:57:09.000Z</time>
        <extensions>
          <ns3:TrackPointExtension>
            <ns3:hr>166</ns3:hr>
            <ns3:cad>100</ns3:cad>
          </ns3:TrackPointExtension>
        </extensions>
      </trkpt>
      <trkpt lat="41.2584195099771022796630859375" lon="115.14279152266681194305419921875">
        <ele>1623.199951171875</ele>
        <time>2026-06-13T03:57:10.000Z</time>
        <extensions>
          <ns3:TrackPointExtension>
            <ns3:hr>166</ns3:hr>
            <ns3:cad>99</ns3:cad>
          </ns3:TrackPointExtension>
        </extensions>
      </trkpt>
      <trkpt lat="41.25840920023620128631591796875" lon="115.142823122441768646240234375">
        <ele>1623.199951171875</ele>
        <time>2026-06-13T03:57:11.000Z</time>
        <extensions>
          <ns3:TrackPointExtension>
            <ns3:hr>166</ns3:hr>
            <ns3:cad>99</ns3:cad>
          </ns3:TrackPointExtension>
        </extensions>
      </trkpt>
      <trkpt lat="41.2584044225513935089111328125" lon="115.142868719995021820068359375">
        <ele>1623.199951171875</ele>
        <time>2026-06-13T03:57:12.000Z</time>
        <extensions>
          <ns3:TrackPointExtension>
            <ns3:hr>166</ns3:hr>
            <ns3:cad>100</ns3:cad>
          </ns3:TrackPointExtension>
        </extensions>
      </trkpt>
      <trkpt lat="41.25839411281049251556396484375" lon="115.1429027505218982696533203125">
        <ele>1623.199951171875</ele>
        <time>2026-06-13T03:57:13.000Z</time>
        <extensions>
          <ns3:TrackPointExtension>
            <ns3:hr>166</ns3:hr>
            <ns3:cad>100</ns3:cad>
          </ns3:TrackPointExtension>
        </extensions>
      </trkpt>
      <trkpt lat="41.25838187523186206817626953125" lon="115.14293619431555271148681640625">
        <ele>1623</ele>
        <time>2026-06-13T03:57:14.000Z</time>
        <extensions>
          <ns3:TrackPointExtension>
            <ns3:hr>166</ns3:hr>
            <ns3:cad>100</ns3:cad>
          </ns3:TrackPointExtension>
        </extensions>
      </trkpt>
      <trkpt lat="41.2583725713193416595458984375" lon="115.14297827146947383880615234375">
        <ele>1623</ele>
        <time>2026-06-13T03:57:15.000Z</time>
        <extensions>
          <ns3:TrackPointExtension>
            <ns3:hr>167</ns3:hr>
            <ns3:cad>100</ns3:cad>
          </ns3:TrackPointExtension>
        </extensions>
      </trkpt>
      <trkpt lat="41.25836066901683807373046875" lon="115.1430120505392551422119140625">
        <ele>1623</ele>
        <time>2026-06-13T03:57:16.000Z</time>
        <extensions>
          <ns3:TrackPointExtension>
            <ns3:hr>166</ns3:hr>
            <ns3:cad>100</ns3:cad>
          </ns3:TrackPointExtension>
        </extensions>
      </trkpt>
      <trkpt lat="41.25835128128528594970703125" lon="115.14304197393357753753662109375">
        <ele>1622.800048828125</ele>
        <time>2026-06-13T03:57:17.000Z</time>
        <extensions>
          <ns3:TrackPointExtension>
            <ns3:hr>166</ns3:hr>
            <ns3:cad>100</ns3:cad>
          </ns3:TrackPointExtension>
        </extensions>
      </trkpt>
      <trkpt lat="41.25834348611533641815185546875" lon="115.14308438636362552642822265625">
        <ele>1622.5999755859375</ele>
        <time>2026-06-13T03:57:18.000Z</time>
        <extensions>
          <ns3:TrackPointExtension>
            <ns3:hr>166</ns3:hr>
            <ns3:cad>100</ns3:cad>
          </ns3:TrackPointExtension>
        </extensions>
      </trkpt>
      <trkpt lat="41.25832839868962764739990234375" lon="115.1431193388998508453369140625">
        <ele>1622.4000244140625</ele>
        <time>2026-06-13T03:57:19.000Z</time>
        <extensions>
          <ns3:TrackPointExtension>
            <ns3:hr>166</ns3:hr>
            <ns3:cad>100</ns3:cad>
          </ns3:TrackPointExtension>
        </extensions>
      </trkpt>
      <trkpt lat="41.258317418396472930908203125" lon="115.143151693046092987060546875">
        <ele>1622.199951171875</ele>
        <time>2026-06-13T03:57:20.000Z</time>
        <extensions>
          <ns3:TrackPointExtension>
            <ns3:hr>166</ns3:hr>
            <ns3:cad>100</ns3:cad>
          </ns3:TrackPointExtension>
        </extensions>
      </trkpt>
      <trkpt lat="41.258306019008159637451171875" lon="115.1431924290955066680908203125">
        <ele>1622</ele>
        <time>2026-06-13T03:57:21.000Z</time>
        <extensions>
          <ns3:TrackPointExtension>
            <ns3:hr>165</ns3:hr>
            <ns3:cad>100</ns3:cad>
          </ns3:TrackPointExtension>
        </extensions>
      </trkpt>
      <trkpt lat="41.2582897581160068511962890625" lon="115.143232159316539764404296875">
        <ele>1621.800048828125</ele>
        <time>2026-06-13T03:57:22.000Z</time>
        <extensions>
          <ns3:TrackPointExtension>
            <ns3:hr>165</ns3:hr>
            <ns3:cad>100</ns3:cad>
          </ns3:TrackPointExtension>
        </extensions>
      </trkpt>
      <trkpt lat="41.2582776881754398345947265625" lon="115.143259651958942413330078125">
        <ele>1621.5999755859375</ele>
        <time>2026-06-13T03:57:23.000Z</time>
        <extensions>
          <ns3:TrackPointExtension>
            <ns3:hr>165</ns3:hr>
            <ns3:cad>100</ns3:cad>
          </ns3:TrackPointExtension>
        </extensions>
      </trkpt>
      <trkpt lat="41.25826335512101650238037109375" lon="115.14330131001770496368408203125">
        <ele>1621.4000244140625</ele>
        <time>2026-06-13T03:57:24.000Z</time>
        <extensions>
          <ns3:TrackPointExtension>
            <ns3:hr>165</ns3:hr>
            <ns3:cad>100</ns3:cad>
          </ns3:TrackPointExtension>
        </extensions>
      </trkpt>
      <trkpt lat="41.25824608840048313140869140625" lon="115.14334204606711864471435546875">
        <ele>1621.4000244140625</ele>
        <time>2026-06-13T03:57:25.000Z</time>
        <extensions>
          <ns3:TrackPointExtension>
            <ns3:hr>164</ns3:hr>
            <ns3:cad>101</ns3:cad>
          </ns3:TrackPointExtension>
        </extensions>
      </trkpt>
      <trkpt lat="41.25823133625090122222900390625" lon="115.14336953870952129364013671875">
        <ele>1621.199951171875</ele>
        <time>2026-06-13T03:57:26.000Z</time>
        <extensions>
          <ns3:TrackPointExtension>
            <ns3:hr>164</ns3:hr>
            <ns3:cad>101</ns3:cad>
          </ns3:TrackPointExtension>
        </extensions>
      </trkpt>
      <trkpt lat="41.25821557827293872833251953125" lon="115.14340843074023723602294921875">
        <ele>1621</ele>
        <time>2026-06-13T03:57:27.000Z</time>
        <extensions>
          <ns3:TrackPointExtension>
            <ns3:hr>164</ns3:hr>
            <ns3:cad>101</ns3:cad>
          </ns3:TrackPointExtension>
        </extensions>
      </trkpt>
      <trkpt lat="41.25819931738078594207763671875" lon="115.1434470713138580322265625">
        <ele>1621</ele>
        <time>2026-06-13T03:57:28.000Z</time>
        <extensions>
          <ns3:TrackPointExtension>
            <ns3:hr>164</ns3:hr>
            <ns3:cad>101</ns3:cad>
          </ns3:TrackPointExtension>
        </extensions>
      </trkpt>
      <trkpt lat="41.25818205066025257110595703125" lon="115.143474899232387542724609375">
        <ele>1620.800048828125</ele>
        <time>2026-06-13T03:57:29.000Z</time>
        <extensions>
          <ns3:TrackPointExtension>
            <ns3:hr>164</ns3:hr>
            <ns3:cad>101</ns3:cad>
          </ns3:TrackPointExtension>
        </extensions>
      </trkpt>
      <trkpt lat="41.25816612504422664642333984375" lon="115.14351152814924716949462890625">
        <ele>1620.800048828125</ele>
        <time>2026-06-13T03:57:30.000Z</time>
        <extensions>
          <ns3:TrackPointExtension>
            <ns3:hr>164</ns3:hr>
            <ns3:cad>101</ns3:cad>
          </ns3:TrackPointExtension>
        </extensions>
      </trkpt>
      <trkpt lat="41.258153133094310760498046875" lon="115.143547318875789642333984375">
        <ele>1620.800048828125</ele>
        <time>2026-06-13T03:57:31.000Z</time>
        <extensions>
          <ns3:TrackPointExtension>
            <ns3:hr>164</ns3:hr>
            <ns3:cad>101</ns3:cad>
          </ns3:TrackPointExtension>
        </extensions>
      </trkpt>
      <trkpt lat="41.25813536345958709716796875" lon="115.14357422478497028350830078125">
        <ele>1620.800048828125</ele>
        <time>2026-06-13T03:57:32.000Z</time>
        <extensions>
          <ns3:TrackPointExtension>
            <ns3:hr>164</ns3:hr>
            <ns3:cad>101</ns3:cad>
          </ns3:TrackPointExtension>
        </extensions>
      </trkpt>
      <trkpt lat="41.25812086276710033416748046875" lon="115.14361211098730564117431640625">
        <ele>1620.800048828125</ele>
        <time>2026-06-13T03:57:33.000Z</time>
        <extensions>
          <ns3:TrackPointExtension>
            <ns3:hr>164</ns3:hr>
            <ns3:cad>101</ns3:cad>
          </ns3:TrackPointExtension>
        </extensions>
      </trkpt>
      <trkpt lat="41.25810678116977214813232421875" lon="115.14364765025675296783447265625">
        <ele>1620.800048828125</ele>
        <time>2026-06-13T03:57:34.000Z</time>
        <extensions>
          <ns3:TrackPointExtension>
            <ns3:hr>164</ns3:hr>
            <ns3:cad>100</ns3:cad>
          </ns3:TrackPointExtension>
        </extensions>
      </trkpt>
      <trkpt lat="41.2580922804772853851318359375" lon="115.1436772383749485015869140625">
        <ele>1620.800048828125</ele>
        <time>2026-06-13T03:57:35.000Z</time>
        <extensions>
          <ns3:TrackPointExtension>
            <ns3:hr>163</ns3:hr>
            <ns3:cad>100</ns3:cad>
          </ns3:TrackPointExtension>
        </extensions>
      </trkpt>
      <trkpt lat="41.25808029435575008392333984375" lon="115.14371453784406185150146484375">
        <ele>1620.800048828125</ele>
        <time>2026-06-13T03:57:36.000Z</time>
        <extensions>
          <ns3:TrackPointExtension>
            <ns3:hr>164</ns3:hr>
            <ns3:cad>100</ns3:cad>
          </ns3:TrackPointExtension>
        </extensions>
      </trkpt>
      <trkpt lat="41.2580671347677707672119140625" lon="115.143754184246063232421875">
        <ele>1620.800048828125</ele>
        <time>2026-06-13T03:57:37.000Z</time>
        <extensions>
          <ns3:TrackPointExtension>
            <ns3:hr>164</ns3:hr>
            <ns3:cad>100</ns3:cad>
          </ns3:TrackPointExtension>
        </extensions>
      </trkpt>
      <trkpt lat="41.258050538599491119384765625" lon="115.143779329955577850341796875">
        <ele>1620.800048828125</ele>
        <time>2026-06-13T03:57:38.000Z</time>
        <extensions>
          <ns3:TrackPointExtension>
            <ns3:hr>163</ns3:hr>
            <ns3:cad>100</ns3:cad>
          </ns3:TrackPointExtension>
        </extensions>
      </trkpt>
      <trkpt lat="41.258036457002162933349609375" lon="115.14381562359631061553955078125">
        <ele>1620.5999755859375</ele>
        <time>2026-06-13T03:57:39.000Z</time>
        <extensions>
          <ns3:TrackPointExtension>
            <ns3:hr>164</ns3:hr>
            <ns3:cad>100</ns3:cad>
          </ns3:TrackPointExtension>
        </extensions>
      </trkpt>
      <trkpt lat="41.25802136957645416259765625" lon="115.1438532583415508270263671875">
        <ele>1620.5999755859375</ele>
        <time>2026-06-13T03:57:40.000Z</time>
        <extensions>
          <ns3:TrackPointExtension>
            <ns3:hr>164</ns3:hr>
            <ns3:cad>100</ns3:cad>
          </ns3:TrackPointExtension>
        </extensions>
      </trkpt>
      <trkpt lat="41.25800536014139652252197265625" lon="115.14387689530849456787109375">
        <ele>1620.5999755859375</ele>
        <time>2026-06-13T03:57:41.000Z</time>
        <extensions>
          <ns3:TrackPointExtension>
            <ns3:hr>165</ns3:hr>
            <ns3:cad>100</ns3:cad>
          </ns3:TrackPointExtension>
        </extensions>
      </trkpt>
      <trkpt lat="41.2579920329153537750244140625" lon="115.14390950091183185577392578125">
        <ele>1620.5999755859375</ele>
        <time>2026-06-13T03:57:42.000Z</time>
        <extensions>
          <ns3:TrackPointExtension>
            <ns3:hr>165</ns3:hr>
            <ns3:cad>101</ns3:cad>
          </ns3:TrackPointExtension>
        </extensions>
      </trkpt>
      <trkpt lat="41.25797568820416927337646484375" lon="115.14394604600965976715087890625">
        <ele>1620.5999755859375</ele>
        <time>2026-06-13T03:57:43.000Z</time>
        <extensions>
          <ns3:TrackPointExtension>
            <ns3:hr>166</ns3:hr>
            <ns3:cad>101</ns3:cad>
          </ns3:TrackPointExtension>
        </extensions>
      </trkpt>
      <trkpt lat="41.25795959495007991790771484375" lon="115.14397387392818927764892578125">
        <ele>1620.5999755859375</ele>
        <time>2026-06-13T03:57:44.000Z</time>
        <extensions>
          <ns3:TrackPointExtension>
            <ns3:hr>166</ns3:hr>
            <ns3:cad>101</ns3:cad>
          </ns3:TrackPointExtension>
        </extensions>
      </trkpt>
      <trkpt lat="41.2579457648098468780517578125" lon="115.1440103352069854736328125">
        <ele>1620.5999755859375</ele>
        <time>2026-06-13T03:57:45.000Z</time>
        <extensions>
          <ns3:TrackPointExtension>
            <ns3:hr>167</ns3:hr>
            <ns3:cad>101</ns3:cad>
          </ns3:TrackPointExtension>
        </extensions>
      </trkpt>
      <trkpt lat="41.25793076120316982269287109375" lon="115.144051574170589447021484375">
        <ele>1620.5999755859375</ele>
        <time>2026-06-13T03:57:46.000Z</time>
        <extensions>
          <ns3:TrackPointExtension>
            <ns3:hr>167</ns3:hr>
            <ns3:cad>101</ns3:cad>
          </ns3:TrackPointExtension>
        </extensions>
      </trkpt>
      <trkpt lat="41.25791382975876331329345703125" lon="115.144081078469753265380859375">
        <ele>1620.5999755859375</ele>
        <time>2026-06-13T03:57:47.000Z</time>
        <extensions>
          <ns3:TrackPointExtension>
            <ns3:hr>167</ns3:hr>
            <ns3:cad>101</ns3:cad>
          </ns3:TrackPointExtension>
        </extensions>
      </trkpt>
      <trkpt lat="41.2578994967043399810791015625" lon="115.144111253321170806884765625">
        <ele>1620.5999755859375</ele>
        <time>2026-06-13T03:57:48.000Z</time>
        <extensions>
          <ns3:TrackPointExtension>
            <ns3:hr>167</ns3:hr>
            <ns3:cad>101</ns3:cad>
          </ns3:TrackPointExtension>
        </extensions>
      </trkpt>
      <trkpt lat="41.25788331963121891021728515625" lon="115.144148804247379302978515625">
        <ele>1620.4000244140625</ele>
        <time>2026-06-13T03:57:49.000Z</time>
        <extensions>
          <ns3:TrackPointExtension>
            <ns3:hr>167</ns3:hr>
            <ns3:cad>101</ns3:cad>
          </ns3:TrackPointExtension>
        </extensions>
      </trkpt>
      <trkpt lat="41.2578683160245418548583984375" lon="115.14418342150747776031494140625">
        <ele>1620.4000244140625</ele>
        <time>2026-06-13T03:57:50.000Z</time>
        <extensions>
          <ns3:TrackPointExtension>
            <ns3:hr>167</ns3:hr>
            <ns3:cad>101</ns3:cad>
          </ns3:TrackPointExtension>
        </extensions>
      </trkpt>
      <trkpt lat="41.257853396236896514892578125" lon="115.1442116685211658477783203125">
        <ele>1620.199951171875</ele>
        <time>2026-06-13T03:57:51.000Z</time>
        <extensions>
          <ns3:TrackPointExtension>
            <ns3:hr>167</ns3:hr>
            <ns3:cad>101</ns3:cad>
          </ns3:TrackPointExtension>
        </extensions>
      </trkpt>
      <trkpt lat="41.2578391470015048980712890625" lon="115.1442492194473743438720703125">
        <ele>1620</ele>
        <time>2026-06-13T03:57:52.000Z</time>
        <extensions>
          <ns3:TrackPointExtension>
            <ns3:hr>167</ns3:hr>
            <ns3:cad>101</ns3:cad>
          </ns3:TrackPointExtension>
        </extensions>
      </trkpt>
      <trkpt lat="41.25782045535743236541748046875" lon="115.1442904584109783172607421875">
        <ele>1620</ele>
        <time>2026-06-13T03:57:53.000Z</time>
        <extensions>
          <ns3:TrackPointExtension>
            <ns3:hr>167</ns3:hr>
            <ns3:cad>101</ns3:cad>
          </ns3:TrackPointExtension>
        </extensions>
      </trkpt>
      <trkpt lat="41.25780100934207439422607421875" lon="115.1443196274340152740478515625">
        <ele>1619.800048828125</ele>
        <time>2026-06-13T03:57:54.000Z</time>
        <extensions>
          <ns3:TrackPointExtension>
            <ns3:hr>167</ns3:hr>
            <ns3:cad>101</ns3:cad>
          </ns3:TrackPointExtension>
        </extensions>
      </trkpt>
      <trkpt lat="41.25778667628765106201171875" lon="115.14435826800763607025146484375">
        <ele>1619.5999755859375</ele>
        <time>2026-06-13T03:57:55.000Z</time>
        <extensions>
          <ns3:TrackPointExtension>
            <ns3:hr>167</ns3:hr>
            <ns3:cad>101</ns3:cad>
          </ns3:TrackPointExtension>
        </extensions>
      </trkpt>
      <trkpt lat="41.25777284614741802215576171875" lon="115.14440151862800121307373046875">
        <ele>1619.4000244140625</ele>
        <time>2026-06-13T03:57:56.000Z</time>
        <extensions>
          <ns3:TrackPointExtension>
            <ns3:hr>167</ns3:hr>
            <ns3:cad>101</ns3:cad>
          </ns3:TrackPointExtension>
        </extensions>
      </trkpt>
      <trkpt lat="41.25775742344558238983154296875" lon="115.14443152584135532379150390625">
        <ele>1619.199951171875</ele>
        <time>2026-06-13T03:57:57.000Z</time>
        <extensions>
          <ns3:TrackPointExtension>
            <ns3:hr>167</ns3:hr>
            <ns3:cad>101</ns3:cad>
          </ns3:TrackPointExtension>
        </extensions>
      </trkpt>
      <trkpt lat="41.2577472813427448272705078125" lon="115.1444684900343418121337890625">
        <ele>1619.199951171875</ele>
        <time>2026-06-13T03:57:58.000Z</time>
        <extensions>
          <ns3:TrackPointExtension>
            <ns3:hr>167</ns3:hr>
            <ns3:cad>101</ns3:cad>
          </ns3:TrackPointExtension>
        </extensions>
      </trkpt>
      <trkpt lat="41.2577365525066852569580078125" lon="115.14451199211180210113525390625">
        <ele>1619.199951171875</ele>
        <time>2026-06-13T03:57:59.000Z</time>
        <extensions>
          <ns3:TrackPointExtension>
            <ns3:hr>166</ns3:hr>
            <ns3:cad>100</ns3:cad>
          </ns3:TrackPointExtension>
        </extensions>
      </trkpt>
      <trkpt lat="41.25772205181419849395751953125" lon="115.14454350806772708892822265625">
        <ele>1619.199951171875</ele>
        <time>2026-06-13T03:58:00.000Z</time>
        <extensions>
          <ns3:TrackPointExtension>
            <ns3:hr>166</ns3:hr>
            <ns3:cad>100</ns3:cad>
          </ns3:TrackPointExtension>
        </extensions>
      </trkpt>
      <trkpt lat="41.25771199353039264678955078125" lon="115.14457837678492069244384765625">
        <ele>1619.199951171875</ele>
        <time>2026-06-13T03:58:01.000Z</time>
        <extensions>
          <ns3:TrackPointExtension>
            <ns3:hr>166</ns3:hr>
            <ns3:cad>101</ns3:cad>
          </ns3:TrackPointExtension>
        </extensions>
      </trkpt>
      <trkpt lat="41.25770260579884052276611328125" lon="115.14462028630077838897705078125">
        <ele>1619.199951171875</ele>
        <time>2026-06-13T03:58:02.000Z</time>
        <extensions>
          <ns3:TrackPointExtension>
            <ns3:hr>166</ns3:hr>
            <ns3:cad>101</ns3:cad>
          </ns3:TrackPointExtension>
        </extensions>
      </trkpt>
      <trkpt lat="41.25769154168665409088134765625" lon="115.144655406475067138671875">
        <ele>1619.199951171875</ele>
        <time>2026-06-13T03:58:03.000Z</time>
        <extensions>
          <ns3:TrackPointExtension>
            <ns3:hr>166</ns3:hr>
            <ns3:cad>101</ns3:cad>
          </ns3:TrackPointExtension>
        </extensions>
      </trkpt>
      <trkpt lat="41.25769137404859066009521484375" lon="115.14469069428741931915283203125">
        <ele>1619.199951171875</ele>
        <time>2026-06-13T03:58:04.000Z</time>
        <extensions>
          <ns3:TrackPointExtension>
            <ns3:hr>166</ns3:hr>
            <ns3:cad>101</ns3:cad>
          </ns3:TrackPointExtension>
        </extensions>
      </trkpt>
      <trkpt lat="41.2576926313340663909912109375" lon="115.14472992159426212310791015625">
        <ele>1619.199951171875</ele>
        <time>2026-06-13T03:58:05.000Z</time>
        <extensions>
          <ns3:TrackPointExtension>
            <ns3:hr>167</ns3:hr>
            <ns3:cad>101</ns3:cad>
          </ns3:TrackPointExtension>
        </extensions>
      </trkpt>
      <trkpt lat="41.25768919475376605987548828125" lon="115.14475992880761623382568359375">
        <ele>1619.199951171875</ele>
        <time>2026-06-13T03:58:06.000Z</time>
        <extensions>
          <ns3:TrackPointExtension>
            <ns3:hr>167</ns3:hr>
            <ns3:cad>101</ns3:cad>
          </ns3:TrackPointExtension>
        </extensions>
      </trkpt>
      <trkpt lat="41.2576840817928314208984375" lon="115.14479412697255611419677734375">
        <ele>1619.4000244140625</ele>
        <time>2026-06-13T03:58:07.000Z</time>
        <extensions>
          <ns3:TrackPointExtension>
            <ns3:hr>167</ns3:hr>
            <ns3:cad>100</ns3:cad>
          </ns3:TrackPointExtension>
        </extensions>
      </trkpt>
      <trkpt lat="41.25768668018281459808349609375" lon="115.1448295824229717254638671875">
        <ele>1619.800048828125</ele>
        <time>2026-06-13T03:58:08.000Z</time>
        <extensions>
          <ns3:TrackPointExtension>
            <ns3:hr>167</ns3:hr>
            <ns3:cad>100</ns3:cad>
          </ns3:TrackPointExtension>
        </extensions>
      </trkpt>
      <trkpt lat="41.25768483616411685943603515625" lon="115.14486118219792842864990234375">
        <ele>1620</ele>
        <time>2026-06-13T03:58:09.000Z</time>
        <extensions>
          <ns3:TrackPointExtension>
            <ns3:hr>168</ns3:hr>
            <ns3:cad>100</ns3:cad>
          </ns3:TrackPointExtension>
        </extensions>
      </trkpt>
      <trkpt lat="41.25768684782087802886962890625" lon="115.14489102177321910858154296875">
        <ele>1620.199951171875</ele>
        <time>2026-06-13T03:58:10.000Z</time>
        <extensions>
          <ns3:TrackPointExtension>
            <ns3:hr>168</ns3:hr>
            <ns3:cad>100</ns3:cad>
          </ns3:TrackPointExtension>
        </extensions>
      </trkpt>
      <trkpt lat="41.25768743455410003662109375" lon="115.144928991794586181640625">
        <ele>1620.4000244140625</ele>
        <time>2026-06-13T03:58:11.000Z</time>
        <extensions>
          <ns3:TrackPointExtension>
            <ns3:hr>167</ns3:hr>
            <ns3:cad>100</ns3:cad>
          </ns3:TrackPointExtension>
        </extensions>
      </trkpt>
      <trkpt lat="41.2576849199831485748291015625" lon="115.14495539478957653045654296875">
        <ele>1620.4000244140625</ele>
        <time>2026-06-13T03:58:12.000Z</time>
        <extensions>
          <ns3:TrackPointExtension>
            <ns3:hr>167</ns3:hr>
            <ns3:cad>100</ns3:cad>
          </ns3:TrackPointExtension>
        </extensions>
      </trkpt>
      <trkpt lat="41.2576854228973388671875" lon="115.14498758129775524139404296875">
        <ele>1620.5999755859375</ele>
        <time>2026-06-13T03:58:13.000Z</time>
        <extensions>
          <ns3:TrackPointExtension>
            <ns3:hr>167</ns3:hr>
            <ns3:cad>100</ns3:cad>
          </ns3:TrackPointExtension>
        </extensions>
      </trkpt>
      <trkpt lat="41.25768969766795635223388671875" lon="115.1450220309197902679443359375">
        <ele>1620.5999755859375</ele>
        <time>2026-06-13T03:58:14.000Z</time>
        <extensions>
          <ns3:TrackPointExtension>
            <ns3:hr>167</ns3:hr>
            <ns3:cad>100</ns3:cad>
          </ns3:TrackPointExtension>
        </extensions>
      </trkpt>
      <trkpt lat="41.25768550671637058258056640625" lon="115.1450545527040958404541015625">
        <ele>1620.800048828125</ele>
        <time>2026-06-13T03:58:15.000Z</time>
        <extensions>
          <ns3:TrackPointExtension>
            <ns3:hr>167</ns3:hr>
            <ns3:cad>100</ns3:cad>
          </ns3:TrackPointExtension>
        </extensions>
      </trkpt>
      <trkpt lat="41.25768634490668773651123046875" lon="115.145090259611606597900390625">
        <ele>1621.199951171875</ele>
        <time>2026-06-13T03:58:16.000Z</time>
        <extensions>
          <ns3:TrackPointExtension>
            <ns3:hr>167</ns3:hr>
            <ns3:cad>100</ns3:cad>
          </ns3:TrackPointExtension>
        </extensions>
      </trkpt>
      <trkpt lat="41.25768567435443401336669921875" lon="115.145123116672039031982421875">
        <ele>1621.4000244140625</ele>
        <time>2026-06-13T03:58:17.000Z</time>
        <extensions>
          <ns3:TrackPointExtension>
            <ns3:hr>167</ns3:hr>
            <ns3:cad>99</ns3:cad>
          </ns3:TrackPointExtension>
        </extensions>
      </trkpt>
      <trkpt lat="41.25768475234508514404296875" lon="115.14514868147671222686767578125">
        <ele>1621.800048828125</ele>
        <time>2026-06-13T03:58:18.000Z</time>
        <extensions>
          <ns3:TrackPointExtension>
            <ns3:hr>168</ns3:hr>
            <ns3:cad>98</ns3:cad>
          </ns3:TrackPointExtension>
        </extensions>
      </trkpt>
      <trkpt lat="41.257687769830226898193359375" lon="115.145186819136142730712890625">
        <ele>1622.199951171875</ele>
        <time>2026-06-13T03:58:19.000Z</time>
        <extensions>
          <ns3:TrackPointExtension>
            <ns3:hr>167</ns3:hr>
            <ns3:cad>98</ns3:cad>
          </ns3:TrackPointExtension>
        </extensions>
      </trkpt>
      <trkpt lat="41.25768550671637058258056640625" lon="115.14521623961627483367919921875">
        <ele>1622.4000244140625</ele>
        <time>2026-06-13T03:58:20.000Z</time>
        <extensions>
          <ns3:TrackPointExtension>
            <ns3:hr>167</ns3:hr>
            <ns3:cad>98</ns3:cad>
          </ns3:TrackPointExtension>
        </extensions>
      </trkpt>
      <trkpt lat="41.2576889432966709136962890625" lon="115.14524892903864383697509765625">
        <ele>1622.800048828125</ele>
        <time>2026-06-13T03:58:21.000Z</time>
        <extensions>
          <ns3:TrackPointExtension>
            <ns3:hr>167</ns3:hr>
            <ns3:cad>97</ns3:cad>
          </ns3:TrackPointExtension>
        </extensions>
      </trkpt>
      <trkpt lat="41.257691122591495513916015625" lon="115.145281367003917694091796875">
        <ele>1623</ele>
        <time>2026-06-13T03:58:22.000Z</time>
        <extensions>
          <ns3:TrackPointExtension>
            <ns3:hr>168</ns3:hr>
            <ns3:cad>97</ns3:cad>
          </ns3:TrackPointExtension>
        </extensions>
      </trkpt>
      <trkpt lat="41.25768969766795635223388671875" lon="115.1453096978366374969482421875">
        <ele>1623.199951171875</ele>
        <time>2026-06-13T03:58:23.000Z</time>
        <extensions>
          <ns3:TrackPointExtension>
            <ns3:hr>167</ns3:hr>
            <ns3:cad>97</ns3:cad>
          </ns3:TrackPointExtension>
        </extensions>
      </trkpt>
      <trkpt lat="41.25769305042922496795654296875" lon="115.14534196816384792327880859375">
        <ele>1623.4000244140625</ele>
        <time>2026-06-13T03:58:24.000Z</time>
        <extensions>
          <ns3:TrackPointExtension>
            <ns3:hr>167</ns3:hr>
            <ns3:cad>97</ns3:cad>
          </ns3:TrackPointExtension>
        </extensions>
      </trkpt>
      <trkpt lat="41.25769288279116153717041015625" lon="115.1453680358827114105224609375">
        <ele>1623.800048828125</ele>
        <time>2026-06-13T03:58:25.000Z</time>
        <extensions>
          <ns3:TrackPointExtension>
            <ns3:hr>168</ns3:hr>
            <ns3:cad>96</ns3:cad>
          </ns3:TrackPointExtension>
        </extensions>
      </trkpt>
      <trkpt lat="41.2576946429908275604248046875" lon="115.1453972049057483673095703125">
        <ele>1624</ele>
        <time>2026-06-13T03:58:26.000Z</time>
        <extensions>
          <ns3:TrackPointExtension>
            <ns3:hr>168</ns3:hr>
            <ns3:cad>97</ns3:cad>
          </ns3:TrackPointExtension>
        </extensions>
      </trkpt>
      <trkpt lat="41.2576961517333984375" lon="115.145427547395229339599609375">
        <ele>1624.4000244140625</ele>
        <time>2026-06-13T03:58:27.000Z</time>
        <extensions>
          <ns3:TrackPointExtension>
            <ns3:hr>168</ns3:hr>
            <ns3:cad>97</ns3:cad>
          </ns3:TrackPointExtension>
        </extensions>
      </trkpt>
      <trkpt lat="41.25769673846662044525146484375" lon="115.14545269310474395751953125">
        <ele>1624.800048828125</ele>
        <time>2026-06-13T03:58:28.000Z</time>
        <extensions>
          <ns3:TrackPointExtension>
            <ns3:hr>168</ns3:hr>
            <ns3:cad>97</ns3:cad>
          </ns3:TrackPointExtension>
        </extensions>
      </trkpt>
      <trkpt lat="41.25769908539950847625732421875" lon="115.145488567650318145751953125">
        <ele>1625.199951171875</ele>
        <time>2026-06-13T03:58:29.000Z</time>
        <extensions>
          <ns3:TrackPointExtension>
            <ns3:hr>168</ns3:hr>
            <ns3:cad>97</ns3:cad>
          </ns3:TrackPointExtension>
        </extensions>
      </trkpt>
      <trkpt lat="41.25769405625760555267333984375" lon="115.14551103115081787109375">
        <ele>1625.4000244140625</ele>
        <time>2026-06-13T03:58:30.000Z</time>
        <extensions>
          <ns3:TrackPointExtension>
            <ns3:hr>168</ns3:hr>
            <ns3:cad>96</ns3:cad>
          </ns3:TrackPointExtension>
        </extensions>
      </trkpt>
      <trkpt lat="41.2576929666101932525634765625" lon="115.14554388821125030517578125">
        <ele>1625.800048828125</ele>
        <time>2026-06-13T03:58:31.000Z</time>
        <extensions>
          <ns3:TrackPointExtension>
            <ns3:hr>169</ns3:hr>
            <ns3:cad>96</ns3:cad>
          </ns3:TrackPointExtension>
        </extensions>
      </trkpt>
      <trkpt lat="41.2576896138489246368408203125" lon="115.14557062648236751556396484375">
        <ele>1626.199951171875</ele>
        <time>2026-06-13T03:58:32.000Z</time>
        <extensions>
          <ns3:TrackPointExtension>
            <ns3:hr>169</ns3:hr>
            <ns3:cad>96</ns3:cad>
          </ns3:TrackPointExtension>
        </extensions>
      </trkpt>
      <trkpt lat="41.257687769830226898193359375" lon="115.1455993764102458953857421875">
        <ele>1626.4000244140625</ele>
        <time>2026-06-13T03:58:33.000Z</time>
        <extensions>
          <ns3:TrackPointExtension>
            <ns3:hr>169</ns3:hr>
            <ns3:cad>96</ns3:cad>
          </ns3:TrackPointExtension>
        </extensions>
      </trkpt>
      <trkpt lat="41.2576859258115291595458984375" lon="115.14562745578587055206298828125">
        <ele>1626.800048828125</ele>
        <time>2026-06-13T03:58:34.000Z</time>
        <extensions>
          <ns3:TrackPointExtension>
            <ns3:hr>168</ns3:hr>
            <ns3:cad>96</ns3:cad>
          </ns3:TrackPointExtension>
        </extensions>
      </trkpt>
      <trkpt lat="41.25768349505960941314697265625" lon="115.14565327204763889312744140625">
        <ele>1627.199951171875</ele>
        <time>2026-06-13T03:58:35.000Z</time>
        <extensions>
          <ns3:TrackPointExtension>
            <ns3:hr>168</ns3:hr>
            <ns3:cad>96</ns3:cad>
          </ns3:TrackPointExtension>
        </extensions>
      </trkpt>
      <trkpt lat="41.2576822377741336822509765625" lon="115.145680010318756103515625">
        <ele>1627.5999755859375</ele>
        <time>2026-06-13T03:58:36.000Z</time>
        <extensions>
          <ns3:TrackPointExtension>
            <ns3:hr>168</ns3:hr>
            <ns3:cad>96</ns3:cad>
          </ns3:TrackPointExtension>
        </extensions>
      </trkpt>
      <trkpt lat="41.25768215395510196685791015625" lon="115.145701132714748382568359375">
        <ele>1628</ele>
        <time>2026-06-13T03:58:37.000Z</time>
        <extensions>
          <ns3:TrackPointExtension>
            <ns3:hr>169</ns3:hr>
            <ns3:cad>96</ns3:cad>
          </ns3:TrackPointExtension>
        </extensions>
      </trkpt>
      <trkpt lat="41.25767863355576992034912109375" lon="115.14572359621524810791015625">
        <ele>1628.4000244140625</ele>
        <time>2026-06-13T03:58:38.000Z</time>
        <extensions>
          <ns3:TrackPointExtension>
            <ns3:hr>168</ns3:hr>
            <ns3:cad>96</ns3:cad>
          </ns3:TrackPointExtension>
        </extensions>
      </trkpt>
      <trkpt lat="41.257677040994167327880859375" lon="115.145742706954479217529296875">
        <ele>1628.800048828125</ele>
        <time>2026-06-13T03:58:39.000Z</time>
        <extensions>
          <ns3:TrackPointExtension>
            <ns3:hr>168</ns3:hr>
            <ns3:cad>96</ns3:cad>
          </ns3:TrackPointExtension>
        </extensions>
      </trkpt>
      <trkpt lat="41.25767393968999385833740234375" lon="115.145764835178852081298828125">
        <ele>1629</ele>
        <time>2026-06-13T03:58:40.000Z</time>
        <extensions>
          <ns3:TrackPointExtension>
            <ns3:hr>169</ns3:hr>
            <ns3:cad>96</ns3:cad>
          </ns3:TrackPointExtension>
        </extensions>
      </trkpt>
      <trkpt lat="41.25767209567129611968994140625" lon="115.1457878015935420989990234375">
        <ele>1629.4000244140625</ele>
        <time>2026-06-13T03:58:41.000Z</time>
        <extensions>
          <ns3:TrackPointExtension>
            <ns3:hr>168</ns3:hr>
            <ns3:cad>90</ns3:cad>
          </ns3:TrackPointExtension>
        </extensions>
      </trkpt>
      <trkpt lat="41.25766622833907604217529296875" lon="115.14581034891307353973388671875">
        <ele>1629.5999755859375</ele>
        <time>2026-06-13T03:58:42.000Z</time>
        <extensions>
          <ns3:TrackPointExtension>
            <ns3:hr>169</ns3:hr>
            <ns3:cad>90</ns3:cad>
          </ns3:TrackPointExtension>
        </extensions>
      </trkpt>
      <trkpt lat="41.2576627917587757110595703125" lon="115.14583759009838104248046875">
        <ele>1630</ele>
        <time>2026-06-13T03:58:43.000Z</time>
        <extensions>
          <ns3:TrackPointExtension>
            <ns3:hr>169</ns3:hr>
            <ns3:cad>89</ns3:cad>
          </ns3:TrackPointExtension>
        </extensions>
      </trkpt>
      <trkpt lat="41.2576554156839847564697265625" lon="115.14585762284696102142333984375">
        <ele>1630.199951171875</ele>
        <time>2026-06-13T03:58:44.000Z</time>
        <extensions>
          <ns3:TrackPointExtension>
            <ns3:hr>169</ns3:hr>
            <ns3:cad>89</ns3:cad>
          </ns3:TrackPointExtension>
        </extensions>
      </trkpt>
      <trkpt lat="41.25765281729400157928466796875" lon="115.14588209800422191619873046875">
        <ele>1630.5999755859375</ele>
        <time>2026-06-13T03:58:45.000Z</time>
        <extensions>
          <ns3:TrackPointExtension>
            <ns3:hr>169</ns3:hr>
            <ns3:cad>89</ns3:cad>
          </ns3:TrackPointExtension>
        </extensions>
      </trkpt>
      <trkpt lat="41.25764477066695690155029296875" lon="115.145894251763820648193359375">
        <ele>1631</ele>
        <time>2026-06-13T03:58:46.000Z</time>
        <extensions>
          <ns3:TrackPointExtension>
            <ns3:hr>168</ns3:hr>
            <ns3:cad>89</ns3:cad>
          </ns3:TrackPointExtension>
        </extensions>
      </trkpt>
      <trkpt lat="41.25763404183089733123779296875" lon="115.1459212414920330047607421875">
        <ele>1631.4000244140625</ele>
        <time>2026-06-13T03:58:47.000Z</time>
        <extensions>
          <ns3:TrackPointExtension>
            <ns3:hr>168</ns3:hr>
            <ns3:cad>89</ns3:cad>
          </ns3:TrackPointExtension>
        </extensions>
      </trkpt>
      <trkpt lat="41.25762448646128177642822265625" lon="115.1459366641938686370849609375">
        <ele>1631.800048828125</ele>
        <time>2026-06-13T03:58:48.000Z</time>
        <extensions>
          <ns3:TrackPointExtension>
            <ns3:hr>168</ns3:hr>
            <ns3:cad>88</ns3:cad>
          </ns3:TrackPointExtension>
        </extensions>
      </trkpt>
      <trkpt lat="41.2576151825487613677978515625" lon="115.14596231281757354736328125">
        <ele>1632</ele>
        <time>2026-06-13T03:58:49.000Z</time>
        <extensions>
          <ns3:TrackPointExtension>
            <ns3:hr>168</ns3:hr>
            <ns3:cad>88</ns3:cad>
          </ns3:TrackPointExtension>
        </extensions>
      </trkpt>
      <trkpt lat="41.2576051242649555206298828125" lon="115.145976729691028594970703125">
        <ele>1632.4000244140625</ele>
        <time>2026-06-13T03:58:50.000Z</time>
        <extensions>
          <ns3:TrackPointExtension>
            <ns3:hr>169</ns3:hr>
            <ns3:cad>88</ns3:cad>
          </ns3:TrackPointExtension>
        </extensions>
      </trkpt>
      <trkpt lat="41.25759565271437168121337890625" lon="115.1460057310760021209716796875">
        <ele>1632.4000244140625</ele>
        <time>2026-06-13T03:58:51.000Z</time>
        <extensions>
          <ns3:TrackPointExtension>
            <ns3:hr>169</ns3:hr>
            <ns3:cad>87</ns3:cad>
          </ns3:TrackPointExtension>
        </extensions>
      </trkpt>
      <trkpt lat="41.25758827663958072662353515625" lon="115.146020986139774322509765625">
        <ele>1632.800048828125</ele>
        <time>2026-06-13T03:58:52.000Z</time>
        <extensions>
          <ns3:TrackPointExtension>
            <ns3:hr>169</ns3:hr>
            <ns3:cad>87</ns3:cad>
          </ns3:TrackPointExtension>
        </extensions>
      </trkpt>
      <trkpt lat="41.25757905654609203338623046875" lon="115.14604956842958927154541015625">
        <ele>1633</ele>
        <time>2026-06-13T03:58:53.000Z</time>
        <extensions>
          <ns3:TrackPointExtension>
            <ns3:hr>169</ns3:hr>
            <ns3:cad>88</ns3:cad>
          </ns3:TrackPointExtension>
        </extensions>
      </trkpt>
      <trkpt lat="41.25757385976612567901611328125" lon="115.14606415294110774993896484375">
        <ele>1633.199951171875</ele>
        <time>2026-06-13T03:58:54.000Z</time>
        <extensions>
          <ns3:TrackPointExtension>
            <ns3:hr>170</ns3:hr>
            <ns3:cad>89</ns3:cad>
          </ns3:TrackPointExtension>
        </extensions>
      </trkpt>
      <trkpt lat="41.25756430439651012420654296875" lon="115.1460902206599712371826171875">
        <ele>1633.5999755859375</ele>
        <time>2026-06-13T03:58:55.000Z</time>
        <extensions>
          <ns3:TrackPointExtension>
            <ns3:hr>170</ns3:hr>
            <ns3:cad>89</ns3:cad>
          </ns3:TrackPointExtension>
        </extensions>
      </trkpt>
      <trkpt lat="41.25755776651203632354736328125" lon="115.14610723592340946197509765625">
        <ele>1634</ele>
        <time>2026-06-13T03:58:56.000Z</time>
        <extensions>
          <ns3:TrackPointExtension>
            <ns3:hr>170</ns3:hr>
            <ns3:cad>90</ns3:cad>
          </ns3:TrackPointExtension>
        </extensions>
      </trkpt>
      <trkpt lat="41.25754821114242076873779296875" lon="115.14613003470003604888916015625">
        <ele>1634.199951171875</ele>
        <time>2026-06-13T03:58:57.000Z</time>
        <extensions>
          <ns3:TrackPointExtension>
            <ns3:hr>170</ns3:hr>
            <ns3:cad>90</ns3:cad>
          </ns3:TrackPointExtension>
        </extensions>
      </trkpt>
      <trkpt lat="41.257539577782154083251953125" lon="115.14614260755479335784912109375">
        <ele>1634.5999755859375</ele>
        <time>2026-06-13T03:58:58.000Z</time>
        <extensions>
          <ns3:TrackPointExtension>
            <ns3:hr>170</ns3:hr>
            <ns3:cad>90</ns3:cad>
          </ns3:TrackPointExtension>
        </extensions>
      </trkpt>
      <trkpt lat="41.25753161497414112091064453125" lon="115.1461659930646419525146484375">
        <ele>1635</ele>
        <time>2026-06-13T03:58:59.000Z</time>
        <extensions>
          <ns3:TrackPointExtension>
            <ns3:hr>170</ns3:hr>
            <ns3:cad>90</ns3:cad>
          </ns3:TrackPointExtension>
        </extensions>
      </trkpt>
      <trkpt lat="41.257524155080318450927734375" lon="115.14617814682424068450927734375">
        <ele>1635.4000244140625</ele>
        <time>2026-06-13T03:59:00.000Z</time>
        <extensions>
          <ns3:TrackPointExtension>
            <ns3:hr>171</ns3:hr>
            <ns3:cad>90</ns3:cad>
          </ns3:TrackPointExtension>
        </extensions>
      </trkpt>
      <trkpt lat="41.2575151026248931884765625" lon="115.1462022028863430023193359375">
        <ele>1635.5999755859375</ele>
        <time>2026-06-13T03:59:01.000Z</time>
        <extensions>
          <ns3:TrackPointExtension>
            <ns3:hr>171</ns3:hr>
            <ns3:cad>90</ns3:cad>
          </ns3:TrackPointExtension>
        </extensions>
      </trkpt>
      <trkpt lat="41.25750445760786533355712890625" lon="115.14621016569435596466064453125">
        <ele>1636</ele>
        <time>2026-06-13T03:59:02.000Z</time>
        <extensions>
          <ns3:TrackPointExtension>
            <ns3:hr>171</ns3:hr>
            <ns3:cad>90</ns3:cad>
          </ns3:TrackPointExtension>
        </extensions>
      </trkpt>
      <trkpt lat="41.25749574042856693267822265625" lon="115.14623648487031459808349609375">
        <ele>1636.4000244140625</ele>
        <time>2026-06-13T03:59:03.000Z</time>
        <extensions>
          <ns3:TrackPointExtension>
            <ns3:hr>172</ns3:hr>
            <ns3:cad>90</ns3:cad>
          </ns3:TrackPointExtension>
        </extensions>
      </trkpt>
      <trkpt lat="41.2574928067624568939208984375" lon="115.14624587260186672210693359375">
        <ele>1636.5999755859375</ele>
        <time>2026-06-13T03:59:04.000Z</time>
        <extensions>
          <ns3:TrackPointExtension>
            <ns3:hr>172</ns3:hr>
            <ns3:cad>90</ns3:cad>
          </ns3:TrackPointExtension>
        </extensions>
      </trkpt>
      <trkpt lat="41.25748668797314167022705078125" lon="115.14626582153141498565673828125">
        <ele>1636.800048828125</ele>
        <time>2026-06-13T03:59:05.000Z</time>
        <extensions>
          <ns3:TrackPointExtension>
            <ns3:hr>172</ns3:hr>
            <ns3:cad>90</ns3:cad>
          </ns3:TrackPointExtension>
        </extensions>
      </trkpt>
      <trkpt lat="41.25748182646930217742919921875" lon="115.14627872966229915618896484375">
        <ele>1637</ele>
        <time>2026-06-13T03:59:06.000Z</time>
        <extensions>
          <ns3:TrackPointExtension>
            <ns3:hr>172</ns3:hr>
            <ns3:cad>90</ns3:cad>
          </ns3:TrackPointExtension>
        </extensions>
      </trkpt>
      <trkpt lat="41.2574736960232257843017578125" lon="115.14630253426730632781982421875">
        <ele>1637.199951171875</ele>
        <time>2026-06-13T03:59:07.000Z</time>
        <extensions>
          <ns3:TrackPointExtension>
            <ns3:hr>173</ns3:hr>
            <ns3:cad>89</ns3:cad>
          </ns3:TrackPointExtension>
        </extensions>
      </trkpt>
      <trkpt lat="41.2574639730155467987060546875" lon="115.14632231555879116058349609375">
        <ele>1637.4000244140625</ele>
        <time>2026-06-13T03:59:08.000Z</time>
        <extensions>
          <ns3:TrackPointExtension>
            <ns3:hr>173</ns3:hr>
            <ns3:cad>89</ns3:cad>
          </ns3:TrackPointExtension>
        </extensions>
      </trkpt>
      <trkpt lat="41.25745668075978755950927734375" lon="115.14634394086897373199462890625">
        <ele>1637.5999755859375</ele>
        <time>2026-06-13T03:59:09.000Z</time>
        <extensions>
          <ns3:TrackPointExtension>
            <ns3:hr>173</ns3:hr>
            <ns3:cad>44</ns3:cad>
          </ns3:TrackPointExtension>
        </extensions>
      </trkpt>
      <trkpt lat="41.25745131634175777435302734375" lon="115.146361291408538818359375">
        <ele>1637.800048828125</ele>
        <time>2026-06-13T03:59:10.000Z</time>
        <extensions>
          <ns3:TrackPointExtension>
            <ns3:hr>172</ns3:hr>
            <ns3:cad>44</ns3:cad>
          </ns3:TrackPointExtension>
        </extensions>
      </trkpt>
      <trkpt lat="41.25744511373341083526611328125" lon="115.14638115651905536651611328125">
        <ele>1638</ele>
        <time>2026-06-13T03:59:11.000Z</time>
        <extensions>
          <ns3:TrackPointExtension>
            <ns3:hr>173</ns3:hr>
            <ns3:cad>86</ns3:cad>
          </ns3:TrackPointExtension>
        </extensions>
      </trkpt>
      <trkpt lat="41.257434301078319549560546875" lon="115.14639959670603275299072265625">
        <ele>1638.199951171875</ele>
        <time>2026-06-13T03:59:12.000Z</time>
        <extensions>
          <ns3:TrackPointExtension>
            <ns3:hr>173</ns3:hr>
            <ns3:cad>86</ns3:cad>
          </ns3:TrackPointExtension>
        </extensions>
      </trkpt>
      <trkpt lat="41.257424242794513702392578125" lon="115.14641284011304378509521484375">
        <ele>1638.5999755859375</ele>
        <time>2026-06-13T03:59:13.000Z</time>
        <extensions>
          <ns3:TrackPointExtension>
            <ns3:hr>172</ns3:hr>
            <ns3:cad>86</ns3:cad>
          </ns3:TrackPointExtension>
        </extensions>
      </trkpt>
      <trkpt lat="41.25741644762456417083740234375" lon="115.14643262140452861785888671875">
        <ele>1639</ele>
        <time>2026-06-13T03:59:14.000Z</time>
        <extensions>
          <ns3:TrackPointExtension>
            <ns3:hr>173</ns3:hr>
            <ns3:cad>88</ns3:cad>
          </ns3:TrackPointExtension>
        </extensions>
      </trkpt>
      <trkpt lat="41.25740789808332920074462890625" lon="115.14644636772572994232177734375">
        <ele>1639.4000244140625</ele>
        <time>2026-06-13T03:59:15.000Z</time>
        <extensions>
          <ns3:TrackPointExtension>
            <ns3:hr>173</ns3:hr>
            <ns3:cad>89</ns3:cad>
          </ns3:TrackPointExtension>
        </extensions>
      </trkpt>
      <trkpt lat="41.25740018673241138458251953125" lon="115.14647017233073711395263671875">
        <ele>1639.800048828125</ele>
        <time>2026-06-13T03:59:16.000Z</time>
        <extensions>
          <ns3:TrackPointExtension>
            <ns3:hr>173</ns3:hr>
            <ns3:cad>89</ns3:cad>
          </ns3:TrackPointExtension>
        </extensions>
      </trkpt>
      <trkpt lat="41.25738996081054210662841796875" lon="115.1464860141277313232421875">
        <ele>1640</ele>
        <time>2026-06-13T03:59:17.000Z</time>
        <extensions>
          <ns3:TrackPointExtension>
            <ns3:hr>174</ns3:hr>
            <ns3:cad>89</ns3:cad>
          </ns3:TrackPointExtension>
        </extensions>
      </trkpt>
      <trkpt lat="41.25738124363124370574951171875" lon="115.146513171494007110595703125">
        <ele>1640.199951171875</ele>
        <time>2026-06-13T03:59:18.000Z</time>
        <extensions>
          <ns3:TrackPointExtension>
            <ns3:hr>175</ns3:hr>
            <ns3:cad>88</ns3:cad>
          </ns3:TrackPointExtension>
        </extensions>
      </trkpt>
      <trkpt lat="41.2573727779090404510498046875" lon="115.1465316116809844970703125">
        <ele>1640.4000244140625</ele>
        <time>2026-06-13T03:59:19.000Z</time>
        <extensions>
          <ns3:TrackPointExtension>
            <ns3:hr>176</ns3:hr>
            <ns3:cad>88</ns3:cad>
          </ns3:TrackPointExtension>
        </extensions>
      </trkpt>
      <trkpt lat="41.25736548565328121185302734375" lon="115.1465525664389133453369140625">
        <ele>1640.800048828125</ele>
        <time>2026-06-13T03:59:20.000Z</time>
        <extensions>
          <ns3:TrackPointExtension>
            <ns3:hr>176</ns3:hr>
            <ns3:cad>88</ns3:cad>
          </ns3:TrackPointExtension>
        </extensions>
      </trkpt>
      <trkpt lat="41.25735676847398281097412109375" lon="115.14657159335911273956298828125">
        <ele>1641</ele>
        <time>2026-06-13T03:59:21.000Z</time>
        <extensions>
          <ns3:TrackPointExtension>
            <ns3:hr>176</ns3:hr>
            <ns3:cad>90</ns3:cad>
          </ns3:TrackPointExtension>
        </extensions>
      </trkpt>
      <trkpt lat="41.257352493703365325927734375" lon="115.14659321866929531097412109375">
        <ele>1641.4000244140625</ele>
        <time>2026-06-13T03:59:22.000Z</time>
        <extensions>
          <ns3:TrackPointExtension>
            <ns3:hr>176</ns3:hr>
            <ns3:cad>90</ns3:cad>
          </ns3:TrackPointExtension>
        </extensions>
      </trkpt>
      <trkpt lat="41.25734654255211353302001953125" lon="115.14661484397947788238525390625">
        <ele>1641.800048828125</ele>
        <time>2026-06-13T03:59:23.000Z</time>
        <extensions>
          <ns3:TrackPointExtension>
            <ns3:hr>177</ns3:hr>
            <ns3:cad>90</ns3:cad>
          </ns3:TrackPointExtension>
        </extensions>
      </trkpt>
      <trkpt lat="41.25734201632440090179443359375" lon="115.14664099551737308502197265625">
        <ele>1642</ele>
        <time>2026-06-13T03:59:24.000Z</time>
        <extensions>
          <ns3:TrackPointExtension>
            <ns3:hr>176</ns3:hr>
            <ns3:cad>90</ns3:cad>
          </ns3:TrackPointExtension>
        </extensions>
      </trkpt>
      <trkpt lat="41.25733874738216400146484375" lon="115.1466675661504268646240234375">
        <ele>1642.199951171875</ele>
        <time>2026-06-13T03:59:25.000Z</time>
        <extensions>
          <ns3:TrackPointExtension>
            <ns3:hr>176</ns3:hr>
            <ns3:cad>92</ns3:cad>
          </ns3:TrackPointExtension>
        </extensions>
      </trkpt>
      <trkpt lat="41.25733749009668827056884765625" lon="115.14669078402221202850341796875">
        <ele>1642.5999755859375</ele>
        <time>2026-06-13T03:59:26.000Z</time>
        <extensions>
          <ns3:TrackPointExtension>
            <ns3:hr>176</ns3:hr>
            <ns3:cad>92</ns3:cad>
          </ns3:TrackPointExtension>
        </extensions>
      </trkpt>
      <trkpt lat="41.257343105971813201904296875" lon="115.14672380872070789337158203125">
        <ele>1642.800048828125</ele>
        <time>2026-06-13T03:59:27.000Z</time>
        <extensions>
          <ns3:TrackPointExtension>
            <ns3:hr>176</ns3:hr>
            <ns3:cad>92</ns3:cad>
          </ns3:TrackPointExtension>
        </extensions>
      </trkpt>
      <trkpt lat="41.25734000466763973236083984375" lon="115.1467461884021759033203125">
        <ele>1643</ele>
        <time>2026-06-13T03:59:28.000Z</time>
        <extensions>
          <ns3:TrackPointExtension>
            <ns3:hr>176</ns3:hr>
            <ns3:cad>92</ns3:cad>
          </ns3:TrackPointExtension>
        </extensions>
      </trkpt>
      <trkpt lat="41.25734553672373294830322265625" lon="115.14677912928164005279541015625">
        <ele>1643.4000244140625</ele>
        <time>2026-06-13T03:59:29.000Z</time>
        <extensions>
          <ns3:TrackPointExtension>
            <ns3:hr>176</ns3:hr>
            <ns3:cad>92</ns3:cad>
          </ns3:TrackPointExtension>
        </extensions>
      </trkpt>
      <trkpt lat="41.257345117628574371337890625" lon="115.1468013413250446319580078125">
        <ele>1643.5999755859375</ele>
        <time>2026-06-13T03:59:30.000Z</time>
        <extensions>
          <ns3:TrackPointExtension>
            <ns3:hr>176</ns3:hr>
            <ns3:cad>92</ns3:cad>
          </ns3:TrackPointExtension>
        </extensions>
      </trkpt>
      <trkpt lat="41.257355846464633941650390625" lon="115.1468305103480815887451171875">
        <ele>1643.800048828125</ele>
        <time>2026-06-13T03:59:31.000Z</time>
        <extensions>
          <ns3:TrackPointExtension>
            <ns3:hr>177</ns3:hr>
            <ns3:cad>92</ns3:cad>
          </ns3:TrackPointExtension>
        </extensions>
      </trkpt>
      <trkpt lat="41.2573583610355854034423828125" lon="115.146849118173122406005859375">
        <ele>1644</ele>
        <time>2026-06-13T03:59:32.000Z</time>
        <extensions>
          <ns3:TrackPointExtension>
            <ns3:hr>176</ns3:hr>
            <ns3:cad>92</ns3:cad>
          </ns3:TrackPointExtension>
        </extensions>
      </trkpt>
      <trkpt lat="41.25736783258616924285888671875" lon="115.1468727551400661468505859375">
        <ele>1644.199951171875</ele>
        <time>2026-06-13T03:59:33.000Z</time>
        <extensions>
          <ns3:TrackPointExtension>
            <ns3:hr>176</ns3:hr>
            <ns3:cad>92</ns3:cad>
          </ns3:TrackPointExtension>
        </extensions>
      </trkpt>
      <trkpt lat="41.2573808245360851287841796875" lon="115.14689764939248561859130859375">
        <ele>1644.4000244140625</ele>
        <time>2026-06-13T03:59:34.000Z</time>
        <extensions>
          <ns3:TrackPointExtension>
            <ns3:hr>176</ns3:hr>
            <ns3:cad>93</ns3:cad>
          </ns3:TrackPointExtension>
        </extensions>
      </trkpt>
      <trkpt lat="41.257387362420558929443359375" lon="115.14691852033138275146484375">
        <ele>1644.5999755859375</ele>
        <time>2026-06-13T03:59:35.000Z</time>
        <extensions>
          <ns3:TrackPointExtension>
            <ns3:hr>176</ns3:hr>
            <ns3:cad>93</ns3:cad>
          </ns3:TrackPointExtension>
        </extensions>
      </trkpt>
      <trkpt lat="41.25740353949368000030517578125" lon="115.14694861136376857757568359375">
        <ele>1644.5999755859375</ele>
        <time>2026-06-13T03:59:36.000Z</time>
        <extensions>
          <ns3:TrackPointExtension>
            <ns3:hr>176</ns3:hr>
            <ns3:cad>93</ns3:cad>
          </ns3:TrackPointExtension>
        </extensions>
      </trkpt>
      <trkpt lat="41.2574120052158832550048828125" lon="115.14697040431201457977294921875">
        <ele>1644.800048828125</ele>
        <time>2026-06-13T03:59:37.000Z</time>
        <extensions>
          <ns3:TrackPointExtension>
            <ns3:hr>176</ns3:hr>
            <ns3:cad>93</ns3:cad>
          </ns3:TrackPointExtension>
        </extensions>
      </trkpt>
      <trkpt lat="41.25742734409868717193603515625" lon="115.14698767103254795074462890625">
        <ele>1645</ele>
        <time>2026-06-13T03:59:38.000Z</time>
        <extensions>
          <ns3:TrackPointExtension>
            <ns3:hr>177</ns3:hr>
            <ns3:cad>95</ns3:cad>
          </ns3:TrackPointExtension>
        </extensions>
      </trkpt>
      <trkpt lat="41.2574488855898380279541015625" lon="115.1470068655908107757568359375">
        <ele>1645</ele>
        <time>2026-06-13T03:59:39.000Z</time>
        <extensions>
          <ns3:TrackPointExtension>
            <ns3:hr>176</ns3:hr>
            <ns3:cad>95</ns3:cad>
          </ns3:TrackPointExtension>
        </extensions>
      </trkpt>
      <trkpt lat="41.2574633024632930755615234375" lon="115.147024132311344146728515625">
        <ele>1645.199951171875</ele>
        <time>2026-06-13T03:59:40.000Z</time>
        <extensions>
          <ns3:TrackPointExtension>
            <ns3:hr>176</ns3:hr>
            <ns3:cad>96</ns3:cad>
          </ns3:TrackPointExtension>
        </extensions>
      </trkpt>
      <trkpt lat="41.257486604154109954833984375" lon="115.14704466797411441802978515625">
        <ele>1645.199951171875</ele>
        <time>2026-06-13T03:59:41.000Z</time>
        <extensions>
          <ns3:TrackPointExtension>
            <ns3:hr>176</ns3:hr>
            <ns3:cad>96</ns3:cad>
          </ns3:TrackPointExtension>
        </extensions>
      </trkpt>
      <trkpt lat="41.25750445760786533355712890625" lon="115.14706511981785297393798828125">
        <ele>1645.4000244140625</ele>
        <time>2026-06-13T03:59:42.000Z</time>
        <extensions>
          <ns3:TrackPointExtension>
            <ns3:hr>176</ns3:hr>
            <ns3:cad>96</ns3:cad>
          </ns3:TrackPointExtension>
        </extensions>
      </trkpt>
      <trkpt lat="41.25751703046262264251708984375" lon="115.14708389528095722198486328125">
        <ele>1645.5999755859375</ele>
        <time>2026-06-13T03:59:43.000Z</time>
        <extensions>
          <ns3:TrackPointExtension>
            <ns3:hr>177</ns3:hr>
            <ns3:cad>96</ns3:cad>
          </ns3:TrackPointExtension>
        </extensions>
      </trkpt>
      <trkpt lat="41.25753815285861492156982421875" lon="115.14710870571434497833251953125">
        <ele>1645.800048828125</ele>
        <time>2026-06-13T03:59:44.000Z</time>
        <extensions>
          <ns3:TrackPointExtension>
            <ns3:hr>176</ns3:hr>
            <ns3:cad>98</ns3:cad>
          </ns3:TrackPointExtension>
        </extensions>
      </trkpt>
      <trkpt lat="41.257546283304691314697265625" lon="115.14712882228195667266845703125">
        <ele>1646</ele>
        <time>2026-06-13T03:59:45.000Z</time>
        <extensions>
          <ns3:TrackPointExtension>
            <ns3:hr>176</ns3:hr>
            <ns3:cad>98</ns3:cad>
          </ns3:TrackPointExtension>
        </extensions>
      </trkpt>
      <trkpt lat="41.25756229273974895477294921875" lon="115.14715145342051982879638671875">
        <ele>1646.199951171875</ele>
        <time>2026-06-13T03:59:46.000Z</time>
        <extensions>
          <ns3:TrackPointExtension>
            <ns3:hr>176</ns3:hr>
            <ns3:cad>98</ns3:cad>
          </ns3:TrackPointExtension>
        </extensions>
      </trkpt>
      <trkpt lat="41.25758240930736064910888671875" lon="115.147176682949066162109375">
        <ele>1646.4000244140625</ele>
        <time>2026-06-13T03:59:47.000Z</time>
        <extensions>
          <ns3:TrackPointExtension>
            <ns3:hr>177</ns3:hr>
            <ns3:cad>98</ns3:cad>
          </ns3:TrackPointExtension>
        </extensions>
      </trkpt>
      <trkpt lat="41.257592551410198211669921875" lon="115.14719788916409015655517578125">
        <ele>1646.5999755859375</ele>
        <time>2026-06-13T03:59:48.000Z</time>
        <extensions>
          <ns3:TrackPointExtension>
            <ns3:hr>176</ns3:hr>
            <ns3:cad>98</ns3:cad>
          </ns3:TrackPointExtension>
        </extensions>
      </trkpt>
      <trkpt lat="41.25761141069233417510986328125" lon="115.1472234539687633514404296875">
        <ele>1646.800048828125</ele>
        <time>2026-06-13T03:59:49.000Z</time>
        <extensions>
          <ns3:TrackPointExtension>
            <ns3:hr>176</ns3:hr>
            <ns3:cad>96</ns3:cad>
          </ns3:TrackPointExtension>
        </extensions>
      </trkpt>
      <trkpt lat="41.2576212175190448760986328125" lon="115.1472449116408824920654296875">
        <ele>1647</ele>
        <time>2026-06-13T03:59:50.000Z</time>
        <extensions>
          <ns3:TrackPointExtension>
            <ns3:hr>176</ns3:hr>
            <ns3:cad>96</ns3:cad>
          </ns3:TrackPointExtension>
        </extensions>
      </trkpt>
      <trkpt lat="41.25763001851737499237060546875" lon="115.14726611785590648651123046875">
        <ele>1647.199951171875</ele>
        <time>2026-06-13T03:59:51.000Z</time>
        <extensions>
          <ns3:TrackPointExtension>
            <ns3:hr>177</ns3:hr>
            <ns3:cad>97</ns3:cad>
          </ns3:TrackPointExtension>
        </extensions>
      </trkpt>
      <trkpt lat="41.25764661468565464019775390625" lon="115.14729327522218227386474609375">
        <ele>1647.4000244140625</ele>
        <time>2026-06-13T03:59:52.000Z</time>
        <extensions>
          <ns3:TrackPointExtension>
            <ns3:hr>176</ns3:hr>
            <ns3:cad>98</ns3:cad>
          </ns3:TrackPointExtension>
        </extensions>
      </trkpt>
      <trkpt lat="41.2576513923704624176025390625" lon="115.14731808565557003021240234375">
        <ele>1647.5999755859375</ele>
        <time>2026-06-13T03:59:53.000Z</time>
        <extensions>
          <ns3:TrackPointExtension>
            <ns3:hr>176</ns3:hr>
            <ns3:cad>98</ns3:cad>
          </ns3:TrackPointExtension>
        </extensions>
      </trkpt>
      <trkpt lat="41.25766522251069545745849609375" lon="115.1473438180983066558837890625">
        <ele>1647.800048828125</ele>
        <time>2026-06-13T03:59:54.000Z</time>
        <extensions>
          <ns3:TrackPointExtension>
            <ns3:hr>176</ns3:hr>
            <ns3:cad>98</ns3:cad>
          </ns3:TrackPointExtension>
        </extensions>
      </trkpt>
      <trkpt lat="41.25768014229834079742431640625" lon="115.1473719812929630279541015625">
        <ele>1648</ele>
        <time>2026-06-13T03:59:55.000Z</time>
        <extensions>
          <ns3:TrackPointExtension>
            <ns3:hr>177</ns3:hr>
            <ns3:cad>98</ns3:cad>
          </ns3:TrackPointExtension>
        </extensions>
      </trkpt>
      <trkpt lat="41.2576862610876560211181640625" lon="115.14739788137376308441162109375">
        <ele>1648.199951171875</ele>
        <time>2026-06-13T03:59:56.000Z</time>
        <extensions>
          <ns3:TrackPointExtension>
            <ns3:hr>176</ns3:hr>
            <ns3:cad>97</ns3:cad>
          </ns3:TrackPointExtension>
        </extensions>
      </trkpt>
      <trkpt lat="41.257701851427555084228515625" lon="115.1474269665777683258056640625">
        <ele>1648.4000244140625</ele>
        <time>2026-06-13T03:59:57.000Z</time>
        <extensions>
          <ns3:TrackPointExtension>
            <ns3:hr>176</ns3:hr>
            <ns3:cad>96</ns3:cad>
          </ns3:TrackPointExtension>
        </extensions>
      </trkpt>
      <trkpt lat="41.25770595856010913848876953125" lon="115.14744683168828487396240234375">
        <ele>1648.5999755859375</ele>
        <time>2026-06-13T03:59:58.000Z</time>
        <extensions>
          <ns3:TrackPointExtension>
            <ns3:hr>176</ns3:hr>
            <ns3:cad>96</ns3:cad>
          </ns3:TrackPointExtension>
        </extensions>
      </trkpt>
      <trkpt lat="41.257713921368122100830078125" lon="115.147473402321338653564453125">
        <ele>1648.800048828125</ele>
        <time>2026-06-13T03:59:59.000Z</time>
        <extensions>
          <ns3:TrackPointExtension>
            <ns3:hr>177</ns3:hr>
            <ns3:cad>97</ns3:cad>
          </ns3:TrackPointExtension>
        </extensions>
      </trkpt>
      <trkpt lat="41.257723309099674224853515625" lon="115.14750458300113677978515625">
        <ele>1649.199951171875</ele>
        <time>2026-06-13T04:00:00.000Z</time>
        <extensions>
          <ns3:TrackPointExtension>
            <ns3:hr>176</ns3:hr>
            <ns3:cad>97</ns3:cad>
          </ns3:TrackPointExtension>
        </extensions>
      </trkpt>
      <trkpt lat="41.25772506929934024810791015625" lon="115.147527046501636505126953125">
        <ele>1649.4000244140625</ele>
        <time>2026-06-13T04:00:01.000Z</time>
        <extensions>
          <ns3:TrackPointExtension>
            <ns3:hr>176</ns3:hr>
            <ns3:cad>97</ns3:cad>
          </ns3:TrackPointExtension>
        </extensions>
      </trkpt>
      <trkpt lat="41.25773663632571697235107421875" lon="115.147561915218830108642578125">
        <ele>1649.5999755859375</ele>
        <time>2026-06-13T04:00:02.000Z</time>
        <extensions>
          <ns3:TrackPointExtension>
            <ns3:hr>176</ns3:hr>
            <ns3:cad>96</ns3:cad>
          </ns3:TrackPointExtension>
        </extensions>
      </trkpt>
      <trkpt lat="41.25773646868765354156494140625" lon="115.14758530072867870330810546875">
        <ele>1649.800048828125</ele>
        <time>2026-06-13T04:00:03.000Z</time>
        <extensions>
          <ns3:TrackPointExtension>
            <ns3:hr>176</ns3:hr>
            <ns3:cad>96</ns3:cad>
          </ns3:TrackPointExtension>
        </extensions>
      </trkpt>
      <trkpt lat="41.25774183310568332672119140625" lon="115.14761664904654026031494140625">
        <ele>1650</ele>
        <time>2026-06-13T04:00:04.000Z</time>
        <extensions>
          <ns3:TrackPointExtension>
            <ns3:hr>176</ns3:hr>
            <ns3:cad>96</ns3:cad>
          </ns3:TrackPointExtension>
        </extensions>
      </trkpt>
      <trkpt lat="41.257747448980808258056640625" lon="115.14764632098376750946044921875">
        <ele>1650.199951171875</ele>
        <time>2026-06-13T04:00:05.000Z</time>
        <extensions>
          <ns3:TrackPointExtension>
            <ns3:hr>176</ns3:hr>
            <ns3:cad>96</ns3:cad>
          </ns3:TrackPointExtension>
        </extensions>
      </trkpt>
      <trkpt lat="41.25774401240050792694091796875" lon="115.14767029322683811187744140625">
        <ele>1650.199951171875</ele>
        <time>2026-06-13T04:00:06.000Z</time>
        <extensions>
          <ns3:TrackPointExtension>
            <ns3:hr>177</ns3:hr>
            <ns3:cad>96</ns3:cad>
          </ns3:TrackPointExtension>
        </extensions>
      </trkpt>
      <trkpt lat="41.25775490887463092803955078125" lon="115.1477064192295074462890625">
        <ele>1650.199951171875</ele>
        <time>2026-06-13T04:00:07.000Z</time>
        <extensions>
          <ns3:TrackPointExtension>
            <ns3:hr>176</ns3:hr>
            <ns3:cad>96</ns3:cad>
          </ns3:TrackPointExtension>
        </extensions>
      </trkpt>
      <trkpt lat="41.2577539868652820587158203125" lon="115.14773533679544925689697265625">
        <ele>1650.199951171875</ele>
        <time>2026-06-13T04:00:08.000Z</time>
        <extensions>
          <ns3:TrackPointExtension>
            <ns3:hr>176</ns3:hr>
            <ns3:cad>96</ns3:cad>
          </ns3:TrackPointExtension>
        </extensions>
      </trkpt>
      <trkpt lat="41.2577566690742969512939453125" lon="115.14777204953134059906005859375">
        <ele>1650.199951171875</ele>
        <time>2026-06-13T04:00:09.000Z</time>
        <extensions>
          <ns3:TrackPointExtension>
            <ns3:hr>176</ns3:hr>
            <ns3:cad>96</ns3:cad>
          </ns3:TrackPointExtension>
        </extensions>
      </trkpt>
      <trkpt lat="41.25775893218815326690673828125" lon="115.1478088460862636566162109375">
        <ele>1650.4000244140625</ele>
        <time>2026-06-13T04:00:10.000Z</time>
        <extensions>
          <ns3:TrackPointExtension>
            <ns3:hr>176</ns3:hr>
            <ns3:cad>96</ns3:cad>
          </ns3:TrackPointExtension>
        </extensions>
      </trkpt>
      <trkpt lat="41.2577565014362335205078125" lon="115.1478376798331737518310546875">
        <ele>1650.4000244140625</ele>
        <time>2026-06-13T04:00:11.000Z</time>
        <extensions>
          <ns3:TrackPointExtension>
            <ns3:hr>176</ns3:hr>
            <ns3:cad>96</ns3:cad>
          </ns3:TrackPointExtension>
        </extensions>
      </trkpt>
      <trkpt lat="41.257762871682643890380859375" lon="115.14787699095904827117919921875">
        <ele>1650.199951171875</ele>
        <time>2026-06-13T04:00:12.000Z</time>
        <extensions>
          <ns3:TrackPointExtension>
            <ns3:hr>176</ns3:hr>
            <ns3:cad>96</ns3:cad>
          </ns3:TrackPointExtension>
        </extensions>
      </trkpt>
      <trkpt lat="41.25776345841586589813232421875" lon="115.14790498651564121246337890625">
        <ele>1650.199951171875</ele>
        <time>2026-06-13T04:00:13.000Z</time>
        <extensions>
          <ns3:TrackPointExtension>
            <ns3:hr>176</ns3:hr>
            <ns3:cad>96</ns3:cad>
          </ns3:TrackPointExtension>
        </extensions>
      </trkpt>
      <trkpt lat="41.25776521861553192138671875" lon="115.14794253744184970855712890625">
        <ele>1650.199951171875</ele>
        <time>2026-06-13T04:00:14.000Z</time>
        <extensions>
          <ns3:TrackPointExtension>
            <ns3:hr>176</ns3:hr>
            <ns3:cad>96</ns3:cad>
          </ns3:TrackPointExtension>
        </extensions>
      </trkpt>
      <trkpt lat="41.2577712535858154296875" lon="115.14798813499510288238525390625">
        <ele>1650.199951171875</ele>
        <time>2026-06-13T04:00:15.000Z</time>
        <extensions>
          <ns3:TrackPointExtension>
            <ns3:hr>176</ns3:hr>
            <ns3:cad>95</ns3:cad>
          </ns3:TrackPointExtension>
        </extensions>
      </trkpt>
      <trkpt lat="41.257770918309688568115234375" lon="115.148023925721645355224609375">
        <ele>1650</ele>
        <time>2026-06-13T04:00:16.000Z</time>
        <extensions>
          <ns3:TrackPointExtension>
            <ns3:hr>176</ns3:hr>
            <ns3:cad>96</ns3:cad>
          </ns3:TrackPointExtension>
        </extensions>
      </trkpt>
      <trkpt lat="41.257774941623210906982421875" lon="115.148064158856868743896484375">
        <ele>1650</ele>
        <time>2026-06-13T04:00:17.000Z</time>
        <extensions>
          <ns3:TrackPointExtension>
            <ns3:hr>176</ns3:hr>
            <ns3:cad>97</ns3:cad>
          </ns3:TrackPointExtension>
        </extensions>
      </trkpt>
      <trkpt lat="41.257778294384479522705078125" lon="115.148103050887584686279296875">
        <ele>1650</ele>
        <time>2026-06-13T04:00:18.000Z</time>
        <extensions>
          <ns3:TrackPointExtension>
            <ns3:hr>175</ns3:hr>
            <ns3:cad>97</ns3:cad>
          </ns3:TrackPointExtension>
        </extensions>
      </trkpt>
      <trkpt lat="41.2577806413173675537109375" lon="115.1481355726718902587890625">
        <ele>1649.800048828125</ele>
        <time>2026-06-13T04:00:19.000Z</time>
        <extensions>
          <ns3:TrackPointExtension>
            <ns3:hr>175</ns3:hr>
            <ns3:cad>97</ns3:cad>
          </ns3:TrackPointExtension>
        </extensions>
      </trkpt>
      <trkpt lat="41.25778801739215850830078125" lon="115.14817379415035247802734375">
        <ele>1649.5999755859375</ele>
        <time>2026-06-13T04:00:20.000Z</time>
        <extensions>
          <ns3:TrackPointExtension>
            <ns3:hr>175</ns3:hr>
            <ns3:cad>97</ns3:cad>
          </ns3:TrackPointExtension>
        </extensions>
      </trkpt>
      <trkpt lat="41.2577875144779682159423828125" lon="115.1482093334197998046875">
        <ele>1649.5999755859375</ele>
        <time>2026-06-13T04:00:21.000Z</time>
        <extensions>
          <ns3:TrackPointExtension>
            <ns3:hr>175</ns3:hr>
            <ns3:cad>97</ns3:cad>
          </ns3:TrackPointExtension>
        </extensions>
      </trkpt>
      <trkpt lat="41.2577868439257144927978515625" lon="115.148243866860866546630859375">
        <ele>1649.4000244140625</ele>
        <time>2026-06-13T04:00:22.000Z</time>
        <extensions>
          <ns3:TrackPointExtension>
            <ns3:hr>175</ns3:hr>
            <ns3:cad>99</ns3:cad>
          </ns3:TrackPointExtension>
        </extensions>
      </trkpt>
      <trkpt lat="41.2577965669333934783935546875" lon="115.1482876203954219818115234375">
        <ele>1649.4000244140625</ele>
        <time>2026-06-13T04:00:23.000Z</time>
        <extensions>
          <ns3:TrackPointExtension>
            <ns3:hr>175</ns3:hr>
            <ns3:cad>99</ns3:cad>
          </ns3:TrackPointExtension>
        </extensions>
      </trkpt>
      <trkpt lat="41.25779874622821807861328125" lon="115.14832844026386737823486328125">
        <ele>1649.5999755859375</ele>
        <time>2026-06-13T04:00:24.000Z</time>
        <extensions>
          <ns3:TrackPointExtension>
            <ns3:hr>174</ns3:hr>
            <ns3:cad>99</ns3:cad>
          </ns3:TrackPointExtension>
        </extensions>
      </trkpt>
      <trkpt lat="41.2578005902469158172607421875" lon="115.1483633928000926971435546875">
        <ele>1649.5999755859375</ele>
        <time>2026-06-13T04:00:25.000Z</time>
        <extensions>
          <ns3:TrackPointExtension>
            <ns3:hr>174</ns3:hr>
            <ns3:cad>99</ns3:cad>
          </ns3:TrackPointExtension>
        </extensions>
      </trkpt>
      <trkpt lat="41.25781106762588024139404296875" lon="115.1484056375920772552490234375">
        <ele>1649.5999755859375</ele>
        <time>2026-06-13T04:00:26.000Z</time>
        <extensions>
          <ns3:TrackPointExtension>
            <ns3:hr>174</ns3:hr>
            <ns3:cad>99</ns3:cad>
          </ns3:TrackPointExtension>
        </extensions>
      </trkpt>
      <trkpt lat="41.257810480892658233642578125" lon="115.148442350327968597412109375">
        <ele>1649.4000244140625</ele>
        <time>2026-06-13T04:00:27.000Z</time>
        <extensions>
          <ns3:TrackPointExtension>
            <ns3:hr>174</ns3:hr>
            <ns3:cad>100</ns3:cad>
          </ns3:TrackPointExtension>
        </extensions>
      </trkpt>
      <trkpt lat="41.2578096427023410797119140625" lon="115.1484793983399868011474609375">
        <ele>1649.199951171875</ele>
        <time>2026-06-13T04:00:28.000Z</time>
        <extensions>
          <ns3:TrackPointExtension>
            <ns3:hr>174</ns3:hr>
            <ns3:cad>100</ns3:cad>
          </ns3:TrackPointExtension>
        </extensions>
      </trkpt>
      <trkpt lat="41.2578101456165313720703125" lon="115.14853312633931636810302734375">
        <ele>1649</ele>
        <time>2026-06-13T04:00:29.000Z</time>
        <extensions>
          <ns3:TrackPointExtension>
            <ns3:hr>173</ns3:hr>
            <ns3:cad>100</ns3:cad>
          </ns3:TrackPointExtension>
        </extensions>
      </trkpt>
      <trkpt lat="41.2578049488365650177001953125" lon="115.1485719345510005950927734375">
        <ele>1648.800048828125</ele>
        <time>2026-06-13T04:00:30.000Z</time>
        <extensions>
          <ns3:TrackPointExtension>
            <ns3:hr>173</ns3:hr>
            <ns3:cad>100</ns3:cad>
          </ns3:TrackPointExtension>
        </extensions>
      </trkpt>
      <trkpt lat="41.257798410952091217041015625" lon="115.14861023984849452972412109375">
        <ele>1649</ele>
        <time>2026-06-13T04:00:31.000Z</time>
        <extensions>
          <ns3:TrackPointExtension>
            <ns3:hr>173</ns3:hr>
            <ns3:cad>100</ns3:cad>
          </ns3:TrackPointExtension>
        </extensions>
      </trkpt>
      <trkpt lat="41.25779338181018829345703125" lon="115.14866271056234836578369140625">
        <ele>1649</ele>
        <time>2026-06-13T04:00:32.000Z</time>
        <extensions>
          <ns3:TrackPointExtension>
            <ns3:hr>173</ns3:hr>
            <ns3:cad>100</ns3:cad>
          </ns3:TrackPointExtension>
        </extensions>
      </trkpt>
      <trkpt lat="41.25777997076511383056640625" lon="115.14870763756334781646728515625">
        <ele>1648.800048828125</ele>
        <time>2026-06-13T04:00:33.000Z</time>
        <extensions>
          <ns3:TrackPointExtension>
            <ns3:hr>173</ns3:hr>
            <ns3:cad>100</ns3:cad>
          </ns3:TrackPointExtension>
        </extensions>
      </trkpt>
      <trkpt lat="41.25776848755776882171630859375" lon="115.1487412489950656890869140625">
        <ele>1648.800048828125</ele>
        <time>2026-06-13T04:00:34.000Z</time>
        <extensions>
          <ns3:TrackPointExtension>
            <ns3:hr>173</ns3:hr>
            <ns3:cad>100</ns3:cad>
          </ns3:TrackPointExtension>
        </extensions>
      </trkpt>
      <trkpt lat="41.2577549926936626434326171875" lon="115.14878458343446254730224609375">
        <ele>1648.800048828125</ele>
        <time>2026-06-13T04:00:35.000Z</time>
        <extensions>
          <ns3:TrackPointExtension>
            <ns3:hr>174</ns3:hr>
            <ns3:cad>100</ns3:cad>
          </ns3:TrackPointExtension>
        </extensions>
      </trkpt>
      <trkpt lat="41.2577345408499240875244140625" lon="115.14883093535900115966796875">
        <ele>1648.5999755859375</ele>
        <time>2026-06-13T04:00:36.000Z</time>
        <extensions>
          <ns3:TrackPointExtension>
            <ns3:hr>173</ns3:hr>
            <ns3:cad>101</ns3:cad>
          </ns3:TrackPointExtension>
        </extensions>
      </trkpt>
      <trkpt lat="41.2577140890061855316162109375" lon="115.1488639600574970245361328125">
        <ele>1648.4000244140625</ele>
        <time>2026-06-13T04:00:37.000Z</time>
        <extensions>
          <ns3:TrackPointExtension>
            <ns3:hr>173</ns3:hr>
            <ns3:cad>101</ns3:cad>
          </ns3:TrackPointExtension>
        </extensions>
      </trkpt>
      <trkpt lat="41.2576894462108612060546875" lon="115.1488944701850414276123046875">
        <ele>1648.199951171875</ele>
        <time>2026-06-13T04:00:38.000Z</time>
        <extensions>
          <ns3:TrackPointExtension>
            <ns3:hr>173</ns3:hr>
            <ns3:cad>101</ns3:cad>
          </ns3:TrackPointExtension>
        </extensions>
      </trkpt>
      <trkpt lat="41.25766195356845855712890625" lon="115.1489367149770259857177734375">
        <ele>1648</ele>
        <time>2026-06-13T04:00:39.000Z</time>
        <extensions>
          <ns3:TrackPointExtension>
            <ns3:hr>174</ns3:hr>
            <ns3:cad>101</ns3:cad>
          </ns3:TrackPointExtension>
        </extensions>
      </trkpt>
      <trkpt lat="41.25763270072638988494873046875" lon="115.14897032640874385833740234375">
        <ele>1647.800048828125</ele>
        <time>2026-06-13T04:00:40.000Z</time>
        <extensions>
          <ns3:TrackPointExtension>
            <ns3:hr>173</ns3:hr>
            <ns3:cad>101</ns3:cad>
          </ns3:TrackPointExtension>
        </extensions>
      </trkpt>
      <trkpt lat="41.2576061300933361053466796875" lon="115.148994214832782745361328125">
        <ele>1647.800048828125</ele>
        <time>2026-06-13T04:00:41.000Z</time>
        <extensions>
          <ns3:TrackPointExtension>
            <ns3:hr>173</ns3:hr>
            <ns3:cad>102</ns3:cad>
          </ns3:TrackPointExtension>
        </extensions>
      </trkpt>
      <trkpt lat="41.25757209956645965576171875" lon="115.149026401340961456298828125">
        <ele>1647.5999755859375</ele>
        <time>2026-06-13T04:00:42.000Z</time>
        <extensions>
          <ns3:TrackPointExtension>
            <ns3:hr>174</ns3:hr>
            <ns3:cad>102</ns3:cad>
          </ns3:TrackPointExtension>
        </extensions>
      </trkpt>
      <trkpt lat="41.25753915868699550628662109375" lon="115.14905883930623531341552734375">
        <ele>1647.800048828125</ele>
        <time>2026-06-13T04:00:43.000Z</time>
        <extensions>
          <ns3:TrackPointExtension>
            <ns3:hr>174</ns3:hr>
            <ns3:cad>96</ns3:cad>
          </ns3:TrackPointExtension>
        </extensions>
      </trkpt>
      <trkpt lat="41.2575045414268970489501953125" lon="115.14907292090356349945068359375">
        <ele>1647.800048828125</ele>
        <time>2026-06-13T04:00:44.000Z</time>
        <extensions>
          <ns3:TrackPointExtension>
            <ns3:hr>174</ns3:hr>
            <ns3:cad>96</ns3:cad>
          </ns3:TrackPointExtension>
        </extensions>
      </trkpt>
      <trkpt lat="41.257473863661289215087890625" lon="115.14908247627317905426025390625">
        <ele>1647.4000244140625</ele>
        <time>2026-06-13T04:00:45.000Z</time>
        <extensions>
          <ns3:TrackPointExtension>
            <ns3:hr>174</ns3:hr>
            <ns3:cad>96</ns3:cad>
          </ns3:TrackPointExtension>
        </extensions>
      </trkpt>
      <trkpt lat="41.257437653839588165283203125" lon="115.149099826812744140625">
        <ele>1647</ele>
        <time>2026-06-13T04:00:46.000Z</time>
        <extensions>
          <ns3:TrackPointExtension>
            <ns3:hr>173</ns3:hr>
            <ns3:cad>96</ns3:cad>
          </ns3:TrackPointExtension>
        </extensions>
      </trkpt>
      <trkpt lat="41.25739574432373046875" lon="115.14911550097167491912841796875">
        <ele>1645.4000244140625</ele>
        <time>2026-06-13T04:00:47.000Z</time>
        <extensions>
          <ns3:TrackPointExtension>
            <ns3:hr>174</ns3:hr>
            <ns3:cad>103</ns3:cad>
          </ns3:TrackPointExtension>
        </extensions>
      </trkpt>
      <trkpt lat="41.2573670782148838043212890625" lon="115.14911524951457977294921875">
        <ele>1645.199951171875</ele>
        <time>2026-06-13T04:00:48.000Z</time>
        <extensions>
          <ns3:TrackPointExtension>
            <ns3:hr>174</ns3:hr>
            <ns3:cad>103</ns3:cad>
          </ns3:TrackPointExtension>
        </extensions>
      </trkpt>
      <trkpt lat="41.25733430497348308563232421875" lon="115.14912103302776813507080078125">
        <ele>1644.4000244140625</ele>
        <time>2026-06-13T04:00:49.000Z</time>
        <extensions>
          <ns3:TrackPointExtension>
            <ns3:hr>174</ns3:hr>
            <ns3:cad>103</ns3:cad>
          </ns3:TrackPointExtension>
        </extensions>
      </trkpt>
      <trkpt lat="41.257294155657291412353515625" lon="115.14912975020706653594970703125">
        <ele>1644.4000244140625</ele>
        <time>2026-06-13T04:00:50.000Z</time>
        <extensions>
          <ns3:TrackPointExtension>
            <ns3:hr>173</ns3:hr>
            <ns3:cad>104</ns3:cad>
          </ns3:TrackPointExtension>
        </extensions>
      </trkpt>
      <trkpt lat="41.2572554312646389007568359375" lon="115.14913670718669891357421875">
        <ele>1644.4000244140625</ele>
        <time>2026-06-13T04:00:51.000Z</time>
        <extensions>
          <ns3:TrackPointExtension>
            <ns3:hr>174</ns3:hr>
            <ns3:cad>104</ns3:cad>
          </ns3:TrackPointExtension>
        </extensions>
      </trkpt>
      <trkpt lat="41.25722181983292102813720703125" lon="115.1491331867873668670654296875">
        <ele>1644.199951171875</ele>
        <time>2026-06-13T04:00:52.000Z</time>
        <extensions>
          <ns3:TrackPointExtension>
            <ns3:hr>173</ns3:hr>
            <ns3:cad>103</ns3:cad>
          </ns3:TrackPointExtension>
        </extensions>
      </trkpt>
      <trkpt lat="41.25718854367733001708984375" lon="115.14913343824446201324462890625">
        <ele>1643.800048828125</ele>
        <time>2026-06-13T04:00:53.000Z</time>
        <extensions>
          <ns3:TrackPointExtension>
            <ns3:hr>173</ns3:hr>
            <ns3:cad>103</ns3:cad>
          </ns3:TrackPointExtension>
        </extensions>
      </trkpt>
      <trkpt lat="41.25714235939085483551025390625" lon="115.1491422392427921295166015625">
        <ele>1643.800048828125</ele>
        <time>2026-06-13T04:00:54.000Z</time>
        <extensions>
          <ns3:TrackPointExtension>
            <ns3:hr>173</ns3:hr>
            <ns3:cad>103</ns3:cad>
          </ns3:TrackPointExtension>
        </extensions>
      </trkpt>
      <trkpt lat="41.2571048922836780548095703125" lon="115.14914768747985363006591796875">
        <ele>1643.800048828125</ele>
        <time>2026-06-13T04:00:55.000Z</time>
        <extensions>
          <ns3:TrackPointExtension>
            <ns3:hr>174</ns3:hr>
            <ns3:cad>103</ns3:cad>
          </ns3:TrackPointExtension>
        </extensions>
      </trkpt>
      <trkpt lat="41.25706926919519901275634765625" lon="115.149145759642124176025390625">
        <ele>1643.800048828125</ele>
        <time>2026-06-13T04:00:56.000Z</time>
        <extensions>
          <ns3:TrackPointExtension>
            <ns3:hr>173</ns3:hr>
            <ns3:cad>103</ns3:cad>
          </ns3:TrackPointExtension>
        </extensions>
      </trkpt>
      <trkpt lat="41.2570334784686565399169921875" lon="115.14915238134562969207763671875">
        <ele>1643.5999755859375</ele>
        <time>2026-06-13T04:00:57.000Z</time>
        <extensions>
          <ns3:TrackPointExtension>
            <ns3:hr>173</ns3:hr>
            <ns3:cad>103</ns3:cad>
          </ns3:TrackPointExtension>
        </extensions>
      </trkpt>
      <trkpt lat="41.25699366442859172821044921875" lon="115.14916311018168926239013671875">
        <ele>1643.4000244140625</ele>
        <time>2026-06-13T04:00:58.000Z</time>
        <extensions>
          <ns3:TrackPointExtension>
            <ns3:hr>174</ns3:hr>
            <ns3:cad>103</ns3:cad>
          </ns3:TrackPointExtension>
        </extensions>
      </trkpt>
      <trkpt lat="41.25696097500622272491455078125" lon="115.14916277490556240081787109375">
        <ele>1643</ele>
        <time>2026-06-13T04:00:59.000Z</time>
        <extensions>
          <ns3:TrackPointExtension>
            <ns3:hr>174</ns3:hr>
            <ns3:cad>104</ns3:cad>
          </ns3:TrackPointExtension>
        </extensions>
      </trkpt>
      <trkpt lat="41.25693113543093204498291015625" lon="115.1491596736013889312744140625">
        <ele>1642.199951171875</ele>
        <time>2026-06-13T04:01:00.000Z</time>
        <extensions>
          <ns3:TrackPointExtension>
            <ns3:hr>174</ns3:hr>
            <ns3:cad>104</ns3:cad>
          </ns3:TrackPointExtension>
        </extensions>
      </trkpt>
      <trkpt lat="41.2568963505327701568603515625" lon="115.14916528947651386260986328125">
        <ele>1641.800048828125</ele>
        <time>2026-06-13T04:01:01.000Z</time>
        <extensions>
          <ns3:TrackPointExtension>
            <ns3:hr>174</ns3:hr>
            <ns3:cad>104</ns3:cad>
          </ns3:TrackPointExtension>
        </extensions>
      </trkpt>
      <trkpt lat="41.2568591348826885223388671875" lon="115.149169228971004486083984375">
        <ele>1640.800048828125</ele>
        <time>2026-06-13T04:01:02.000Z</time>
        <extensions>
          <ns3:TrackPointExtension>
            <ns3:hr>173</ns3:hr>
            <ns3:cad>103</ns3:cad>
          </ns3:TrackPointExtension>
        </extensions>
      </trkpt>
      <trkpt lat="41.25683172605931758880615234375" lon="115.1491655409336090087890625">
        <ele>1640.5999755859375</ele>
        <time>2026-06-13T04:01:03.000Z</time>
        <extensions>
          <ns3:TrackPointExtension>
            <ns3:hr>174</ns3:hr>
            <ns3:cad>103</ns3:cad>
          </ns3:TrackPointExtension>
        </extensions>
      </trkpt>
      <trkpt lat="41.25680373050272464752197265625" lon="115.14917132444679737091064453125">
        <ele>1640.199951171875</ele>
        <time>2026-06-13T04:01:04.000Z</time>
        <extensions>
          <ns3:TrackPointExtension>
            <ns3:hr>173</ns3:hr>
            <ns3:cad>96</ns3:cad>
          </ns3:TrackPointExtension>
        </extensions>
      </trkpt>
      <trkpt lat="41.25676299445331096649169921875" lon="115.1491824723780155181884765625">
        <ele>1640.199951171875</ele>
        <time>2026-06-13T04:01:05.000Z</time>
        <extensions>
          <ns3:TrackPointExtension>
            <ns3:hr>173</ns3:hr>
            <ns3:cad>96</ns3:cad>
          </ns3:TrackPointExtension>
        </extensions>
      </trkpt>
      <trkpt lat="41.25672812573611736297607421875" lon="115.149184651672840118408203125">
        <ele>1640.199951171875</ele>
        <time>2026-06-13T04:01:06.000Z</time>
        <extensions>
          <ns3:TrackPointExtension>
            <ns3:hr>173</ns3:hr>
            <ns3:cad>96</ns3:cad>
          </ns3:TrackPointExtension>
        </extensions>
      </trkpt>
      <trkpt lat="41.25669979490339756011962890625" lon="115.14918364584445953369140625">
        <ele>1640.199951171875</ele>
        <time>2026-06-13T04:01:07.000Z</time>
        <extensions>
          <ns3:TrackPointExtension>
            <ns3:hr>174</ns3:hr>
            <ns3:cad>96</ns3:cad>
          </ns3:TrackPointExtension>
        </extensions>
      </trkpt>
      <trkpt lat="41.25666358508169651031494140625" lon="115.1491923630237579345703125">
        <ele>1640.199951171875</ele>
        <time>2026-06-13T04:01:08.000Z</time>
        <extensions>
          <ns3:TrackPointExtension>
            <ns3:hr>173</ns3:hr>
            <ns3:cad>102</ns3:cad>
          </ns3:TrackPointExtension>
        </extensions>
      </trkpt>
      <trkpt lat="41.2566194124519824981689453125" lon="115.14919864945113658905029296875">
        <ele>1640</ele>
        <time>2026-06-13T04:01:09.000Z</time>
        <extensions>
          <ns3:TrackPointExtension>
            <ns3:hr>173</ns3:hr>
            <ns3:cad>102</ns3:cad>
          </ns3:TrackPointExtension>
        </extensions>
      </trkpt>
      <trkpt lat="41.25658680684864521026611328125" lon="115.14919328503310680389404296875">
        <ele>1640</ele>
        <time>2026-06-13T04:01:10.000Z</time>
        <extensions>
          <ns3:TrackPointExtension>
            <ns3:hr>174</ns3:hr>
            <ns3:cad>102</ns3:cad>
          </ns3:TrackPointExtension>
        </extensions>
      </trkpt>
      <trkpt lat="41.256546489894390106201171875" lon="115.149199403822422027587890625">
        <ele>1639.800048828125</ele>
        <time>2026-06-13T04:01:11.000Z</time>
        <extensions>
          <ns3:TrackPointExtension>
            <ns3:hr>173</ns3:hr>
            <ns3:cad>102</ns3:cad>
          </ns3:TrackPointExtension>
        </extensions>
      </trkpt>
      <trkpt lat="41.25650617294013500213623046875" lon="115.1492025889456272125244140625">
        <ele>1639.199951171875</ele>
        <time>2026-06-13T04:01:12.000Z</time>
        <extensions>
          <ns3:TrackPointExtension>
            <ns3:hr>173</ns3:hr>
            <ns3:cad>102</ns3:cad>
          </ns3:TrackPointExtension>
        </extensions>
      </trkpt>
      <trkpt lat="41.25647415407001972198486328125" lon="115.14919982291758060455322265625">
        <ele>1638.5999755859375</ele>
        <time>2026-06-13T04:01:13.000Z</time>
        <extensions>
          <ns3:TrackPointExtension>
            <ns3:hr>174</ns3:hr>
            <ns3:cad>102</ns3:cad>
          </ns3:TrackPointExtension>
        </extensions>
      </trkpt>
      <trkpt lat="41.256438195705413818359375" lon="115.14920149929821491241455078125">
        <ele>1637.800048828125</ele>
        <time>2026-06-13T04:01:14.000Z</time>
        <extensions>
          <ns3:TrackPointExtension>
            <ns3:hr>174</ns3:hr>
            <ns3:cad>102</ns3:cad>
          </ns3:TrackPointExtension>
        </extensions>
      </trkpt>
      <trkpt lat="41.25639989040791988372802734375" lon="115.14920569024980068206787109375">
        <ele>1637.199951171875</ele>
        <time>2026-06-13T04:01:15.000Z</time>
        <extensions>
          <ns3:TrackPointExtension>
            <ns3:hr>174</ns3:hr>
            <ns3:cad>101</ns3:cad>
          </ns3:TrackPointExtension>
        </extensions>
      </trkpt>
      <trkpt lat="41.2563578970730304718017578125" lon="115.1492103002965450286865234375">
        <ele>1636.5999755859375</ele>
        <time>2026-06-13T04:01:16.000Z</time>
        <extensions>
          <ns3:TrackPointExtension>
            <ns3:hr>173</ns3:hr>
            <ns3:cad>101</ns3:cad>
          </ns3:TrackPointExtension>
        </extensions>
      </trkpt>
      <trkpt lat="41.2563213519752025604248046875" lon="115.149217508733272552490234375">
        <ele>1636.199951171875</ele>
        <time>2026-06-13T04:01:17.000Z</time>
        <extensions>
          <ns3:TrackPointExtension>
            <ns3:hr>173</ns3:hr>
            <ns3:cad>101</ns3:cad>
          </ns3:TrackPointExtension>
        </extensions>
      </trkpt>
      <trkpt lat="41.25628137029707431793212890625" lon="115.149231255054473876953125">
        <ele>1636</ele>
        <time>2026-06-13T04:01:18.000Z</time>
        <extensions>
          <ns3:TrackPointExtension>
            <ns3:hr>173</ns3:hr>
            <ns3:cad>101</ns3:cad>
          </ns3:TrackPointExtension>
        </extensions>
      </trkpt>
      <trkpt lat="41.25623661093413829803466796875" lon="115.14923871494829654693603515625">
        <ele>1635</ele>
        <time>2026-06-13T04:01:19.000Z</time>
        <extensions>
          <ns3:TrackPointExtension>
            <ns3:hr>173</ns3:hr>
            <ns3:cad>101</ns3:cad>
          </ns3:TrackPointExtension>
        </extensions>
      </trkpt>
      <trkpt lat="41.25620543025434017181396484375" lon="115.14923737384378910064697265625">
        <ele>1634.4000244140625</ele>
        <time>2026-06-13T04:01:20.000Z</time>
        <extensions>
          <ns3:TrackPointExtension>
            <ns3:hr>173</ns3:hr>
            <ns3:cad>101</ns3:cad>
          </ns3:TrackPointExtension>
        </extensions>
      </trkpt>
      <trkpt lat="41.25616620294749736785888671875" lon="115.149241983890533447265625">
        <ele>1633.800048828125</ele>
        <time>2026-06-13T04:01:21.000Z</time>
        <extensions>
          <ns3:TrackPointExtension>
            <ns3:hr>173</ns3:hr>
            <ns3:cad>101</ns3:cad>
          </ns3:TrackPointExtension>
        </extensions>
      </trkpt>
      <trkpt lat="41.25612907111644744873046875" lon="115.14924139715731143951416015625">
        <ele>1633.199951171875</ele>
        <time>2026-06-13T04:01:22.000Z</time>
        <extensions>
          <ns3:TrackPointExtension>
            <ns3:hr>173</ns3:hr>
            <ns3:cad>101</ns3:cad>
          </ns3:TrackPointExtension>
        </extensions>
      </trkpt>
      <trkpt lat="41.25609478913247585296630859375" lon="115.14922790229320526123046875">
        <ele>1632.4000244140625</ele>
        <time>2026-06-13T04:01:23.000Z</time>
        <extensions>
          <ns3:TrackPointExtension>
            <ns3:hr>173</ns3:hr>
            <ns3:cad>101</ns3:cad>
          </ns3:TrackPointExtension>
        </extensions>
      </trkpt>
      <trkpt lat="41.25606578774750232696533203125" lon="115.14921675436198711395263671875">
        <ele>1631.800048828125</ele>
        <time>2026-06-13T04:01:24.000Z</time>
        <extensions>
          <ns3:TrackPointExtension>
            <ns3:hr>173</ns3:hr>
            <ns3:cad>101</ns3:cad>
          </ns3:TrackPointExtension>
        </extensions>
      </trkpt>
      <trkpt lat="41.25602941028773784637451171875" lon="115.14921524561941623687744140625">
        <ele>1631.4000244140625</ele>
        <time>2026-06-13T04:01:25.000Z</time>
        <extensions>
          <ns3:TrackPointExtension>
            <ns3:hr>173</ns3:hr>
            <ns3:cad>95</ns3:cad>
          </ns3:TrackPointExtension>
        </extensions>
      </trkpt>
      <trkpt lat="41.25598096288740634918212890625" lon="115.149210132658481597900390625">
        <ele>1629</ele>
        <time>2026-06-13T04:01:26.000Z</time>
        <extensions>
          <ns3:TrackPointExtension>
            <ns3:hr>173</ns3:hr>
            <ns3:cad>95</ns3:cad>
          </ns3:TrackPointExtension>
        </extensions>
      </trkpt>
      <trkpt lat="41.25594626180827617645263671875" lon="115.14919932000339031219482421875">
        <ele>1628.800048828125</ele>
        <time>2026-06-13T04:01:27.000Z</time>
        <extensions>
          <ns3:TrackPointExtension>
            <ns3:hr>174</ns3:hr>
            <ns3:cad>95</ns3:cad>
          </ns3:TrackPointExtension>
        </extensions>
      </trkpt>
      <trkpt lat="41.25591692514717578887939453125" lon="115.1491932012140750885009765625">
        <ele>1628</ele>
        <time>2026-06-13T04:01:28.000Z</time>
        <extensions>
          <ns3:TrackPointExtension>
            <ns3:hr>173</ns3:hr>
            <ns3:cad>102</ns3:cad>
          </ns3:TrackPointExtension>
        </extensions>
      </trkpt>
      <trkpt lat="41.25587761402130126953125" lon="115.149187333881855010986328125">
        <ele>1627.800048828125</ele>
        <time>2026-06-13T04:01:29.000Z</time>
        <extensions>
          <ns3:TrackPointExtension>
            <ns3:hr>173</ns3:hr>
            <ns3:cad>102</ns3:cad>
          </ns3:TrackPointExtension>
        </extensions>
      </trkpt>
      <trkpt lat="41.2558305077254772186279296875" lon="115.14917828142642974853515625">
        <ele>1627.4000244140625</ele>
        <time>2026-06-13T04:01:30.000Z</time>
        <extensions>
          <ns3:TrackPointExtension>
            <ns3:hr>173</ns3:hr>
            <ns3:cad>102</ns3:cad>
          </ns3:TrackPointExtension>
        </extensions>
      </trkpt>
      <trkpt lat="41.2557989917695522308349609375" lon="115.149169228971004486083984375">
        <ele>1627</ele>
        <time>2026-06-13T04:01:31.000Z</time>
        <extensions>
          <ns3:TrackPointExtension>
            <ns3:hr>173</ns3:hr>
            <ns3:cad>102</ns3:cad>
          </ns3:TrackPointExtension>
        </extensions>
      </trkpt>
      <trkpt lat="41.255756579339504241943359375" lon="115.149166546761989593505859375">
        <ele>1626.5999755859375</ele>
        <time>2026-06-13T04:01:32.000Z</time>
        <extensions>
          <ns3:TrackPointExtension>
            <ns3:hr>173</ns3:hr>
            <ns3:cad>102</ns3:cad>
          </ns3:TrackPointExtension>
        </extensions>
      </trkpt>
      <trkpt lat="41.2557126581668853759765625" lon="115.14916042797267436981201171875">
        <ele>1626.4000244140625</ele>
        <time>2026-06-13T04:01:33.000Z</time>
        <extensions>
          <ns3:TrackPointExtension>
            <ns3:hr>173</ns3:hr>
            <ns3:cad>102</ns3:cad>
          </ns3:TrackPointExtension>
        </extensions>
      </trkpt>
      <trkpt lat="41.25567032955586910247802734375" lon="115.1491499505937099456787109375">
        <ele>1626.199951171875</ele>
        <time>2026-06-13T04:01:34.000Z</time>
        <extensions>
          <ns3:TrackPointExtension>
            <ns3:hr>173</ns3:hr>
            <ns3:cad>102</ns3:cad>
          </ns3:TrackPointExtension>
        </extensions>
      </trkpt>
      <trkpt lat="41.25563663430511951446533203125" lon="115.14913796447217464447021484375">
        <ele>1626.199951171875</ele>
        <time>2026-06-13T04:01:35.000Z</time>
        <extensions>
          <ns3:TrackPointExtension>
            <ns3:hr>173</ns3:hr>
            <ns3:cad>102</ns3:cad>
          </ns3:TrackPointExtension>
        </extensions>
      </trkpt>
      <trkpt lat="41.25559690408408641815185546875" lon="115.1491301693022251129150390625">
        <ele>1626</ele>
        <time>2026-06-13T04:01:36.000Z</time>
        <extensions>
          <ns3:TrackPointExtension>
            <ns3:hr>173</ns3:hr>
            <ns3:cad>102</ns3:cad>
          </ns3:TrackPointExtension>
        </extensions>
      </trkpt>
      <trkpt lat="41.25554837286472320556640625" lon="115.1491234637796878814697265625">
        <ele>1625.5999755859375</ele>
        <time>2026-06-13T04:01:37.000Z</time>
        <extensions>
          <ns3:TrackPointExtension>
            <ns3:hr>173</ns3:hr>
            <ns3:cad>102</ns3:cad>
          </ns3:TrackPointExtension>
        </extensions>
      </trkpt>
      <trkpt lat="41.25551040284335613250732421875" lon="115.14910728670656681060791015625">
        <ele>1625.199951171875</ele>
        <time>2026-06-13T04:01:38.000Z</time>
        <extensions>
          <ns3:TrackPointExtension>
            <ns3:hr>173</ns3:hr>
            <ns3:cad>104</ns3:cad>
          </ns3:TrackPointExtension>
        </extensions>
      </trkpt>
      <trkpt lat="41.2554747797548770904541015625" lon="115.14909471385180950164794921875">
        <ele>1624.5999755859375</ele>
        <time>2026-06-13T04:01:39.000Z</time>
        <extensions>
          <ns3:TrackPointExtension>
            <ns3:hr>173</ns3:hr>
            <ns3:cad>104</ns3:cad>
          </ns3:TrackPointExtension>
        </extensions>
      </trkpt>
      <trkpt lat="41.25543379224836826324462890625" lon="115.14908884651958942413330078125">
        <ele>1624.4000244140625</ele>
        <time>2026-06-13T04:01:40.000Z</time>
        <extensions>
          <ns3:TrackPointExtension>
            <ns3:hr>174</ns3:hr>
            <ns3:cad>104</ns3:cad>
          </ns3:TrackPointExtension>
        </extensions>
      </trkpt>
      <trkpt lat="41.25539355911314487457275390625" lon="115.14909354038536548614501953125">
        <ele>1624.199951171875</ele>
        <time>2026-06-13T04:01:41.000Z</time>
        <extensions>
          <ns3:TrackPointExtension>
            <ns3:hr>174</ns3:hr>
            <ns3:cad>105</ns3:cad>
          </ns3:TrackPointExtension>
        </extensions>
      </trkpt>
      <trkpt lat="41.25535525381565093994140625" lon="115.149086080491542816162109375">
        <ele>1624</ele>
        <time>2026-06-13T04:01:42.000Z</time>
        <extensions>
          <ns3:TrackPointExtension>
            <ns3:hr>174</ns3:hr>
            <ns3:cad>105</ns3:cad>
          </ns3:TrackPointExtension>
        </extensions>
      </trkpt>
      <trkpt lat="41.2553225643932819366455078125" lon="115.14907476492226123809814453125">
        <ele>1624</ele>
        <time>2026-06-13T04:01:43.000Z</time>
        <extensions>
          <ns3:TrackPointExtension>
            <ns3:hr>174</ns3:hr>
            <ns3:cad>104</ns3:cad>
          </ns3:TrackPointExtension>
        </extensions>
      </trkpt>
      <trkpt lat="41.2552846781909465789794921875" lon="115.14907141216099262237548828125">
        <ele>1624</ele>
        <time>2026-06-13T04:01:44.000Z</time>
        <extensions>
          <ns3:TrackPointExtension>
            <ns3:hr>174</ns3:hr>
            <ns3:cad>104</ns3:cad>
          </ns3:TrackPointExtension>
        </extensions>
      </trkpt>
      <trkpt lat="41.25524804927408695220947265625" lon="115.14906068332493305206298828125">
        <ele>1623.800048828125</ele>
        <time>2026-06-13T04:01:45.000Z</time>
        <extensions>
          <ns3:TrackPointExtension>
            <ns3:hr>174</ns3:hr>
            <ns3:cad>104</ns3:cad>
          </ns3:TrackPointExtension>
        </extensions>
      </trkpt>
      <trkpt lat="41.25521033070981502532958984375" lon="115.14904878102242946624755859375">
        <ele>1623.800048828125</ele>
        <time>2026-06-13T04:01:46.000Z</time>
        <extensions>
          <ns3:TrackPointExtension>
            <ns3:hr>174</ns3:hr>
            <ns3:cad>104</ns3:cad>
          </ns3:TrackPointExtension>
        </extensions>
      </trkpt>
      <trkpt lat="41.2551760487258434295654296875" lon="115.14903872273862361907958984375">
        <ele>1623.5999755859375</ele>
        <time>2026-06-13T04:01:47.000Z</time>
        <extensions>
          <ns3:TrackPointExtension>
            <ns3:hr>174</ns3:hr>
            <ns3:cad>104</ns3:cad>
          </ns3:TrackPointExtension>
        </extensions>
      </trkpt>
      <trkpt lat="41.2551344744861125946044921875" lon="115.14902112074196338653564453125">
        <ele>1623.5999755859375</ele>
        <time>2026-06-13T04:01:48.000Z</time>
        <extensions>
          <ns3:TrackPointExtension>
            <ns3:hr>174</ns3:hr>
            <ns3:cad>104</ns3:cad>
          </ns3:TrackPointExtension>
        </extensions>
      </trkpt>
      <trkpt lat="41.2550949119031429290771484375" lon="115.149001590907573699951171875">
        <ele>1623.199951171875</ele>
        <time>2026-06-13T04:01:49.000Z</time>
        <extensions>
          <ns3:TrackPointExtension>
            <ns3:hr>174</ns3:hr>
            <ns3:cad>104</ns3:cad>
          </ns3:TrackPointExtension>
        </extensions>
      </trkpt>
      <trkpt lat="41.255059204995632171630859375" lon="115.14898105524480342864990234375">
        <ele>1623.199951171875</ele>
        <time>2026-06-13T04:01:50.000Z</time>
        <extensions>
          <ns3:TrackPointExtension>
            <ns3:hr>174</ns3:hr>
            <ns3:cad>104</ns3:cad>
          </ns3:TrackPointExtension>
        </extensions>
      </trkpt>
      <trkpt lat="41.25501503236591815948486328125" lon="115.1489635370671749114990234375">
        <ele>1623.199951171875</ele>
        <time>2026-06-13T04:01:51.000Z</time>
        <extensions>
          <ns3:TrackPointExtension>
            <ns3:hr>174</ns3:hr>
            <ns3:cad>104</ns3:cad>
          </ns3:TrackPointExtension>
        </extensions>
      </trkpt>
      <trkpt lat="41.25497681088745594024658203125" lon="115.1489393971860408782958984375">
        <ele>1623.4000244140625</ele>
        <time>2026-06-13T04:01:52.000Z</time>
        <extensions>
          <ns3:TrackPointExtension>
            <ns3:hr>174</ns3:hr>
            <ns3:cad>104</ns3:cad>
          </ns3:TrackPointExtension>
        </extensions>
      </trkpt>
      <trkpt lat="41.2549564428627490997314453125" lon="115.14892322011291980743408203125">
        <ele>1623.5999755859375</ele>
        <time>2026-06-13T04:01:53.000Z</time>
        <extensions>
          <ns3:TrackPointExtension>
            <ns3:hr>174</ns3:hr>
            <ns3:cad>104</ns3:cad>
          </ns3:TrackPointExtension>
        </extensions>
      </trkpt>
      <trkpt lat="41.2549312971532344818115234375" lon="115.1489125750958919525146484375">
        <ele>1623.800048828125</ele>
        <time>2026-06-13T04:01:54.000Z</time>
        <extensions>
          <ns3:TrackPointExtension>
            <ns3:hr>175</ns3:hr>
            <ns3:cad>104</ns3:cad>
          </ns3:TrackPointExtension>
        </extensions>
      </trkpt>
      <trkpt lat="41.25491998158395290374755859375" lon="115.14891433529555797576904296875">
        <ele>1623.800048828125</ele>
        <time>2026-06-13T04:01:55.000Z</time>
        <extensions>
          <ns3:TrackPointExtension>
            <ns3:hr>174</ns3:hr>
            <ns3:cad>98</ns3:cad>
          </ns3:TrackPointExtension>
        </extensions>
      </trkpt>
      <trkpt lat="41.254921741783618927001953125" lon="115.14892439357936382293701171875">
        <ele>1623.5999755859375</ele>
        <time>2026-06-13T04:01:56.000Z</time>
        <extensions>
          <ns3:TrackPointExtension>
            <ns3:hr>175</ns3:hr>
            <ns3:cad>98</ns3:cad>
          </ns3:TrackPointExtension>
        </extensions>
      </trkpt>
      <trkpt lat="41.2549219094216823577880859375" lon="115.1489290036261081695556640625">
        <ele>1623.4000244140625</ele>
        <time>2026-06-13T04:01:57.000Z</time>
        <extensions>
          <ns3:TrackPointExtension>
            <ns3:hr>175</ns3:hr>
            <ns3:cad>100</ns3:cad>
          </ns3:TrackPointExtension>
        </extensions>
      </trkpt>
      <trkpt lat="41.25492232851684093475341796875" lon="115.1489296741783618927001953125">
        <ele>1623.199951171875</ele>
        <time>2026-06-13T04:01:58.000Z</time>
        <extensions>
          <ns3:TrackPointExtension>
            <ns3:hr>175</ns3:hr>
            <ns3:cad>48</ns3:cad>
          </ns3:TrackPointExtension>
        </extensions>
      </trkpt>
      <trkpt lat="41.2549215741455554962158203125" lon="115.14893244020640850067138671875">
        <ele>1623.199951171875</ele>
        <time>2026-06-13T04:01:59.000Z</time>
        <extensions>
          <ns3:TrackPointExtension>
            <ns3:hr>174</ns3:hr>
            <ns3:cad>48</ns3:cad>
          </ns3:TrackPointExtension>
        </extensions>
      </trkpt>
      <trkpt lat="41.254919059574604034423828125" lon="115.14893260784447193145751953125">
        <ele>1623.199951171875</ele>
        <time>2026-06-13T04:02:00.000Z</time>
        <extensions>
          <ns3:TrackPointExtension>
            <ns3:hr>173</ns3:hr>
            <ns3:cad>48</ns3:cad>
          </ns3:TrackPointExtension>
        </extensions>
      </trkpt>
      <trkpt lat="41.2549178861081600189208984375" lon="115.148933865129947662353515625">
        <ele>1623.199951171875</ele>
        <time>2026-06-13T04:02:01.000Z</time>
        <extensions>
          <ns3:TrackPointExtension>
            <ns3:hr>172</ns3:hr>
            <ns3:cad>0</ns3:cad>
          </ns3:TrackPointExtension>
        </extensions>
      </trkpt>
      <trkpt lat="41.254915706813335418701171875" lon="115.14893176965415477752685546875">
        <ele>1623.4000244140625</ele>
        <time>2026-06-13T04:02:02.000Z</time>
        <extensions>
          <ns3:TrackPointExtension>
            <ns3:hr>172</ns3:hr>
            <ns3:cad>0</ns3:cad>
          </ns3:TrackPointExtension>
        </extensions>
      </trkpt>
      <trkpt lat="41.25491528771817684173583984375" lon="115.14893160201609134674072265625">
        <ele>1623.5999755859375</ele>
        <time>2026-06-13T04:02:03.000Z</time>
        <extensions>
          <ns3:TrackPointExtension>
            <ns3:hr>171</ns3:hr>
            <ns3:cad>0</ns3:cad>
          </ns3:TrackPointExtension>
        </extensions>
      </trkpt>
      <trkpt lat="41.25491528771817684173583984375" lon="115.14893160201609134674072265625">
        <ele>1623.5999755859375</ele>
        <time>2026-06-13T04:02:04.000Z</time>
        <extensions>
          <ns3:TrackPointExtension>
            <ns3:hr>170</ns3:hr>
            <ns3:cad>0</ns3:cad>
          </ns3:TrackPointExtension>
        </extensions>
      </trkpt>
      <trkpt lat="41.25491528771817684173583984375" lon="115.14893160201609134674072265625">
        <ele>1623.5999755859375</ele>
        <time>2026-06-13T04:02:05.000Z</time>
        <extensions>
          <ns3:TrackPointExtension>
            <ns3:hr>170</ns3:hr>
            <ns3:cad>0</ns3:cad>
          </ns3:TrackPointExtension>
        </extensions>
      </trkpt>
      <trkpt lat="41.25491495244204998016357421875" lon="115.1489313505589962005615234375">
        <ele>1623.5999755859375</ele>
        <time>2026-06-13T04:02:06.000Z</time>
        <extensions>
          <ns3:TrackPointExtension>
            <ns3:hr>169</ns3:hr>
            <ns3:cad>0</ns3:cad>
          </ns3:TrackPointExtension>
        </extensions>
      </trkpt>
      <trkpt lat="41.25490824691951274871826171875" lon="115.1489266566932201385498046875">
        <ele>1623.4000244140625</ele>
        <time>2026-06-13T04:02:07.000Z</time>
        <extensions>
          <ns3:TrackPointExtension>
            <ns3:hr>168</ns3:hr>
            <ns3:cad>0</ns3:cad>
          </ns3:TrackPointExtension>
        </extensions>
      </trkpt>
    </trkseg>
  </trk>
</gpx>
